probe_index,sensor_id,task_name,old_top1_choice,new_top1_choice,top1_changed,old_sampled_choice,new_sampled_choice,sampled_changed,old_top1_prob,new_top1_prob,top1_prob_delta,decision_kl,decision_l1,old_local_prob,new_local_prob,old_BS1_prob,new_BS1_prob,old_BS2_prob,new_BS2_prob
0,S1,LatCrit,local,local,0,local,local,0,0.49922817945480347,0.39769887924194336,-0.10152930021286011,0.028156118467450142,0.2063693106174469,0.49922817945480347,0.39769887924194336,0.26228854060173035,0.3654731810092926,0.2384832799434662,0.23682790994644165
0,S1,ComHvy,local,BS2,1,local,BS1,1,0.5113093256950378,0.36603304743766785,-0.14527627825737,0.07953120023012161,0.36885619163513184,0.5113093256950378,0.3268812298774719,0.26500454545021057,0.30708572268486023,0.22368614375591278,0.36603304743766785
0,S1,BWHvy,local,BS1,1,BS1,BS1,0,0.4706738591194153,0.3965308964252472,-0.07414296269416809,0.04124291241168976,0.24958646297454834,0.4706738591194153,0.3489309549331665,0.271737664937973,0.3965308964252472,0.2575884759426117,0.2545381486415863
0,S2,LatCrit,local,local,0,local,BS2,1,0.5096600651741028,0.3589562177658081,-0.15070384740829468,0.05039043724536896,0.3014076352119446,0.5096600651741028,0.3589562177658081,0.2217281609773636,0.3261450231075287,0.2686117887496948,0.3148987293243408
0,S2,ComHvy,local,local,0,local,BS1,1,0.4989911913871765,0.36581212282180786,-0.13317906856536865,0.03684454411268234,0.2663581669330597,0.4989911913871765,0.36581212282180786,0.2654082775115967,0.3389296233654022,0.2356005311012268,0.2952582836151123
0,S2,BWHvy,local,BS1,1,BS1,BS1,0,0.4810486435890198,0.39460834860801697,-0.08644029498100281,0.06644664704799652,0.3414483964443207,0.4810486435890198,0.31032443046569824,0.26840275526046753,0.39460834860801697,0.2505486011505127,0.2950671911239624
0,S3,LatCrit,local,local,0,local,local,0,0.5279426574707031,0.3987043499946594,-0.1292383074760437,0.035106390714645386,0.2584766149520874,0.5279426574707031,0.3987043499946594,0.2543061673641205,0.3033377528190613,0.21775119006633759,0.2979578971862793
0,S3,ComHvy,local,BS1,1,local,BS1,1,0.4862384796142578,0.4024311900138855,-0.08380728960037231,0.042694978415966034,0.2800767719745636,0.4862384796142578,0.3462001085281372,0.29790762066841125,0.4024311900138855,0.21585386991500854,0.2513687014579773
0,S3,BWHvy,local,local,0,local,BS1,1,0.503341555595398,0.3823049068450928,-0.12103664875030518,0.031913019716739655,0.24207325279712677,0.503341555595398,0.3823049068450928,0.25636377930641174,0.34492409229278564,0.2402946799993515,0.2727709710597992
0,S4,LatCrit,local,local,0,local,local,0,0.5034530162811279,0.4167448878288269,-0.08670812845230103,0.016460608690977097,0.17341622710227966,0.5034530162811279,0.4167448878288269,0.2573850750923157,0.3226773738861084,0.2391619086265564,0.2605777084827423
0,S4,ComHvy,local,local,0,local,BS2,1,0.5086071491241455,0.355923593044281,-0.1526835560798645,0.04860804229974747,0.305367112159729,0.5086071491241455,0.355923593044281,0.2333602011203766,0.3034774959087372,0.2580326497554779,0.3405989110469818
0,S4,BWHvy,local,local,0,local,local,0,0.5371115207672119,0.4702425003051758,-0.06686902046203613,0.010276226326823235,0.1337379813194275,0.5371115207672119,0.4702425003051758,0.24163630604743958,0.2964721620082855,0.2212522029876709,0.2332853078842163
0,S5,LatCrit,local,BS1,1,local,BS1,1,0.49501222372055054,0.4010189175605774,-0.09399330615997314,0.10145917534828186,0.4163609445095062,0.49501222372055054,0.28683173656463623,0.24631480872631073,0.4010189175605774,0.25867295265197754,0.312149316072464
0,S5,ComHvy,local,local,0,local,BS2,1,0.5032742023468018,0.41838932037353516,-0.0848848819732666,0.01656685769557953,0.16976982355117798,0.5032742023468018,0.41838932037353516,0.2310887575149536,0.2449280023574829,0.26563701033592224,0.3366827070713043
0,S5,BWHvy,local,local,0,local,local,0,0.5358024835586548,0.3690338730812073,-0.1667686104774475,0.058578215539455414,0.3335372507572174,0.5358024835586548,0.3690338730812073,0.22695079445838928,0.3318234086036682,0.23724672198295593,0.2991427481174469
0,S6,LatCrit,local,local,0,local,local,0,0.49512845277786255,0.4951835870742798,5.513429641723633e-05,0.016175929456949234,0.12454044818878174,0.49512845277786255,0.4951835870742798,0.26568078994750977,0.3278959095478058,0.2391907125711441,0.17692051827907562
0,S6,ComHvy,local,local,0,BS2,BS2,0,0.5131915807723999,0.4144830107688904,-0.09870857000350952,0.020915120840072632,0.19741709530353546,0.5131915807723999,0.4144830107688904,0.2486177384853363,0.2787822484970093,0.23819072544574738,0.30673474073410034
0,S6,BWHvy,local,local,0,local,local,0,0.501865804195404,0.393839955329895,-0.10802584886550903,0.027690287679433823,0.21605165302753448,0.501865804195404,0.393839955329895,0.2530307471752167,0.3452160060405731,0.24510346353054047,0.2609440088272095
0,S7,LatCrit,local,local,0,local,BS1,1,0.49260663986206055,0.3752094507217407,-0.11739718914031982,0.03347231447696686,0.23479434847831726,0.49260663986206055,0.3752094507217407,0.26133301854133606,0.36519119143486023,0.24606037139892578,0.25959935784339905
0,S7,ComHvy,local,local,0,local,local,0,0.509476900100708,0.3777926564216614,-0.13168424367904663,0.03700922429561615,0.26336848735809326,0.509476900100708,0.3777926564216614,0.24760569632053375,0.29142531752586365,0.24291738867759705,0.330782026052475
0,S7,BWHvy,local,local,0,BS1,BS1,0,0.4931354522705078,0.37853801250457764,-0.11459743976593018,0.027445457875728607,0.22919487953186035,0.4931354522705078,0.37853801250457764,0.2502553164958954,0.31824803352355957,0.2566092312335968,0.3032139539718628
0,S8,LatCrit,local,local,0,local,BS1,1,0.4738994240760803,0.36392611265182495,-0.10997331142425537,0.031142283231019974,0.21994662284851074,0.4738994240760803,0.36392611265182495,0.2566542327404022,0.3576796352863312,0.26944634318351746,0.27839425206184387
0,S8,ComHvy,local,BS1,1,local,local,0,0.495478093624115,0.37573593854904175,-0.11974215507507324,0.044448308646678925,0.27635765075683594,0.495478093624115,0.357299268245697,0.26124438643455505,0.37573593854904175,0.24327753484249115,0.26696479320526123
0,S8,BWHvy,local,local,0,local,local,0,0.5181541442871094,0.41350042819976807,-0.10465371608734131,0.027540268376469612,0.20930741727352142,0.5181541442871094,0.41350042819976807,0.2166089564561844,0.3072988986968994,0.26523688435554504,0.27920064330101013
1,S1,LatCrit,local,local,0,local,local,0,0.5104324817657471,0.6469057202339172,0.13647323846817017,0.041007187217473984,0.27294647693634033,0.5104324817657471,0.6469057202339172,0.25763171911239624,0.16999639570713043,0.2319357991218567,0.18309786915779114
1,S1,ComHvy,local,local,0,local,local,0,0.5117889046669006,0.5860257744789124,0.07423686981201172,0.01199827715754509,0.14847376942634583,0.5117889046669006,0.5860257744789124,0.26355308294296265,0.2351941466331482,0.22465801239013672,0.17878004908561707
1,S1,BWHvy,local,local,0,local,local,0,0.4756200313568115,0.519520103931427,0.04390007257461548,0.004854550585150719,0.08780011534690857,0.4756200313568115,0.519520103931427,0.2662931978702545,0.229183167219162,0.2580867409706116,0.251296728849411
1,S2,LatCrit,local,local,0,local,local,0,0.492784321308136,0.5560292601585388,0.06324493885040283,0.013437861576676369,0.12648986279964447,0.492784321308136,0.5560292601585388,0.22940972447395325,0.16905377805233002,0.27780595421791077,0.27491697669029236
1,S2,ComHvy,local,local,0,local,local,0,0.49291884899139404,0.5720765590667725,0.07915771007537842,0.03356444090604782,0.2055971920490265,0.49291884899139404,0.5720765590667725,0.2690972089767456,0.16629864275455475,0.23798392713069916,0.26162484288215637
1,S2,BWHvy,local,local,0,local,local,0,0.48266351222991943,0.5714312195777893,0.08876770734786987,0.015979591757059097,0.17753541469573975,0.48266351222991943,0.5714312195777893,0.2672349214553833,0.22515477240085602,0.25010156631469727,0.20341400802135468
1,S3,LatCrit,local,local,0,local,local,0,0.5219098329544067,0.5881931781768799,0.06628334522247314,0.011061717756092548,0.13256675004959106,0.5219098329544067,0.5881931781768799,0.25884315371513367,0.2036254107952118,0.21924705803394318,0.20818139612674713
1,S3,ComHvy,local,local,0,local,local,0,0.495344340801239,0.5210285782814026,0.025684237480163574,0.008554775267839432,0.11011078953742981,0.495344340801239,0.5210285782814026,0.28578588366508484,0.23073048889636993,0.21886979043483734,0.24824094772338867
1,S3,BWHvy,local,local,0,local,local,0,0.49881047010421753,0.6095914840698242,0.11078101396560669,0.026050906628370285,0.22156202793121338,0.49881047010421753,0.6095914840698242,0.25539788603782654,0.18724223971366882,0.24579167366027832,0.20316630601882935
1,S4,LatCrit,local,local,0,local,local,0,0.5174847841262817,0.6143074035644531,0.09682261943817139,0.020884007215499878,0.19364522397518158,0.5174847841262817,0.6143074035644531,0.2476174533367157,0.18237783014774323,0.23489776253700256,0.20331478118896484
1,S4,ComHvy,local,local,0,local,local,0,0.5246546268463135,0.6083934307098389,0.08373880386352539,0.02411057986319065,0.1674775779247284,0.5246546268463135,0.6083934307098389,0.22573205828666687,0.14714670181274414,0.24961328506469727,0.244459867477417
1,S4,BWHvy,local,local,0,BS1,local,1,0.5412626266479492,0.623406171798706,0.08214354515075684,0.01636110618710518,0.16428709030151367,0.5412626266479492,0.623406171798706,0.2377263754606247,0.17621716856956482,0.22101101279258728,0.20037667453289032
1,S5,LatCrit,local,local,0,local,local,0,0.49878066778182983,0.5387723445892334,0.039991676807403564,0.0033046193420886993,0.07998333871364594,0.49878066778182983,0.5387723445892334,0.24237748980522156,0.22756411135196686,0.2588418424129486,0.23366355895996094
1,S5,ComHvy,local,local,0,local,local,0,0.5008035898208618,0.5954395532608032,0.0946359634399414,0.022121014073491096,0.18927191197872162,0.5008035898208618,0.5954395532608032,0.23150944709777832,0.16273808479309082,0.2676869332790375,0.24182234704494476
1,S5,BWHvy,local,local,0,local,local,0,0.5451716780662537,0.6216158866882324,0.07644420862197876,0.013637831434607506,0.15288838744163513,0.5451716780662537,0.6216158866882324,0.21897608041763306,0.16695930063724518,0.23585224151611328,0.2114248424768448
1,S6,LatCrit,local,local,0,BS1,local,1,0.49754035472869873,0.6112244725227356,0.11368411779403687,0.032924454659223557,0.22736826539039612,0.49754035472869873,0.6112244725227356,0.26022571325302124,0.17036259174346924,0.24223396182060242,0.21841293573379517
1,S6,ComHvy,local,local,0,BS2,local,1,0.5056008100509644,0.6349811553955078,0.12938034534454346,0.04465848580002785,0.2587606906890869,0.5056008100509644,0.6349811553955078,0.24643421173095703,0.1458684504032135,0.2479650229215622,0.21915042400360107
1,S6,BWHvy,local,local,0,local,local,0,0.5116691589355469,0.5709123015403748,0.05924314260482788,0.00950394943356514,0.11848635971546173,0.5116691589355469,0.5709123015403748,0.24778899550437927,0.2389420121908188,0.24054190516471863,0.19014567136764526
1,S7,LatCrit,local,local,0,local,local,0,0.47417324781417847,0.538619339466095,0.0644460916519165,0.0141580356284976,0.13387055695056915,0.47417324781417847,0.538619339466095,0.266914039850235,0.1999787539243698,0.25891271233558655,0.261401891708374
1,S7,ComHvy,local,local,0,local,local,0,0.5088706016540527,0.6077182292938232,0.09884762763977051,0.021803580224514008,0.19769525527954102,0.5088706016540527,0.6077182292938232,0.24917395412921906,0.18240395188331604,0.2419554442167282,0.20987781882286072
1,S7,BWHvy,local,local,0,local,local,0,0.5033232569694519,0.6820621490478516,0.17873889207839966,0.06861260533332825,0.3574777841567993,0.5033232569694519,0.6820621490478516,0.24000531435012817,0.15449805557727814,0.2566714286804199,0.1634397953748703
1,S8,LatCrit,local,local,0,BS2,BS2,0,0.4661017060279846,0.5606861114501953,0.0945844054222107,0.018043849617242813,0.1891687512397766,0.4661017060279846,0.5606861114501953,0.2645430564880371,0.2145470529794693,0.2693552076816559,0.22476686537265778
1,S8,ComHvy,local,local,0,local,local,0,0.48852378129959106,0.6105523705482483,0.12202858924865723,0.031220819801092148,0.24405720829963684,0.48852378129959106,0.6105523705482483,0.2517416179180145,0.18124958872795105,0.2597346305847168,0.20819804072380066
1,S8,BWHvy,local,local,0,local,local,0,0.5179797410964966,0.5970134735107422,0.0790337324142456,0.012844692915678024,0.1580675095319748,0.5179797410964966,0.5970134735107422,0.21750636398792267,0.17824052274227142,0.26451393961906433,0.2247460037469864
2,S1,LatCrit,local,local,0,local,local,0,0.5012267827987671,0.5481987595558167,0.04697197675704956,0.004704244434833527,0.09394395351409912,0.5012267827987671,0.5481987595558167,0.25601375102996826,0.2393348067998886,0.24275948107242584,0.21246644854545593
2,S1,ComHvy,local,local,0,local,local,0,0.5210236310958862,0.5279028415679932,0.006879210472106934,0.006720039993524551,0.08577346801757812,0.5210236310958862,0.5279028415679932,0.2566660940647125,0.21377934515476227,0.22231028974056244,0.2583177983760834
2,S1,BWHvy,local,local,0,local,local,0,0.47334516048431396,0.4892917275428772,0.015946567058563232,0.005551740527153015,0.08604989945888519,0.47334516048431396,0.4892917275428772,0.2660143971443176,0.2930927872657776,0.2606404423713684,0.2176155000925064
2,S2,LatCrit,local,local,0,local,local,0,0.5016496181488037,0.4899671673774719,-0.011682450771331787,0.010937146842479706,0.1154489517211914,0.5016496181488037,0.4899671673774719,0.2274348884820938,0.18139289319515228,0.2709154486656189,0.328639954328537
2,S2,ComHvy,local,local,0,local,local,0,0.5107424855232239,0.5574452877044678,0.046702802181243896,0.016672462224960327,0.1464301198720932,0.5107424855232239,0.5574452877044678,0.25205299258232117,0.17883792519569397,0.23720450699329376,0.26371675729751587
2,S2,BWHvy,local,local,0,local,local,0,0.49204689264297485,0.5377174019813538,0.045670509338378906,0.01127089187502861,0.11992569267749786,0.49204689264297485,0.5377174019813538,0.26507461071014404,0.27936694025993347,0.2428785115480423,0.18291565775871277
2,S3,LatCrit,local,local,0,local,local,0,0.5165919065475464,0.5070112943649292,-0.009580612182617188,0.003233330324292183,0.06421248614788055,0.5165919065475464,0.5070112943649292,0.2599926292896271,0.2374669909477234,0.22341547906398773,0.2555217146873474
2,S3,ComHvy,local,local,0,local,local,0,0.47733867168426514,0.4019342064857483,-0.07540446519851685,0.018358446657657623,0.15838757157325745,0.47733867168426514,0.4019342064857483,0.3053213357925415,0.3015320301055908,0.21733996272087097,0.2965337634086609
2,S3,BWHvy,local,local,0,local,local,0,0.5137866735458374,0.6027151346206665,0.0889284610748291,0.017766814678907394,0.1778569221496582,0.5137866735458374,0.6027151346206665,0.25159716606140137,0.2214973419904709,0.23461616039276123,0.1757875233888626
2,S4,LatCrit,local,local,0,local,local,0,0.48896604776382446,0.49503087997436523,0.0060648322105407715,9.439559653401375e-05,0.012129664421081543,0.48896604776382446,0.49503087997436523,0.2602136731147766,0.2594059705734253,0.2508202791213989,0.24556314945220947
2,S4,ComHvy,local,local,0,local,local,0,0.5264993906021118,0.5391742587089539,0.012674868106842041,0.009883873164653778,0.10290080308914185,0.5264993906021118,0.5391742587089539,0.22416390478610992,0.1727135330438614,0.24933665990829468,0.28811222314834595
2,S4,BWHvy,local,local,0,local,local,0,0.5376155376434326,0.5548895597457886,0.017274022102355957,0.0009282175451517105,0.035053402185440063,0.5376155376434326,0.5548895597457886,0.24574990570545197,0.22822321951389313,0.21663451194763184,0.2168872058391571
2,S5,LatCrit,local,local,0,local,local,0,0.5299253463745117,0.5697862505912781,0.03986090421676636,0.003578120842576027,0.07972179353237152,0.5299253463745117,0.5697862505912781,0.22942160069942474,0.21836276352405548,0.24065303802490234,0.21185098588466644
2,S5,ComHvy,local,local,0,local,local,0,0.49261683225631714,0.4972206950187683,0.004603862762451172,0.01714760810136795,0.13153304159641266,0.49261683225631714,0.4972206950187683,0.24132545292377472,0.1755589246749878,0.26605769991874695,0.3272203505039215
2,S5,BWHvy,local,local,0,local,local,0,0.547760009765625,0.5642573237419128,0.016497313976287842,0.0005587968043982983,0.03299464285373688,0.547760009765625,0.5642573237419128,0.2192671298980713,0.21007393300533295,0.23297284543514252,0.22566871345043182
2,S6,LatCrit,local,local,0,local,local,0,0.4844786524772644,0.49641120433807373,0.011932551860809326,0.00500870868563652,0.07930952310562134,0.4844786524772644,0.49641120433807373,0.26437583565711975,0.2920980453491211,0.25114551186561584,0.21149075031280518
2,S6,ComHvy,local,local,0,local,local,0,0.510250449180603,0.5506604909896851,0.04041004180908203,0.022651519626379013,0.16317720711231232,0.510250449180603,0.5506604909896851,0.24055659770965576,0.1589680165052414,0.24919289350509644,0.29037147760391235
2,S6,BWHvy,local,local,0,local,local,0,0.49175798892974854,0.46170294284820557,-0.03005504608154297,0.011851459741592407,0.1361272633075714,0.49175798892974854,0.46170294284820557,0.2562541365623474,0.3243177533149719,0.25198790431022644,0.2139793038368225
2,S7,LatCrit,local,local,0,local,local,0,0.4888073205947876,0.5202117562294006,0.03140443563461304,0.0020803185179829597,0.06280888617038727,0.4888073205947876,0.5202117562294006,0.2625565230846405,0.2415267527103424,0.2486361861228943,0.23826150596141815
2,S7,ComHvy,local,local,0,local,local,0,0.520470380783081,0.5262116193771362,0.005741238594055176,0.004019103944301605,0.06634551286697388,0.520470380783081,0.5262116193771362,0.24018236994743347,0.20700961351394653,0.23934724926948547,0.26677876710891724
2,S7,BWHvy,local,local,0,local,local,0,0.4891386032104492,0.49893200397491455,0.009793400764465332,0.0002302303910255432,0.019586816430091858,0.4891386032104492,0.49893200397491455,0.25079411268234253,0.24905724823474884,0.26006731390953064,0.2520107626914978
2,S8,LatCrit,local,local,0,local,local,0,0.47732192277908325,0.5778659582138062,0.1005440354347229,0.026520423591136932,0.20108814537525177,0.47732192277908325,0.5778659582138062,0.2569275498390198,0.23959927260875702,0.26575055718421936,0.18253472447395325
2,S8,ComHvy,local,local,0,local,local,0,0.4682363271713257,0.48343729972839355,0.015200972557067871,0.0019469065591692924,0.05385252833366394,0.4682363271713257,0.48343729972839355,0.2676697075366974,0.2407434582710266,0.26409393548965454,0.27581924200057983
2,S8,BWHvy,local,local,0,local,local,0,0.5190252065658569,0.4968414902687073,-0.022183716297149658,0.010088222101330757,0.11808212101459503,0.5190252065658569,0.4968414902687073,0.22123324871063232,0.28027430176734924,0.25974154472351074,0.2228841930627823
3,S1,LatCrit,local,local,0,local,local,0,0.509803295135498,0.5265752077102661,0.016771912574768066,0.006807683035731316,0.09318268299102783,0.509803295135498,0.5265752077102661,0.2595002055168152,0.21290887892246246,0.23069648444652557,0.2605159282684326
3,S1,ComHvy,local,local,0,local,BS1,1,0.5123944282531738,0.4268453121185303,-0.08554911613464355,0.020944811403751373,0.18011842668056488,0.5123944282531738,0.4268453121185303,0.2570713758468628,0.34713056683540344,0.23053422570228577,0.2260241061449051
3,S1,BWHvy,local,local,0,BS2,BS2,0,0.46274322271347046,0.38179105520248413,-0.08095216751098633,0.017917543649673462,0.16190436482429504,0.46274322271347046,0.38179105520248413,0.2704888582229614,0.27210670709609985,0.2667679190635681,0.3461022675037384
3,S2,LatCrit,local,BS2,1,local,local,0,0.49655812978744507,0.40606486797332764,-0.09049326181411743,0.03652656078338623,0.2571861147880554,0.49655812978744507,0.3970308303833008,0.2259700447320938,0.19690430164337158,0.2774718105792999,0.40606486797332764
3,S2,ComHvy,local,local,0,local,local,0,0.49989795684814453,0.4834344983100891,-0.01646345853805542,0.0071548037230968475,0.09968699514865875,0.49989795684814453,0.4834344983100891,0.256684809923172,0.22330476343631744,0.24341723322868347,0.29326072335243225
3,S2,BWHvy,local,local,0,local,local,0,0.4820316433906555,0.3945302367210388,-0.0875014066696167,0.01571996882557869,0.1750028133392334,0.4820316433906555,0.3945302367210388,0.26959359645843506,0.31721583008766174,0.24837476015090942,0.28825393319129944
3,S3,LatCrit,local,local,0,local,local,0,0.5067473649978638,0.3973708748817444,-0.10937649011611938,0.02535831928253174,0.218752920627594,0.5067473649978638,0.3973708748817444,0.2704158127307892,0.3118543028831482,0.22283685207366943,0.29077479243278503
3,S3,ComHvy,local,local,0,local,local,0,0.479320764541626,0.3798345923423767,-0.09948617219924927,0.024289622902870178,0.19897231459617615,0.479320764541626,0.3798345923423767,0.3002646267414093,0.3201654553413391,0.2204146385192871,0.2999999523162842
3,S3,BWHvy,local,local,0,local,local,0,0.5140838623046875,0.5139484405517578,-0.0001354217529296875,0.006251923739910126,0.07770657539367676,0.5140838623046875,0.5139484405517578,0.24616160988807678,0.20744378864765167,0.23975448310375214,0.2786078155040741
3,S4,LatCrit,local,local,0,local,local,0,0.5094764232635498,0.4971587657928467,-0.012317657470703125,0.005535498261451721,0.08523669838905334,0.5094764232635498,0.4971587657928467,0.2507335841655731,0.22043290734291077,0.2397899329662323,0.28240829706192017
3,S4,ComHvy,local,local,0,local,local,0,0.5038184523582458,0.4133601188659668,-0.09045833349227905,0.018546342849731445,0.1809166520833969,0.5038184523582458,0.4133601188659668,0.24135874211788177,0.2595410943031311,0.25482282042503357,0.3270987868309021
3,S4,BWHvy,local,local,0,local,local,0,0.5247613787651062,0.4544179439544678,-0.07034343481063843,0.011246263980865479,0.14068688452243805,0.5247613787651062,0.4544179439544678,0.24384410679340363,0.25961872935295105,0.23139449954032898,0.2859633266925812
3,S5,LatCrit,local,local,0,local,local,0,0.5110787153244019,0.40515851974487305,-0.10592019557952881,0.031147420406341553,0.22047686576843262,0.5110787153244019,0.40515851974487305,0.22880223393440247,0.22448399662971497,0.2601190209388733,0.3703574538230896
3,S5,ComHvy,local,local,0,local,local,0,0.5130677223205566,0.531396746635437,0.01832902431488037,0.0010070718126371503,0.03665803372859955,0.5130677223205566,0.531396746635437,0.22608152031898499,0.20894096791744232,0.2608507573604584,0.25966230034828186
3,S5,BWHvy,local,local,0,local,local,0,0.5511165857315063,0.4815640449523926,-0.06955254077911377,0.010146010667085648,0.13910506665706635,0.5511165857315063,0.4815640449523926,0.21084043383598328,0.23182861506938934,0.23804301023483276,0.2866073548793793
3,S6,LatCrit,local,local,0,local,local,0,0.4934096932411194,0.5006859302520752,0.0072762370109558105,0.006005462259054184,0.0836315006017685,0.4934096932411194,0.5006859302520752,0.264617919921875,0.22280217707157135,0.24197238683700562,0.27651190757751465
3,S6,ComHvy,local,local,0,local,local,0,0.5070955753326416,0.42928367853164673,-0.07781189680099487,0.013994607143104076,0.15562382340431213,0.5070955753326416,0.42928367853164673,0.25244060158729553,0.31639331579208374,0.24046379327774048,0.25432300567626953
3,S6,BWHvy,local,local,0,local,BS1,1,0.5002286434173584,0.4761272072792053,-0.024101436138153076,0.001516495132818818,0.048202887177467346,0.5002286434173584,0.4761272072792053,0.25385987758636475,0.27594491839408875,0.24591147899627686,0.24792788922786713
3,S7,LatCrit,local,local,0,local,local,0,0.4978298544883728,0.47912484407424927,-0.018705010414123535,0.005892578512430191,0.09299638867378235,0.4978298544883728,0.47912484407424927,0.25571009516716003,0.2279169112443924,0.24646006524562836,0.29295825958251953
3,S7,ComHvy,local,local,0,local,local,0,0.5165203809738159,0.4347430467605591,-0.08177733421325684,0.013485576957464218,0.16355463862419128,0.5165203809738159,0.4347430467605591,0.24345873296260834,0.28665053844451904,0.24002091586589813,0.2786064147949219
3,S7,BWHvy,local,local,0,local,BS2,1,0.4854571223258972,0.4439582824707031,-0.04149883985519409,0.009029064327478409,0.12333019077777863,0.4854571223258972,0.4439582824707031,0.25306010246276855,0.23289383947849274,0.2614828050136566,0.32314789295196533
3,S8,LatCrit,local,local,0,local,local,0,0.4746708869934082,0.44730645418167114,-0.02736443281173706,0.008123349398374557,0.11467216908931732,0.4746708869934082,0.44730645418167114,0.26039376854896545,0.23042209446430206,0.26493537425994873,0.3222714364528656
3,S8,ComHvy,local,local,0,local,BS2,1,0.4785541296005249,0.3892611265182495,-0.08929300308227539,0.016410648822784424,0.1785859763622284,0.4785541296005249,0.3892611265182495,0.26114076375961304,0.30502939224243164,0.26030513644218445,0.30570948123931885
3,S8,BWHvy,local,local,0,local,BS2,1,0.5114380121231079,0.43110913038253784,-0.08032888174057007,0.014809053391218185,0.16065773367881775,0.5114380121231079,0.43110913038253784,0.21883994340896606,0.23077920079231262,0.2697220742702484,0.33811166882514954
4,S1,LatCrit,local,local,0,BS1,BS1,0,0.49940967559814453,0.47461163997650146,-0.024798035621643066,0.0014462899416685104,0.04959607124328613,0.49940967559814453,0.47461163997650146,0.2662980854511261,0.2718023359775543,0.23429223895072937,0.2535860240459442
4,S1,ComHvy,local,local,0,local,BS1,1,0.5140671133995056,0.3849591612815857,-0.12910795211791992,0.034231871366500854,0.25821590423583984,0.5140671133995056,0.3849591612815857,0.25674712657928467,0.32057031989097595,0.2291857749223709,0.29447051882743835
4,S1,BWHvy,local,local,0,local,BS2,1,0.4799766540527344,0.39083927869796753,-0.08913737535476685,0.016641926020383835,0.1782747507095337,0.4799766540527344,0.39083927869796753,0.26581627130508423,0.3218364119529724,0.2542070746421814,0.28732430934906006
4,S2,LatCrit,local,BS2,1,local,BS2,1,0.4968089461326599,0.45707830786705017,-0.03973063826560974,0.06901304423809052,0.3491555154323578,0.4968089461326599,0.3457872271537781,0.2206905037164688,0.19713447988033295,0.2825005352497101,0.45707830786705017
4,S2,ComHvy,local,local,0,local,local,0,0.48856908082962036,0.3977532386779785,-0.09081584215164185,0.02412445843219757,0.18792322278022766,0.48856908082962036,0.3977532386779785,0.26685619354248047,0.2637104094028473,0.24457472562789917,0.3385363221168518
4,S2,BWHvy,local,local,0,local,BS1,1,0.4820247292518616,0.3638760447502136,-0.11814868450164795,0.031732991337776184,0.2362973988056183,0.4820247292518616,0.3638760447502136,0.2645288407802582,0.3567395806312561,0.25344642996788025,0.27938440442085266
4,S3,LatCrit,local,local,0,local,BS2,1,0.5102382302284241,0.4011651277542114,-0.10907310247421265,0.027113132178783417,0.2181461900472641,0.5102382302284241,0.4011651277542114,0.27015939354896545,0.2979186177253723,0.21960242092609406,0.30091628432273865
4,S3,ComHvy,local,local,0,local,local,0,0.49003875255584717,0.3680383563041687,-0.12200039625167847,0.03306220471858978,0.24400079250335693,0.49003875255584717,0.3680383563041687,0.29806944727897644,0.34054678678512573,0.21189182996749878,0.29141488671302795
4,S3,BWHvy,local,local,0,local,local,0,0.5055316686630249,0.48964250087738037,-0.01588916778564453,0.0007315315306186676,0.03177833557128906,0.5055316686630249,0.48964250087738037,0.25367996096611023,0.25410857796669006,0.24078837037086487,0.25624892115592957
4,S4,LatCrit,local,local,0,local,local,0,0.4980925917625427,0.4685072898864746,-0.029585301876068115,0.003059275448322296,0.06743474304676056,0.4980925917625427,0.4685072898864746,0.2547883987426758,0.2506563365459442,0.2471190243959427,0.28083640336990356
4,S4,ComHvy,local,local,0,local,local,0,0.5083469152450562,0.3859185576438904,-0.12242835760116577,0.032577186822891235,0.24485662579536438,0.5083469152450562,0.3859185576438904,0.24098935723304749,0.27459532022476196,0.25066375732421875,0.3394860625267029
4,S4,BWHvy,local,local,0,local,BS2,1,0.5286072492599487,0.4169502854347229,-0.11165696382522583,0.02521844580769539,0.22331389784812927,0.5286072492599487,0.4169502854347229,0.24437381327152252,0.3019762933254242,0.22701896727085114,0.2810734212398529
4,S5,LatCrit,local,local,0,local,local,0,0.521198034286499,0.4404057264328003,-0.08079230785369873,0.016400665044784546,0.16158466041088104,0.521198034286499,0.4404057264328003,0.22724391520023346,0.23316755890846252,0.25155800580978394,0.3264267146587372
4,S5,ComHvy,local,local,0,local,local,0,0.4981124997138977,0.4609619379043579,-0.037150561809539795,0.0076562948524951935,0.11352021992206573,0.4981124997138977,0.4609619379043579,0.2375115156173706,0.21790196001529694,0.2643759846687317,0.32113608717918396
4,S5,BWHvy,local,local,0,local,local,0,0.5514423251152039,0.46937811374664307,-0.08206421136856079,0.01350492611527443,0.16412846744060516,0.5514423251152039,0.46937811374664307,0.21317067742347717,0.24999983608722687,0.23538699746131897,0.28062209486961365
4,S6,LatCrit,local,local,0,local,local,0,0.48868316411972046,0.43894338607788086,-0.0497397780418396,0.00516833271831274,0.099479541182518,0.48868316411972046,0.43894338607788086,0.2711123824119568,0.3048628866672516,0.24020446836948395,0.25619372725486755
4,S6,ComHvy,local,local,0,local,local,0,0.5043474435806274,0.40294206142425537,-0.10140538215637207,0.02495080977678299,0.20281082391738892,0.5043474435806274,0.40294206142425537,0.2484813928604126,0.261540949344635,0.24717113375663757,0.335517019033432
4,S6,BWHvy,local,local,0,local,local,0,0.49340182542800903,0.43122315406799316,-0.06217867136001587,0.011659124866127968,0.13157954812049866,0.49340182542800903,0.43122315406799316,0.2513565719127655,0.317146360874176,0.25524160265922546,0.2516305148601532
4,S7,LatCrit,local,local,0,local,local,0,0.4853358268737793,0.44066256284713745,-0.044673264026641846,0.0063503943383693695,0.09786656498908997,0.4853358268737793,0.44066256284713745,0.2564410865306854,0.2521810531616211,0.25822311639785767,0.30715638399124146
4,S7,ComHvy,local,local,0,local,local,0,0.5134704113006592,0.4304913282394409,-0.08297908306121826,0.015001453459262848,0.16595815122127533,0.5134704113006592,0.4304913282394409,0.2447580099105835,0.26727285981178284,0.24177159368991852,0.30223581194877625
4,S7,BWHvy,local,local,0,local,local,0,0.4804788827896118,0.41046422719955444,-0.07001465559005737,0.010927867144346237,0.14002928137779236,0.4804788827896118,0.41046422719955444,0.2549661695957184,0.2716551423072815,0.2645549774169922,0.31788063049316406
4,S8,LatCrit,local,local,0,local,BS2,1,0.480834424495697,0.4405764937400818,-0.040257930755615234,0.0034284209832549095,0.08051586151123047,0.480834424495697,0.4405764937400818,0.2583092451095581,0.2852421998977661,0.2608563303947449,0.2741813063621521
4,S8,ComHvy,local,BS2,1,local,local,0,0.46346616744995117,0.391588032245636,-0.07187813520431519,0.05746164917945862,0.31441518664360046,0.46346616744995117,0.30625855922698975,0.2633843719959259,0.30215340852737427,0.2731494903564453,0.391588032245636
4,S8,BWHvy,local,local,0,local,local,0,0.5066651105880737,0.41124624013900757,-0.09541887044906616,0.02243124321103096,0.19083774089813232,0.5066651105880737,0.41124624013900757,0.22557640075683594,0.3064075708389282,0.2677585184574127,0.2823462188243866
5,S1,LatCrit,local,local,0,local,local,0,0.4979025721549988,0.4473148584365845,-0.05058771371841431,0.005289055407047272,0.10117544233798981,0.4979025721549988,0.4473148584365845,0.2613610029220581,0.2811373472213745,0.24073641002178192,0.271547794342041
5,S1,ComHvy,local,BS1,1,local,BS1,1,0.49978071451187134,0.41513246297836304,-0.0846482515335083,0.07181823253631592,0.3541315793991089,0.49978071451187134,0.3227149248123169,0.2725312113761902,0.41513246297836304,0.22768808901309967,0.26215261220932007
5,S1,BWHvy,local,local,0,local,BS2,1,0.4741196632385254,0.3428434729576111,-0.1312761902809143,0.036891870200634,0.2625524401664734,0.4741196632385254,0.3428434729576111,0.2677503526210785,0.32208698987960815,0.25812995433807373,0.33506956696510315
5,S2,LatCrit,local,BS2,1,local,local,0,0.48905807733535767,0.36216044425964355,-0.1268976330757141,0.04791130870580673,0.3008507192134857,0.48905807733535767,0.3386327028274536,0.23162227869033813,0.29920685291290283,0.2793196737766266,0.36216044425964355
5,S2,ComHvy,local,local,0,local,BS1,1,0.4952816963195801,0.4263877272605896,-0.06889396905899048,0.010819558054208755,0.13778793811798096,0.4952816963195801,0.4263877272605896,0.25774306058883667,0.2730104625225067,0.24697524309158325,0.3006018102169037
5,S2,BWHvy,local,local,0,local,local,0,0.4764840006828308,0.35268497467041016,-0.12379902601242065,0.03259028494358063,0.2475980818271637,0.4764840006828308,0.35268497467041016,0.26790937781333923,0.34325528144836426,0.25560662150382996,0.304059773683548
5,S3,LatCrit,local,local,0,local,BS1,1,0.5196609497070312,0.3644496202468872,-0.15521132946014404,0.05508970469236374,0.3104226589202881,0.5196609497070312,0.3644496202468872,0.2589762210845947,0.2958719730377197,0.22136281430721283,0.33967840671539307
5,S3,ComHvy,local,local,0,local,local,0,0.500177264213562,0.3947288393974304,-0.10544842481613159,0.024154074490070343,0.21089684963226318,0.500177264213562,0.3947288393974304,0.2870933711528778,0.3250620365142822,0.21272939443588257,0.28020915389060974
5,S3,BWHvy,local,local,0,local,local,0,0.4904934763908386,0.3896549344062805,-0.1008385419845581,0.021745622158050537,0.2016770988702774,0.4904934763908386,0.3896549344062805,0.26248225569725037,0.3321795165538788,0.24702425301074982,0.2781655490398407
5,S4,LatCrit,local,local,0,local,local,0,0.498512327671051,0.4354700446128845,-0.0630422830581665,0.008020903915166855,0.1260845810174942,0.498512327671051,0.4354700446128845,0.25974419713020325,0.2935544550418854,0.24174349009990692,0.2709755301475525
5,S4,ComHvy,local,local,0,local,BS1,1,0.5106371641159058,0.3750118613243103,-0.13562530279159546,0.038264863193035126,0.2712506055831909,0.5106371641159058,0.3750118613243103,0.24350109696388245,0.3226737082004547,0.2458617389202118,0.302314430475235
5,S4,BWHvy,local,local,0,local,local,0,0.5367996096611023,0.464897096157074,-0.07190251350402832,0.013797316700220108,0.14380505681037903,0.5367996096611023,0.464897096157074,0.24903659522533417,0.3198923170566559,0.21416378021240234,0.21521060168743134
5,S5,LatCrit,local,local,0,local,local,0,0.5195478200912476,0.39409059286117554,-0.12545722723007202,0.03476731479167938,0.2509145140647888,0.5195478200912476,0.39409059286117554,0.22905777394771576,0.2573235034942627,0.2513943612575531,0.34858590364456177
5,S5,ComHvy,local,local,0,local,local,0,0.4932689070701599,0.44564634561538696,-0.04762256145477295,0.004827672615647316,0.09524516761302948,0.4932689070701599,0.44564634561538696,0.2314496487379074,0.2621041238307953,0.2752813994884491,0.29224953055381775
5,S5,BWHvy,local,local,0,local,local,0,0.5432782769203186,0.4124071002006531,-0.13087117671966553,0.03778829425573349,0.26174238324165344,0.5432782769203186,0.4124071002006531,0.2286354899406433,0.32842811942100525,0.22808623313903809,0.25916481018066406
5,S6,LatCrit,local,local,0,local,local,0,0.483360230922699,0.4204917550086975,-0.06286847591400146,0.008126113563776016,0.12573695182800293,0.483360230922699,0.4204917550086975,0.2628151774406433,0.3006023168563843,0.2538245916366577,0.2789059281349182
5,S6,ComHvy,local,local,0,local,local,0,0.5145529508590698,0.4343653917312622,-0.08018755912780762,0.013190772384405136,0.16037508845329285,0.5145529508590698,0.4343653917312622,0.23940658569335938,0.2701902389526367,0.2460404932498932,0.2954443693161011
5,S6,BWHvy,local,local,0,local,BS2,1,0.49639779329299927,0.34908396005630493,-0.14731383323669434,0.04555258899927139,0.29462766647338867,0.49639779329299927,0.34908396005630493,0.24575018882751465,0.31563523411750793,0.2578519880771637,0.33528077602386475
5,S7,LatCrit,local,local,0,local,local,0,0.4848078489303589,0.4241442084312439,-0.06066364049911499,0.008087103255093098,0.12132728099822998,0.4848078489303589,0.4241442084312439,0.258868545293808,0.3035585582256317,0.25632360577583313,0.2722972333431244
5,S7,ComHvy,local,local,0,local,local,0,0.5084396600723267,0.4008958339691162,-0.10754382610321045,0.023575007915496826,0.2150876224040985,0.5084396600723267,0.4008958339691162,0.24466852843761444,0.29725825786590576,0.2468918114900589,0.30184587836265564
5,S7,BWHvy,local,local,0,local,BS2,1,0.48337334394454956,0.3468915820121765,-0.13648176193237305,0.039639100432395935,0.2729635536670685,0.48337334394454956,0.3468915820121765,0.2613220512866974,0.3179019093513489,0.25530460476875305,0.335206538438797
5,S8,LatCrit,local,local,0,local,BS1,1,0.4923267960548401,0.4016580581665039,-0.09066873788833618,0.016865767538547516,0.18133746087551117,0.4923267960548401,0.4016580581665039,0.24991948902606964,0.29986023902893066,0.2577537000179291,0.29848167300224304
5,S8,ComHvy,local,local,0,local,BS1,1,0.48041266202926636,0.35745149850845337,-0.12296116352081299,0.0327896848320961,0.24592238664627075,0.48041266202926636,0.35745149850845337,0.2556912899017334,0.3373028039932251,0.26389604806900024,0.3052457571029663
5,S8,BWHvy,local,local,0,local,local,0,0.5124728679656982,0.38377952575683594,-0.1286933422088623,0.03406573086977005,0.2573867440223694,0.5124728679656982,0.38377952575683594,0.21614764630794525,0.2677837312221527,0.2713794410228729,0.34843674302101135
6,S1,LatCrit,local,local,0,BS1,BS1,0,0.48758435249328613,0.443819522857666,-0.04376482963562012,0.01383131742477417,0.15027759969234467,0.48758435249328613,0.443819522857666,0.27293291687965393,0.24155892431735992,0.23948276042938232,0.31462153792381287
6,S1,ComHvy,local,local,0,local,BS1,1,0.5084810853004456,0.4163056015968323,-0.09217548370361328,0.038886185735464096,0.26659226417541504,0.5084810853004456,0.4163056015968323,0.26925376057624817,0.4025498926639557,0.22226515412330627,0.18114450573921204
6,S1,BWHvy,local,local,0,BS1,BS2,1,0.484366238117218,0.4160275459289551,-0.06833869218826294,0.024003811180591583,0.20446331799030304,0.484366238117218,0.4160275459289551,0.26048511266708374,0.22659213840961456,0.25514864921569824,0.35738030076026917
6,S2,LatCrit,local,BS2,1,BS1,BS1,0,0.4840466380119324,0.40066787600517273,-0.08337876200675964,0.03457609564065933,0.23420710861682892,0.4840466380119324,0.3669430613517761,0.22792182862758636,0.23238903284072876,0.28803154826164246,0.40066787600517273
6,S2,ComHvy,local,local,0,local,local,0,0.48121756315231323,0.40701228380203247,-0.07420527935028076,0.014360837638378143,0.14841051399707794,0.48121756315231323,0.40701228380203247,0.2693873643875122,0.275412380695343,0.24939511716365814,0.3175753355026245
6,S2,BWHvy,local,local,0,local,BS2,1,0.4766919016838074,0.40229302644729614,-0.07439887523651123,0.01752597838640213,0.16403153538703918,0.4766919016838074,0.40229302644729614,0.26887914538383484,0.26126226782798767,0.2544289529323578,0.3364447355270386
6,S3,LatCrit,local,local,0,local,local,0,0.5244723558425903,0.4360371232032776,-0.08843523263931274,0.021573148667812347,0.1768704503774643,0.5244723558425903,0.4360371232032776,0.2585657238960266,0.2625373601913452,0.21696193516254425,0.3014255166053772
6,S3,ComHvy,local,local,0,local,local,0,0.5164498090744019,0.4930962920188904,-0.023353517055511475,0.001275843009352684,0.04670698940753937,0.5164498090744019,0.4930962920188904,0.2829866409301758,0.2897271513938904,0.20056357979774475,0.21717654168605804
6,S3,BWHvy,local,local,0,local,local,0,0.48329639434814453,0.3891286849975586,-0.09416770935058594,0.02069467306137085,0.18833541870117188,0.48329639434814453,0.3891286849975586,0.26659971475601196,0.2854088544845581,0.2501038908958435,0.3254624605178833
6,S4,LatCrit,local,local,0,local,local,0,0.4844357967376709,0.40114468336105347,-0.08329111337661743,0.01665165275335312,0.16658219695091248,0.4844357967376709,0.40114468336105347,0.2634357511997223,0.2767401337623596,0.2521284520626068,0.3221151530742645
6,S4,ComHvy,local,local,0,BS1,BS1,0,0.5067340135574341,0.42930376529693604,-0.07743024826049805,0.014314640313386917,0.1548604965209961,0.5067340135574341,0.42930376529693604,0.24341872334480286,0.25470519065856934,0.24984726309776306,0.31599104404449463
6,S4,BWHvy,local,local,0,local,local,0,0.5374060869216919,0.5192360281944275,-0.018170058727264404,0.0011299962643533945,0.04103885591030121,0.5374060869216919,0.5192360281944275,0.24867816269397736,0.26919758319854736,0.21391578018665314,0.21156640350818634
6,S5,LatCrit,local,local,0,local,local,0,0.5315059423446655,0.4749138355255127,-0.05659210681915283,0.008441224694252014,0.11318418383598328,0.5315059423446655,0.4749138355255127,0.222128227353096,0.22468170523643494,0.24636586010456085,0.30040445923805237
6,S5,ComHvy,local,local,0,local,local,0,0.4955245852470398,0.44805020093917847,-0.04747438430786133,0.009534565731883049,0.12135452032089233,0.4955245852470398,0.44805020093917847,0.23211738467216492,0.2927946150302887,0.2723580300807953,0.25915512442588806
6,S5,BWHvy,local,local,0,local,BS2,1,0.550733745098114,0.46820342540740967,-0.08253031969070435,0.016077201813459396,0.1650606244802475,0.550733745098114,0.46820342540740967,0.2147313952445984,0.2266911119222641,0.2345348596572876,0.30510544776916504
6,S6,LatCrit,local,local,0,local,local,0,0.49161243438720703,0.47511500120162964,-0.016497433185577393,0.012354720383882523,0.12825597822666168,0.49161243438720703,0.47511500120162964,0.26257410645484924,0.2149435579776764,0.24581344425678253,0.30994144082069397
6,S6,ComHvy,local,local,0,local,local,0,0.5120574235916138,0.4852142930030823,-0.026843130588531494,0.0033406177535653114,0.07207651436328888,0.5120574235916138,0.4852142930030823,0.24300995469093323,0.2790481746196747,0.24493266642093658,0.23573750257492065
6,S6,BWHvy,local,local,0,local,local,0,0.49486833810806274,0.38905638456344604,-0.1058119535446167,0.02404579520225525,0.2116239219903946,0.49486833810806274,0.38905638456344604,0.24800898134708405,0.2801607549190521,0.257122665643692,0.33078286051750183
6,S7,LatCrit,local,local,0,local,local,0,0.4780482053756714,0.428932249546051,-0.04911595582962036,0.004949511960148811,0.09823188185691833,0.4780482053756714,0.428932249546051,0.258901983499527,0.28772032260894775,0.263049840927124,0.2833474278450012
6,S7,ComHvy,local,local,0,local,local,0,0.5002108812332153,0.41048663854599,-0.08972424268722534,0.016588881611824036,0.17944848537445068,0.5002108812332153,0.41048663854599,0.25168097019195557,0.28802573680877686,0.2481081485748291,0.30148762464523315
6,S7,BWHvy,local,local,0,BS2,BS2,0,0.4697102904319763,0.3679599165916443,-0.10175037384033203,0.02497464418411255,0.20350077748298645,0.4697102904319763,0.3679599165916443,0.2611693739891052,0.27575838565826416,0.26912033557891846,0.35628172755241394
6,S8,LatCrit,local,local,0,local,local,0,0.4881501793861389,0.4388177990913391,-0.049332380294799805,0.013552792370319366,0.1518484652042389,0.4881501793861389,0.4388177990913391,0.25417351722717285,0.2275816798210144,0.25767630338668823,0.33360055088996887
6,S8,ComHvy,local,local,0,local,local,0,0.4777721166610718,0.38643383979797363,-0.09133827686309814,0.01748485490679741,0.1826765537261963,0.4777721166610718,0.38643383979797363,0.25369834899902344,0.3082807958126068,0.2685295343399048,0.30528536438941956
6,S8,BWHvy,local,local,0,local,local,0,0.5132322907447815,0.45707613229751587,-0.056156158447265625,0.026004761457443237,0.20972716808319092,0.5132322907447815,0.45707613229751587,0.21358954906463623,0.1648821234703064,0.2731781601905823,0.37804174423217773
7,S1,LatCrit,local,local,0,local,local,0,0.503250241279602,0.5007196664810181,-0.0025305747985839844,0.021921254694461823,0.1487496793270111,0.503250241279602,0.5007196664810181,0.2610486149787903,0.1892043799161911,0.23570115864276886,0.3100760281085968
7,S1,ComHvy,local,local,0,local,local,0,0.5121450424194336,0.4265598654747009,-0.08558517694473267,0.025252267718315125,0.20914164185523987,0.5121450424194336,0.4265598654747009,0.26715022325515747,0.3717210292816162,0.22070476412773132,0.20171910524368286
7,S1,BWHvy,local,local,0,local,local,0,0.48775696754455566,0.48124659061431885,-0.006510376930236816,0.01413712278008461,0.12646760046482086,0.48775696754455566,0.48124659061431885,0.2582124173641205,0.20148898661136627,0.25403061509132385,0.3172644078731537
7,S2,LatCrit,local,local,0,BS2,BS2,0,0.49670153856277466,0.4359259009361267,-0.06077563762664795,0.02501639723777771,0.2098650187253952,0.49670153856277466,0.4359259009361267,0.2283940315246582,0.18423716723918915,0.27490442991256714,0.37983694672584534
7,S2,ComHvy,local,local,0,local,local,0,0.4854671359062195,0.4440646767616272,-0.041402459144592285,0.009041033685207367,0.12180118262767792,0.4854671359062195,0.4440646767616272,0.26530134677886963,0.24580319225788116,0.2492315173149109,0.31013208627700806
7,S2,BWHvy,local,local,0,local,local,0,0.4910815954208374,0.465941846370697,-0.02513974905014038,0.0020920466631650925,0.05474242568016052,0.4910815954208374,0.465941846370697,0.26250386238098145,0.26027241349220276,0.24641451239585876,0.2737857401371002
7,S3,LatCrit,local,local,0,local,local,0,0.5230792760848999,0.46860504150390625,-0.05447423458099365,0.007609006017446518,0.10894849896430969,0.5230792760848999,0.46860504150390625,0.25937533378601074,0.26680856943130493,0.21754539012908936,0.2645864188671112
7,S3,ComHvy,local,local,0,BS1,BS1,0,0.5181723833084106,0.5196002721786499,0.0014278888702392578,9.771203622221947e-05,0.011022761464118958,0.5181723833084106,0.5196002721786499,0.28347042202949524,0.27795904874801636,0.1983572095632553,0.20244070887565613
7,S3,BWHvy,local,local,0,local,local,0,0.4892798066139221,0.42313194274902344,-0.06614786386489868,0.013202168047428131,0.14052990078926086,0.4892798066139221,0.42313194274902344,0.25734445452690125,0.2532273530960083,0.25337573885917664,0.3236406743526459
7,S4,LatCrit,local,local,0,local,local,0,0.49173277616500854,0.4583272337913513,-0.03340554237365723,0.008681226521730423,0.11845037341117859,0.49173277616500854,0.4583272337913513,0.2605670988559723,0.23474746942520142,0.24770009517669678,0.30692529678344727
7,S4,ComHvy,local,local,0,local,local,0,0.5248339176177979,0.48247188329696655,-0.0423620343208313,0.004133742302656174,0.08472400903701782,0.5248339176177979,0.48247188329696655,0.2367250621318817,0.24546733498573303,0.23844105005264282,0.272060751914978
7,S4,BWHvy,local,local,0,local,local,0,0.5316849946975708,0.4773116111755371,-0.05437338352203369,0.005958521738648415,0.10874679684638977,0.5316849946975708,0.4773116111755371,0.2501741647720337,0.2757588028907776,0.21814081072807312,0.2469295859336853
7,S5,LatCrit,local,local,0,local,local,0,0.5155340433120728,0.48172783851623535,-0.0338062047958374,0.007476102560758591,0.11025774478912354,0.5155340433120728,0.48172783851623535,0.23253312706947327,0.2112104594707489,0.25193285942077637,0.30706173181533813
7,S5,ComHvy,local,local,0,local,local,0,0.5045933723449707,0.4891560673713684,-0.015437304973602295,0.0017745615914463997,0.05139164626598358,0.5045933723449707,0.4891560673713684,0.23146279156208038,0.25715863704681396,0.2639438211917877,0.25368532538414
7,S5,BWHvy,local,local,0,local,BS1,1,0.5378825068473816,0.42778342962265015,-0.11009907722473145,0.024447739124298096,0.22019816935062408,0.5378825068473816,0.42778342962265015,0.21938808262348175,0.26943665742874146,0.24272942543029785,0.3027799427509308
7,S6,LatCrit,local,local,0,local,local,0,0.4931851625442505,0.4696570634841919,-0.023528099060058594,0.008119728416204453,0.1110006719827652,0.4931851625442505,0.4696570634841919,0.25572332739830017,0.22375108301639557,0.25109151005744934,0.30659183859825134
7,S6,ComHvy,local,local,0,local,local,0,0.5058884620666504,0.4800037741661072,-0.025884687900543213,0.00443488173186779,0.08347706496715546,0.5058884620666504,0.4800037741661072,0.24239246547222137,0.2841309905052185,0.25171905755996704,0.23586520552635193
7,S6,BWHvy,local,local,0,local,local,0,0.49053943157196045,0.4152376055717468,-0.07530182600021362,0.011627024039626122,0.15060368180274963,0.49053943157196045,0.4152376055717468,0.2502526044845581,0.2932358384132385,0.25920793414115906,0.29152655601501465
7,S7,LatCrit,local,local,0,local,BS2,1,0.48182135820388794,0.4671486020088196,-0.01467275619506836,0.0019000377506017685,0.05485706031322479,0.48182135820388794,0.4671486020088196,0.25636839866638184,0.243612602353096,0.2618102729320526,0.2892387807369232
7,S7,ComHvy,local,local,0,local,local,0,0.5010467171669006,0.4286741018295288,-0.07237261533737183,0.010621819645166397,0.14474520087242126,0.5010467171669006,0.4286741018295288,0.24538716673851013,0.27740150690078735,0.25356611609458923,0.29392436146736145
7,S7,BWHvy,local,local,0,local,BS1,1,0.46769648790359497,0.3767523169517517,-0.09094417095184326,0.017200816422700882,0.1818883717060089,0.46769648790359497,0.3767523169517517,0.263374388217926,0.31170135736465454,0.268929123878479,0.31154635548591614
7,S8,LatCrit,local,local,0,local,local,0,0.4741848111152649,0.4373992681503296,-0.0367855429649353,0.01779218763113022,0.16981548070907593,0.4741848111152649,0.4373992681503296,0.2574843466281891,0.2093621790409088,0.26833081245422363,0.353238582611084
7,S8,ComHvy,local,local,0,local,BS2,1,0.4830225110054016,0.43419796228408813,-0.04882454872131348,0.004831910133361816,0.09764909744262695,0.4830225110054016,0.43419796228408813,0.25195249915122986,0.27785351872444153,0.26502498984336853,0.28794851899147034
7,S8,BWHvy,local,local,0,local,local,0,0.502225935459137,0.4435514211654663,-0.058674514293670654,0.011487636715173721,0.13979697227478027,0.502225935459137,0.4435514211654663,0.21630537509918213,0.20508140325546265,0.2814686894416809,0.35136717557907104
8,S1,LatCrit,local,local,0,local,BS2,1,0.4954226613044739,0.4501888155937195,-0.045233845710754395,0.04118978977203369,0.24851509928703308,0.4954226613044739,0.4501888155937195,0.2675413191318512,0.18851761519908905,0.23703603446483612,0.36129358410835266
8,S1,ComHvy,local,local,0,local,local,0,0.515733003616333,0.43838804960250854,-0.07734495401382446,0.032237060368061066,0.23914998769760132,0.515733003616333,0.43838804960250854,0.2593412697315216,0.37891629338264465,0.2249257117509842,0.18269570171833038
8,S1,BWHvy,local,local,0,local,local,0,0.4983164668083191,0.48252391815185547,-0.015792548656463623,0.0433235839009285,0.22007513046264648,0.4983164668083191,0.48252391815185547,0.24651645123958588,0.15227143466472626,0.25516706705093384,0.3652046322822571
8,S2,LatCrit,local,local,0,local,local,0,0.5016192197799683,0.43240267038345337,-0.06921654939651489,0.02644011378288269,0.21716377139091492,0.5016192197799683,0.43240267038345337,0.2288176715373993,0.18945232033729553,0.26956313848495483,0.3781450092792511
8,S2,ComHvy,local,local,0,local,BS2,1,0.5003237724304199,0.42128390073776245,-0.07903987169265747,0.01863481104373932,0.16602453589439392,0.5003237724304199,0.42128390073776245,0.2570013403892517,0.2530289590358734,0.24267488718032837,0.3256871700286865
8,S2,BWHvy,local,local,0,local,local,0,0.48241305351257324,0.39144694805145264,-0.0909661054611206,0.01894379034638405,0.1819322109222412,0.48241305351257324,0.39144694805145264,0.26504549384117126,0.28527596592903137,0.2525414526462555,0.323277086019516
8,S3,LatCrit,local,local,0,BS1,BS1,0,0.5292055606842041,0.4660784602165222,-0.06312710046768188,0.008285202085971832,0.12625418603420258,0.5292055606842041,0.4660784602165222,0.2582962214946747,0.2833823561668396,0.2124982327222824,0.2505391836166382
8,S3,ComHvy,local,local,0,local,local,0,0.5269800424575806,0.516998291015625,-0.009981751441955566,0.002017168328166008,0.05053304135799408,0.5269800424575806,0.516998291015625,0.2737323045730591,0.2584474980831146,0.19928765296936035,0.2245541363954544
8,S3,BWHvy,local,local,0,local,local,0,0.4915991425514221,0.434942364692688,-0.05665677785873413,0.02029222995042801,0.18656425178050995,0.4915991425514221,0.434942364692688,0.25447115302085876,0.21784581243991852,0.2539297044277191,0.3472118377685547
8,S4,LatCrit,local,local,0,local,local,0,0.48976701498031616,0.4400472640991211,-0.04971975088119507,0.015772879123687744,0.16340719163417816,0.48976701498031616,0.4400472640991211,0.2570021450519562,0.22501830756664276,0.25323083996772766,0.33493444323539734
8,S4,ComHvy,local,local,0,local,BS2,1,0.49975907802581787,0.38282883167266846,-0.11693024635314941,0.03139471262693405,0.23386049270629883,0.49975907802581787,0.38282883167266846,0.2432466745376587,0.2650299370288849,0.25699424743652344,0.35214123129844666
8,S4,BWHvy,local,local,0,local,local,0,0.5368673801422119,0.47482138872146606,-0.06204599142074585,0.009778469800949097,0.12409195303916931,0.5368673801422119,0.47482138872146606,0.24400880932807922,0.2518685460090637,0.21912381052970886,0.2733100354671478
8,S5,LatCrit,local,local,0,local,local,0,0.5224164724349976,0.4436095356941223,-0.07880693674087524,0.016782216727733612,0.15761390328407288,0.5224164724349976,0.4436095356941223,0.22345098853111267,0.22345560789108276,0.2541325092315674,0.3329348564147949
8,S5,ComHvy,local,local,0,local,local,0,0.5020411014556885,0.4757233262062073,-0.0263177752494812,0.004140719771385193,0.07954618334770203,0.5020411014556885,0.4757233262062073,0.2310774028301239,0.2708504796028137,0.26688152551651,0.253426194190979
8,S5,BWHvy,local,local,0,local,BS2,1,0.5539536476135254,0.48372650146484375,-0.07022714614868164,0.016675911843776703,0.16364926099777222,0.5539536476135254,0.48372650146484375,0.2074514478445053,0.19585397839546204,0.2385949045419693,0.3204195499420166
8,S6,LatCrit,local,local,0,BS1,BS2,1,0.496601402759552,0.4857550263404846,-0.010846376419067383,0.06503745913505554,0.2557620406150818,0.496601402759552,0.4857550263404846,0.2513934373855591,0.13435879349708557,0.25200513005256653,0.3798861503601074
8,S6,ComHvy,local,local,0,local,local,0,0.4942907691001892,0.44002485275268555,-0.05426591634750366,0.00895637832581997,0.11553245782852173,0.4942907691001892,0.44002485275268555,0.2540719211101532,0.31183815002441406,0.2516372799873352,0.248136967420578
8,S6,BWHvy,local,local,0,local,local,0,0.4904303550720215,0.4123208522796631,-0.0781095027923584,0.01291874423623085,0.15621903538703918,0.4904303550720215,0.4123208522796631,0.2559721767902374,0.3083502948284149,0.2535974383354187,0.279328852891922
8,S7,LatCrit,local,local,0,BS2,BS2,0,0.4825001358985901,0.4310407042503357,-0.051459431648254395,0.027422688901424408,0.21408338844776154,0.4825001358985901,0.4310407042503357,0.2593451142311096,0.20376287400722504,0.2581547200679779,0.36519643664360046
8,S7,ComHvy,local,local,0,local,local,0,0.5030969381332397,0.4113914370536804,-0.09170550107955933,0.01726483553647995,0.18341097235679626,0.5030969381332397,0.4113914370536804,0.24689990282058716,0.3004179894924164,0.2500031888484955,0.2881905734539032
8,S7,BWHvy,local,local,0,local,local,0,0.4690580368041992,0.37545037269592285,-0.09360766410827637,0.021115608513355255,0.18721532821655273,0.4690580368041992,0.37545037269592285,0.2633160948753357,0.2771179974079132,0.2676258683204651,0.34743162989616394
8,S8,LatCrit,local,local,0,local,local,0,0.47166556119918823,0.43789517879486084,-0.03377038240432739,0.04018016159534454,0.238552987575531,0.47166556119918823,0.43789517879486084,0.2558988630771637,0.17039275169372559,0.27243560552597046,0.39171209931373596
8,S8,ComHvy,local,local,0,local,local,0,0.48446547985076904,0.4196600317955017,-0.06480544805526733,0.008708562701940536,0.1296108514070511,0.48446547985076904,0.4196600317955017,0.24853964149951935,0.2720614969730377,0.2669948935508728,0.3082784414291382
8,S8,BWHvy,local,local,0,local,local,0,0.531498372554779,0.5028964877128601,-0.028601884841918945,0.019574671983718872,0.16303662955760956,0.531498372554779,0.5028964877128601,0.20559610426425934,0.1526796817779541,0.2629055082798004,0.3444238305091858
9,S1,LatCrit,local,local,0,local,local,0,0.4938957095146179,0.47473394870758057,-0.019161760807037354,0.0013440903276205063,0.044224873185157776,0.4938957095146179,0.47473394870758057,0.26224836707115173,0.2592976987361908,0.24385590851306915,0.26596835255622864
9,S1,ComHvy,local,local,0,local,local,0,0.518760621547699,0.4743156433105469,-0.0444449782371521,0.004609130322933197,0.08888992667198181,0.518760621547699,0.4743156433105469,0.26000791788101196,0.2703253924846649,0.22123146057128906,0.2553589344024658
9,S1,BWHvy,local,local,0,local,local,0,0.46678614616394043,0.40376365184783936,-0.06302249431610107,0.01187799870967865,0.13260149955749512,0.46678614616394043,0.40376365184783936,0.27035507559776306,0.2670768201351166,0.2628587484359741,0.3291594982147217
9,S2,LatCrit,local,local,0,local,local,0,0.4965627193450928,0.4157528877258301,-0.0808098316192627,0.013364341109991074,0.16161958873271942,0.4965627193450928,0.4157528877258301,0.22316046059131622,0.2529367506504059,0.2802768647670746,0.33131033182144165
9,S2,ComHvy,local,local,0,local,local,0,0.47934675216674805,0.42605698108673096,-0.05328977108001709,0.006138358265161514,0.10657955706119537,0.47934675216674805,0.42605698108673096,0.27100658416748047,0.2877492308616638,0.2496466487646103,0.2861937880516052
9,S2,BWHvy,local,local,0,local,local,0,0.48705053329467773,0.45659446716308594,-0.030456066131591797,0.0031362250447273254,0.06795376539230347,0.48705053329467773,0.45659446716308594,0.2629068195819855,0.25938600301742554,0.2500426471233368,0.2840195298194885
9,S3,LatCrit,local,local,0,local,local,0,0.5321729183197021,0.4771745800971985,-0.05499833822250366,0.009752228856086731,0.11564482748508453,0.5321729183197021,0.4771745800971985,0.25543320178985596,0.25260913372039795,0.2123938351869583,0.2702162563800812
9,S3,ComHvy,local,local,0,local,local,0,0.512719988822937,0.46389466524124146,-0.04882532358169556,0.016562238335609436,0.1594352126121521,0.512719988822937,0.46389466524124146,0.2792455852031708,0.2483532875776291,0.2080344408750534,0.28775203227996826
9,S3,BWHvy,local,local,0,local,local,0,0.49750304222106934,0.49729764461517334,-0.0002053976058959961,0.006939414888620377,0.08335980772972107,0.49750304222106934,0.49729764461517334,0.2569870352745056,0.21551252901554108,0.24550990760326385,0.2871898114681244
9,S4,LatCrit,local,local,0,local,local,0,0.48328012228012085,0.4239068627357483,-0.05937325954437256,0.00734289363026619,0.11874650418758392,0.48328012228012085,0.4239068627357483,0.26945313811302185,0.2924826145172119,0.2472667247056961,0.2836104929447174
9,S4,ComHvy,local,local,0,local,local,0,0.5135161280632019,0.43419402837753296,-0.07932209968566895,0.0160505473613739,0.15864421427249908,0.5135161280632019,0.43419402837753296,0.2384747862815857,0.2442324012517929,0.2480090856552124,0.3215735852718353
9,S4,BWHvy,local,local,0,local,local,0,0.5424554944038391,0.5369036197662354,-0.00555187463760376,0.0009120497852563858,0.03351932764053345,0.5424554944038391,0.5369036197662354,0.23939676582813263,0.22818899154663086,0.21814773976802826,0.23490741848945618
9,S5,LatCrit,local,local,0,local,local,0,0.5250043869018555,0.5204242467880249,-0.004580140113830566,5.786656402051449e-05,0.009160265326499939,0.5250043869018555,0.5204242467880249,0.230058953166008,0.23423555493354797,0.24493664503097534,0.24534016847610474
9,S5,ComHvy,local,local,0,local,local,0,0.5063896179199219,0.49670302867889404,-0.009686589241027832,0.00018802424892783165,0.019373223185539246,0.5063896179199219,0.49670302867889404,0.22437024116516113,0.22845758497714996,0.2692401111125946,0.2748394012451172
9,S5,BWHvy,local,local,0,local,local,0,0.5359876751899719,0.4753188490867615,-0.06066882610321045,0.00785047933459282,0.12133768200874329,0.5359876751899719,0.4753188490867615,0.2295701950788498,0.2476336658000946,0.23444212973117828,0.2770475149154663
9,S6,LatCrit,local,local,0,local,local,0,0.46989715099334717,0.4138305187225342,-0.05606663227081299,0.008640781044960022,0.11213326454162598,0.46989715099334717,0.4138305187225342,0.2724338173866272,0.2743716537952423,0.25766903162002563,0.3117978274822235
9,S6,ComHvy,local,local,0,local,local,0,0.5028335452079773,0.48613590002059937,-0.01669764518737793,0.0016264263540506363,0.050547048449516296,0.5028335452079773,0.48613590002059937,0.2453753799200058,0.23679950833320618,0.2517910897731781,0.27706462144851685
9,S6,BWHvy,local,local,0,local,BS1,1,0.4872390031814575,0.4205325245857239,-0.06670647859573364,0.009075500071048737,0.1334129273891449,0.4872390031814575,0.4205325245857239,0.2533235549926758,0.2902585566043854,0.2594374716281891,0.28920891880989075
9,S7,LatCrit,local,local,0,BS2,BS2,0,0.49093329906463623,0.484877347946167,-0.006055951118469238,0.00064796581864357,0.030524447560310364,0.49093329906463623,0.484877347946167,0.25421497225761414,0.24500872194766998,0.25485169887542725,0.2701139450073242
9,S7,ComHvy,local,local,0,local,local,0,0.49695461988449097,0.45648694038391113,-0.040467679500579834,0.009582661092281342,0.1259993612766266,0.49695461988449097,0.45648694038391113,0.25082144141197205,0.2282894253730774,0.252223938703537,0.3152236044406891
9,S7,BWHvy,local,local,0,local,local,0,0.48534512519836426,0.41414451599121094,-0.07120060920715332,0.012244630604982376,0.14240121841430664,0.48534512519836426,0.41414451599121094,0.2581492066383362,0.2685105502605438,0.25650566816329956,0.31734493374824524
9,S8,LatCrit,local,local,0,local,local,0,0.4775698781013489,0.4873228669166565,0.009752988815307617,0.0003972298000007868,0.023855209350585938,0.4775698781013489,0.4873228669166565,0.2530314028263092,0.24110379815101624,0.26939868927001953,0.2715733051300049
9,S8,ComHvy,local,local,0,local,local,0,0.4958750605583191,0.5117829442024231,0.015907883644104004,0.011279236525297165,0.11489345133304596,0.4958750605583191,0.5117829442024231,0.24493969976902008,0.1874929666519165,0.259185254573822,0.3007240891456604
9,S8,BWHvy,local,local,0,BS2,BS2,0,0.49561041593551636,0.39350461959838867,-0.10210579633712769,0.023179642856121063,0.20421156287193298,0.49561041593551636,0.39350461959838867,0.22862261533737183,0.24939000606536865,0.2757669687271118,0.3571053445339203
10,S1,LatCrit,local,local,0,local,local,0,0.49882811307907104,0.5380945205688477,0.03926640748977661,0.0067474860697984695,0.0959843099117279,0.49882811307907104,0.5380945205688477,0.25720274448394775,0.209210604429245,0.2439691424369812,0.25269490480422974
10,S1,ComHvy,local,local,0,local,local,0,0.5138272047042847,0.5237409472465515,0.009913742542266846,0.00032476329943165183,0.021628260612487793,0.5138272047042847,0.5237409472465515,0.2631268799304962,0.2523127496242523,0.22304590046405792,0.22394628822803497
10,S1,BWHvy,local,local,0,local,local,0,0.47702109813690186,0.5282577872276306,0.05123668909072876,0.005777426064014435,0.10247336328029633,0.47702109813690186,0.5282577872276306,0.2615598738193512,0.22540727257728577,0.26141902804374695,0.2463349550962448
10,S2,LatCrit,local,local,0,local,local,0,0.49493837356567383,0.5173845291137695,0.022446155548095703,0.007859492674469948,0.09715314209461212,0.49493837356567383,0.5173845291137695,0.2225343883037567,0.17395780980587006,0.28252723813056946,0.3086576461791992
10,S2,ComHvy,local,local,0,local,local,0,0.48110252618789673,0.5260289907455444,0.044926464557647705,0.012349508702754974,0.1316307932138443,0.48110252618789673,0.5260289907455444,0.2719918191432953,0.20617641508579254,0.24690565466880798,0.26779457926750183
10,S2,BWHvy,local,local,0,local,local,0,0.5058882236480713,0.5843390226364136,0.07845079898834229,0.015121899545192719,0.15690158307552338,0.5058882236480713,0.5843390226364136,0.25361010432243347,0.23466655611991882,0.24050162732601166,0.18099439144134521
10,S3,LatCrit,local,local,0,local,local,0,0.5262421369552612,0.5555087924003601,0.029266655445098877,0.0034302151761949062,0.06974484026432037,0.5262421369552612,0.5555087924003601,0.259831041097641,0.2249586135149002,0.21392682194709778,0.2195325791835785
10,S3,ComHvy,local,local,0,local,local,0,0.5249131321907043,0.5663468837738037,0.041433751583099365,0.010205382481217384,0.1197117269039154,0.5249131321907043,0.5663468837738037,0.2681679427623749,0.20831207931041718,0.20691891014575958,0.22534102201461792
10,S3,BWHvy,local,local,0,local,local,0,0.48684632778167725,0.44205915927886963,-0.04478716850280762,0.00468617444857955,0.08957436680793762,0.48684632778167725,0.44205915927886963,0.2632288336753845,0.30013903975486755,0.24992480874061584,0.2578018009662628
10,S4,LatCrit,local,local,0,local,local,0,0.5000748634338379,0.47265684604644775,-0.027418017387390137,0.002677362412214279,0.06421148777008057,0.5000748634338379,0.47265684604644775,0.2572215497493744,0.2893272638320923,0.2427036315202713,0.23801587522029877
10,S4,ComHvy,local,local,0,local,local,0,0.534416675567627,0.5820724964141846,0.04765582084655762,0.018143562600016594,0.14561671018600464,0.534416675567627,0.5820724964141846,0.22808776795864105,0.15527941286563873,0.2374955415725708,0.2626480758190155
10,S4,BWHvy,local,local,0,local,local,0,0.5531769394874573,0.5937713384628296,0.040594398975372314,0.003466743975877762,0.08118884265422821,0.5531769394874573,0.5937713384628296,0.23386047780513763,0.2165079563856125,0.21296259760856628,0.18972067534923553
10,S5,LatCrit,local,local,0,local,local,0,0.5136535167694092,0.5771496295928955,0.06349611282348633,0.013131935149431229,0.12699227035045624,0.5136535167694092,0.5771496295928955,0.23409856855869293,0.23365798592567444,0.2522479295730591,0.18919235467910767
10,S5,ComHvy,local,local,0,local,local,0,0.49390703439712524,0.4917947053909302,-0.0021123290061950684,0.014642935246229172,0.12011049687862396,0.49390703439712524,0.4917947053909302,0.22637110948562622,0.16842816770076752,0.2797218859195709,0.3397771120071411
10,S5,BWHvy,local,local,0,local,local,0,0.5403584241867065,0.5411982536315918,0.0008398294448852539,0.0011504190042614937,0.033116817474365234,0.5403584241867065,0.5411982536315918,0.22046330571174622,0.2039049118757248,0.23917825520038605,0.2548968493938446
10,S6,LatCrit,local,local,0,local,local,0,0.484283983707428,0.5323119163513184,0.04802793264389038,0.0071634529158473015,0.09605583548545837,0.484283983707428,0.5323119163513184,0.2628074288368225,0.2151426076889038,0.2529085576534271,0.25254547595977783
10,S6,ComHvy,local,local,0,local,local,0,0.5084585547447205,0.5456792116165161,0.037220656871795654,0.012716120108962059,0.12578552961349487,0.5084585547447205,0.5456792116165161,0.2368365228176117,0.17394378781318665,0.25470489263534546,0.28037703037261963
10,S6,BWHvy,local,local,0,local,local,0,0.494396448135376,0.467867910861969,-0.026528537273406982,0.011056529358029366,0.12955184280872345,0.494396448135376,0.467867910861969,0.25404801964759827,0.3188239336013794,0.25155553221702576,0.21330814063549042
10,S7,LatCrit,local,local,0,local,local,0,0.47601020336151123,0.4952319264411926,0.019221723079681396,0.004923233762383461,0.08243004977703094,0.47601020336151123,0.4952319264411926,0.25857996940612793,0.21736495196819305,0.26540982723236084,0.2874031364917755
10,S7,ComHvy,local,local,0,local,local,0,0.48968929052352905,0.498630166053772,0.00894087553024292,0.0013328874483704567,0.04290094971656799,0.48968929052352905,0.498630166053772,0.25526317954063416,0.23381271958351135,0.2550475001335144,0.2675571143627167
10,S7,BWHvy,local,local,0,local,local,0,0.4816182255744934,0.5098179578781128,0.028199732303619385,0.0016549443826079369,0.056399449706077576,0.4816182255744934,0.5098179578781128,0.2582573890686035,0.2403494417667389,0.2601243853569031,0.2498326152563095
10,S8,LatCrit,local,local,0,local,local,0,0.47090578079223633,0.5311092138290405,0.0602034330368042,0.007704343646764755,0.1204068660736084,0.47090578079223633,0.5311092138290405,0.26228880882263184,0.24206861853599548,0.26680541038513184,0.226822167634964
10,S8,ComHvy,local,local,0,local,local,0,0.5002228021621704,0.5473021864891052,0.047079384326934814,0.00780833512544632,0.09715364873409271,0.5002228021621704,0.5473021864891052,0.23932428658008575,0.19074746966362,0.26045286655426025,0.2619503140449524
10,S8,BWHvy,local,local,0,local,local,0,0.508348822593689,0.5156556367874146,0.007306814193725586,0.0032706111669540405,0.06299509108066559,0.508348822593689,0.5156556367874146,0.21920911967754364,0.24339981377124786,0.272442102432251,0.2409445196390152
11,S1,LatCrit,local,local,0,BS1,BS1,0,0.505927324295044,0.5370966196060181,0.03116929531097412,0.002019226551055908,0.06233857572078705,0.505927324295044,0.5370966196060181,0.25160104036331177,0.23182633519172668,0.2424716353416443,0.23107706010341644
11,S1,ComHvy,local,local,0,local,local,0,0.5175940990447998,0.5139014720916748,-0.003692626953125,0.008697602897882462,0.09536589682102203,0.5175940990447998,0.5139014720916748,0.2596375048160553,0.21564719080924988,0.2227683812379837,0.2704513370990753
11,S1,BWHvy,local,local,0,local,local,0,0.47236168384552,0.4826228618621826,0.010261178016662598,0.003008410334587097,0.06328520178794861,0.47236168384552,0.4826228618621826,0.26589861512184143,0.28728002309799194,0.26173970103263855,0.23009708523750305
11,S2,LatCrit,local,local,0,BS2,BS2,0,0.4871672987937927,0.4939640164375305,0.006796717643737793,0.00010222685523331165,0.01359345018863678,0.4871672987937927,0.4939640164375305,0.22823499143123627,0.2236557900905609,0.2845976948738098,0.2823801636695862
11,S2,ComHvy,local,local,0,BS1,local,1,0.48163431882858276,0.4840593934059143,0.002425074577331543,0.00493524968624115,0.07364469766616821,0.48163431882858276,0.4840593934059143,0.27693209052085876,0.24010975658893585,0.24143357574939728,0.27583086490631104
11,S2,BWHvy,local,local,0,local,local,0,0.48643964529037476,0.5148247480392456,0.02838510274887085,0.008495714515447617,0.10598674416542053,0.48643964529037476,0.5148247480392456,0.265540212392807,0.29014846682548523,0.24802014231681824,0.19502675533294678
11,S3,LatCrit,local,local,0,local,local,0,0.5378732681274414,0.5617294311523438,0.023856163024902344,0.001960296416655183,0.051721274852752686,0.5378732681274414,0.5617294311523438,0.2500818967819214,0.22422128915786743,0.212044820189476,0.2140493243932724
11,S3,ComHvy,local,local,0,local,local,0,0.51044762134552,0.5429172515869141,0.03246963024139404,0.0096203051507473,0.1160615086555481,0.51044762134552,0.5429172515869141,0.27220016717910767,0.2141694277524948,0.21735219657421112,0.24291333556175232
11,S3,BWHvy,local,local,0,local,BS1,1,0.4899471402168274,0.4357931613922119,-0.05415397882461548,0.008509378880262375,0.11159718036651611,0.4899471402168274,0.4357931613922119,0.2587684690952301,0.31456705927848816,0.2512843906879425,0.24963977932929993
11,S4,LatCrit,local,local,0,local,local,0,0.4999001622200012,0.46362733840942383,-0.03627282381057739,0.005189624615013599,0.09167206287384033,0.4999001622200012,0.46362733840942383,0.2608475387096405,0.30668357014656067,0.23925228416919708,0.2296890765428543
11,S4,ComHvy,local,local,0,local,local,0,0.5183618068695068,0.5602295398712158,0.041867733001708984,0.0101400725543499,0.11339913308620453,0.5183618068695068,0.5602295398712158,0.2370442897081375,0.18034474551677704,0.24459390342235565,0.2594257593154907
11,S4,BWHvy,local,local,0,local,local,0,0.5427387356758118,0.547171950340271,0.0044332146644592285,0.0010695569217205048,0.034558072686195374,0.5427387356758118,0.547171950340271,0.23704193532466888,0.24988774955272675,0.22021932899951935,0.20294028520584106
11,S5,LatCrit,local,local,0,local,local,0,0.49259376525878906,0.45161914825439453,-0.04097461700439453,0.02281511202454567,0.18936659395694733,0.49259376525878906,0.45161914825439453,0.2451242357492447,0.33980754017829895,0.26228201389312744,0.2085733413696289
11,S5,ComHvy,local,local,0,local,local,0,0.501926600933075,0.5271978974342346,0.025271296501159668,0.016877666115760803,0.13798198103904724,0.501926600933075,0.5271978974342346,0.2298150360584259,0.16082406044006348,0.26825836300849915,0.3119780719280243
11,S5,BWHvy,local,local,0,local,local,0,0.5335291624069214,0.4884898066520691,-0.045039355754852295,0.005783515982329845,0.09007872641086578,0.5335291624069214,0.4884898066520691,0.23162367939949036,0.2759462594985962,0.23484711349010468,0.23556390404701233
11,S6,LatCrit,local,local,0,local,local,0,0.4823070764541626,0.5002570152282715,0.017949938774108887,0.0037142299115657806,0.07131792604923248,0.4823070764541626,0.5002570152282715,0.26892155408859253,0.2866305708885193,0.24877138435840607,0.21311241388320923
11,S6,ComHvy,local,local,0,local,local,0,0.5113389492034912,0.5724872946739197,0.06114834547042847,0.02674400806427002,0.17757317423820496,0.5113389492034912,0.5724872946739197,0.24131262302398682,0.15252603590488434,0.24734841287136078,0.2749866545200348
11,S6,BWHvy,local,local,0,local,local,0,0.5162250995635986,0.4821828603744507,-0.03404223918914795,0.01910587027668953,0.16832460463047028,0.5162250995635986,0.4821828603744507,0.2472381889820099,0.33140048384666443,0.23653672635555267,0.1864166557788849
11,S7,LatCrit,local,local,0,local,local,0,0.48358577489852905,0.502227246761322,0.01864147186279297,0.0009653344750404358,0.03728295862674713,0.48358577489852905,0.502227246761322,0.2619986832141876,0.26058709621429443,0.2544155716896057,0.23718567192554474
11,S7,ComHvy,local,local,0,local,local,0,0.4936416745185852,0.4832833409309387,-0.010358333587646484,0.0017101764678955078,0.04995840787887573,0.4936416745185852,0.4832833409309387,0.25477176904678345,0.24015089869499207,0.25158655643463135,0.2765657603740692
11,S7,BWHvy,local,local,0,local,local,0,0.49619030952453613,0.5162408351898193,0.020050525665283203,0.0018702521920204163,0.052146926522254944,0.49619030952453613,0.5162408351898193,0.243920236825943,0.24994316697120667,0.2598894536495209,0.2338159829378128
11,S8,LatCrit,local,local,0,local,local,0,0.45524120330810547,0.4528542757034302,-0.002386927604675293,0.011840038001537323,0.11555926501750946,0.45524120330810547,0.4528542757034302,0.263320654630661,0.32110029458999634,0.28143811225891113,0.2260454148054123
11,S8,ComHvy,local,local,0,local,local,0,0.49629753828048706,0.5439746379852295,0.04767709970474243,0.005123281851410866,0.09535422921180725,0.49629753828048706,0.5439746379852295,0.2477473020553589,0.21355515718460083,0.25595515966415405,0.2424701750278473
11,S8,BWHvy,local,local,0,local,local,0,0.5221014022827148,0.5249404907226562,0.0028390884399414062,0.015098657459020615,0.12207849323749542,0.5221014022827148,0.5249404907226562,0.2131819725036621,0.27138209342956543,0.2647166848182678,0.20367740094661713
12,S1,LatCrit,local,local,0,local,local,0,0.4906102418899536,0.542772114276886,0.05216187238693237,0.008091102354228497,0.10432377457618713,0.4906102418899536,0.542772114276886,0.2653471529483795,0.21495003998279572,0.24404260516166687,0.2422778159379959
12,S1,ComHvy,local,local,0,local,local,0,0.5202885866165161,0.49351686239242554,-0.026771724224090576,0.0014781458303332329,0.05354343354701996,0.5202885866165161,0.49351686239242554,0.26413530111312866,0.28230124711990356,0.21557612717151642,0.2241818904876709
12,S1,BWHvy,local,local,0,local,local,0,0.48446983098983765,0.4986422061920166,0.014172375202178955,0.0023777522146701813,0.05778026580810547,0.48446983098983765,0.4986422061920166,0.25466594099998474,0.225775808095932,0.2608642280101776,0.2755819857120514
12,S2,LatCrit,local,local,0,local,local,0,0.5033828020095825,0.46165168285369873,-0.04173111915588379,0.01586054265499115,0.16222621500492096,0.5033828020095825,0.46165168285369873,0.22339335083961487,0.18401138484477997,0.27322378754615784,0.3543369174003601
12,S2,ComHvy,local,local,0,local,local,0,0.5006973743438721,0.4741305708885193,-0.026566803455352783,0.014027252793312073,0.14290426671504974,0.5006973743438721,0.4741305708885193,0.2583816945552826,0.2134963572025299,0.24092094600200653,0.3123730719089508
12,S2,BWHvy,local,local,0,local,local,0,0.4830019474029541,0.5026572346687317,0.019655287265777588,0.0008327765390276909,0.03931058943271637,0.4830019474029541,0.5026572346687317,0.261054128408432,0.25491780042648315,0.2559439241886139,0.24242495000362396
12,S3,LatCrit,local,local,0,local,local,0,0.5241438150405884,0.5290331840515137,0.004889369010925293,0.0017018821090459824,0.04460684955120087,0.5241438150405884,0.5290331840515137,0.2623896598815918,0.24008621275424957,0.21346651017665863,0.23088054358959198
12,S3,ComHvy,local,local,0,local,local,0,0.49926966428756714,0.46424180269241333,-0.03502786159515381,0.005372948944568634,0.08676575124263763,0.49926966428756714,0.46424180269241333,0.29165464639663696,0.28329962491989136,0.2090757042169571,0.2524585723876953
12,S3,BWHvy,local,local,0,local,BS1,1,0.49185407161712646,0.43112802505493164,-0.060726046562194824,0.007947085425257683,0.12145206332206726,0.49185407161712646,0.43112802505493164,0.2638610601425171,0.30791810154914856,0.24428486824035645,0.2609538435935974
12,S4,LatCrit,local,local,0,local,local,0,0.48402029275894165,0.45843708515167236,-0.025583207607269287,0.0017424523830413818,0.05116644501686096,0.48402029275894165,0.45843708515167236,0.26238763332366943,0.26437506079673767,0.2535920739173889,0.27718788385391235
12,S4,ComHvy,local,local,0,local,local,0,0.5153263211250305,0.5300353765487671,0.014709055423736572,0.01178993284702301,0.11369358003139496,0.5153263211250305,0.5300353765487671,0.2303151935338974,0.1734684407711029,0.2543584704399109,0.2964962422847748
12,S4,BWHvy,local,local,0,local,local,0,0.5492686629295349,0.5795820951461792,0.030313432216644287,0.0019431868568062782,0.06062692403793335,0.5492686629295349,0.5795820951461792,0.24003054201602936,0.2202221304178238,0.21070082485675812,0.20019574463367462
12,S5,LatCrit,local,local,0,local,local,0,0.5031354427337646,0.4157916307449341,-0.08734381198883057,0.017500564455986023,0.17468763887882233,0.5031354427337646,0.4157916307449341,0.23473145067691803,0.30237746238708496,0.26213309168815613,0.28183090686798096
12,S5,ComHvy,local,local,0,local,local,0,0.4981582760810852,0.47018104791641235,-0.02797722816467285,0.005773339420557022,0.09729096293449402,0.4981582760810852,0.47018104791641235,0.23845051229000092,0.21778224408626556,0.2633912265300751,0.3120366930961609
12,S5,BWHvy,local,local,0,local,local,0,0.5387943983078003,0.513404130935669,-0.025390267372131348,0.0032951273024082184,0.07217919826507568,0.5387943983078003,0.513404130935669,0.21366462111473083,0.20296527445316315,0.24754099547863007,0.2836305797100067
12,S6,LatCrit,local,local,0,local,local,0,0.48804527521133423,0.5510902404785156,0.0630449652671814,0.010119074955582619,0.12608999013900757,0.48804527521133423,0.5510902404785156,0.2629649341106415,0.21010594069957733,0.24898982048034668,0.23880378901958466
12,S6,ComHvy,local,local,0,local,local,0,0.49505501985549927,0.5130007863044739,0.01794576644897461,0.013261880725622177,0.12535199522972107,0.49505501985549927,0.5130007863044739,0.2515980899333954,0.18892210721969604,0.25334686040878296,0.2980771064758301
12,S6,BWHvy,local,local,0,local,local,0,0.4856567978858948,0.44061535596847534,-0.045041441917419434,0.004262708127498627,0.09008291363716125,0.4856567978858948,0.44061535596847534,0.2534608542919159,0.2828716039657593,0.26088234782218933,0.27651306986808777
12,S7,LatCrit,local,local,0,local,local,0,0.4939870238304138,0.4809917211532593,-0.012995302677154541,0.001078614965081215,0.04079046845436096,0.4939870238304138,0.4809917211532593,0.2584240138530731,0.251024067401886,0.24758896231651306,0.26798418164253235
12,S7,ComHvy,local,local,0,local,local,0,0.4962450861930847,0.49034953117370605,-0.005895555019378662,0.0025694910436868668,0.056555137038230896,0.4962450861930847,0.49034953117370605,0.250781387090683,0.2283993810415268,0.2529735267162323,0.28125110268592834
12,S7,BWHvy,local,local,0,local,local,0,0.48992645740509033,0.4768241047859192,-0.013102352619171143,0.0003598881885409355,0.026204675436019897,0.48992645740509033,0.4768241047859192,0.25361257791519165,0.2580554187297821,0.2564609944820404,0.2651204764842987
12,S8,LatCrit,local,local,0,local,local,0,0.462627649307251,0.45664072036743164,-0.005986928939819336,0.00013111543375998735,0.013834774494171143,0.462627649307251,0.45664072036743164,0.259819895029068,0.26673728227615356,0.2775524854660034,0.2766220271587372
12,S8,ComHvy,local,local,0,local,local,0,0.49815547466278076,0.5478188991546631,0.049663424491882324,0.006152701564133167,0.09932687878608704,0.49815547466278076,0.5478188991546631,0.2443014681339264,0.204548180103302,0.25754305720329285,0.24763289093971252
12,S8,BWHvy,local,local,0,local,local,0,0.5260096192359924,0.538108229637146,0.012098610401153564,0.00038916151970624924,0.024197295308113098,0.5260096192359924,0.538108229637146,0.20644906163215637,0.19660337269306183,0.2675413489341736,0.2652883529663086
13,S1,LatCrit,local,local,0,local,local,0,0.49182242155075073,0.5666166543960571,0.0747942328453064,0.023304801434278488,0.1715877652168274,0.49182242155075073,0.5666166543960571,0.2647499144077301,0.1789560168981552,0.24342767894268036,0.25442731380462646
13,S1,ComHvy,local,local,0,BS1,BS1,0,0.4989902973175049,0.5307537317276001,0.031763434410095215,0.03580727428197861,0.19054743647575378,0.4989902973175049,0.5307537317276001,0.27514776587486267,0.33865806460380554,0.22586192190647125,0.13058821856975555
13,S1,BWHvy,local,local,0,BS2,BS2,0,0.47246789932250977,0.5318151712417603,0.05934727191925049,0.024857252836227417,0.18075031042099,0.47246789932250977,0.5318151712417603,0.26977431774139404,0.17939916253089905,0.2577578127384186,0.2887856960296631
13,S2,LatCrit,local,local,0,local,local,0,0.5119330286979675,0.620494544506073,0.10856151580810547,0.025014344602823257,0.21712303161621094,0.5119330286979675,0.620494544506073,0.22503657639026642,0.16502107679843903,0.26303038001060486,0.21448436379432678
13,S2,ComHvy,local,local,0,local,local,0,0.5145598649978638,0.6381106376647949,0.12355077266693115,0.03345184400677681,0.24710161983966827,0.5145598649978638,0.6381106376647949,0.2507367730140686,0.17222356796264648,0.2347034066915512,0.1896657645702362
13,S2,BWHvy,local,local,0,local,local,0,0.48003607988357544,0.5284126996994019,0.048376619815826416,0.010021751746535301,0.11687199771404266,0.48003607988357544,0.5284126996994019,0.26614415645599365,0.20770816504955292,0.2538197636604309,0.2638791501522064
13,S3,LatCrit,local,local,0,local,local,0,0.5257478952407837,0.5695921182632446,0.04384422302246094,0.0049722022376954556,0.08768853545188904,0.5257478952407837,0.5695921182632446,0.2552098035812378,0.21710996329784393,0.2190423309803009,0.21329785883426666
13,S3,ComHvy,local,local,0,local,local,0,0.506824254989624,0.5417851209640503,0.03496086597442627,0.002849970478564501,0.06992176175117493,0.506824254989624,0.5417851209640503,0.2869085371494293,0.25747793912887573,0.20626722276210785,0.20073692500591278
13,S3,BWHvy,local,local,0,local,local,0,0.4933626651763916,0.5070509910583496,0.013688325881958008,0.005668655037879944,0.08515085279941559,0.4933626651763916,0.5070509910583496,0.2607538402080536,0.2181784212589264,0.24588347971439362,0.274770587682724
13,S4,LatCrit,local,local,0,local,local,0,0.4959872364997864,0.499505877494812,0.0035186409950256348,0.0047094207257032394,0.07173711061477661,0.4959872364997864,0.499505877494812,0.2607545256614685,0.2248859703540802,0.24325823783874512,0.2756081521511078
13,S4,ComHvy,local,local,0,local,local,0,0.5131471157073975,0.5227105021476746,0.0095633864402771,0.00032299384474754333,0.02126219868659973,0.5131471157073975,0.5227105021476746,0.23679137229919434,0.2378590852022171,0.2500615417957306,0.23943044245243073
13,S4,BWHvy,local,local,0,local,local,0,0.5359878540039062,0.5362457036972046,0.00025784969329833984,0.0014138668775558472,0.03646691143512726,0.5359878540039062,0.5362457036972046,0.2466089129447937,0.22837546467781067,0.21740324795246124,0.23537886142730713
13,S5,LatCrit,local,local,0,local,local,0,0.5064897537231445,0.5574111938476562,0.05092144012451172,0.007848987355828285,0.10184285044670105,0.5064897537231445,0.5574111938476562,0.24321375787258148,0.19537581503391266,0.2502964437007904,0.2472129762172699
13,S5,ComHvy,local,local,0,local,local,0,0.5164039134979248,0.594913125038147,0.07850921154022217,0.02375301718711853,0.17224109172821045,0.5164039134979248,0.594913125038147,0.22051000595092773,0.2281213253736496,0.26308608055114746,0.17696551978588104
13,S5,BWHvy,local,local,0,local,local,0,0.552152693271637,0.6044367551803589,0.052284061908721924,0.007091582752764225,0.10456813871860504,0.552152693271637,0.6044367551803589,0.21969108283519745,0.17817431688308716,0.2281562238931656,0.21738891303539276
13,S6,LatCrit,local,local,0,local,local,0,0.4764094352722168,0.5235187411308289,0.04710930585861206,0.017947018146514893,0.15411174297332764,0.4764094352722168,0.5235187411308289,0.2624649405479431,0.1854090690612793,0.2611255943775177,0.29107216000556946
13,S6,ComHvy,local,local,0,local,local,0,0.5030887126922607,0.5498620867729187,0.04677337408065796,0.015080541372299194,0.1394035667181015,0.5030887126922607,0.5498620867729187,0.24724918603897095,0.27017760276794434,0.24966208636760712,0.17996031045913696
13,S6,BWHvy,local,local,0,local,local,0,0.48566490411758423,0.45524317026138306,-0.030421733856201172,0.00398491695523262,0.08071756362915039,0.48566490411758423,0.45524317026138306,0.24863706529140472,0.2387000173330307,0.26569804549217224,0.30605682730674744
13,S7,LatCrit,local,local,0,BS2,local,1,0.4996674656867981,0.5843028426170349,0.08463537693023682,0.014970079064369202,0.16927075386047363,0.4996674656867981,0.5843028426170349,0.2538054585456848,0.20218883454799652,0.2465270757675171,0.21350832283496857
13,S7,ComHvy,local,local,0,local,local,0,0.5136914849281311,0.5719215869903564,0.05823010206222534,0.006870051845908165,0.11646014451980591,0.5136914849281311,0.5719215869903564,0.23627907037734985,0.20918059349060059,0.25002944469451904,0.21889787912368774
13,S7,BWHvy,local,local,0,local,local,0,0.47699427604675293,0.5079355835914612,0.030941307544708252,0.013117749243974686,0.13170357048511505,0.47699427604675293,0.5079355835914612,0.2614898681640625,0.19563807547092438,0.26151585578918457,0.29642632603645325
13,S8,LatCrit,local,local,0,local,local,0,0.4749062657356262,0.5462056398391724,0.07129937410354614,0.023998979479074478,0.17126348614692688,0.4749062657356262,0.5462056398391724,0.25447574257850647,0.16884398460388184,0.2706179916858673,0.2849503457546234
13,S8,ComHvy,local,local,0,BS2,local,1,0.4905164837837219,0.5625202655792236,0.07200378179550171,0.01160513237118721,0.14400748908519745,0.4905164837837219,0.5625202655792236,0.2539345324039459,0.23280476033687592,0.25554895401000977,0.20467501878738403
13,S8,BWHvy,local,local,0,local,local,0,0.5298604369163513,0.5688743591308594,0.03901392221450806,0.01678699068725109,0.13377463817596436,0.5298604369163513,0.5688743591308594,0.20532988011837006,0.13844256103038788,0.2648096978664398,0.29268309473991394
14,S1,LatCrit,local,local,0,local,local,0,0.48558926582336426,0.4785623550415039,-0.0070269107818603516,0.00625152513384819,0.08712692558765411,0.48558926582336426,0.4785623550415039,0.27248719334602356,0.23595063388347626,0.24192354083061218,0.28548699617385864
14,S1,ComHvy,local,local,0,local,local,0,0.5109189748764038,0.40601271390914917,-0.10490626096725464,0.03263585641980171,0.23335698246955872,0.5109189748764038,0.40601271390914917,0.2684135437011719,0.38509202003479004,0.22066748142242432,0.2088952362537384
14,S1,BWHvy,local,BS2,1,local,local,0,0.4810015559196472,0.41017869114875793,-0.07082286477088928,0.05318757891654968,0.31040528416633606,0.4810015559196472,0.37180548906326294,0.2640223801136017,0.21801578998565674,0.2549760639667511,0.41017869114875793
14,S2,LatCrit,local,local,0,local,local,0,0.5030351281166077,0.41694915294647217,-0.0860859751701355,0.018539471551775932,0.1721719354391098,0.5030351281166077,0.41694915294647217,0.230073943734169,0.30458498001098633,0.2668909430503845,0.2784658670425415
14,S2,ComHvy,local,local,0,local,local,0,0.4918842315673828,0.43614357709884644,-0.05574065446853638,0.013973541557788849,0.15146587789058685,0.4918842315673828,0.43614357709884644,0.2635137140750885,0.24352143704891205,0.2446020543575287,0.3203350007534027
14,S2,BWHvy,local,local,0,local,local,0,0.477938175201416,0.3885800242424011,-0.08935815095901489,0.022702954709529877,0.1829325556755066,0.477938175201416,0.3885800242424011,0.2628858983516693,0.2607777714729309,0.2591759264469147,0.35064220428466797
14,S3,LatCrit,local,local,0,local,local,0,0.5216900110244751,0.4677199721336365,-0.05397003889083862,0.0070151835680007935,0.10794007778167725,0.5216900110244751,0.4677199721336365,0.25897881388664246,0.2695123851299286,0.21933117508888245,0.26276764273643494
14,S3,ComHvy,local,local,0,BS1,BS1,0,0.4950193762779236,0.40479159355163574,-0.09022778272628784,0.01937706395983696,0.18045559525489807,0.4950193762779236,0.40479159355163574,0.2900717854499817,0.31077203154563904,0.21490883827209473,0.2844364047050476
14,S3,BWHvy,local,local,0,local,BS1,1,0.48949217796325684,0.4169008135795593,-0.07259136438369751,0.01802210509777069,0.168625608086586,0.48949217796325684,0.4169008135795593,0.2634097933769226,0.2516883611679077,0.24709801375865936,0.33141082525253296
14,S4,LatCrit,local,local,0,local,local,0,0.49893414974212646,0.46711647510528564,-0.03181767463684082,0.0036397315561771393,0.0737549364566803,0.49893414974212646,0.46711647510528564,0.25652334094047546,0.25146353244781494,0.24454253911972046,0.2814199924468994
14,S4,ComHvy,local,local,0,local,local,0,0.5084503889083862,0.4015658497810364,-0.10688453912734985,0.02362769842147827,0.2137690633535385,0.5084503889083862,0.4015658497810364,0.23968417942523956,0.2805328667163849,0.2518654763698578,0.3179013133049011
14,S4,BWHvy,local,local,0,local,local,0,0.5255433320999146,0.49334460496902466,-0.03219872713088989,0.002090534195303917,0.06439743936061859,0.5255433320999146,0.49334460496902466,0.2524119019508362,0.2674398124217987,0.22204475104808807,0.23921555280685425
14,S5,LatCrit,local,local,0,BS1,BS1,0,0.5110984444618225,0.4277241826057434,-0.0833742618560791,0.01960190385580063,0.1736249327659607,0.5110984444618225,0.4277241826057434,0.22959019243717194,0.2261519879102707,0.25931137800216675,0.3461238443851471
14,S5,ComHvy,local,local,0,local,local,0,0.5012677907943726,0.4921385645866394,-0.009129226207733154,0.017679966986179352,0.14192427694797516,0.5012677907943726,0.4921385645866394,0.23722019791603088,0.30818232893943787,0.26151204109191895,0.19967912137508392
14,S5,BWHvy,local,local,0,local,local,0,0.5353161096572876,0.4373348355293274,-0.0979812741279602,0.019943736493587494,0.1959625780582428,0.5353161096572876,0.4373348355293274,0.2235543429851532,0.25606074929237366,0.24112948775291443,0.30660438537597656
14,S6,LatCrit,local,local,0,BS2,BS2,0,0.4748268127441406,0.46766185760498047,-0.007164955139160156,0.009372472763061523,0.10643145442008972,0.4748268127441406,0.46766185760498047,0.27205005288124084,0.22599929571151733,0.25312310457229614,0.3063388466835022
14,S6,ComHvy,local,local,0,local,local,0,0.49451297521591187,0.4846459627151489,-0.00986701250076294,0.003216186538338661,0.06612148880958557,0.49451297521591187,0.4846459627151489,0.2563311755657196,0.2893919050693512,0.24915586411952972,0.22596211731433868
14,S6,BWHvy,local,local,0,local,local,0,0.4962155818939209,0.42215681076049805,-0.07405877113342285,0.018277592957019806,0.1725039780139923,0.4962155818939209,0.42215681076049805,0.2451627552509308,0.23296955227851868,0.2586216628551483,0.34487366676330566
14,S7,LatCrit,local,local,0,local,local,0,0.4877350330352783,0.4356428384780884,-0.05209219455718994,0.005929642356932163,0.1041843593120575,0.4877350330352783,0.4356428384780884,0.2619993984699249,0.3004617393016815,0.25026559829711914,0.2638954222202301
14,S7,ComHvy,local,local,0,local,local,0,0.5021780133247375,0.46731626987457275,-0.034861743450164795,0.0035210922360420227,0.07013359665870667,0.5021780133247375,0.46731626987457275,0.24791212379932404,0.2477070689201355,0.24990986287593842,0.28497666120529175
14,S7,BWHvy,local,local,0,local,local,0,0.4885801672935486,0.4873276948928833,-0.0012524724006652832,0.00011923955753445625,0.012164652347564697,0.4885801672935486,0.4873276948928833,0.2537219524383545,0.25980424880981445,0.2576979100704193,0.25286802649497986
14,S8,LatCrit,local,BS2,1,local,BS2,1,0.45963478088378906,0.38680994510650635,-0.07282483577728271,0.02624562382698059,0.20911674201488495,0.45963478088378906,0.36938685178756714,0.25811365246772766,0.2438032180070877,0.2822515666484833,0.38680994510650635
14,S8,ComHvy,local,local,0,local,local,0,0.49842894077301025,0.4884783625602722,-0.009950578212738037,0.0012627048417925835,0.0431450754404068,0.49842894077301025,0.4884783625602722,0.24795925617218018,0.269531786441803,0.25361183285713196,0.241989865899086
14,S8,BWHvy,local,local,0,BS2,BS2,0,0.5307338237762451,0.5153205990791321,-0.015413224697113037,0.02267570048570633,0.1583385169506073,0.5307338237762451,0.5153205990791321,0.20680825412273407,0.14305223524570465,0.26245787739753723,0.3416271507740021
15,S1,LatCrit,local,local,0,local,local,0,0.47842562198638916,0.492495059967041,0.014069437980651855,0.009648803621530533,0.10952197015285492,0.47842562198638916,0.492495059967041,0.2682116627693176,0.21345065534114838,0.2533627450466156,0.2940542697906494
15,S1,ComHvy,local,local,0,local,local,0,0.5085959434509277,0.5071068406105042,-0.001489102840423584,0.001707693561911583,0.04215818643569946,0.5085959434509277,0.5071068406105042,0.27103087306022644,0.29210999608039856,0.22037313878536224,0.20078317821025848
15,S1,BWHvy,local,local,0,local,local,0,0.4732564687728882,0.5075663328170776,0.03430986404418945,0.014421191066503525,0.1392173320055008,0.4732564687728882,0.5075663328170776,0.26719170808792114,0.19758300483226776,0.2595518231391907,0.29485058784484863
15,S2,LatCrit,local,local,0,local,local,0,0.5068025588989258,0.5410213470458984,0.034218788146972656,0.007782939821481705,0.0979083776473999,0.5068025588989258,0.5410213470458984,0.22386738657951355,0.1749131977558136,0.26933008432388306,0.28406548500061035
15,S2,ComHvy,local,local,0,BS1,local,1,0.5033498406410217,0.5555298924446106,0.05218005180358887,0.010053017176687717,0.11540351808071136,0.5033498406410217,0.5555298924446106,0.26249104738235474,0.20478929579257965,0.23415911197662354,0.23968082666397095
15,S2,BWHvy,local,local,0,local,local,0,0.4844023585319519,0.5104459524154663,0.026043593883514404,0.006696769967675209,0.09660741686820984,0.4844023585319519,0.5104459524154663,0.2615440785884857,0.213240385055542,0.2540535628795624,0.2763136923313141
15,S3,LatCrit,local,local,0,local,local,0,0.5356625318527222,0.5861493945121765,0.050486862659454346,0.007760990876704454,0.10097368061542511,0.5356625318527222,0.5861493945121765,0.24718846380710602,0.19859008491039276,0.21714895963668823,0.21526052057743073
15,S3,ComHvy,local,local,0,local,local,0,0.4977084994316101,0.5246411561965942,0.02693265676498413,0.009927548468112946,0.11776517331600189,0.4977084994316101,0.5246411561965942,0.2846798896789551,0.22579729557037354,0.21761161088943481,0.24956153333187103
15,S3,BWHvy,local,local,0,local,local,0,0.5075579881668091,0.5304148197174072,0.022856831550598145,0.0085575170814991,0.10492026805877686,0.5075579881668091,0.5304148197174072,0.2514822483062744,0.1990220993757248,0.2409597784280777,0.2705630660057068
15,S4,LatCrit,local,local,0,local,local,0,0.5119977593421936,0.5484214425086975,0.036423683166503906,0.00927167758345604,0.11109930276870728,0.5119977593421936,0.5484214425086975,0.2489442527294159,0.19339460134506226,0.2390579879283905,0.25818395614624023
15,S4,ComHvy,local,local,0,local,local,0,0.5104858875274658,0.5058420896530151,-0.004643797874450684,0.002162095159292221,0.0505242794752121,0.5104858875274658,0.5058420896530151,0.24466410279273987,0.2240457534790039,0.2448500543832779,0.27011218667030334
15,S4,BWHvy,local,local,0,local,local,0,0.5234615802764893,0.4955976605415344,-0.027863919734954834,0.00995388999581337,0.12120591104030609,0.5234615802764893,0.4955976605415344,0.24560098350048065,0.21286197006702423,0.2309374064207077,0.29154038429260254
15,S5,LatCrit,local,local,0,local,local,0,0.5051385760307312,0.49246519804000854,-0.012673377990722656,0.0004130750894546509,0.02534674108028412,0.5051385760307312,0.49246519804000854,0.2345169484615326,0.2356448918581009,0.2603445053100586,0.27188992500305176
15,S5,ComHvy,local,local,0,local,local,0,0.5113471746444702,0.5774391889572144,0.06609201431274414,0.009832404553890228,0.13218405842781067,0.5113471746444702,0.5774391889572144,0.23213088512420654,0.21410249173641205,0.25652197003364563,0.2084583193063736
15,S5,BWHvy,local,local,0,local,local,0,0.5456300973892212,0.5326379537582397,-0.012992143630981445,0.01428356021642685,0.12661099433898926,0.5456300973892212,0.5326379537582397,0.21615304052829742,0.16583967208862305,0.23821686208248138,0.3015223443508148
15,S6,LatCrit,local,local,0,BS2,BS2,0,0.4820077419281006,0.4946337938308716,0.012626051902770996,0.007513906806707382,0.09710556268692017,0.4820077419281006,0.4946337938308716,0.26963913440704346,0.22108635306358337,0.24835309386253357,0.28427982330322266
15,S6,ComHvy,local,local,0,local,local,0,0.4897354245185852,0.4860838055610657,-0.0036516189575195312,0.0004678769037127495,0.025041356682777405,0.4897354245185852,0.4860838055610657,0.2575453221797943,0.2700659930706024,0.2527192533016205,0.24385018646717072
15,S6,BWHvy,local,local,0,local,local,0,0.5048577785491943,0.5164612531661987,0.011603474617004395,0.00029868166893720627,0.023206904530525208,0.5048577785491943,0.5164612531661987,0.24658721685409546,0.23817992210388184,0.24855495989322662,0.24535882472991943
15,S7,LatCrit,local,local,0,local,local,0,0.49184274673461914,0.5328885912895203,0.04104584455490112,0.003911901265382767,0.08209167420864105,0.49184274673461914,0.5328885912895203,0.2588164806365967,0.2271835207939148,0.2493407428264618,0.23992787301540375
15,S7,ComHvy,local,local,0,BS2,BS2,0,0.5011152029037476,0.46649253368377686,-0.0346226692199707,0.005364235490560532,0.09261709451675415,0.5011152029037476,0.46649253368377686,0.24915564060211182,0.23746977746486664,0.24972917139530182,0.2960377335548401
15,S7,BWHvy,local,local,0,local,local,0,0.4811643362045288,0.4868656396865845,0.005701303482055664,0.010529991239309311,0.1070711761713028,0.4811643362045288,0.4868656396865845,0.25121650099754333,0.19768093526363373,0.26761913299560547,0.315453439950943
15,S8,LatCrit,local,local,0,BS2,BS2,0,0.4543899893760681,0.49247080087661743,0.038080811500549316,0.007802927866578102,0.10377904772758484,0.4543899893760681,0.49247080087661743,0.26086336374282837,0.20897382497787476,0.2847466766834259,0.2985553741455078
15,S8,ComHvy,local,local,0,local,local,0,0.4839666485786438,0.49823129177093506,0.01426464319229126,0.0007809600792825222,0.03340312838554382,0.4839666485786438,0.49823129177093506,0.25875869393348694,0.24205714464187622,0.25727465748786926,0.2597115933895111
15,S8,BWHvy,local,local,0,local,local,0,0.5312774181365967,0.5477567315101624,0.016479313373565674,0.017319202423095703,0.1297125667333603,0.5312774181365967,0.5477567315101624,0.20506557822227478,0.14020930230617523,0.26365700364112854,0.3120339810848236
16,S1,LatCrit,local,local,0,local,local,0,0.48836439847946167,0.5663275718688965,0.07796317338943481,0.021105047315359116,0.1614612191915512,0.48836439847946167,0.5663275718688965,0.2662595510482788,0.1855289489030838,0.24537606537342072,0.2481435090303421
16,S1,ComHvy,local,local,0,local,local,0,0.5165780782699585,0.6163978576660156,0.09981977939605713,0.02181199938058853,0.19963960349559784,0.5165780782699585,0.6163978576660156,0.26580676436424255,0.22464948892593384,0.21761517226696014,0.15895262360572815
16,S1,BWHvy,local,local,0,local,local,0,0.49374234676361084,0.5975656509399414,0.10382330417633057,0.037394843995571136,0.20764659345149994,0.49374234676361084,0.5975656509399414,0.2518748641014099,0.15132467448711395,0.25438278913497925,0.25110968947410583
16,S2,LatCrit,local,local,0,local,local,0,0.51252281665802,0.5828465223312378,0.07032370567321777,0.017095617949962616,0.14064735174179077,0.51252281665802,0.5828465223312378,0.22253155708312988,0.1556870937347412,0.2649455666542053,0.261466383934021
16,S2,ComHvy,local,local,0,local,local,0,0.4953145980834961,0.5575215816497803,0.06220698356628418,0.023976687341928482,0.1756645292043686,0.4953145980834961,0.5575215816497803,0.26248741149902344,0.17465512454509735,0.24219802021980286,0.2678232789039612
16,S2,BWHvy,local,local,0,local,local,0,0.4855162501335144,0.5800279378890991,0.09451168775558472,0.021268632262945175,0.18902330100536346,0.4855162501335144,0.5800279378890991,0.25588324666023254,0.1855509728193283,0.25860047340393066,0.23442113399505615
16,S3,LatCrit,local,local,0,local,local,0,0.5338519215583801,0.6090900897979736,0.0752381682395935,0.012446328997612,0.150476336479187,0.5338519215583801,0.6090900897979736,0.2560010552406311,0.20340150594711304,0.21014700829982758,0.18750838935375214
16,S3,ComHvy,local,local,0,local,local,0,0.5354523658752441,0.6456111669540405,0.11015880107879639,0.033376406878232956,0.22031763195991516,0.5354523658752441,0.6456111669540405,0.26883837580680847,0.1726413369178772,0.19570927321910858,0.18174748122692108
16,S3,BWHvy,local,local,0,local,local,0,0.4897530674934387,0.5481764078140259,0.05842334032058716,0.015065256506204605,0.1399286687374115,0.4897530674934387,0.5481764078140259,0.25927624106407166,0.1893118917942047,0.2509706914424896,0.262511670589447
16,S4,LatCrit,local,local,0,BS1,local,1,0.496518611907959,0.5559848546981812,0.05946624279022217,0.009680927731096745,0.11893245577812195,0.496518611907959,0.5559848546981812,0.25952669978141785,0.20648284256458282,0.24395468831062317,0.2375323325395584
16,S4,ComHvy,local,local,0,local,local,0,0.5092428922653198,0.5920450687408447,0.0828021764755249,0.02586304396390915,0.1695813685655594,0.5092428922653198,0.5920450687408447,0.24038425087928772,0.15559358894824982,0.25037285685539246,0.25236138701438904
16,S4,BWHvy,local,local,0,local,local,0,0.5502068400382996,0.6418139934539795,0.09160715341567993,0.018325012177228928,0.18321427702903748,0.5502068400382996,0.6418139934539795,0.23707158863544464,0.1793464869260788,0.2127215713262558,0.1788395494222641
16,S5,LatCrit,local,local,0,local,local,0,0.50118488073349,0.5112266540527344,0.010041773319244385,0.00022320030257105827,0.020083501935005188,0.50118488073349,0.5112266540527344,0.23524411022663116,0.23277491331100464,0.26357099413871765,0.2559984624385834
16,S5,ComHvy,local,local,0,local,local,0,0.49324148893356323,0.5441741943359375,0.05093270540237427,0.005699716508388519,0.10186541080474854,0.49324148893356323,0.5441741943359375,0.241582989692688,0.207278311252594,0.2651755213737488,0.2485474944114685
16,S5,BWHvy,local,local,0,local,local,0,0.544823408126831,0.6267521381378174,0.08192873001098633,0.03459228575229645,0.18392789363861084,0.544823408126831,0.6267521381378174,0.21116198599338531,0.11919806152582169,0.24401459097862244,0.2540498375892639
16,S6,LatCrit,local,local,0,local,local,0,0.48301583528518677,0.5559135675430298,0.07289773225784302,0.04159894213080406,0.22344981133937836,0.48301583528518677,0.5559135675430298,0.2620329260826111,0.1503080278635025,0.25495123863220215,0.2937784194946289
16,S6,ComHvy,local,local,0,local,local,0,0.4824131727218628,0.48225027322769165,-0.00016289949417114258,0.004047825932502747,0.06459406018257141,0.4824131727218628,0.48225027322769165,0.2556203007698059,0.22348618507385254,0.2619665265083313,0.2942635715007782
16,S6,BWHvy,local,local,0,BS1,BS1,0,0.4900938868522644,0.5175108909606934,0.027417004108428955,0.0017013512551784515,0.054834067821502686,0.4900938868522644,0.5175108909606934,0.24642755091190338,0.2398873269557953,0.2634785771369934,0.24260173738002777
16,S7,LatCrit,local,local,0,local,local,0,0.47584038972854614,0.524673581123352,0.04883319139480591,0.03081759810447693,0.19375914335250854,0.47584038972854614,0.524673581123352,0.2579497694969177,0.16107022762298584,0.26620981097221375,0.3142562210559845
16,S7,ComHvy,local,local,0,local,local,0,0.49956613779067993,0.5274170637130737,0.0278509259223938,0.00784568302333355,0.10168701410293579,0.49956613779067993,0.5274170637130737,0.24584290385246277,0.19499942660331726,0.2545909285545349,0.2775835394859314
16,S7,BWHvy,local,local,0,local,local,0,0.4782683253288269,0.5694299340248108,0.09116160869598389,0.019178036600351334,0.18232324719429016,0.4782683253288269,0.5694299340248108,0.25884050130844116,0.19292254745960236,0.2628912031650543,0.23764751851558685
16,S8,LatCrit,local,local,0,local,local,0,0.483964204788208,0.6176356077194214,0.13367140293121338,0.039371419697999954,0.26734277606010437,0.483964204788208,0.6176356077194214,0.24894776940345764,0.1650293916463852,0.26708799600601196,0.21733500063419342
16,S8,ComHvy,local,local,0,local,local,0,0.4849735498428345,0.5582579374313354,0.07328438758850098,0.028418010100722313,0.18403470516204834,0.4849735498428345,0.5582579374313354,0.2498064786195755,0.15778915584087372,0.26521995663642883,0.2839529514312744
16,S8,BWHvy,local,local,0,local,local,0,0.516642689704895,0.5199496746063232,0.0033069849014282227,0.01045229285955429,0.09824483096599579,0.516642689704895,0.5199496746063232,0.20484106242656708,0.1557186245918274,0.2785162627696991,0.324331670999527
17,S1,LatCrit,local,local,0,local,local,0,0.47793489694595337,0.5780013799667358,0.10006648302078247,0.02182512730360031,0.20013298094272614,0.47793489694595337,0.5780013799667358,0.2749379575252533,0.23861832916736603,0.24712713062763214,0.18338026106357574
17,S1,ComHvy,local,local,0,local,local,0,0.5104345083236694,0.6388756632804871,0.12844115495681763,0.037646085023880005,0.2568822503089905,0.5104345083236694,0.6388756632804871,0.2698519229888916,0.17829816043376923,0.21971353888511658,0.1828262060880661
17,S1,BWHvy,local,local,0,local,local,0,0.4802548885345459,0.5968548059463501,0.1165999174118042,0.027788661420345306,0.23319989442825317,0.4802548885345459,0.5968548059463501,0.2689611613750458,0.20397129654884338,0.2507840096950531,0.19917389750480652
17,S2,LatCrit,local,local,0,local,local,0,0.5163172483444214,0.6618756055831909,0.14555835723876953,0.05157667398452759,0.29111671447753906,0.5163172483444214,0.6618756055831909,0.2184165120124817,0.18067923188209534,0.2652662694454193,0.15744519233703613
17,S2,ComHvy,local,local,0,local,local,0,0.4850456714630127,0.6249822378158569,0.13993656635284424,0.04794767126441002,0.27987316250801086,0.4850456714630127,0.6249822378158569,0.2718827724456787,0.16586065292358398,0.2430715560913086,0.2091570794582367
17,S2,BWHvy,local,local,0,local,local,0,0.47682082653045654,0.6395158767700195,0.162695050239563,0.05574772506952286,0.325390100479126,0.47682082653045654,0.6395158767700195,0.26714298129081726,0.1737564653158188,0.2560361921787262,0.18672767281532288
17,S3,LatCrit,local,local,0,local,local,0,0.5276010036468506,0.6092891693115234,0.08168816566467285,0.01787472888827324,0.16337637603282928,0.5276010036468506,0.6092891693115234,0.25072893500328064,0.18154194951057434,0.22167007625102997,0.20916885137557983
17,S3,ComHvy,local,local,0,local,local,0,0.5026452541351318,0.6007883548736572,0.09814310073852539,0.04349908232688904,0.2352399080991745,0.5026452541351318,0.6007883548736572,0.28439369797706604,0.16677376627922058,0.21296104788780212,0.23243792355060577
17,S3,BWHvy,local,local,0,local,local,0,0.4952296018600464,0.6199641227722168,0.12473452091217041,0.03231940418481827,0.24946901202201843,0.4952296018600464,0.6199641227722168,0.26037758588790894,0.18954098224639893,0.2443927824497223,0.19049489498138428
17,S4,LatCrit,local,local,0,BS1,local,1,0.4884721040725708,0.552580714225769,0.06410861015319824,0.008460909128189087,0.12821723520755768,0.4884721040725708,0.552580714225769,0.2672882676124573,0.24005208909511566,0.2442396581172943,0.2073672115802765
17,S4,ComHvy,local,local,0,local,local,0,0.4886820912361145,0.5767202973365784,0.08803820610046387,0.01644771546125412,0.17607639729976654,0.4886820912361145,0.5767202973365784,0.2577780485153198,0.20172575116157532,0.2535398602485657,0.2215539664030075
17,S4,BWHvy,local,local,0,local,local,0,0.5248469710350037,0.6281834840774536,0.10333651304244995,0.022196806967258453,0.2066730409860611,0.5248469710350037,0.6281834840774536,0.24922923743724823,0.19477880001068115,0.2259237915277481,0.17703770101070404
17,S5,LatCrit,local,local,0,local,local,0,0.5175305604934692,0.6408556699752808,0.12332510948181152,0.03247024491429329,0.24665029346942902,0.5175305604934692,0.6408556699752808,0.2290804535150528,0.17993813753128052,0.25338903069496155,0.17920616269111633
17,S5,ComHvy,local,local,0,local,local,0,0.4995121955871582,0.6051784753799438,0.10566627979278564,0.025124765932559967,0.21133258938789368,0.4995121955871582,0.6051784753799438,0.2395247370004654,0.17019642889499664,0.2609630823135376,0.22462508082389832
17,S5,BWHvy,local,local,0,local,local,0,0.5369856357574463,0.6452323198318481,0.10824668407440186,0.025033626705408096,0.2164933681488037,0.5369856357574463,0.6452323198318481,0.23062874376773834,0.16984868049621582,0.23238562047481537,0.18491899967193604
17,S6,LatCrit,local,local,0,BS1,local,1,0.46411800384521484,0.5214430093765259,0.057325005531311035,0.009408846497535706,0.11464996635913849,0.46411800384521484,0.5214430093765259,0.2823720872402191,0.27657318115234375,0.25350990891456604,0.20198385417461395
17,S6,ComHvy,local,local,0,BS1,local,1,0.5032192468643188,0.6463959217071533,0.14317667484283447,0.05907530337572098,0.28635329008102417,0.5032192468643188,0.6463959217071533,0.24640943109989166,0.13104963302612305,0.2503712773323059,0.22255444526672363
17,S6,BWHvy,local,local,0,local,local,0,0.4957996606826782,0.5591391324996948,0.0633394718170166,0.008321961387991905,0.126678928732872,0.4957996606826782,0.5591391324996948,0.24209053814411163,0.20483124256134033,0.26210978627204895,0.23602962493896484
17,S7,LatCrit,local,local,0,local,local,0,0.48845916986465454,0.5896248817443848,0.10116571187973022,0.023775532841682434,0.20233143866062164,0.48845916986465454,0.5896248817443848,0.26036107540130615,0.23098641633987427,0.2511797845363617,0.17938871681690216
17,S7,ComHvy,local,local,0,local,local,0,0.5050002336502075,0.6032748222351074,0.0982745885848999,0.025005308911204338,0.19654911756515503,0.5050002336502075,0.6032748222351074,0.24761709570884705,0.16971391439437866,0.24738262593746185,0.2270112782716751
17,S7,BWHvy,local,local,0,local,local,0,0.47405487298965454,0.5372684001922607,0.0632135272026062,0.008452985435724258,0.1264270693063736,0.47405487298965454,0.5372684001922607,0.26163986325263977,0.23971432447433472,0.2643052339553833,0.22301723062992096
17,S8,LatCrit,local,local,0,local,local,0,0.46441346406936646,0.5750808715820312,0.1106674075126648,0.03531082719564438,0.2213348001241684,0.46441346406936646,0.5750808715820312,0.25393053889274597,0.24355460703372955,0.2816559970378876,0.1813645362854004
17,S8,ComHvy,local,local,0,local,local,0,0.5006173253059387,0.7115031480789185,0.21088582277297974,0.10380631685256958,0.4217716455459595,0.5006173253059387,0.7115031480789185,0.25027626752853394,0.1227479949593544,0.24910642206668854,0.16574889421463013
17,S8,BWHvy,local,local,0,local,local,0,0.5190815925598145,0.574095606803894,0.05501401424407959,0.006415888667106628,0.11002802848815918,0.5190815925598145,0.574095606803894,0.21452051401138306,0.1827474981546402,0.2663978934288025,0.24315689504146576
18,S1,LatCrit,local,local,0,local,local,0,0.487481951713562,0.5626522302627563,0.07517027854919434,0.020634077489376068,0.15404561161994934,0.487481951713562,0.5626522302627563,0.2665122151374817,0.26836472749710083,0.2460058331489563,0.16898301243782043
18,S1,ComHvy,local,local,0,local,local,0,0.5070080757141113,0.5666072368621826,0.05959916114807129,0.03631492704153061,0.21197474002838135,0.5070080757141113,0.5666072368621826,0.26835858821868896,0.16237124800682068,0.22463330626487732,0.2710215449333191
18,S1,BWHvy,local,local,0,local,local,0,0.4786123037338257,0.583685040473938,0.1050727367401123,0.040065884590148926,0.21071240305900574,0.4786123037338257,0.583685040473938,0.26295003294944763,0.2632335126399994,0.2584376335144043,0.15308144688606262
18,S2,LatCrit,local,local,0,local,local,0,0.49669039249420166,0.5497822761535645,0.05309188365936279,0.012449771165847778,0.131221204996109,0.49669039249420166,0.5497822761535645,0.23133158683776855,0.24385029077529907,0.2719780504703522,0.20636743307113647
18,S2,ComHvy,local,local,0,local,local,0,0.506043553352356,0.6329815983772278,0.12693804502487183,0.03422212600708008,0.25387611985206604,0.506043553352356,0.6329815983772278,0.2559202015399933,0.17996378242969513,0.23803627490997314,0.1870546191930771
18,S2,BWHvy,local,local,0,local,local,0,0.4960981011390686,0.6555595397949219,0.15946143865585327,0.053794100880622864,0.31892281770706177,0.4960981011390686,0.6555595397949219,0.25771382451057434,0.18256790935993195,0.24618805944919586,0.16187258064746857
18,S3,LatCrit,local,local,0,local,local,0,0.5230304002761841,0.5757213830947876,0.052690982818603516,0.005943251773715019,0.10538196563720703,0.5230304002761841,0.5757213830947876,0.2644804120063782,0.22763340175151825,0.21248921751976013,0.19664524495601654
18,S3,ComHvy,local,local,0,local,local,0,0.5165521502494812,0.6421508193016052,0.12559866905212402,0.03602486476302147,0.25119733810424805,0.5165521502494812,0.6421508193016052,0.27985674142837524,0.1872471123933792,0.20359110832214355,0.17060208320617676
18,S3,BWHvy,local,local,0,local,local,0,0.48924678564071655,0.5556330680847168,0.06638628244400024,0.013454444706439972,0.1327725648880005,0.48924678564071655,0.5556330680847168,0.2591565251350403,0.2550884485244751,0.25159668922424316,0.1892784833908081
18,S4,LatCrit,local,local,0,local,local,0,0.49777519702911377,0.5868930816650391,0.08911788463592529,0.018677975982427597,0.178235724568367,0.49777519702911377,0.5868930816650391,0.25904524326324463,0.23379987478256226,0.2431795299053192,0.17930705845355988
18,S4,ComHvy,local,local,0,local,local,0,0.5107817649841309,0.5901210308074951,0.07933926582336426,0.013111051172018051,0.15867847204208374,0.5107817649841309,0.5901210308074951,0.23964481055736542,0.19367197155952454,0.24957339465618134,0.21620702743530273
18,S4,BWHvy,local,local,0,local,local,0,0.557157039642334,0.6707736849784851,0.11361664533615112,0.03322898596525192,0.22723327577114105,0.557157039642334,0.6707736849784851,0.23799268901348114,0.20207402110099792,0.2048502415418625,0.12715227901935577
18,S5,LatCrit,local,local,0,local,local,0,0.5191959142684937,0.5987975001335144,0.07960158586502075,0.017154734581708908,0.15920314192771912,0.5191959142684937,0.5987975001335144,0.22812707722187042,0.2168159931898117,0.25267699360847473,0.18438652157783508
18,S5,ComHvy,local,local,0,local,local,0,0.49675148725509644,0.5587015748023987,0.061950087547302246,0.013866405934095383,0.1257200539112091,0.49675148725509644,0.5587015748023987,0.234895259141922,0.17203524708747864,0.2683532238006592,0.2692631781101227
18,S5,BWHvy,local,local,0,local,local,0,0.5394352674484253,0.6018446683883667,0.062409400939941406,0.011437416076660156,0.12481875717639923,0.5394352674484253,0.6018446683883667,0.22465981543064117,0.21846257150173187,0.23590493202209473,0.1796928197145462
18,S6,LatCrit,local,local,0,local,local,0,0.4887891411781311,0.5657967925071716,0.07700765132904053,0.03211034834384918,0.19434919953346252,0.4887891411781311,0.5657967925071716,0.26126131415367126,0.2814282476902008,0.24994954466819763,0.15277493000030518
18,S6,ComHvy,local,local,0,BS1,local,1,0.4928678870201111,0.5501935482025146,0.057325661182403564,0.018543681129813194,0.15279556810855865,0.4928678870201111,0.5501935482025146,0.2500304877758026,0.1736326962709427,0.2571016252040863,0.27617374062538147
18,S6,BWHvy,local,local,0,local,local,0,0.49589085578918457,0.5628951191902161,0.0670042634010315,0.01241963729262352,0.134008526802063,0.49589085578918457,0.5628951191902161,0.25156593322753906,0.24332588911056519,0.25254321098327637,0.19377899169921875
18,S7,LatCrit,local,local,0,local,local,0,0.4830024838447571,0.5348843336105347,0.05188184976577759,0.005483260378241539,0.10376374423503876,0.4830024838447571,0.5348843336105347,0.25456133484840393,0.22468143701553345,0.2624362111091614,0.2404342144727707
18,S7,ComHvy,local,local,0,local,local,0,0.5039232969284058,0.5633143186569214,0.059391021728515625,0.009899955242872238,0.11878213286399841,0.5039232969284058,0.5633143186569214,0.2505512833595276,0.19746528565883636,0.24552546441555023,0.23922035098075867
18,S7,BWHvy,local,local,0,local,local,0,0.494981050491333,0.5818066596984863,0.08682560920715332,0.021892815828323364,0.17365115880966187,0.494981050491333,0.5818066596984863,0.2515101134777069,0.24191422760486603,0.2535088062286377,0.17627914249897003
18,S8,LatCrit,local,local,0,local,local,0,0.47754544019699097,0.59246426820755,0.11491882801055908,0.05485013127326965,0.24789009988307953,0.47754544019699097,0.59246426820755,0.2557891011238098,0.2648153305053711,0.2666654586791992,0.14272041618824005
18,S8,ComHvy,local,local,0,local,local,0,0.4838590621948242,0.5929230451583862,0.10906398296356201,0.03477427363395691,0.21812795102596283,0.4838590621948242,0.5929230451583862,0.25310054421424866,0.1588856279850006,0.26304036378860474,0.24819131195545197
18,S8,BWHvy,local,local,0,local,local,0,0.5084539651870728,0.5443501472473145,0.0358961820602417,0.012481823563575745,0.13173013925552368,0.5084539651870728,0.5443501472473145,0.2148190289735794,0.24478791654109955,0.27672699093818665,0.2108619213104248
19,S1,LatCrit,local,local,0,local,local,0,0.4877537488937378,0.5412075519561768,0.053453803062438965,0.008450068533420563,0.10690762102603912,0.4877537488937378,0.5412075519561768,0.26745420694351196,0.263024240732193,0.24479204416275024,0.19576819241046906
19,S1,ComHvy,local,local,0,local,local,0,0.510124683380127,0.5846306085586548,0.07450592517852783,0.011281568557024002,0.14901183545589447,0.510124683380127,0.5846306085586548,0.27279236912727356,0.23207883536815643,0.21708297729492188,0.18329060077667236
19,S1,BWHvy,local,local,0,local,local,0,0.47269541025161743,0.5490311980247498,0.07633578777313232,0.013428885489702225,0.15267157554626465,0.47269541025161743,0.5490311980247498,0.26786601543426514,0.24732276797294617,0.25943857431411743,0.20364603400230408
19,S2,LatCrit,local,local,0,BS2,local,1,0.500258207321167,0.559041440486908,0.05878323316574097,0.006973538547754288,0.11756646633148193,0.500258207321167,0.559041440486908,0.2333066612482071,0.2075018733739853,0.2664351165294647,0.23345667123794556
19,S2,ComHvy,local,local,0,local,local,0,0.5107841491699219,0.6585414409637451,0.14775729179382324,0.04896380007266998,0.2955145537853241,0.5107841491699219,0.6585414409637451,0.2541840076446533,0.15905480086803436,0.2350318431854248,0.1824037879705429
19,S2,BWHvy,local,local,0,local,local,0,0.4992169141769409,0.5875040292739868,0.0882871150970459,0.016333650797605515,0.17657417058944702,0.4992169141769409,0.5875040292739868,0.25618109107017517,0.22024069726467133,0.24460196495056152,0.19225530326366425
19,S3,LatCrit,local,local,0,local,local,0,0.5148040056228638,0.5135093927383423,-0.0012946128845214844,0.007972698658704758,0.089143767952919,0.5148040056228638,0.5135093927383423,0.25685152411460876,0.21357426047325134,0.22834445536136627,0.27291634678840637
19,S3,ComHvy,local,local,0,local,local,0,0.49939900636672974,0.5236002206802368,0.02420121431350708,0.009396526962518692,0.11467987298965454,0.49939900636672974,0.5236002206802368,0.2953886091709137,0.23804867267608643,0.20521238446235657,0.23835110664367676
19,S3,BWHvy,local,local,0,local,local,0,0.4997478127479553,0.582053542137146,0.08230572938919067,0.015158750116825104,0.16461150348186493,0.4997478127479553,0.582053542137146,0.25660037994384766,0.2301063984632492,0.24365182220935822,0.1878400295972824
19,S4,LatCrit,local,local,0,local,local,0,0.4945814609527588,0.5351790189743042,0.04059755802154541,0.003598889335989952,0.08119510114192963,0.4945814609527588,0.5351790189743042,0.26063087582588196,0.2476266324520111,0.24478769302368164,0.21719439327716827
19,S4,ComHvy,local,local,0,BS2,BS2,0,0.5207875967025757,0.5784018635749817,0.057614266872406006,0.00849758367985487,0.11522850394248962,0.5207875967025757,0.5784018635749817,0.2347433716058731,0.188516303896904,0.24446900188922882,0.23308183252811432
19,S4,BWHvy,local,local,0,local,local,0,0.5395387411117554,0.6007945537567139,0.061255812644958496,0.011000905185937881,0.1225116103887558,0.5395387411117554,0.6007945537567139,0.24985305964946747,0.2401430755853653,0.21060815453529358,0.15906234085559845
19,S5,LatCrit,local,local,0,local,local,0,0.5277434587478638,0.6268215179443359,0.09907805919647217,0.020425833761692047,0.19815614819526672,0.5277434587478638,0.6268215179443359,0.22851932048797607,0.1786685436964035,0.24373722076416016,0.19450990855693817
19,S5,ComHvy,local,local,0,local,local,0,0.484316349029541,0.5551097393035889,0.07079339027404785,0.010294850915670395,0.1415867805480957,0.484316349029541,0.5551097393035889,0.2538836896419525,0.21253524720668793,0.2617999315261841,0.23235498368740082
19,S5,BWHvy,local,local,0,local,local,0,0.5509653091430664,0.6232550144195557,0.07228970527648926,0.010896217077970505,0.14457941055297852,0.5509653091430664,0.6232550144195557,0.2176479697227478,0.18311601877212524,0.23138675093650818,0.19362899661064148
19,S6,LatCrit,local,local,0,BS1,local,1,0.4785687327384949,0.560752272605896,0.08218353986740112,0.01570245996117592,0.16436707973480225,0.4785687327384949,0.560752272605896,0.26249071955680847,0.24084262549877167,0.25894054770469666,0.19840510189533234
19,S6,ComHvy,local,local,0,local,local,0,0.5071262121200562,0.5641907453536987,0.05706453323364258,0.011982545256614685,0.12050050497055054,0.5071262121200562,0.5641907453536987,0.24338290095329285,0.18313264846801758,0.249490886926651,0.2526766061782837
19,S6,BWHvy,local,local,0,local,local,0,0.4876241683959961,0.4643055200576782,-0.02331864833831787,0.002840489149093628,0.0667734295129776,0.4876241683959961,0.4643055200576782,0.24745430052280426,0.28084102272987366,0.26492151618003845,0.2548534572124481
19,S7,LatCrit,local,local,0,local,local,0,0.47861355543136597,0.5662638545036316,0.08765029907226562,0.015661120414733887,0.17530059814453125,0.47861355543136597,0.5662638545036316,0.26290127635002136,0.22446633875370026,0.25848516821861267,0.20926980674266815
19,S7,ComHvy,local,local,0,local,local,0,0.5116279125213623,0.529927670955658,0.018299758434295654,0.0032424023374915123,0.06631338596343994,0.5116279125213623,0.529927670955658,0.24312016367912292,0.20996348559856415,0.24525193870067596,0.2601088881492615
19,S7,BWHvy,local,local,0,local,local,0,0.4817480444908142,0.5064116716384888,0.02466362714767456,0.004532170481979847,0.07997187972068787,0.4817480444908142,0.5064116716384888,0.2560712397098541,0.2160852551460266,0.26218074560165405,0.27750301361083984
19,S8,LatCrit,local,local,0,local,local,0,0.48259860277175903,0.5849881172180176,0.10238951444625854,0.0331672802567482,0.20477904379367828,0.48259860277175903,0.5849881172180176,0.2530081570148468,0.24711814522743225,0.26439324021339417,0.16789372265338898
19,S8,ComHvy,local,local,0,local,local,0,0.4762449264526367,0.5880318880081177,0.11178696155548096,0.026347626000642776,0.22357392311096191,0.4762449264526367,0.5880318880081177,0.260854035615921,0.1923309713602066,0.26290106773376465,0.2196371704339981
19,S8,BWHvy,local,local,0,local,local,0,0.5215587019920349,0.551943302154541,0.030384600162506104,0.002039741724729538,0.060769155621528625,0.5215587019920349,0.551943302154541,0.2040112167596817,0.19714811444282532,0.2744300663471222,0.25090861320495605
20,S1,LatCrit,local,local,0,local,local,0,0.48093920946121216,0.5485773086547852,0.067638099193573,0.010396737605333328,0.1352761685848236,0.48093920946121216,0.5485773086547852,0.27601921558380127,0.2553863525390625,0.24304157495498657,0.19603636860847473
20,S1,ComHvy,local,local,0,local,local,0,0.49970680475234985,0.5384976863861084,0.038790881633758545,0.0037713944911956787,0.0775817334651947,0.49970680475234985,0.5384976863861084,0.2756637632846832,0.266827791929245,0.22462941706180573,0.1946745365858078
20,S1,BWHvy,local,local,0,BS2,local,1,0.47218191623687744,0.5177268981933594,0.045544981956481934,0.00821094773709774,0.10426050424575806,0.47218191623687744,0.5177268981933594,0.25938287377357483,0.2072526216506958,0.26843520998954773,0.2750204801559448
20,S2,LatCrit,local,local,0,local,local,0,0.4865218997001648,0.46840643882751465,-0.018115460872650146,0.003371257334947586,0.07156883180141449,0.4865218997001648,0.46840643882751465,0.24005348980426788,0.27583789825439453,0.2734246253967285,0.2557556629180908
20,S2,ComHvy,local,local,0,local,local,0,0.5163317918777466,0.6424160003662109,0.12608420848846436,0.03861253336071968,0.2521684169769287,0.5163317918777466,0.6424160003662109,0.2534106373786926,0.16082774102687836,0.23025758564472198,0.1967562884092331
20,S2,BWHvy,local,local,0,local,local,0,0.46714073419570923,0.4757532477378845,0.008612513542175293,0.003782447427511215,0.0701398253440857,0.46714073419570923,0.4757532477378845,0.2777425944805145,0.24267268180847168,0.25511667132377625,0.2815740704536438
20,S3,LatCrit,local,local,0,local,local,0,0.5262953639030457,0.5353518724441528,0.009056508541107178,0.0017656022682785988,0.047880932688713074,0.5262953639030457,0.5353518724441528,0.2534811794757843,0.22954070568084717,0.22022344172000885,0.2351073920726776
20,S3,ComHvy,local,local,0,local,local,0,0.500849723815918,0.5504235029220581,0.04957377910614014,0.012967919930815697,0.1378013640642166,0.500849723815918,0.5504235029220581,0.28846675157546997,0.21956606209278107,0.21068353950977325,0.23001043498516083
20,S3,BWHvy,local,local,0,local,local,0,0.49439358711242676,0.5345467925071716,0.04015320539474487,0.003295067697763443,0.08030642569065094,0.49439358711242676,0.5345467925071716,0.25425994396209717,0.23037654161453247,0.2513464689254761,0.2350766509771347
20,S4,LatCrit,local,local,0,local,local,0,0.4862133264541626,0.4983431100845337,0.012129783630371094,0.0008728746324777603,0.03540569543838501,0.4862133264541626,0.4983431100845337,0.2668655812740326,0.272438645362854,0.24692106246948242,0.22921821475028992
20,S4,ComHvy,local,local,0,local,local,0,0.49399614334106445,0.5233141183853149,0.02931797504425049,0.0033726845867931843,0.06777392327785492,0.49399614334106445,0.5233141183853149,0.2529989182949066,0.21911196410655975,0.25300493836402893,0.2575739324092865
20,S4,BWHvy,local,local,0,local,local,0,0.5495095252990723,0.6435911655426025,0.09408164024353027,0.019858606159687042,0.18816331028938293,0.5495095252990723,0.6435911655426025,0.24020428955554962,0.20280002057552338,0.2102862149477005,0.15360881388187408
20,S5,LatCrit,local,local,0,local,local,0,0.5107237100601196,0.543454110622406,0.03273040056228638,0.0021751010790467262,0.06546077132225037,0.5107237100601196,0.543454110622406,0.23173150420188904,0.21402207016944885,0.25754475593566895,0.24252381920814514
20,S5,ComHvy,local,local,0,local,local,0,0.5022053718566895,0.5542562007904053,0.05205082893371582,0.005452116951346397,0.10410168766975403,0.5022053718566895,0.5542562007904053,0.23636114597320557,0.21134255826473236,0.2614334523677826,0.2344011813402176
20,S5,BWHvy,local,local,0,local,local,0,0.5561674237251282,0.6213936805725098,0.06522625684738159,0.00887090340256691,0.1304524838924408,0.5561674237251282,0.6213936805725098,0.21369673311710358,0.18224908411502838,0.23013585805892944,0.19635728001594543
20,S6,LatCrit,local,local,0,local,local,0,0.49486351013183594,0.5595908164978027,0.0647273063659668,0.011450909078121185,0.12945465743541718,0.49486351013183594,0.5595908164978027,0.2527940571308136,0.19641295075416565,0.25234243273735046,0.24399618804454803
20,S6,ComHvy,local,local,0,local,local,0,0.5115493535995483,0.5549478530883789,0.043398499488830566,0.004566782154142857,0.08679692447185516,0.5115493535995483,0.5549478530883789,0.2402537316083908,0.20640332996845245,0.24819688498973846,0.23864886164665222
20,S6,BWHvy,local,local,0,local,local,0,0.5007897019386292,0.53145432472229,0.03066462278366089,0.0022232523187994957,0.06132929027080536,0.5007897019386292,0.53145432472229,0.24541565775871277,0.2217172235250473,0.25379467010498047,0.24682843685150146
20,S7,LatCrit,local,local,0,local,local,0,0.49421894550323486,0.5697900056838989,0.07557106018066406,0.011919371783733368,0.1511421501636505,0.49421894550323486,0.5697900056838989,0.2566024959087372,0.2098093032836914,0.24917858839035034,0.22040069103240967
20,S7,ComHvy,local,local,0,BS2,local,1,0.5217746496200562,0.5688344240188599,0.04705977439880371,0.006830371916294098,0.09411953389644623,0.5217746496200562,0.5688344240188599,0.24094977974891663,0.1959173083305359,0.23727555572986603,0.23524826765060425
20,S7,BWHvy,local,local,0,local,local,0,0.4826282858848572,0.4809744358062744,-0.0016538500785827637,0.0002742251381278038,0.018402934074401855,0.4826282858848572,0.4809744358062744,0.2530403137207031,0.24549269676208496,0.2643314003944397,0.2735328674316406
20,S8,LatCrit,local,local,0,local,local,0,0.47408920526504517,0.5322509407997131,0.05816173553466797,0.009079605340957642,0.11632347106933594,0.47408920526504517,0.5322509407997131,0.2551839351654053,0.24883954226970673,0.27072685956954956,0.21890951693058014
20,S8,ComHvy,local,local,0,local,local,0,0.46758168935775757,0.5176968574523926,0.05011516809463501,0.00750583503395319,0.10023027658462524,0.46758168935775757,0.5176968574523926,0.2660702168941498,0.21780484914779663,0.26634806394577026,0.2644983232021332
20,S8,BWHvy,local,local,0,local,local,0,0.533001184463501,0.5723374485969543,0.03933626413345337,0.006592254154384136,0.08373428881168365,0.533001184463501,0.5723374485969543,0.19712531566619873,0.1552581638097763,0.2698734998703003,0.27240437269210815
21,S1,LatCrit,local,local,0,local,local,0,0.5005520582199097,0.6044422388076782,0.10389018058776855,0.03249233961105347,0.2077803760766983,0.5005520582199097,0.6044422388076782,0.2617567181587219,0.24698176980018616,0.2376912534236908,0.14857600629329681
21,S1,ComHvy,local,local,0,local,local,0,0.5024693012237549,0.529349684715271,0.026880383491516113,0.001985541544854641,0.053760677576065063,0.5024693012237549,0.529349684715271,0.2738058269023895,0.2480970025062561,0.223724827170372,0.22255335748195648
21,S1,BWHvy,local,local,0,local,local,0,0.46437859535217285,0.565863847732544,0.1014852523803711,0.027399517595767975,0.20297056436538696,0.46437859535217285,0.565863847732544,0.27304428815841675,0.2552725374698639,0.2625771462917328,0.17886358499526978
21,S2,LatCrit,local,local,0,local,local,0,0.49210983514785767,0.523249626159668,0.031139791011810303,0.00475793331861496,0.08380649983882904,0.49210983514785767,0.523249626159668,0.2337813824415207,0.2445448487997055,0.27410879731178284,0.2322055548429489
21,S2,ComHvy,local,local,0,local,local,0,0.5167737007141113,0.6077828407287598,0.09100914001464844,0.018118202686309814,0.1820182502269745,0.5167737007141113,0.6077828407287598,0.24919018149375916,0.18896375596523285,0.23403610289096832,0.20325341820716858
21,S2,BWHvy,local,local,0,local,local,0,0.49168479442596436,0.6103402972221375,0.1186555027961731,0.02924053743481636,0.2373110055923462,0.49168479442596436,0.6103402972221375,0.2660086750984192,0.2116996943950653,0.24230651557445526,0.17795999348163605
21,S3,LatCrit,local,local,0,local,local,0,0.5165339708328247,0.5490325093269348,0.03249853849411011,0.005285149440169334,0.08626212179660797,0.5165339708328247,0.5490325093269348,0.25827115774154663,0.21514008939266205,0.22519488632678986,0.23582740128040314
21,S3,ComHvy,local,local,0,local,local,0,0.4988568425178528,0.5398367643356323,0.04097992181777954,0.005034659057855606,0.08479058742523193,0.4988568425178528,0.5398367643356323,0.29036906361579895,0.2479737550020218,0.21077410876750946,0.2121894657611847
21,S3,BWHvy,local,local,0,local,local,0,0.49119657278060913,0.5399363040924072,0.048739731311798096,0.004871908575296402,0.09747946262359619,0.49119657278060913,0.5399363040924072,0.25726518034935,0.23734964430332184,0.2515382468700409,0.22271405160427094
21,S4,LatCrit,local,local,0,local,local,0,0.4958917498588562,0.5360415577888489,0.040149807929992676,0.0037455055862665176,0.08029961585998535,0.4958917498588562,0.5360415577888489,0.26195284724235535,0.2515360116958618,0.24215540289878845,0.2124224305152893
21,S4,ComHvy,local,local,0,local,local,0,0.5214518308639526,0.5586320161819458,0.037180185317993164,0.0027912408113479614,0.07436037063598633,0.5214518308639526,0.5586320161819458,0.23539578914642334,0.217707559466362,0.2431524097919464,0.2236604541540146
21,S4,BWHvy,local,local,0,local,local,0,0.5512756109237671,0.6020272970199585,0.050751686096191406,0.006157379597425461,0.1015034019947052,0.5512756109237671,0.6020272970199585,0.2381521612405777,0.22338959574699402,0.2105722278356552,0.1745830774307251
21,S5,LatCrit,local,local,0,local,local,0,0.512114405632019,0.5754215717315674,0.06330716609954834,0.008261069655418396,0.12661439180374146,0.512114405632019,0.5754215717315674,0.2364511340856552,0.210891991853714,0.2514345049858093,0.21368642151355743
21,S5,ComHvy,local,local,0,local,local,0,0.5035328269004822,0.5585972666740417,0.05506443977355957,0.007244793698191643,0.11012886464595795,0.5035328269004822,0.5585972666740417,0.23182643949985504,0.19127237796783447,0.264640748500824,0.25013038516044617
21,S5,BWHvy,local,local,0,local,local,0,0.5476577281951904,0.6228118538856506,0.0751541256904602,0.012022174894809723,0.1503082513809204,0.5476577281951904,0.6228118538856506,0.22149893641471863,0.1910841464996338,0.23084333539009094,0.18610399961471558
21,S6,LatCrit,local,local,0,BS2,local,1,0.4897366762161255,0.5608235597610474,0.07108688354492188,0.017023734748363495,0.14217378199100494,0.4897366762161255,0.5608235597610474,0.2581771910190582,0.2578994333744049,0.2520861327648163,0.18127699196338654
21,S6,ComHvy,local,local,0,BS2,BS2,0,0.49790334701538086,0.5351442694664001,0.03724092245101929,0.007612402550876141,0.10016149282455444,0.49790334701538086,0.5351442694664001,0.24386359751224518,0.19378282129764557,0.25823310017585754,0.2710728943347931
21,S6,BWHvy,local,local,0,BS1,local,1,0.493801474571228,0.5175557136535645,0.023754239082336426,0.0011449679732322693,0.04750843346118927,0.493801474571228,0.5175557136535645,0.24785500764846802,0.23813773691654205,0.25834348797798157,0.2443065643310547
21,S7,LatCrit,local,local,0,local,local,0,0.5023819208145142,0.6112019419670105,0.10882002115249634,0.02549806237220764,0.21764005720615387,0.5023819208145142,0.6112019419670105,0.24933798611164093,0.20829440653324127,0.2482801079750061,0.18050365149974823
21,S7,ComHvy,local,local,0,local,local,0,0.5245283246040344,0.6006101369857788,0.07608181238174438,0.018491879105567932,0.15216360986232758,0.5245283246040344,0.6006101369857788,0.23422372341156006,0.16368579864501953,0.2412479668855667,0.23570409417152405
21,S7,BWHvy,local,local,0,local,local,0,0.497434139251709,0.5062298774719238,0.008795738220214844,0.00035570375621318817,0.02275387942790985,0.497434139251709,0.5062298774719238,0.25133389234542847,0.25391507148742676,0.25123196840286255,0.23985500633716583
21,S8,LatCrit,local,local,0,local,local,0,0.4708999991416931,0.5501341819763184,0.07923418283462524,0.015775401145219803,0.1584683507680893,0.4708999991416931,0.5501341819763184,0.2537468671798706,0.2403615415096283,0.2753531336784363,0.20950429141521454
21,S8,ComHvy,local,local,0,local,local,0,0.4855363368988037,0.5974162817001343,0.11187994480133057,0.026590920984745026,0.22375991940498352,0.4855363368988037,0.5974162817001343,0.2565896809101105,0.21402300894260406,0.2578740119934082,0.18856070935726166
21,S8,BWHvy,local,local,0,local,local,0,0.5161526799201965,0.5482639074325562,0.03211122751235962,0.0026438795030117035,0.06422241032123566,0.5161526799201965,0.5482639074325562,0.21033534407615662,0.20728114247322083,0.27351197600364685,0.2444549947977066
22,S1,LatCrit,local,local,0,local,local,0,0.4920368790626526,0.4568529725074768,-0.03518390655517578,0.0026248805224895477,0.07036779820919037,0.4920368790626526,0.4568529725074768,0.2673819065093994,0.27956414222717285,0.2405811995267868,0.26358285546302795
22,S1,ComHvy,local,local,0,local,local,0,0.509661078453064,0.4241524338722229,-0.08550864458084106,0.015932289883494377,0.1710173338651657,0.509661078453064,0.4241524338722229,0.2642785906791687,0.3299448788166046,0.22606028616428375,0.24590268731117249
22,S1,BWHvy,local,local,0,BS1,BS1,0,0.47232258319854736,0.42356860637664795,-0.048753976821899414,0.005173240788280964,0.09750795364379883,0.47232258319854736,0.42356860637664795,0.2647487223148346,0.2996536195278168,0.26292869448661804,0.2767777740955353
22,S2,LatCrit,local,local,0,local,local,0,0.4903523921966553,0.38334500789642334,-0.10700738430023193,0.025221720337867737,0.21401479840278625,0.4903523921966553,0.38334500789642334,0.23455867171287537,0.2593228816986084,0.27508893609046936,0.35733214020729065
22,S2,ComHvy,local,local,0,BS2,BS2,0,0.501861572265625,0.4220064878463745,-0.07985508441925049,0.0183103010058403,0.16340507566928864,0.501861572265625,0.4220064878463745,0.25288838148117065,0.25104090571403503,0.24525009095668793,0.32695260643959045
22,S2,BWHvy,local,local,0,local,BS1,1,0.4730098247528076,0.3690517544746399,-0.10395807027816772,0.025239190086722374,0.20791608095169067,0.4730098247528076,0.3690517544746399,0.2733028531074524,0.35913151502609253,0.2536873519420624,0.2718167006969452
22,S3,LatCrit,local,local,0,local,local,0,0.5226681232452393,0.4874184727668762,-0.03524965047836304,0.003840882331132889,0.07084813714027405,0.5226681232452393,0.4874184727668762,0.2589411437511444,0.25876668095588684,0.2183907926082611,0.25381481647491455
22,S3,ComHvy,local,local,0,local,local,0,0.4913461208343506,0.39564448595046997,-0.09570163488388062,0.01875266432762146,0.19140319526195526,0.4913461208343506,0.39564448595046997,0.29346898198127747,0.34898391366004944,0.21518491208553314,0.2553715407848358
22,S3,BWHvy,local,local,0,local,BS1,1,0.49107635021209717,0.4110167622566223,-0.08005958795547485,0.01446399837732315,0.1601191759109497,0.49107635021209717,0.4110167622566223,0.2550543248653412,0.2731841206550598,0.25386932492256165,0.31579911708831787
22,S4,LatCrit,local,local,0,local,local,0,0.4920216202735901,0.4545903205871582,-0.037431299686431885,0.002819051966071129,0.07486261427402496,0.4920216202735901,0.4545903205871582,0.2618464231491089,0.28009089827537537,0.24613194167613983,0.26531878113746643
22,S4,ComHvy,local,local,0,local,BS1,1,0.5049452781677246,0.40221720933914185,-0.10272806882858276,0.021506719291210175,0.20545615255832672,0.5049452781677246,0.40221720933914185,0.2455972582101822,0.296427458524704,0.249457448720932,0.3013553321361542
22,S4,BWHvy,local,local,0,local,local,0,0.5522679090499878,0.5236038565635681,-0.028664052486419678,0.002777464920654893,0.06388913094997406,0.5522679090499878,0.5236038565635681,0.23647788166999817,0.2684224545955658,0.21125420928001404,0.20797370374202728
22,S5,LatCrit,local,local,0,BS1,BS1,0,0.5071820616722107,0.3884440064430237,-0.11873805522918701,0.029982253909111023,0.23747612535953522,0.5071820616722107,0.3884440064430237,0.23058052361011505,0.2659290134906769,0.26223739981651306,0.34562698006629944
22,S5,ComHvy,local,local,0,local,local,0,0.49572157859802246,0.4648154377937317,-0.03090614080429077,0.0019384045153856277,0.06181226670742035,0.49572157859802246,0.4648154377937317,0.23366771638393402,0.2505323588848114,0.2706107199192047,0.2846522033214569
22,S5,BWHvy,local,local,0,BS2,BS2,0,0.5432348847389221,0.4802479147911072,-0.06298696994781494,0.00803951546549797,0.12597393989562988,0.5432348847389221,0.4802479147911072,0.21631431579589844,0.24077890813350677,0.24045081436634064,0.27897319197654724
22,S6,LatCrit,local,local,0,local,local,0,0.4944190979003906,0.5230017900466919,0.02858269214630127,0.0024810878094285727,0.05716533958911896,0.4944190979003906,0.5230017900466919,0.25845545530319214,0.23005196452140808,0.24712540209293365,0.24694624543190002
22,S6,ComHvy,local,local,0,local,local,0,0.5064980983734131,0.47853946685791016,-0.02795863151550293,0.0018572346307337284,0.055917203426361084,0.5064980983734131,0.47853946685791016,0.24582995474338531,0.268733412027359,0.247671976685524,0.25272709131240845
22,S6,BWHvy,local,local,0,local,local,0,0.5049858093261719,0.4535566568374634,-0.051429152488708496,0.009206924587488174,0.11968456208705902,0.5049858093261719,0.4535566568374634,0.24734430015087128,0.3071865439414978,0.24766995012760162,0.23925678431987762
22,S7,LatCrit,local,local,0,local,BS2,1,0.5021385550498962,0.4702056050300598,-0.031932950019836426,0.005200117826461792,0.09133699536323547,0.5021385550498962,0.4702056050300598,0.24958425760269165,0.23584870994091034,0.2482772022485733,0.29394569993019104
22,S7,ComHvy,local,local,0,local,local,0,0.5168287754058838,0.46734124422073364,-0.049487531185150146,0.005569539964199066,0.09897506237030029,0.5168287754058838,0.46734124422073364,0.23952142894268036,0.2501088082790375,0.24364979565143585,0.2825499475002289
22,S7,BWHvy,local,local,0,local,local,0,0.5007777214050293,0.4640064835548401,-0.03677123785018921,0.0027614403516054153,0.07354244589805603,0.5007777214050293,0.4640064835548401,0.24945330619812012,0.27162882685661316,0.24976900219917297,0.26436468958854675
22,S8,LatCrit,local,local,0,local,local,0,0.47805964946746826,0.435854434967041,-0.042205214500427246,0.006177209317684174,0.09922640025615692,0.47805964946746826,0.435854434967041,0.2533611059188843,0.24595309793949127,0.26857924461364746,0.31819242238998413
22,S8,ComHvy,local,local,0,local,local,0,0.486213743686676,0.4060513377189636,-0.0801624059677124,0.01581646502017975,0.1603248119354248,0.486213743686676,0.4060513377189636,0.2557082772254944,0.32602164149284363,0.2580779790878296,0.26792702078819275
22,S8,BWHvy,local,local,0,local,local,0,0.5217068195343018,0.4781646728515625,-0.04354214668273926,0.003811188042163849,0.08708429336547852,0.5217068195343018,0.4781646728515625,0.20822913944721222,0.22500906884670258,0.2700640559196472,0.2968262732028961
23,S1,LatCrit,local,local,0,BS1,BS1,0,0.502932071685791,0.5001370906829834,-0.002794981002807617,0.018005166202783585,0.1342567503452301,0.502932071685791,0.5001370906829834,0.25539544224739075,0.3225238025188446,0.24167247116565704,0.17733906209468842
23,S1,ComHvy,local,local,0,local,local,0,0.5138394832611084,0.4901009202003479,-0.023738563060760498,0.009297184646129608,0.11502572894096375,0.5138394832611084,0.4901009202003479,0.26402437686920166,0.23025009036064148,0.22213611006736755,0.2796489894390106
23,S1,BWHvy,local,local,0,local,local,0,0.4588608145713806,0.44504594802856445,-0.013814866542816162,0.04197957366704941,0.22254623472690582,0.4588608145713806,0.44504594802856445,0.27539771795272827,0.386670857667923,0.2657414376735687,0.16828320920467377
23,S2,LatCrit,local,local,0,local,local,0,0.4904237985610962,0.41528040170669556,-0.07514339685440063,0.012583760544657707,0.15028685331344604,0.4904237985610962,0.41528040170669556,0.23170581459999084,0.2851669490337372,0.27787038683891296,0.29955270886421204
23,S2,ComHvy,local,local,0,BS2,BS2,0,0.49639636278152466,0.46141380071640015,-0.03498256206512451,0.002904089167714119,0.06996512413024902,0.49639636278152466,0.46141380071640015,0.2602786123752594,0.2669913172721863,0.24332502484321594,0.2715948820114136
23,S2,BWHvy,local,local,0,local,BS1,1,0.4967690706253052,0.4813470244407654,-0.015422046184539795,0.011188872158527374,0.12124545872211456,0.4967690706253052,0.4813470244407654,0.26293179392814636,0.32355451583862305,0.24029913544654846,0.19509844481945038
23,S3,LatCrit,local,local,0,local,local,0,0.5255053043365479,0.5051794052124023,-0.020325899124145508,0.001324223354458809,0.04128260910511017,0.5255053043365479,0.5051794052124023,0.25671687722206116,0.2564014494419098,0.21777783334255219,0.23841911554336548
23,S3,ComHvy,local,local,0,local,BS1,1,0.493000328540802,0.453086256980896,-0.039914071559906006,0.0033227363601326942,0.07982814311981201,0.493000328540802,0.453086256980896,0.2914121448993683,0.32024407386779785,0.21558751165866852,0.22666965425014496
23,S3,BWHvy,local,local,0,local,local,0,0.5101737976074219,0.5236160755157471,0.013442277908325195,0.009354379028081894,0.10330881178379059,0.5101737976074219,0.5236160755157471,0.250423401594162,0.2886354923248291,0.23940283060073853,0.18774838745594025
23,S4,LatCrit,local,local,0,local,local,0,0.5052818059921265,0.5067739486694336,0.001492142677307129,0.007833916693925858,0.08790448307991028,0.5052818059921265,0.5067739486694336,0.25895169377326965,0.30141177773475647,0.23576651513576508,0.19181425869464874
23,S4,ComHvy,local,local,0,local,local,0,0.5074716806411743,0.44739699363708496,-0.060074687004089355,0.010427014902234077,0.12192930281162262,0.5074716806411743,0.44739699363708496,0.24332955479621887,0.3042941987514496,0.24919874966144562,0.24830877780914307
23,S4,BWHvy,local,local,0,local,BS1,1,0.5408960580825806,0.5120213031768799,-0.028874754905700684,0.007623462006449699,0.10815562307834625,0.5408960580825806,0.5120213031768799,0.24505965411663055,0.2991374731063843,0.21404431760311127,0.18884126842021942
23,S5,LatCrit,local,local,0,local,BS2,1,0.5128948092460632,0.4674053192138672,-0.045489490032196045,0.0044569214805960655,0.0909789502620697,0.5128948092460632,0.4674053192138672,0.23500341176986694,0.2664697766304016,0.2521018087863922,0.2661249041557312
23,S5,ComHvy,local,local,0,local,local,0,0.5079936385154724,0.505016028881073,-0.002977609634399414,0.007549956440925598,0.08819243311882019,0.5079936385154724,0.505016028881073,0.2280770093202591,0.1869584172964096,0.2639293372631073,0.3080255687236786
23,S5,BWHvy,local,local,0,local,local,0,0.5447710752487183,0.5326510071754456,-0.012120068073272705,0.012538637965917587,0.11911465227603912,0.5447710752487183,0.5326510071754456,0.22479744255542755,0.2843547463417053,0.23043152689933777,0.18299424648284912
23,S6,LatCrit,local,local,0,local,local,0,0.48297154903411865,0.47297990322113037,-0.009991645812988281,0.046737223863601685,0.22205352783203125,0.48297154903411865,0.47297990322113037,0.2674490511417389,0.3784758150577545,0.24957941472530365,0.1485442966222763
23,S6,ComHvy,local,local,0,local,BS2,1,0.5076830387115479,0.4428195357322693,-0.06486350297927856,0.013356171548366547,0.14493916928768158,0.5076830387115479,0.4428195357322693,0.23771938681602478,0.23011331260204315,0.254597544670105,0.32706713676452637
23,S6,BWHvy,local,local,0,local,local,0,0.5048818588256836,0.48646605014801025,-0.01841580867767334,0.006836695596575737,0.09898237884044647,0.5048818588256836,0.48646605014801025,0.2494136393070221,0.2989048659801483,0.24570444226264954,0.21462909877300262
23,S7,LatCrit,local,local,0,local,local,0,0.49148619174957275,0.5010461211204529,0.009559929370880127,0.0020279325544834137,0.052063748240470886,0.49148619174957275,0.5010461211204529,0.2526247799396515,0.2690967321395874,0.25588902831077576,0.2298571616411209
23,S7,ComHvy,local,local,0,local,local,0,0.517932116985321,0.49513840675354004,-0.022793710231781006,0.0035111643373966217,0.07382601499557495,0.517932116985321,0.49513840675354004,0.24057818949222565,0.22645889222621918,0.24148967862129211,0.2784026861190796
23,S7,BWHvy,local,local,0,local,local,0,0.49098658561706543,0.40814775228500366,-0.08283883333206177,0.016838256269693375,0.16567766666412354,0.49098658561706543,0.40814775228500366,0.25234097242355347,0.3247101306915283,0.2566724419593811,0.267142117023468
23,S8,LatCrit,local,local,0,local,local,0,0.469474732875824,0.48169541358947754,0.012220680713653564,0.02363041788339615,0.16346007585525513,0.469474732875824,0.48169541358947754,0.2597063183784485,0.3292156755924225,0.27081891894340515,0.1890888810157776
23,S8,ComHvy,local,local,0,local,local,0,0.48113304376602173,0.439237117767334,-0.041895925998687744,0.005910106468945742,0.09564533829689026,0.48113304376602173,0.439237117767334,0.2615123391151428,0.30933502316474915,0.25735458731651306,0.25142785906791687
23,S8,BWHvy,local,local,0,local,BS1,1,0.5054382085800171,0.4103226065635681,-0.09511560201644897,0.043716318905353546,0.2716524600982666,0.5054382085800171,0.4103226065635681,0.21934670209884644,0.3551729619503021,0.2752150595188141,0.23450444638729095
24,S1,LatCrit,local,local,0,local,local,0,0.48358720541000366,0.4060667157173157,-0.07752048969268799,0.01229676604270935,0.15504102408885956,0.48358720541000366,0.4060667157173157,0.27210572361946106,0.3095974326133728,0.24430705606937408,0.2843358814716339
24,S1,ComHvy,local,local,0,local,BS1,1,0.5026549696922302,0.38774967193603516,-0.11490529775619507,0.027178309857845306,0.22981062531471252,0.5026549696922302,0.38774967193603516,0.26426827907562256,0.33125871419906616,0.23307672142982483,0.2809916138648987
24,S1,BWHvy,local,local,0,local,local,0,0.4885607361793518,0.4490736722946167,-0.03948706388473511,0.0053570265881717205,0.09117135405540466,0.4885607361793518,0.4490736722946167,0.259046733379364,0.30463242530822754,0.2523925006389618,0.24629390239715576
24,S2,LatCrit,local,BS2,1,local,BS2,1,0.4920814037322998,0.3850114345550537,-0.1070699691772461,0.046456433832645416,0.28827786445617676,0.4920814037322998,0.3479424715042114,0.23429766297340393,0.26704609394073486,0.27362093329429626,0.3850114345550537
24,S2,ComHvy,local,local,0,local,BS2,1,0.503018856048584,0.3862995505332947,-0.1167193055152893,0.036751456558704376,0.2334386706352234,0.503018856048584,0.3862995505332947,0.25511983036994934,0.2576673924922943,0.2418612837791443,0.3560330867767334
24,S2,BWHvy,local,local,0,BS1,BS1,0,0.4769667387008667,0.3665664792060852,-0.1104002594947815,0.029472313821315765,0.220800518989563,0.4769667387008667,0.3665664792060852,0.26836448907852173,0.36426323652267456,0.2546687722206116,0.26917028427124023
24,S3,LatCrit,local,local,0,local,local,0,0.5290238857269287,0.48317235708236694,-0.04585152864456177,0.006635922938585281,0.09428021311759949,0.5290238857269287,0.48317235708236694,0.25622621178627014,0.25493767857551575,0.21474984288215637,0.2618899941444397
24,S3,ComHvy,local,local,0,local,BS1,1,0.5100009441375732,0.4467952847480774,-0.06320565938949585,0.008148811757564545,0.1264113187789917,0.5100009441375732,0.4467952847480774,0.28121858835220337,0.3114640712738037,0.20878051221370697,0.24174068868160248
24,S3,BWHvy,local,local,0,local,local,0,0.49707919359207153,0.4131198525428772,-0.08395934104919434,0.014469102025032043,0.16791868209838867,0.49707919359207153,0.4131198525428772,0.25429847836494446,0.3038809299468994,0.2486223578453064,0.2829992473125458
24,S4,LatCrit,local,local,0,local,local,0,0.5032597184181213,0.49235403537750244,-0.010905683040618896,0.00023825792595744133,0.021811366081237793,0.5032597184181213,0.49235403537750244,0.2549912929534912,0.26090022921562195,0.24174900352954865,0.2467457503080368
24,S4,ComHvy,local,local,0,local,local,0,0.49056553840637207,0.37156152725219727,-0.1190040111541748,0.029653381556272507,0.2380080223083496,0.49056553840637207,0.37156152725219727,0.254452109336853,0.32470178604125977,0.2549823820590973,0.30373671650886536
24,S4,BWHvy,local,local,0,local,local,0,0.5380262136459351,0.45793211460113525,-0.0800940990447998,0.014391101896762848,0.1601882427930832,0.5380262136459351,0.45793211460113525,0.2419145703315735,0.30580028891563416,0.22005920112133026,0.23626762628555298
24,S5,LatCrit,local,local,0,local,BS1,1,0.5125158429145813,0.3645551800727844,-0.14796066284179688,0.04624420404434204,0.29592135548591614,0.5125158429145813,0.3645551800727844,0.23004761338233948,0.3188493847846985,0.25743651390075684,0.3165954351425171
24,S5,ComHvy,local,local,0,local,local,0,0.5019528865814209,0.4553868770599365,-0.046566009521484375,0.0072014667093753815,0.10739685595035553,0.5019528865814209,0.4553868770599365,0.23205789923667908,0.22492550313472748,0.26598915457725525,0.3196876049041748
24,S5,BWHvy,local,local,0,local,local,0,0.5442317724227905,0.4624565839767456,-0.08177518844604492,0.013500388711690903,0.16355033218860626,0.5442317724227905,0.4624565839767456,0.21839308738708496,0.2632155120372772,0.2373751848936081,0.2743279039859772
24,S6,LatCrit,local,local,0,local,local,0,0.49103522300720215,0.5104759931564331,0.019440770149230957,0.0007739467546343803,0.03888152539730072,0.49103522300720215,0.5104759931564331,0.26257914304733276,0.2504936158657074,0.2463856041431427,0.2390303760766983
24,S6,ComHvy,local,local,0,local,BS2,1,0.4954042434692383,0.41229915618896484,-0.08310508728027344,0.018274612724781036,0.16621017456054688,0.4954042434692383,0.41229915618896484,0.25154075026512146,0.2550579607486725,0.25305500626564026,0.33264288306236267
24,S6,BWHvy,local,local,0,local,local,0,0.5124149322509766,0.4717159867286682,-0.04069894552230835,0.005960098933428526,0.09552884101867676,0.5124149322509766,0.4717159867286682,0.24360311031341553,0.2913675308227539,0.24398191273212433,0.2369164377450943
24,S7,LatCrit,local,local,0,local,local,0,0.48684704303741455,0.4261211156845093,-0.06072592735290527,0.008236266672611237,0.12145185470581055,0.48684704303741455,0.4261211156845093,0.25838637351989746,0.27326565980911255,0.254766583442688,0.3006132245063782
24,S7,ComHvy,local,local,0,local,local,0,0.5172427892684937,0.45788878202438354,-0.05935400724411011,0.007913734763860703,0.11870796978473663,0.5172427892684937,0.45788878202438354,0.24014022946357727,0.25361427664756775,0.24261702597141266,0.2884969413280487
24,S7,BWHvy,local,local,0,BS2,BS2,0,0.4797428846359253,0.390591025352478,-0.08915185928344727,0.01636187732219696,0.17830371856689453,0.4797428846359253,0.390591025352478,0.2586263120174408,0.30033212900161743,0.2616308331489563,0.30907687544822693
24,S8,LatCrit,local,local,0,local,local,0,0.4707717299461365,0.40110671520233154,-0.06966501474380493,0.009980173781514168,0.13933002948760986,0.4707717299461365,0.40110671520233154,0.25564536452293396,0.29270535707473755,0.27358290553092957,0.3061879277229309
24,S8,ComHvy,local,local,0,local,BS2,1,0.4786209464073181,0.3571844696998596,-0.1214364767074585,0.033674344420433044,0.242872953414917,0.4786209464073181,0.3571844696998596,0.2593550682067871,0.35281333327293396,0.2620239853858948,0.2900021970272064
24,S8,BWHvy,local,local,0,local,BS2,1,0.5287283658981323,0.4746975302696228,-0.05403083562850952,0.005943309515714645,0.10806170105934143,0.5287283658981323,0.4746975302696228,0.20878830552101135,0.2273680865764618,0.26248329877853394,0.2979343831539154
25,S1,LatCrit,local,local,0,local,local,0,0.4889599680900574,0.45030879974365234,-0.03865116834640503,0.005945788696408272,0.09879262745380402,0.4889599680900574,0.45030879974365234,0.26582005620002747,0.3152163624763489,0.24521999061107635,0.23447483777999878
25,S1,ComHvy,local,local,0,local,local,0,0.5051949620246887,0.4241487979888916,-0.08104616403579712,0.01668126881122589,0.16209229826927185,0.5051949620246887,0.4241487979888916,0.26946642994880676,0.27987727522850037,0.2253386378288269,0.29597392678260803
25,S1,BWHvy,local,local,0,local,local,0,0.480243444442749,0.503148078918457,0.022904634475708008,0.012195814400911331,0.12482298910617828,0.480243444442749,0.503148078918457,0.25907814502716064,0.29858502745628357,0.26067841053009033,0.19826693832874298
25,S2,LatCrit,local,local,0,local,local,0,0.49231135845184326,0.4117550253868103,-0.08055633306503296,0.013641048222780228,0.16111266613006592,0.49231135845184326,0.4117550253868103,0.23008018732070923,0.2543866038322449,0.2776084244251251,0.33385834097862244
25,S2,ComHvy,local,local,0,local,local,0,0.4944615960121155,0.45106106996536255,-0.04340052604675293,0.007569074630737305,0.10908651351928711,0.4944615960121155,0.45106106996536255,0.2606244385242462,0.2494816780090332,0.2449139952659607,0.29945722222328186
25,S2,BWHvy,local,local,0,local,BS1,1,0.48128002882003784,0.4405965805053711,-0.04068344831466675,0.006809321232140064,0.10615919530391693,0.48128002882003784,0.4405965805053711,0.26673051714897156,0.3198101222515106,0.2519894540309906,0.23959331214427948
25,S3,LatCrit,local,local,0,local,local,0,0.5314798355102539,0.5044756531715393,-0.0270041823387146,0.004701003432273865,0.08295154571533203,0.5314798355102539,0.5044756531715393,0.2543513774871826,0.2398798018693924,0.21416877210140228,0.2556445598602295
25,S3,ComHvy,local,local,0,local,local,0,0.5133881568908691,0.4931600093841553,-0.020228147506713867,0.0010464861989021301,0.04045632481575012,0.5133881568908691,0.4931600093841553,0.2757508456707001,0.27950385212898254,0.2108609974384308,0.22733616828918457
25,S3,BWHvy,local,local,0,local,local,0,0.48412638902664185,0.44188791513442993,-0.042238473892211914,0.005306558217853308,0.08780208230018616,0.48412638902664185,0.44188791513442993,0.25929468870162964,0.3031957447528839,0.2565789222717285,0.25491636991500854
25,S4,LatCrit,local,local,0,local,local,0,0.5097112059593201,0.5222449898719788,0.012533783912658691,0.001724759116768837,0.04816091060638428,0.5097112059593201,0.5222449898719788,0.254204124212265,0.26575079560279846,0.23608465492725372,0.21200419962406158
25,S4,ComHvy,local,local,0,local,local,0,0.5090367794036865,0.43809932470321655,-0.07093745470046997,0.010140668600797653,0.14187489449977875,0.5090367794036865,0.43809932470321655,0.24146007001399994,0.27768129110336304,0.24950316548347473,0.2842193841934204
25,S4,BWHvy,local,local,0,local,local,0,0.5513830184936523,0.5429795980453491,-0.008403420448303223,0.005651108920574188,0.07949762046337128,0.5513830184936523,0.5429795980453491,0.23900851607322693,0.2787573039531708,0.20960846543312073,0.17826305329799652
25,S5,LatCrit,local,local,0,local,local,0,0.515552818775177,0.44682931900024414,-0.06872349977493286,0.012425711378455162,0.13744701445102692,0.515552818775177,0.44682931900024414,0.23261229693889618,0.2960290014743805,0.2518348693847656,0.25714167952537537
25,S5,ComHvy,local,local,0,local,local,0,0.4917895197868347,0.4792993664741516,-0.012490153312683105,0.007042795419692993,0.09659594297409058,0.4917895197868347,0.4792993664741516,0.22889463603496552,0.19308678805828094,0.27931588888168335,0.32761383056640625
25,S5,BWHvy,local,local,0,local,local,0,0.546326220035553,0.5179530382156372,-0.02837318181991577,0.0017162198200821877,0.05674639344215393,0.546326220035553,0.5179530382156372,0.22133523225784302,0.24026386439800262,0.2323385626077652,0.24178314208984375
25,S6,LatCrit,local,local,0,local,local,0,0.4908328652381897,0.502794623374939,0.011961758136749268,0.005182035267353058,0.08030401170253754,0.4908328652381897,0.502794623374939,0.2583425045013428,0.2865327298641205,0.25082463026046753,0.21067260205745697
25,S6,ComHvy,local,local,0,local,local,0,0.5032730102539062,0.4752148985862732,-0.028058111667633057,0.0063522569835186005,0.10066264867782593,0.5032730102539062,0.4752148985862732,0.2462386041879654,0.22396539151668549,0.25048840045928955,0.3008197247982025
25,S6,BWHvy,local,local,0,local,local,0,0.5193332433700562,0.5550287961959839,0.035695552825927734,0.010268017649650574,0.11498367786407471,0.5193332433700562,0.5550287961959839,0.23885896801948547,0.2606552839279175,0.2418077439069748,0.18431593477725983
25,S7,LatCrit,local,local,0,local,local,0,0.4832671880722046,0.4551239609718323,-0.028143227100372314,0.004012700170278549,0.08106014132499695,0.4832671880722046,0.4551239609718323,0.25516533851623535,0.24277850985527039,0.26156744360923767,0.30209752917289734
25,S7,ComHvy,local,local,0,local,local,0,0.5089954733848572,0.499366819858551,-0.009628653526306152,0.0046264417469501495,0.07666923105716705,0.5089954733848572,0.499366819858551,0.2447797656059265,0.21607379615306854,0.2462247610092163,0.28455936908721924
25,S7,BWHvy,local,local,0,local,local,0,0.49008893966674805,0.442268967628479,-0.04781997203826904,0.004611104726791382,0.0956399142742157,0.49008893966674805,0.442268967628479,0.2516655921936035,0.27431339025497437,0.2582454979419708,0.28341764211654663
25,S8,LatCrit,local,local,0,local,local,0,0.4893990159034729,0.5173302888870239,0.027931272983551025,0.005694553256034851,0.08974504470825195,0.4893990159034729,0.5173302888870239,0.25023871660232544,0.2671799659729004,0.2603622376918793,0.2154897153377533
25,S8,ComHvy,local,local,0,local,local,0,0.49775081872940063,0.47868484258651733,-0.0190659761428833,0.0007322719320654869,0.03813199698925018,0.49775081872940063,0.47868484258651733,0.24795497953891754,0.2584763467311859,0.25429418683052063,0.26283884048461914
25,S8,BWHvy,local,local,0,local,local,0,0.5073806643486023,0.4559980630874634,-0.051382601261138916,0.007665681652724743,0.10276515781879425,0.5073806643486023,0.4559980630874634,0.2106843739748001,0.2592310905456543,0.2819349765777588,0.28477081656455994
26,S1,LatCrit,local,local,0,local,local,0,0.48276829719543457,0.5181499719619751,0.03538167476654053,0.006233524531126022,0.09088349342346191,0.48276829719543457,0.5181499719619751,0.27200815081596375,0.2820682227611542,0.24522358179092407,0.19978183507919312
26,S1,ComHvy,local,local,0,BS2,local,1,0.5169019103050232,0.5961595773696899,0.07925766706466675,0.01756613329052925,0.1585153490304947,0.5169019103050232,0.5961595773696899,0.2635419964790344,0.19205330312252045,0.2195560783147812,0.21178708970546722
26,S1,BWHvy,local,local,0,local,local,0,0.4952225685119629,0.6092612743377686,0.11403870582580566,0.03586409240961075,0.22807735204696655,0.4952225685119629,0.6092612743377686,0.2549898624420166,0.2343575805425644,0.24978755414485931,0.15638118982315063
26,S2,LatCrit,local,local,0,local,local,0,0.4989757537841797,0.5580937266349792,0.05911797285079956,0.007039668038487434,0.11823593080043793,0.4989757537841797,0.5580937266349792,0.23673874139785767,0.20953978598117828,0.26428550481796265,0.23236650228500366
26,S2,ComHvy,local,local,0,local,local,0,0.4968271851539612,0.6186121702194214,0.1217849850654602,0.0356026366353035,0.24357002973556519,0.4968271851539612,0.6186121702194214,0.2598750591278076,0.16992619633674622,0.24329780042171478,0.2114616185426712
26,S2,BWHvy,local,local,0,local,local,0,0.47996091842651367,0.5723947286605835,0.09243381023406982,0.0299563929438591,0.18486763536930084,0.47996091842651367,0.5723947286605835,0.2633499205112457,0.26315736770629883,0.2566891312599182,0.1644478589296341
26,S3,LatCrit,local,local,0,local,local,0,0.5219489336013794,0.5303518176078796,0.008402884006500244,0.006130103021860123,0.08338375389575958,0.5219489336013794,0.5303518176078796,0.25924885272979736,0.21755699813365936,0.21880218386650085,0.2520911991596222
26,S3,ComHvy,local,local,0,BS1,local,1,0.4992445707321167,0.5116850733757019,0.012440502643585205,0.004714611917734146,0.07878611981868744,0.4992445707321167,0.5116850733757019,0.28413867950439453,0.24474561214447021,0.21661676466464996,0.24356931447982788
26,S3,BWHvy,local,local,0,local,local,0,0.4963133931159973,0.5995844602584839,0.10327106714248657,0.025219008326530457,0.20654216408729553,0.4963133931159973,0.5995844602584839,0.2562556564807892,0.22708353400230408,0.2474309653043747,0.17333199083805084
26,S4,LatCrit,local,local,0,local,local,0,0.5082942247390747,0.5674399733543396,0.05914574861526489,0.010211296379566193,0.11829148232936859,0.5082942247390747,0.5674399733543396,0.2525402307510376,0.2464870661497116,0.2391655147075653,0.1860729455947876
26,S4,ComHvy,local,local,0,local,local,0,0.4916767477989197,0.47809576988220215,-0.01358097791671753,0.0006271920865401626,0.03002592921257019,0.4916767477989197,0.47809576988220215,0.2508673667907715,0.2658803164958954,0.2574559152126312,0.25602391362190247
26,S4,BWHvy,local,local,0,local,local,0,0.5260133743286133,0.5387945175170898,0.012781143188476562,0.006083384156227112,0.08235514163970947,0.5260133743286133,0.5387945175170898,0.2561311721801758,0.28452759981155396,0.21785546839237213,0.1766778975725174
26,S5,LatCrit,local,local,0,local,local,0,0.5195286273956299,0.5967270135879517,0.07719838619232178,0.012712817639112473,0.15439677238464355,0.5195286273956299,0.5967270135879517,0.22476786375045776,0.1981259435415268,0.25570353865623474,0.20514707267284393
26,S5,ComHvy,local,local,0,local,local,0,0.48721909523010254,0.5301023721694946,0.04288327693939209,0.009876194410026073,0.11220595240592957,0.48721909523010254,0.5301023721694946,0.24046900868415833,0.18436601758003235,0.27231189608573914,0.28553158044815063
26,S5,BWHvy,local,local,0,local,local,0,0.5336273312568665,0.5729210376739502,0.03929370641708374,0.006568003445863724,0.09132812917232513,0.5336273312568665,0.5729210376739502,0.23104295134544373,0.23741331696510315,0.23532970249652863,0.18966564536094666
26,S6,LatCrit,local,local,0,local,local,0,0.48047661781311035,0.5425041913986206,0.062027573585510254,0.016089648008346558,0.14138256013393402,0.48047661781311035,0.5425041913986206,0.2673368752002716,0.27600058913230896,0.25218650698661804,0.18149523437023163
26,S6,ComHvy,local,local,0,local,local,0,0.49741727113723755,0.5361273288726807,0.038710057735443115,0.010477842763066292,0.11881455779075623,0.49741727113723755,0.5361273288726807,0.2550104558467865,0.1956031620502472,0.24757227301597595,0.26826947927474976
26,S6,BWHvy,local,local,0,local,local,0,0.5137476325035095,0.5730495452880859,0.059301912784576416,0.019720450043678284,0.15547654032707214,0.5137476325035095,0.5730495452880859,0.24238942563533783,0.2608257830142975,0.24386295676231384,0.16612468659877777
26,S7,LatCrit,local,local,0,local,local,0,0.48431676626205444,0.596930742263794,0.1126139760017395,0.025874990969896317,0.225227952003479,0.48431676626205444,0.596930742263794,0.2596912980079651,0.20632462203502655,0.25599193572998047,0.1967446357011795
26,S7,ComHvy,local,local,0,local,local,0,0.5026810169219971,0.5359942317008972,0.033313214778900146,0.0029754173010587692,0.06662647426128387,0.5026810169219971,0.5359942317008972,0.2502770721912384,0.22077932953834534,0.2470419555902481,0.24322643876075745
26,S7,BWHvy,local,local,0,local,local,0,0.48246484994888306,0.5249391794204712,0.042474329471588135,0.00716356560587883,0.09874647855758667,0.48246484994888306,0.5249391794204712,0.2542896270751953,0.2611885368824005,0.26324552297592163,0.2138722836971283
26,S8,LatCrit,local,local,0,BS2,BS2,0,0.47935712337493896,0.5758309364318848,0.0964738130569458,0.02826504409313202,0.192947655916214,0.47935712337493896,0.5758309364318848,0.2514834403991699,0.24511446058750153,0.2691594362258911,0.17905457317829132
26,S8,ComHvy,local,local,0,local,local,0,0.48749011754989624,0.6063703298568726,0.11888021230697632,0.02905740961432457,0.23776040971279144,0.48749011754989624,0.6063703298568726,0.2559669613838196,0.2018347680568695,0.2565429210662842,0.19179491698741913
26,S8,BWHvy,local,local,0,local,local,0,0.5272088050842285,0.5672675371170044,0.04005873203277588,0.01189931109547615,0.12772440910339355,0.5272088050842285,0.5672675371170044,0.20707114040851593,0.23087459802627563,0.26572003960609436,0.2018578201532364
27,S1,LatCrit,local,local,0,local,local,0,0.4879380464553833,0.5063103437423706,0.018372297286987305,0.009167686104774475,0.10589198768138885,0.4879380464553833,0.5063103437423706,0.26946860551834106,0.3040422797203064,0.24259336292743683,0.1896473467350006
27,S1,ComHvy,local,local,0,local,local,0,0.5196210145950317,0.6154458522796631,0.09582483768463135,0.02661791443824768,0.19164973497390747,0.5196210145950317,0.6154458522796631,0.2576672434806824,0.1719484031200409,0.22271177172660828,0.21260571479797363
27,S1,BWHvy,local,local,0,local,local,0,0.4877908229827881,0.5795340538024902,0.09174323081970215,0.024332068860530853,0.18348649144172668,0.4877908229827881,0.5795340538024902,0.25607776641845703,0.24545924365520477,0.2561314105987549,0.1750066727399826
27,S2,LatCrit,local,local,0,local,local,0,0.49910587072372437,0.5320314168930054,0.032925546169281006,0.002543649636209011,0.06585107743740082,0.49910587072372437,0.5320314168930054,0.23174969851970673,0.20755481719970703,0.2691444456577301,0.26041379570961
27,S2,ComHvy,local,local,0,local,local,0,0.510758638381958,0.5908992290496826,0.08014059066772461,0.01402626745402813,0.16028112173080444,0.510758638381958,0.5908992290496826,0.2511082589626312,0.19725753366947174,0.238133043050766,0.21184323728084564
27,S2,BWHvy,local,local,0,local,local,0,0.46989166736602783,0.5113428831100464,0.041451215744018555,0.007418598979711533,0.09941136837005615,0.46989166736602783,0.5113428831100464,0.2745726406574249,0.28282710909843445,0.25553566217422485,0.20582997798919678
27,S3,LatCrit,local,local,0,local,local,0,0.5089811086654663,0.46651703119277954,-0.04246407747268677,0.00823914259672165,0.11256572604179382,0.5089811086654663,0.46651703119277954,0.2632947862148285,0.24947601556777954,0.2277241051197052,0.2840069830417633
27,S3,ComHvy,local,local,0,local,local,0,0.4826161861419678,0.4708787202835083,-0.011737465858459473,0.009396426379680634,0.10941067337989807,0.4826161861419678,0.4708787202835083,0.29339921474456787,0.2504313588142395,0.22398456931114197,0.2786899209022522
27,S3,BWHvy,local,local,0,local,local,0,0.4940064549446106,0.5696027278900146,0.07559627294540405,0.011937238276004791,0.1511925309896469,0.4940064549446106,0.5696027278900146,0.25481411814689636,0.2253139615058899,0.25117942690849304,0.20508332550525665
27,S4,LatCrit,local,local,0,local,local,0,0.4933277368545532,0.5378352999687195,0.04450756311416626,0.004253583028912544,0.08901511132717133,0.4933277368545532,0.5378352999687195,0.2564934492111206,0.22625817358493805,0.25017881393432617,0.23590654134750366
27,S4,ComHvy,local,local,0,local,local,0,0.5092756748199463,0.5352734327316284,0.02599775791168213,0.0019393244292587042,0.051995500922203064,0.5092756748199463,0.5352734327316284,0.2429286688566208,0.21873782575130463,0.24779564142227173,0.24598874151706696
27,S4,BWHvy,local,local,0,local,local,0,0.529515266418457,0.5269657373428345,-0.0025495290756225586,0.0011762995272874832,0.0357619971036911,0.529515266418457,0.5269657373428345,0.2513650059700012,0.269245982170105,0.21911974251270294,0.20378825068473816
27,S5,LatCrit,local,local,0,local,local,0,0.5327731370925903,0.607569694519043,0.07479655742645264,0.011560644954442978,0.14959314465522766,0.5327731370925903,0.607569694519043,0.21835075318813324,0.18079881370067596,0.24887612462043762,0.21163147687911987
27,S5,ComHvy,local,local,0,local,local,0,0.49161213636398315,0.5096710920333862,0.018058955669403076,0.00648227334022522,0.09035280346870422,0.49161213636398315,0.5096710920333862,0.23999500274658203,0.19481858611106873,0.2683928608894348,0.29551029205322266
27,S5,BWHvy,local,local,0,local,local,0,0.5536006689071655,0.5919893980026245,0.038388729095458984,0.003178812563419342,0.0767773985862732,0.5536006689071655,0.5919893980026245,0.2148451954126358,0.19100892543792725,0.23155410587787628,0.21700170636177063
27,S6,LatCrit,local,local,0,local,local,0,0.5042364597320557,0.5704244375228882,0.06618797779083252,0.015239380300045013,0.1336023360490799,0.5042364597320557,0.5704244375228882,0.251543790102005,0.25215697288513184,0.24421977996826172,0.17741860449314117
27,S6,ComHvy,local,local,0,local,local,0,0.502972424030304,0.505957305431366,0.0029848814010620117,0.0011707097291946411,0.036645084619522095,0.502972424030304,0.505957305431366,0.2513514757156372,0.23302893340587616,0.24567611515522003,0.26101377606391907
27,S6,BWHvy,local,local,0,local,local,0,0.5015747547149658,0.5097432136535645,0.008168458938598633,0.01054365187883377,0.10741513967514038,0.5015747547149658,0.5097432136535645,0.24824345111846924,0.29378262162208557,0.25018173456192017,0.19647422432899475
27,S7,LatCrit,local,local,0,BS2,BS2,0,0.49995142221450806,0.5837537050247192,0.08380228281021118,0.014248311519622803,0.16760458052158356,0.49995142221450806,0.5837537050247192,0.2533200979232788,0.21028947830200195,0.24672849476337433,0.2059568166732788
27,S7,ComHvy,local,local,0,local,local,0,0.5199927091598511,0.5078823566436768,-0.012110352516174316,0.003602340817451477,0.06976762413978577,0.5199927091598511,0.5078823566436768,0.23761636018753052,0.21484291553497314,0.24239090085029602,0.2772747278213501
27,S7,BWHvy,local,local,0,local,local,0,0.4762062430381775,0.4536663293838501,-0.022539913654327393,0.001043291762471199,0.045079827308654785,0.4762062430381775,0.4536663293838501,0.261871337890625,0.27558037638664246,0.2619224190711975,0.27075329422950745
27,S8,LatCrit,local,local,0,local,local,0,0.48502808809280396,0.6065672039985657,0.12153911590576172,0.034958139061927795,0.24307821691036224,0.48502808809280396,0.6065672039985657,0.24889756739139557,0.21690858900547028,0.2660743296146393,0.17652420699596405
27,S8,ComHvy,local,local,0,BS2,local,1,0.47332340478897095,0.5144120454788208,0.041088640689849854,0.008770453743636608,0.10901424288749695,0.47332340478897095,0.5144120454788208,0.256781667470932,0.20227453112602234,0.26989492774009705,0.2833133935928345
27,S8,BWHvy,local,local,0,local,local,0,0.5225929021835327,0.5088809728622437,-0.013711929321289062,0.0013603512197732925,0.043220460414886475,0.5225929021835327,0.5088809728622437,0.20597825944423676,0.22758851945400238,0.27142882347106934,0.26353055238723755
28,S1,LatCrit,local,local,0,local,local,0,0.4802566170692444,0.44483429193496704,-0.035422325134277344,0.003743163077160716,0.07468853890895844,0.4802566170692444,0.44483429193496704,0.2706625759601593,0.3080068528652191,0.24908079206943512,0.24715885519981384
28,S1,ComHvy,local,local,0,local,local,0,0.5071619749069214,0.44908255338668823,-0.058079421520233154,0.009573370218276978,0.1161588579416275,0.5071619749069214,0.44908255338668823,0.2660526633262634,0.2680809795856476,0.226785346865654,0.2828364670276642
28,S1,BWHvy,local,local,0,local,local,0,0.4816811680793762,0.48969709873199463,0.008015930652618408,0.0049574486911296844,0.07702288031578064,0.4816811680793762,0.48969709873199463,0.26478853821754456,0.2952840328216553,0.2535302937030792,0.2150188386440277
28,S2,LatCrit,local,local,0,local,local,0,0.4993400573730469,0.4625261425971985,-0.03681391477584839,0.002978520467877388,0.07362785935401917,0.4993400573730469,0.4625261425971985,0.22467048466205597,0.23259197175502777,0.27598944306373596,0.30488190054893494
28,S2,ComHvy,local,local,0,local,local,0,0.49491173028945923,0.45017313957214355,-0.044738590717315674,0.004669990390539169,0.08947719633579254,0.49491173028945923,0.45017313957214355,0.26054590940475464,0.2697264850139618,0.24454234540462494,0.28010037541389465
28,S2,BWHvy,local,local,0,local,local,0,0.47366631031036377,0.4383038878440857,-0.035362422466278076,0.003127399832010269,0.07072484493255615,0.47366631031036377,0.4383038878440857,0.26831504702568054,0.29973918199539185,0.2580186426639557,0.26195693016052246
28,S3,LatCrit,local,local,0,BS1,BS1,0,0.5160446166992188,0.4786403179168701,-0.03740429878234863,0.004000499844551086,0.07480864226818085,0.5160446166992188,0.4786403179168701,0.2642175853252411,0.26629796624183655,0.21973775327205658,0.25506171584129333
28,S3,ComHvy,local,local,0,local,BS2,1,0.48105138540267944,0.4116942882537842,-0.06935709714889526,0.010789137333631516,0.13871422410011292,0.48105138540267944,0.4116942882537842,0.29826870560646057,0.3200658857822418,0.2206798791885376,0.268239825963974
28,S3,BWHvy,local,local,0,local,local,0,0.48168957233428955,0.47224605083465576,-0.009443521499633789,0.0005606617778539658,0.029439210891723633,0.48168957233428955,0.47224605083465576,0.26635751128196716,0.26108142733573914,0.2519529163837433,0.2666725218296051
28,S4,LatCrit,local,local,0,local,local,0,0.4875757694244385,0.4655923843383789,-0.02198338508605957,0.0015066452324390411,0.046291738748550415,0.4875757694244385,0.4655923843383789,0.25798290967941284,0.256820410490036,0.2544413208961487,0.2775871753692627
28,S4,ComHvy,local,local,0,BS2,BS2,0,0.5185085535049438,0.4945356845855713,-0.02397286891937256,0.0020451971795409918,0.0544583797454834,0.5185085535049438,0.4945356845855713,0.23743699491024017,0.2646661698818207,0.24405449628829956,0.24079816043376923
28,S4,BWHvy,local,local,0,local,local,0,0.5328614711761475,0.4966801404953003,-0.03618133068084717,0.002826415002346039,0.07236266136169434,0.5328614711761475,0.4966801404953003,0.24963802099227905,0.2764289379119873,0.2175004780292511,0.22689089179039001
28,S5,LatCrit,local,local,0,local,local,0,0.5401579141616821,0.549323558807373,0.009165644645690918,0.0010120579972863197,0.03582790493965149,0.5401579141616821,0.549323558807373,0.21749193966388702,0.19957798719406128,0.24235014617443085,0.2510984539985657
28,S5,ComHvy,local,local,0,local,local,0,0.483079195022583,0.4549119472503662,-0.028167247772216797,0.0016515068709850311,0.0563344806432724,0.483079195022583,0.4549119472503662,0.2454499751329422,0.25481116771698,0.2714708149433136,0.2902768552303314
28,S5,BWHvy,local,local,0,local,local,0,0.5446145534515381,0.4932982325553894,-0.05131632089614868,0.0057892147451639175,0.10263265669345856,0.5446145534515381,0.4932982325553894,0.22200404107570648,0.25909367203712463,0.23338140547275543,0.24760811030864716
28,S6,LatCrit,local,local,0,local,local,0,0.49041348695755005,0.49011653661727905,-0.0002969503402709961,0.010333362966775894,0.10124999284744263,0.49041348695755005,0.49011653661727905,0.26618698239326477,0.3168119788169861,0.243399515748024,0.19307146966457367
28,S6,ComHvy,local,local,0,local,local,0,0.503450870513916,0.4708717465400696,-0.032579123973846436,0.0025010257959365845,0.06515823304653168,0.503450870513916,0.4708717465400696,0.2512166202068329,0.2779717445373535,0.2453325241804123,0.2511565089225769
28,S6,BWHvy,local,local,0,local,local,0,0.5009105205535889,0.4957805275917053,-0.005129992961883545,0.002867715433239937,0.058508455753326416,0.5009105205535889,0.4957805275917053,0.24594566226005554,0.27519989013671875,0.253143846988678,0.22901961207389832
28,S7,LatCrit,local,local,0,local,local,0,0.4911845922470093,0.49187105894088745,0.0006864666938781738,0.0012701377272605896,0.03646649420261383,0.4911845922470093,0.49187105894088745,0.2603257894515991,0.27787256240844727,0.2484896183013916,0.2302563637495041
28,S7,ComHvy,local,local,0,local,local,0,0.5147631168365479,0.4925968050956726,-0.022166311740875244,0.0022949595004320145,0.05950482189655304,0.5147631168365479,0.4925968050956726,0.24174270033836365,0.23415663838386536,0.24349413812160492,0.2732465863227844
28,S7,BWHvy,local,local,0,local,BS2,1,0.4880574345588684,0.47329598665237427,-0.01476144790649414,0.0007030069828033447,0.03169870376586914,0.4880574345588684,0.47329598665237427,0.2568531632423401,0.25576528906822205,0.2550893723964691,0.2709387540817261
28,S8,LatCrit,local,local,0,local,local,0,0.48416101932525635,0.5077552795410156,0.023594260215759277,0.002969544380903244,0.06595833599567413,0.48416101932525635,0.5077552795410156,0.2510046660900116,0.2603895962238312,0.26483431458473206,0.23185516893863678
28,S8,ComHvy,local,local,0,local,BS2,1,0.4724101424217224,0.4207637906074524,-0.05164635181427002,0.00545390322804451,0.10329267382621765,0.4724101424217224,0.4207637906074524,0.26158618927001953,0.29040291905403137,0.26600369811058044,0.28883329033851624
28,S8,BWHvy,local,local,0,local,local,0,0.5108972787857056,0.43678319454193115,-0.07411408424377441,0.013592236675322056,0.14822819828987122,0.5108972787857056,0.43678319454193115,0.213655024766922,0.2745990753173828,0.27544766664505005,0.28861773014068604
29,S1,LatCrit,local,local,0,local,local,0,0.47912269830703735,0.491454541683197,0.012331843376159668,0.004463136196136475,0.0752849280834198,0.47912269830703735,0.491454541683197,0.2745579481124878,0.2998685836791992,0.24631935358047485,0.20867690443992615
29,S1,ComHvy,local,local,0,local,local,0,0.5074661374092102,0.46074384450912476,-0.04672229290008545,0.009350117295980453,0.12014661729335785,0.5074661374092102,0.46074384450912476,0.26275208592414856,0.24940107762813568,0.22978177666664124,0.28985509276390076
29,S1,BWHvy,local,local,0,local,local,0,0.4899247884750366,0.5015296339988708,0.011604845523834229,0.015320450067520142,0.13042455911636353,0.4899247884750366,0.5015296339988708,0.2591189742088318,0.3127264082431793,0.2509562075138092,0.18574392795562744
29,S2,LatCrit,local,local,0,local,local,0,0.49724137783050537,0.4672255516052246,-0.03001582622528076,0.0035797911696135998,0.07196149230003357,0.49724137783050537,0.4672255516052246,0.22819113731384277,0.26417186856269836,0.27456748485565186,0.26860255002975464
29,S2,ComHvy,local,local,0,local,local,0,0.5088035464286804,0.5683504343032837,0.05954688787460327,0.007772810757160187,0.11909379065036774,0.5088035464286804,0.5683504343032837,0.24950693547725677,0.22998298704624176,0.2416895031929016,0.20166654884815216
29,S2,BWHvy,local,local,0,local,local,0,0.46194911003112793,0.43691009283065796,-0.02503901720046997,0.0044594090431928635,0.08665448427200317,0.46194911003112793,0.43691009283065796,0.27551403641700745,0.31884127855300903,0.2625368535518646,0.244248628616333
29,S3,LatCrit,local,local,0,local,local,0,0.534442126750946,0.5194719433784485,-0.014970183372497559,0.0015164855867624283,0.04589304327964783,0.534442126750946,0.5194719433784485,0.2569241523742676,0.24894781410694122,0.20863373577594757,0.23158025741577148
29,S3,ComHvy,local,local,0,local,BS1,1,0.4925922155380249,0.477653443813324,-0.014938771724700928,0.0005669211968779564,0.02987755835056305,0.4925922155380249,0.477653443813324,0.29460322856903076,0.2976572811603546,0.21280454099178314,0.2246892750263214
29,S3,BWHvy,local,local,0,BS2,BS2,0,0.4767141342163086,0.43998754024505615,-0.03672659397125244,0.0032870317809283733,0.07345321774482727,0.4767141342163086,0.43998754024505615,0.2645416557788849,0.29609280824661255,0.25874418020248413,0.2639196515083313
29,S4,LatCrit,local,local,0,local,local,0,0.4741714596748352,0.455457866191864,-0.01871359348297119,0.002028433606028557,0.05782581865787506,0.4741714596748352,0.455457866191864,0.2713000476360321,0.3002129793167114,0.2545284628868103,0.24432916939258575
29,S4,ComHvy,local,local,0,BS1,BS1,0,0.4925994873046875,0.47990578413009644,-0.012693703174591064,0.0014028865844011307,0.04650294780731201,0.4925994873046875,0.47990578413009644,0.2516167163848877,0.2748681902885437,0.2557837963104248,0.24522602558135986
29,S4,BWHvy,local,local,0,local,local,0,0.5395770072937012,0.5440518856048584,0.0044748783111572266,0.00479724258184433,0.06876009702682495,0.5395770072937012,0.5440518856048584,0.24646571278572083,0.2763708829879761,0.2139573097229004,0.17957726120948792
29,S5,LatCrit,local,local,0,local,local,0,0.5368427038192749,0.5538767576217651,0.017034053802490234,0.0006155082955956459,0.03406806290149689,0.5368427038192749,0.5538767576217651,0.22035253047943115,0.21477395296096802,0.24280472099781036,0.23134928941726685
29,S5,ComHvy,local,local,0,local,local,0,0.49198538064956665,0.5224422216415405,0.030456840991973877,0.0023348238319158554,0.06091369688510895,0.49198538064956665,0.5224422216415405,0.23264038562774658,0.2290363311767578,0.27537426352500916,0.24852146208286285
29,S5,BWHvy,local,local,0,local,local,0,0.5374314785003662,0.4715176820755005,-0.06591379642486572,0.021575666964054108,0.18928810954093933,0.5374314785003662,0.4715176820755005,0.23325321078300476,0.3278972804546356,0.22931529581546783,0.20058505237102509
29,S6,LatCrit,local,local,0,local,local,0,0.48603129386901855,0.5010793805122375,0.015048086643218994,0.018930457532405853,0.144462451338768,0.48603129386901855,0.5010793805122375,0.26934587955474854,0.32652902603149414,0.24462281167507172,0.1723915934562683
29,S6,ComHvy,local,local,0,local,local,0,0.5104681253433228,0.5136632919311523,0.00319516658782959,0.0020486656576395035,0.04725557565689087,0.5104681253433228,0.5136632919311523,0.24939994513988495,0.269832581281662,0.2401318997144699,0.21650412678718567
29,S6,BWHvy,local,local,0,local,local,0,0.5168867707252502,0.5303857326507568,0.013498961925506592,0.007969759404659271,0.09633441269397736,0.5168867707252502,0.5303857326507568,0.23982247710227966,0.27449071407318115,0.2432907521724701,0.19512353837490082
29,S7,LatCrit,local,local,0,local,local,0,0.5082484483718872,0.5678771734237671,0.05962872505187988,0.010755196213722229,0.11925745010375977,0.5082484483718872,0.5678771734237671,0.24887901544570923,0.24462062120437622,0.24287249147891998,0.1875021606683731
29,S7,ComHvy,local,local,0,local,local,0,0.5227459669113159,0.49274736642837524,-0.029998600482940674,0.002221258357167244,0.05999720096588135,0.5227459669113159,0.49274736642837524,0.24244385957717896,0.2683253288269043,0.23481017351150513,0.23892730474472046
29,S7,BWHvy,local,local,0,BS1,BS1,0,0.49669522047042847,0.524186372756958,0.02749115228652954,0.0018559284508228302,0.0549822598695755,0.49669522047042847,0.524186372756958,0.2544044256210327,0.24928401410579681,0.24890033900737762,0.22652964293956757
29,S8,LatCrit,local,local,0,local,local,0,0.49255281686782837,0.5178346633911133,0.025281846523284912,0.003281760960817337,0.06913506984710693,0.49255281686782837,0.5178346633911133,0.2433692067861557,0.25265488028526306,0.26407796144485474,0.22951041162014008
29,S8,ComHvy,local,local,0,local,local,0,0.47907382249832153,0.4507327675819397,-0.028341054916381836,0.0023387521505355835,0.05707070231437683,0.47907382249832153,0.4507327675819397,0.26201191544532776,0.26181760430336,0.2589142620563507,0.28744959831237793
29,S8,BWHvy,local,local,0,local,local,0,0.5279512405395508,0.5096744298934937,-0.01827681064605713,0.013170629739761353,0.12880776822566986,0.5279512405395508,0.5096744298934937,0.20944835245609283,0.27385225892066956,0.2626003921031952,0.21647334098815918
30,S1,LatCrit,local,local,0,local,local,0,0.4906875491142273,0.519805908203125,0.029118359088897705,0.014467127621173859,0.13262015581130981,0.4906875491142273,0.519805908203125,0.268996000289917,0.3061876893043518,0.2403164803981781,0.1740063726902008
30,S1,ComHvy,local,local,0,local,local,0,0.50115567445755,0.4729057550430298,-0.028249919414520264,0.0053772032260894775,0.09064830839633942,0.50115567445755,0.4729057550430298,0.27106475830078125,0.25399050116539,0.22777961194515228,0.2731037437915802
30,S1,BWHvy,local,local,0,BS1,BS1,0,0.4703214764595032,0.4712293744087219,0.00090789794921875,0.017898183315992355,0.13551175594329834,0.4703214764595032,0.4712293744087219,0.2706214189529419,0.3374693691730499,0.2590571343898773,0.19130122661590576
30,S2,LatCrit,local,local,0,local,local,0,0.4879986047744751,0.4599103331565857,-0.028088271617889404,0.014526255428791046,0.14703238010406494,0.4879986047744751,0.4599103331565857,0.23847918212413788,0.31199538707733154,0.27352219820022583,0.22809429466724396
30,S2,ComHvy,local,local,0,local,local,0,0.5138023495674133,0.5742475986480713,0.06044524908065796,0.007504422217607498,0.12089049816131592,0.5138023495674133,0.5742475986480713,0.24936386942863464,0.22276775538921356,0.23683378100395203,0.20298464596271515
30,S2,BWHvy,local,local,0,BS2,BS2,0,0.48501014709472656,0.48101967573165894,-0.003990471363067627,0.0024152975529432297,0.053791344165802,0.48501014709472656,0.48101967573165894,0.26902467012405396,0.29592034220695496,0.2459651678800583,0.22305996716022491
30,S3,LatCrit,local,local,0,local,local,0,0.5267311930656433,0.47305208444595337,-0.05367910861968994,0.00739293172955513,0.10735821723937988,0.5267311930656433,0.47305208444595337,0.2538534104824066,0.26082366704940796,0.21941539645195007,0.26612424850463867
30,S3,ComHvy,local,local,0,local,local,0,0.4951140284538269,0.4728703498840332,-0.0222436785697937,0.003704667091369629,0.07872679829597473,0.4951140284538269,0.4728703498840332,0.2861184775829315,0.3254818618297577,0.21876749396324158,0.20164775848388672
30,S3,BWHvy,local,local,0,local,local,0,0.4910386800765991,0.46000611782073975,-0.031032562255859375,0.010763738304376602,0.13088667392730713,0.4910386800765991,0.46000611782073975,0.2562941312789917,0.32173746824264526,0.2526671886444092,0.218256413936615
30,S4,LatCrit,local,local,0,BS1,BS1,0,0.500210165977478,0.4660412073135376,-0.03416895866394043,0.0038175201043486595,0.07612548768520355,0.500210165977478,0.4660412073135376,0.25755807757377625,0.295620858669281,0.24223169684410095,0.2383379489183426
30,S4,ComHvy,local,local,0,local,local,0,0.5030165314674377,0.4919814467430115,-0.01103508472442627,0.005697045475244522,0.08590717613697052,0.5030165314674377,0.4919814467430115,0.25024375319480896,0.2931973338127136,0.2467397302389145,0.2148212194442749
30,S4,BWHvy,local,local,0,local,local,0,0.5291187167167664,0.4660753011703491,-0.06304341554641724,0.01232723705470562,0.13868525624275208,0.5291187167167664,0.4660753011703491,0.249618798494339,0.3189614415168762,0.22126248478889465,0.21496328711509705
30,S5,LatCrit,local,local,0,local,local,0,0.5331336855888367,0.5712358355522156,0.038102149963378906,0.0035542305558919907,0.07620429992675781,0.5331336855888367,0.5712358355522156,0.22115731239318848,0.2140587568283081,0.24570901691913605,0.2147054225206375
30,S5,ComHvy,local,local,0,local,local,0,0.4912909269332886,0.4925764203071594,0.0012854933738708496,2.221553586423397e-05,0.005740851163864136,0.4912909269332886,0.4925764203071594,0.23642493784427643,0.23800985515117645,0.2722841799259186,0.2694137394428253
30,S5,BWHvy,local,local,0,local,local,0,0.5289276838302612,0.45040279626846313,-0.0785248875617981,0.022034253925085068,0.18812640011310577,0.5289276838302612,0.45040279626846313,0.23349325358867645,0.32755646109580994,0.23757906258106232,0.22204075753688812
30,S6,LatCrit,local,local,0,BS2,BS1,1,0.4868732690811157,0.532588005065918,0.045714735984802246,0.04314558207988739,0.21702422201633453,0.4868732690811157,0.532588005065918,0.2677612900733948,0.3305586874485016,0.2453654557466507,0.13685336709022522
30,S6,ComHvy,local,local,0,local,local,0,0.5269385576248169,0.5214228630065918,-0.005515694618225098,0.0012501142919063568,0.039447516202926636,0.5269385576248169,0.5214228630065918,0.23911058902740479,0.2588343620300293,0.23395083844661713,0.2197427898645401
30,S6,BWHvy,local,local,0,local,local,0,0.5287628173828125,0.5526226758956909,0.023859858512878418,0.005050264298915863,0.081125408411026,0.5287628173828125,0.5526226758956909,0.23620419204235077,0.25290703773498535,0.23503300547599792,0.19447030127048492
30,S7,LatCrit,local,local,0,local,local,0,0.49844980239868164,0.5546826720237732,0.05623286962509155,0.01829879730939865,0.15173617005348206,0.49844980239868164,0.5546826720237732,0.2525876760482788,0.2722229063510895,0.24896250665187836,0.17309443652629852
30,S7,ComHvy,local,local,0,local,local,0,0.5233031511306763,0.5035293698310852,-0.019773781299591064,0.0007851310074329376,0.03954753279685974,0.5233031511306763,0.5035293698310852,0.24157805740833282,0.2507636249065399,0.2351187914609909,0.2457069754600525
30,S7,BWHvy,local,local,0,local,local,0,0.4942314624786377,0.4820653796195984,-0.012166082859039307,0.007389385253190994,0.098309725522995,0.4942314624786377,0.4820653796195984,0.2534824311733246,0.3026372790336609,0.2522861063480377,0.21529731154441833
30,S8,LatCrit,local,local,0,local,local,0,0.495843768119812,0.533349871635437,0.037506103515625,0.008653774857521057,0.10997261106967926,0.495843768119812,0.533349871635437,0.24109017848968506,0.2585704028606415,0.26306602358818054,0.2080797404050827
30,S8,ComHvy,local,local,0,BS1,BS1,0,0.4813165068626404,0.47267770767211914,-0.00863879919052124,0.01352163776755333,0.12669745087623596,0.4813165068626404,0.47267770767211914,0.26329299807548523,0.326641708612442,0.2553905248641968,0.20068058371543884
30,S8,BWHvy,local,local,0,local,local,0,0.529483437538147,0.5132360458374023,-0.01624739170074463,0.004533672705292702,0.07751515507698059,0.529483437538147,0.5132360458374023,0.2041671872138977,0.242924764752388,0.2663494050502777,0.24383921921253204
31,S1,LatCrit,local,local,0,local,local,0,0.49261289834976196,0.4595196843147278,-0.03309321403503418,0.0025269375182688236,0.06618644297122955,0.49261289834976196,0.4595196843147278,0.26401451230049133,0.2909371554851532,0.2433725744485855,0.24954316020011902
31,S1,ComHvy,local,local,0,local,local,0,0.5060029625892639,0.42536044120788574,-0.08064252138137817,0.020477116107940674,0.17260387539863586,0.5060029625892639,0.42536044120788574,0.2681795358657837,0.2625201344490051,0.2258175015449524,0.3121194541454315
31,S1,BWHvy,local,local,0,local,local,0,0.4839719533920288,0.42774713039398193,-0.056224822998046875,0.009750138968229294,0.12223665416240692,0.4839719533920288,0.42774713039398193,0.2632095217704773,0.32432785630226135,0.2528185248374939,0.2479250282049179
31,S2,LatCrit,local,BS2,1,local,local,0,0.484525203704834,0.37127137184143066,-0.11325383186340332,0.0394570454955101,0.2709413766860962,0.484525203704834,0.3490545153617859,0.23607955873012543,0.27967408299446106,0.2793952226638794,0.37127137184143066
31,S2,ComHvy,local,local,0,local,local,0,0.5110126733779907,0.4564741849899292,-0.05453848838806152,0.00845901295542717,0.10907699167728424,0.5110126733779907,0.4564741849899292,0.2534191906452179,0.25427478551864624,0.2355681210756302,0.28925102949142456
31,S2,BWHvy,local,local,0,local,local,0,0.4816395044326782,0.4112098217010498,-0.07042968273162842,0.011237582191824913,0.14085939526557922,0.4816395044326782,0.4112098217010498,0.26693761348724365,0.32261282205581665,0.2514228820800781,0.26617738604545593
31,S3,LatCrit,local,local,0,local,local,0,0.527756929397583,0.4325264096260071,-0.09523051977157593,0.018798165023326874,0.19046105444431305,0.527756929397583,0.4325264096260071,0.2581385374069214,0.2967804968357086,0.2141045182943344,0.2706930935382843
31,S3,ComHvy,local,local,0,local,local,0,0.5003987550735474,0.4147869944572449,-0.08561176061630249,0.018756255507469177,0.17122353613376617,0.5003987550735474,0.4147869944572449,0.2820710837841034,0.2939894199371338,0.21753014624118805,0.29122358560562134
31,S3,BWHvy,local,local,0,local,local,0,0.49205541610717773,0.43559205532073975,-0.05646336078643799,0.006701407954096794,0.1129266768693924,0.49205541610717773,0.43559205532073975,0.25953543186187744,0.29752641916275024,0.2484091967344284,0.26688152551651
31,S4,LatCrit,local,local,0,BS2,BS2,0,0.5051266551017761,0.489274799823761,-0.015851855278015137,0.0005440912209451199,0.03170372545719147,0.5051266551017761,0.489274799823761,0.25290417671203613,0.2643093168735504,0.24196915328502655,0.2464158833026886
31,S4,ComHvy,local,local,0,local,BS2,1,0.5111912488937378,0.4617224931716919,-0.0494687557220459,0.006669037044048309,0.09893748164176941,0.5111912488937378,0.4617224931716919,0.24086378514766693,0.24244549870491028,0.24794499576091766,0.2958320081233978
31,S4,BWHvy,local,local,0,BS1,BS1,0,0.53870689868927,0.5343071222305298,-0.004399776458740234,8.053518831729889e-05,0.010385408997535706,0.53870689868927,0.5343071222305298,0.24438557028770447,0.24359263479709625,0.2169075608253479,0.22210025787353516
31,S5,LatCrit,local,local,0,local,local,0,0.516312837600708,0.3917078375816345,-0.12460500001907349,0.03495820611715317,0.24921001493930817,0.516312837600708,0.3917078375816345,0.229893758893013,0.3242063820362091,0.2537934184074402,0.28408581018447876
31,S5,ComHvy,local,local,0,local,local,0,0.5029594898223877,0.46014130115509033,-0.04281818866729736,0.00760621577501297,0.11307168006896973,0.5029594898223877,0.46014130115509033,0.22948774695396423,0.21577006578445435,0.26755282282829285,0.3240886330604553
31,S5,BWHvy,local,local,0,local,local,0,0.546944797039032,0.4773247241973877,-0.06962007284164429,0.009827084839344025,0.1392401158809662,0.546944797039032,0.4773247241973877,0.22334936261177063,0.2637503743171692,0.2297058403491974,0.2589248716831207
31,S6,LatCrit,local,local,0,local,local,0,0.5002763271331787,0.5660590529441833,0.06578272581100464,0.011722803115844727,0.13156554102897644,0.5002763271331787,0.5660590529441833,0.25900307297706604,0.24849872291088104,0.24072065949440002,0.18544219434261322
31,S6,ComHvy,local,local,0,local,local,0,0.5150133371353149,0.4979705214500427,-0.017042815685272217,0.007519755512475967,0.10146421194076538,0.5150133371353149,0.4979705214500427,0.23885367810726166,0.2051643580198288,0.24613302946090698,0.2968651056289673
31,S6,BWHvy,local,local,0,local,BS1,1,0.5204774737358093,0.439328134059906,-0.08114933967590332,0.021194683387875557,0.18290391564369202,0.5204774737358093,0.439328134059906,0.24163053929805756,0.33308249711990356,0.23789197206497192,0.22758935391902924
31,S7,LatCrit,local,local,0,local,local,0,0.4886537194252014,0.47744566202163696,-0.011208057403564453,0.001253131777048111,0.043941155076026917,0.4886537194252014,0.47744566202163696,0.2572338283061981,0.279204398393631,0.25411245226860046,0.24334992468357086
31,S7,ComHvy,local,local,0,local,local,0,0.5223349332809448,0.46048545837402344,-0.06184947490692139,0.00965568795800209,0.12369897961616516,0.5223349332809448,0.46048545837402344,0.23920296132564545,0.24561651051044464,0.23846209049224854,0.2938980460166931
31,S7,BWHvy,local,local,0,local,local,0,0.4896259903907776,0.4133830666542053,-0.07624292373657227,0.014620852656662464,0.15248584747314453,0.4896259903907776,0.4133830666542053,0.2510751187801361,0.31926199793815613,0.2592988908290863,0.26735493540763855
31,S8,LatCrit,local,local,0,local,BS1,1,0.4726179242134094,0.3954147696495056,-0.07720315456390381,0.018489867448806763,0.16788241267204285,0.4726179242134094,0.3954147696495056,0.2566981017589569,0.34063929319381714,0.27068397402763367,0.26394590735435486
31,S8,ComHvy,local,local,0,BS1,BS1,0,0.48122143745422363,0.41206830739974976,-0.06915313005447388,0.009739503264427185,0.13830626010894775,0.48122143745422363,0.41206830739974976,0.25710591673851013,0.2916582226753235,0.26167264580726624,0.29627346992492676
31,S8,BWHvy,local,local,0,local,local,0,0.5241414308547974,0.46643149852752686,-0.05770993232727051,0.007124634459614754,0.1154198944568634,0.5241414308547974,0.46643149852752686,0.20972053706645966,0.24675242602825165,0.2661380171775818,0.2868160903453827
32,S1,LatCrit,local,local,0,local,local,0,0.49865245819091797,0.41637420654296875,-0.08227825164794922,0.015341297723352909,0.16455647349357605,0.49865245819091797,0.41637420654296875,0.26289209723472595,0.3292735517024994,0.23845544457435608,0.2543522119522095
32,S1,ComHvy,local,BS2,1,local,BS2,1,0.4974573254585266,0.3611963093280792,-0.1362610161304474,0.05238308757543564,0.28672128915786743,0.4974573254585266,0.3540966510772705,0.26999378204345703,0.2847070097923279,0.23254892230033875,0.3611963093280792
32,S1,BWHvy,local,local,0,local,local,0,0.4831913113594055,0.37389010190963745,-0.10930120944976807,0.026853658258914948,0.21860235929489136,0.4831913113594055,0.37389010190963745,0.2650437653064728,0.34914472699165344,0.2517649531364441,0.2769651412963867
32,S2,LatCrit,local,BS2,1,BS1,BS1,0,0.4869551658630371,0.33951547741889954,-0.14743968844413757,0.054721664637327194,0.3166765868663788,0.4869551658630371,0.3286168575286865,0.23600055277347565,0.33186766505241394,0.27704429626464844,0.33951547741889954
32,S2,ComHvy,local,local,0,local,local,0,0.5050584077835083,0.39660364389419556,-0.10845476388931274,0.024132784456014633,0.21690955758094788,0.5050584077835083,0.39660364389419556,0.2574218213558197,0.3075674772262573,0.2375197410583496,0.2958288788795471
32,S2,BWHvy,local,BS1,1,local,local,0,0.47572678327560425,0.3859941065311432,-0.08973267674446106,0.0576978400349617,0.3200097680091858,0.47572678327560425,0.31572192907333374,0.27130773663520813,0.3859941065311432,0.2529654800891876,0.29828402400016785
32,S3,LatCrit,local,local,0,local,local,0,0.5234828591346741,0.37248295545578003,-0.15099990367889404,0.05182433873414993,0.3019998073577881,0.5234828591346741,0.37248295545578003,0.25629764795303345,0.29280129075050354,0.2202194780111313,0.33471575379371643
32,S3,ComHvy,local,local,0,local,BS2,1,0.49210548400878906,0.35683804750442505,-0.135267436504364,0.04191990941762924,0.27053481340408325,0.49210548400878906,0.35683804750442505,0.2870687246322632,0.3248916268348694,0.22082580626010895,0.3182702958583832
32,S3,BWHvy,local,local,0,local,local,0,0.48886293172836304,0.36185574531555176,-0.12700718641281128,0.03433508053421974,0.25401434302330017,0.48886293172836304,0.36185574531555176,0.2589251697063446,0.3399660289287567,0.25221189856529236,0.29817819595336914
32,S4,LatCrit,local,local,0,local,BS1,1,0.4985840320587158,0.3941717743873596,-0.1044122576713562,0.022329196333885193,0.20882457494735718,0.4985840320587158,0.3941717743873596,0.25768864154815674,0.3138677477836609,0.24372729659080505,0.2919605076313019
32,S4,ComHvy,local,local,0,local,local,0,0.49381381273269653,0.3414178490638733,-0.15239596366882324,0.049034006893634796,0.30479195713996887,0.49381381273269653,0.3414178490638733,0.25554701685905457,0.3347344696521759,0.2506391406059265,0.3238476812839508
32,S4,BWHvy,local,local,0,local,BS1,1,0.5290224552154541,0.45056360960006714,-0.07845884561538696,0.012813670560717583,0.15691770613193512,0.5290224552154541,0.45056360960006714,0.2475966066122055,0.3009219467639923,0.223380908370018,0.24851442873477936
32,S5,LatCrit,local,local,0,BS1,BS1,0,0.519244909286499,0.35264474153518677,-0.16660016775131226,0.06273555010557175,0.3332003057003021,0.519244909286499,0.35264474153518677,0.22692880034446716,0.3516009747982025,0.2538262903690338,0.29575425386428833
32,S5,ComHvy,local,local,0,local,local,0,0.49627840518951416,0.42644959688186646,-0.0698288083076477,0.010641094297170639,0.139657661318779,0.49627840518951416,0.42644959688186646,0.2355082482099533,0.25229915976524353,0.26821333169937134,0.3212512731552124
32,S5,BWHvy,local,local,0,local,local,0,0.5385706424713135,0.38770538568496704,-0.15086525678634644,0.047028329223394394,0.30173051357269287,0.5385706424713135,0.38770538568496704,0.2284487932920456,0.3180283308029175,0.23298051953315735,0.2942662537097931
32,S6,LatCrit,local,local,0,local,local,0,0.49022674560546875,0.48366057872772217,-0.006566166877746582,0.011843614280223846,0.11567126214504242,0.49022674560546875,0.48366057872772217,0.266453355550766,0.3242889940738678,0.24331991374492645,0.19205045700073242
32,S6,ComHvy,local,local,0,local,local,0,0.521648645401001,0.4286065101623535,-0.09304213523864746,0.020336300134658813,0.1860843151807785,0.521648645401001,0.4286065101623535,0.2397131472826004,0.2551075518131256,0.23863816261291504,0.3162859380245209
32,S6,BWHvy,local,local,0,local,local,0,0.5180939435958862,0.390886127948761,-0.12720781564712524,0.035766348242759705,0.2544156014919281,0.5180939435958862,0.390886127948761,0.24077816307544708,0.3364139795303345,0.2411278933286667,0.27269986271858215
32,S7,LatCrit,local,local,0,local,BS1,1,0.4904375672340393,0.41881388425827026,-0.07162368297576904,0.01758875697851181,0.16927804052829742,0.4904375672340393,0.41881388425827026,0.25806185603141785,0.34270086884498596,0.25150057673454285,0.23848523199558258
32,S7,ComHvy,local,local,0,local,BS2,1,0.524763822555542,0.39766597747802734,-0.12709784507751465,0.03603925555944443,0.2541957497596741,0.524763822555542,0.39766597747802734,0.23734691739082336,0.26634982228279114,0.23788921535015106,0.3359842002391815
32,S7,BWHvy,local,BS1,1,local,BS2,1,0.4796760082244873,0.3383440375328064,-0.1413319706916809,0.04906678944826126,0.30257272720336914,0.4796760082244873,0.32838964462280273,0.25670063495635986,0.3383440375328064,0.26362335681915283,0.33326631784439087
32,S8,LatCrit,local,local,0,local,BS1,1,0.4878239631652832,0.3930127024650574,-0.09481126070022583,0.02503153681755066,0.18962249159812927,0.4878239631652832,0.3930127024650574,0.24571245908737183,0.33975648880004883,0.26646360754966736,0.2672308087348938
32,S8,ComHvy,local,local,0,local,local,0,0.4871656894683838,0.36059361696243286,-0.12657207250595093,0.03345446661114693,0.2531440854072571,0.4871656894683838,0.36059361696243286,0.2582372725009918,0.3196021020412445,0.2545970678329468,0.31980425119400024
32,S8,BWHvy,local,local,0,local,BS2,1,0.5215696096420288,0.4002732038497925,-0.12129640579223633,0.02997056394815445,0.24259278178215027,0.5215696096420288,0.4002732038497925,0.21013599634170532,0.2606085538864136,0.26829439401626587,0.33911821246147156
33,S1,LatCrit,local,local,0,local,local,0,0.49863719940185547,0.5234748721122742,0.0248376727104187,0.001271354965865612,0.049675360321998596,0.49863719940185547,0.5234748721122742,0.2641659080982208,0.24821819365024567,0.2371969074010849,0.22830693423748016
33,S1,ComHvy,local,local,0,local,local,0,0.5200166702270508,0.4990254044532776,-0.020991265773773193,0.0009065554477274418,0.04198251664638519,0.5200166702270508,0.4990254044532776,0.2642996907234192,0.27840346097946167,0.21568363904953003,0.22257111966609955
33,S1,BWHvy,local,local,0,local,local,0,0.47973525524139404,0.46580207347869873,-0.013933181762695312,0.00040343962609767914,0.027866333723068237,0.47973525524139404,0.46580207347869873,0.2640634775161743,0.2691938877105713,0.25620129704475403,0.26500403881073
33,S2,LatCrit,local,local,0,local,local,0,0.495780885219574,0.43782466650009155,-0.05795621871948242,0.007586020976305008,0.11591246724128723,0.495780885219574,0.43782466650009155,0.23365220427513123,0.24464407563209534,0.2705668807029724,0.3175312578678131
33,S2,ComHvy,local,local,0,local,local,0,0.4974444508552551,0.46920067071914673,-0.0282437801361084,0.004554327577352524,0.08478814363479614,0.4974444508552551,0.46920067071914673,0.25985291600227356,0.24570263922214508,0.24270261824131012,0.2850967049598694
33,S2,BWHvy,local,local,0,local,local,0,0.4749975800514221,0.43722236156463623,-0.03777521848678589,0.0030526500195264816,0.07555046677589417,0.4749975800514221,0.43722236156463623,0.26869359612464905,0.2808927595615387,0.25630882382392883,0.28188490867614746
33,S3,LatCrit,local,local,0,local,local,0,0.5270333290100098,0.4873961806297302,-0.03963714838027954,0.005804974585771561,0.09096463024616241,0.5270333290100098,0.4873961806297302,0.2546032965183258,0.24875813722610474,0.21836335957050323,0.26384568214416504
33,S3,ComHvy,local,local,0,local,local,0,0.4994041919708252,0.45859795808792114,-0.04080623388290405,0.003859858959913254,0.08161245286464691,0.4994041919708252,0.45859795808792114,0.2877512574195862,0.2989819049835205,0.21284456551074982,0.24242013692855835
33,S3,BWHvy,local,local,0,local,local,0,0.48561352491378784,0.46305954456329346,-0.022553980350494385,0.006397906690835953,0.09995123744010925,0.48561352491378784,0.46305954456329346,0.2543027997016907,0.22688117623329163,0.2600836753845215,0.3100593090057373
33,S4,LatCrit,local,local,0,local,local,0,0.5021587014198303,0.524994432926178,0.022835731506347656,0.0016271687345579267,0.0466422438621521,0.5021587014198303,0.524994432926178,0.2578922510147095,0.23457112908363342,0.2399490475654602,0.2404344379901886
33,S4,ComHvy,local,local,0,local,local,0,0.5020434856414795,0.4468621015548706,-0.05518138408660889,0.006142789497971535,0.11036273837089539,0.5020434856414795,0.4468621015548706,0.24824142456054688,0.27333611249923706,0.24971511960029602,0.27980178594589233
33,S4,BWHvy,local,local,0,local,local,0,0.534945011138916,0.5453639030456543,0.010418891906738281,0.0006129788234829903,0.02851291000843048,0.534945011138916,0.5453639030456543,0.24512173235416412,0.24895928800106049,0.21993327140808105,0.20567680895328522
33,S5,LatCrit,local,local,0,local,local,0,0.5158411264419556,0.461112380027771,-0.05472874641418457,0.006684906780719757,0.10945753753185272,0.5158411264419556,0.461112380027771,0.22921842336654663,0.24090276658535004,0.2549404501914978,0.29798489809036255
33,S5,ComHvy,local,local,0,local,local,0,0.4916503429412842,0.4674093723297119,-0.024240970611572266,0.002624917309731245,0.06316809356212616,0.4916503429412842,0.4674093723297119,0.24110271036624908,0.27268674969673157,0.26724693179130554,0.25990384817123413
33,S5,BWHvy,local,local,0,local,local,0,0.5419961214065552,0.4752305746078491,-0.06676554679870605,0.008969001471996307,0.1335311233997345,0.5419961214065552,0.4752305746078491,0.22198604047298431,0.2506866753101349,0.23601780831813812,0.274082750082016
33,S6,LatCrit,local,local,0,local,local,0,0.47831565141677856,0.5200157165527344,0.04170006513595581,0.0036856047809123993,0.08340016007423401,0.47831565141677856,0.5200157165527344,0.2636062502861023,0.23579227924346924,0.25807809829711914,0.244191974401474
33,S6,ComHvy,local,local,0,local,local,0,0.5060948133468628,0.5047473907470703,-0.0013474225997924805,0.00011376617476344109,0.011806890368461609,0.5060948133468628,0.5047473907470703,0.24698910117149353,0.25289255380630493,0.24691607058048248,0.24236005544662476
33,S6,BWHvy,local,local,0,local,local,0,0.5136839747428894,0.48681187629699707,-0.026872098445892334,0.0018221859354525805,0.053744181990623474,0.5136839747428894,0.48681187629699707,0.2379835546016693,0.26124441623687744,0.24833248555660248,0.2519437074661255
33,S7,LatCrit,local,local,0,local,local,0,0.4912957549095154,0.4982023239135742,0.006906569004058838,0.0003993394784629345,0.024182945489883423,0.4912957549095154,0.4982023239135742,0.252176433801651,0.2400849461555481,0.2565278112888336,0.2617127001285553
33,S7,ComHvy,local,local,0,local,local,0,0.519020140171051,0.5009661912918091,-0.018053948879241943,0.003594372421503067,0.0732700526714325,0.519020140171051,0.5009661912918091,0.23720099031925201,0.21861989796161652,0.24377885460853577,0.2804138660430908
33,S7,BWHvy,local,local,0,local,local,0,0.48861801624298096,0.4854176640510559,-0.003200352191925049,9.13003459572792e-05,0.011733084917068481,0.48861801624298096,0.4854176640510559,0.2530815899372101,0.2589481472969055,0.25830039381980896,0.25563421845436096
33,S8,LatCrit,local,local,0,BS1,BS1,0,0.4683765172958374,0.4454925060272217,-0.022884011268615723,0.0010823551565408707,0.04576799273490906,0.4683765172958374,0.4454925060272217,0.25520211458206177,0.26347026228904724,0.2764213979244232,0.2910372316837311
33,S8,ComHvy,local,local,0,local,local,0,0.4867246150970459,0.4893328547477722,0.0026082396507263184,0.0009792447090148926,0.03385832905769348,0.4867246150970459,0.4893328547477722,0.2537960112094879,0.23686683177947998,0.2594793736934662,0.2738002836704254
33,S8,BWHvy,local,local,0,local,local,0,0.5130142569541931,0.4635946750640869,-0.0494195818901062,0.007553458213806152,0.111310213804245,0.5130142569541931,0.4635946750640869,0.2082965075969696,0.20206096768379211,0.27868926525115967,0.33434435725212097
34,S1,LatCrit,local,local,0,local,local,0,0.4939935803413391,0.5115745067596436,0.017580926418304443,0.0012790001928806305,0.041622012853622437,0.4939935803413391,0.5115745067596436,0.26499617099761963,0.2682262361049652,0.24101024866104126,0.22019922733306885
34,S1,ComHvy,local,local,0,local,local,0,0.515201210975647,0.5296041965484619,0.014402985572814941,0.00041694100946187973,0.028805986046791077,0.515201210975647,0.5296041965484619,0.2657480239868164,0.25737830996513367,0.2190508097410202,0.2130175232887268
34,S1,BWHvy,local,local,0,BS1,BS1,0,0.4717016816139221,0.5079663991928101,0.03626471757888794,0.0047309622168540955,0.0793258398771286,0.4717016816139221,0.5079663991928101,0.2689964771270752,0.27239468693733215,0.2593018412590027,0.21963892877101898
34,S2,LatCrit,local,local,0,local,local,0,0.5068502426147461,0.5104622840881348,0.003612041473388672,0.00040464987978339195,0.02250993251800537,0.5068502426147461,0.5104622840881348,0.23194663226604462,0.22069169580936432,0.2612030804157257,0.2688460350036621
34,S2,ComHvy,local,local,0,local,local,0,0.5052380561828613,0.4875078797340393,-0.01773017644882202,0.0042776018381118774,0.07949326932430267,0.5052380561828613,0.4875078797340393,0.2520081102848053,0.2299916297197342,0.24275386333465576,0.2825004756450653
34,S2,BWHvy,local,local,0,local,local,0,0.48839038610458374,0.467471718788147,-0.020918667316436768,0.0009738663211464882,0.04183731973171234,0.48839038610458374,0.467471718788147,0.2624247074127197,0.2679891586303711,0.24918492138385773,0.26453912258148193
34,S3,LatCrit,local,local,0,local,local,0,0.5274935960769653,0.5178565979003906,-0.009636998176574707,0.0003298110095784068,0.022238105535507202,0.5274935960769653,0.5178565979003906,0.255007266998291,0.2661263048648834,0.21749918162822723,0.21601711213588715
34,S3,ComHvy,local,local,0,local,local,0,0.5064355134963989,0.5336629152297974,0.027227401733398438,0.00416623055934906,0.07006151974201202,0.5064355134963989,0.5336629152297974,0.286977618932724,0.2947809398174286,0.20658689737319946,0.17155610024929047
34,S3,BWHvy,local,local,0,local,local,0,0.49542462825775146,0.4870283603668213,-0.008396267890930176,0.0012112855911254883,0.0418735146522522,0.49542462825775146,0.4870283603668213,0.24848204851150513,0.2359415888786316,0.256093293428421,0.2770300805568695
34,S4,LatCrit,local,local,0,local,local,0,0.4987507462501526,0.4912799596786499,-0.0074707865715026855,0.0002034129574894905,0.016938045620918274,0.4987507462501526,0.4912799596786499,0.2593868374824524,0.25838857889175415,0.2418624311685562,0.25033143162727356
34,S4,ComHvy,local,local,0,local,local,0,0.5062348246574402,0.5016227960586548,-0.0046120285987854,0.006151080131530762,0.08246132731437683,0.5062348246574402,0.5016227960586548,0.2506088316440582,0.29183951020240784,0.24315637350082397,0.20653775334358215
34,S4,BWHvy,local,local,0,local,local,0,0.5400963425636292,0.5309703350067139,-0.009126007556915283,0.0002309633418917656,0.018252015113830566,0.5400963425636292,0.5309703350067139,0.24314741790294647,0.2440759688615799,0.21675622463226318,0.22495368123054504
34,S5,LatCrit,local,local,0,local,local,0,0.5089336633682251,0.4780011773109436,-0.030932486057281494,0.006503734737634659,0.10315963625907898,0.5089336633682251,0.4780011773109436,0.2325001060962677,0.2118527591228485,0.258566290140152,0.3101460933685303
34,S5,ComHvy,local,local,0,local,local,0,0.50223308801651,0.5192597508430481,0.017026662826538086,0.0006190091371536255,0.03405331075191498,0.50223308801651,0.5192597508430481,0.23408253490924835,0.22906935214996338,0.26368436217308044,0.2516708970069885
34,S5,BWHvy,local,local,0,local,local,0,0.5384392738342285,0.4955182671546936,-0.04292100667953491,0.0037268120795488358,0.0858420580625534,0.5384392738342285,0.4955182671546936,0.22171245515346527,0.24562527239322662,0.23984824120998383,0.25885647535324097
34,S6,LatCrit,local,local,0,BS2,BS1,1,0.4854152798652649,0.5231709480285645,0.03775566816329956,0.004886072129011154,0.07978546619415283,0.4854152798652649,0.5231709480285645,0.2590208649635315,0.26115792989730835,0.255563884973526,0.21567115187644958
34,S6,ComHvy,local,local,0,BS2,BS2,0,0.5079965591430664,0.44560706615448,-0.062389492988586426,0.009547648951411247,0.12477898597717285,0.5079965591430664,0.44560706615448,0.24134039878845215,0.2951056659221649,0.25066301226615906,0.2592872381210327
34,S6,BWHvy,local,local,0,local,BS1,1,0.5024558305740356,0.49171727895736694,-0.010738551616668701,0.0013653561472892761,0.044840797781944275,0.5024558305740356,0.49171727895736694,0.2438836395740509,0.26630404591560364,0.25366052985191345,0.2419786900281906
34,S7,LatCrit,local,local,0,local,local,0,0.5018843412399292,0.5420099496841431,0.04012560844421387,0.004250900819897652,0.08025117218494415,0.5018843412399292,0.5420099496841431,0.24929174780845642,0.21457655727863312,0.248823881149292,0.243413507938385
34,S7,ComHvy,local,local,0,local,local,0,0.5210294723510742,0.48904716968536377,-0.03198230266571045,0.002154737710952759,0.06396457552909851,0.5210294723510742,0.48904716968536377,0.2332274466753006,0.24336713552474976,0.24574311077594757,0.2675856947898865
34,S7,BWHvy,local,local,0,local,local,0,0.4842870235443115,0.45530498027801514,-0.028982043266296387,0.0022032393608242273,0.05796411633491516,0.4842870235443115,0.45530498027801514,0.2614082098007202,0.2882545590400696,0.2543047368526459,0.2564404606819153
34,S8,LatCrit,local,local,0,local,local,0,0.4756127595901489,0.530638575553894,0.05502581596374512,0.006073683500289917,0.11005166172981262,0.4756127595901489,0.530638575553894,0.2508170008659363,0.22302886843681335,0.2735702395439148,0.24633252620697021
34,S8,ComHvy,local,local,0,local,local,0,0.47563159465789795,0.40556544065475464,-0.07006615400314331,0.013585495762526989,0.140132337808609,0.47563159465789795,0.40556544065475464,0.26442426443099976,0.3342125415802002,0.2599441409111023,0.26022204756736755
34,S8,BWHvy,local,local,0,local,local,0,0.5164989233016968,0.4866623282432556,-0.029836595058441162,0.0019334480166435242,0.059673190116882324,0.5164989233016968,0.4866623282432556,0.20364835858345032,0.2098652720451355,0.2798526883125305,0.3034723699092865
35,S1,LatCrit,local,local,0,BS1,BS1,0,0.49326634407043457,0.4587665796279907,-0.03449976444244385,0.0038379961624741554,0.07675112783908844,0.49326634407043457,0.4587665796279907,0.2645130157470703,0.30288857221603394,0.24222064018249512,0.23834483325481415
35,S1,ComHvy,local,local,0,local,local,0,0.5165066719055176,0.48915135860443115,-0.027355313301086426,0.0015294067561626434,0.054710596799850464,0.5165066719055176,0.48915135860443115,0.26198139786720276,0.27975350618362427,0.22151197493076324,0.23109515011310577
35,S1,BWHvy,local,local,0,local,local,0,0.4810388684272766,0.49765753746032715,0.016618669033050537,0.004958447068929672,0.08191284537315369,0.4810388684272766,0.49765753746032715,0.2581610083580017,0.2824987769126892,0.2608001232147217,0.21984371542930603
35,S2,LatCrit,local,local,0,local,local,0,0.5018624663352966,0.4475952386856079,-0.05426722764968872,0.006806913763284683,0.10853442549705505,0.5018624663352966,0.4475952386856079,0.2310710847377777,0.23988285660743713,0.26706644892692566,0.31252187490463257
35,S2,ComHvy,local,local,0,local,BS2,1,0.5067954659461975,0.4156346917152405,-0.09116077423095703,0.019273824989795685,0.18232156336307526,0.5067954659461975,0.4156346917152405,0.25131964683532715,0.26884037256240845,0.24188487231731415,0.3155249357223511
35,S2,BWHvy,local,local,0,local,BS1,1,0.47809863090515137,0.40145570039749146,-0.07664293050765991,0.013928121887147427,0.15328583121299744,0.47809863090515137,0.40145570039749146,0.26958298683166504,0.33464500308036804,0.252318412065506,0.2638992965221405
35,S3,LatCrit,local,local,0,local,local,0,0.5285889506340027,0.5002517700195312,-0.028337180614471436,0.0018514497205615044,0.05667436122894287,0.5285889506340027,0.5002517700195312,0.2559374272823334,0.27932414412498474,0.21547360718250275,0.22042407095432281
35,S3,ComHvy,local,local,0,local,local,0,0.5066066980361938,0.5029810667037964,-0.003625631332397461,0.0038661863654851913,0.06450147926807404,0.5066066980361938,0.5029810667037964,0.28300392627716064,0.31525465846061707,0.2103893756866455,0.18176425993442535
35,S3,BWHvy,local,local,0,local,local,0,0.48800909519195557,0.42905962467193604,-0.05894947052001953,0.007525298744440079,0.11789897084236145,0.48800909519195557,0.42905962467193604,0.2517605423927307,0.29330724477767944,0.26023033261299133,0.2776331305503845
35,S4,LatCrit,local,local,0,local,local,0,0.49021339416503906,0.43945592641830444,-0.05075746774673462,0.005358297377824783,0.10151490569114685,0.49021339416503906,0.43945592641830444,0.2605188190937042,0.29354047775268555,0.2492678165435791,0.26700359582901
35,S4,ComHvy,local,local,0,BS2,BS2,0,0.5054936408996582,0.45249253511428833,-0.05300110578536987,0.008523665368556976,0.11181432008743286,0.5054936408996582,0.45249253511428833,0.24663101136684418,0.3025381565093994,0.2478753626346588,0.24496929347515106
35,S4,BWHvy,local,local,0,local,local,0,0.5519295930862427,0.5521656274795532,0.00023603439331054688,0.0018398165702819824,0.040539711713790894,0.5519295930862427,0.5521656274795532,0.23573772609233856,0.25577157735824585,0.21233263611793518,0.19206281006336212
35,S5,LatCrit,local,local,0,BS2,BS2,0,0.5234584808349609,0.4270817041397095,-0.09637677669525146,0.019266795367002487,0.19275355339050293,0.5234584808349609,0.4270817041397095,0.2251347005367279,0.257264107465744,0.25140681862831116,0.3156541883945465
35,S5,ComHvy,local,local,0,local,local,0,0.48605167865753174,0.45753365755081177,-0.02851802110671997,0.002979818731546402,0.06955447793006897,0.48605167865753174,0.45753365755081177,0.23832832276821136,0.23206911981105804,0.2756199836730957,0.3103972375392914
35,S5,BWHvy,local,local,0,local,local,0,0.5417541265487671,0.4699290990829468,-0.07182502746582031,0.011298228055238724,0.14365005493164062,0.5417541265487671,0.4699290990829468,0.22083647549152374,0.27266690135002136,0.23740936815738678,0.2574039697647095
35,S6,LatCrit,local,local,0,local,local,0,0.49459558725357056,0.5262520909309387,0.031656503677368164,0.002820350229740143,0.06331300735473633,0.49459558725357056,0.5262520909309387,0.25385594367980957,0.2513831853866577,0.2515484690666199,0.22236472368240356
35,S6,ComHvy,local,local,0,local,local,0,0.510331392288208,0.4811743497848511,-0.029157042503356934,0.0019093053415417671,0.05831409990787506,0.510331392288208,0.4811743497848511,0.24144244194030762,0.2633821666240692,0.24822615087032318,0.2554434835910797
35,S6,BWHvy,local,local,0,BS2,BS2,0,0.5076555609703064,0.4830050468444824,-0.024650514125823975,0.009394824504852295,0.11823712289333344,0.5076555609703064,0.4830050468444824,0.24862012267112732,0.30773869156837463,0.2437242865562439,0.20925624668598175
35,S7,LatCrit,local,local,0,local,local,0,0.49660396575927734,0.47647738456726074,-0.0201265811920166,0.009822312742471695,0.11842532455921173,0.49660396575927734,0.47647738456726074,0.24727486073970795,0.20818880200386047,0.2561211585998535,0.31533384323120117
35,S7,ComHvy,local,local,0,local,local,0,0.5155453085899353,0.4605335593223572,-0.055011749267578125,0.006569826044142246,0.11002351343631744,0.5155453085899353,0.4605335593223572,0.24138060212135315,0.2810681462287903,0.24307410418987274,0.2583983242511749
35,S7,BWHvy,local,local,0,local,local,0,0.4878942370414734,0.43003350496292114,-0.057860732078552246,0.010719429701566696,0.12879465520381927,0.4878942370414734,0.43003350496292114,0.2581510841846466,0.32254838943481445,0.2539547085762024,0.2474180907011032
35,S8,LatCrit,local,local,0,local,local,0,0.4764235019683838,0.4676094651222229,-0.008814036846160889,0.00015691295266151428,0.017628073692321777,0.4764235019683838,0.4676094651222229,0.2535616159439087,0.258349746465683,0.2700148820877075,0.2740407884120941
35,S8,ComHvy,local,local,0,local,local,0,0.482673704624176,0.4075685143470764,-0.07510519027709961,0.012874262407422066,0.15021038055419922,0.482673704624176,0.4075685143470764,0.255429744720459,0.31403982639312744,0.261896550655365,0.27839165925979614
35,S8,BWHvy,local,local,0,local,local,0,0.5240911245346069,0.48959773778915405,-0.03449338674545288,0.0036740333307534456,0.06898678839206696,0.5240911245346069,0.48959773778915405,0.20584431290626526,0.23950891196727753,0.2700645625591278,0.2708933651447296
36,S1,LatCrit,local,local,0,BS1,BS1,0,0.48354893922805786,0.4256901144981384,-0.057858824729919434,0.006876565515995026,0.11571764945983887,0.48354893922805786,0.4256901144981384,0.25965842604637146,0.29422256350517273,0.2567926347255707,0.28008732199668884
36,S1,ComHvy,local,local,0,local,local,0,0.5166603326797485,0.4993177652359009,-0.017342567443847656,0.007155474275350571,0.09827698767185211,0.5166603326797485,0.4993177652359009,0.2615031599998474,0.22970721125602722,0.22183652222156525,0.2709749937057495
36,S1,BWHvy,local,local,0,local,local,0,0.4880513548851013,0.44928526878356934,-0.03876608610153198,0.01322997733950615,0.14738981425762177,0.4880513548851013,0.44928526878356934,0.25334692001342773,0.3270418345928192,0.25860172510147095,0.22367291152477264
36,S2,LatCrit,local,local,0,local,BS2,1,0.4979763627052307,0.4081907868385315,-0.08978557586669922,0.01817002147436142,0.1795712113380432,0.4979763627052307,0.4081907868385315,0.23051439225673676,0.24716787040233612,0.27150923013687134,0.34464138746261597
36,S2,ComHvy,local,local,0,local,BS1,1,0.49705320596694946,0.43519556522369385,-0.061857640743255615,0.009241677820682526,0.12371529638767242,0.49705320596694946,0.43519556522369385,0.26202940940856934,0.2722919285297394,0.24091736972332,0.2925125062465668
36,S2,BWHvy,local,local,0,local,local,0,0.4850110411643982,0.3946729302406311,-0.09033811092376709,0.02241319604218006,0.18157491087913513,0.4850110411643982,0.3946729302406311,0.2633414566516876,0.3541289269924164,0.2516475021839142,0.2511981725692749
36,S3,LatCrit,local,local,0,local,local,0,0.5305055379867554,0.43959081172943115,-0.09091472625732422,0.016686666756868362,0.1818295121192932,0.5305055379867554,0.43959081172943115,0.25389474630355835,0.29842355847358704,0.2155996561050415,0.2619856297969818
36,S3,ComHvy,local,local,0,local,local,0,0.5080024003982544,0.47951173782348633,-0.028490662574768066,0.0027866996824741364,0.060846567153930664,0.5080024003982544,0.47951173782348633,0.27469995617866516,0.2727673351764679,0.21729765832424164,0.24772094190120697
36,S3,BWHvy,local,local,0,local,local,0,0.5186694264411926,0.5257368087768555,0.007067382335662842,0.0016929544508457184,0.04554399847984314,0.5186694264411926,0.5257368087768555,0.24176788330078125,0.2574724853038788,0.23956269025802612,0.21679067611694336
36,S4,LatCrit,local,local,0,local,local,0,0.5067038536071777,0.5014539361000061,-0.005249917507171631,0.0002220519818365574,0.018373385071754456,0.5067038536071777,0.5014539361000061,0.25481390953063965,0.2640005648136139,0.2384822815656662,0.23454546928405762
36,S4,ComHvy,local,local,0,local,local,0,0.49716752767562866,0.4244369864463806,-0.07273054122924805,0.01571464166045189,0.15424859523773193,0.49716752767562866,0.4244369864463806,0.25405022501945496,0.3311745226383209,0.24878224730491638,0.24438849091529846
36,S4,BWHvy,local,local,0,local,local,0,0.5348312854766846,0.519160807132721,-0.015670478343963623,0.0012025460600852966,0.042836159467697144,0.5348312854766846,0.519160807132721,0.24272267520427704,0.2641407549381256,0.22244605422019958,0.21669845283031464
36,S5,LatCrit,local,local,0,local,local,0,0.5000311732292175,0.3764665722846985,-0.12356460094451904,0.031644657254219055,0.24712920188903809,0.5000311732292175,0.3764665722846985,0.23847922682762146,0.2901429831981659,0.261489599943161,0.3333904445171356
36,S5,ComHvy,local,local,0,local,local,0,0.5042670965194702,0.5155693292617798,0.01130223274230957,0.002150947228074074,0.05277909338474274,0.5042670965194702,0.5155693292617798,0.23450864851474762,0.20811909437179565,0.26122426986694336,0.27631157636642456
36,S5,BWHvy,local,local,0,local,BS2,1,0.5392211675643921,0.4590323567390442,-0.0801888108253479,0.015086909756064415,0.1603775918483734,0.5392211675643921,0.4590323567390442,0.2183617353439331,0.2827698290348053,0.2424171268939972,0.2581978142261505
36,S6,LatCrit,local,local,0,BS2,local,1,0.48678773641586304,0.47061312198638916,-0.016174614429473877,0.011404801160097122,0.12404139339923859,0.48678773641586304,0.47061312198638916,0.26262322068214417,0.32464390993118286,0.2505890727043152,0.20474298298358917
36,S6,ComHvy,local,local,0,local,local,0,0.49919480085372925,0.43519389629364014,-0.06400090456008911,0.010147355496883392,0.1280018389225006,0.49919480085372925,0.43519389629364014,0.24377021193504333,0.25051310658454895,0.2570349872112274,0.3142930269241333
36,S6,BWHvy,local,local,0,local,local,0,0.5217947363853455,0.5063006281852722,-0.015494108200073242,0.008739922195672989,0.10648433864116669,0.5217947363853455,0.5063006281852722,0.2402057945728302,0.29344794154167175,0.23799948394298553,0.20025140047073364
36,S7,LatCrit,local,local,0,local,local,0,0.4899129271507263,0.4896538257598877,-0.00025910139083862305,0.0026877913624048233,0.05243693292140961,0.4899129271507263,0.4896538257598877,0.25007161498069763,0.22411225736141205,0.26001545786857605,0.28623393177986145
36,S7,ComHvy,local,local,0,BS2,BS2,0,0.5063285231590271,0.42795854806900024,-0.07836997509002686,0.01305440440773964,0.15673993527889252,0.5063285231590271,0.42795854806900024,0.24153949320316315,0.2652454674243927,0.25213199853897095,0.30679598450660706
36,S7,BWHvy,local,local,0,local,local,0,0.47461915016174316,0.38249635696411133,-0.09212279319763184,0.02432282827794552,0.18921774625778198,0.47461915016174316,0.38249635696411133,0.2578968107700348,0.3525056838989258,0.26748403906822205,0.2649979591369629
36,S8,LatCrit,local,local,0,local,local,0,0.4839465022087097,0.4713597297668457,-0.012586772441864014,0.0013990765437483788,0.0463232547044754,0.4839465022087097,0.4713597297668457,0.24811847507953644,0.27128010988235474,0.26793500781059265,0.25736016035079956
36,S8,ComHvy,local,local,0,local,local,0,0.4627472758293152,0.3749377131462097,-0.08780956268310547,0.01616610214114189,0.17561915516853333,0.4627472758293152,0.3749377131462097,0.2643592655658722,0.3008265495300293,0.2728934586048126,0.3242357671260834
36,S8,BWHvy,local,local,0,local,local,0,0.5162642002105713,0.4088404178619385,-0.10742378234863281,0.027264006435871124,0.214847594499588,0.5162642002105713,0.4088404178619385,0.20982623100280762,0.29357942938804626,0.2739095985889435,0.29758021235466003
37,S1,LatCrit,local,local,0,local,local,0,0.49109160900115967,0.45216095447540283,-0.038930654525756836,0.00925014540553093,0.12498372793197632,0.49109160900115967,0.45216095447540283,0.26367729902267456,0.3261691629886627,0.24523110687732697,0.22166989743709564
37,S1,ComHvy,local,local,0,local,local,0,0.5158965587615967,0.45771658420562744,-0.05817997455596924,0.017387449741363525,0.1669624000787735,0.5158965587615967,0.45771658420562744,0.2599882185459137,0.23468700051307678,0.22411517798900604,0.3075963854789734
37,S1,BWHvy,local,local,0,local,local,0,0.4860396981239319,0.4682232141494751,-0.017816483974456787,0.02018093690276146,0.16168850660324097,0.4860396981239319,0.4682232141494751,0.25802895426750183,0.3388732075691223,0.2559313476085663,0.1929035782814026
37,S2,LatCrit,local,local,0,local,local,0,0.5002515912055969,0.4515494108200073,-0.0487021803855896,0.0065180519595742226,0.0974043607711792,0.5002515912055969,0.4515494108200073,0.2292029857635498,0.2744882106781006,0.27054542303085327,0.2739623785018921
37,S2,ComHvy,local,local,0,BS1,BS1,0,0.4919632077217102,0.3477364182472229,-0.1442267894744873,0.046179018914699554,0.2884535789489746,0.4919632077217102,0.3477364182472229,0.26638683676719666,0.31003719568252563,0.24164994060993195,0.3422263562679291
37,S2,BWHvy,local,local,0,local,local,0,0.48804163932800293,0.42377251386642456,-0.06426912546157837,0.0211346372961998,0.19252943992614746,0.48804163932800293,0.42377251386642456,0.26283252239227295,0.3590972423553467,0.24912583827972412,0.21713024377822876
37,S3,LatCrit,local,local,0,local,local,0,0.522091269493103,0.4739682078361511,-0.048123061656951904,0.004865695722401142,0.09624612331390381,0.522091269493103,0.4739682078361511,0.2583010792732239,0.29242396354675293,0.2196076363325119,0.23360781371593475
37,S3,ComHvy,local,local,0,local,local,0,0.4950060248374939,0.4433116912841797,-0.05169433355331421,0.0062640816904604435,0.10338865220546722,0.4950060248374939,0.4433116912841797,0.2925800681114197,0.3386619985103607,0.2124139368534088,0.2180263251066208
37,S3,BWHvy,local,local,0,local,local,0,0.5047517418861389,0.47585147619247437,-0.02890026569366455,0.012339651584625244,0.13675272464752197,0.5047517418861389,0.47585147619247437,0.25183460116386414,0.3202109932899475,0.24341362714767456,0.2039375603199005
37,S4,LatCrit,local,local,0,local,local,0,0.5086607336997986,0.5240415930747986,0.015380859375,0.0035766325891017914,0.06831680238246918,0.5086607336997986,0.5240415930747986,0.2504236102104187,0.2692011296749115,0.2409156858921051,0.20675726234912872
37,S4,ComHvy,local,local,0,local,local,0,0.5073599219322205,0.4243013858795166,-0.08305853605270386,0.02084711194038391,0.1776924431324005,0.5073599219322205,0.4243013858795166,0.24280670285224915,0.3316529095172882,0.24983340501785278,0.2440457046031952
37,S4,BWHvy,local,local,0,local,local,0,0.5198638439178467,0.440462589263916,-0.07940125465393066,0.02689109928905964,0.21664734184741974,0.5198638439178467,0.440462589263916,0.253928005695343,0.3622516989707947,0.22620809078216553,0.1972856968641281
37,S5,LatCrit,local,local,0,local,local,0,0.5114303827285767,0.3696213960647583,-0.14180898666381836,0.04630231857299805,0.28361791372299194,0.5114303827285767,0.3696213960647583,0.23529508709907532,0.34735995531082153,0.2532745599746704,0.2830186188220978
37,S5,ComHvy,local,local,0,local,local,0,0.496406614780426,0.46466630697250366,-0.03174030780792236,0.005257785320281982,0.09319095313549042,0.496406614780426,0.46466630697250366,0.2426920086145401,0.22783684730529785,0.2609013617038727,0.3074968457221985
37,S5,BWHvy,local,local,0,local,BS2,1,0.5406759977340698,0.4670267701148987,-0.07364922761917114,0.023427840322256088,0.19423580169677734,0.5406759977340698,0.4670267701148987,0.22007009387016296,0.31718799471855164,0.23925389349460602,0.2157852202653885
37,S6,LatCrit,local,local,0,local,local,0,0.4825722575187683,0.5018843412399292,0.01931208372116089,0.03223211318254471,0.18580791354179382,0.4825722575187683,0.5018843412399292,0.26768943667411804,0.34128132462501526,0.24973830580711365,0.15683436393737793
37,S6,ComHvy,local,local,0,local,local,0,0.4991658329963684,0.4731460213661194,-0.026019811630249023,0.015714384615421295,0.15041770040988922,0.4991658329963684,0.4731460213661194,0.24922017753124237,0.2000311315059662,0.2516140043735504,0.32682284712791443
37,S6,BWHvy,local,local,0,local,local,0,0.5106410980224609,0.5071436762809753,-0.0034974217414855957,0.004865886643528938,0.07250168919563293,0.5106410980224609,0.5071436762809753,0.2430773228406906,0.2793281674385071,0.24628156423568726,0.21352814137935638
37,S7,LatCrit,local,local,0,local,local,0,0.4772128462791443,0.39228999614715576,-0.08492285013198853,0.01704562082886696,0.16984567046165466,0.4772128462791443,0.39228999614715576,0.2637399137020111,0.3345215916633606,0.2590472400188446,0.27318838238716125
37,S7,ComHvy,local,local,0,local,local,0,0.5186303853988647,0.5112303495407104,-0.007400035858154297,0.0003685588017106056,0.023475617170333862,0.5186303853988647,0.5112303495407104,0.23904553055763245,0.234707772731781,0.24232405424118042,0.25406187772750854
37,S7,BWHvy,local,local,0,local,local,0,0.4739503264427185,0.42102962732315063,-0.05292069911956787,0.016169480979442596,0.16628585755825043,0.4739503264427185,0.42102962732315063,0.2559495270252228,0.3390924632549286,0.27010011672973633,0.23987789452075958
37,S8,LatCrit,local,BS1,1,local,BS1,1,0.46498215198516846,0.39876365661621094,-0.06621849536895752,0.04125787317752838,0.2715386152267456,0.46498215198516846,0.3915576934814453,0.26299431920051575,0.39876365661621094,0.2720235288143158,0.20967869460582733
37,S8,ComHvy,local,local,0,BS1,BS1,0,0.46897178888320923,0.3820239305496216,-0.08694785833358765,0.018757089972496033,0.17389574646949768,0.46897178888320923,0.3820239305496216,0.26425760984420776,0.3408921957015991,0.2667705714702606,0.2770838737487793
37,S8,BWHvy,local,local,0,local,BS1,1,0.5232484340667725,0.5013236999511719,-0.021924734115600586,0.019639506936073303,0.15832695364952087,0.5232484340667725,0.5013236999511719,0.21079373359680176,0.2899572253227234,0.2659578025341034,0.20871907472610474
38,S1,LatCrit,local,local,0,local,local,0,0.5015705227851868,0.4852694869041443,-0.01630103588104248,0.002036305144429207,0.0556386262178421,0.5015705227851868,0.4852694869041443,0.2591268718242645,0.24760858714580536,0.2393026053905487,0.26712191104888916
38,S1,ComHvy,local,local,0,local,local,0,0.5070227384567261,0.4171299934387207,-0.08989274501800537,0.016702182590961456,0.17978554964065552,0.5070227384567261,0.4171299934387207,0.26601606607437134,0.3039247691631317,0.2269611656665802,0.27894526720046997
38,S1,BWHvy,local,local,0,local,local,0,0.49717265367507935,0.4796231985092163,-0.017549455165863037,0.0030495524406433105,0.06881329417228699,0.49717265367507935,0.4796231985092163,0.24784378707408905,0.2309865802526474,0.2549836039543152,0.2893902361392975
38,S2,LatCrit,local,BS2,1,local,BS2,1,0.4851551651954651,0.3924155533313751,-0.09273961186408997,0.037547796964645386,0.24025358259677887,0.4851551651954651,0.36502838134765625,0.23983487486839294,0.24255608022212982,0.27500995993614197,0.3924155533313751
38,S2,ComHvy,local,local,0,local,local,0,0.4857434630393982,0.3672247529029846,-0.11851871013641357,0.037826694548130035,0.23703747987747192,0.4857434630393982,0.3672247529029846,0.26795080304145813,0.27203190326690674,0.2463057041168213,0.36074337363243103
38,S2,BWHvy,local,BS1,1,local,BS1,1,0.45380693674087524,0.3663584291934967,-0.08744850754737854,0.0380791574716568,0.26060640811920166,0.45380693674087524,0.3235037326812744,0.2766741216182709,0.3663584291934967,0.2695189416408539,0.3101378381252289
38,S3,LatCrit,local,local,0,local,local,0,0.5355314016342163,0.4576488137245178,-0.07788258790969849,0.012294620275497437,0.1557651162147522,0.5355314016342163,0.4576488137245178,0.2551322877407074,0.2914305627346039,0.20933634042739868,0.2509205937385559
38,S3,ComHvy,local,local,0,local,BS1,1,0.4899994134902954,0.40014469623565674,-0.08985471725463867,0.025975845754146576,0.19282381236553192,0.4899994134902954,0.40014469623565674,0.29054808616638184,0.28399088978767395,0.21945248544216156,0.3158643841743469
38,S3,BWHvy,local,local,0,local,local,0,0.49154913425445557,0.4480865001678467,-0.04346263408660889,0.0042574405670166016,0.086925208568573,0.49154913425445557,0.4480865001678467,0.2585711181163788,0.2689823508262634,0.24987977743148804,0.2829311192035675
38,S4,LatCrit,local,local,0,local,local,0,0.5085098743438721,0.5046347379684448,-0.003875136375427246,0.002897219732403755,0.05720414221286774,0.5085098743438721,0.5046347379684448,0.25274819135665894,0.2280212640762329,0.2387419492006302,0.26734402775764465
38,S4,ComHvy,local,local,0,local,BS1,1,0.4941001534461975,0.3917151689529419,-0.10238498449325562,0.02152060717344284,0.20476996898651123,0.4941001534461975,0.3917151689529419,0.2519291043281555,0.2996847331523895,0.253970742225647,0.3086000978946686
38,S4,BWHvy,local,local,0,local,BS1,1,0.5128691792488098,0.3863738775253296,-0.12649530172348022,0.03281314671039581,0.25299060344696045,0.5128691792488098,0.3863738775253296,0.2587527632713318,0.3234310448169708,0.2283780723810196,0.290195107460022
38,S5,LatCrit,local,BS2,1,local,local,0,0.5052248239517212,0.35433879494667053,-0.15088602900505066,0.04829061031341553,0.30201175808906555,0.5052248239517212,0.3542189598083496,0.23620226979255676,0.29144224524497986,0.25857287645339966,0.35433879494667053
38,S5,ComHvy,local,local,0,BS2,BS2,0,0.4985002279281616,0.47282880544662476,-0.025671422481536865,0.009129047393798828,0.118864506483078,0.4985002279281616,0.47282880544662476,0.231058731675148,0.19729791581630707,0.2704410254955292,0.32987329363822937
38,S5,BWHvy,local,local,0,local,local,0,0.5452727675437927,0.4619499444961548,-0.08332282304763794,0.014324266463518143,0.16664564609527588,0.5452727675437927,0.4619499444961548,0.22255975008010864,0.2519106864929199,0.23216748237609863,0.2861393690109253
38,S6,LatCrit,local,local,0,local,BS2,1,0.4854954481124878,0.44877511262893677,-0.036720335483551025,0.004253961145877838,0.07872375845909119,0.4854954481124878,0.44877511262893677,0.26153433322906494,0.25889280438423157,0.25297021865844727,0.29233211278915405
38,S6,ComHvy,local,local,0,local,local,0,0.5180032849311829,0.44739818572998047,-0.07060509920120239,0.01354759931564331,0.14121019840240479,0.5180032849311829,0.44739818572998047,0.24563640356063843,0.24824407696723938,0.2363603115081787,0.30435773730278015
38,S6,BWHvy,local,local,0,local,local,0,0.5296955108642578,0.5222756266593933,-0.007419884204864502,0.0050197746604681015,0.07609142363071442,0.5296955108642578,0.5222756266593933,0.23664969205856323,0.27469539642333984,0.23365481197834015,0.20302897691726685
38,S7,LatCrit,local,local,0,local,local,0,0.48065418004989624,0.4211917519569397,-0.05946242809295654,0.014321140944957733,0.1542651355266571,0.48065418004989624,0.4211917519569397,0.26252657175064087,0.24485641717910767,0.2568192481994629,0.33395180106163025
38,S7,ComHvy,local,local,0,local,BS2,1,0.5137922167778015,0.4353433847427368,-0.0784488320350647,0.014567140489816666,0.1568976491689682,0.5137922167778015,0.4353433847427368,0.2443627417087555,0.2571805715560913,0.2418450266122818,0.3074760138988495
38,S7,BWHvy,local,local,0,local,local,0,0.4699990153312683,0.3766930103302002,-0.09330600500106812,0.018092896789312363,0.186612069606781,0.4699990153312683,0.3766930103302002,0.2593551576137543,0.30185428261756897,0.27064576745033264,0.32145270705223083
38,S8,LatCrit,local,local,0,local,local,0,0.47772568464279175,0.4465411305427551,-0.03118455410003662,0.0021706148982048035,0.06236913800239563,0.47772568464279175,0.4465411305427551,0.25583046674728394,0.26325148344039917,0.2664438486099243,0.2902074158191681
38,S8,ComHvy,local,local,0,local,BS2,1,0.4814832806587219,0.36000633239746094,-0.12147694826126099,0.03456735610961914,0.24295389652252197,0.4814832806587219,0.36000633239746094,0.2603284418582916,0.2831283509731293,0.25818824768066406,0.3568652868270874
38,S8,BWHvy,local,local,0,BS1,BS1,0,0.5328469276428223,0.47564709186553955,-0.057199835777282715,0.006620243191719055,0.11439971625804901,0.5328469276428223,0.47564709186553955,0.20256973803043365,0.23191377520561218,0.2645832896232605,0.29243913292884827
39,S1,LatCrit,local,local,0,BS2,local,1,0.5020229816436768,0.6174747943878174,0.11545181274414062,0.03818223625421524,0.23090361058712006,0.5020229816436768,0.6174747943878174,0.257406085729599,0.15824879705905914,0.24057093262672424,0.22427642345428467
39,S1,ComHvy,local,local,0,local,local,0,0.521027684211731,0.5458533763885498,0.024825692176818848,0.0025742091238498688,0.05641593039035797,0.521027684211731,0.5458533763885498,0.2589261531829834,0.2623084485530853,0.22004616260528564,0.19183821976184845
39,S1,BWHvy,local,local,0,local,local,0,0.49602681398391724,0.5541012287139893,0.05807441473007202,0.010596993379294872,0.11614882946014404,0.49602681398391724,0.5541012287139893,0.25465381145477295,0.19796223938465118,0.24931937456130981,0.24793653190135956
39,S2,LatCrit,local,local,0,local,local,0,0.4962945580482483,0.5183590650558472,0.022064507007598877,0.01659616455435753,0.13656137883663177,0.4962945580482483,0.5183590650558472,0.2321048378944397,0.1638241559267044,0.271600604057312,0.3178167939186096
39,S2,ComHvy,local,local,0,local,local,0,0.49115073680877686,0.518226683139801,0.02707594633102417,0.006411954760551453,0.09575659036636353,0.49115073680877686,0.518226683139801,0.26937487721443176,0.2214965671300888,0.23947440087795258,0.260276734828949
39,S2,BWHvy,local,local,0,local,local,0,0.4769439697265625,0.5144927501678467,0.03754878044128418,0.0035325409844517708,0.07509756088256836,0.4769439697265625,0.5144927501678467,0.26327112317085266,0.23171299695968628,0.25978490710258484,0.25379425287246704
39,S3,LatCrit,local,local,0,local,local,0,0.5300695896148682,0.516696572303772,-0.013373017311096191,0.000512830913066864,0.026746034622192383,0.5300695896148682,0.516696572303772,0.2568594217300415,0.25799134373664856,0.21307100355625153,0.22531209886074066
39,S3,ComHvy,local,local,0,local,local,0,0.49537044763565063,0.4824490547180176,-0.012921392917633057,0.006042223423719406,0.08854426443576813,0.49537044763565063,0.4824490547180176,0.2921675443649292,0.2608168125152588,0.21246199309825897,0.25673413276672363
39,S3,BWHvy,local,local,0,local,local,0,0.49736106395721436,0.5486881732940674,0.05132710933685303,0.006085685454308987,0.10265420377254486,0.49736106395721436,0.5486881732940674,0.25729313492774963,0.2183496505022049,0.24534577131271362,0.23296216130256653
39,S4,LatCrit,local,local,0,local,local,0,0.5030337572097778,0.4953341484069824,-0.00769960880279541,0.008890461176633835,0.10176461935043335,0.5030337572097778,0.4953341484069824,0.2551116347312927,0.21192894876003265,0.24185456335544586,0.29273688793182373
39,S4,ComHvy,local,local,0,local,local,0,0.5138692855834961,0.5772146582603455,0.06334537267684937,0.00816337764263153,0.12669071555137634,0.5138692855834961,0.5772146582603455,0.2383452206850052,0.20501208305358887,0.24778547883033752,0.21777327358722687
39,S4,BWHvy,local,local,0,local,local,0,0.5130460262298584,0.47765910625457764,-0.03538691997528076,0.010364193469285965,0.12738770246505737,0.5130460262298584,0.47765910625457764,0.2535710334777832,0.22526410222053528,0.2333829402923584,0.2970767915248871
39,S5,LatCrit,local,local,0,local,local,0,0.5136774778366089,0.5558608770370483,0.04218339920043945,0.007754490710794926,0.09905852377414703,0.5136774778366089,0.5558608770370483,0.23791582882404327,0.18838657438755035,0.24840672314167023,0.2557525932788849
39,S5,ComHvy,local,local,0,local,local,0,0.4987315535545349,0.49496835470199585,-0.0037631988525390625,0.0006559928879141808,0.029136523604393005,0.4987315535545349,0.49496835470199585,0.23798541724681854,0.2271803617477417,0.26328301429748535,0.27785128355026245
39,S5,BWHvy,local,local,0,local,local,0,0.5383661985397339,0.5458166599273682,0.007450461387634277,0.0005743354558944702,0.02749207615852356,0.5383661985397339,0.5458166599273682,0.22319898009300232,0.20945292711257935,0.23843485116958618,0.2447304129600525
39,S6,LatCrit,local,local,0,local,local,0,0.4801623225212097,0.5048269033432007,0.024664580821990967,0.001220143400132656,0.04932919144630432,0.4801623225212097,0.5048269033432007,0.2669341564178467,0.25339704751968384,0.2529035210609436,0.2417760193347931
39,S6,ComHvy,local,local,0,local,local,0,0.5000735521316528,0.49733322858810425,-0.002740323543548584,8.444348350167274e-05,0.01113542914390564,0.5000735521316528,0.49733322858810425,0.25161609053611755,0.2571837902069092,0.24831035733222961,0.24548295140266418
39,S6,BWHvy,local,local,0,local,local,0,0.523463785648346,0.5324741005897522,0.00901031494140625,0.0015378985553979874,0.04455496370792389,0.523463785648346,0.5324741005897522,0.23647569119930267,0.24974286556243896,0.24006052315235138,0.21778304874897003
39,S7,LatCrit,local,local,0,local,local,0,0.48225241899490356,0.5565938353538513,0.07434141635894775,0.013275237753987312,0.14868280291557312,0.48225241899490356,0.5565938353538513,0.2608298063278198,0.20314538478851318,0.2569177448749542,0.2402607798576355
39,S7,ComHvy,local,local,0,local,local,0,0.5191188454627991,0.5583480596542358,0.03922921419143677,0.005099319387227297,0.07895871996879578,0.5191188454627991,0.5583480596542358,0.23804904520511627,0.19856968522071838,0.24283210933208466,0.24308225512504578
39,S7,BWHvy,local,local,0,local,local,0,0.46931618452072144,0.48852449655532837,0.019208312034606934,0.0013461057096719742,0.04390794038772583,0.46931618452072144,0.48852449655532837,0.26203811168670654,0.2647837698459625,0.268645703792572,0.2466917335987091
39,S8,LatCrit,local,local,0,local,local,0,0.4615585207939148,0.48914361000061035,0.027585089206695557,0.009385062381625175,0.1130637377500534,0.4615585207939148,0.48914361000061035,0.2610287070274353,0.2044968456029892,0.2774127721786499,0.30635955929756165
39,S8,ComHvy,local,local,0,local,local,0,0.4737231135368347,0.5268250703811646,0.053101956844329834,0.007070855237543583,0.10620392858982086,0.4737231135368347,0.5268250703811646,0.26235732436180115,0.21849612891674042,0.2639195919036865,0.2546788156032562
39,S8,BWHvy,local,local,0,local,local,0,0.52333664894104,0.5257946252822876,0.0024579763412475586,0.0014961343258619308,0.03895482420921326,0.52333664894104,0.5257946252822876,0.2080606371164322,0.18858321011066437,0.26860275864601135,0.28562217950820923
40,S1,LatCrit,local,local,0,local,local,0,0.4955240488052368,0.5421733856201172,0.04664933681488037,0.02096651867032051,0.16527479887008667,0.4955240488052368,0.5421733856201172,0.2644713222980499,0.1818339079618454,0.24000461399555206,0.27599266171455383
40,S1,ComHvy,local,local,0,local,local,0,0.519027829170227,0.5134124755859375,-0.005615353584289551,0.005907736718654633,0.08055949211120605,0.519027829170227,0.5134124755859375,0.26079314947128296,0.3010729253292084,0.2201789915561676,0.1855146288871765
40,S1,BWHvy,local,local,0,local,local,0,0.48413020372390747,0.48725712299346924,0.0031269192695617676,0.017531313002109528,0.13480783998966217,0.48413020372390747,0.48725712299346924,0.2611868977546692,0.1937829703092575,0.25468289852142334,0.31895989179611206
40,S2,LatCrit,local,local,0,local,local,0,0.5008966326713562,0.47877705097198486,-0.022119581699371338,0.01294020563364029,0.13496972620487213,0.5008966326713562,0.47877705097198486,0.22923001646995544,0.18386472761631012,0.26987338066101074,0.3373582363128662
40,S2,ComHvy,local,local,0,local,local,0,0.5078424215316772,0.48808783292770386,-0.01975458860397339,0.0064399950206279755,0.09639628231525421,0.5078424215316772,0.48808783292770386,0.25602203607559204,0.22757847607135773,0.2361355721950531,0.2843337059020996
40,S2,BWHvy,local,local,0,local,local,0,0.4779517650604248,0.424346387386322,-0.05360537767410278,0.011323951184749603,0.13627289235591888,0.4779517650604248,0.424346387386322,0.2634023129940033,0.24887125194072723,0.2586459219455719,0.32678237557411194
40,S3,LatCrit,local,local,0,local,local,0,0.5140316486358643,0.4428834915161133,-0.07114815711975098,0.010207371786236763,0.14229632914066315,0.5140316486358643,0.4428834915161133,0.2674793303012848,0.3095146715641022,0.21848900616168976,0.24760183691978455
40,S3,ComHvy,local,local,0,BS1,BS1,0,0.49720412492752075,0.4706616997718811,-0.02654242515563965,0.005502291023731232,0.08976903557777405,0.49720412492752075,0.4706616997718811,0.29023587703704834,0.27189376950263977,0.2125599980354309,0.25744450092315674
40,S3,BWHvy,local,local,0,local,local,0,0.4982788562774658,0.47733038663864136,-0.020948469638824463,0.012948572635650635,0.13405631482601166,0.4982788562774658,0.47733038663864136,0.2580990195274353,0.21201933920383453,0.24362212419509888,0.3106502890586853
40,S4,LatCrit,local,local,0,local,BS2,1,0.5002754926681519,0.477908194065094,-0.02236729860305786,0.020744651556015015,0.16629771888256073,0.5002754926681519,0.477908194065094,0.2513008117675781,0.19051924347877502,0.2484237104654312,0.331572562456131
40,S4,ComHvy,local,local,0,local,local,0,0.5161318182945251,0.5224951505661011,0.006363332271575928,0.0007266290485858917,0.030758067965507507,0.5161318182945251,0.5224951505661011,0.23391880095005035,0.21853972971439362,0.2499493807554245,0.25896504521369934
40,S4,BWHvy,local,local,0,local,local,0,0.5302621126174927,0.49675869941711426,-0.03350341320037842,0.02143751084804535,0.17415769398212433,0.5302621126174927,0.49675869941711426,0.24284090101718903,0.18926545977592468,0.22689703106880188,0.31397587060928345
40,S5,LatCrit,local,local,0,local,local,0,0.5138899087905884,0.43751025199890137,-0.07637965679168701,0.01728013902902603,0.1650630533695221,0.5138899087905884,0.43751025199890137,0.22700610756874084,0.22085422277450562,0.25910401344299316,0.341635525226593
40,S5,ComHvy,local,local,0,local,local,0,0.5081879496574402,0.5278621912002563,0.019674241542816162,0.001524200662970543,0.046811893582344055,0.5081879496574402,0.5278621912002563,0.23222246766090393,0.2359541654586792,0.2595895528793335,0.23618359863758087
40,S5,BWHvy,local,local,0,local,local,0,0.5378322005271912,0.485245943069458,-0.052586257457733154,0.01777750998735428,0.17169611155986786,0.5378322005271912,0.485245943069458,0.21463176608085632,0.18136997520923615,0.24753603339195251,0.33338409662246704
40,S6,LatCrit,local,local,0,local,local,0,0.48330992460250854,0.5227935910224915,0.03948366641998291,0.022953055799007416,0.1716310828924179,0.48330992460250854,0.5227935910224915,0.2686448097229004,0.18282926082611084,0.24804528057575226,0.2943771481513977
40,S6,ComHvy,local,local,0,local,local,0,0.4927517771720886,0.43903911113739014,-0.053712666034698486,0.00786552019417286,0.10742534697055817,0.4927517771720886,0.43903911113739014,0.259090393781662,0.31164342164993286,0.248157799243927,0.2493174523115158
40,S6,BWHvy,local,local,0,local,local,0,0.5055155754089355,0.5089462995529175,0.0034307241439819336,0.0003801453858613968,0.02204282581806183,0.5055155754089355,0.5089462995529175,0.2491627335548401,0.25675344467163086,0.24532169103622437,0.23430030047893524
40,S7,LatCrit,local,local,0,local,local,0,0.49074339866638184,0.47957533597946167,-0.011168062686920166,0.012867625802755356,0.12566424906253815,0.49074339866638184,0.47957533597946167,0.2579759955406189,0.2063119262456894,0.25128060579299927,0.31411272287368774
40,S7,ComHvy,local,local,0,local,local,0,0.5152108073234558,0.5096499919891357,-0.005560815334320068,0.0007412312552332878,0.03155454993247986,0.5152108073234558,0.5096499919891357,0.23959356546401978,0.2293771207332611,0.24519559741020203,0.26097288727760315
40,S7,BWHvy,local,local,0,local,local,0,0.4819195866584778,0.48973554372787476,0.007815957069396973,0.004320938140153885,0.07229764759540558,0.4819195866584778,0.48973554372787476,0.2549370527267456,0.21878819167613983,0.263143390417099,0.29147621989250183
40,S8,LatCrit,local,local,0,local,local,0,0.4665311574935913,0.44847333431243896,-0.018057823181152344,0.02814537286758423,0.19005247950553894,0.4665311574935913,0.44847333431243896,0.25924813747406006,0.18227973580360413,0.27422067523002625,0.3692469298839569
40,S8,ComHvy,local,local,0,local,local,0,0.4793553352355957,0.4444752335548401,-0.034880101680755615,0.0026997020468115807,0.06976020336151123,0.4793553352355957,0.4444752335548401,0.25967705249786377,0.28562599420547485,0.2609676122665405,0.26989877223968506
40,S8,BWHvy,local,local,0,local,local,0,0.5241050720214844,0.5092644691467285,-0.01484060287475586,0.021782755851745605,0.1557416468858719,0.5241050720214844,0.5092644691467285,0.20811016857624054,0.14507994055747986,0.26778480410575867,0.345655620098114
41,S1,LatCrit,local,local,0,local,local,0,0.5058372616767883,0.4851493835449219,-0.020687878131866455,0.0012425209861248732,0.041522666811943054,0.5058372616767883,0.4851493835449219,0.25312474370002747,0.2738860845565796,0.2410380095243454,0.24096456170082092
41,S1,ComHvy,local,local,0,local,BS1,1,0.5189738273620605,0.42404067516326904,-0.0949331521987915,0.02002151682972908,0.18986624479293823,0.5189738273620605,0.42404067516326904,0.26315852999687195,0.2900892198085785,0.2178676724433899,0.2858700752258301
41,S1,BWHvy,local,local,0,local,BS2,1,0.4753715395927429,0.3727741241455078,-0.10259741544723511,0.022897858172655106,0.20519483089447021,0.4753715395927429,0.3727741241455078,0.2718551456928253,0.34461715817451477,0.25277331471443176,0.2826087176799774
41,S2,LatCrit,local,local,0,local,local,0,0.4956091642379761,0.38021934032440186,-0.11538982391357422,0.028142087161540985,0.23077964782714844,0.4956091642379761,0.38021934032440186,0.22817373275756836,0.29664331674575806,0.27621710300445557,0.3231373429298401
41,S2,ComHvy,local,local,0,local,local,0,0.49570709466934204,0.42515110969543457,-0.07055598497390747,0.015719443559646606,0.15229320526123047,0.49570709466934204,0.42515110969543457,0.2669871747493744,0.2613965570926666,0.23730573058128357,0.3134523332118988
41,S2,BWHvy,local,local,0,local,local,0,0.48856377601623535,0.39028066396713257,-0.09828311204910278,0.019900556653738022,0.19656625390052795,0.48856377601623535,0.39028066396713257,0.25940337777137756,0.3141268193721771,0.2520328164100647,0.2955925166606903
41,S3,LatCrit,local,local,0,local,local,0,0.5237325429916382,0.41939783096313477,-0.10433471202850342,0.022594742476940155,0.20866936445236206,0.5237325429916382,0.41939783096313477,0.2567821741104126,0.2986791431903839,0.219485342502594,0.2819230258464813
41,S3,ComHvy,local,local,0,local,local,0,0.5055164098739624,0.427268922328949,-0.07824748754501343,0.018275834619998932,0.15649497509002686,0.5055164098739624,0.427268922328949,0.281127005815506,0.28141048550605774,0.213356614112854,0.2913206219673157
41,S3,BWHvy,local,local,0,local,local,0,0.4971349835395813,0.4488546848297119,-0.048280298709869385,0.0047910697758197784,0.09656061232089996,0.4971349835395813,0.4488546848297119,0.2608099579811096,0.28025880455970764,0.24205507338047028,0.27088654041290283
41,S4,LatCrit,local,local,0,local,local,0,0.5029129981994629,0.4939916729927063,-0.008921325206756592,0.0005443519912660122,0.02919413149356842,0.5029129981994629,0.4939916729927063,0.25984013080596924,0.27443718910217285,0.23724688589572906,0.23157113790512085
41,S4,ComHvy,local,local,0,local,local,0,0.5145237445831299,0.42985326051712036,-0.08467048406600952,0.015849169343709946,0.16934092342853546,0.5145237445831299,0.42985326051712036,0.23975084722042084,0.26007190346717834,0.24572545289993286,0.3100748360157013
41,S4,BWHvy,local,local,0,local,local,0,0.5330411195755005,0.5130569934844971,-0.019984126091003418,0.000856439583003521,0.03996822237968445,0.5330411195755005,0.5130569934844971,0.24581734836101532,0.25255873799324036,0.2211415320634842,0.23438423871994019
41,S5,LatCrit,local,local,0,local,BS1,1,0.4972122311592102,0.36496907472610474,-0.13224315643310547,0.03957371413707733,0.26448631286621094,0.4972122311592102,0.36496907472610474,0.24472884833812714,0.3450720012187958,0.25805893540382385,0.2899589240550995
41,S5,ComHvy,local,local,0,local,local,0,0.5048346519470215,0.5040173530578613,-0.0008172988891601562,0.0006444826722145081,0.026045411825180054,0.5048346519470215,0.5040173530578613,0.235163614153862,0.22295819222927094,0.2600017189979553,0.27302441000938416
41,S5,BWHvy,local,local,0,local,local,0,0.5360598564147949,0.44787830114364624,-0.08818155527114868,0.01630878448486328,0.17636312544345856,0.5360598564147949,0.44787830114364624,0.22929227352142334,0.2577560245990753,0.23464785516262054,0.29436567425727844
41,S6,LatCrit,local,local,0,local,local,0,0.47640103101730347,0.44305598735809326,-0.033345043659210205,0.0028224990237504244,0.06669008731842041,0.47640103101730347,0.44305598735809326,0.26991793513298035,0.3001804053783417,0.2536810338497162,0.25676360726356506
41,S6,ComHvy,local,BS2,1,local,BS2,1,0.49674713611602783,0.39669665694236755,-0.10005047917366028,0.04176494479179382,0.2733212411403656,0.49674713611602783,0.39444708824157715,0.2432168424129486,0.2088562548160553,0.26003605127334595,0.39669665694236755
41,S6,BWHvy,local,local,0,local,local,0,0.5120105743408203,0.4315264821052551,-0.08048409223556519,0.013115040957927704,0.16096822917461395,0.5120105743408203,0.4315264821052551,0.24092425405979156,0.27660107612609863,0.24706512689590454,0.29187244176864624
41,S7,LatCrit,local,local,0,local,local,0,0.4823903441429138,0.41171371936798096,-0.07067662477493286,0.010216476395726204,0.1413533091545105,0.4823903441429138,0.41171371936798096,0.26035210490226746,0.2997245192527771,0.25725752115249634,0.28856179118156433
41,S7,ComHvy,local,local,0,local,local,0,0.5072513818740845,0.45722031593322754,-0.050031065940856934,0.016871586441993713,0.16825497150421143,0.5072513818740845,0.45722031593322754,0.2416532039642334,0.20755678415298462,0.25109541416168213,0.33522289991378784
41,S7,BWHvy,local,local,0,local,local,0,0.4876396059989929,0.43200403451919556,-0.05563557147979736,0.00629536435008049,0.11127111315727234,0.4876396059989929,0.43200403451919556,0.25311505794525146,0.2770943343639374,0.2592453360557556,0.2909016013145447
41,S8,LatCrit,local,local,0,local,local,0,0.46524178981781006,0.3818932771682739,-0.08334851264953613,0.022321097552776337,0.18588459491729736,0.46524178981781006,0.3818932771682739,0.2559339702129364,0.3488762676715851,0.27882421016693115,0.2692304253578186
41,S8,ComHvy,local,local,0,local,local,0,0.4925077557563782,0.4150574803352356,-0.07745027542114258,0.012564178556203842,0.15490052103996277,0.4925077557563782,0.4150574803352356,0.25206053256988525,0.27922141551971436,0.2554317116737366,0.30572107434272766
41,S8,BWHvy,local,local,0,local,BS2,1,0.5150580406188965,0.4100912809371948,-0.10496675968170166,0.02258715033531189,0.20993351936340332,0.5150580406188965,0.4100912809371948,0.21428009867668152,0.2517737150192261,0.270661860704422,0.3381350040435791
42,S1,LatCrit,local,local,0,local,local,0,0.501136302947998,0.4653366804122925,-0.035799622535705566,0.005839494988322258,0.0978756695985794,0.501136302947998,0.4653366804122925,0.25818926095962524,0.30712711811065674,0.24067440629005432,0.22753621637821198
42,S1,ComHvy,local,local,0,local,BS2,1,0.5189800262451172,0.4297536611557007,-0.0892263650894165,0.026001974940299988,0.19815830886363983,0.5189800262451172,0.4297536611557007,0.2585148513317108,0.2486620545387268,0.2225051373243332,0.3215842843055725
42,S1,BWHvy,local,local,0,local,local,0,0.4785487651824951,0.41307854652404785,-0.06547021865844727,0.017670467495918274,0.17403088510036469,0.4785487651824951,0.41307854652404785,0.2647760212421417,0.35179147124290466,0.25667521357536316,0.23512999713420868
42,S2,LatCrit,local,local,0,local,BS1,1,0.5004963874816895,0.3694801926612854,-0.13101619482040405,0.038046758621931076,0.2620323598384857,0.5004963874816895,0.3694801926612854,0.22581562399864197,0.3165249228477478,0.27368801832199097,0.3139948844909668
42,S2,ComHvy,local,local,0,local,BS2,1,0.5044886469841003,0.3841000199317932,-0.12038862705230713,0.034125059843063354,0.24077723920345306,0.5044886469841003,0.3841000199317932,0.2552666962146759,0.27656468749046326,0.24024467170238495,0.33933529257774353
42,S2,BWHvy,local,local,0,local,local,0,0.47902965545654297,0.3875519037246704,-0.09147775173187256,0.01804664358496666,0.18295544385910034,0.47902965545654297,0.3875519037246704,0.26893243193626404,0.33320894837379456,0.2520379424095154,0.27923911809921265
42,S3,LatCrit,local,local,0,local,local,0,0.5198001265525818,0.4357684850692749,-0.08403164148330688,0.014395970851182938,0.1680632382631302,0.5198001265525818,0.4357684850692749,0.2609255611896515,0.2989658713340759,0.21927432715892792,0.2652656137943268
42,S3,ComHvy,local,local,0,local,local,0,0.501968264579773,0.4461561441421509,-0.05581212043762207,0.0065718963742256165,0.11162427067756653,0.501968264579773,0.4461561441421509,0.28738513588905334,0.30996134877204895,0.2106465995311737,0.24388253688812256
42,S3,BWHvy,local,BS1,1,local,local,0,0.4892120957374573,0.38434290885925293,-0.10486918687820435,0.040382687002420425,0.24667665362358093,0.4892120957374573,0.3658737540245056,0.26292622089385986,0.38434290885925293,0.24786169826984406,0.24978332221508026
42,S4,LatCrit,local,local,0,BS2,BS2,0,0.4896402955055237,0.4222402572631836,-0.06740003824234009,0.013020569458603859,0.13954877853393555,0.4896402955055237,0.4222402572631836,0.2627086937427521,0.33248308300971985,0.24765102565288544,0.24527667462825775
42,S4,ComHvy,local,local,0,local,local,0,0.5189559459686279,0.4704294204711914,-0.04852652549743652,0.0047200024127960205,0.09705306589603424,0.5189559459686279,0.4704294204711914,0.2379332333803177,0.26078981161117554,0.2431108057498932,0.26878076791763306
42,S4,BWHvy,local,local,0,BS1,BS1,0,0.5440511703491211,0.5072047114372253,-0.03684645891189575,0.006666963919997215,0.10301932692527771,0.5440511703491211,0.5072047114372253,0.24047577381134033,0.291985422372818,0.21547310054302216,0.20080988109111786
42,S5,LatCrit,local,BS1,1,local,BS1,1,0.5041605234146118,0.3641875684261322,-0.13997295498847961,0.061489325016736984,0.3271354138851166,0.5041605234146118,0.34059280157089233,0.23832650482654572,0.3641875684261322,0.25751301646232605,0.29521965980529785
42,S5,ComHvy,local,local,0,local,local,0,0.5059505701065063,0.4553180932998657,-0.050632476806640625,0.01199689507484436,0.14330804347991943,0.5059505701065063,0.4553180932998657,0.22995957732200623,0.20893800258636475,0.2640899121761322,0.33574390411376953
42,S5,BWHvy,local,local,0,local,local,0,0.5455465912818909,0.4432632327079773,-0.10228335857391357,0.02221696451306343,0.20456671714782715,0.5455465912818909,0.4432632327079773,0.21720749139785767,0.28632763028144836,0.23724591732025146,0.27040913701057434
42,S6,LatCrit,local,local,0,BS1,BS1,0,0.4921611547470093,0.48069554567337036,-0.011465609073638916,0.014851909130811691,0.13382329046726227,0.4921611547470093,0.48069554567337036,0.2626732587814331,0.32958489656448364,0.24516561627388,0.1897195726633072
42,S6,ComHvy,local,local,0,local,local,0,0.501960039138794,0.44221627712249756,-0.05974376201629639,0.02331434190273285,0.20029549300670624,0.501960039138794,0.44221627712249756,0.2427552193403244,0.20235127210617065,0.25528469681739807,0.3554324805736542
42,S6,BWHvy,local,local,0,local,local,0,0.4953373074531555,0.42270147800445557,-0.07263582944869995,0.010843636468052864,0.14527162909507751,0.4953373074531555,0.42270147800445557,0.25011035799980164,0.29333585500717163,0.25455236434936523,0.2839626669883728
42,S7,LatCrit,local,local,0,local,local,0,0.4935252070426941,0.40453994274139404,-0.08898526430130005,0.01638922467827797,0.17797055840492249,0.4935252070426941,0.40453994274139404,0.25387632846832275,0.30769678950309753,0.25259843468666077,0.2877632677555084
42,S7,ComHvy,local,local,0,local,local,0,0.5230194330215454,0.4651344418525696,-0.05788499116897583,0.010622285306453705,0.1273389458656311,0.5230194330215454,0.4651344418525696,0.23265382647514343,0.22686931490898132,0.24432677030563354,0.3079962134361267
42,S7,BWHvy,local,local,0,local,local,0,0.48241180181503296,0.39649635553359985,-0.0859154462814331,0.019150245934724808,0.17183086276054382,0.48241180181503296,0.39649635553359985,0.25661200284957886,0.33670130372047424,0.2609761953353882,0.2668023109436035
42,S8,LatCrit,local,BS1,1,local,local,0,0.46916675567626953,0.3699479401111603,-0.09921881556510925,0.031855303794145584,0.22433218359947205,0.46916675567626953,0.3688592314720154,0.25778183341026306,0.3699479401111603,0.273051381111145,0.26119282841682434
42,S8,ComHvy,local,local,0,local,local,0,0.4811108708381653,0.3639664649963379,-0.11714440584182739,0.0296594500541687,0.23428890109062195,0.4811108708381653,0.3639664649963379,0.25899386405944824,0.3375599682331085,0.2598952054977417,0.298473596572876
42,S8,BWHvy,local,local,0,local,local,0,0.51564621925354,0.44147640466690063,-0.0741698145866394,0.012948838993906975,0.1483396738767624,0.51564621925354,0.44147640466690063,0.2123674601316452,0.26945069432258606,0.2719862759113312,0.2890729010105133
43,S1,LatCrit,local,local,0,BS2,local,1,0.5093287229537964,0.517957866191864,0.008629143238067627,0.0008708126842975616,0.03451743721961975,0.5093287229537964,0.517957866191864,0.25127464532852173,0.25990423560142517,0.2393966168165207,0.222137913107872
43,S1,ComHvy,local,local,0,local,local,0,0.5189211368560791,0.4370313286781311,-0.081889808177948,0.014926105737686157,0.163779616355896,0.5189211368560791,0.4370313286781311,0.2607751190662384,0.28351396322250366,0.2203037142753601,0.27945467829704285
43,S1,BWHvy,local,local,0,local,local,0,0.46281540393829346,0.4075457453727722,-0.05526965856552124,0.006265167146921158,0.11053928732872009,0.46281540393829346,0.4075457453727722,0.2711898386478424,0.3012326657772064,0.26599475741386414,0.291221559047699
43,S2,LatCrit,local,local,0,BS2,BS2,0,0.507500410079956,0.43258988857269287,-0.07491052150726318,0.015301716513931751,0.1498209685087204,0.507500410079956,0.43258988857269287,0.22881434857845306,0.2996770143508911,0.26368528604507446,0.26773306727409363
43,S2,ComHvy,local,local,0,local,local,0,0.5077381730079651,0.4557572603225708,-0.05198091268539429,0.011106278747320175,0.1326710432767868,0.5077381730079651,0.4557572603225708,0.2545185983181,0.24016399681568146,0.23774322867393494,0.30407875776290894
43,S2,BWHvy,local,local,0,local,BS1,1,0.492892861366272,0.42484021186828613,-0.06805264949798584,0.009401943534612656,0.13610528409481049,0.492892861366272,0.42484021186828613,0.26005446910858154,0.29202398657798767,0.24705268442630768,0.2831358015537262
43,S3,LatCrit,local,local,0,local,local,0,0.5174381732940674,0.46996361017227173,-0.047474563121795654,0.004582086578011513,0.09494909644126892,0.5174381732940674,0.46996361017227173,0.2588219940662384,0.28873389959335327,0.2237398773431778,0.2413025051355362
43,S3,ComHvy,local,local,0,BS1,BS1,0,0.49139589071273804,0.4211043119430542,-0.07029157876968384,0.01178915798664093,0.14058315753936768,0.49139589071273804,0.4211043119430542,0.29485970735549927,0.311581552028656,0.2137444019317627,0.2673141360282898
43,S3,BWHvy,local,local,0,local,local,0,0.501958429813385,0.4423430562019348,-0.059615373611450195,0.007156834006309509,0.11923074722290039,0.501958429813385,0.4423430562019348,0.25779569149017334,0.28782087564468384,0.24024587869644165,0.26983606815338135
43,S4,LatCrit,local,local,0,local,local,0,0.5000826716423035,0.46895086765289307,-0.0311318039894104,0.00284997234120965,0.06425511837005615,0.5000826716423035,0.46895086765289307,0.259784460067749,0.2919120192527771,0.2401328682899475,0.23913711309432983
43,S4,ComHvy,local,local,0,local,local,0,0.5179145932197571,0.4558256268501282,-0.062088966369628906,0.007789399474859238,0.12417791783809662,0.5179145932197571,0.4558256268501282,0.2345593124628067,0.2688990831375122,0.24752607941627502,0.27527526021003723
43,S4,BWHvy,local,local,0,local,local,0,0.5324994325637817,0.5013688802719116,-0.031130552291870117,0.002337065525352955,0.06226108968257904,0.5324994325637817,0.5013688802719116,0.24781274795532227,0.2745531499385834,0.21968784928321838,0.2240779846906662
43,S5,LatCrit,local,local,0,local,local,0,0.507831871509552,0.39416152238845825,-0.11367034912109375,0.026410244405269623,0.2273406982421875,0.507831871509552,0.39416152238845825,0.23851364850997925,0.2935790717601776,0.25365447998046875,0.31225940585136414
43,S5,ComHvy,local,local,0,local,local,0,0.5085870027542114,0.5035703778266907,-0.005016624927520752,0.0012996252626180649,0.040492862462997437,0.5085870027542114,0.5035703778266907,0.23343458771705627,0.2182047963142395,0.2579783797264099,0.2782248258590698
43,S5,BWHvy,local,local,0,local,local,0,0.5421613454818726,0.45970386266708374,-0.08245748281478882,0.014665277674794197,0.16491496562957764,0.5421613454818726,0.45970386266708374,0.22312559187412262,0.28148895502090454,0.23471306264400482,0.2588071823120117
43,S6,LatCrit,local,local,0,local,local,0,0.4768214225769043,0.46097058057785034,-0.015850841999053955,0.0023187976330518723,0.06090684235095978,0.4768214225769043,0.46097058057785034,0.26658910512924194,0.29704251885414124,0.25658950209617615,0.24198691546916962
43,S6,ComHvy,local,local,0,local,local,0,0.505756676197052,0.48870348930358887,-0.017053186893463135,0.009440936148166656,0.11306768655776978,0.505756676197052,0.48870348930358887,0.2431935966014862,0.20371294021606445,0.2510497272014618,0.3075835704803467
43,S6,BWHvy,local,local,0,local,local,0,0.48940128087997437,0.45614564418792725,-0.03325563669204712,0.003692828118801117,0.07500757277011871,0.48940128087997437,0.45614564418792725,0.2508993148803711,0.24665115773677826,0.25969940423965454,0.2972031831741333
43,S7,LatCrit,local,local,0,local,local,0,0.49078965187072754,0.44019877910614014,-0.0505908727645874,0.0051693394780159,0.10118171572685242,0.49078965187072754,0.44019877910614014,0.25912585854530334,0.2831711769104004,0.2500844895839691,0.2766300141811371
43,S7,ComHvy,local,local,0,local,local,0,0.5228939652442932,0.5300242900848389,0.007130324840545654,0.0037124324589967728,0.06452815234661102,0.5228939652442932,0.5300242900848389,0.23464544117450714,0.20238135755062103,0.24246056377887726,0.2675943076610565
43,S7,BWHvy,local,local,0,local,local,0,0.4763866662979126,0.4289783239364624,-0.047408342361450195,0.005838810000568628,0.094816654920578,0.4763866662979126,0.4289783239364624,0.25913146138191223,0.3025856614112854,0.26448187232017517,0.2684359848499298
43,S8,LatCrit,local,local,0,local,local,0,0.4647955298423767,0.3966490626335144,-0.0681464672088623,0.013010651804506779,0.1362929344177246,0.4647955298423767,0.3966490626335144,0.25782811641693115,0.32493916153907776,0.2773763835430145,0.2784118056297302
43,S8,ComHvy,local,local,0,local,local,0,0.49119192361831665,0.44621843099594116,-0.04497349262237549,0.006067086011171341,0.09439490735530853,0.49119192361831665,0.44621843099594116,0.257274866104126,0.30447232723236084,0.2515332102775574,0.2493092566728592
43,S8,BWHvy,local,local,0,local,local,0,0.5171709060668945,0.47275131940841675,-0.04441958665847778,0.004147889092564583,0.08883917331695557,0.5171709060668945,0.47275131940841675,0.2114235758781433,0.22341188788414001,0.27140548825263977,0.30383676290512085
44,S1,LatCrit,local,local,0,local,local,0,0.4882737994194031,0.48626160621643066,-0.002012193202972412,0.0009162323549389839,0.032598868012428284,0.4882737994194031,0.48626160621643066,0.2590601146221161,0.27535954117774963,0.2526661157608032,0.2383788675069809
44,S1,ComHvy,local,local,0,local,local,0,0.5141084790229797,0.4769620895385742,-0.03714638948440552,0.006600808352231979,0.09991303086280823,0.5141084790229797,0.4769620895385742,0.2622555196285248,0.249445378780365,0.22363603115081787,0.2735925316810608
44,S1,BWHvy,local,local,0,local,local,0,0.48492878675460815,0.47097665071487427,-0.013952136039733887,0.011700727045536041,0.12358050048351288,0.48492878675460815,0.47097665071487427,0.2612943947315216,0.32308465242385864,0.25377681851387024,0.20593871176242828
44,S2,LatCrit,local,local,0,local,local,0,0.4966784119606018,0.4389108419418335,-0.05776757001876831,0.007177649065852165,0.11553512513637543,0.4966784119606018,0.4389108419418335,0.22964634001255035,0.2678620219230652,0.27367526292800903,0.2932271361351013
44,S2,ComHvy,local,local,0,local,BS1,1,0.496395468711853,0.45157909393310547,-0.04481637477874756,0.005979035049676895,0.0914202481508255,0.496395468711853,0.45157909393310547,0.26042672991752625,0.25953298807144165,0.24317778646945953,0.2888879179954529
44,S2,BWHvy,local,local,0,BS1,BS1,0,0.4910803437232971,0.47114336490631104,-0.019936978816986084,0.0020979223772883415,0.05806554853916168,0.4910803437232971,0.47114336490631104,0.25958195328712463,0.2886147201061249,0.24933770298957825,0.2402419000864029
44,S3,LatCrit,local,local,0,local,local,0,0.5300469398498535,0.5325374603271484,0.002490520477294922,0.00013372255489230156,0.012789487838745117,0.5300469398498535,0.5325374603271484,0.25855159759521484,0.2624558210372925,0.21140147745609283,0.20500673353672028
44,S3,ComHvy,local,local,0,local,local,0,0.5056784152984619,0.4810176491737366,-0.024660766124725342,0.0012275362387299538,0.049321532249450684,0.5056784152984619,0.4810176491737366,0.28542688488960266,0.2979942262172699,0.20889471471309662,0.22098813951015472
44,S3,BWHvy,local,local,0,local,local,0,0.4944935441017151,0.4462416172027588,-0.0482519268989563,0.010706925764679909,0.1341104805469513,0.4944935441017151,0.4462416172027588,0.2586144804954529,0.3256697356700897,0.24689194560050964,0.2280886471271515
44,S4,LatCrit,local,local,0,local,local,0,0.4950692057609558,0.46098899841308594,-0.03408020734786987,0.0038422360084950924,0.07639932632446289,0.4950692057609558,0.46098899841308594,0.2578740119934082,0.29607367515563965,0.24705679714679718,0.2429373413324356
44,S4,ComHvy,local,local,0,local,local,0,0.5268452167510986,0.5427354574203491,0.01589024066925049,0.0008773580193519592,0.03417012095451355,0.5268452167510986,0.5427354574203491,0.23344941437244415,0.23464426398277283,0.23970533907413483,0.22262030839920044
44,S4,BWHvy,local,local,0,local,local,0,0.5504872798919678,0.5731478929519653,0.02266061305999756,0.0040362440049648285,0.07019661366939545,0.5504872798919678,0.5731478929519653,0.23723576962947845,0.24967347085475922,0.2122769057750702,0.17717860639095306
44,S5,LatCrit,local,local,0,local,local,0,0.5099527835845947,0.44451427459716797,-0.06543850898742676,0.008623063564300537,0.1308770328760147,0.5099527835845947,0.44451427459716797,0.2399177998304367,0.2700710594654083,0.2501294016838074,0.2854146659374237
44,S5,ComHvy,local,local,0,local,local,0,0.4975306987762451,0.48150551319122314,-0.016025185585021973,0.003602840006351471,0.07398673892021179,0.4975306987762451,0.48150551319122314,0.23486323654651642,0.2138950377702713,0.26760607957839966,0.30459943413734436
44,S5,BWHvy,local,local,0,local,local,0,0.5370321273803711,0.4821398854255676,-0.05489224195480347,0.015619311481714249,0.15818218886852264,0.5370321273803711,0.4821398854255676,0.2258276790380478,0.3049187660217285,0.2371402382850647,0.21294137835502625
44,S6,LatCrit,local,local,0,local,local,0,0.48857802152633667,0.5150125026702881,0.026434481143951416,0.020634442567825317,0.1553402841091156,0.48857802152633667,0.5150125026702881,0.26379573345184326,0.31503140926361084,0.24762623012065887,0.16995610296726227
44,S6,ComHvy,local,local,0,local,local,0,0.49677371978759766,0.4745222330093384,-0.022251486778259277,0.0016432683914899826,0.049535349011421204,0.49677371978759766,0.4745222330093384,0.2449144721031189,0.24239830672740936,0.25831177830696106,0.28307947516441345
44,S6,BWHvy,local,local,0,local,local,0,0.4972042441368103,0.4599918723106384,-0.037212371826171875,0.005027292761951685,0.08807548880577087,0.4972042441368103,0.4599918723106384,0.250718891620636,0.29475662112236023,0.2520768940448761,0.24525150656700134
44,S7,LatCrit,local,local,0,local,local,0,0.4865739941596985,0.442359983921051,-0.04421401023864746,0.004051214084029198,0.08842799067497253,0.4865739941596985,0.442359983921051,0.25578659772872925,0.27202653884887695,0.25763940811157227,0.28561344742774963
44,S7,ComHvy,local,local,0,local,local,0,0.5092962980270386,0.48938488960266113,-0.01991140842437744,0.00103030726313591,0.03982275724411011,0.5092962980270386,0.48938488960266113,0.2425769865512848,0.2444864958524704,0.24812676012516022,0.2661285996437073
44,S7,BWHvy,local,local,0,local,local,0,0.4875354766845703,0.5232729911804199,0.03573751449584961,0.01036890223622322,0.11843432486057281,0.4875354766845703,0.5232729911804199,0.25575536489486694,0.27923500537872314,0.25670915842056274,0.19749198853969574
44,S8,LatCrit,local,local,0,local,local,0,0.4645341634750366,0.4152454733848572,-0.04928869009017944,0.0120024923235178,0.1427752673625946,0.4645341634750366,0.4152454733848572,0.26257559657096863,0.33396321535110474,0.27289023995399475,0.2507912814617157
44,S8,ComHvy,local,local,0,local,local,0,0.4682096838951111,0.3856201767921448,-0.08258950710296631,0.014100871980190277,0.165179044008255,0.4682096838951111,0.3856201767921448,0.2616211473941803,0.3003723919391632,0.27016913890838623,0.314007431268692
44,S8,BWHvy,local,local,0,local,local,0,0.5093857049942017,0.4465366005897522,-0.06284910440444946,0.028227809816598892,0.21479429304599762,0.5093857049942017,0.4465366005897522,0.22124113142490387,0.3286382555961609,0.26937320828437805,0.22482514381408691
45,S1,LatCrit,local,local,0,local,local,0,0.4965308904647827,0.4315478801727295,-0.06498301029205322,0.014680889435112476,0.15537022054195404,0.4965308904647827,0.4315478801727295,0.26131516695022583,0.33900028467178345,0.24215394258499146,0.22945185005664825
45,S1,ComHvy,local,local,0,local,local,0,0.5070280432701111,0.3982386589050293,-0.10878938436508179,0.03155960142612457,0.21757872402668,0.5070280432701111,0.3982386589050293,0.26564446091651917,0.27218785881996155,0.22732751071453094,0.32957345247268677
45,S1,BWHvy,local,local,0,local,local,0,0.4823395013809204,0.4346437454223633,-0.04769575595855713,0.030428797006607056,0.2220476120710373,0.4823395013809204,0.4346437454223633,0.261687308549881,0.37271109223365784,0.255973219871521,0.1926451474428177
45,S2,LatCrit,local,local,0,local,local,0,0.4996088743209839,0.4031166434288025,-0.0964922308921814,0.019021783024072647,0.1929844468832016,0.4996088743209839,0.4031166434288025,0.22873912751674652,0.27664291858673096,0.2716520428657532,0.32024046778678894
45,S2,ComHvy,local,local,0,BS1,BS1,0,0.5070936679840088,0.40577834844589233,-0.10131531953811646,0.021277379244565964,0.20263062417507172,0.5070936679840088,0.40577834844589233,0.25461915135383606,0.29509902000427246,0.23828722536563873,0.2991226613521576
45,S2,BWHvy,local,BS1,1,local,BS1,1,0.48487234115600586,0.39758631587028503,-0.08728602528572083,0.04639856144785881,0.2675928771495819,0.48487234115600586,0.3510758876800537,0.26874223351478577,0.39758631587028503,0.24638545513153076,0.25133779644966125
45,S3,LatCrit,local,local,0,BS1,BS1,0,0.5165741443634033,0.399997353553772,-0.11657679080963135,0.028231244534254074,0.2331535667181015,0.5165741443634033,0.399997353553772,0.2630389332771301,0.3121934235095978,0.22038696706295013,0.28780925273895264
45,S3,ComHvy,local,local,0,local,local,0,0.4981781840324402,0.4159157872200012,-0.08226239681243896,0.013883328065276146,0.16452476382255554,0.4981781840324402,0.4159157872200012,0.2883493900299072,0.34268760681152344,0.21347245573997498,0.24139660596847534
45,S3,BWHvy,local,BS1,1,local,BS1,1,0.49151432514190674,0.39618825912475586,-0.09532606601715088,0.04818253591656685,0.27171167731285095,0.49151432514190674,0.3597909212112427,0.2603324353694916,0.39618825912475586,0.2481532245874405,0.24402077496051788
45,S4,LatCrit,local,local,0,local,local,0,0.49390822649002075,0.40902507305145264,-0.08488315343856812,0.015958480536937714,0.16976629197597504,0.49390822649002075,0.40902507305145264,0.25764867663383484,0.3219347596168518,0.24844308197498322,0.26904013752937317
45,S4,ComHvy,local,local,0,local,BS2,1,0.51856529712677,0.44246506690979004,-0.07610023021697998,0.011869020760059357,0.15220050513744354,0.51856529712677,0.44246506690979004,0.23421506583690643,0.2797248065471649,0.24721959233283997,0.27781012654304504
45,S4,BWHvy,local,local,0,local,local,0,0.5511229038238525,0.4885757565498352,-0.06254714727401733,0.017647279426455498,0.17142680287361145,0.5511229038238525,0.4885757565498352,0.24018621444702148,0.325899600982666,0.20869089663028717,0.18552462756633759
45,S5,LatCrit,local,local,0,local,local,0,0.5242629051208496,0.400659441947937,-0.1236034631729126,0.0323340967297554,0.24720683693885803,0.5242629051208496,0.400659441947937,0.22819384932518005,0.30918240547180176,0.2475433051586151,0.29015812277793884
45,S5,ComHvy,local,local,0,local,local,0,0.4917771816253662,0.4281195402145386,-0.06365764141082764,0.013623557984828949,0.15029814839363098,0.4917771816253662,0.4281195402145386,0.23723073303699493,0.22573931515216827,0.27099207043647766,0.34614115953445435
45,S5,BWHvy,local,local,0,local,local,0,0.5451122522354126,0.4513498544692993,-0.09376239776611328,0.02575630322098732,0.19391687214374542,0.5451122522354126,0.4513498544692993,0.22033196687698364,0.31729039549827576,0.23455576598644257,0.23135972023010254
45,S6,LatCrit,local,local,0,local,local,0,0.49070149660110474,0.48647236824035645,-0.004229128360748291,0.030128195881843567,0.17446142435073853,0.49070149660110474,0.48647236824035645,0.26286157965660095,0.3500922918319702,0.24643690884113312,0.16343532502651215
45,S6,ComHvy,local,local,0,local,local,0,0.5051159858703613,0.4140573740005493,-0.09105861186981201,0.019350267946720123,0.18211723864078522,0.5051159858703613,0.4140573740005493,0.24623918533325195,0.2620278298854828,0.24864478409290314,0.3239147663116455
45,S6,BWHvy,local,BS1,1,local,local,0,0.48645520210266113,0.3977997303009033,-0.08865547180175781,0.05031196400523186,0.27761489152908325,0.48645520210266113,0.3528478145599365,0.2589923143386841,0.3977997303009033,0.2545525133609772,0.24935242533683777
45,S7,LatCrit,local,local,0,BS2,BS1,1,0.48227596282958984,0.38316112756729126,-0.09911483526229858,0.0229579359292984,0.19822970032691956,0.48227596282958984,0.38316112756729126,0.26023975014686584,0.3414222300052643,0.2574842870235443,0.27541667222976685
45,S7,ComHvy,local,local,0,local,local,0,0.5119677782058716,0.3954506516456604,-0.11651712656021118,0.027885358780622482,0.23303425312042236,0.5119677782058716,0.3954506516456604,0.24283553659915924,0.2929403781890869,0.24519668519496918,0.3116089701652527
45,S7,BWHvy,local,local,0,local,BS1,1,0.4840109348297119,0.3886016607284546,-0.09540927410125732,0.019564315676689148,0.19081854820251465,0.4840109348297119,0.3886016607284546,0.2534618079662323,0.31779465079307556,0.2625272572040558,0.29360368847846985
45,S8,LatCrit,local,local,0,local,BS1,1,0.48694485425949097,0.4073905944824219,-0.07955425977706909,0.029106147587299347,0.22598643600940704,0.48694485425949097,0.4073905944824219,0.25566625595092773,0.36865949630737305,0.2573888897895813,0.22394995391368866
45,S8,ComHvy,local,BS1,1,local,local,0,0.4698129892349243,0.35892394185066223,-0.11088904738426208,0.04995329678058624,0.30055469274520874,0.4698129892349243,0.31953561305999756,0.262116402387619,0.35892394185066223,0.26807063817977905,0.3215404152870178
45,S8,BWHvy,local,local,0,local,local,0,0.5082324147224426,0.4138908386230469,-0.09434157609939575,0.041067540645599365,0.26234170794487,0.5082324147224426,0.4138908386230469,0.21982060372829437,0.35099148750305176,0.2719469666481018,0.23511771857738495
46,S1,LatCrit,local,local,0,local,local,0,0.48495572805404663,0.4781804084777832,-0.006775319576263428,0.0006999010220170021,0.03221501410007477,0.48495572805404663,0.4781804084777832,0.2620445489883423,0.2781520485877991,0.2529997229576111,0.24366752803325653
46,S1,ComHvy,local,local,0,local,local,0,0.49941837787628174,0.42701399326324463,-0.07240438461303711,0.015284407883882523,0.14480873942375183,0.49941837787628174,0.42701399326324463,0.27452370524406433,0.275052934885025,0.22605794668197632,0.29793307185173035
46,S1,BWHvy,local,local,0,local,local,0,0.4945076107978821,0.5093238353729248,0.014816224575042725,0.0030293986201286316,0.06430575251579285,0.4945076107978821,0.5093238353729248,0.2535541355609894,0.2708908021450043,0.25193825364112854,0.2197853922843933
46,S2,LatCrit,local,local,0,local,local,0,0.4981333613395691,0.4475904703140259,-0.05054289102554321,0.008558914996683598,0.1118253767490387,0.4981333613395691,0.4475904703140259,0.23512694239616394,0.2910396158695221,0.26673969626426697,0.26136988401412964
46,S2,ComHvy,local,local,0,local,local,0,0.5095311403274536,0.5336942672729492,0.024163126945495605,0.0031966762617230415,0.0678616464138031,0.5095311403274536,0.5336942672729492,0.25870588421821594,0.22477507591247559,0.23176293075084686,0.241530641913414
46,S2,BWHvy,local,local,0,local,BS1,1,0.4637250304222107,0.4016109108924866,-0.06211411952972412,0.013897783122956753,0.15304653346538544,0.4637250304222107,0.4016109108924866,0.27877452969551086,0.3552978038787842,0.25750046968460083,0.24309132993221283
46,S3,LatCrit,local,local,0,local,local,0,0.5434037446975708,0.5124837756156921,-0.030919969081878662,0.0031779203563928604,0.06573444604873657,0.5434037446975708,0.5124837756156921,0.2387743592262268,0.23682713508605957,0.21782186627388,0.2506891191005707
46,S3,ComHvy,local,local,0,local,local,0,0.5014930963516235,0.43634331226348877,-0.06514978408813477,0.015360347926616669,0.15034908056259155,0.5014930963516235,0.43634331226348877,0.2792661786079407,0.26924142241477966,0.2192407250404358,0.29441526532173157
46,S3,BWHvy,local,local,0,local,local,0,0.49163734912872314,0.49048566818237305,-0.0011516809463500977,0.0010985666885972023,0.034567490220069885,0.49163734912872314,0.49048566818237305,0.2562846541404724,0.27356839179992676,0.25207799673080444,0.235945925116539
46,S4,LatCrit,local,local,0,local,local,0,0.4977813959121704,0.5047792792320251,0.006997883319854736,0.0007788036018610001,0.03241068124771118,0.4977813959121704,0.5047792792320251,0.2617279887199402,0.27093544602394104,0.2404906302690506,0.224285289645195
46,S4,ComHvy,local,local,0,local,local,0,0.5110275745391846,0.47300153970718384,-0.03802603483200073,0.002895290032029152,0.07605209946632385,0.5110275745391846,0.47300153970718384,0.24416081607341766,0.26313620805740356,0.24481157958507538,0.2638622522354126
46,S4,BWHvy,local,local,0,local,local,0,0.5353520512580872,0.4993053674697876,-0.03604668378829956,0.0034620938822627068,0.07209332287311554,0.5353520512580872,0.4993053674697876,0.2462468147277832,0.2805143892765045,0.21840113401412964,0.2201801985502243
46,S5,LatCrit,local,local,0,local,local,0,0.5086392164230347,0.4720191955566406,-0.03662002086639404,0.009690139442682266,0.12507353723049164,0.5086392164230347,0.4720191955566406,0.2450774908065796,0.307614266872406,0.24628329277038574,0.22036655247211456
46,S5,ComHvy,local,local,0,local,local,0,0.49077004194259644,0.4847835302352905,-0.005986511707305908,0.0034114494919776917,0.06472407281398773,0.49077004194259644,0.4847835302352905,0.2336394041776657,0.20726385712623596,0.27559056878089905,0.3079525828361511
46,S5,BWHvy,local,local,0,local,local,0,0.5400727987289429,0.5069046020507812,-0.03316819667816162,0.006747271865606308,0.10245007276535034,0.5400727987289429,0.5069046020507812,0.23269200325012207,0.28391700983047485,0.22723524272441864,0.2091783732175827
46,S6,LatCrit,local,local,0,local,local,0,0.47273820638656616,0.4530382752418518,-0.019699931144714355,0.003835577517747879,0.07834208011627197,0.47273820638656616,0.4530382752418518,0.262616366147995,0.301787406206131,0.26464542746543884,0.2451743185520172
46,S6,ComHvy,local,local,0,BS2,BS2,0,0.5051350593566895,0.4958018660545349,-0.009333193302154541,0.0071352459490299225,0.09328100085258484,0.5051350593566895,0.4958018660545349,0.2409835010766983,0.20367617905139923,0.25388145446777344,0.30052193999290466
46,S6,BWHvy,local,local,0,local,local,0,0.5166903734207153,0.46609336137771606,-0.05059701204299927,0.013944042846560478,0.15105800330638885,0.5166903734207153,0.46609336137771606,0.2379676103591919,0.3134966194629669,0.24534203112125397,0.2204100489616394
46,S7,LatCrit,local,local,0,local,local,0,0.488459050655365,0.5098503232002258,0.02139127254486084,0.003346778452396393,0.06869010627269745,0.488459050655365,0.5098503232002258,0.25965508818626404,0.27260884642601013,0.25188589096069336,0.21754081547260284
46,S7,ComHvy,local,local,0,local,local,0,0.5166991949081421,0.5078211426734924,-0.008878052234649658,0.0017635580152273178,0.04902347922325134,0.5166991949081421,0.5078211426734924,0.23826324939727783,0.22262956202030182,0.24503757059574127,0.26954931020736694
46,S7,BWHvy,local,local,0,local,local,0,0.48718374967575073,0.45767664909362793,-0.029507100582122803,0.0025913447607308626,0.06016543507575989,0.48718374967575073,0.45767664909362793,0.25281259417533875,0.2828953266143799,0.2600036561489105,0.2594280540943146
46,S8,LatCrit,local,local,0,local,local,0,0.47905492782592773,0.47290241718292236,-0.006152510643005371,0.004783160984516144,0.07661926746368408,0.47905492782592773,0.47290241718292236,0.24796155095100403,0.28627118468284607,0.27298349142074585,0.24082636833190918
46,S8,ComHvy,local,local,0,local,local,0,0.4770214557647705,0.44537246227264404,-0.031648993492126465,0.0020225970074534416,0.06329792737960815,0.4770214557647705,0.44537246227264404,0.25901299715042114,0.27564093470573425,0.26396554708480835,0.27898654341697693
46,S8,BWHvy,local,local,0,local,local,0,0.5397470593452454,0.524472713470459,-0.015274345874786377,0.007265646010637283,0.09516628086566925,0.5397470593452454,0.524472713470459,0.20350061357021332,0.25108376145362854,0.2567523419857025,0.22444355487823486
47,S1,LatCrit,local,local,0,local,local,0,0.49351418018341064,0.5094751119613647,0.0159609317779541,0.0005248244851827621,0.0319218784570694,0.49351418018341064,0.5094751119613647,0.26075121760368347,0.2544351816177368,0.24573463201522827,0.23608972132205963
47,S1,ComHvy,local,local,0,local,local,0,0.5146917104721069,0.46400970220565796,-0.050682008266448975,0.013090137392282486,0.14306779205799103,0.5146917104721069,0.46400970220565796,0.26393282413482666,0.2430809587240219,0.22137543559074402,0.2929093539714813
47,S1,BWHvy,local,local,0,local,local,0,0.4961230754852295,0.506778359413147,0.01065528392791748,0.0021677762269973755,0.053824931383132935,0.4961230754852295,0.506778359413147,0.2526111304759979,0.2688682973384857,0.2512657940387726,0.22435331344604492
47,S2,LatCrit,local,local,0,local,local,0,0.5053247213363647,0.46283507347106934,-0.04248964786529541,0.004016898572444916,0.08497929573059082,0.5053247213363647,0.46283507347106934,0.23026558756828308,0.2607945501804352,0.2644096612930298,0.2763703465461731
47,S2,ComHvy,local,local,0,local,BS1,1,0.5047206282615662,0.45066070556640625,-0.05405992269515991,0.006165333092212677,0.10811983048915863,0.5047206282615662,0.45066070556640625,0.2573515772819519,0.2759875953197479,0.23792780935764313,0.2733516991138458
47,S2,BWHvy,local,local,0,local,local,0,0.4898894429206848,0.47176986932754517,-0.01811957359313965,0.000985434278845787,0.036617785692214966,0.4898894429206848,0.47176986932754517,0.26108548045158386,0.2608961760997772,0.24902504682540894,0.2673339545726776
47,S3,LatCrit,local,local,0,local,local,0,0.5307525396347046,0.5056936740875244,-0.025058865547180176,0.0014252811670303345,0.05011776089668274,0.5307525396347046,0.5056936740875244,0.2547892928123474,0.26179298758506775,0.214458167552948,0.23251336812973022
47,S3,ComHvy,local,local,0,local,local,0,0.5022902488708496,0.4681639075279236,-0.034126341342926025,0.0031637810170650482,0.06825268268585205,0.5022902488708496,0.4681639075279236,0.2886938154697418,0.2932470738887787,0.20901593565940857,0.23858901858329773
47,S3,BWHvy,local,local,0,local,local,0,0.5005144476890564,0.44451528787612915,-0.055999159812927246,0.007901725359261036,0.11199833452701569,0.5005144476890564,0.44451528787612915,0.25331276655197144,0.3038279414176941,0.24617280066013336,0.25165680050849915
47,S4,LatCrit,local,local,0,BS1,BS1,0,0.48797607421875,0.42049676179885864,-0.06747931241989136,0.009236974641680717,0.1349586397409439,0.48797607421875,0.42049676179885864,0.2635388672351837,0.29852554202079773,0.24848507344722748,0.280977725982666
47,S4,ComHvy,local,local,0,local,BS1,1,0.5059918165206909,0.46160608530044556,-0.04438573122024536,0.0040578898042440414,0.08877153694629669,0.5059918165206909,0.46160608530044556,0.24144305288791656,0.25753098726272583,0.25256505608558655,0.2808629274368286
47,S4,BWHvy,local,local,0,local,local,0,0.53892982006073,0.5353987812995911,-0.003531038761138916,2.5115208700299263e-05,0.007062077522277832,0.53892982006073,0.5353987812995911,0.24462349712848663,0.24641984701156616,0.21644671261310577,0.21818140149116516
47,S5,LatCrit,local,local,0,local,local,0,0.5154739022254944,0.4370008111000061,-0.07847309112548828,0.012617211788892746,0.15694616734981537,0.5154739022254944,0.4370008111000061,0.23407308757305145,0.28039848804473877,0.25045302510261536,0.2826007008552551
47,S5,ComHvy,local,local,0,BS1,BS1,0,0.48553651571273804,0.42799001932144165,-0.05754649639129639,0.006706278771162033,0.11509297788143158,0.48553651571273804,0.42799001932144165,0.2459179013967514,0.27441948652267456,0.26854559779167175,0.2975904941558838
47,S5,BWHvy,local,local,0,local,local,0,0.5414544343948364,0.5169713497161865,-0.024483084678649902,0.0012384755536913872,0.048966214060783386,0.5414544343948364,0.5169713497161865,0.2198716700077057,0.2346547394990921,0.2386738657951355,0.24837392568588257
47,S6,LatCrit,local,local,0,local,local,0,0.47870945930480957,0.475968599319458,-0.0027408599853515625,0.016519520431756973,0.13204707205295563,0.47870945930480957,0.475968599319458,0.26699158549308777,0.333015114068985,0.25429895520210266,0.1910162717103958
47,S6,ComHvy,local,local,0,local,local,0,0.5099143385887146,0.5194020867347717,0.009487748146057129,0.0013836389407515526,0.043037593364715576,0.5099143385887146,0.5194020867347717,0.2431197613477707,0.2216009497642517,0.2469659298658371,0.25899696350097656
47,S6,BWHvy,local,local,0,local,local,0,0.5093257427215576,0.49648189544677734,-0.012843847274780273,0.0017174705862998962,0.05052812397480011,0.5093257427215576,0.49648189544677734,0.24250613152980804,0.2677702009677887,0.24816811084747314,0.23574790358543396
47,S7,LatCrit,local,local,0,local,local,0,0.4826427102088928,0.4192717671394348,-0.06337094306945801,0.008746182546019554,0.1267419159412384,0.4826427102088928,0.4192717671394348,0.25831013917922974,0.3038208782672882,0.25904715061187744,0.27690738439559937
47,S7,ComHvy,local,local,0,local,local,0,0.5205812454223633,0.505212664604187,-0.01536858081817627,0.005758166313171387,0.08855415880680084,0.5205812454223633,0.505212664604187,0.23601724207401276,0.207108736038208,0.24340149760246277,0.2876785695552826
47,S7,BWHvy,local,local,0,local,local,0,0.4765053391456604,0.41731685400009155,-0.05918848514556885,0.01083056814968586,0.12767952680587769,0.4765053391456604,0.41731685400009155,0.25888875126838684,0.3227285146713257,0.26460590958595276,0.25995463132858276
47,S8,LatCrit,local,local,0,local,local,0,0.4936535358428955,0.4964580535888672,0.0028045177459716797,0.0003466634079813957,0.02110239863395691,0.4936535358428955,0.4964580535888672,0.2447136640548706,0.2524603605270386,0.2616328001022339,0.2510816156864166
47,S8,ComHvy,local,local,0,local,BS2,1,0.46492600440979004,0.41250258684158325,-0.05242341756820679,0.006796576082706451,0.10484680533409119,0.46492600440979004,0.41250258684158325,0.2670474052429199,0.2736731767654419,0.26802659034729004,0.31382420659065247
47,S8,BWHvy,local,local,0,local,local,0,0.5205991268157959,0.4822472333908081,-0.03835189342498779,0.004465707112103701,0.07670381665229797,0.5205991268157959,0.4822472333908081,0.21002057194709778,0.24740004539489746,0.2693803012371063,0.2703527510166168
48,S1,LatCrit,local,local,0,local,local,0,0.49370551109313965,0.5308393836021423,0.037133872509002686,0.008394468575716019,0.10588233172893524,0.49370551109313965,0.5308393836021423,0.2579224705696106,0.27372977137565613,0.24837203323841095,0.19543087482452393
48,S1,ComHvy,local,local,0,local,local,0,0.510420024394989,0.46424078941345215,-0.046179234981536865,0.022314421832561493,0.1873668134212494,0.510420024394989,0.46424078941345215,0.2606339454650879,0.21312978863716125,0.2289460301399231,0.322629451751709
48,S1,BWHvy,local,local,0,local,local,0,0.477919340133667,0.44234657287597656,-0.03557276725769043,0.018514566123485565,0.1715516299009323,0.477919340133667,0.44234657287597656,0.2645271420478821,0.35030296444892883,0.25755348801612854,0.2073504477739334
48,S2,LatCrit,local,local,0,local,local,0,0.5020022988319397,0.4736020565032959,-0.0284002423286438,0.006816409528255463,0.10218679904937744,0.5020022988319397,0.4736020565032959,0.22938865423202515,0.28048208355903625,0.26860901713371277,0.24591588973999023
48,S2,ComHvy,local,local,0,local,local,0,0.4971427321434021,0.4985615015029907,0.001418769359588623,0.001091877929866314,0.03446109592914581,0.4971427321434021,0.4985615015029907,0.26266375184059143,0.24543319642543793,0.24019354581832886,0.25600531697273254
48,S2,BWHvy,local,local,0,local,local,0,0.47886770963668823,0.4599747657775879,-0.018892943859100342,0.006040534004569054,0.09610947966575623,0.47886770963668823,0.4599747657775879,0.2715960443019867,0.3196507692337036,0.24953626096248627,0.2203744500875473
48,S3,LatCrit,local,local,0,local,local,0,0.5283383131027222,0.4648669362068176,-0.06347137689590454,0.008398380130529404,0.12694278359413147,0.5283383131027222,0.4648669362068176,0.2565493583679199,0.28112125396728516,0.21511229872703552,0.2540118098258972
48,S3,ComHvy,local,local,0,local,local,0,0.4975016117095947,0.4532432556152344,-0.04425835609436035,0.010956577956676483,0.12974956631660461,0.4975016117095947,0.4532432556152344,0.2842824459075928,0.263666033744812,0.2182159423828125,0.283090740442276
48,S3,BWHvy,local,local,0,local,local,0,0.4960618019104004,0.5131531953811646,0.01709139347076416,0.0029950514435768127,0.06440971791744232,0.4960618019104004,0.5131531953811646,0.2542876601219177,0.2694011330604553,0.2496505230665207,0.21744567155838013
48,S4,LatCrit,local,local,0,local,local,0,0.4946807622909546,0.5223203897476196,0.02763962745666504,0.0021347329020500183,0.05527922511100769,0.4946807622909546,0.5223203897476196,0.2604066729545593,0.2578316330909729,0.2449125349521637,0.21984797716140747
48,S4,ComHvy,local,local,0,local,local,0,0.5169714689254761,0.4790705442428589,-0.03790092468261719,0.003013521432876587,0.07580181956291199,0.5169714689254761,0.4790705442428589,0.2355201542377472,0.24776218831539154,0.24750842154026031,0.27316728234291077
48,S4,BWHvy,local,local,0,local,local,0,0.530023455619812,0.4877780079841614,-0.042245447635650635,0.00417773611843586,0.08449085056781769,0.530023455619812,0.4877780079841614,0.24607400596141815,0.2811647653579712,0.22390256822109222,0.23105721175670624
48,S5,LatCrit,local,local,0,local,local,0,0.5238315463066101,0.506515622138977,-0.017315924167633057,0.0027847634628415108,0.0642433762550354,0.5238315463066101,0.506515622138977,0.23426128923892975,0.26638296246528625,0.24190717935562134,0.2271014004945755
48,S5,ComHvy,local,local,0,local,local,0,0.503371000289917,0.528285801410675,0.024914801120758057,0.008778298273682594,0.10312214493751526,0.503371000289917,0.528285801410675,0.22644077241420746,0.17487968504428864,0.27018824219703674,0.2968344986438751
48,S5,BWHvy,local,local,0,local,local,0,0.5353504419326782,0.513953685760498,-0.021396756172180176,0.009181339293718338,0.1123463362455368,0.5353504419326782,0.513953685760498,0.23448964953422546,0.29066285490989685,0.23015987873077393,0.19538350403308868
48,S6,LatCrit,local,local,0,local,local,0,0.47002172470092773,0.45674723386764526,-0.01327449083328247,0.019807670265436172,0.1575862169265747,0.47002172470092773,0.45674723386764526,0.2691791355609894,0.34797224402427673,0.2607991397380829,0.195280522108078
48,S6,ComHvy,local,local,0,local,local,0,0.5042183995246887,0.5054281949996948,0.0012097954750061035,0.010472923517227173,0.10151895880699158,0.5042183995246887,0.5054281949996948,0.24367696046829224,0.19291746616363525,0.25210464000701904,0.30165430903434753
48,S6,BWHvy,local,local,0,local,local,0,0.5110542178153992,0.49074244499206543,-0.02031177282333374,0.007055776193737984,0.10121026635169983,0.5110542178153992,0.49074244499206543,0.24695985019207,0.2975649833679199,0.24198590219020844,0.21169254183769226
48,S7,LatCrit,local,local,0,local,local,0,0.4898737668991089,0.4946863651275635,0.00481259822845459,0.006690971553325653,0.08543699979782104,0.4898737668991089,0.4946863651275635,0.2621496617794037,0.3000555634498596,0.24797657132148743,0.2052580714225769
48,S7,ComHvy,local,local,0,local,local,0,0.5129785537719727,0.5160447359085083,0.0030661821365356445,0.004096146672964096,0.06536099314689636,0.5129785537719727,0.5160447359085083,0.24163402616977692,0.20895352959632874,0.24538742005825043,0.27500173449516296
48,S7,BWHvy,local,local,0,local,local,0,0.48540252447128296,0.41591089963912964,-0.06949162483215332,0.011673039756715298,0.13898327946662903,0.48540252447128296,0.41591089963912964,0.2571038603782654,0.3165975511074066,0.2574935853481293,0.26749154925346375
48,S8,LatCrit,local,local,0,BS1,BS1,0,0.46198201179504395,0.4051993489265442,-0.056782662868499756,0.022095173597335815,0.19645065069198608,0.46198201179504395,0.4051993489265442,0.26138851046562195,0.359613835811615,0.2766294777393341,0.23518681526184082
48,S8,ComHvy,local,local,0,local,local,0,0.47920262813568115,0.5082924365997314,0.029089808464050293,0.002200859831646085,0.058179616928100586,0.47920262813568115,0.5082924365997314,0.2583219110965729,0.23304086923599243,0.2624754309654236,0.25866666436195374
48,S8,BWHvy,local,local,0,local,local,0,0.5155127048492432,0.47464871406555176,-0.040863990783691406,0.021740030497312546,0.18083450198173523,0.5155127048492432,0.47464871406555176,0.2187429964542389,0.3091602623462677,0.26574426889419556,0.21619102358818054
49,S1,LatCrit,local,local,0,local,BS2,1,0.4764346480369568,0.4147722125053406,-0.06166243553161621,0.012690555304288864,0.14454872906208038,0.4764346480369568,0.4147722125053406,0.275798499584198,0.3480728566646576,0.24776685237884521,0.23715491592884064
49,S1,ComHvy,local,local,0,local,BS2,1,0.5178306102752686,0.4356412887573242,-0.08218932151794434,0.023976333439350128,0.19327779114246368,0.5178306102752686,0.4356412887573242,0.257312148809433,0.24286259710788727,0.22485721111297607,0.3214961290359497
49,S1,BWHvy,local,local,0,BS1,BS1,0,0.4951302409172058,0.4330446124076843,-0.062085628509521484,0.017429672181606293,0.17197105288505554,0.4951302409172058,0.4330446124076843,0.2529785931110382,0.3389641344547272,0.251891165971756,0.2279912829399109
49,S2,LatCrit,local,local,0,local,BS1,1,0.4948161840438843,0.3678809404373169,-0.12693524360656738,0.03933468461036682,0.25387051701545715,0.4948161840438843,0.3678809404373169,0.23035529255867004,0.3364937901496887,0.2748284935951233,0.2956252694129944
49,S2,ComHvy,local,local,0,local,BS2,1,0.4834343194961548,0.3509672284126282,-0.1324670910835266,0.037468843162059784,0.2649342119693756,0.4834343194961548,0.3509672284126282,0.2738574147224426,0.32865726947784424,0.2427082657814026,0.32037553191185
49,S2,BWHvy,local,BS1,1,BS2,BS2,0,0.47075355052948,0.3833276331424713,-0.08742591738700867,0.03992757201194763,0.257649689912796,0.47075355052948,0.34192872047424316,0.27324673533439636,0.3833276331424713,0.25599971413612366,0.2747436761856079
49,S3,LatCrit,local,local,0,local,local,0,0.5374882221221924,0.46804219484329224,-0.06944602727890015,0.015295900404453278,0.14663466811180115,0.5374882221221924,0.46804219484329224,0.2505394518375397,0.24666815996170044,0.21197229623794556,0.2852896451950073
49,S3,ComHvy,local,local,0,local,local,0,0.5116822123527527,0.4419875741004944,-0.0696946382522583,0.009915512055158615,0.1393892914056778,0.5116822123527527,0.4419875741004944,0.28027647733688354,0.3135894536972046,0.20804128050804138,0.24442295730113983
49,S3,BWHvy,local,local,0,local,local,0,0.4913479685783386,0.38764965534210205,-0.10369831323623657,0.026038464158773422,0.20739662647247314,0.4913479685783386,0.38764965534210205,0.25585946440696716,0.345961332321167,0.2527925372123718,0.26638898253440857
49,S4,LatCrit,local,local,0,local,local,0,0.48836004734039307,0.41543078422546387,-0.0729292631149292,0.015065796673297882,0.15045322477817535,0.48836004734039307,0.41543078422546387,0.2653290629386902,0.34055566787719727,0.24631090462207794,0.24401354789733887
49,S4,ComHvy,local,local,0,local,local,0,0.4950941801071167,0.37817585468292236,-0.11691832542419434,0.029161915183067322,0.23383663594722748,0.4950941801071167,0.37817585468292236,0.2475569099187851,0.2858104109764099,0.2573489248752594,0.3360137343406677
49,S4,BWHvy,local,local,0,local,local,0,0.5328910946846008,0.4729965925216675,-0.05989450216293335,0.018696043640375137,0.1775185912847519,0.5328910946846008,0.4729965925216675,0.24548260867595673,0.3342418968677521,0.22162629663944244,0.19276149570941925
49,S5,LatCrit,local,local,0,local,BS1,1,0.5275611877441406,0.4087780714035034,-0.11878311634063721,0.036520350724458694,0.23756620287895203,0.5275611877441406,0.4087780714035034,0.2314300239086151,0.3433617353439331,0.24100880324840546,0.24786017835140228
49,S5,ComHvy,local,local,0,local,local,0,0.4909874200820923,0.42881089448928833,-0.062176525592803955,0.007868815213441849,0.12435305118560791,0.4909874200820923,0.42881089448928833,0.24034792184829712,0.2656979560852051,0.268664687871933,0.305491179227829
49,S5,BWHvy,local,local,0,local,BS1,1,0.5398269295692444,0.43727195262908936,-0.10255497694015503,0.0219167098402977,0.20510990917682648,0.5398269295692444,0.43727195262908936,0.221186101436615,0.2866785526275635,0.23898698389530182,0.2760494649410248
49,S6,LatCrit,local,local,0,local,local,0,0.4715777635574341,0.44588202238082886,-0.025695741176605225,0.010017488151788712,0.12562252581119537,0.4715777635574341,0.44588202238082886,0.2700622081756592,0.33287346363067627,0.25836002826690674,0.22124449908733368
49,S6,ComHvy,local,local,0,local,local,0,0.5053421854972839,0.43901872634887695,-0.06632345914840698,0.01492755115032196,0.15427452325820923,0.5053421854972839,0.43901872634887695,0.24461758136749268,0.23380377888679504,0.250040203332901,0.3271774649620056
49,S6,BWHvy,local,local,0,local,local,0,0.5262844562530518,0.4863448739051819,-0.03993958234786987,0.0044092945754528046,0.07987917959690094,0.5262844562530518,0.4863448739051819,0.23288565874099731,0.2709246873855591,0.24082988500595093,0.24273045361042023
49,S7,LatCrit,local,local,0,local,local,0,0.479530930519104,0.37523770332336426,-0.10429322719573975,0.026622291654348373,0.20858648419380188,0.479530930519104,0.37523770332336426,0.25962117314338684,0.35059890151023865,0.26084786653518677,0.2741633951663971
49,S7,ComHvy,local,local,0,local,BS2,1,0.5178349018096924,0.4316072463989258,-0.0862276554107666,0.0208369642496109,0.1740148812532425,0.5178349018096924,0.4316072463989258,0.24169665575027466,0.2409168928861618,0.24046844244003296,0.327475905418396
49,S7,BWHvy,local,local,0,local,local,0,0.4796940088272095,0.39578115940093994,-0.08391284942626953,0.015625447034835815,0.1678256392478943,0.4796940088272095,0.39578115940093994,0.2555238902568817,0.31708988547325134,0.2647821307182312,0.28712892532348633
49,S8,LatCrit,local,local,0,local,local,0,0.4744095802307129,0.41486358642578125,-0.05954599380493164,0.01625780574977398,0.16607129573822021,0.4744095802307129,0.41486358642578125,0.256939172744751,0.3399748206138611,0.26865124702453613,0.24516159296035767
49,S8,ComHvy,local,BS2,1,local,BS2,1,0.46975910663604736,0.3742596209049225,-0.09549948573112488,0.03475428372621536,0.2431107759475708,0.46975910663604736,0.34820371866226196,0.25619468092918396,0.27753663063049316,0.2740461826324463,0.3742596209049225
49,S8,BWHvy,local,local,0,BS2,BS2,0,0.516158938407898,0.42870718240737915,-0.0874517560005188,0.019532151520252228,0.1749035120010376,0.516158938407898,0.42870718240737915,0.21414083242416382,0.2900001108646393,0.26970019936561584,0.2812926769256592
50,S1,LatCrit,local,local,0,local,local,0,0.49157291650772095,0.5907846689224243,0.09921175241470337,0.022475991398096085,0.19842347502708435,0.49157291650772095,0.5907846689224243,0.262722373008728,0.19127126038074493,0.24570469558238983,0.21794408559799194
50,S1,ComHvy,local,local,0,local,local,0,0.5130929350852966,0.5797300338745117,0.06663709878921509,0.00905611366033554,0.13327422738075256,0.5130929350852966,0.5797300338745117,0.26025906205177307,0.22173884510993958,0.2266480028629303,0.19853109121322632
50,S1,BWHvy,local,local,0,local,local,0,0.4971969723701477,0.6136701703071594,0.11647319793701172,0.027990523725748062,0.2329464554786682,0.4971969723701477,0.6136701703071594,0.2525542080402374,0.18942642211914062,0.25024884939193726,0.19690337777137756
50,S2,LatCrit,local,local,0,local,local,0,0.4820270538330078,0.5465608835220337,0.06453382968902588,0.009074319154024124,0.12906765937805176,0.4820270538330078,0.5465608835220337,0.2429088056087494,0.20077896118164062,0.2750641703605652,0.25266018509864807
50,S2,ComHvy,local,local,0,local,local,0,0.4926934242248535,0.539688229560852,0.046994805335998535,0.009432632476091385,0.11376155912876129,0.4926934242248535,0.539688229560852,0.26565083861351013,0.20877008140087128,0.24165573716163635,0.25154173374176025
50,S2,BWHvy,local,local,0,local,local,0,0.4602202773094177,0.493316650390625,0.033096373081207275,0.003351692110300064,0.06619273126125336,0.4602202773094177,0.493316650390625,0.2760081887245178,0.27563902735710144,0.26377153396606445,0.23104433715343475
50,S3,LatCrit,local,local,0,local,local,0,0.5355256795883179,0.5798931121826172,0.044367432594299316,0.0061797588132321835,0.08873486518859863,0.5355256795883179,0.5798931121826172,0.2504699230194092,0.20623309910297394,0.21400436758995056,0.2138737589120865
50,S3,ComHvy,local,local,0,local,local,0,0.4929766058921814,0.5413791537284851,0.04840254783630371,0.010043957270681858,0.12187953293323517,0.4929766058921814,0.5413791537284851,0.29021453857421875,0.22927476465702057,0.21680888533592224,0.22934609651565552
50,S3,BWHvy,local,local,0,local,local,0,0.4852626323699951,0.5703895092010498,0.08512687683105469,0.01466357707977295,0.17025378346443176,0.4852626323699951,0.5703895092010498,0.26020511984825134,0.21439383924007416,0.25453224778175354,0.21521662175655365
50,S4,LatCrit,local,local,0,local,local,0,0.5004050731658936,0.554206907749176,0.05380183458328247,0.00773736322298646,0.10760369896888733,0.5004050731658936,0.554206907749176,0.2573186457157135,0.21011057496070862,0.24227631092071533,0.23568251729011536
50,S4,ComHvy,local,local,0,local,local,0,0.5005201697349548,0.5311688184738159,0.030648648738861084,0.004089370369911194,0.07452736794948578,0.5005201697349548,0.5311688184738159,0.250461220741272,0.257076233625412,0.2490186244249344,0.2117549180984497
50,S4,BWHvy,local,local,0,local,local,0,0.5147665143013,0.4860110282897949,-0.028755486011505127,0.002965448424220085,0.06499604880809784,0.5147665143013,0.4860110282897949,0.2556075155735016,0.2518649697303772,0.22962598502635956,0.2621240019798279
50,S5,LatCrit,local,local,0,local,local,0,0.5320335626602173,0.5948071479797363,0.06277358531951904,0.00870879739522934,0.12554720044136047,0.5320335626602173,0.5948071479797363,0.2252502590417862,0.18443483114242554,0.24271619319915771,0.22075800597667694
50,S5,ComHvy,local,local,0,local,local,0,0.48711562156677246,0.5386313796043396,0.05151575803756714,0.0060812486335635185,0.10303153097629547,0.48711562156677246,0.5386313796043396,0.24577577412128448,0.20856547355651855,0.26710861921310425,0.25280314683914185
50,S5,BWHvy,local,local,0,local,local,0,0.5389950275421143,0.5848350524902344,0.04584002494812012,0.0043768510222435,0.09168004989624023,0.5389950275421143,0.5848350524902344,0.22833941876888275,0.20155495405197144,0.2326655387878418,0.213609978556633
50,S6,LatCrit,local,local,0,local,local,0,0.4841623306274414,0.5436334609985352,0.05947113037109375,0.007608175277709961,0.1189422756433487,0.4841623306274414,0.5436334609985352,0.26614928245544434,0.24562032520771027,0.24968837201595306,0.2107461839914322
50,S6,ComHvy,local,local,0,local,local,0,0.509152352809906,0.567699134349823,0.05854678153991699,0.006938381120562553,0.1170935332775116,0.509152352809906,0.567699134349823,0.2530640661716461,0.2244643270969391,0.23778358101844788,0.2078365683555603
50,S6,BWHvy,local,local,0,local,local,0,0.5360994935035706,0.6325353384017944,0.09643584489822388,0.025374606251716614,0.19287165999412537,0.5360994935035706,0.6325353384017944,0.23358973860740662,0.21423670649528503,0.23031075298786163,0.15322797000408173
50,S7,LatCrit,local,local,0,local,local,0,0.4788174629211426,0.5543674230575562,0.07554996013641357,0.011781718581914902,0.15109989047050476,0.4788174629211426,0.5543674230575562,0.26409661769866943,0.21809908747673035,0.257085919380188,0.2275335192680359
50,S7,ComHvy,local,local,0,local,local,0,0.5259857773780823,0.5954892039299011,0.06950342655181885,0.01098322682082653,0.1390068233013153,0.5259857773780823,0.5954892039299011,0.23983757197856903,0.19087858498096466,0.2341766208410263,0.21363221108913422
50,S7,BWHvy,local,local,0,local,local,0,0.4668397307395935,0.46933412551879883,0.0024943947792053223,0.0002983757294714451,0.019773349165916443,0.4668397307395935,0.46933412551879883,0.2583787739276886,0.24849210679531097,0.2747814953327179,0.2821737825870514
50,S8,LatCrit,local,local,0,local,local,0,0.47987085580825806,0.5961849689483643,0.1163141131401062,0.03123902902007103,0.23262827098369598,0.47987085580825806,0.5961849689483643,0.24942515790462494,0.16964532434940338,0.2707040011882782,0.23416967689990997
50,S8,ComHvy,local,local,0,local,local,0,0.4704064130783081,0.5402714610099792,0.06986504793167114,0.013981945812702179,0.1397300660610199,0.4704064130783081,0.5402714610099792,0.27025091648101807,0.2633705735206604,0.25934267044067383,0.19635799527168274
50,S8,BWHvy,local,local,0,local,local,0,0.5304983854293823,0.5809167623519897,0.05041837692260742,0.005561817437410355,0.10083678364753723,0.5304983854293823,0.5809167623519897,0.20231612026691437,0.17217068374156952,0.2671855092048645,0.24691253900527954
51,S1,LatCrit,local,local,0,local,local,0,0.48631978034973145,0.6217626333236694,0.135442852973938,0.04041117802262306,0.270885705947876,0.48631978034973145,0.6217626333236694,0.2720484137535095,0.21943606436252594,0.24163177609443665,0.15880128741264343
51,S1,ComHvy,local,local,0,local,local,0,0.5117446184158325,0.6391370892524719,0.1273924708366394,0.033862411975860596,0.2547849416732788,0.5117446184158325,0.6391370892524719,0.26376238465309143,0.19519738852977753,0.22449296712875366,0.16566550731658936
51,S1,BWHvy,local,local,0,local,local,0,0.48496782779693604,0.6172827482223511,0.13231492042541504,0.0363243892788887,0.2646298110485077,0.48496782779693604,0.6172827482223511,0.2617158889770508,0.20192326605319977,0.2533162832260132,0.18079401552677155
51,S2,LatCrit,local,local,0,local,local,0,0.49866074323654175,0.5799300670623779,0.08126932382583618,0.013423606753349304,0.16253869235515594,0.49866074323654175,0.5799300670623779,0.23254121840000153,0.19206131994724274,0.2687980532646179,0.22800858318805695
51,S2,ComHvy,local,local,0,local,local,0,0.5059671998023987,0.609571635723114,0.10360443592071533,0.02340536192059517,0.20720891654491425,0.5059671998023987,0.609571635723114,0.2527812719345093,0.18516017496585846,0.24125155806541443,0.20526817440986633
51,S2,BWHvy,local,local,0,local,local,0,0.46779322624206543,0.5934662222862244,0.12567299604415894,0.03342480584979057,0.25134602189064026,0.46779322624206543,0.5934662222862244,0.2739320993423462,0.22383953630924225,0.25827470421791077,0.1826942414045334
51,S3,LatCrit,local,local,0,local,local,0,0.5204522609710693,0.5966082811355591,0.07615602016448975,0.014008035883307457,0.15231208503246307,0.5204522609710693,0.5966082811355591,0.2587376832962036,0.19854916632175446,0.22081007063388824,0.20484252274036407
51,S3,ComHvy,local,local,0,BS2,local,1,0.49235570430755615,0.5734726190567017,0.08111691474914551,0.015302730724215508,0.16223379969596863,0.49235570430755615,0.5734726190567017,0.29252853989601135,0.2269028127193451,0.2151157408952713,0.19962458312511444
51,S3,BWHvy,local,local,0,local,local,0,0.4757997989654541,0.5534248352050781,0.07762503623962402,0.015834320336580276,0.15525004267692566,0.4757997989654541,0.5534248352050781,0.26284727454185486,0.19737586379051208,0.26135292649269104,0.24919933080673218
51,S4,LatCrit,local,local,0,local,local,0,0.4901009202003479,0.5496499538421631,0.059549033641815186,0.0075333211570978165,0.11909802258014679,0.4901009202003479,0.5496499538421631,0.2617596387863159,0.22215792536735535,0.24813944101333618,0.22819216549396515
51,S4,ComHvy,local,local,0,local,local,0,0.5105243921279907,0.6531187295913696,0.1425943374633789,0.0432673841714859,0.2851886749267578,0.5105243921279907,0.6531187295913696,0.2403433620929718,0.17791059613227844,0.24913227558135986,0.16897070407867432
51,S4,BWHvy,local,local,0,local,local,0,0.5415318608283997,0.6022926568984985,0.06076079607009888,0.007624819874763489,0.12152160704135895,0.5415318608283997,0.6022926568984985,0.24397607147693634,0.2139003723859787,0.2144920527935028,0.18380694091320038
51,S5,LatCrit,local,local,0,local,local,0,0.5304530262947083,0.6284693479537964,0.09801632165908813,0.02020937204360962,0.19603265821933746,0.5304530262947083,0.6284693479537964,0.22365888953208923,0.17139573395252228,0.2458880990743637,0.20013491809368134
51,S5,ComHvy,local,local,0,local,local,0,0.48031723499298096,0.5166494846343994,0.03633224964141846,0.002718402072787285,0.07266449928283691,0.48031723499298096,0.5166494846343994,0.2396780401468277,0.21876828372478485,0.28000473976135254,0.26458224654197693
51,S5,BWHvy,local,local,0,local,local,0,0.5391557216644287,0.6454508304595947,0.10629510879516602,0.024089287966489792,0.21259020268917084,0.5391557216644287,0.6454508304595947,0.22316846251487732,0.16565676033496857,0.23767583072185516,0.1888924390077591
51,S6,LatCrit,local,local,0,local,local,0,0.4821741580963135,0.5771875381469727,0.09501338005065918,0.018331635743379593,0.19002670049667358,0.4821741580963135,0.5771875381469727,0.26409798860549927,0.21174609661102295,0.25372782349586487,0.21106639504432678
51,S6,ComHvy,local,local,0,local,local,0,0.5101830959320068,0.5738203525543213,0.06363725662231445,0.008208714425563812,0.12727446854114532,0.5101830959320068,0.5738203525543213,0.2487211972475052,0.2178323119878769,0.24109569191932678,0.2083473652601242
51,S6,BWHvy,local,local,0,local,local,0,0.5197850465774536,0.640052318572998,0.12026727199554443,0.03266894072294235,0.24053458869457245,0.5197850465774536,0.640052318572998,0.23619405925273895,0.19508078694343567,0.24402090907096863,0.1648668646812439
51,S7,LatCrit,local,local,0,local,local,0,0.5017720460891724,0.6167123913764954,0.114940345287323,0.02948862686753273,0.2298806607723236,0.5017720460891724,0.6167123913764954,0.25282442569732666,0.17606571316719055,0.24540351331233978,0.20722191035747528
51,S7,ComHvy,local,local,0,local,local,0,0.5312334299087524,0.6234942674636841,0.09226083755493164,0.01857658103108406,0.18452169001102448,0.5312334299087524,0.6234942674636841,0.23222675919532776,0.17482689023017883,0.236539825797081,0.20167884230613708
51,S7,BWHvy,local,local,0,BS1,BS1,0,0.490652859210968,0.5792228579521179,0.0885699987411499,0.015884459018707275,0.1771399974822998,0.490652859210968,0.5792228579521179,0.2585826814174652,0.2149234563112259,0.2507644593715668,0.2058536857366562
51,S8,LatCrit,local,local,0,local,local,0,0.4879109263420105,0.6238850355148315,0.13597410917282104,0.038479432463645935,0.2719482183456421,0.4879109263420105,0.6238850355148315,0.2469722330570221,0.17405416071414948,0.265116810798645,0.2020607888698578
51,S8,ComHvy,local,local,0,local,local,0,0.4828212857246399,0.6055737137794495,0.12275242805480957,0.031191393733024597,0.24550482630729675,0.4828212857246399,0.6055737137794495,0.26077860593795776,0.1908232867717743,0.25640007853507996,0.20360299944877625
51,S8,BWHvy,local,local,0,local,local,0,0.5232453942298889,0.5816208720207214,0.05837547779083252,0.0069390591233968735,0.11675094068050385,0.5232453942298889,0.5816208720207214,0.2054612934589386,0.1817188262939453,0.2712933123111725,0.23666031658649445
52,S1,LatCrit,local,local,0,BS1,BS1,0,0.48777884244918823,0.522638201713562,0.03485935926437378,0.0037151984870433807,0.06971873342990875,0.48777884244918823,0.522638201713562,0.2666770815849304,0.26535341143608093,0.24554407596588135,0.21200837194919586
52,S1,ComHvy,local,local,0,local,local,0,0.5106865167617798,0.5072950124740601,-0.0033915042877197266,0.0031843390315771103,0.05914340913295746,0.5106865167617798,0.5072950124740601,0.2615482211112976,0.2353680431842804,0.22776521742343903,0.25733694434165955
52,S1,BWHvy,local,local,0,local,BS1,1,0.4707169532775879,0.48424768447875977,0.013530731201171875,0.0044121332466602325,0.07707220315933228,0.4707169532775879,0.48424768447875977,0.26439258456230164,0.2893979847431183,0.2648904323577881,0.22635436058044434
52,S2,LatCrit,local,local,0,local,local,0,0.4980040192604065,0.5017907023429871,0.0037866830825805664,0.001115964725613594,0.035983338952064514,0.4980040192604065,0.5017907023429871,0.22978892922401428,0.21179725229740143,0.2722070813179016,0.2864120602607727
52,S2,ComHvy,local,local,0,local,local,0,0.5167315006256104,0.5852073431015015,0.06847584247589111,0.016283653676509857,0.13935703039169312,0.5167315006256104,0.5852073431015015,0.2482261210680008,0.17854759097099304,0.23504240810871124,0.2362450659275055
52,S2,BWHvy,local,local,0,local,local,0,0.4878406524658203,0.5200706720352173,0.03223001956939697,0.003019975498318672,0.06446000933647156,0.4878406524658203,0.5200706720352173,0.2655865252017975,0.2633766829967499,0.246572807431221,0.21655265986919403
52,S3,LatCrit,local,local,0,BS1,BS1,0,0.5103296041488647,0.45119237899780273,-0.05913722515106201,0.007319435477256775,0.11827443540096283,0.5103296041488647,0.45119237899780273,0.2671791911125183,0.28993284702301025,0.22249121963977814,0.258874773979187
52,S3,ComHvy,local,local,0,BS2,BS2,0,0.4900922179222107,0.4868658781051636,-0.003226339817047119,0.0031684767454862595,0.05962778627872467,0.4900922179222107,0.4868658781051636,0.2912776470184326,0.264690101146698,0.2186301350593567,0.24844403564929962
52,S3,BWHvy,local,local,0,local,local,0,0.4900541305541992,0.4998500347137451,0.009795904159545898,0.00028640826349146664,0.019591838121414185,0.4900541305541992,0.4998500347137451,0.2588208317756653,0.24903520941734314,0.2511250376701355,0.25111472606658936
52,S4,LatCrit,local,local,0,local,local,0,0.4929282069206238,0.5327040553092957,0.039775848388671875,0.003201264888048172,0.07955174148082733,0.4929282069206238,0.5327040553092957,0.2586871087551117,0.24098119139671326,0.24838471412658691,0.2263147383928299
52,S4,ComHvy,local,local,0,local,local,0,0.505278468132019,0.5304214954376221,0.025143027305603027,0.0016134032048285007,0.05028603971004486,0.505278468132019,0.5304214954376221,0.2472410947084427,0.22589260339736938,0.24748045206069946,0.24368593096733093
52,S4,BWHvy,local,local,0,local,local,0,0.5412248373031616,0.5398372411727905,-0.0013875961303710938,0.00021087424829602242,0.015133067965507507,0.5412248373031616,0.5398372411727905,0.2411096841096878,0.23493076860904694,0.217665433883667,0.22523199021816254
52,S5,LatCrit,local,local,0,local,local,0,0.5300650596618652,0.5658268928527832,0.03576183319091797,0.004231884144246578,0.07152366638183594,0.5300650596618652,0.5658268928527832,0.22088408470153809,0.1860455423593521,0.24905087053775787,0.24812757968902588
52,S5,ComHvy,local,local,0,local,local,0,0.49225425720214844,0.5260105729103088,0.0337563157081604,0.007432656362652779,0.09876668453216553,0.49225425720214844,0.5260105729103088,0.24074359238147736,0.1913602203130722,0.2670021951198578,0.28262919187545776
52,S5,BWHvy,local,local,0,local,local,0,0.5428214073181152,0.5179482698440552,-0.02487313747406006,0.0012409789487719536,0.04974624514579773,0.5428214073181152,0.5179482698440552,0.2180633693933487,0.22990699112415314,0.23911526799201965,0.2521447539329529
52,S6,LatCrit,local,local,0,BS1,BS1,0,0.4989490509033203,0.5472740530967712,0.04832500219345093,0.005430199205875397,0.09665001928806305,0.4989490509033203,0.5472740530967712,0.2553371787071228,0.24298395216464996,0.24571377038955688,0.2097419798374176
52,S6,ComHvy,local,local,0,local,local,0,0.5242735743522644,0.565640389919281,0.0413668155670166,0.005978396628051996,0.08532574772834778,0.5242735743522644,0.565640389919281,0.23463012278079987,0.19196723401546478,0.24109630286693573,0.24239234626293182
52,S6,BWHvy,local,local,0,BS1,BS1,0,0.514899492263794,0.5608038306236267,0.045904338359832764,0.01201145350933075,0.12354733049869537,0.514899492263794,0.5608038306236267,0.2438192516565323,0.2596886157989502,0.241281196475029,0.1795075684785843
52,S7,LatCrit,local,local,0,local,local,0,0.49793541431427,0.5784637928009033,0.0805283784866333,0.013668157160282135,0.1610567420721054,0.49793541431427,0.5784637928009033,0.25563210248947144,0.204864963889122,0.24643251299858093,0.21667128801345825
52,S7,ComHvy,local,local,0,local,local,0,0.5260683298110962,0.5501556396484375,0.02408730983734131,0.002991094719618559,0.06362709403038025,0.5260683298110962,0.5501556396484375,0.23848553001880646,0.20667196810245514,0.23544616997241974,0.24317239224910736
52,S7,BWHvy,local,local,0,local,local,0,0.48308104276657104,0.45593804121017456,-0.027143001556396484,0.0018170159310102463,0.05428597331047058,0.48308104276657104,0.45593804121017456,0.2625631093978882,0.2861502170562744,0.25435584783554077,0.25791171193122864
52,S8,LatCrit,local,local,0,BS1,BS1,0,0.4779183864593506,0.5174784660339355,0.03956007957458496,0.0033423304557800293,0.07912015914916992,0.4779183864593506,0.5174784660339355,0.25263670086860657,0.24035245180130005,0.26944491267204285,0.2421690821647644
52,S8,ComHvy,local,local,0,local,local,0,0.4764976501464844,0.5007930397987366,0.024295389652252197,0.0012953579425811768,0.0485907644033432,0.4764976501464844,0.5007930397987366,0.26096099615097046,0.24363113939762115,0.26254135370254517,0.25557583570480347
52,S8,BWHvy,local,local,0,BS2,BS2,0,0.5284371972084045,0.5411071181297302,0.012669920921325684,0.0005215713754296303,0.027699247002601624,0.5284371972084045,0.5411071181297302,0.20209915935993195,0.20327883958816528,0.2694636583328247,0.2556140124797821
53,S1,LatCrit,local,local,0,local,local,0,0.4951532483100891,0.49375879764556885,-0.0013944506645202637,0.005695987492799759,0.07678139209747314,0.4951532483100891,0.49375879764556885,0.2596268951892853,0.29801759123802185,0.2452198565006256,0.2082236111164093
53,S1,ComHvy,local,local,0,local,local,0,0.5225260257720947,0.4840996265411377,-0.03842639923095703,0.004408564418554306,0.07685278356075287,0.5225260257720947,0.4840996265411377,0.25845107436180115,0.2591311037540436,0.21902288496494293,0.25676923990249634
53,S1,BWHvy,local,local,0,local,local,0,0.4807797074317932,0.4506980776786804,-0.030081629753112793,0.012003377079963684,0.13784047961235046,0.4807797074317932,0.4506980776786804,0.26014336943626404,0.32906362414360046,0.25907692313194275,0.2202383279800415
53,S2,LatCrit,local,local,0,BS2,BS2,0,0.4967101216316223,0.4112364649772644,-0.08547365665435791,0.014919105917215347,0.17094729840755463,0.4967101216316223,0.4112364649772644,0.23248405754566193,0.2767406404018402,0.27080580592155457,0.312022864818573
53,S2,ComHvy,local,local,0,local,local,0,0.5152839422225952,0.4911789894104004,-0.024104952812194824,0.005189057439565659,0.08876526355743408,0.5152839422225952,0.4911789894104004,0.25047025084495544,0.23019260168075562,0.23424577713012695,0.2786284387111664
53,S2,BWHvy,local,local,0,local,local,0,0.49064433574676514,0.43188750743865967,-0.05875682830810547,0.015714675188064575,0.16400808095932007,0.49064433574676514,0.43188750743865967,0.25985831022262573,0.34186235070228577,0.24949738383293152,0.22625017166137695
53,S3,LatCrit,local,local,0,local,local,0,0.5144698023796082,0.45213305950164795,-0.062336742877960205,0.009630497545003891,0.1246735006570816,0.5144698023796082,0.45213305950164795,0.2611221969127655,0.2708788216114044,0.22440798580646515,0.27698811888694763
53,S3,ComHvy,local,local,0,local,BS1,1,0.47758573293685913,0.39416563510894775,-0.08342009782791138,0.016907844692468643,0.16684025526046753,0.47758573293685913,0.39416563510894775,0.3002402186393738,0.31797024607658386,0.2221740186214447,0.28786414861679077
53,S3,BWHvy,local,local,0,local,BS1,1,0.4995928406715393,0.4624270796775818,-0.03716576099395752,0.015879422426223755,0.15912732481956482,0.4995928406715393,0.4624270796775818,0.2577342391014099,0.33729788661003113,0.24267293512821198,0.2002750188112259
53,S4,LatCrit,local,local,0,local,local,0,0.5043697357177734,0.5102875232696533,0.005917787551879883,0.0032303407788276672,0.06081387400627136,0.5043697357177734,0.5102875232696533,0.2531631588935852,0.2776522934436798,0.24246710538864136,0.21206015348434448
53,S4,ComHvy,local,local,0,local,local,0,0.51868736743927,0.47421497106552124,-0.04447239637374878,0.004904954228550196,0.08894473314285278,0.51868736743927,0.47421497106552124,0.23514097929000854,0.2733423113822937,0.24617168307304382,0.25244268774986267
53,S4,BWHvy,local,local,0,local,local,0,0.5292090177536011,0.4777178168296814,-0.05149120092391968,0.01828821375966072,0.174526184797287,0.5292090177536011,0.4777178168296814,0.25251519680023193,0.3397783041000366,0.2182757705450058,0.18250389397144318
53,S5,LatCrit,local,local,0,local,BS1,1,0.522169828414917,0.4477956295013428,-0.07437419891357422,0.011297635734081268,0.14874842762947083,0.522169828414917,0.4477956295013428,0.22915706038475037,0.2571064531803131,0.24867308139801025,0.2950979173183441
53,S5,ComHvy,local,local,0,local,local,0,0.4910469651222229,0.4797205924987793,-0.011326372623443604,0.0026858262717723846,0.0621979683637619,0.4910469651222229,0.4797205924987793,0.24893540143966675,0.2291627675294876,0.26001766324043274,0.2911166250705719
53,S5,BWHvy,local,local,0,local,local,0,0.5443018674850464,0.45949286222457886,-0.08480900526046753,0.02470700442790985,0.19685949385166168,0.5443018674850464,0.45949286222457886,0.2228683978319168,0.32129815220832825,0.2328297346830368,0.2192090004682541
53,S6,LatCrit,local,local,0,local,local,0,0.5054653882980347,0.5249788761138916,0.019513487815856934,0.016741648316383362,0.13773295283317566,0.5054653882980347,0.5249788761138916,0.25099772214889526,0.30035072565078735,0.24353685975074768,0.17467039823532104
53,S6,ComHvy,local,local,0,BS2,BS2,0,0.5121862888336182,0.5000903606414795,-0.012095928192138672,0.00673772394657135,0.09284374117851257,0.5121862888336182,0.5000903606414795,0.24248842895030975,0.20816251635551453,0.2453252524137497,0.29174715280532837
53,S6,BWHvy,local,local,0,local,local,0,0.5152788162231445,0.5137403011322021,-0.0015385150909423828,0.0013268329203128815,0.037404924631118774,0.5152788162231445,0.5137403011322021,0.24054750800132751,0.2592499852180481,0.24417369067668915,0.22700975835323334
53,S7,LatCrit,local,local,0,local,local,0,0.48856741189956665,0.48736363649368286,-0.001203775405883789,2.00783833861351e-05,0.0054268985986709595,0.48856741189956665,0.48736363649368286,0.2601170241832733,0.2628304660320282,0.25131556391716003,0.24980588257312775
53,S7,ComHvy,local,local,0,local,local,0,0.521458625793457,0.49014514684677124,-0.03131347894668579,0.001966819167137146,0.062626913189888,0.521458625793457,0.49014514684677124,0.24045872688293457,0.2573922276496887,0.23808269202709198,0.25246262550354004
53,S7,BWHvy,local,local,0,local,local,0,0.48475533723831177,0.4431830644607544,-0.04157227277755737,0.00880567729473114,0.12115231156349182,0.48475533723831177,0.4431830644607544,0.2573195695877075,0.31789571046829224,0.2579251229763031,0.23892122507095337
53,S8,LatCrit,local,local,0,local,BS1,1,0.466113805770874,0.4060651659965515,-0.06004863977432251,0.02424369752407074,0.2059819996356964,0.466113805770874,0.4060651659965515,0.25965172052383423,0.36264270544052124,0.27423450350761414,0.23129212856292725
53,S8,ComHvy,local,local,0,local,BS1,1,0.4749907851219177,0.4172053337097168,-0.05778545141220093,0.006816349923610687,0.11557090282440186,0.4749907851219177,0.4172053337097168,0.2588289678096771,0.290046751499176,0.26618021726608276,0.2927478849887848
53,S8,BWHvy,local,local,0,local,local,0,0.5316005945205688,0.47377681732177734,-0.057823777198791504,0.014626635238528252,0.14711762964725494,0.5316005945205688,0.47377681732177734,0.20397235453128815,0.2775311768054962,0.2644270360469818,0.24869200587272644
54,S1,LatCrit,local,local,0,BS1,BS1,0,0.48708730936050415,0.4635046124458313,-0.02358269691467285,0.0025248825550079346,0.06442791223526001,0.48708730936050415,0.4635046124458313,0.2706606388092041,0.3028745949268341,0.24225205183029175,0.2336207926273346
54,S1,ComHvy,local,local,0,local,local,0,0.5256717205047607,0.5243269205093384,-0.0013447999954223633,0.006185788661241531,0.07639950513839722,0.5256717205047607,0.5243269205093384,0.26373952627182007,0.3019392490386963,0.21058881282806396,0.17373383045196533
54,S1,BWHvy,local,local,0,BS1,BS1,0,0.4846137762069702,0.4831826686859131,-0.001431107521057129,0.0002814037725329399,0.018399670720100403,0.4846137762069702,0.4831826686859131,0.2636202275753021,0.27282005548477173,0.25176599621772766,0.243997260928154
54,S2,LatCrit,local,local,0,local,BS2,1,0.5024168491363525,0.4377419948577881,-0.06467485427856445,0.008694108575582504,0.1293497383594513,0.5024168491363525,0.4377419948577881,0.2296675741672516,0.268672376871109,0.2679155766963959,0.2935856580734253
54,S2,ComHvy,local,local,0,local,local,0,0.5015047192573547,0.4931038022041321,-0.008400917053222656,0.005028296262025833,0.07887789607048035,0.5015047192573547,0.4931038022041321,0.26061394810676575,0.22957594692707062,0.23788131773471832,0.2773202955722809
54,S2,BWHvy,local,local,0,local,local,0,0.4933840036392212,0.45470982789993286,-0.03867417573928833,0.0032224562019109726,0.07734841108322144,0.4933840036392212,0.45470982789993286,0.25771564245224,0.269400417804718,0.24890032410621643,0.2758897840976715
54,S3,LatCrit,local,local,0,local,BS1,1,0.5175017714500427,0.4607395529747009,-0.0567622184753418,0.008469592779874802,0.11352445185184479,0.5175017714500427,0.4607395529747009,0.25709131360054016,0.2627287209033966,0.22540690004825592,0.27653172612190247
54,S3,ComHvy,local,local,0,local,local,0,0.507490336894989,0.49377888441085815,-0.01371145248413086,0.0008712019771337509,0.03419332206249237,0.507490336894989,0.49377888441085815,0.2831113636493683,0.27972614765167236,0.2093982994556427,0.2264949530363083
54,S3,BWHvy,local,local,0,local,local,0,0.49108725786209106,0.43910807371139526,-0.0519791841506958,0.005858730524778366,0.10395839810371399,0.49108725786209106,0.43910807371139526,0.26055219769477844,0.27590247988700867,0.2483605444431305,0.28498947620391846
54,S4,LatCrit,local,local,0,local,local,0,0.5002533793449402,0.46955156326293945,-0.030701816082000732,0.0019366387277841568,0.061403676867485046,0.5002533793449402,0.46955156326293945,0.2598119378089905,0.2794437110424042,0.23993466794490814,0.25100475549697876
54,S4,ComHvy,local,local,0,BS1,BS1,0,0.5220083594322205,0.5139064788818359,-0.008101880550384521,0.0038218647241592407,0.0682612806558609,0.5220083594322205,0.5139064788818359,0.23812025785446167,0.2722508907318115,0.23987139761447906,0.21384263038635254
54,S4,BWHvy,local,local,0,local,local,0,0.5364431738853455,0.5123249292373657,-0.024118244647979736,0.005393378436565399,0.09072034060955048,0.5364431738853455,0.5123249292373657,0.2466789036989212,0.29203906655311584,0.21687793731689453,0.19563600420951843
54,S5,LatCrit,local,local,0,local,local,0,0.5035297870635986,0.4044947624206543,-0.09903502464294434,0.027160435914993286,0.20360499620437622,0.5035297870635986,0.4044947624206543,0.2366725206375122,0.23390501737594604,0.25979772210121155,0.36160019040107727
54,S5,ComHvy,local,local,0,local,local,0,0.49609148502349854,0.489001989364624,-0.007089495658874512,0.0026380158960819244,0.05811525881290436,0.49609148502349854,0.489001989364624,0.2447281926870346,0.273785799741745,0.25918033719062805,0.2372121810913086
54,S5,BWHvy,local,local,0,local,local,0,0.5326511859893799,0.4505831003189087,-0.08206808567047119,0.015024915337562561,0.16413621604442596,0.5326511859893799,0.4505831003189087,0.22195637226104736,0.28299641609191895,0.24539239704608917,0.26642048358917236
54,S6,LatCrit,local,local,0,local,local,0,0.48375624418258667,0.5108224749565125,0.02706623077392578,0.0018427744507789612,0.05413249135017395,0.48375624418258667,0.5108224749565125,0.2642901539802551,0.25977373123168945,0.2519536018371582,0.2294037640094757
54,S6,ComHvy,local,local,0,local,BS1,1,0.4937344193458557,0.39854180812835693,-0.09519261121749878,0.01951763778924942,0.19038522243499756,0.4937344193458557,0.39854180812835693,0.2514745891094208,0.31759315729141235,0.2547909915447235,0.2838650345802307
54,S6,BWHvy,local,local,0,local,local,0,0.5080462694168091,0.5031337738037109,-0.0049124956130981445,0.0015654806047677994,0.04394921660423279,0.5080462694168091,0.5031337738037109,0.23769409954547882,0.22063197195529938,0.2542596161365509,0.2762342095375061
54,S7,LatCrit,local,local,0,local,local,0,0.4904468059539795,0.4994548559188843,0.009008049964904785,0.0011674286797642708,0.04023085534572601,0.4904468059539795,0.4994548559188843,0.2502971589565277,0.2301817387342453,0.2592560350894928,0.2703634202480316
54,S7,ComHvy,local,local,0,local,BS1,1,0.5083370208740234,0.44016921520233154,-0.0681678056716919,0.009841613471508026,0.1363355964422226,0.5083370208740234,0.44016921520233154,0.2427973449230194,0.26401957869529724,0.24886561930179596,0.29581117630004883
54,S7,BWHvy,local,local,0,local,local,0,0.47856980562210083,0.43253928422927856,-0.046030521392822266,0.00450204499065876,0.09206107258796692,0.47856980562210083,0.43253928422927856,0.2540399134159088,0.2683107852935791,0.26739028096199036,0.2991499602794647
54,S8,LatCrit,local,local,0,local,local,0,0.4799354076385498,0.45366454124450684,-0.02627086639404297,0.0013907114043831825,0.05254173278808594,0.4799354076385498,0.45366454124450684,0.25175005197525024,0.26364532113075256,0.26831454038619995,0.2826901376247406
54,S8,ComHvy,local,local,0,local,local,0,0.482089638710022,0.408771812915802,-0.07331782579421997,0.011683356016874313,0.14663562178611755,0.482089638710022,0.408771812915802,0.2547301650047302,0.30640551447868347,0.2631801962852478,0.28482264280319214
54,S8,BWHvy,local,local,0,local,local,0,0.5138110518455505,0.4244002103805542,-0.08941084146499634,0.02068733423948288,0.17882171273231506,0.5138110518455505,0.4244002103805542,0.2083592563867569,0.20846395194530487,0.27782967686653137,0.3671358525753021
55,S1,LatCrit,local,local,0,local,local,0,0.4919590950012207,0.5351353883743286,0.04317629337310791,0.004020266234874725,0.08635261654853821,0.4919590950012207,0.5351353883743286,0.2697572708129883,0.254574179649353,0.23828361928462982,0.21029038727283478
55,S1,ComHvy,local,local,0,local,local,0,0.5146323442459106,0.5793777704238892,0.06474542617797852,0.009845804423093796,0.12949083745479584,0.5146323442459106,0.5793777704238892,0.26677969098091125,0.2466447651386261,0.2185879349708557,0.17397744953632355
55,S1,BWHvy,local,local,0,local,local,0,0.4882805347442627,0.5893983840942383,0.10111784934997559,0.021332446485757828,0.20223566889762878,0.4882805347442627,0.5893983840942383,0.2605803906917572,0.21881915628910065,0.2511390745639801,0.19178248941898346
55,S2,LatCrit,local,local,0,local,local,0,0.4954237937927246,0.5498068332672119,0.054383039474487305,0.006498347967863083,0.10876606404781342,0.4954237937927246,0.5498068332672119,0.2323995679616928,0.19685381650924683,0.272176593542099,0.25333932042121887
55,S2,ComHvy,local,local,0,local,local,0,0.4979785084724426,0.5383245348930359,0.04034602642059326,0.011015590280294418,0.12228696048259735,0.4979785084724426,0.5383245348930359,0.2584349513053894,0.19729147851467133,0.24358654022216797,0.264384001493454
55,S2,BWHvy,local,local,0,local,local,0,0.48870354890823364,0.5483778715133667,0.05967432260513306,0.007224369794130325,0.11934863030910492,0.48870354890823364,0.5483778715133667,0.2664281129837036,0.2391536384820938,0.24486836791038513,0.21246853470802307
55,S3,LatCrit,local,local,0,local,local,0,0.518135666847229,0.536720871925354,0.018585205078125,0.0007650405168533325,0.03717048466205597,0.518135666847229,0.536720871925354,0.2606062889099121,0.2545272409915924,0.22125810384750366,0.2087518721818924
55,S3,ComHvy,local,local,0,local,local,0,0.5037596225738525,0.5667072534561157,0.06294763088226318,0.00826057605445385,0.12589524686336517,0.5037596225738525,0.5667072534561157,0.28711584210395813,0.24372504651546478,0.20912453532218933,0.1895677149295807
55,S3,BWHvy,local,local,0,local,local,0,0.49245262145996094,0.5025973320007324,0.010144710540771484,0.0002367165870964527,0.020289480686187744,0.49245262145996094,0.5025973320007324,0.26004108786582947,0.25758254528045654,0.2475063055753708,0.23982007801532745
55,S4,LatCrit,local,local,0,local,local,0,0.5007377862930298,0.5449934005737305,0.044255614280700684,0.004138247109949589,0.08851116895675659,0.5007377862930298,0.5449934005737305,0.2565980553627014,0.22733235359191895,0.2426641285419464,0.22767427563667297
55,S4,ComHvy,local,local,0,local,local,0,0.5082871317863464,0.5560675859451294,0.04778045415878296,0.008004553616046906,0.10008959472179413,0.5082871317863464,0.5560675859451294,0.24474787712097168,0.24701224267482758,0.24696499109268188,0.1969202160835266
55,S4,BWHvy,local,local,0,local,local,0,0.5305892825126648,0.5469723343849182,0.016383051872253418,0.0022795330733060837,0.05403095483779907,0.5305892825126648,0.5469723343849182,0.24976208806037903,0.26039451360702515,0.21964862942695618,0.19263315200805664
55,S5,LatCrit,local,local,0,BS2,BS2,0,0.5046530961990356,0.5315157175064087,0.026862621307373047,0.0065293461084365845,0.091978520154953,0.5046530961990356,0.5315157175064087,0.23589514195919037,0.18990589678287506,0.2594517171382904,0.27857837080955505
55,S5,ComHvy,local,local,0,local,local,0,0.5021817684173584,0.5595006942749023,0.057318925857543945,0.006928138434886932,0.1146378219127655,0.5021817684173584,0.5595006942749023,0.23520609736442566,0.2003868967294693,0.26261213421821594,0.24011243879795074
55,S5,BWHvy,local,local,0,local,local,0,0.5372428894042969,0.5574299097061157,0.020187020301818848,0.0018867067992687225,0.051216378808021545,0.5372428894042969,0.5574299097061157,0.21951726078987122,0.22493840754032135,0.2432398647069931,0.21763165295124054
55,S6,LatCrit,local,local,0,local,local,0,0.48491573333740234,0.5596558451652527,0.07474011182785034,0.013605058193206787,0.14948023855686188,0.48491573333740234,0.5596558451652527,0.26550501585006714,0.2479756623506546,0.2495792657136917,0.1923684924840927
55,S6,ComHvy,local,local,0,BS2,BS2,0,0.4996839165687561,0.5286537408828735,0.02896982431411743,0.0033930535428225994,0.06784811615943909,0.4996839165687561,0.5286537408828735,0.2497902661561966,0.21586619317531586,0.2505258321762085,0.2554800510406494
55,S6,BWHvy,local,local,0,local,local,0,0.5026237964630127,0.533911943435669,0.03128814697265625,0.0020341146737337112,0.0625762790441513,0.5026237964630127,0.533911943435669,0.2429434210062027,0.22371168434619904,0.2544327676296234,0.24237637221813202
55,S7,LatCrit,local,local,0,local,local,0,0.48826247453689575,0.5328139066696167,0.04455143213272095,0.004629064351320267,0.0891028493642807,0.48826247453689575,0.5328139066696167,0.2557785212993622,0.22172154486179352,0.25595900416374207,0.24546456336975098
55,S7,ComHvy,local,local,0,local,local,0,0.5122057199478149,0.5499240159988403,0.03771829605102539,0.0029151272028684616,0.0754365622997284,0.5122057199478149,0.5499240159988403,0.2424059510231018,0.2203463613986969,0.24538832902908325,0.22972965240478516
55,S7,BWHvy,local,local,0,local,local,0,0.4890750050544739,0.5382853746414185,0.04921036958694458,0.007137328386306763,0.09842076897621155,0.4890750050544739,0.5382853746414185,0.25357386469841003,0.25093087553977966,0.2573511302471161,0.2107837200164795
55,S8,LatCrit,local,local,0,local,local,0,0.46984410285949707,0.4986765384674072,0.028832435607910156,0.002988584339618683,0.06483238935470581,0.46984410285949707,0.4986765384674072,0.2597808241844177,0.2633645832538605,0.2703750729560852,0.2379588782787323
55,S8,ComHvy,local,local,0,local,local,0,0.4690400958061218,0.47027844190597534,0.0012383460998535156,0.003333868458867073,0.06044255197048187,0.4690400958061218,0.47027844190597534,0.26274076104164124,0.29172369837760925,0.26821914315223694,0.2379978746175766
55,S8,BWHvy,local,local,0,local,local,0,0.5327563285827637,0.5946923494338989,0.061936020851135254,0.007870173081755638,0.1238720566034317,0.5327563285827637,0.5946923494338989,0.20507481694221497,0.17609845101833344,0.262168824672699,0.22920915484428406
56,S1,LatCrit,local,local,0,BS1,BS1,0,0.4979681968688965,0.45784103870391846,-0.04012715816497803,0.003518633544445038,0.08025428652763367,0.4979681968688965,0.45784103870391846,0.26088839769363403,0.27258726954460144,0.24114340543746948,0.2695716619491577
56,S1,ComHvy,local,local,0,local,local,0,0.5251046419143677,0.4305010437965393,-0.09460359811782837,0.018105994910001755,0.1892072707414627,0.5251046419143677,0.4305010437965393,0.2541186809539795,0.3000086545944214,0.22077663242816925,0.2694903314113617
56,S1,BWHvy,local,local,0,local,local,0,0.4885268807411194,0.419286847114563,-0.0692400336265564,0.012684337794780731,0.1384800374507904,0.4885268807411194,0.419286847114563,0.2587446868419647,0.3248693645000458,0.2527284324169159,0.25584375858306885
56,S2,LatCrit,local,BS2,1,local,BS2,1,0.48455744981765747,0.38955482840538025,-0.09500262141227722,0.043071530759334564,0.27501606941223145,0.48455744981765747,0.34704941511154175,0.23641645908355713,0.2633957266807556,0.279026061296463,0.38955482840538025
56,S2,ComHvy,local,local,0,local,local,0,0.505711019039154,0.4057794213294983,-0.09993159770965576,0.0231863334774971,0.19986319541931152,0.505711019039154,0.4057794213294983,0.25444576144218445,0.2739386558532715,0.2398432195186615,0.3202819228172302
56,S2,BWHvy,local,BS1,1,local,local,0,0.4811388850212097,0.3679363429546356,-0.1132025420665741,0.039153799414634705,0.26272761821746826,0.4811388850212097,0.3497750759124756,0.2666299045085907,0.3679363429546356,0.2522312104701996,0.2822885811328888
56,S3,LatCrit,local,local,0,local,BS2,1,0.5237456560134888,0.4341750741004944,-0.08957058191299438,0.016446061432361603,0.17914119362831116,0.5237456560134888,0.4341750741004944,0.26108109951019287,0.3003818988800049,0.21517321467399597,0.26544302701950073
56,S3,ComHvy,local,local,0,local,local,0,0.48429030179977417,0.3730122447013855,-0.11127805709838867,0.026091963052749634,0.22255609929561615,0.48429030179977417,0.3730122447013855,0.29839879274368286,0.35027921199798584,0.21731089055538177,0.2767085134983063
56,S3,BWHvy,local,local,0,local,BS2,1,0.4965451955795288,0.4222721457481384,-0.07427304983139038,0.01480818260461092,0.1485460251569748,0.4965451955795288,0.4222721457481384,0.25801655650138855,0.3305905759334564,0.24543827772140503,0.24713723361492157
56,S4,LatCrit,local,local,0,BS1,BS1,0,0.4979252219200134,0.46023833751678467,-0.03768688440322876,0.0037235282361507416,0.07537372410297394,0.4979252219200134,0.46023833751678467,0.25551581382751465,0.25878074765205383,0.24655897915363312,0.2809808850288391
56,S4,ComHvy,local,local,0,local,BS1,1,0.5184048414230347,0.4037020802497864,-0.11470276117324829,0.02823442965745926,0.2294054627418518,0.5184048414230347,0.4037020802497864,0.23177838325500488,0.31033676862716675,0.24981683492660522,0.2859611511230469
56,S4,BWHvy,local,local,0,local,local,0,0.5352945327758789,0.47232991456985474,-0.06296461820602417,0.009152795188128948,0.12592928111553192,0.5352945327758789,0.47232991456985474,0.24611055850982666,0.29842522740364075,0.21859487891197205,0.2292448729276657
56,S5,LatCrit,local,local,0,local,local,0,0.5206537246704102,0.3884464502334595,-0.13220727443695068,0.03655937314033508,0.26441454887390137,0.5206537246704102,0.3884464502334595,0.23029780387878418,0.276170551776886,0.24904848635196686,0.33538302779197693
56,S5,ComHvy,local,local,0,local,local,0,0.49449819326400757,0.4488747715950012,-0.04562342166900635,0.005825996398925781,0.09265236556529999,0.49449819326400757,0.4488747715950012,0.23633937537670135,0.2356366217136383,0.26916244626045227,0.31548863649368286
56,S5,BWHvy,local,local,0,local,local,0,0.53705894947052,0.41772931814193726,-0.11932963132858276,0.03141983598470688,0.23865924775600433,0.53705894947052,0.41772931814193726,0.22448515892028809,0.3134034276008606,0.2384559065103531,0.26886725425720215
56,S6,LatCrit,local,local,0,local,local,0,0.4931890368461609,0.48085933923721313,-0.012329697608947754,0.010823868215084076,0.11684077978134155,0.4931890368461609,0.48085933923721313,0.26422175765037537,0.32264214754104614,0.24258919060230255,0.19649849832057953
56,S6,ComHvy,local,local,0,BS1,BS1,0,0.49231868982315063,0.42198508977890015,-0.07033360004425049,0.010072734206914902,0.14066721498966217,0.49231868982315063,0.42198508977890015,0.2593699097633362,0.2913213074207306,0.248311385512352,0.28669360280036926
56,S6,BWHvy,local,local,0,local,BS1,1,0.5078232288360596,0.42878347635269165,-0.07903975248336792,0.014592437073588371,0.15807944536209106,0.5078232288360596,0.42878347635269165,0.24791254103183746,0.31326907873153687,0.24426428973674774,0.2579474449157715
56,S7,LatCrit,local,local,0,local,local,0,0.49188703298568726,0.43138664960861206,-0.060500383377075195,0.008024018257856369,0.12100076675415039,0.49188703298568726,0.43138664960861206,0.2549893260002136,0.2712250053882599,0.2531236410140991,0.29738834500312805
56,S7,ComHvy,local,local,0,local,local,0,0.5153385400772095,0.44491350650787354,-0.07042503356933594,0.009975001215934753,0.14085005223751068,0.5153385400772095,0.44491350650787354,0.24333713948726654,0.27748051285743713,0.2413243055343628,0.27760595083236694
56,S7,BWHvy,local,local,0,local,local,0,0.4968414902687073,0.42376238107681274,-0.07307910919189453,0.011302059516310692,0.14615820348262787,0.4968414902687073,0.42376238107681274,0.24564124643802643,0.29404905438423157,0.2575172781944275,0.2821885645389557
56,S8,LatCrit,local,local,0,local,BS2,1,0.4681345820426941,0.3693678379058838,-0.0987667441368103,0.02035537362098694,0.1975334882736206,0.4681345820426941,0.3693678379058838,0.26046085357666016,0.3114760220050812,0.27140456438064575,0.31915614008903503
56,S8,ComHvy,local,BS1,1,local,local,0,0.47215235233306885,0.3664962947368622,-0.10565605759620667,0.044206079095602036,0.27842992544174194,0.47215235233306885,0.3329373598098755,0.26280489563941956,0.3664962947368622,0.265042781829834,0.30056631565093994
56,S8,BWHvy,local,local,0,local,local,0,0.5271208882331848,0.4576306939125061,-0.06949019432067871,0.0118620116263628,0.13898038864135742,0.5271208882331848,0.4576306939125061,0.21389248967170715,0.27134135365486145,0.25898662209510803,0.27102795243263245
57,S1,LatCrit,local,local,0,local,local,0,0.49847424030303955,0.6217118501663208,0.12323760986328125,0.03163589537143707,0.2464752495288849,0.49847424030303955,0.6217118501663208,0.2627694308757782,0.20505987107753754,0.23875635862350464,0.17322827875614166
57,S1,ComHvy,local,local,0,local,local,0,0.512904167175293,0.6129400730133057,0.1000359058380127,0.021469686180353165,0.2000718116760254,0.512904167175293,0.6129400730133057,0.2625868320465088,0.22023412585258484,0.22450895607471466,0.16682575643062592
57,S1,BWHvy,local,local,0,local,local,0,0.46953803300857544,0.5563936829566956,0.08685564994812012,0.015427250415086746,0.17371131479740143,0.46953803300857544,0.5563936829566956,0.263728529214859,0.21349717676639557,0.26673343777656555,0.23010912537574768
57,S2,LatCrit,local,local,0,local,local,0,0.4985317587852478,0.5458999276161194,0.04736816883087158,0.011558754369616508,0.11788894236087799,0.4985317587852478,0.5458999276161194,0.22906120121479034,0.17011672258377075,0.27240705490112305,0.28398334980010986
57,S2,ComHvy,local,local,0,local,local,0,0.4937896132469177,0.5961252450942993,0.10233563184738159,0.02502550557255745,0.20467130839824677,0.4937896132469177,0.5961252450942993,0.2560250461101532,0.1799190491437912,0.25018537044525146,0.2239556908607483
57,S2,BWHvy,local,local,0,local,local,0,0.47991299629211426,0.5561583042144775,0.07624530792236328,0.01215570792555809,0.15249060094356537,0.47991299629211426,0.5561583042144775,0.2652255594730377,0.23576290905475616,0.254861444234848,0.2080788016319275
57,S3,LatCrit,local,local,0,local,local,0,0.5150951147079468,0.5527421236038208,0.03764700889587402,0.008804313838481903,0.11131808161735535,0.5150951147079468,0.5527421236038208,0.2659798562526703,0.21032080054283142,0.21892502903938293,0.2369370460510254
57,S3,ComHvy,local,local,0,local,local,0,0.4883614778518677,0.5373785495758057,0.04901707172393799,0.005864249542355537,0.0980340987443924,0.4883614778518677,0.5373785495758057,0.29742467403411865,0.25423550605773926,0.21421384811401367,0.20838598906993866
57,S3,BWHvy,local,local,0,local,local,0,0.4991454482078552,0.5813784599304199,0.0822330117225647,0.01480414904654026,0.1644660234451294,0.4991454482078552,0.5813784599304199,0.2553187310695648,0.19954177737236023,0.24553582072257996,0.21907976269721985
57,S4,LatCrit,local,local,0,local,local,0,0.4989704489707947,0.5756058096885681,0.07663536071777344,0.014094684273004532,0.15327075123786926,0.4989704489707947,0.5756058096885681,0.25754374265670776,0.19822098314762115,0.24348583817481995,0.22617320716381073
57,S4,ComHvy,local,local,0,local,local,0,0.5161740183830261,0.5601260662078857,0.04395204782485962,0.006234323140233755,0.08790414035320282,0.5161740183830261,0.5601260662078857,0.23037078976631165,0.18797136843204498,0.25345519185066223,0.2519025206565857
57,S4,BWHvy,local,local,0,BS2,local,1,0.5389388799667358,0.5935391187667847,0.05460023880004883,0.006232462823390961,0.10920052230358124,0.5389388799667358,0.5935391187667847,0.24476489424705505,0.2110135406255722,0.2162962406873703,0.19544731080532074
57,S5,LatCrit,local,local,0,local,local,0,0.5091696977615356,0.5774860382080078,0.06831634044647217,0.013261108659207821,0.13663259148597717,0.5091696977615356,0.5774860382080078,0.23656843602657318,0.1775387078523636,0.2542618215084076,0.24497529864311218
57,S5,ComHvy,local,local,0,local,local,0,0.5077680349349976,0.6172289252281189,0.10946089029312134,0.025111336261034012,0.2189217507839203,0.5077680349349976,0.6172289252281189,0.22359474003314972,0.16590507328510284,0.26863718032836914,0.21686598658561707
57,S5,BWHvy,local,local,0,local,local,0,0.5514262914657593,0.6631855964660645,0.11175930500030518,0.02980836108326912,0.22351861000061035,0.5514262914657593,0.6631855964660645,0.2150932252407074,0.14205047488212585,0.23348048329353333,0.1947639286518097
57,S6,LatCrit,local,local,0,local,local,0,0.49684810638427734,0.6253851652145386,0.12853705883026123,0.03504779189825058,0.25707411766052246,0.49684810638427734,0.6253851652145386,0.25338366627693176,0.17722545564174652,0.2497682422399521,0.1973894089460373
57,S6,ComHvy,local,local,0,local,local,0,0.4950319528579712,0.5139907002449036,0.018958747386932373,0.0015564747154712677,0.04676756262779236,0.4950319528579712,0.5139907002449036,0.25445112586021423,0.25887614488601685,0.2505169212818146,0.2271331250667572
57,S6,BWHvy,local,local,0,local,local,0,0.49532634019851685,0.5575667023658752,0.0622403621673584,0.007804015651345253,0.1244807243347168,0.49532634019851685,0.5575667023658752,0.2460925281047821,0.21692399680614471,0.25858113169670105,0.22550930082798004
57,S7,LatCrit,local,local,0,local,local,0,0.4986545443534851,0.5832688808441162,0.0846143364906311,0.01943390816450119,0.16922864317893982,0.4986545443534851,0.5832688808441162,0.25390180945396423,0.1819840520620346,0.24744364619255066,0.23474709689617157
57,S7,ComHvy,local,local,0,local,local,0,0.507853627204895,0.5664393305778503,0.05858570337295532,0.007615620270371437,0.11717140674591064,0.507853627204895,0.5664393305778503,0.24368146061897278,0.20325171947479248,0.24846488237380981,0.2303089201450348
57,S7,BWHvy,local,local,0,local,local,0,0.49630385637283325,0.5819732546806335,0.08566939830780029,0.01744343526661396,0.171338751912117,0.49630385637283325,0.5819732546806335,0.253437340259552,0.18926329910755157,0.25025877356529236,0.22876346111297607
57,S8,LatCrit,local,local,0,local,local,0,0.4678311347961426,0.562400221824646,0.09456908702850342,0.019617322832345963,0.18913815915584564,0.4678311347961426,0.562400221824646,0.26145026087760925,0.19792979955673218,0.27071863412857056,0.2396700233221054
57,S8,ComHvy,local,local,0,local,local,0,0.49085497856140137,0.6036168336868286,0.11276185512542725,0.029385007917881012,0.22552376985549927,0.49085497856140137,0.6036168336868286,0.24867908656597137,0.1707422435283661,0.26046594977378845,0.22564087808132172
57,S8,BWHvy,local,local,0,local,local,0,0.5132520794868469,0.5619283318519592,0.048676252365112305,0.004816105589270592,0.09735248982906342,0.5132520794868469,0.5619283318519592,0.2150288224220276,0.19092407822608948,0.2717190682888031,0.2471475750207901
58,S1,LatCrit,local,local,0,local,local,0,0.48581910133361816,0.5665148496627808,0.0806957483291626,0.013311434537172318,0.1613914966583252,0.48581910133361816,0.5665148496627808,0.26796942949295044,0.22008496522903442,0.2462114840745926,0.213400200009346
58,S1,ComHvy,local,local,0,local,local,0,0.5212268829345703,0.6327464580535889,0.11151957511901855,0.025973957031965256,0.22303909063339233,0.5212268829345703,0.6327464580535889,0.2563808858394623,0.19345144927501678,0.22239220142364502,0.17380212247371674
58,S1,BWHvy,local,local,0,local,local,0,0.4767441153526306,0.5409657955169678,0.06422168016433716,0.010259781032800674,0.12844333052635193,0.4767441153526306,0.5409657955169678,0.2655525207519531,0.2529228627681732,0.25770336389541626,0.2061113715171814
58,S2,LatCrit,local,local,0,BS2,local,1,0.5074958801269531,0.5990042686462402,0.09150838851928711,0.018404368311166763,0.18301676213741302,0.5074958801269531,0.5990042686462402,0.2214539498090744,0.16589319705963135,0.2710501551628113,0.23510253429412842
58,S2,ComHvy,local,local,0,local,local,0,0.48614317178726196,0.5739618539810181,0.0878186821937561,0.01761520653963089,0.17563730478286743,0.48614317178726196,0.5739618539810181,0.26849666237831116,0.20363861322402954,0.24536015093326569,0.22239957749843597
58,S2,BWHvy,local,local,0,local,local,0,0.47026675939559937,0.5220956802368164,0.05182892084121704,0.0058715976774692535,0.1036578118801117,0.47026675939559937,0.5220956802368164,0.26450735330581665,0.24895831942558289,0.265225887298584,0.2289460301399231
58,S3,LatCrit,local,local,0,local,local,0,0.5151486396789551,0.5403896570205688,0.02524101734161377,0.005354972556233406,0.08732584118843079,0.5151486396789551,0.5403896570205688,0.2666899561882019,0.2230270802974701,0.21816137433052063,0.23658332228660583
58,S3,ComHvy,local,local,0,local,local,0,0.4825509786605835,0.5258992314338684,0.04334825277328491,0.006815755274146795,0.10118970274925232,0.4825509786605835,0.5258992314338684,0.2975495159626007,0.24695466458797455,0.2198995053768158,0.22714610397815704
58,S3,BWHvy,local,local,0,local,local,0,0.5012685060501099,0.5785424709320068,0.07727396488189697,0.013899462297558784,0.15454795956611633,0.5012685060501099,0.5785424709320068,0.25755977630615234,0.19973114132881165,0.2411717176437378,0.22172635793685913
58,S4,LatCrit,local,local,0,local,local,0,0.4987657070159912,0.5274953246116638,0.028729617595672607,0.005283351056277752,0.08601807057857513,0.4987657070159912,0.5274953246116638,0.2554159164428711,0.21240688860416412,0.2458183765411377,0.26009780168533325
58,S4,ComHvy,local,local,0,local,local,0,0.5018635392189026,0.5296391248703003,0.027775585651397705,0.0031933672726154327,0.06667165458202362,0.5018635392189026,0.5296391248703003,0.24310047924518585,0.24866069853305817,0.25503599643707275,0.22170014679431915
58,S4,BWHvy,local,local,0,local,local,0,0.5283522605895996,0.5435335636138916,0.015181303024291992,0.0012811440974473953,0.0426611602306366,0.5283522605895996,0.5435335636138916,0.2452489286661148,0.2239183783531189,0.2263987511396408,0.2325480580329895
58,S5,LatCrit,local,local,0,local,local,0,0.5049418210983276,0.5679347515106201,0.06299293041229248,0.012219591066241264,0.12598592042922974,0.5049418210983276,0.5679347515106201,0.23238283395767212,0.17497560381889343,0.26267537474632263,0.25708961486816406
58,S5,ComHvy,local,local,0,local,local,0,0.5010582208633423,0.5803163647651672,0.07925814390182495,0.012767381966114044,0.1585162878036499,0.5010582208633423,0.5803163647651672,0.23721276223659515,0.19696961343288422,0.26172903180122375,0.22271403670310974
58,S5,BWHvy,local,local,0,local,local,0,0.5404852628707886,0.6053351163864136,0.064849853515625,0.008849106729030609,0.1296996772289276,0.5404852628707886,0.6053351163864136,0.22300288081169128,0.19715040922164917,0.23651185631752014,0.19751450419425964
58,S6,LatCrit,local,local,0,local,local,0,0.4794301986694336,0.52109694480896,0.04166674613952637,0.009515896439552307,0.1107393354177475,0.4794301986694336,0.52109694480896,0.27782928943634033,0.2915322184562683,0.24274052679538727,0.18737086653709412
58,S6,ComHvy,local,local,0,BS1,BS1,0,0.48116105794906616,0.48838353157043457,0.007222473621368408,0.003044513985514641,0.061097726225852966,0.48116105794906616,0.48838353157043457,0.26882636547088623,0.2921527624130249,0.2500125765800476,0.21946372091770172
58,S6,BWHvy,local,local,0,local,local,0,0.4915904402732849,0.4942929148674011,0.002702474594116211,0.004295613616704941,0.06812579929828644,0.4915904402732849,0.4942929148674011,0.25194188952445984,0.28330230712890625,0.25646767020225525,0.22240476310253143
58,S7,LatCrit,local,local,0,local,local,0,0.49529170989990234,0.5870169401168823,0.09172523021697998,0.01734212040901184,0.18345049023628235,0.49529170989990234,0.5870169401168823,0.2588976323604584,0.21851883828639984,0.24581067264080048,0.19446420669555664
58,S7,ComHvy,local,local,0,local,local,0,0.49674999713897705,0.5256863832473755,0.028936386108398438,0.0017862282693386078,0.05787280201911926,0.49674999713897705,0.5256863832473755,0.25316759943962097,0.2336629033088684,0.250082403421402,0.24065068364143372
58,S7,BWHvy,local,local,0,local,local,0,0.4911799430847168,0.5761343240737915,0.08495438098907471,0.01903906650841236,0.169908806681633,0.4911799430847168,0.5761343240737915,0.2473740130662918,0.1782524287700653,0.2614460587501526,0.2456132173538208
58,S8,LatCrit,local,local,0,local,local,0,0.46240562200546265,0.5396533012390137,0.07724767923355103,0.012772561982274055,0.15449532866477966,0.46240562200546265,0.5396533012390137,0.26090529561042786,0.2107848972082138,0.2766890525817871,0.24956180155277252
58,S8,ComHvy,local,local,0,local,local,0,0.47700023651123047,0.5595338344573975,0.08253359794616699,0.013815946877002716,0.1650671809911728,0.47700023651123047,0.5595338344573975,0.26025116443634033,0.21455907821655273,0.2627485990524292,0.225907102227211
58,S8,BWHvy,local,local,0,local,local,0,0.5144222974777222,0.5332217216491699,0.018799424171447754,0.002493401989340782,0.06062653660774231,0.5144222974777222,0.5332217216491699,0.21885862946510315,0.23037245869636536,0.2667190730571747,0.23640578985214233
59,S1,LatCrit,local,local,0,local,local,0,0.49054664373397827,0.5998412370681763,0.109294593334198,0.028125034645199776,0.21858914196491241,0.49054664373397827,0.5998412370681763,0.26340511441230774,0.182576984167099,0.2460482269525528,0.21758180856704712
59,S1,ComHvy,local,local,0,local,local,0,0.5186885595321655,0.5977994203567505,0.07911086082458496,0.015024185180664062,0.15822163224220276,0.5186885595321655,0.5977994203567505,0.2610629200935364,0.23727943003177643,0.22024847567081451,0.16492119431495667
59,S1,BWHvy,local,local,0,local,local,0,0.4771534204483032,0.572874903678894,0.09572148323059082,0.01853172853589058,0.19144296646118164,0.4771534204483032,0.572874903678894,0.25902435183525085,0.21437370777130127,0.2638222277164459,0.2127513885498047
59,S2,LatCrit,local,local,0,local,local,0,0.5018007755279541,0.5908432006835938,0.08904242515563965,0.021672414615750313,0.1780848503112793,0.5018007755279541,0.5908432006835938,0.2279791682958603,0.1572459489107132,0.2702200412750244,0.25191083550453186
59,S2,ComHvy,local,local,0,local,local,0,0.5105391144752502,0.6028211712837219,0.09228205680847168,0.024094076827168465,0.18456411361694336,0.5105391144752502,0.6028211712837219,0.25338688492774963,0.17295745015144348,0.2360740303993225,0.22422140836715698
59,S2,BWHvy,local,local,0,BS2,local,1,0.4798109531402588,0.5610568523406982,0.08124589920043945,0.015037737786769867,0.16249176859855652,0.4798109531402588,0.5610568523406982,0.2699379324913025,0.2457248717546463,0.2502511143684387,0.19321830570697784
59,S3,LatCrit,local,local,0,local,local,0,0.5236278772354126,0.5724992752075195,0.048871397972106934,0.0055768126621842384,0.09774284064769745,0.5236278772354126,0.5724992752075195,0.25655367970466614,0.21836143732070923,0.21981848776340485,0.20913928747177124
59,S3,ComHvy,local,local,0,local,local,0,0.5125164985656738,0.6018491387367249,0.08933264017105103,0.01652538776397705,0.17866528034210205,0.5125164985656738,0.6018491387367249,0.2803505063056946,0.22340275347232819,0.2071329951286316,0.17474810779094696
59,S3,BWHvy,local,local,0,local,local,0,0.49172985553741455,0.5147339105606079,0.02300405502319336,0.0022325795143842697,0.056114211678504944,0.49172985553741455,0.5147339105606079,0.2558824121952057,0.22782529890537262,0.2523877024650574,0.2574407458305359
59,S4,LatCrit,local,local,0,local,local,0,0.4987674355506897,0.5597473382949829,0.06097990274429321,0.009401889517903328,0.12195976078510284,0.4987674355506897,0.5597473382949829,0.25571224093437195,0.20539310574531555,0.24552029371261597,0.23485957086086273
59,S4,ComHvy,local,local,0,local,local,0,0.5159871578216553,0.5818274021148682,0.06584024429321289,0.008805997669696808,0.1316804438829422,0.5159871578216553,0.5818274021148682,0.2379722148180008,0.20601966977119446,0.24604059755802155,0.21215294301509857
59,S4,BWHvy,local,local,0,local,local,0,0.5450971126556396,0.5846896171569824,0.03959250450134277,0.0034607406705617905,0.07918503880500793,0.5450971126556396,0.5846896171569824,0.23936323821544647,0.21152761578559875,0.21553966403007507,0.20378275215625763
59,S5,LatCrit,local,local,0,local,local,0,0.5112662315368652,0.5455614328384399,0.03429520130157471,0.004194740206003189,0.07227155566215515,0.5112662315368652,0.5455614328384399,0.23594123125076294,0.19980543851852417,0.2527925372123718,0.2546330988407135
59,S5,ComHvy,local,local,0,local,local,0,0.5094017386436462,0.6179622411727905,0.10856050252914429,0.02465946599841118,0.2171209752559662,0.5094017386436462,0.6179622411727905,0.22606101632118225,0.1686657965183258,0.2645372152328491,0.21337196230888367
59,S5,BWHvy,local,local,0,local,local,0,0.5502692461013794,0.6207782030105591,0.07050895690917969,0.011490989476442337,0.1410178393125534,0.5502692461013794,0.6207782030105591,0.20923182368278503,0.16300250589847565,0.240498885512352,0.21621932089328766
59,S6,LatCrit,local,local,0,local,local,0,0.48750215768814087,0.5580355525016785,0.0705333948135376,0.013406293466687202,0.1410667598247528,0.48750215768814087,0.5580355525016785,0.2570607662200928,0.196315199136734,0.25543707609176636,0.2456492781639099
59,S6,ComHvy,local,local,0,local,local,0,0.48742300271987915,0.5146164894104004,0.02719348669052124,0.0014887182042002678,0.054386988282203674,0.48742300271987915,0.5146164894104004,0.24737413227558136,0.2357126921415329,0.2652028501033783,0.24967078864574432
59,S6,BWHvy,local,local,0,local,local,0,0.5065587759017944,0.5223326683044434,0.015773892402648926,0.007637154310941696,0.096477210521698,0.5065587759017944,0.5223326683044434,0.24637331068515778,0.27883800864219666,0.24706794321537018,0.19882932305335999
59,S7,LatCrit,local,local,0,local,local,0,0.4890463352203369,0.5518219470977783,0.0627756118774414,0.013888217508792877,0.13130582869052887,0.4890463352203369,0.5518219470977783,0.25702282786369324,0.1913699060678482,0.25393083691596985,0.2568081319332123
59,S7,ComHvy,local,local,0,local,local,0,0.5169092416763306,0.5784903764724731,0.06158113479614258,0.007701495662331581,0.12316223978996277,0.5169092416763306,0.5784903764724731,0.23833967745304108,0.20908084511756897,0.24475106596946716,0.21242879331111908
59,S7,BWHvy,local,local,0,local,local,0,0.48698610067367554,0.5972493886947632,0.11026328802108765,0.026049446314573288,0.2205265313386917,0.48698610067367554,0.5972493886947632,0.2521398067474365,0.18363641202449799,0.26087406277656555,0.21911421418190002
59,S8,LatCrit,local,local,0,BS1,local,1,0.4515077471733093,0.5027327537536621,0.05122500658035278,0.011192982085049152,0.12233762443065643,0.4515077471733093,0.5027327537536621,0.2665705978870392,0.20540179312229156,0.2819216549396515,0.2918654680252075
59,S8,ComHvy,local,local,0,BS1,BS1,0,0.4714798331260681,0.5095929503440857,0.03811311721801758,0.0029064007103443146,0.07622621953487396,0.4714798331260681,0.5095929503440857,0.25816112756729126,0.23935680091381073,0.27035900950431824,0.2510502338409424
59,S8,BWHvy,local,local,0,local,local,0,0.5252131223678589,0.5484344959259033,0.023221373558044434,0.0010905656963586807,0.04644274711608887,0.5252131223678589,0.5484344959259033,0.20376676321029663,0.1927964687347412,0.2710200548171997,0.2587689757347107
60,S1,LatCrit,local,local,0,local,local,0,0.5032485723495483,0.4888598918914795,-0.014388680458068848,0.013504017144441605,0.13024359941482544,0.5032485723495483,0.4888598918914795,0.2577586770057678,0.20702551305294037,0.2389928251504898,0.30411458015441895
60,S1,ComHvy,local,local,0,local,BS1,1,0.5165101289749146,0.4499519467353821,-0.06655818223953247,0.011808688752353191,0.13311634957790375,0.5165101289749146,0.4499519467353821,0.2644326984882355,0.3305911719799042,0.21905717253684998,0.21945686638355255
60,S1,BWHvy,local,local,0,local,BS2,1,0.4789539575576782,0.4198569655418396,-0.05909699201583862,0.014391303062438965,0.1562117040157318,0.4789539575576782,0.4198569655418396,0.2567024230957031,0.23769354820251465,0.26434361934661865,0.34244945645332336
60,S2,LatCrit,local,local,0,local,local,0,0.5044053196907043,0.41073310375213623,-0.09367221593856812,0.026850953698158264,0.21155372262001038,0.5044053196907043,0.41073310375213623,0.2264542579650879,0.21434959769248962,0.26914042234420776,0.37491726875305176
60,S2,ComHvy,local,local,0,local,BS2,1,0.5076010227203369,0.4110261797904968,-0.09657484292984009,0.02940472960472107,0.21426425874233246,0.5076010227203369,0.4110261797904968,0.25361573696136475,0.243058443069458,0.23878325521945953,0.34591537714004517
60,S2,BWHvy,local,local,0,local,local,0,0.48006290197372437,0.3773748278617859,-0.10268807411193848,0.021868225187063217,0.20537608861923218,0.48006290197372437,0.3773748278617859,0.2673828601837158,0.32401734590530396,0.2525542378425598,0.2986077666282654
60,S3,LatCrit,local,local,0,local,BS2,1,0.5135610103607178,0.4083731174468994,-0.10518789291381836,0.023513685911893845,0.21037587523460388,0.5135610103607178,0.4083731174468994,0.26290249824523926,0.3004292845726013,0.2235364317893982,0.29119762778282166
60,S3,ComHvy,local,local,0,local,BS2,1,0.5029458403587341,0.4195852279663086,-0.08336061239242554,0.020052239298820496,0.16672120988368988,0.5029458403587341,0.4195852279663086,0.28776973485946655,0.29112905263900757,0.2092844396829605,0.28928571939468384
60,S3,BWHvy,local,local,0,local,local,0,0.48733335733413696,0.40690237283706665,-0.08043098449707031,0.015127453953027725,0.16086193919181824,0.48733335733413696,0.40690237283706665,0.26248693466186523,0.27790847420692444,0.2501797080039978,0.3151891231536865
60,S4,LatCrit,local,local,0,local,local,0,0.4864480495452881,0.42636746168136597,-0.06008058786392212,0.008781567215919495,0.12016120553016663,0.4864480495452881,0.42636746168136597,0.2602962255477905,0.26904967427253723,0.253255695104599,0.3045828640460968
60,S4,ComHvy,local,local,0,local,local,0,0.5041489601135254,0.4056743383407593,-0.09847462177276611,0.021446891129016876,0.19694922864437103,0.5041489601135254,0.4056743383407593,0.2434854656457901,0.26723963022232056,0.2523655891418457,0.32708603143692017
60,S4,BWHvy,local,local,0,local,local,0,0.5426815748214722,0.4852690100669861,-0.057412564754486084,0.00659777969121933,0.11482517421245575,0.5426815748214722,0.4852690100669861,0.245490163564682,0.27620360255241394,0.21182823181152344,0.23852740228176117
60,S5,LatCrit,local,BS2,1,local,local,0,0.506670355796814,0.36814209818840027,-0.1385282576084137,0.047886110842227936,0.2963438034057617,0.506670355796814,0.3584984540939331,0.23322106897830963,0.2733594477176666,0.2601085603237152,0.36814209818840027
60,S5,ComHvy,local,local,0,local,local,0,0.5092662572860718,0.5110169649124146,0.0017507076263427734,0.0004766853526234627,0.02297922968864441,0.5092662572860718,0.5110169649124146,0.23100857436656952,0.2195189744234085,0.2597251236438751,0.26946404576301575
60,S5,BWHvy,local,local,0,local,local,0,0.556679368019104,0.5174127817153931,-0.03926658630371094,0.005240295082330704,0.08798903226852417,0.556679368019104,0.5174127817153931,0.21300747990608215,0.208279550075531,0.23031312227249146,0.27430763840675354
60,S6,LatCrit,local,local,0,local,local,0,0.5008672475814819,0.5183756351470947,0.017508387565612793,0.015414588153362274,0.1334620863199234,0.5008672475814819,0.5183756351470947,0.25223562121391296,0.18550463020801544,0.24689707159996033,0.2961197793483734
60,S6,ComHvy,local,local,0,local,local,0,0.4991646409034729,0.43091917037963867,-0.06824547052383423,0.01111147552728653,0.13649091124534607,0.4991646409034729,0.43091917037963867,0.24595797061920166,0.2560558021068573,0.2548774182796478,0.31302502751350403
60,S6,BWHvy,local,local,0,local,local,0,0.47556835412979126,0.38948506116867065,-0.0860832929611206,0.015873318538069725,0.1721665859222412,0.47556835412979126,0.38948506116867065,0.2598353326320648,0.3172830045223236,0.26459628343582153,0.29323190450668335
60,S7,LatCrit,local,local,0,local,local,0,0.4872642159461975,0.4341092109680176,-0.05315500497817993,0.018289834260940552,0.17662861943244934,0.4872642159461975,0.4341092109680176,0.2590343654155731,0.2238750457763672,0.25370141863822937,0.34201571345329285
60,S7,ComHvy,local,local,0,local,BS2,1,0.5095961093902588,0.44697511196136475,-0.06262099742889404,0.00946781411767006,0.1252419501543045,0.5095961093902588,0.44697511196136475,0.24424602091312408,0.25324076414108276,0.2461579144001007,0.2997841238975525
60,S7,BWHvy,local,BS2,1,local,BS2,1,0.4679739475250244,0.364950567483902,-0.10302338004112244,0.028892531991004944,0.21802255511283875,0.4679739475250244,0.35896265506744385,0.2614048719406128,0.2760867476463318,0.2706211805343628,0.364950567483902
60,S8,LatCrit,local,local,0,local,BS2,1,0.46362394094467163,0.40340346097946167,-0.06022047996520996,0.016689933836460114,0.17144525051116943,0.46362394094467163,0.40340346097946167,0.2602130174636841,0.23471087217330933,0.2761630415916443,0.361885666847229
60,S8,ComHvy,local,local,0,local,local,0,0.48577964305877686,0.40382879972457886,-0.081950843334198,0.014796636998653412,0.16390171647071838,0.48577964305877686,0.40382879972457886,0.2501284182071686,0.2706962525844574,0.26409193873405457,0.32547497749328613
60,S8,BWHvy,local,local,0,local,local,0,0.5284991264343262,0.46911269426345825,-0.05938643217086792,0.008865483105182648,0.11877290904521942,0.5284991264343262,0.46911269426345825,0.20633958280086517,0.20950809121131897,0.2651612460613251,0.3213792145252228
61,S1,LatCrit,local,local,0,local,local,0,0.4972448945045471,0.5394507050514221,0.042205810546875,0.00832979753613472,0.10364295542240143,0.4972448945045471,0.5394507050514221,0.25966376066207886,0.269279420375824,0.2430913746356964,0.1912698894739151
61,S1,ComHvy,local,local,0,local,local,0,0.5203383564949036,0.5433310270309448,0.02299267053604126,0.007576486095786095,0.09988707304000854,0.5203383564949036,0.5433310270309448,0.2579365670681,0.2079930454492569,0.22172504663467407,0.24867592751979828
61,S1,BWHvy,local,local,0,local,local,0,0.47269153594970703,0.5036610960960388,0.030969560146331787,0.012537658214569092,0.13004840910434723,0.47269153594970703,0.5036610960960388,0.2608436942100525,0.2948983311653137,0.2664647698402405,0.20144055783748627
61,S2,LatCrit,local,local,0,local,local,0,0.49944770336151123,0.4881521463394165,-0.011295557022094727,0.0033187437802553177,0.06681407988071442,0.49944770336151123,0.4881521463394165,0.22639714181423187,0.2598041892051697,0.2741551399230957,0.2520436644554138
61,S2,ComHvy,local,local,0,local,local,0,0.500595211982727,0.5320950150489807,0.03149980306625366,0.003254078794270754,0.06577397882938385,0.500595211982727,0.5320950150489807,0.2574189007282257,0.22453191876411438,0.24198585748672485,0.2433730512857437
61,S2,BWHvy,local,local,0,local,local,0,0.47655415534973145,0.4992066025733948,0.02265244722366333,0.012214995920658112,0.12344133853912354,0.47655415534973145,0.4992066025733948,0.27287179231643677,0.3119400143623352,0.2505740523338318,0.18885338306427002
61,S3,LatCrit,local,local,0,BS1,local,1,0.5219290256500244,0.5161116123199463,-0.005817413330078125,0.0023012105375528336,0.052154675126075745,0.5219290256500244,0.5161116123199463,0.2563967704772949,0.23613683879375458,0.22167423367500305,0.24775156378746033
61,S3,ComHvy,local,local,0,local,local,0,0.4920310974121094,0.47830814123153687,-0.01372295618057251,0.004404228180646896,0.07760979235172272,0.4920310974121094,0.47830814123153687,0.28579482436180115,0.2607128918170929,0.22217406332492828,0.26097896695137024
61,S3,BWHvy,local,local,0,BS1,BS1,0,0.49223607778549194,0.493935763835907,0.001699686050415039,0.0014192592352628708,0.03941430151462555,0.49223607778549194,0.493935763835907,0.2533808946609497,0.27138835191726685,0.25438302755355835,0.23467586934566498
61,S4,LatCrit,local,local,0,local,local,0,0.48785555362701416,0.4718017578125,-0.01605379581451416,0.0033194031566381454,0.07151380181312561,0.48785555362701416,0.4718017578125,0.2639670968055725,0.2997239828109741,0.24817737936973572,0.22847425937652588
61,S4,ComHvy,local,local,0,local,local,0,0.5080440044403076,0.4895991086959839,-0.01844489574432373,0.0008134804666042328,0.03688974678516388,0.5080440044403076,0.4895991086959839,0.24281997978687286,0.2459949553012848,0.2491360306739807,0.26440590620040894
61,S4,BWHvy,local,local,0,BS1,BS1,0,0.5451679229736328,0.5465331077575684,0.0013651847839355469,0.012214403599500656,0.10364972054958344,0.5451679229736328,0.5465331077575684,0.24269694089889526,0.29315659403800964,0.21213515102863312,0.1603102684020996
61,S5,LatCrit,local,local,0,local,local,0,0.5147083401679993,0.5142905712127686,-0.0004177689552307129,0.0008165482431650162,0.028561145067214966,0.5147083401679993,0.5142905712127686,0.23012807965278625,0.24440863728523254,0.25516360998153687,0.2413007915019989
61,S5,ComHvy,local,local,0,local,local,0,0.5018587112426758,0.5352618098258972,0.033403098583221436,0.00935383327305317,0.10719351470470428,0.5018587112426758,0.5352618098258972,0.22616340219974518,0.17256662249565125,0.2719779312610626,0.29217156767845154
61,S5,BWHvy,local,local,0,local,local,0,0.5594749450683594,0.5880640745162964,0.02858912944793701,0.007037442177534103,0.09301716089248657,0.5594749450683594,0.5880640745162964,0.2167731523513794,0.23469263315200806,0.22375187277793884,0.17724332213401794
61,S6,LatCrit,local,local,0,local,local,0,0.4942563772201538,0.4965643286705017,0.0023079514503479004,0.0069363899528980255,0.08493579924106598,0.4942563772201538,0.4965643286705017,0.25545409321784973,0.2956140637397766,0.2502894997596741,0.20782162249088287
61,S6,ComHvy,local,local,0,local,local,0,0.4990151524543762,0.4957699179649353,-0.003245234489440918,0.0028395261615514755,0.05654922127723694,0.4990151524543762,0.4957699179649353,0.24398548901081085,0.2189560979604721,0.2569993734359741,0.2852739691734314
61,S6,BWHvy,local,local,0,local,local,0,0.5030415058135986,0.49591928720474243,-0.007122218608856201,0.009268850088119507,0.10306864976882935,0.5030415058135986,0.49591928720474243,0.24798153340816498,0.29951584339141846,0.24897699058055878,0.2045648694038391
61,S7,LatCrit,local,local,0,local,local,0,0.49868547916412354,0.530500054359436,0.0318145751953125,0.0020379144698381424,0.0636291652917862,0.49868547916412354,0.530500054359436,0.25365447998046875,0.23607990145683289,0.2476600557565689,0.23342004418373108
61,S7,ComHvy,local,local,0,local,local,0,0.5105255842208862,0.5101402997970581,-0.000385284423828125,0.0006196694448590279,0.025007963180541992,0.5105255842208862,0.5101402997970581,0.2425493746995926,0.23043067753314972,0.2469249963760376,0.2594289779663086
61,S7,BWHvy,local,local,0,local,local,0,0.4836288094520569,0.47581684589385986,-0.0078119635581970215,0.0012091901153326035,0.041693612933158875,0.4836288094520569,0.47581684589385986,0.25452113151550293,0.27536794543266296,0.2618500590324402,0.24881522357463837
61,S8,LatCrit,local,local,0,local,local,0,0.4662907123565674,0.48833364248275757,0.022042930126190186,0.006969984620809555,0.09928421676158905,0.4662907123565674,0.48833364248275757,0.2577458918094635,0.28534507751464844,0.2759633958339691,0.2263212949037552
61,S8,ComHvy,local,local,0,local,local,0,0.4871301054954529,0.5081377625465393,0.021007657051086426,0.004281016066670418,0.07674179971218109,0.4871301054954529,0.5081377625465393,0.24954742193222046,0.2111765295267105,0.26332247257232666,0.2806857228279114
61,S8,BWHvy,local,local,0,local,local,0,0.5166560411453247,0.47254711389541626,-0.04410892724990845,0.02520861104130745,0.19446255266666412,0.5166560411453247,0.47254711389541626,0.21163897216320038,0.30887025594711304,0.2717049717903137,0.2185826301574707
62,S1,LatCrit,local,local,0,local,local,0,0.49279332160949707,0.5155487060546875,0.02275538444519043,0.001817772164940834,0.0484510213136673,0.49279332160949707,0.5155487060546875,0.26588010787963867,0.2673502266407013,0.24132660031318665,0.2171010822057724
62,S1,ComHvy,local,local,0,local,local,0,0.5118049383163452,0.522804856300354,0.010999917984008789,0.003417825326323509,0.06638465821743011,0.5118049383163452,0.522804856300354,0.26587724685668945,0.232684925198555,0.22231782972812653,0.2445102483034134
62,S1,BWHvy,local,local,0,local,local,0,0.46390461921691895,0.5374349355697632,0.07353031635284424,0.020575329661369324,0.16096901893615723,0.46390461921691895,0.5374349355697632,0.2678850591182709,0.27483925223350525,0.2682103216648102,0.18772581219673157
62,S2,LatCrit,local,local,0,local,local,0,0.49275487661361694,0.4999937415122986,0.007238864898681641,0.000620618462562561,0.02902016043663025,0.49275487661361694,0.4999937415122986,0.23201091587543488,0.21750085055828094,0.275234192609787,0.28250542283058167
62,S2,ComHvy,local,local,0,local,local,0,0.5045813322067261,0.5252169370651245,0.020635604858398438,0.002277035266160965,0.05764816701412201,0.5045813322067261,0.5252169370651245,0.2599312365055084,0.23110714554786682,0.2354874610900879,0.24367593228816986
62,S2,BWHvy,local,local,0,local,local,0,0.48971593379974365,0.5413427352905273,0.05162680149078369,0.010153278708457947,0.11149029433727264,0.48971593379974365,0.5413427352905273,0.26726964116096497,0.2713879942893982,0.24301442503929138,0.18726928532123566
62,S3,LatCrit,local,local,0,local,local,0,0.5182228684425354,0.5436501502990723,0.025427281856536865,0.002070118673145771,0.05343228578567505,0.5182228684425354,0.5436501502990723,0.26203230023384094,0.23531614243984222,0.21974483132362366,0.22103367745876312
62,S3,ComHvy,local,local,0,local,local,0,0.48652398586273193,0.48531872034072876,-0.0012052655220031738,0.000817595049738884,0.02982427179813385,0.48652398586273193,0.48531872034072876,0.29557982087135315,0.28187295794487,0.21789617836475372,0.23280832171440125
62,S3,BWHvy,local,local,0,local,local,0,0.49876874685287476,0.5259047150611877,0.02713596820831299,0.0015071826055645943,0.05427190661430359,0.49876874685287476,0.5259047150611877,0.25137704610824585,0.2404705435037613,0.2498541921377182,0.23362475633621216
62,S4,LatCrit,local,local,0,local,local,0,0.5054653882980347,0.5296313762664795,0.024165987968444824,0.0016665831208229065,0.04833194613456726,0.5054653882980347,0.5296313762664795,0.2559567391872406,0.2539626955986023,0.23857782781124115,0.21640591323375702
62,S4,ComHvy,local,local,0,local,local,0,0.5052306652069092,0.49338972568511963,-0.01184093952178955,0.0006582476198673248,0.0314592570066452,0.5052306652069092,0.49338972568511963,0.24366648495197296,0.25939610600471497,0.25110283493995667,0.24721413850784302
62,S4,BWHvy,local,local,0,local,local,0,0.5394585132598877,0.5019749402999878,-0.0374835729598999,0.00398853188380599,0.07496708631515503,0.5394585132598877,0.5019749402999878,0.2430843710899353,0.28056076169013977,0.21745717525482178,0.21746429800987244
62,S5,LatCrit,local,local,0,local,local,0,0.5088791847229004,0.49379104375839233,-0.015088140964508057,0.0004645036533474922,0.030176252126693726,0.5088791847229004,0.49379104375839233,0.23177988827228546,0.23735971748828888,0.25934094190597534,0.2688492238521576
62,S5,ComHvy,local,local,0,local,local,0,0.4996182918548584,0.5369659662246704,0.03734767436981201,0.005508869886398315,0.08355963230133057,0.4996182918548584,0.5369659662246704,0.23903292417526245,0.19725310802459717,0.26134878396987915,0.2657809257507324
62,S5,BWHvy,local,local,0,local,local,0,0.547768235206604,0.5509071350097656,0.003138899803161621,0.0022871922701597214,0.0482383668422699,0.547768235206604,0.5509071350097656,0.2153213620185852,0.23630164563655853,0.2369104027748108,0.21279121935367584
62,S6,LatCrit,local,local,0,local,local,0,0.4865294098854065,0.5006197094917297,0.014090299606323242,0.005947228521108627,0.08642290532588959,0.4865294098854065,0.5006197094917297,0.2647319734096527,0.29385313391685486,0.2487386167049408,0.2055271714925766
62,S6,ComHvy,local,local,0,local,local,0,0.5077601671218872,0.5046063661575317,-0.0031538009643554688,0.0011634565889835358,0.03686399757862091,0.5077601671218872,0.5046063661575317,0.2485993206501007,0.23332110047340393,0.24364055693149567,0.26207253336906433
62,S6,BWHvy,local,local,0,local,local,0,0.5113425850868225,0.5952408313751221,0.08389824628829956,0.022929280996322632,0.1677965372800827,0.5113425850868225,0.5952408313751221,0.24610209465026855,0.24138091504573822,0.24255532026290894,0.16337820887565613
62,S7,LatCrit,local,local,0,BS1,local,1,0.492537260055542,0.5328704118728638,0.04033315181732178,0.003543408587574959,0.08066628873348236,0.492537260055542,0.5328704118728638,0.2555784285068512,0.2274542897939682,0.2518842816352844,0.23967528343200684
62,S7,ComHvy,local,local,0,local,local,0,0.5144037008285522,0.5425934195518494,0.02818971872329712,0.0043236203491687775,0.07674886286258698,0.5144037008285522,0.5425934195518494,0.24449245631694794,0.20611803233623505,0.24110384285449982,0.2512885630130768
62,S7,BWHvy,local,local,0,local,local,0,0.4894033670425415,0.5129319429397583,0.023528575897216797,0.0020700881723314524,0.05261965095996857,0.4894033670425415,0.5129319429397583,0.24730350077152252,0.22099369764328003,0.2632931172847748,0.26607438921928406
62,S8,LatCrit,local,local,0,local,local,0,0.47494614124298096,0.5601319074630737,0.08518576622009277,0.017685312777757645,0.17037156224250793,0.47494614124298096,0.5601319074630737,0.25838521122932434,0.2402770221233368,0.2666686475276947,0.1995910406112671
62,S8,ComHvy,local,local,0,local,local,0,0.4638700485229492,0.45073533058166504,-0.01313471794128418,0.0006047999486327171,0.030099421739578247,0.4638700485229492,0.45073533058166504,0.2688252925872803,0.2669103145599365,0.2673046290874481,0.28235435485839844
62,S8,BWHvy,local,local,0,local,local,0,0.5138220191001892,0.5157362818717957,0.0019142627716064453,0.007655490189790726,0.08798186480998993,0.5138220191001892,0.5157362818717957,0.20775969326496124,0.24983634054660797,0.27841830253601074,0.234427347779274
63,S1,LatCrit,local,local,0,local,local,0,0.5177963972091675,0.6709048748016357,0.15310847759246826,0.06115613132715225,0.30621689558029175,0.5177963972091675,0.6709048748016357,0.25675052404403687,0.2097017616033554,0.22545304894447327,0.11939337849617004
63,S1,ComHvy,local,local,0,local,local,0,0.5256534814834595,0.6606529951095581,0.13499951362609863,0.043593619018793106,0.26999905705451965,0.5256534814834595,0.6606529951095581,0.25821900367736816,0.16039279103279114,0.21612754464149475,0.17895421385765076
63,S1,BWHvy,local,local,0,local,local,0,0.45496630668640137,0.5689173936843872,0.11395108699798584,0.06414972245693207,0.2673521637916565,0.45496630668640137,0.5689173936843872,0.2762962877750397,0.29602131247520447,0.2687373757362366,0.1350613236427307
63,S2,LatCrit,local,local,0,local,local,0,0.5018148422241211,0.5951710939407349,0.09335625171661377,0.021139616146683693,0.18671245872974396,0.5018148422241211,0.5951710939407349,0.23121851682662964,0.16457828879356384,0.26696664094924927,0.24025066196918488
63,S2,ComHvy,local,local,0,local,local,0,0.49213147163391113,0.6183942556381226,0.12626278400421143,0.03841717168688774,0.25252556800842285,0.49213147163391113,0.6183942556381226,0.2585276961326599,0.16591978073120117,0.24934081733226776,0.21568596363067627
63,S2,BWHvy,local,local,0,local,local,0,0.48390477895736694,0.6282241940498352,0.14431941509246826,0.05338047444820404,0.2886388301849365,0.48390477895736694,0.6282241940498352,0.2684476971626282,0.2301042079925537,0.24764752388000488,0.14167161285877228
63,S3,LatCrit,local,local,0,local,local,0,0.5144271850585938,0.6015951633453369,0.08716797828674316,0.019132141023874283,0.17433591187000275,0.5144271850585938,0.6015951633453369,0.26707538962364197,0.1949557363986969,0.2184973955154419,0.20344911515712738
63,S3,ComHvy,local,local,0,local,local,0,0.4675735831260681,0.524796724319458,0.05722314119338989,0.006563989445567131,0.11444628238677979,0.4675735831260681,0.524796724319458,0.31412336230278015,0.27897459268569946,0.21830306947231293,0.19622869789600372
63,S3,BWHvy,local,local,0,local,local,0,0.5064740777015686,0.6269183158874512,0.12044423818588257,0.03658987581729889,0.24088844656944275,0.5064740777015686,0.6269183158874512,0.24703703820705414,0.2169695347547531,0.24648886919021606,0.1561121642589569
63,S4,LatCrit,local,local,0,local,local,0,0.4956280589103699,0.6102096438407898,0.11458158493041992,0.027825873345136642,0.22916318476200104,0.4956280589103699,0.6102096438407898,0.2654153108596802,0.21687643229961395,0.23895664513111115,0.17291392385959625
63,S4,ComHvy,local,local,0,local,local,0,0.49559319019317627,0.5917598605155945,0.09616667032241821,0.018813174217939377,0.19233335554599762,0.49559319019317627,0.5917598605155945,0.2456030696630478,0.1975991427898407,0.25880375504493713,0.21064099669456482
63,S4,BWHvy,local,local,0,local,local,0,0.5365017652511597,0.6189675331115723,0.0824657678604126,0.018935315310955048,0.1649315059185028,0.5365017652511597,0.6189675331115723,0.24529336392879486,0.22883489727973938,0.21820487082004547,0.15219759941101074
63,S5,LatCrit,local,local,0,local,local,0,0.5017410516738892,0.6259711980819702,0.12423014640808105,0.03204876184463501,0.2484603375196457,0.5017410516738892,0.6259711980819702,0.23498593270778656,0.17182515561580658,0.2632730305194855,0.20220361649990082
63,S5,ComHvy,local,local,0,local,local,0,0.49950146675109863,0.5933645963668823,0.09386312961578369,0.030374877154827118,0.18772627413272858,0.49950146675109863,0.5933645963668823,0.23708109557628632,0.1482543647289276,0.26341742277145386,0.2583810091018677
63,S5,BWHvy,local,local,0,local,local,0,0.5467422604560852,0.6772016286849976,0.13045936822891235,0.039734989404678345,0.2609187960624695,0.5467422604560852,0.6772016286849976,0.21891963481903076,0.17408931255340576,0.23433811962604523,0.1487090140581131
63,S6,LatCrit,local,local,0,local,local,0,0.4784705638885498,0.57454913854599,0.09607857465744019,0.05358721315860748,0.24183525145053864,0.4784705638885498,0.57454913854599,0.2702625095844269,0.2951015532016754,0.2512669265270233,0.1303492933511734
63,S6,ComHvy,local,local,0,local,local,0,0.5155903100967407,0.6314557790756226,0.11586546897888184,0.03700849041342735,0.2317308932542801,0.5155903100967407,0.6314557790756226,0.24740202724933624,0.15274445712566376,0.23700764775276184,0.21579979360103607
63,S6,BWHvy,local,local,0,local,local,0,0.49478596448898315,0.5774515867233276,0.08266562223434448,0.02135426551103592,0.16533124446868896,0.49478596448898315,0.5774515867233276,0.2518669068813324,0.2468687742948532,0.25334709882736206,0.17567960917949677
63,S7,LatCrit,local,local,0,local,local,0,0.5043584704399109,0.6293148398399353,0.12495636940002441,0.032355181872844696,0.24991275370121002,0.5043584704399109,0.6293148398399353,0.24879489839076996,0.1849992573261261,0.24684664607048035,0.1856859028339386
63,S7,ComHvy,local,local,0,BS1,local,1,0.5196434855461121,0.6628052592277527,0.14316177368164062,0.0481620691716671,0.28632354736328125,0.5196434855461121,0.6628052592277527,0.2411566525697708,0.14598332345485687,0.23919986188411713,0.19121140241622925
63,S7,BWHvy,local,local,0,local,local,0,0.49735528230667114,0.6339707374572754,0.13661545515060425,0.038966886699199677,0.27323096990585327,0.49735528230667114,0.6339707374572754,0.24688203632831573,0.18555480241775513,0.2557626962661743,0.1804744303226471
63,S8,LatCrit,local,local,0,local,local,0,0.4779898524284363,0.6416406631469727,0.16365081071853638,0.07027982175350189,0.32730159163475037,0.4779898524284363,0.6416406631469727,0.2571151852607727,0.2184845358133316,0.26489493250846863,0.13987480103969574
63,S8,ComHvy,local,local,0,local,local,0,0.48290812969207764,0.6302466988563538,0.14733856916427612,0.04790942370891571,0.29467713832855225,0.48290812969207764,0.6302466988563538,0.2660501301288605,0.17010308802127838,0.2510417401790619,0.19965019822120667
63,S8,BWHvy,local,local,0,BS2,local,1,0.5030908584594727,0.574733316898346,0.07164245843887329,0.04130915552377701,0.2297675758600235,0.5030908584594727,0.574733316898346,0.21584497392177582,0.2590863108634949,0.28106415271759033,0.16618037223815918
