probe_index,sensor_id,task_name,old_top1_choice,new_top1_choice,top1_changed,old_sampled_choice,new_sampled_choice,sampled_changed,old_top1_prob,new_top1_prob,top1_prob_delta,decision_kl,decision_l1,old_local_prob,new_local_prob,old_BS1_prob,new_BS1_prob,old_BS2_prob,new_BS2_prob
0,S1,LatCrit,local,local,0,local,local,0,0.5057307481765747,0.5232326984405518,0.01750195026397705,0.0011200029402971268,0.03974615037441254,0.5057307481765747,0.5232326984405518,0.23780108988285065,0.24017219245433807,0.2564682066440582,0.23659510910511017
0,S1,ComHvy,local,local,0,local,local,0,0.6188144683837891,0.6022812128067017,-0.016533255577087402,0.0008060699328780174,0.033066511154174805,0.6188144683837891,0.6022812128067017,0.16931845247745514,0.16977831721305847,0.2118670642375946,0.22794045507907867
0,S1,BWHvy,local,local,0,local,local,0,0.4965375065803528,0.5086160898208618,0.012078583240509033,0.00029529258608818054,0.02415713667869568,0.4965375065803528,0.5086160898208618,0.24025383591651917,0.2354080080986023,0.26320865750312805,0.2559759318828583
0,S2,LatCrit,local,local,0,local,local,0,0.5283931493759155,0.542784571647644,0.014391422271728516,0.002938501536846161,0.06074535846710205,0.5283931493759155,0.542784571647644,0.2459547072649002,0.2619359791278839,0.22565209865570068,0.19527943432331085
0,S2,ComHvy,local,local,0,local,local,0,0.5184047222137451,0.5271977186203003,0.008792996406555176,0.000998915173113346,0.036350369453430176,0.5184047222137451,0.5271977186203003,0.231387197971344,0.2132120132446289,0.2502080798149109,0.2595902681350708
0,S2,BWHvy,local,BS2,1,BS1,BS2,1,0.40636271238327026,0.4010050296783447,-0.005357682704925537,0.008390288800001144,0.10567446053028107,0.40636271238327026,0.39832329750061035,0.24546949565410614,0.20067167282104492,0.3481678068637848,0.4010050296783447
0,S3,LatCrit,local,local,0,local,local,0,0.4827607274055481,0.4752497673034668,-0.007510960102081299,0.0001834295690059662,0.016170084476470947,0.4827607274055481,0.4752497673034668,0.25845813751220703,0.25788405537605286,0.2587811350822449,0.26686617732048035
0,S3,ComHvy,local,local,0,local,local,0,0.46909159421920776,0.45988893508911133,-0.009202659130096436,0.000498476903885603,0.02905137836933136,0.46909159421920776,0.45988893508911133,0.2953284978866577,0.3098541796207428,0.23557990789413452,0.23025687038898468
0,S3,BWHvy,local,local,0,local,local,0,0.5029431581497192,0.5045854449272156,0.0016422867774963379,0.000539872795343399,0.023902907967567444,0.5029431581497192,0.5045854449272156,0.20749962329864502,0.1955481916666031,0.28955718874931335,0.29986637830734253
0,S4,LatCrit,local,local,0,local,local,0,0.5066518783569336,0.47902393341064453,-0.027627944946289062,0.0015667201951146126,0.05525590479373932,0.5066518783569336,0.47902393341064453,0.28474950790405273,0.3039287030696869,0.2085985690355301,0.2170473337173462
0,S4,ComHvy,local,local,0,local,local,0,0.494636595249176,0.4828445315361023,-0.01179206371307373,0.001818053424358368,0.05250611901283264,0.494636595249176,0.4828445315361023,0.26435571908950806,0.29060879349708557,0.24100767076015472,0.22654668986797333
0,S4,BWHvy,local,local,0,local,local,0,0.49881523847579956,0.4823996424674988,-0.01641559600830078,0.0005896016955375671,0.03283113241195679,0.49881523847579956,0.4823996424674988,0.22191473841667175,0.22554844617843628,0.2792700529098511,0.29205188155174255
0,S5,LatCrit,local,local,0,local,local,0,0.5765519142150879,0.6093425750732422,0.0327906608581543,0.0031482274644076824,0.0655813068151474,0.5765519142150879,0.6093425750732422,0.2210823893547058,0.19115512073040009,0.2023656964302063,0.19950231909751892
0,S5,ComHvy,local,local,0,local,local,0,0.46089690923690796,0.4275960326194763,-0.03330087661743164,0.002281447872519493,0.0666017234325409,0.46089690923690796,0.4275960326194763,0.28638577461242676,0.30704331398010254,0.25271734595298767,0.26536065340042114
0,S5,BWHvy,local,local,0,local,local,0,0.4675840139389038,0.4651942253112793,-0.0023897886276245117,0.0012536011636257172,0.03876674175262451,0.4675840139389038,0.4651942253112793,0.29305654764175415,0.3124399185180664,0.23935942351818085,0.2223658412694931
0,S6,LatCrit,local,local,0,local,local,0,0.4947575330734253,0.4742432236671448,-0.020514309406280518,0.0026142336428165436,0.06731685996055603,0.4947575330734253,0.4742432236671448,0.19835972785949707,0.18521559238433838,0.30688273906707764,0.34054115414619446
0,S6,ComHvy,local,local,0,BS2,BS2,0,0.49512362480163574,0.5004739761352539,0.005350351333618164,0.0016485126689076424,0.04229713976383209,0.49512362480163574,0.5004739761352539,0.19623076915740967,0.17508219182491302,0.3086456060409546,0.3244438171386719
0,S6,BWHvy,local,local,0,local,local,0,0.46520090103149414,0.478843629360199,0.013642728328704834,0.0005803452804684639,0.030429258942604065,0.46520090103149414,0.478843629360199,0.21882443130016327,0.22039633989334106,0.3159746527671814,0.30076003074645996
0,S7,LatCrit,local,local,0,local,local,0,0.544312059879303,0.5177521705627441,-0.026559889316558838,0.0017014434561133385,0.05311976373195648,0.544312059879303,0.5177521705627441,0.16630636155605316,0.1842823624610901,0.28938156366348267,0.2979654371738434
0,S7,ComHvy,local,local,0,local,local,0,0.5571463704109192,0.555235743522644,-0.0019106268882751465,0.0003275815397500992,0.018419533967971802,0.5571463704109192,0.555235743522644,0.18897368013858795,0.19818346202373505,0.25387993454933167,0.2465808093547821
0,S7,BWHvy,local,local,0,BS1,local,1,0.5129322409629822,0.5412521362304688,0.028319895267486572,0.00292113795876503,0.06254781782627106,0.5129322409629822,0.5412521362304688,0.23840980231761932,0.24136382341384888,0.2486579716205597,0.21738407015800476
0,S8,LatCrit,local,local,0,local,local,0,0.5405681133270264,0.5473136305809021,0.006745517253875732,0.0011557471007108688,0.03591372072696686,0.5405681133270264,0.5473136305809021,0.26482275128364563,0.2760341167449951,0.19460910558700562,0.17665226757526398
0,S8,ComHvy,local,local,0,local,local,0,0.5980628728866577,0.5789299011230469,-0.01913297176361084,0.0016529676504433155,0.0513029545545578,0.5980628728866577,0.5789299011230469,0.26062676310539246,0.28627827763557434,0.14131033420562744,0.13479186594486237
0,S8,BWHvy,local,local,0,local,local,0,0.41771477460861206,0.3929271101951599,-0.02478766441345215,0.0020541027188301086,0.05534249544143677,0.41771477460861206,0.3929271101951599,0.30013084411621094,0.2972472310066223,0.2821544408798218,0.3098256587982178
1,S1,LatCrit,local,local,0,local,local,0,0.4614199995994568,0.4426882266998291,-0.018731772899627686,0.0007109399884939194,0.03746354579925537,0.4614199995994568,0.4426882266998291,0.27846986055374146,0.28744661808013916,0.26011013984680176,0.26986515522003174
1,S1,ComHvy,local,local,0,local,local,0,0.5054996013641357,0.5128110647201538,0.007311463356018066,0.0003608532715588808,0.022289007902145386,0.5054996013641357,0.5128110647201538,0.2283398061990738,0.2171953171491623,0.2661605775356293,0.2699936330318451
1,S1,BWHvy,local,local,0,local,local,0,0.4703490138053894,0.4883878827095032,0.01803886890411377,0.0008118664845824242,0.03607773780822754,0.4703490138053894,0.4883878827095032,0.2843436598777771,0.2683776915073395,0.2453073114156723,0.24323441088199615
1,S2,LatCrit,local,local,0,local,local,0,0.44299548864364624,0.4562445282936096,0.013249039649963379,0.0003647413104772568,0.026498109102249146,0.44299548864364624,0.4562445282936096,0.20258313417434692,0.19935902953147888,0.35442137718200684,0.3443964123725891
1,S2,ComHvy,local,local,0,BS2,BS2,0,0.45083534717559814,0.439042866230011,-0.011792480945587158,0.0009482894092798233,0.04098521173000336,0.45083534717559814,0.439042866230011,0.22205297648906708,0.21335285902023315,0.32711169123649597,0.34760430455207825
1,S2,BWHvy,local,local,0,BS2,BS2,0,0.4326162338256836,0.4324255585670471,-0.0001906752586364746,0.0002618171274662018,0.017399340867996216,0.4326162338256836,0.4324255585670471,0.3020092844963074,0.29350027441978455,0.2653745114803314,0.27407416701316833
1,S3,LatCrit,local,local,0,BS1,BS1,0,0.40177905559539795,0.4399064779281616,0.03812742233276367,0.003934063017368317,0.07625478506088257,0.40177905559539795,0.4399064779281616,0.2922268807888031,0.28948667645454407,0.30599403381347656,0.2706068754196167
1,S3,ComHvy,local,local,0,local,local,0,0.4661843776702881,0.47692710161209106,0.010742723941802979,0.0003609448904171586,0.023766815662384033,0.4661843776702881,0.47692710161209106,0.3069230318069458,0.2950396239757538,0.22689257562160492,0.22803325951099396
1,S3,BWHvy,local,local,0,local,local,0,0.5167648792266846,0.5195872783660889,0.002822399139404297,0.00020958296954631805,0.015821203589439392,0.5167648792266846,0.5195872783660889,0.20605669915676117,0.19814613461494446,0.27717840671539307,0.28226664662361145
1,S4,LatCrit,local,local,0,local,local,0,0.5196933150291443,0.5025802850723267,-0.017113029956817627,0.0005859062075614929,0.034226104617118835,0.5196933150291443,0.5025802850723267,0.24200603365898132,0.2506674826145172,0.2383006364107132,0.24675226211547852
1,S4,ComHvy,local,local,0,local,local,0,0.4578544497489929,0.46012622117996216,0.0022717714309692383,0.0001742313615977764,0.014900743961334229,0.4578544497489929,0.46012622117996216,0.3184330463409424,0.32361161708831787,0.2237125188112259,0.2162621170282364
1,S4,BWHvy,local,local,0,BS1,BS1,0,0.47887468338012695,0.4564129710197449,-0.02246171236038208,0.0017379212658852339,0.05247926712036133,0.47887468338012695,0.4564129710197449,0.2783115804195404,0.30455121397972107,0.24281376600265503,0.23903584480285645
1,S5,LatCrit,local,local,0,local,local,0,0.4727969765663147,0.47365254163742065,0.000855565071105957,0.0005854228511452675,0.025018766522407532,0.4727969765663147,0.47365254163742065,0.22063542902469635,0.208126038312912,0.30656760931015015,0.31822142004966736
1,S5,ComHvy,local,local,0,local,local,0,0.4515848159790039,0.4445412755012512,-0.0070435404777526855,0.00035142386332154274,0.024533912539482117,0.4515848159790039,0.4445412755012512,0.3073531985282898,0.31962016224861145,0.2410620003938675,0.23583859205245972
1,S5,BWHvy,local,local,0,local,local,0,0.4947652816772461,0.4941484332084656,-0.0006168484687805176,0.00011421460658311844,0.01134316623210907,0.4947652816772461,0.4941484332084656,0.23749074339866638,0.23243598639965057,0.2677440047264099,0.27341556549072266
1,S6,LatCrit,local,local,0,local,BS1,1,0.5176339149475098,0.4874608516693115,-0.030173063278198242,0.003634214401245117,0.07225432991981506,0.5176339149475098,0.4874608516693115,0.2598738372325897,0.2539197504520416,0.22249221801757812,0.25861939787864685
1,S6,ComHvy,local,local,0,BS2,BS2,0,0.44053125381469727,0.45440882444381714,0.013877570629119873,0.0011751805432140827,0.04247385263442993,0.44053125381469727,0.45440882444381714,0.2741079330444336,0.25287100672721863,0.28536081314086914,0.29272016882896423
1,S6,BWHvy,local,local,0,local,local,0,0.48797178268432617,0.4979272484779358,0.00995546579360962,0.0018821610137820244,0.05191957950592041,0.48797178268432617,0.4979272484779358,0.29227784276008606,0.26631805300712585,0.21975035965442657,0.23575468361377716
1,S7,LatCrit,local,local,0,local,local,0,0.48318618535995483,0.466400682926178,-0.016785502433776855,0.0005735838785767555,0.03357097506523132,0.48318618535995483,0.466400682926178,0.2974160313606262,0.3055858910083771,0.21939779818058014,0.22801341116428375
1,S7,ComHvy,local,local,0,local,local,0,0.5259042978286743,0.5079735517501831,-0.01793074607849121,0.0010757476557046175,0.03804156184196472,0.5259042978286743,0.5079735517501831,0.22527024149894714,0.2442910075187683,0.24882550537586212,0.24773545563220978
1,S7,BWHvy,local,local,0,local,local,0,0.45710206031799316,0.4600704312324524,0.0029683709144592285,0.003202596679329872,0.06171996891498566,0.45710206031799316,0.4600704312324524,0.3025347888469696,0.271674782037735,0.2403631955385208,0.2682547867298126
1,S8,LatCrit,local,local,0,BS2,BS2,0,0.5756864547729492,0.5870877504348755,0.01140129566192627,0.0007081236690282822,0.0321304053068161,0.5756864547729492,0.5870877504348755,0.17214566469192505,0.17680953443050385,0.2521679401397705,0.23610270023345947
1,S8,ComHvy,local,local,0,local,local,0,0.5445641279220581,0.5360342860221863,-0.008529841899871826,0.0008604060858488083,0.032522574067115784,0.5445641279220581,0.5360342860221863,0.1834048628807068,0.19966615736484528,0.2720310091972351,0.26429957151412964
1,S8,BWHvy,local,local,0,local,local,0,0.4784383177757263,0.4696618914604187,-0.008776426315307617,0.00019434839487075806,0.017552852630615234,0.4784383177757263,0.4696618914604187,0.29727843403816223,0.2990320026874542,0.22428326308727264,0.23130612075328827
2,S1,LatCrit,local,local,0,local,local,0,0.4899951219558716,0.46330511569976807,-0.026690006256103516,0.001488901674747467,0.05337999761104584,0.4899951219558716,0.46330511569976807,0.32114484906196594,0.34190046787261963,0.18886002898216248,0.1947944015264511
2,S1,ComHvy,local,local,0,local,local,0,0.45562028884887695,0.4347418546676636,-0.02087843418121338,0.0009434409439563751,0.04175686836242676,0.45562028884887695,0.4347418546676636,0.284498006105423,0.2912329137325287,0.2598817050457001,0.27402523159980774
2,S1,BWHvy,local,local,0,local,local,0,0.5269865393638611,0.5197238922119141,-0.0072626471519470215,0.00013516878243535757,0.014525279402732849,0.5269865393638611,0.5197238922119141,0.19989842176437378,0.2056194692850113,0.27311503887176514,0.27465662360191345
2,S2,LatCrit,local,local,0,local,local,0,0.41840022802352905,0.4258601665496826,0.0074599385261535645,0.00037144776433706284,0.021343737840652466,0.41840022802352905,0.4258601665496826,0.20200838148593903,0.191336527466774,0.3795913755893707,0.3828033208847046
2,S2,ComHvy,local,local,0,local,local,0,0.5016869306564331,0.4900476932525635,-0.011639237403869629,0.0008194651454687119,0.03498724102973938,0.5016869306564331,0.4900476932525635,0.261433869600296,0.25557950139045715,0.2368791699409485,0.25437280535697937
2,S2,BWHvy,local,local,0,BS1,BS1,0,0.3765485882759094,0.37368327379226685,-0.002865314483642578,0.000759560614824295,0.03336220979690552,0.3765485882759094,0.37368327379226685,0.3558879494667053,0.3725690543651581,0.26756346225738525,0.2537476718425751
2,S3,LatCrit,local,local,0,local,local,0,0.47501862049102783,0.4992097020149231,0.024191081523895264,0.002319592982530594,0.05814887583255768,0.47501862049102783,0.4992097020149231,0.2534264028072357,0.2583097517490387,0.27155500650405884,0.2424805611371994
2,S3,ComHvy,local,local,0,local,local,0,0.4186071753501892,0.4255717396736145,0.006964564323425293,0.00013596986536867917,0.01392906904220581,0.4186071753501892,0.4255717396736145,0.2780545651912689,0.27150171995162964,0.3033382296562195,0.30292657017707825
2,S3,BWHvy,local,local,0,local,local,0,0.5723097920417786,0.5634673833847046,-0.008842408657073975,0.0002486035227775574,0.018964111804962158,0.5723097920417786,0.5634673833847046,0.18206650018692017,0.18142685294151306,0.24562373757362366,0.25510579347610474
2,S4,LatCrit,local,local,0,local,local,0,0.42757755517959595,0.44649577140808105,0.018918216228485107,0.0007271803915500641,0.03783640265464783,0.42757755517959595,0.44649577140808105,0.2685348391532898,0.26017212867736816,0.30388760566711426,0.29333212971687317
2,S4,ComHvy,local,local,0,local,local,0,0.4745250344276428,0.4633733034133911,-0.011151731014251709,0.0006646616384387016,0.033180609345436096,0.4745250344276428,0.4633733034133911,0.2818533778190613,0.29844367504119873,0.2436216026544571,0.23818302154541016
2,S4,BWHvy,local,local,0,local,local,0,0.4996945261955261,0.5072391033172607,0.007544577121734619,0.001362912356853485,0.04077349603176117,0.4996945261955261,0.5072391033172607,0.28372251987457275,0.29656466841697693,0.21658295392990112,0.19619618356227875
2,S5,LatCrit,local,local,0,local,local,0,0.5539069771766663,0.5411567687988281,-0.012750208377838135,0.0004375596181489527,0.025500357151031494,0.5539069771766663,0.5411567687988281,0.2433512806892395,0.25536400079727173,0.20274174213409424,0.20347917079925537
2,S5,ComHvy,local,local,0,local,local,0,0.45005130767822266,0.4656909108161926,0.01563960313796997,0.0005138209089636803,0.03127920627593994,0.45005130767822266,0.4656909108161926,0.2927580177783966,0.2820723056793213,0.25719067454338074,0.2522367835044861
2,S5,BWHvy,local,local,0,local,local,0,0.4512338638305664,0.43326830863952637,-0.01796555519104004,0.0010397061705589294,0.040830254554748535,0.4512338638305664,0.43326830863952637,0.2465701401233673,0.24412056803703308,0.3021959960460663,0.32261112332344055
2,S6,LatCrit,local,local,0,local,local,0,0.5024649500846863,0.5027103424072266,0.0002453923225402832,0.0012878775596618652,0.03538715839385986,0.5024649500846863,0.5027103424072266,0.30911198258399963,0.2914184033870697,0.1884230673313141,0.20587125420570374
2,S6,ComHvy,local,local,0,local,local,0,0.460915207862854,0.4651969075202942,0.0042816996574401855,4.4800108298659325e-05,0.008563369512557983,0.460915207862854,0.4651969075202942,0.2933424413204193,0.29246360063552856,0.24574235081672668,0.24233952164649963
2,S6,BWHvy,local,local,0,local,local,0,0.5414706468582153,0.5582866668701172,0.016816020011901855,0.000615956261754036,0.033632054924964905,0.5414706468582153,0.5582866668701172,0.19967631995677948,0.19539211690425873,0.2588530480861664,0.24632121622562408
2,S7,LatCrit,local,local,0,local,local,0,0.5513992309570312,0.5416052341461182,-0.009793996810913086,0.0002098376862704754,0.019588038325309753,0.5513992309570312,0.5416052341461182,0.23458372056484222,0.24166852235794067,0.21401703357696533,0.21672627329826355
2,S7,ComHvy,local,local,0,BS2,BS2,0,0.40134483575820923,0.38094449043273926,-0.02040034532546997,0.001050308346748352,0.04080069065093994,0.40134483575820923,0.38094449043273926,0.2383328676223755,0.2391805648803711,0.3603222966194153,0.37987494468688965
2,S7,BWHvy,local,local,0,local,local,0,0.591086208820343,0.5917389392852783,0.0006527304649353027,2.7409056201577187e-05,0.005336135625839233,0.591086208820343,0.5917389392852783,0.21952897310256958,0.21686089038848877,0.1893848031759262,0.19140012562274933
2,S8,LatCrit,local,local,0,local,local,0,0.5459173917770386,0.5512019991874695,0.005284607410430908,8.213287219405174e-05,0.010569199919700623,0.5459173917770386,0.5512019991874695,0.20492807030677795,0.20492134988307953,0.24915450811386108,0.2438766360282898
2,S8,ComHvy,local,local,0,local,local,0,0.46927666664123535,0.47962576150894165,0.010349094867706299,0.00026615289971232414,0.020698219537734985,0.46927666664123535,0.47962576150894165,0.2321939468383789,0.22407668828964233,0.29852941632270813,0.296297550201416
2,S8,BWHvy,local,local,0,local,local,0,0.5760245323181152,0.5627947449684143,-0.013229787349700928,0.0003647617995738983,0.026459574699401855,0.5760245323181152,0.5627947449684143,0.22094106674194336,0.22647292912006378,0.2030344009399414,0.2107323259115219
3,S1,LatCrit,local,local,0,local,BS2,1,0.5014294385910034,0.5019510984420776,0.0005216598510742188,0.0005345689132809639,0.02287285029888153,0.5014294385910034,0.5019510984420776,0.20040263235569,0.18896621465682983,0.298167884349823,0.30908265709877014
3,S1,ComHvy,local,local,0,local,local,0,0.6195517778396606,0.6342345476150513,0.014682769775390625,0.0004871492274105549,0.029365554451942444,0.6195517778396606,0.6342345476150513,0.1982920616865158,0.18854399025440216,0.18215619027614594,0.17722147703170776
3,S1,BWHvy,local,local,0,BS2,BS2,0,0.4741876721382141,0.4844357967376709,0.010248124599456787,0.0004446422681212425,0.025957375764846802,0.4741876721382141,0.4844357967376709,0.25467610359191895,0.25740665197372437,0.27113622426986694,0.25815752148628235
3,S2,LatCrit,local,local,0,local,local,0,0.5294708013534546,0.5208979249000549,-0.008572876453399658,0.00014879601076245308,0.017145708203315735,0.5294708013534546,0.5208979249000549,0.18793298304080963,0.19078290462493896,0.28259626030921936,0.2883191704750061
3,S2,ComHvy,local,local,0,local,local,0,0.47852325439453125,0.5069893598556519,0.028466105461120605,0.0017993217334151268,0.05693219602108002,0.47852325439453125,0.5069893598556519,0.252673476934433,0.23244042694568634,0.2688032388687134,0.2605701982975006
3,S2,BWHvy,local,local,0,local,local,0,0.48654812574386597,0.49446046352386475,0.00791233777999878,0.00013071461580693722,0.015824690461158752,0.48654812574386597,0.49446046352386475,0.22647759318351746,0.2218317836523056,0.2869742810726166,0.28370773792266846
3,S3,LatCrit,local,local,0,local,local,0,0.4946848154067993,0.48620277643203735,-0.008482038974761963,0.00014462321996688843,0.016964033246040344,0.4946848154067993,0.48620277643203735,0.1856779158115387,0.18919019401073456,0.3196372985839844,0.3246070146560669
3,S3,ComHvy,local,local,0,local,local,0,0.3919920325279236,0.37951624393463135,-0.012475788593292236,0.0007912050932645798,0.037805795669555664,0.3919920325279236,0.37951624393463135,0.33719950914382935,0.3561023771762848,0.27080845832824707,0.2643813192844391
3,S3,BWHvy,local,local,0,local,local,0,0.4971287250518799,0.5297777056694031,0.03264898061752319,0.0022336645051836967,0.06529796123504639,0.4971287250518799,0.5297777056694031,0.24816155433654785,0.22740396857261658,0.25470972061157227,0.24281832575798035
3,S4,LatCrit,local,local,0,local,local,0,0.5216197967529297,0.5266114473342896,0.004991650581359863,0.00010191462934017181,0.010689064860343933,0.5216197967529297,0.5266114473342896,0.2917337119579315,0.2920866012573242,0.1866464763879776,0.18130195140838623
3,S4,ComHvy,local,local,0,local,local,0,0.454448938369751,0.423270046710968,-0.03117889165878296,0.002263091504573822,0.06235775351524353,0.454448938369751,0.423270046710968,0.233677476644516,0.2378629446029663,0.31187358498573303,0.3388669788837433
3,S4,BWHvy,local,local,0,local,local,0,0.5171315670013428,0.512161374092102,-0.004970192909240723,0.00012586277443915606,0.01319761574268341,0.5171315670013428,0.512161374092102,0.2207222729921341,0.2273210883140564,0.2621461749076843,0.26051756739616394
3,S5,LatCrit,local,local,0,local,local,0,0.5396920442581177,0.5652057528495789,0.02551370859146118,0.0019311744254082441,0.05102741718292236,0.5396920442581177,0.5652057528495789,0.2369336187839508,0.21259066462516785,0.22337433695793152,0.2222035825252533
3,S5,ComHvy,local,local,0,local,local,0,0.4731587767601013,0.46535080671310425,-0.00780797004699707,0.00015908433124423027,0.015615895390510559,0.4731587767601013,0.46535080671310425,0.22238263487815857,0.22256915271282196,0.3044586181640625,0.3120800256729126
3,S5,BWHvy,local,local,0,local,local,0,0.5023500919342041,0.5012586116790771,-0.0010914802551269531,0.00011937320232391357,0.011917248368263245,0.5023500919342041,0.5012586116790771,0.251583069562912,0.2575417160987854,0.2460668385028839,0.24119971692562103
3,S6,LatCrit,local,local,0,local,local,0,0.5358824729919434,0.5105792284011841,-0.025303244590759277,0.0013564769178628922,0.05060659348964691,0.5358824729919434,0.5105792284011841,0.21982337534427643,0.22744621336460114,0.24429412186145782,0.26197463274002075
3,S6,ComHvy,local,local,0,local,local,0,0.5174356698989868,0.5050193071365356,-0.012416362762451172,0.00036270543932914734,0.024832740426063538,0.5174356698989868,0.5050193071365356,0.20399409532546997,0.2055804580450058,0.2785702347755432,0.28940024971961975
3,S6,BWHvy,local,local,0,local,BS1,1,0.5277272462844849,0.5206843614578247,-0.007042884826660156,0.0007739728316664696,0.0332089364528656,0.5277272462844849,0.5206843614578247,0.26563867926597595,0.28224316239356995,0.2066340446472168,0.19707247614860535
3,S7,LatCrit,local,local,0,local,local,0,0.5293853282928467,0.5170191526412964,-0.012366175651550293,0.00030737975612282753,0.024732396006584167,0.5293853282928467,0.5170191526412964,0.2151109129190445,0.22026395797729492,0.25550371408462524,0.2627168893814087
3,S7,ComHvy,local,local,0,local,local,0,0.5463261008262634,0.5612447261810303,0.014918625354766846,0.0006340872496366501,0.030601024627685547,0.5463261008262634,0.5612447261810303,0.17352308332920074,0.17390500009059906,0.28015080094337463,0.26485031843185425
3,S7,BWHvy,local,local,0,local,local,0,0.4881466031074524,0.4978417754173279,0.009695172309875488,0.00020047416910529137,0.01939031481742859,0.4881466031074524,0.4978417754173279,0.24937884509563446,0.24640528857707977,0.26247453689575195,0.25575295090675354
3,S8,LatCrit,local,local,0,local,local,0,0.48062020540237427,0.4740440845489502,-0.006576120853424072,0.000387788750231266,0.024876371026039124,0.48062020540237427,0.4740440845489502,0.24106062948703766,0.23519855737686157,0.2783191502094269,0.29075732827186584
3,S8,ComHvy,local,local,0,local,local,0,0.5823458433151245,0.5906186699867249,0.008272826671600342,0.0005852039903402328,0.025125354528427124,0.5823458433151245,0.5906186699867249,0.24832256138324738,0.252612441778183,0.16933155059814453,0.15676890313625336
3,S8,BWHvy,local,local,0,BS2,BS2,0,0.44661223888397217,0.4308474063873291,-0.015764832496643066,0.0012027923949062824,0.04313552379608154,0.44661223888397217,0.4308474063873291,0.25602400302886963,0.2775917649269104,0.2973637580871582,0.2915608286857605
4,S1,LatCrit,local,local,0,BS1,local,1,0.45083361864089966,0.4621175527572632,0.011283934116363525,0.003036700189113617,0.0624300092458725,0.45083361864089966,0.4621175527572632,0.23343519866466522,0.20222020149230957,0.3157311975955963,0.33566227555274963
4,S1,ComHvy,local,local,0,local,local,0,0.5167785286903381,0.5118076801300049,-0.004970848560333252,0.00021228007972240448,0.016706198453903198,0.5167785286903381,0.5118076801300049,0.28065216541290283,0.2772698998451233,0.20256930589675903,0.21092239022254944
4,S1,BWHvy,local,local,0,local,local,0,0.5162289142608643,0.5208476185798645,0.004618704319000244,0.0010613594204187393,0.03596511483192444,0.5162289142608643,0.5208476185798645,0.22840334475040436,0.24176721274852753,0.2553677260875702,0.23738518357276917
4,S2,LatCrit,local,local,0,local,local,0,0.4542127847671509,0.4452090859413147,-0.009003698825836182,0.00029065331909805536,0.020847052335739136,0.4542127847671509,0.4452090859413147,0.26949432492256165,0.27991783618927,0.27629292011260986,0.2748730778694153
4,S2,ComHvy,local,local,0,local,local,0,0.48816561698913574,0.5240561962127686,0.03589057922363281,0.0026619890704751015,0.07178118824958801,0.48816561698913574,0.5240561962127686,0.24814577400684357,0.22645200788974762,0.2636886239051819,0.24949178099632263
4,S2,BWHvy,local,local,0,local,local,0,0.3857923150062561,0.3919181227684021,0.006125807762145996,0.0012808963656425476,0.044651150703430176,0.3857923150062561,0.3919181227684021,0.2809154689311981,0.2971152365207672,0.3332922160625458,0.3109666407108307
4,S3,LatCrit,local,local,0,local,local,0,0.45984989404678345,0.44747209548950195,-0.012377798557281494,0.00037148408591747284,0.02475559711456299,0.45984989404678345,0.44747209548950195,0.2223479449748993,0.22332587838172913,0.3178021311759949,0.32920199632644653
4,S3,ComHvy,local,local,0,local,local,0,0.3995739221572876,0.3602423667907715,-0.03933155536651611,0.003327487036585808,0.07866308093070984,0.3995739221572876,0.3602423667907715,0.3086135983467102,0.3262269198894501,0.2918124794960022,0.31353068351745605
4,S3,BWHvy,local,local,0,local,local,0,0.5013068914413452,0.5372428894042969,0.03593599796295166,0.002774902619421482,0.07187201082706451,0.5013068914413452,0.5372428894042969,0.255900114774704,0.231162428855896,0.242793008685112,0.23159468173980713
4,S4,LatCrit,local,local,0,local,local,0,0.5714529156684875,0.5815789699554443,0.010126054286956787,0.0006010690703988075,0.028464674949645996,0.5714529156684875,0.5815789699554443,0.20425817370414734,0.20836444199085236,0.2242889106273651,0.21005655825138092
4,S4,ComHvy,local,local,0,local,local,0,0.4147684574127197,0.3901550769805908,-0.024613380432128906,0.003342866897583008,0.07214410603046417,0.4147684574127197,0.3901550769805908,0.3359184265136719,0.3244597613811493,0.2493131011724472,0.2853851616382599
4,S4,BWHvy,local,local,0,local,local,0,0.5227254629135132,0.5446771383285522,0.021951675415039062,0.0012885220348834991,0.043903350830078125,0.5227254629135132,0.5446771383285522,0.2525087893009186,0.24919366836547852,0.22476574778556824,0.20612919330596924
4,S5,LatCrit,local,local,0,local,local,0,0.5529223680496216,0.5533347129821777,0.00041234493255615234,9.16037242859602e-06,0.0032488107681274414,0.5529223680496216,0.5533347129821777,0.19875484704971313,0.1999669373035431,0.2483227550983429,0.24669837951660156
4,S5,ComHvy,local,local,0,local,local,0,0.46168333292007446,0.47172755002975464,0.010044217109680176,0.001030385959893465,0.03480169177055359,0.46168333292007446,0.47172755002975464,0.19065715372562408,0.17325632274150848,0.34765949845314026,0.35501614212989807
4,S5,BWHvy,local,local,0,BS1,BS1,0,0.44039303064346313,0.435421884059906,-0.004971146583557129,0.00015987223014235497,0.015800416469573975,0.44039303064346313,0.435421884059906,0.29833218455314636,0.2954030930995941,0.2612748146057129,0.2691749930381775
4,S6,LatCrit,local,local,0,local,local,0,0.49053722620010376,0.479714572429657,-0.010822653770446777,0.0036498568952083588,0.07078821957111359,0.49053722620010376,0.479714572429657,0.25172194838523865,0.28711605072021484,0.2577408254146576,0.23316936194896698
4,S6,ComHvy,local,local,0,local,local,0,0.5795055627822876,0.5503331422805786,-0.029172420501708984,0.0021888376213610172,0.05834479629993439,0.5795055627822876,0.5503331422805786,0.18671436607837677,0.21016667783260345,0.2337801158428192,0.23950017988681793
4,S6,BWHvy,local,local,0,local,local,0,0.52925705909729,0.5294963121414185,0.00023925304412841797,0.0014403853565454483,0.036953672766685486,0.52925705909729,0.5294963121414185,0.2386288046836853,0.25686636567115784,0.23211413621902466,0.21363727748394012
4,S7,LatCrit,local,local,0,local,local,0,0.5020562410354614,0.4843561053276062,-0.017700135707855225,0.0023549143224954605,0.05846822261810303,0.5020562410354614,0.4843561053276062,0.21948184072971344,0.24871595203876495,0.27846193313598633,0.26692795753479004
4,S7,ComHvy,local,local,0,local,local,0,0.476762592792511,0.4621580243110657,-0.014604568481445312,0.0005134828388690948,0.02920915186405182,0.476762592792511,0.4621580243110657,0.17017103731632233,0.1703985631465912,0.3530663549900055,0.36744341254234314
4,S7,BWHvy,local,local,0,local,local,0,0.545032262802124,0.5593163967132568,0.014284133911132812,0.00044130347669124603,0.028568223118782043,0.545032262802124,0.5593163967132568,0.26035255193710327,0.2546095550060272,0.1946151703596115,0.18607407808303833
4,S8,LatCrit,local,local,0,local,local,0,0.5630937814712524,0.573348343372345,0.01025456190109253,0.0003132660058327019,0.020509138703346252,0.5630937814712524,0.573348343372345,0.21850357949733734,0.2088402807712555,0.21840262413024902,0.21781134605407715
4,S8,ComHvy,local,local,0,local,local,0,0.4844377040863037,0.4948734641075134,0.010435760021209717,0.00044241268187761307,0.024671494960784912,0.4844377040863037,0.4948734641075134,0.27325958013534546,0.2751595973968506,0.24230268597602844,0.22996696829795837
4,S8,BWHvy,local,local,0,local,local,0,0.44016337394714355,0.4395710825920105,-0.0005922913551330566,2.7989735826849937e-05,0.006048530340194702,0.44016337394714355,0.4395710825920105,0.25320300459861755,0.2562272846698761,0.3066335916519165,0.3042016327381134
5,S1,LatCrit,local,local,0,local,local,0,0.4937428832054138,0.4875229597091675,-0.006219923496246338,0.000295114703476429,0.0206783264875412,0.4937428832054138,0.4875229597091675,0.23127152025699615,0.24161067605018616,0.2749856114387512,0.27086636424064636
5,S1,ComHvy,local,local,0,local,local,0,0.5264505743980408,0.537068247795105,0.010617673397064209,0.0002362406812608242,0.021235361695289612,0.5264505743980408,0.537068247795105,0.23881091177463531,0.23197326064109802,0.2347385138273239,0.2309584766626358
5,S1,BWHvy,local,local,0,local,local,0,0.5294736623764038,0.5396024584770203,0.010128796100616455,0.0002237199805676937,0.02025759220123291,0.5294736623764038,0.5396024584770203,0.23930762708187103,0.2361374795436859,0.23121871054172516,0.22426006197929382
5,S2,LatCrit,local,local,0,local,local,0,0.459438681602478,0.4696468710899353,0.010208189487457275,0.00021918443962931633,0.02041637897491455,0.459438681602478,0.4696468710899353,0.27823606133461,0.2745780348777771,0.262325257062912,0.2557750940322876
5,S2,ComHvy,local,local,0,local,local,0,0.546135425567627,0.5255986452102661,-0.02053678035736084,0.001121988520026207,0.04107356071472168,0.546135425567627,0.5255986452102661,0.24764153361320496,0.2506120204925537,0.2062230408191681,0.22378933429718018
5,S2,BWHvy,local,local,0,local,local,0,0.46260327100753784,0.4611297845840454,-0.0014734864234924316,0.001898445188999176,0.04662159085273743,0.46260327100753784,0.4611297845840454,0.26547569036483765,0.24363839626312256,0.2719210386276245,0.2952318489551544
5,S3,LatCrit,local,local,0,local,local,0,0.5224895477294922,0.5208683609962463,-0.0016211867332458496,0.001315845176577568,0.03681354224681854,0.5224895477294922,0.5208683609962463,0.2683822810649872,0.25159668922424316,0.20912820100784302,0.2275349646806717
5,S3,ComHvy,local,local,0,local,local,0,0.42485910654067993,0.4231402277946472,-0.0017188787460327148,0.0003944961354136467,0.02291715145111084,0.42485910654067993,0.4231402277946472,0.28863200545310974,0.30009058117866516,0.2865088880062103,0.2767691910266876
5,S3,BWHvy,local,local,0,local,local,0,0.4920279383659363,0.4985160827636719,0.006488144397735596,0.00043325405567884445,0.024401038885116577,0.4920279383659363,0.4985160827636719,0.23196391761302948,0.21976341307163239,0.27600812911987305,0.28172051906585693
5,S4,LatCrit,local,local,0,local,local,0,0.4979894161224365,0.48920440673828125,-0.008785009384155273,0.00020446069538593292,0.01757003366947174,0.4979894161224365,0.48920440673828125,0.21508345007896423,0.21528346836566925,0.28692713379859924,0.2955121397972107
5,S4,ComHvy,local,local,0,local,local,0,0.4836046099662781,0.4827342629432678,-0.0008703470230102539,0.0012768413871526718,0.03648689389228821,0.4836046099662781,0.4827342629432678,0.30289873480796814,0.32114216685295105,0.21349667012691498,0.19612355530261993
5,S4,BWHvy,local,local,0,local,local,0,0.4653339385986328,0.46231377124786377,-0.003020167350769043,0.0003701504319906235,0.02244514226913452,0.4653339385986328,0.46231377124786377,0.2743688225746155,0.26616641879081726,0.2602972388267517,0.27151980996131897
5,S5,LatCrit,local,local,0,local,local,0,0.47134697437286377,0.5030566453933716,0.03170967102050781,0.002087799832224846,0.06341932713985443,0.47134697437286377,0.5030566453933716,0.23698489367961884,0.2269626259803772,0.2916681170463562,0.2699807286262512
5,S5,ComHvy,local,local,0,local,local,0,0.44148045778274536,0.4226800203323364,-0.018800437450408936,0.0011755400337278843,0.038004979491233826,0.44148045778274536,0.4226800203323364,0.22390562295913696,0.24290813505649567,0.3346138894557953,0.3344118595123291
5,S5,BWHvy,local,local,0,local,local,0,0.4602873921394348,0.4754108190536499,0.015123426914215088,0.0005008736625313759,0.030246898531913757,0.4602873921394348,0.4754108190536499,0.30356332659721375,0.2982906699180603,0.23614931106567383,0.2262984961271286
5,S6,LatCrit,local,local,0,local,local,0,0.46099013090133667,0.4558824300765991,-0.005107700824737549,0.0003451528027653694,0.023226767778396606,0.46099013090133667,0.4558824300765991,0.2573767602443695,0.25087109208106995,0.2816331088542938,0.2932465076446533
5,S6,ComHvy,local,local,0,local,local,0,0.4992833733558655,0.48843514919281006,-0.01084822416305542,0.00036825891584157944,0.024780765175819397,0.4992833733558655,0.48843514919281006,0.1923120766878128,0.19076991081237793,0.3084045648574829,0.320794939994812
5,S6,BWHvy,local,local,0,local,local,0,0.5120552182197571,0.5247647762298584,0.012709558010101318,0.0005067819729447365,0.02549844980239868,0.5120552182197571,0.5247647762298584,0.24823112785816193,0.24827079474925995,0.2397136688232422,0.22696444392204285
5,S7,LatCrit,local,local,0,local,local,0,0.5380244255065918,0.5396848917007446,0.001660466194152832,5.35021536052227e-05,0.008498862385749817,0.5380244255065918,0.5396848917007446,0.18830853700637817,0.19089750945568085,0.27366703748703003,0.2694176137447357
5,S7,ComHvy,local,local,0,local,local,0,0.49892503023147583,0.5216950178146362,0.0227699875831604,0.001983923837542534,0.0569402277469635,0.49892503023147583,0.5216950178146362,0.19173641502857208,0.19743652641773224,0.3093385398387909,0.28086841106414795
5,S7,BWHvy,local,local,0,local,local,0,0.5391716957092285,0.5412926077842712,0.0021209120750427246,0.0002448614686727524,0.01665976643562317,0.5391716957092285,0.5412926077842712,0.2412518560886383,0.24746082723140717,0.2195764183998108,0.2112465351819992
5,S8,LatCrit,local,local,0,local,local,0,0.5441755056381226,0.5474057197570801,0.0032302141189575195,4.319194704294205e-05,0.007246643304824829,0.5441755056381226,0.5474057197570801,0.2562835216522217,0.2566766142845154,0.19954098761081696,0.19591765105724335
5,S8,ComHvy,local,local,0,local,local,0,0.5182528495788574,0.5268329381942749,0.00858008861541748,0.00014909310266375542,0.017160236835479736,0.5182528495788574,0.5268329381942749,0.323844850063324,0.31862685084342957,0.1579023152589798,0.15454016625881195
5,S8,BWHvy,local,local,0,local,local,0,0.4434257745742798,0.41795653104782104,-0.02546924352645874,0.0013778265565633774,0.050938546657562256,0.4434257745742798,0.41795653104782104,0.22419363260269165,0.23834824562072754,0.3323805630207062,0.3436952531337738
6,S1,LatCrit,local,local,0,BS1,BS1,0,0.49635839462280273,0.48028063774108887,-0.016077756881713867,0.0036353543400764465,0.07304280996322632,0.49635839462280273,0.48028063774108887,0.23880493640899658,0.27532634139060974,0.2648366689682007,0.2443930208683014
6,S1,ComHvy,local,local,0,local,local,0,0.5527521371841431,0.5456269383430481,-0.007125198841094971,0.0013671629130840302,0.040162473917007446,0.5527521371841431,0.5456269383430481,0.19251354038715363,0.21259479224681854,0.2547343075275421,0.24177828431129456
6,S1,BWHvy,local,local,0,BS1,BS1,0,0.4722132086753845,0.4567022919654846,-0.015510916709899902,0.000491870567202568,0.031021833419799805,0.4722132086753845,0.4567022919654846,0.2648804485797882,0.2711852192878723,0.26290634274482727,0.27211248874664307
6,S2,LatCrit,local,local,0,local,local,0,0.5999029874801636,0.6010825634002686,0.0011795759201049805,0.0008340058848261833,0.02671387791633606,0.5999029874801636,0.6010825634002686,0.2104114294052124,0.22258880734443665,0.18968553841114044,0.1763286143541336
6,S2,ComHvy,local,local,0,local,local,0,0.5283289551734924,0.5377000570297241,0.00937110185623169,0.00032757315784692764,0.020591363310813904,0.5283289551734924,0.5377000570297241,0.24733220040798187,0.24825677275657654,0.2243388295173645,0.21404314041137695
6,S2,BWHvy,local,local,0,local,BS2,1,0.44422078132629395,0.4117612838745117,-0.03245949745178223,0.002630801871418953,0.06491902470588684,0.44422078132629395,0.4117612838745117,0.2894514501094818,0.29424628615379333,0.26632776856422424,0.29399245977401733
6,S3,LatCrit,local,local,0,local,local,0,0.5100300312042236,0.519047737121582,0.009017705917358398,0.0026560090482234955,0.05888189375400543,0.5100300312042236,0.519047737121582,0.2930351793766022,0.26359421014785767,0.19693481922149658,0.2173580378293991
6,S3,ComHvy,local,local,0,local,local,0,0.5360782146453857,0.5243545770645142,-0.011723637580871582,0.0002956415992230177,0.02344733476638794,0.5360782146453857,0.5243545770645142,0.2239406555891037,0.23180365562438965,0.23998109996318817,0.24384179711341858
6,S3,BWHvy,local,local,0,local,local,0,0.5227854251861572,0.5265088081359863,0.0037233829498291016,0.00016232673078775406,0.013853952288627625,0.5227854251861572,0.5265088081359863,0.18696585297584534,0.18003888428211212,0.2902487516403198,0.29345235228538513
6,S4,LatCrit,local,local,0,local,local,0,0.5200894474983215,0.5024138689041138,-0.017675578594207764,0.000627908855676651,0.03535115718841553,0.5200894474983215,0.5024138689041138,0.2047092169523239,0.21309535205364227,0.27520132064819336,0.28449076414108276
6,S4,ComHvy,local,local,0,BS1,BS1,0,0.4712027311325073,0.4762442708015442,0.005041539669036865,0.008775036782026291,0.0946774035692215,0.4712027311325073,0.4762442708015442,0.3138101100921631,0.35610729455947876,0.2149871289730072,0.16764844954013824
6,S4,BWHvy,local,local,0,local,local,0,0.5307826995849609,0.546658992767334,0.015876293182373047,0.0026693083345890045,0.05929093062877655,0.5307826995849609,0.546658992767334,0.2345958948135376,0.20495042204856873,0.23462139070034027,0.2483905553817749
6,S5,LatCrit,local,local,0,local,local,0,0.4445265531539917,0.4741860032081604,0.0296594500541687,0.0018251379951834679,0.059318915009498596,0.4445265531539917,0.4741860032081604,0.2512262761592865,0.23408661782741547,0.3042471706867218,0.29172736406326294
6,S5,ComHvy,local,local,0,local,local,0,0.5157470107078552,0.4881369471549988,-0.027610063552856445,0.0015306174755096436,0.0552201122045517,0.5157470107078552,0.4881369471549988,0.18707865476608276,0.1989564150571823,0.297174334526062,0.3129066228866577
6,S5,BWHvy,local,local,0,local,local,0,0.5266129374504089,0.5489742755889893,0.022361338138580322,0.0019162092357873917,0.04784052073955536,0.5266129374504089,0.5489742755889893,0.25996074080467224,0.2615196704864502,0.21342633664608002,0.18950608372688293
6,S6,LatCrit,local,local,0,local,local,0,0.47936272621154785,0.5222188234329224,0.04285609722137451,0.0036929622292518616,0.08571219444274902,0.47936272621154785,0.5222188234329224,0.21516355872154236,0.1955384910106659,0.3054736852645874,0.28224265575408936
6,S6,ComHvy,local,local,0,local,local,0,0.5813440680503845,0.5712540745735168,-0.010089993476867676,0.00023194681853055954,0.020180031657218933,0.5813440680503845,0.5712540745735168,0.16039328277111053,0.16648301482200623,0.25826263427734375,0.2622629404067993
6,S6,BWHvy,local,local,0,local,local,0,0.4985921382904053,0.5008491277694702,0.0022569894790649414,0.002540323883295059,0.051975131034851074,0.4985921382904053,0.5008491277694702,0.18422485888004303,0.20795543491840363,0.3171829879283905,0.29119542241096497
6,S7,LatCrit,local,local,0,local,local,0,0.54055255651474,0.5162662267684937,-0.024286329746246338,0.0017572073265910149,0.04857267439365387,0.54055255651474,0.5162662267684937,0.15905888378620148,0.17909374833106995,0.30038854479789734,0.3046400249004364
6,S7,ComHvy,local,local,0,local,local,0,0.537224531173706,0.5466761589050293,0.009451627731323242,0.00047743995673954487,0.024471625685691833,0.537224531173706,0.5466761589050293,0.20500615239143372,0.1927703469991684,0.25776931643486023,0.2605535089969635
6,S7,BWHvy,local,local,0,local,local,0,0.5463603138923645,0.5541558265686035,0.007795512676239014,0.005041830241680145,0.06969298422336578,0.5463603138923645,0.5541558265686035,0.2657848596572876,0.29283586144447327,0.1878548115491867,0.1530083417892456
6,S8,LatCrit,local,local,0,local,local,0,0.5383678674697876,0.5409085750579834,0.0025407075881958008,0.0009708097204566002,0.03211374580860138,0.5383678674697876,0.5409085750579834,0.23273822665214539,0.2166813313961029,0.2288939356803894,0.2424100786447525
6,S8,ComHvy,local,local,0,local,local,0,0.5133459568023682,0.506729006767273,-0.006616950035095215,0.0008220868185162544,0.03414371609687805,0.5133459568023682,0.506729006767273,0.2694409191608429,0.2865127623081207,0.21721316874027252,0.20675824582576752
6,S8,BWHvy,local,local,0,local,local,0,0.37673622369766235,0.35968726873397827,-0.017048954963684082,0.000655878335237503,0.034097880125045776,0.37673622369766235,0.35968726873397827,0.30400383472442627,0.30923351645469666,0.31925997138023376,0.3310792148113251
7,S1,LatCrit,local,local,0,local,local,0,0.46091169118881226,0.43850719928741455,-0.022404491901397705,0.0019000808242708445,0.0507173091173172,0.46091169118881226,0.43850719928741455,0.22624988853931427,0.2516085207462311,0.31283846497535706,0.30988427996635437
7,S1,ComHvy,local,local,0,local,local,0,0.5060938596725464,0.4965038299560547,-0.0095900297164917,0.0012111663818359375,0.042702704668045044,0.5060938596725464,0.4965038299560547,0.2725087106227875,0.2938600480556488,0.22139745950698853,0.2096361219882965
7,S1,BWHvy,local,local,0,local,local,0,0.5076063871383667,0.5001711249351501,-0.007435262203216553,0.00011216523125767708,0.014870494604110718,0.5076063871383667,0.5001711249351501,0.292198121547699,0.29722973704338074,0.20019549131393433,0.20259910821914673
7,S2,LatCrit,local,local,0,local,local,0,0.5989711284637451,0.5878108739852905,-0.01116025447845459,0.00041207205504179,0.022320538759231567,0.5989711284637451,0.5878108739852905,0.2230246663093567,0.2235390692949295,0.1780042201280594,0.18865010142326355
7,S2,ComHvy,local,local,0,local,local,0,0.5046718120574951,0.5280913710594177,0.023419559001922607,0.001661812886595726,0.04683907330036163,0.5046718120574951,0.5280913710594177,0.23988375067710876,0.23979070782661438,0.25544440746307373,0.2321179360151291
7,S2,BWHvy,local,local,0,local,local,0,0.4526074528694153,0.44685977697372437,-0.005747675895690918,0.0004990985617041588,0.02733483910560608,0.4526074528694153,0.44685977697372437,0.29180029034614563,0.2838805615901947,0.2555922269821167,0.26925966143608093
7,S3,LatCrit,local,local,0,local,local,0,0.46550607681274414,0.47013455629348755,0.004628479480743408,0.0021429043263196945,0.049185141921043396,0.46550607681274414,0.47013455629348755,0.2154654711484909,0.1908729076385498,0.31902843713760376,0.33899253606796265
7,S3,ComHvy,local,local,0,BS1,BS1,0,0.48321086168289185,0.4479820132255554,-0.035228848457336426,0.0029261428862810135,0.07045774161815643,0.48321086168289185,0.4479820132255554,0.2832905948162079,0.31373822689056396,0.23349852859973907,0.238279789686203
7,S3,BWHvy,local,local,0,local,local,0,0.5977768301963806,0.6546465158462524,0.056869685649871826,0.006999533623456955,0.11373935639858246,0.5977768301963806,0.6546465158462524,0.17076361179351807,0.1454194039106369,0.23145955801010132,0.19993409514427185
7,S4,LatCrit,local,local,0,local,local,0,0.512745201587677,0.5301563739776611,0.01741117238998413,0.0006479620933532715,0.03482234477996826,0.512745201587677,0.5301563739776611,0.20993572473526,0.19944900274276733,0.2773190438747406,0.27039459347724915
7,S4,ComHvy,local,local,0,local,local,0,0.4478321671485901,0.43877917528152466,-0.00905299186706543,0.00018154364079236984,0.018105924129486084,0.4478321671485901,0.43877917528152466,0.28333067893981934,0.2900679111480713,0.26883718371391296,0.27115288376808167
7,S4,BWHvy,local,local,0,local,local,0,0.5076460838317871,0.5353349447250366,0.02768886089324951,0.0016642501577734947,0.055377647280693054,0.5076460838317871,0.5353349447250366,0.2033364325761795,0.18672806024551392,0.2890174686908722,0.27793705463409424
7,S5,LatCrit,local,local,0,BS2,BS2,0,0.4035291075706482,0.4376540184020996,0.034124910831451416,0.0025374572724103928,0.06824982166290283,0.4035291075706482,0.4376540184020996,0.2878245413303375,0.2777867317199707,0.3086463510990143,0.2845592498779297
7,S5,ComHvy,local,local,0,local,local,0,0.4950452446937561,0.4869552254676819,-0.008090019226074219,0.0001883122604340315,0.01618008315563202,0.4950452446937561,0.4869552254676819,0.1910795122385025,0.1979009211063385,0.3138752281665802,0.315143883228302
7,S5,BWHvy,local,local,0,local,local,0,0.544173002243042,0.5617954730987549,0.01762247085571289,0.0009620022028684616,0.035244956612586975,0.544173002243042,0.5617954730987549,0.23328858613967896,0.23263339698314667,0.22253839671611786,0.20557110011577606
7,S6,LatCrit,local,local,0,local,local,0,0.6061334609985352,0.6230353116989136,0.016901850700378418,0.0013556946069002151,0.03945566713809967,0.6061334609985352,0.6230353116989136,0.20449665188789368,0.20732267200946808,0.18936985731124878,0.16964206099510193
7,S6,ComHvy,local,local,0,local,local,0,0.5250934362411499,0.49298059940338135,-0.032112836837768555,0.002477803733199835,0.06422567367553711,0.5250934362411499,0.49298059940338135,0.25095847249031067,0.2784842848777771,0.22394810616970062,0.22853513062000275
7,S6,BWHvy,local,local,0,local,local,0,0.46345657110214233,0.470162570476532,0.0067059993743896484,0.004410281777381897,0.07419560849666595,0.46345657110214233,0.470162570476532,0.25518542528152466,0.2855772376060486,0.281358003616333,0.24426020681858063
7,S7,LatCrit,local,local,0,BS2,BS2,0,0.491538405418396,0.4692482352256775,-0.022290170192718506,0.005068283528089523,0.08459028601646423,0.491538405418396,0.4692482352256775,0.20398704707622528,0.2462822049856186,0.30447453260421753,0.2844695746898651
7,S7,ComHvy,local,local,0,local,local,0,0.5301044583320618,0.5402162075042725,0.010111749172210693,0.0004775973502546549,0.022342607378959656,0.5301044583320618,0.5402162075042725,0.17146869003772736,0.16029739379882812,0.29842686653137207,0.2994864284992218
7,S7,BWHvy,local,local,0,local,local,0,0.5670393705368042,0.5861011743545532,0.019061803817749023,0.0018617473542690277,0.04362477362155914,0.5670393705368042,0.5861011743545532,0.2631779909133911,0.26592856645584106,0.1697826087474823,0.14797021448612213
7,S8,LatCrit,local,local,0,local,local,0,0.4670202136039734,0.4533730745315552,-0.013647139072418213,0.0031342878937721252,0.06859120726585388,0.4670202136039734,0.4533730745315552,0.2791747748851776,0.2585263252258301,0.253805011510849,0.28810063004493713
7,S8,ComHvy,local,local,0,local,local,0,0.470947802066803,0.4816110134124756,0.010663211345672607,0.0010807104408740997,0.03939950466156006,0.470947802066803,0.4816110134124756,0.2503247559070587,0.2306250035762787,0.2787274420261383,0.2877639830112457
7,S8,BWHvy,local,local,0,local,local,0,0.47653305530548096,0.4575512409210205,-0.01898181438446045,0.0008473475463688374,0.037963613867759705,0.47653305530548096,0.4575512409210205,0.2089562565088272,0.22230571508407593,0.314510703086853,0.32014304399490356
8,S1,LatCrit,local,local,0,local,local,0,0.4950953722000122,0.4712862968444824,-0.023809075355529785,0.0012840107083320618,0.047618135809898376,0.4950953722000122,0.4712862968444824,0.24184083938598633,0.24685238301753998,0.26306378841400146,0.2818613052368164
8,S1,ComHvy,local,local,0,local,local,0,0.5707835555076599,0.5878485441207886,0.017064988613128662,0.0006730002351105213,0.034129947423934937,0.5707835555076599,0.5878485441207886,0.22934015095233917,0.2163916975259781,0.19987627863883972,0.19575977325439453
8,S1,BWHvy,local,local,0,local,local,0,0.5059149265289307,0.49415749311447144,-0.011757433414459229,0.0005167748313397169,0.027439802885055542,0.5059149265289307,0.49415749311447144,0.2451086789369583,0.2588285803794861,0.24897640943527222,0.24701394140720367
8,S2,LatCrit,local,local,0,local,local,0,0.6493996381759644,0.6495931148529053,0.00019347667694091797,0.0006136968731880188,0.020878300070762634,0.6493996381759644,0.6495931148529053,0.17933137714862823,0.18957705795764923,0.17126895487308502,0.1608298122882843
8,S2,ComHvy,local,local,0,local,local,0,0.46296393871307373,0.4864300489425659,0.023466110229492188,0.0011961311101913452,0.04693226516246796,0.46296393871307373,0.4864300489425659,0.2862367331981659,0.2784840166568756,0.2507993280887604,0.2350858896970749
8,S2,BWHvy,local,local,0,local,local,0,0.4250532388687134,0.41309136152267456,-0.011961877346038818,0.0003611808642745018,0.023923754692077637,0.4250532388687134,0.41309136152267456,0.2996598482131958,0.3014185130596161,0.2752869129180908,0.28549012541770935
8,S3,LatCrit,local,local,0,BS1,BS1,0,0.544251561164856,0.502307653427124,-0.041943907737731934,0.0056866854429244995,0.08900603652000427,0.544251561164856,0.502307653427124,0.23541900515556335,0.23285987973213196,0.2203294336795807,0.26483243703842163
8,S3,ComHvy,local,local,0,local,local,0,0.5327404737472534,0.5132699012756348,-0.019470572471618652,0.001167151378467679,0.04210846126079559,0.5327404737472534,0.5132699012756348,0.2644243538379669,0.2854785621166229,0.20283523201942444,0.2012515515089035
8,S3,BWHvy,local,local,0,local,local,0,0.5813099145889282,0.6288147568702698,0.04750484228134155,0.004763493314385414,0.0950096845626831,0.5813099145889282,0.6288147568702698,0.15572339296340942,0.13886350393295288,0.26296669244766235,0.23232173919677734
8,S4,LatCrit,local,local,0,local,local,0,0.5439947843551636,0.5523241758346558,0.008329391479492188,0.00014390470460057259,0.016658827662467957,0.5439947843551636,0.5523241758346558,0.21062946319580078,0.2058793604373932,0.24537576735019684,0.24179643392562866
8,S4,ComHvy,local,local,0,local,local,0,0.4393056631088257,0.41729938983917236,-0.02200627326965332,0.0011548995971679688,0.04401253163814545,0.4393056631088257,0.41729938983917236,0.24932341277599335,0.25212618708610535,0.3113709092140198,0.3305743932723999
8,S4,BWHvy,local,local,0,BS2,BS2,0,0.41638630628585815,0.4246888756752014,0.008302569389343262,0.0001443629153072834,0.01660512387752533,0.41638630628585815,0.4246888756752014,0.24831247329711914,0.24385561048984528,0.3353011906147003,0.3314554989337921
8,S5,LatCrit,local,local,0,local,local,0,0.502160906791687,0.4912165403366089,-0.010944366455078125,0.0015660729259252548,0.04889902472496033,0.502160906791687,0.4912165403366089,0.21717475354671478,0.20366959273815155,0.2806643545627594,0.30511385202407837
8,S5,ComHvy,local,local,0,local,local,0,0.5458697080612183,0.5136443972587585,-0.03222531080245972,0.0033925622701644897,0.07600751519203186,0.5458697080612183,0.5136443972587585,0.16504748165607452,0.1592690497636795,0.289082795381546,0.32708656787872314
8,S5,BWHvy,local,local,0,local,local,0,0.6182330846786499,0.6317088603973389,0.013475775718688965,0.0005601560696959496,0.02695159614086151,0.6182330846786499,0.6317088603973389,0.19832070171833038,0.19683416187763214,0.1834462583065033,0.171456977725029
8,S6,LatCrit,local,local,0,BS1,BS1,0,0.4707932472229004,0.4773761034011841,0.006582856178283691,0.00016825180500745773,0.01646411418914795,0.4707932472229004,0.4773761034011841,0.23398426175117493,0.2356334924697876,0.2952224612236023,0.2869904339313507
8,S6,ComHvy,local,local,0,local,local,0,0.601599931716919,0.5814746618270874,-0.020125269889831543,0.002240501344203949,0.051956117153167725,0.601599931716919,0.5814746618270874,0.1682349294424057,0.19421300292015076,0.23016512393951416,0.22431235015392303
8,S6,BWHvy,local,local,0,local,local,0,0.5074180960655212,0.49161553382873535,-0.01580256223678589,0.00460752472281456,0.0803569108247757,0.5074180960655212,0.49161553382873535,0.22975437343120575,0.2699328362941742,0.2628275156021118,0.23845162987709045
8,S7,LatCrit,local,local,0,BS2,BS2,0,0.5226759314537048,0.4688911437988281,-0.05378478765487671,0.006793702021241188,0.1075696051120758,0.5226759314537048,0.4688911437988281,0.15784144401550293,0.19203850626945496,0.31948259472846985,0.3390703499317169
8,S7,ComHvy,local,local,0,local,local,0,0.5324310064315796,0.5615601539611816,0.02912914752960205,0.0018147137016057968,0.05825828015804291,0.5324310064315796,0.5615601539611816,0.2133762389421463,0.20458151400089264,0.2541927397251129,0.23385833203792572
8,S7,BWHvy,local,local,0,local,local,0,0.5871572494506836,0.6095285415649414,0.022371292114257812,0.003447510302066803,0.06394153833389282,0.5871572494506836,0.6095285415649414,0.2099178284406662,0.2195172905921936,0.2029249370098114,0.1709541529417038
8,S8,LatCrit,local,local,0,local,local,0,0.5159469246864319,0.5221052169799805,0.006158292293548584,0.0018628109246492386,0.04661540687084198,0.5159469246864319,0.5221052169799805,0.22870990633964539,0.205402210354805,0.25534313917160034,0.27249255776405334
8,S8,ComHvy,local,local,0,local,local,0,0.5624204874038696,0.574131965637207,0.011711478233337402,0.0004029031842947006,0.023423001170158386,0.5624204874038696,0.574131965637207,0.23216937482357025,0.23098959028720856,0.2054101526737213,0.19487841427326202
8,S8,BWHvy,local,local,0,BS1,BS1,0,0.429923951625824,0.4241481423377991,-0.005775809288024902,0.00040788203477859497,0.02536866068840027,0.429923951625824,0.4241481423377991,0.27127864956855774,0.2839629650115967,0.2987974286079407,0.29188889265060425
9,S1,LatCrit,local,local,0,local,local,0,0.5318180322647095,0.49804675579071045,-0.03377127647399902,0.002900218591094017,0.06754247844219208,0.5318180322647095,0.49804675579071045,0.21964886784553528,0.2483796924352646,0.24853315949440002,0.25357353687286377
9,S1,ComHvy,local,local,0,local,local,0,0.5017383694648743,0.515089750289917,0.013351380825042725,0.0020274873822927475,0.05049462616443634,0.5017383694648743,0.515089750289917,0.28328651189804077,0.2951824367046356,0.21497510373592377,0.189727783203125
9,S1,BWHvy,local,local,0,local,local,0,0.5009008646011353,0.5094150304794312,0.008514165878295898,0.0001453259028494358,0.017028316855430603,0.5009008646011353,0.5094150304794312,0.2321939915418625,0.22851815819740295,0.2669050991535187,0.2620667815208435
9,S2,LatCrit,local,local,0,local,local,0,0.491277813911438,0.5062907338142395,0.015012919902801514,0.00045152148231863976,0.030025824904441833,0.491277813911438,0.5062907338142395,0.2470073252916336,0.2392965853214264,0.2617148756980896,0.2544127106666565
9,S2,ComHvy,local,local,0,local,local,0,0.4433428645133972,0.4257654547691345,-0.017577409744262695,0.0008899364620447159,0.0351548045873642,0.4433428645133972,0.4257654547691345,0.30736804008483887,0.3083265423774719,0.2492891103029251,0.26590800285339355
9,S2,BWHvy,local,local,0,local,local,0,0.5329095721244812,0.5264729261398315,-0.006436645984649658,0.00021815765649080276,0.017431005835533142,0.5329095721244812,0.5264729261398315,0.24734126031398773,0.24506239593029022,0.21974919736385345,0.22846469283103943
9,S3,LatCrit,local,local,0,local,local,0,0.42811769247055054,0.42465174198150635,-0.0034659504890441895,0.010259497910737991,0.1104225218296051,0.42811769247055054,0.42465174198150635,0.2666228413581848,0.21487751603126526,0.30525949597358704,0.3604707419872284
9,S3,ComHvy,local,local,0,local,local,0,0.49478185176849365,0.4782075881958008,-0.01657426357269287,0.0005797413177788258,0.033148571848869324,0.49478185176849365,0.4782075881958008,0.25598710775375366,0.26721540093421936,0.2492310255765915,0.25457704067230225
9,S3,BWHvy,local,local,0,local,local,0,0.4545999765396118,0.4830595850944519,0.028459608554840088,0.001718742772936821,0.05691920220851898,0.4545999765396118,0.4830595850944519,0.25590401887893677,0.24734540283679962,0.28949597477912903,0.2695949971675873
9,S4,LatCrit,local,local,0,local,local,0,0.5260746479034424,0.5302000045776367,0.004125356674194336,4.626851296052337e-05,0.008250772953033447,0.5260746479034424,0.5302000045776367,0.2291266769170761,0.22545620799064636,0.24479873478412628,0.24434378743171692
9,S4,ComHvy,local,local,0,local,BS1,1,0.44926607608795166,0.44326305389404297,-0.006003022193908691,0.0009162910282611847,0.03692537546157837,0.44926607608795166,0.44326305389404297,0.2838526666164398,0.302315354347229,0.2668812572956085,0.254421591758728
9,S4,BWHvy,local,local,0,local,local,0,0.43198055028915405,0.4330313205718994,0.0010507702827453613,0.0017459876835346222,0.044913724064826965,0.43198055028915405,0.4330313205718994,0.2579917907714844,0.2355349212884903,0.3100276291370392,0.3314337134361267
9,S5,LatCrit,local,local,0,BS2,BS2,0,0.43776607513427734,0.44698965549468994,0.009223580360412598,0.0001737424172461033,0.018447160720825195,0.43776607513427734,0.44698965549468994,0.26135092973709106,0.25644955039024353,0.300883024930954,0.2965608239173889
9,S5,ComHvy,local,local,0,BS1,BS1,0,0.4448716640472412,0.42155659198760986,-0.023315072059631348,0.0011113742366433144,0.046630144119262695,0.4448716640472412,0.42155659198760986,0.28118064999580383,0.29374051094055176,0.27394768595695496,0.2847028970718384
9,S5,BWHvy,local,local,0,local,local,0,0.4925588369369507,0.5179135799407959,0.025354743003845215,0.001462964341044426,0.05070959031581879,0.4925588369369507,0.5179135799407959,0.288422167301178,0.28029224276542664,0.21901904046535492,0.2017941176891327
9,S6,LatCrit,local,local,0,local,local,0,0.5083069801330566,0.5216376781463623,0.013330698013305664,0.00038738176226615906,0.02666144073009491,0.5083069801330566,0.5216376781463623,0.21179276704788208,0.2087327390909195,0.27990031242370605,0.2696295976638794
9,S6,ComHvy,local,local,0,local,local,0,0.5517953634262085,0.546358585357666,-0.0054367780685424805,0.0001813843846321106,0.01617729663848877,0.5517953634262085,0.546358585357666,0.2166738361120224,0.2140219807624817,0.23153077065944672,0.2396194338798523
9,S6,BWHvy,local,local,0,local,local,0,0.47083306312561035,0.4626498818397522,-0.008183181285858154,0.0005429200828075409,0.02736888825893402,0.47083306312561035,0.4626498818397522,0.21248695254325867,0.22617138922214508,0.31668001413345337,0.3111787438392639
9,S7,LatCrit,local,local,0,BS2,BS2,0,0.4949973225593567,0.4473876357078552,-0.047609686851501465,0.005404970608651638,0.09521940350532532,0.4949973225593567,0.4473876357078552,0.22036251425743103,0.25705304741859436,0.2846401631832123,0.2955593466758728
9,S7,ComHvy,local,local,0,local,local,0,0.5137964487075806,0.5327017307281494,0.018905282020568848,0.0007308032363653183,0.037810489535331726,0.5137964487075806,0.5327017307281494,0.18742212653160095,0.1818624883890152,0.2987813949584961,0.28543582558631897
9,S7,BWHvy,local,local,0,local,local,0,0.4841870665550232,0.4936590790748596,0.009472012519836426,0.00530199334025383,0.07939083874225616,0.4841870665550232,0.4936590790748596,0.27328330278396606,0.3035067021846771,0.24252963066101074,0.20283420383930206
9,S8,LatCrit,local,local,0,local,local,0,0.514153778553009,0.5242159366607666,0.010062158107757568,0.0002107587642967701,0.02012433111667633,0.514153778553009,0.5242159366607666,0.28844955563545227,0.2811419665813446,0.1973966807126999,0.1946420967578888
9,S8,ComHvy,local,local,0,BS1,local,1,0.4623097777366638,0.5091511011123657,0.046841323375701904,0.00468041468411684,0.09368264675140381,0.4623097777366638,0.5091511011123657,0.30223503708839417,0.2678970694541931,0.2354552000761032,0.22295184433460236
9,S8,BWHvy,local,local,0,BS2,BS2,0,0.4353190064430237,0.41953617334365845,-0.015782833099365234,0.0005635214038193226,0.03156562149524689,0.4353190064430237,0.41953617334365845,0.24327929317951202,0.25404807925224304,0.3214017152786255,0.3264157176017761
10,S1,LatCrit,local,local,0,BS2,BS2,0,0.46157294511795044,0.4319359064102173,-0.029637038707733154,0.0026113258209079504,0.05927404761314392,0.46157294511795044,0.4319359064102173,0.21943534910678864,0.24710975587368011,0.3189917206764221,0.3209543228149414
10,S1,ComHvy,local,local,0,local,local,0,0.5005905628204346,0.49700087308883667,-0.0035896897315979004,4.12228109780699e-05,0.0076841264963150024,0.5005905628204346,0.49700087308883667,0.25949037075042725,0.26333242654800415,0.239919051527977,0.2396666705608368
10,S1,BWHvy,local,local,0,local,local,0,0.5388944149017334,0.5313636660575867,-0.0075307488441467285,0.0002781741786748171,0.02093161642551422,0.5388944149017334,0.5313636660575867,0.26268458366394043,0.27315038442611694,0.19842103123664856,0.19548596441745758
10,S2,LatCrit,local,local,0,local,local,0,0.5266399383544922,0.5514731407165527,0.024833202362060547,0.0014719758182764053,0.04966643452644348,0.5266399383544922,0.5514731407165527,0.19480040669441223,0.1914719045162201,0.27855971455574036,0.25705498456954956
10,S2,ComHvy,local,local,0,local,local,0,0.44657135009765625,0.4215613007545471,-0.02501004934310913,0.0033682063221931458,0.07800023257732391,0.44657135009765625,0.4215613007545471,0.23438765108585358,0.22039759159088135,0.319040983915329,0.35804110765457153
10,S2,BWHvy,local,local,0,local,local,0,0.45943909883499146,0.4713970422744751,0.011957943439483643,0.0006682509556412697,0.032448261976242065,0.45943909883499146,0.4713970422744751,0.2850051522254944,0.26878103613853455,0.25555574893951416,0.25982195138931274
10,S3,LatCrit,local,local,0,local,local,0,0.40813684463500977,0.4245094060897827,0.01637256145477295,0.005230095237493515,0.08780261874198914,0.40813684463500977,0.4245094060897827,0.28768762946128845,0.2437863051891327,0.3041755259037018,0.3317042589187622
10,S3,ComHvy,local,local,0,local,local,0,0.46447068452835083,0.43842679262161255,-0.02604389190673828,0.0021197390742599964,0.0607118159532547,0.46447068452835083,0.43842679262161255,0.33025041222572327,0.36060631275177,0.2052789181470871,0.20096689462661743
10,S3,BWHvy,local,local,0,local,local,0,0.5845407247543335,0.6124308109283447,0.02789008617401123,0.00201968289911747,0.05578009784221649,0.5845407247543335,0.6124308109283447,0.16913650929927826,0.1495332270860672,0.24632273614406586,0.23803600668907166
10,S4,LatCrit,local,local,0,local,local,0,0.5391745567321777,0.5330256223678589,-0.006148934364318848,0.00022032158449292183,0.01638348400592804,0.5391745567321777,0.5330256223678589,0.18367387354373932,0.19186562299728394,0.27715158462524414,0.27510878443717957
10,S4,ComHvy,local,local,0,local,local,0,0.43383437395095825,0.43724095821380615,0.0034065842628479004,0.0001530814915895462,0.015673398971557617,0.43383437395095825,0.43724095821380615,0.2617848515510559,0.2662149667739868,0.30438077449798584,0.29654407501220703
10,S4,BWHvy,local,local,0,local,local,0,0.4088749885559082,0.3986993432044983,-0.010175645351409912,0.0005680546164512634,0.031048864126205444,0.4088749885559082,0.3986993432044983,0.29231032729148865,0.28696155548095703,0.29881468415260315,0.31433913111686707
10,S5,LatCrit,BS2,BS2,0,BS2,BS2,0,0.406036913394928,0.41022148728370667,0.0041845738887786865,0.001136811450123787,0.03744010627269745,0.37255269289016724,0.38708817958831787,0.22141039371490479,0.20269034802913666,0.406036913394928,0.41022148728370667
10,S5,ComHvy,local,local,0,local,local,0,0.5462992787361145,0.5286325216293335,-0.017666757106781006,0.001596145797520876,0.047256335616111755,0.5462992787361145,0.5286325216293335,0.21141305565834045,0.23504121601581573,0.24228766560554504,0.23632624745368958
10,S5,BWHvy,local,local,0,local,local,0,0.5426732301712036,0.5878547430038452,0.0451815128326416,0.0042427945882081985,0.09036305546760559,0.5426732301712036,0.5878547430038452,0.2571665942668915,0.22818942368030548,0.2001601606607437,0.18395578861236572
10,S6,LatCrit,local,local,0,local,local,0,0.5120540857315063,0.5217217206954956,0.009667634963989258,0.0004023632500320673,0.024348676204681396,0.5120540857315063,0.5217217206954956,0.256194144487381,0.24401980638504028,0.23175176978111267,0.2342584729194641
10,S6,ComHvy,local,local,0,local,local,0,0.4896497130393982,0.48524898290634155,-0.004400730133056641,0.0015089157968759537,0.04343540966510773,0.4896497130393982,0.48524898290634155,0.2572712302207947,0.27898895740509033,0.25307905673980713,0.2357621043920517
10,S6,BWHvy,local,local,0,local,local,0,0.5186414122581482,0.5240805149078369,0.005439102649688721,0.0003697248175740242,0.021951764822006226,0.5186414122581482,0.5240805149078369,0.26162391901016235,0.26716068387031555,0.21973469853401184,0.20875880122184753
10,S7,LatCrit,local,local,0,local,local,0,0.5131029486656189,0.4802142381668091,-0.032888710498809814,0.0037915485445410013,0.07011733949184418,0.5131029486656189,0.4802142381668091,0.20609168708324432,0.2411503791809082,0.2808053493499756,0.2786354124546051
10,S7,ComHvy,local,local,0,local,local,0,0.5389249324798584,0.5212868452072144,-0.017638087272644043,0.0006241193041205406,0.035276174545288086,0.5389249324798584,0.5212868452072144,0.21371078491210938,0.22193282842636108,0.24736428260803223,0.25678032636642456
10,S7,BWHvy,local,local,0,local,local,0,0.5830588936805725,0.5931100845336914,0.010051190853118896,0.0005451762117445469,0.02653731405735016,0.5830588936805725,0.5931100845336914,0.21145695447921753,0.19818828999996185,0.20548416674137115,0.20870162546634674
10,S8,LatCrit,local,local,0,local,local,0,0.5381736755371094,0.5415663719177246,0.0033926963806152344,0.00028884224593639374,0.019375905394554138,0.5381736755371094,0.5415663719177246,0.1839287132024765,0.19022399187088013,0.27789759635925293,0.26820966601371765
10,S8,ComHvy,local,local,0,local,local,0,0.4941232204437256,0.4959273338317871,0.0018041133880615234,5.139503628015518e-05,0.008630990982055664,0.4941232204437256,0.4959273338317871,0.23527772724628448,0.2377891093492508,0.27059903740882874,0.2662835419178009
10,S8,BWHvy,local,local,0,local,local,0,0.4416952133178711,0.43246597051620483,-0.00922924280166626,0.00017494754865765572,0.018458470702171326,0.4416952133178711,0.43246597051620483,0.22884537279605865,0.2333173155784607,0.32945939898490906,0.3342166841030121
11,S1,LatCrit,local,local,0,BS1,BS1,0,0.4619067907333374,0.4476192593574524,-0.01428753137588501,0.0012656589969992638,0.0430414080619812,0.4619067907333374,0.4476192593574524,0.22844843566417694,0.24996913969516754,0.30964478850364685,0.30241161584854126
11,S1,ComHvy,local,local,0,local,local,0,0.4629519581794739,0.4387959837913513,-0.02415597438812256,0.001353992149233818,0.04831194877624512,0.4629519581794739,0.4387959837913513,0.2821897566318512,0.28775379061698914,0.2548582851886749,0.27345022559165955
11,S1,BWHvy,local,local,0,local,local,0,0.5253603458404541,0.5467441082000732,0.02138376235961914,0.0010230704210698605,0.04276752471923828,0.5253603458404541,0.5467441082000732,0.2609252631664276,0.24447408318519592,0.2137143909931183,0.20878180861473083
11,S2,LatCrit,local,local,0,BS2,BS2,0,0.4522581100463867,0.44476932287216187,-0.0074887871742248535,0.0005082692950963974,0.028290212154388428,0.4522581100463867,0.44476932287216187,0.26367661356925964,0.27782171964645386,0.284065306186676,0.27740898728370667
11,S2,ComHvy,local,local,0,local,local,0,0.5255738496780396,0.5105705261230469,-0.015003323554992676,0.0011951643973588943,0.042139410972595215,0.5255738496780396,0.5105705261230469,0.24157412350177765,0.23550774157047272,0.23285207152366638,0.253921777009964
11,S2,BWHvy,local,local,0,local,local,0,0.4437277317047119,0.4404343366622925,-0.0032933950424194336,0.002940155565738678,0.05963888764381409,0.4437277317047119,0.4404343366622925,0.3281576335430145,0.3016315996646881,0.22811463475227356,0.2579340934753418
11,S3,LatCrit,local,local,0,local,local,0,0.42334413528442383,0.46934622526168823,0.046002089977264404,0.004528224468231201,0.09200419485569,0.42334413528442383,0.46934622526168823,0.3456954061985016,0.31031572818756104,0.23096045851707458,0.22033803164958954
11,S3,ComHvy,local,local,0,local,local,0,0.46154671907424927,0.44723647832870483,-0.014310240745544434,0.0006617298349738121,0.03322702646255493,0.46154671907424927,0.44723647832870483,0.31503379344940186,0.3316473066806793,0.2234194427728653,0.22111617028713226
11,S3,BWHvy,local,local,0,local,local,0,0.5551189184188843,0.5890633463859558,0.03394442796707153,0.0033810725435614586,0.06788888573646545,0.5551189184188843,0.5890633463859558,0.15215210616588593,0.12756220996379852,0.292728990316391,0.2833744287490845
11,S4,LatCrit,local,local,0,local,local,0,0.5858306884765625,0.5728713870048523,-0.012959301471710205,0.0008210986852645874,0.03541050851345062,0.5858306884765625,0.5728713870048523,0.16779707372188568,0.16305114328861237,0.24637220799922943,0.26407748460769653
11,S4,ComHvy,local,local,0,local,local,0,0.4088471531867981,0.4257243871688843,0.01687723398208618,0.0005925958976149559,0.03375446796417236,0.4088471531867981,0.4257243871688843,0.32293617725372314,0.31519508361816406,0.26821666955947876,0.25908052921295166
11,S4,BWHvy,local,local,0,BS1,BS1,0,0.4368734359741211,0.4044356942176819,-0.03243774175643921,0.0022620726376771927,0.06487548351287842,0.4368734359741211,0.4044356942176819,0.27341681718826294,0.28370562195777893,0.28970974683761597,0.3118586838245392
11,S5,LatCrit,local,local,0,local,local,0,0.4075775146484375,0.45251286029815674,0.04493534564971924,0.004119386896491051,0.08987067639827728,0.4075775146484375,0.45251286029815674,0.2299356311559677,0.21439576148986816,0.362486869096756,0.3330914080142975
11,S5,ComHvy,local,local,0,local,local,0,0.5068329572677612,0.5280764102935791,0.02124345302581787,0.0032266341149806976,0.06824052333831787,0.5068329572677612,0.5280764102935791,0.232517808675766,0.24539460241794586,0.26064926385879517,0.22652898728847504
11,S5,BWHvy,local,local,0,local,local,0,0.48072510957717896,0.47116225957870483,-0.009562849998474121,0.00036514014936983585,0.02296946942806244,0.48072510957717896,0.47116225957870483,0.2441289871931076,0.2556137144565582,0.27514591813087463,0.27322402596473694
11,S6,LatCrit,local,local,0,local,local,0,0.5396469831466675,0.5310611724853516,-0.008585810661315918,0.00024186383234336972,0.018604785203933716,0.5396469831466675,0.5310611724853516,0.24594023823738098,0.25524261593818665,0.21441277861595154,0.2136961817741394
11,S6,ComHvy,local,local,0,local,local,0,0.4432932138442993,0.4407678246498108,-0.0025253891944885254,9.843194857239723e-05,0.012134462594985962,0.4432932138442993,0.4407678246498108,0.29760241508483887,0.2940605580806732,0.2591043710708618,0.2651715874671936
11,S6,BWHvy,local,local,0,local,local,0,0.43222135305404663,0.44276928901672363,0.010547935962677002,0.000401047058403492,0.025569677352905273,0.43222135305404663,0.44276928901672363,0.3176514506340027,0.30486661195755005,0.2501271963119507,0.2523640990257263
11,S7,LatCrit,local,local,0,local,local,0,0.5220524668693542,0.5281639099121094,0.006111443042755127,0.00019686482846736908,0.01741187274456024,0.5220524668693542,0.5281639099121094,0.21187324821949005,0.21446773409843445,0.2660742998123169,0.2573683559894562
11,S7,ComHvy,local,local,0,local,local,0,0.5177115201950073,0.49545830488204956,-0.022253215312957764,0.0009957291185855865,0.04450637102127075,0.5177115201950073,0.49545830488204956,0.24781353771686554,0.2604128122329712,0.23447498679161072,0.24412886798381805
11,S7,BWHvy,local,local,0,local,local,0,0.5676578879356384,0.5812246203422546,0.013566732406616211,0.0009161215275526047,0.03647094964981079,0.5676578879356384,0.5812246203422546,0.25056034326553345,0.23232488334178925,0.18178173899650574,0.18645049631595612
11,S8,LatCrit,local,local,0,local,local,0,0.5449393391609192,0.5682343244552612,0.02329498529434204,0.0011043762788176537,0.0465899258852005,0.5449393391609192,0.5682343244552612,0.15149275958538055,0.14446008205413818,0.30356788635253906,0.287305623292923
11,S8,ComHvy,local,local,0,local,local,0,0.4894622564315796,0.4930263161659241,0.0035640597343444824,7.67810270190239e-05,0.01118023693561554,0.4894622564315796,0.4930263161659241,0.22081734240055084,0.22284340858459473,0.2897203862667084,0.2841302752494812
11,S8,BWHvy,local,local,0,local,local,0,0.42981845140457153,0.4296172857284546,-0.00020116567611694336,0.0001856451854109764,0.014631584286689758,0.42981845140457153,0.4296172857284546,0.24917680025100708,0.24206219613552094,0.321004718542099,0.32832053303718567
12,S1,LatCrit,local,local,0,local,local,0,0.5621731281280518,0.540959358215332,-0.021213769912719727,0.0014696605503559113,0.043106600642204285,0.5621731281280518,0.540959358215332,0.23271596431732178,0.23237645626068115,0.20511087775230408,0.226664200425148
12,S1,ComHvy,local,local,0,local,local,0,0.4454234838485718,0.42427974939346313,-0.021143734455108643,0.0018162578344345093,0.04823662340641022,0.4454234838485718,0.42427974939346313,0.34417423605918884,0.341199666261673,0.210402250289917,0.2345205694437027
12,S1,BWHvy,local,local,0,local,local,0,0.4928617477416992,0.5109226703643799,0.018060922622680664,0.0011050906032323837,0.04064692556858063,0.4928617477416992,0.5109226703643799,0.225579634308815,0.22784221172332764,0.2815586030483246,0.26123517751693726
12,S2,LatCrit,local,local,0,local,local,0,0.43108510971069336,0.45678192377090454,0.02569681406021118,0.002861674875020981,0.06974264979362488,0.43108510971069336,0.45678192377090454,0.23354697227478027,0.24272146821022034,0.33536794781684875,0.3004966080188751
12,S2,ComHvy,local,local,0,local,local,0,0.5322246551513672,0.5372874736785889,0.00506281852722168,0.0015417728573083878,0.041882067918777466,0.5322246551513672,0.5372874736785889,0.23204182088375092,0.21110078692436218,0.2357335239648819,0.25161173939704895
12,S2,BWHvy,BS1,BS1,0,BS1,BS1,0,0.3876928687095642,0.40289992094039917,0.015207052230834961,0.0016122013330459595,0.047114238142967224,0.370677649974823,0.37902772426605225,0.3876928687095642,0.40289992094039917,0.2416294515132904,0.2180723398923874
12,S3,LatCrit,local,local,0,local,local,0,0.4487200975418091,0.46356600522994995,0.01484590768814087,0.0004575541242957115,0.029691800475120544,0.4487200975418091,0.46356600522994995,0.2974126935005188,0.28751906752586365,0.2538672089576721,0.2489149421453476
12,S3,ComHvy,local,local,0,local,local,0,0.4020736813545227,0.37922191619873047,-0.022851765155792236,0.0011442732065916061,0.04570353031158447,0.4020736813545227,0.37922191619873047,0.27260977029800415,0.28675371408462524,0.32531654834747314,0.3340243697166443
12,S3,BWHvy,local,local,0,local,local,0,0.4828681945800781,0.5040880441665649,0.021219849586486816,0.00156736234202981,0.047285616397857666,0.4828681945800781,0.5040880441665649,0.2694006562232971,0.2457578033208847,0.24773116409778595,0.2501540780067444
12,S4,LatCrit,local,local,0,local,local,0,0.46944594383239746,0.48864686489105225,0.019200921058654785,0.0009062197059392929,0.03840184211730957,0.46944594383239746,0.48864686489105225,0.24863922595977783,0.2460651397705078,0.2819148004055023,0.26528796553611755
12,S4,ComHvy,local,local,0,BS1,BS1,0,0.44626498222351074,0.4229048490524292,-0.023360133171081543,0.0018115825951099396,0.05056726932525635,0.44626498222351074,0.4229048490524292,0.29768940806388855,0.2957659363746643,0.2560455799102783,0.2813292443752289
12,S4,BWHvy,local,local,0,local,local,0,0.5274099111557007,0.5067526698112488,-0.020657241344451904,0.0011160967405885458,0.041314497590065,0.5274099111557007,0.5067526698112488,0.26517733931541443,0.28489360213279724,0.2074127346277237,0.20835372805595398
12,S5,LatCrit,local,local,0,local,local,0,0.4457751512527466,0.4412025809288025,-0.004572570323944092,5.444791167974472e-05,0.009145140647888184,0.4457751512527466,0.4412025809288025,0.24604445695877075,0.2462400496006012,0.30818039178848267,0.3125573694705963
12,S5,ComHvy,local,local,0,local,local,0,0.5474421381950378,0.5426998138427734,-0.004742324352264404,7.54763896111399e-05,0.01007583737373352,0.5474421381950378,0.5426998138427734,0.2290596067905426,0.23409751057624817,0.22349825501441956,0.223202645778656
12,S5,BWHvy,local,local,0,local,local,0,0.4915727972984314,0.5073593854904175,0.015786588191986084,0.001185453962534666,0.04142776131629944,0.4915727972984314,0.5073593854904175,0.2549455761909485,0.23423171043395996,0.2534816265106201,0.25840893387794495
12,S6,LatCrit,local,local,0,local,local,0,0.46945399045944214,0.46231400966644287,-0.007139980792999268,0.00047682272270321846,0.028164461255073547,0.46945399045944214,0.46231400966644287,0.31029990315437317,0.32438212633132935,0.2202461063861847,0.2133038491010666
12,S6,ComHvy,local,local,0,local,local,0,0.5063158273696899,0.5211408734321594,0.014825046062469482,0.0015725679695606232,0.04847925901412964,0.5063158273696899,0.5211408734321594,0.22608809173107147,0.2355027049779892,0.267596036195755,0.24335643649101257
12,S6,BWHvy,local,local,0,local,local,0,0.4940945506095886,0.5068451166152954,0.012750566005706787,0.0003675594925880432,0.02550111711025238,0.4940945506095886,0.5068451166152954,0.23550531268119812,0.23275591433048248,0.27040013670921326,0.2603989839553833
12,S7,LatCrit,local,local,0,local,local,0,0.5494048595428467,0.5278440713882446,-0.02156078815460205,0.001812164206057787,0.04792509973049164,0.5494048595428467,0.5278440713882446,0.19431020319461823,0.21827271580696106,0.2562849819660187,0.2538831830024719
12,S7,ComHvy,local,local,0,local,local,0,0.45130234956741333,0.41688549518585205,-0.03441685438156128,0.0024212729185819626,0.06883373856544495,0.45130234956741333,0.41688549518585205,0.2838713824748993,0.30091872811317444,0.264826238155365,0.2821957767009735
12,S7,BWHvy,local,local,0,local,local,0,0.5493068099021912,0.548079788684845,-0.0012270212173461914,0.0012239031493663788,0.034137606620788574,0.5493068099021912,0.548079788684845,0.197331041097641,0.1814892292022705,0.25336217880249023,0.27043095231056213
12,S8,LatCrit,local,local,0,local,local,0,0.4956427812576294,0.5204800367355347,0.024837255477905273,0.0012397030368447304,0.04967451095581055,0.4956427812576294,0.5204800367355347,0.210920512676239,0.20158490538597107,0.2934367060661316,0.27793505787849426
12,S8,ComHvy,local,local,0,local,local,0,0.4203639030456543,0.4284657835960388,0.008101880550384521,0.00015104934573173523,0.016203731298446655,0.4203639030456543,0.4284657835960388,0.2862572968006134,0.2800789773464203,0.2933787703514099,0.2914552390575409
12,S8,BWHvy,local,local,0,local,local,0,0.4941335916519165,0.4959983825683594,0.001864790916442871,7.3252886068075895e-06,0.003729581832885742,0.4941335916519165,0.4959983825683594,0.29257920384407043,0.2912021279335022,0.21328720450401306,0.21279948949813843
13,S1,LatCrit,local,local,0,local,BS2,1,0.4534626007080078,0.4391663074493408,-0.014296293258666992,0.00098482146859169,0.036714643239974976,0.4534626007080078,0.4391663074493408,0.21891027688980103,0.23726758360862732,0.32762712240219116,0.3235660791397095
13,S1,ComHvy,local,local,0,BS1,BS1,0,0.4350302219390869,0.43043893575668335,-0.0045912861824035645,0.00015343539416790009,0.016182154417037964,0.4350302219390869,0.43043893575668335,0.30582165718078613,0.3139127194881439,0.25914815068244934,0.25564834475517273
13,S1,BWHvy,local,local,0,BS2,BS2,0,0.5011813044548035,0.4934617280960083,-0.007719576358795166,0.0009356057271361351,0.03657287359237671,0.5011813044548035,0.4934617280960083,0.24562352895736694,0.2639099657535553,0.2531951665878296,0.2426283061504364
13,S2,LatCrit,local,local,0,local,local,0,0.5872658491134644,0.587990403175354,0.0007245540618896484,0.0008046096190810204,0.026471659541130066,0.5872658491134644,0.587990403175354,0.19216157495975494,0.20467287302017212,0.2205725610256195,0.20733675360679626
13,S2,ComHvy,local,local,0,local,local,0,0.45782071352005005,0.45273280143737793,-0.005087912082672119,0.000503934919834137,0.027797311544418335,0.45782071352005005,0.45273280143737793,0.2381560504436493,0.22934529185295105,0.30402326583862305,0.317921906709671
13,S2,BWHvy,local,local,0,local,local,0,0.504380464553833,0.513664186000824,0.009283721446990967,0.00017686374485492706,0.018567457795143127,0.504380464553833,0.513664186000824,0.23868446052074432,0.23523488640785217,0.25693508982658386,0.25110092759132385
13,S3,LatCrit,local,local,0,local,local,0,0.5801686644554138,0.6066824197769165,0.026513755321502686,0.0014622248709201813,0.05302754044532776,0.5801686644554138,0.6066824197769165,0.2604029178619385,0.24397848546504974,0.1594284474849701,0.14933909475803375
13,S3,ComHvy,local,local,0,local,local,0,0.4960232973098755,0.4897910952568054,-0.006232202053070068,9.807768947212026e-05,0.012657389044761658,0.4960232973098755,0.4897910952568054,0.3376156985759735,0.34394440054893494,0.166361004114151,0.16626451909542084
13,S3,BWHvy,local,local,0,local,local,0,0.5817267894744873,0.6028561592102051,0.021129369735717773,0.0025913696736097336,0.058567360043525696,0.5817267894744873,0.6028561592102051,0.22934307157993317,0.2000594139099121,0.18893012404441833,0.1970844566822052
13,S4,LatCrit,local,local,0,local,local,0,0.5431392192840576,0.5261444449424744,-0.016994774341583252,0.0008178818970918655,0.03564690053462982,0.5431392192840576,0.5261444449424744,0.17688681185245514,0.1760581135749817,0.2799740135669708,0.29779744148254395
13,S4,ComHvy,local,local,0,local,local,0,0.49304109811782837,0.49228495359420776,-0.0007561445236206055,1.7849495634436607e-05,0.004886463284492493,0.49304109811782837,0.49228495359420776,0.17106840014457703,0.1693813055753708,0.3358905017375946,0.33833372592926025
13,S4,BWHvy,BS1,BS1,0,BS1,BS1,0,0.36517107486724854,0.38686075806617737,0.021689683198928833,0.0026248516514897346,0.06406828761100769,0.2990724444389343,0.2670382857322693,0.36517107486724854,0.38686075806617737,0.3357565104961395,0.34610095620155334
13,S5,LatCrit,local,BS2,1,BS2,BS2,0,0.39049792289733887,0.3900567293167114,-0.0004411935806274414,0.0003171078860759735,0.023610815405845642,0.39049792289733887,0.37869250774383545,0.22434790432453156,0.23125076293945312,0.38515418767929077,0.3900567293167114
13,S5,ComHvy,local,local,0,local,local,0,0.5613610744476318,0.5683025121688843,0.006941437721252441,0.00101371668279171,0.03520984947681427,0.5613610744476318,0.5683025121688843,0.2073500156402588,0.21801352500915527,0.23128889501094818,0.21368399262428284
13,S5,BWHvy,local,local,0,local,local,0,0.5451531410217285,0.5694931745529175,0.024340033531188965,0.0016884095966815948,0.04868006706237793,0.5451531410217285,0.5694931745529175,0.2538608908653259,0.2501106858253479,0.20098596811294556,0.18039613962173462
13,S6,LatCrit,local,local,0,local,local,0,0.4485585689544678,0.47363728284835815,0.02507871389389038,0.0018542760517448187,0.05015747249126434,0.4485585689544678,0.47363728284835815,0.2696475684642792,0.24522705376148224,0.28179389238357544,0.2811356484889984
13,S6,ComHvy,local,local,0,local,local,0,0.6009247303009033,0.5901190042495728,-0.010805726051330566,0.0013420414179563522,0.03767092525959015,0.6009247303009033,0.5901190042495728,0.14693570137023926,0.16577117145061493,0.25213953852653503,0.24410980939865112
13,S6,BWHvy,local,local,0,local,local,0,0.6090129613876343,0.577395498752594,-0.03161746263504028,0.002068083733320236,0.06323495507240295,0.6090129613876343,0.577395498752594,0.18114207684993744,0.19679036736488342,0.2098449170589447,0.2258141189813614
13,S7,LatCrit,local,local,0,BS2,BS2,0,0.5602823495864868,0.5606842041015625,0.0004018545150756836,3.838067641481757e-07,0.000803723931312561,0.5602823495864868,0.5606842041015625,0.17224964499473572,0.17200882732868195,0.26746800541877747,0.26730695366859436
13,S7,ComHvy,local,local,0,local,local,0,0.4545753002166748,0.45132261514663696,-0.003252685070037842,7.035816088318825e-05,0.011170923709869385,0.4545753002166748,0.45132261514663696,0.2047000676393509,0.20236729085445404,0.3407246470451355,0.3463101089000702
13,S7,BWHvy,local,local,0,local,local,0,0.523909330368042,0.5076223611831665,-0.01628696918487549,0.0005854014307260513,0.03257393836975098,0.523909330368042,0.5076223611831665,0.22072434425354004,0.22456395626068115,0.2553662955760956,0.26781365275382996
13,S8,LatCrit,local,local,0,local,local,0,0.519924521446228,0.5149295926094055,-0.00499492883682251,5.851965397596359e-05,0.009989812970161438,0.519924521446228,0.5149295926094055,0.2299487143754959,0.23378616571426392,0.25012677907943726,0.2512842118740082
13,S8,ComHvy,local,local,0,BS2,BS2,0,0.4799453616142273,0.4803889989852905,0.0004436373710632324,0.000684758648276329,0.027077004313468933,0.4799453616142273,0.4803889989852905,0.23254095017910004,0.24563580751419067,0.2875136733055115,0.2739751636981964
13,S8,BWHvy,BS2,BS2,0,local,local,0,0.3912290334701538,0.4061160683631897,0.014887034893035889,0.0005586929619312286,0.029774025082588196,0.3764933943748474,0.36211079359054565,0.23227755725383759,0.23177316784858704,0.3912290334701538,0.4061160683631897
14,S1,LatCrit,local,local,0,local,local,0,0.549441933631897,0.5152525901794434,-0.03418934345245361,0.0031258303206413984,0.0686025619506836,0.549441933631897,0.5152525901794434,0.2692023813724518,0.3035036623477936,0.18135568499565125,0.18124374747276306
14,S1,ComHvy,local,local,0,local,local,0,0.557518720626831,0.5523930788040161,-0.005125641822814941,0.0005722744390368462,0.025590762495994568,0.557518720626831,0.5523930788040161,0.18001925945281982,0.1928146332502365,0.2624620199203491,0.2547922730445862
14,S1,BWHvy,local,local,0,local,local,0,0.4474108815193176,0.4406265616416931,-0.006784319877624512,0.00014993781223893166,0.015522778034210205,0.4474108815193176,0.4406265616416931,0.2441362738609314,0.2431592047214508,0.308452844619751,0.3162142336368561
14,S2,LatCrit,local,local,0,local,local,0,0.5474655628204346,0.5563549995422363,0.008889436721801758,0.000807151198387146,0.033957600593566895,0.5474655628204346,0.5563549995422363,0.18586915731430054,0.19395850598812103,0.2666652798652649,0.24968646466732025
14,S2,ComHvy,local,local,0,local,local,0,0.4556446671485901,0.4492175579071045,-0.006427109241485596,0.0007110107690095901,0.03315185010433197,0.4556446671485901,0.4492175579071045,0.2556261420249939,0.2454773336648941,0.288729190826416,0.3053051233291626
14,S2,BWHvy,local,local,0,local,local,0,0.5572171211242676,0.5472225546836853,-0.009994566440582275,0.0014470461755990982,0.044749677181243896,0.5572171211242676,0.5472225546836853,0.14860481023788452,0.13622453808784485,0.2941780686378479,0.31655290722846985
14,S3,LatCrit,local,local,0,local,local,0,0.5785439014434814,0.5941770076751709,0.015633106231689453,0.0024577975273132324,0.057866424322128296,0.5785439014434814,0.5941770076751709,0.26229095458984375,0.2333577573299408,0.1591651439666748,0.1724652647972107
14,S3,ComHvy,local,local,0,BS1,BS1,0,0.5634176731109619,0.5693775415420532,0.005959868431091309,0.0012006089091300964,0.03558534383773804,0.5634176731109619,0.5693775415420532,0.2478661686182022,0.2596989870071411,0.1887161284685135,0.17092347145080566
14,S3,BWHvy,local,local,0,local,local,0,0.5141026377677917,0.532863974571228,0.01876133680343628,0.0017312420532107353,0.04605957865715027,0.5141026377677917,0.532863974571228,0.20986498892307281,0.18683521449565887,0.27603232860565186,0.2803007960319519
14,S4,LatCrit,local,local,0,local,local,0,0.5043227672576904,0.4823952317237854,-0.02192753553390503,0.0012760031968355179,0.043855056166648865,0.5043227672576904,0.4823952317237854,0.2523219585418701,0.2542745769023895,0.24335528910160065,0.2633301913738251
14,S4,ComHvy,local,local,0,local,local,0,0.5306617021560669,0.5222688913345337,-0.008392810821533203,0.0013246424496173859,0.04133453965187073,0.5306617021560669,0.5222688913345337,0.2091168910264969,0.22978414595127106,0.2602214217185974,0.24794694781303406
14,S4,BWHvy,local,local,0,local,BS2,1,0.38580596446990967,0.3544420003890991,-0.03136396408081055,0.0023277513682842255,0.0627278983592987,0.38580596446990967,0.3544420003890991,0.3097967803478241,0.31728294491767883,0.3043972849845886,0.32827505469322205
14,S5,LatCrit,local,local,0,BS1,BS1,0,0.4333178997039795,0.45419222116470337,0.020874321460723877,0.004067661240696907,0.07659406960010529,0.4333178997039795,0.45419222116470337,0.2624395191669464,0.22414247691631317,0.3042425513267517,0.3216652572154999
14,S5,ComHvy,local,local,0,local,local,0,0.5004125833511353,0.4631061553955078,-0.03730642795562744,0.0027920007705688477,0.07461284101009369,0.5004125833511353,0.4631061553955078,0.2864423990249634,0.3083323836326599,0.21314503252506256,0.22856146097183228
14,S5,BWHvy,local,local,0,local,local,0,0.5206890106201172,0.5271841287612915,0.006495118141174316,0.0006585977971553802,0.028415337204933167,0.5206890106201172,0.5271841287612915,0.2723867893218994,0.28009936213493347,0.20692415535449982,0.19271650910377502
14,S6,LatCrit,local,local,0,BS2,BS2,0,0.4786592721939087,0.4976542592048645,0.01899498701095581,0.002688240259885788,0.055787280201911926,0.4786592721939087,0.4976542592048645,0.19553245604038239,0.16763880848884583,0.3258082866668701,0.3347069323062897
14,S6,ComHvy,local,local,0,local,local,0,0.5324448347091675,0.5473108291625977,0.014865994453430176,0.0004664575681090355,0.029731959104537964,0.5324448347091675,0.5473108291625977,0.1934605985879898,0.1894390732049942,0.2740945816040039,0.2632501423358917
14,S6,BWHvy,local,local,0,local,local,0,0.46969789266586304,0.4409857988357544,-0.028712093830108643,0.0017880918458104134,0.0574241578578949,0.46969789266586304,0.4409857988357544,0.215272456407547,0.23284894227981567,0.31502965092658997,0.32616522908210754
14,S7,LatCrit,local,local,0,local,local,0,0.5443626642227173,0.515123724937439,-0.02923893928527832,0.0018481835722923279,0.05847786366939545,0.5443626642227173,0.515123724937439,0.19560740888118744,0.2139875292778015,0.26002994179725647,0.2708887457847595
14,S7,ComHvy,local,local,0,local,local,0,0.5785790681838989,0.5860124826431274,0.007433414459228516,0.00016844458878040314,0.014866873621940613,0.5785790681838989,0.5860124826431274,0.2183132767677307,0.21779374778270721,0.20310766994953156,0.19619373977184296
14,S7,BWHvy,local,local,0,local,local,0,0.48100465536117554,0.48447173833847046,0.003467082977294922,0.001183144748210907,0.03823862969875336,0.48100465536117554,0.48447173833847046,0.2267364263534546,0.24238865077495575,0.2922589182853699,0.2731395959854126
14,S8,LatCrit,local,local,0,local,local,0,0.527596652507782,0.5176455974578857,-0.00995105504989624,0.001009950414299965,0.038811326026916504,0.527596652507782,0.5176455974578857,0.21751751005649567,0.20806290209293365,0.25488585233688354,0.2742915153503418
14,S8,ComHvy,local,local,0,local,local,0,0.5514923930168152,0.5376178026199341,-0.013874590396881104,0.0006047434872016311,0.030169159173965454,0.5514923930168152,0.5376178026199341,0.2587171196937561,0.2738017141819,0.18979045748710632,0.1885804831981659
14,S8,BWHvy,local,BS2,1,BS1,BS1,0,0.34665608406066895,0.3466300666332245,-2.6017427444458008e-05,0.0012544207274913788,0.04506063461303711,0.34665608406066895,0.3241257667541504,0.32423821091651917,0.3292441666126251,0.3291057050228119,0.3466300666332245
15,S1,LatCrit,local,local,0,local,local,0,0.6075117588043213,0.5869967937469482,-0.020514965057373047,0.00229033175855875,0.05463579297065735,0.6075117588043213,0.5869967937469482,0.18692174553871155,0.21423964202404022,0.20556652545928955,0.19876359403133392
15,S1,ComHvy,local,local,0,local,local,0,0.4670521020889282,0.48204541206359863,0.01499330997467041,0.0016809199005365372,0.04923991858959198,0.4670521020889282,0.48204541206359863,0.2802973687648773,0.2899240255355835,0.25265052914619446,0.22803057730197906
15,S1,BWHvy,local,local,0,local,local,0,0.46321505308151245,0.4791499972343445,0.01593494415283203,0.000739413604605943,0.03228500485420227,0.46321505308151245,0.4791499972343445,0.28724798560142517,0.27110546827316284,0.24953699111938477,0.24974453449249268
15,S2,LatCrit,local,local,0,local,local,0,0.49771904945373535,0.5123367309570312,0.014617681503295898,0.0011778413318097591,0.04050074517726898,0.49771904945373535,0.5123367309570312,0.2394665777683258,0.2192162126302719,0.26281434297561646,0.26844704151153564
15,S2,ComHvy,local,local,0,BS1,BS1,0,0.4109008312225342,0.3817574381828308,-0.02914339303970337,0.0018294285982847214,0.05828678607940674,0.4109008312225342,0.3817574381828308,0.27131417393684387,0.2808733880519867,0.31778502464294434,0.3373692035675049
15,S2,BWHvy,local,local,0,local,local,0,0.5205023288726807,0.5380305051803589,0.017528176307678223,0.0030407682061195374,0.06173186004161835,0.5205023288726807,0.5380305051803589,0.21737276017665863,0.18650680780410767,0.2621249258518219,0.27546265721321106
15,S3,LatCrit,local,local,0,local,local,0,0.4736267924308777,0.490710973739624,0.017084181308746338,0.0015149442479014397,0.04803793132305145,0.4736267924308777,0.490710973739624,0.2735365927219391,0.24951763451099396,0.2528366148471832,0.2597714066505432
15,S3,ComHvy,local,local,0,local,local,0,0.5372547507286072,0.5275144577026367,-0.009740293025970459,0.0002363668754696846,0.0194806307554245,0.5372547507286072,0.5275144577026367,0.29840362071990967,0.3014887273311615,0.16434162855148315,0.17099685966968536
15,S3,BWHvy,local,local,0,local,local,0,0.5585790872573853,0.5637527704238892,0.005173683166503906,5.684758070856333e-05,0.010347440838813782,0.5585790872573853,0.5637527704238892,0.24368514120578766,0.2401185780763626,0.19773581624031067,0.19612862169742584
15,S4,LatCrit,local,local,0,local,local,0,0.4230177402496338,0.40359991788864136,-0.01941782236099243,0.0007831072434782982,0.03883564472198486,0.4230177402496338,0.40359991788864136,0.326033353805542,0.3359450399875641,0.2509489059448242,0.26045504212379456
15,S4,ComHvy,local,local,0,local,local,0,0.5456323623657227,0.560736894607544,0.015104532241821289,0.0004848223179578781,0.030209064483642578,0.5456323623657227,0.560736894607544,0.1569620966911316,0.15383917093276978,0.29740557074546814,0.28542396426200867
15,S4,BWHvy,local,local,0,BS1,BS1,0,0.4438031315803528,0.41591644287109375,-0.027886688709259033,0.0016149282455444336,0.05577339231967926,0.4438031315803528,0.41591644287109375,0.23418796062469482,0.24326695501804352,0.32200887799263,0.34081658720970154
15,S5,LatCrit,local,local,0,BS1,BS1,0,0.36922913789749146,0.38090378046035767,0.011674642562866211,0.0003270094748586416,0.023349285125732422,0.36922913789749146,0.38090378046035767,0.3573046922683716,0.34737181663513184,0.27346616983413696,0.2717244029045105
15,S5,ComHvy,local,local,0,local,local,0,0.5854591131210327,0.5838114619255066,-0.001647651195526123,0.0007482217624783516,0.026181817054748535,0.5854591131210327,0.5838114619255066,0.24794098734855652,0.2610318958759308,0.16659988462924957,0.15515662729740143
15,S5,BWHvy,local,local,0,local,local,0,0.550920844078064,0.5839447379112244,0.0330238938331604,0.0025932397693395615,0.06604781746864319,0.550920844078064,0.5839447379112244,0.2624496519565582,0.2513645887374878,0.186629518866539,0.16469065845012665
15,S6,LatCrit,local,local,0,BS2,BS2,0,0.46371912956237793,0.47230249643325806,0.008583366870880127,0.003075670450925827,0.06487250328063965,0.46371912956237793,0.47230249643325806,0.3125962018966675,0.28015995025634766,0.2236846685409546,0.2475375533103943
15,S6,ComHvy,local,local,0,local,local,0,0.48670756816864014,0.4969140291213989,0.010206460952758789,0.0007163970731198788,0.032676175236701965,0.48670756816864014,0.4969140291213989,0.25899142026901245,0.24265332520008087,0.2543010115623474,0.260432630777359
15,S6,BWHvy,local,local,0,local,local,0,0.5529289841651917,0.5448946952819824,-0.008034288883209229,0.002681603655219078,0.056705862283706665,0.5529289841651917,0.5448946952819824,0.20986254513263702,0.18954387307167053,0.23720847070217133,0.26556137204170227
15,S7,LatCrit,local,local,0,local,local,0,0.5249576568603516,0.511170506477356,-0.013787150382995605,0.0004980470985174179,0.027574345469474792,0.5249576568603516,0.511170506477356,0.262773722410202,0.26498666405677795,0.21226859092712402,0.22384284436702728
15,S7,ComHvy,local,local,0,BS2,BS2,0,0.46226418018341064,0.4724122881889343,0.010148108005523682,0.00044003967195749283,0.025370359420776367,0.46226418018341064,0.4724122881889343,0.2767782211303711,0.2793152928352356,0.26095759868621826,0.24827241897583008
15,S7,BWHvy,local,local,0,local,local,0,0.5175697803497314,0.5137453079223633,-0.003824472427368164,0.0029922835528850555,0.05745577812194824,0.5175697803497314,0.5137453079223633,0.22736608982086182,0.20246270298957825,0.25506412982940674,0.28379204869270325
15,S8,LatCrit,local,local,0,BS2,BS1,1,0.4278150796890259,0.42010074853897095,-0.007714331150054932,0.002103859558701515,0.05598282814025879,0.4278150796890259,0.42010074853897095,0.34017136693000793,0.36816278100013733,0.2320135235786438,0.21173644065856934
15,S8,ComHvy,local,local,0,local,local,0,0.5042209029197693,0.5298004746437073,0.02557957172393799,0.0019251517951488495,0.05216015875339508,0.5042209029197693,0.5298004746437073,0.2160152792930603,0.21651579439640045,0.2797638177871704,0.25368374586105347
15,S8,BWHvy,local,local,0,local,local,0,0.5226818919181824,0.5275903940200806,0.004908502101898193,5.560740828514099e-05,0.009816974401473999,0.5226818919181824,0.5275903940200806,0.17385220527648926,0.17332670092582703,0.30346593260765076,0.2990829646587372
16,S1,LatCrit,local,local,0,local,local,0,0.5146580934524536,0.49484574794769287,-0.019812345504760742,0.0020852219313383102,0.05577096343040466,0.5146580934524536,0.49484574794769287,0.25504931807518005,0.24697619676589966,0.23029255867004395,0.25817805528640747
16,S1,ComHvy,local,local,0,local,local,0,0.41558074951171875,0.448783278465271,0.033202528953552246,0.002842264249920845,0.06640507280826569,0.41558074951171875,0.448783278465271,0.3338638246059418,0.3024654686450958,0.2505554258823395,0.24875123798847198
16,S1,BWHvy,local,local,0,local,local,0,0.5020742416381836,0.5258404016494751,0.023766160011291504,0.0011371951550245285,0.04753229022026062,0.5020742416381836,0.5258404016494751,0.23435936868190765,0.22433246672153473,0.26356637477874756,0.24982714653015137
16,S2,LatCrit,local,local,0,local,local,0,0.420778751373291,0.432451069355011,0.01167231798171997,0.0002789837308228016,0.02334463596343994,0.420778751373291,0.432451069355011,0.24583125114440918,0.2413407862186432,0.3333899974822998,0.3262081444263458
16,S2,ComHvy,local,local,0,local,local,0,0.46673035621643066,0.4690181612968445,0.0022878050804138184,0.0003593983128666878,0.02129119634628296,0.46673035621643066,0.4690181612968445,0.282558411359787,0.29091620445251465,0.25071123242378235,0.24006563425064087
16,S2,BWHvy,local,local,0,local,local,0,0.4140874743461609,0.41648226976394653,0.0023947954177856445,4.138448275625706e-05,0.008734509348869324,0.4140874743461609,0.41648226976394653,0.39318275451660156,0.3888154923915863,0.19272978603839874,0.19470223784446716
16,S3,LatCrit,local,local,0,BS1,BS1,0,0.3729899525642395,0.36424046754837036,-0.00874948501586914,0.0021365806460380554,0.05932801961898804,0.3729899525642395,0.36424046754837036,0.29817864298820496,0.2772641181945801,0.32883143424987793,0.35849544405937195
16,S3,ComHvy,local,local,0,BS1,BS1,0,0.4778459668159485,0.4598289728164673,-0.0180169939994812,0.00175529345870018,0.050765395164489746,0.4778459668159485,0.4598289728164673,0.2935507595539093,0.28618505597114563,0.22860324382781982,0.2539859414100647
16,S3,BWHvy,local,local,0,BS2,BS2,0,0.4220343828201294,0.42427003383636475,0.0022356510162353516,0.0003448324277997017,0.02180841565132141,0.4220343828201294,0.42427003383636475,0.29019030928611755,0.2988588511943817,0.28777530789375305,0.27687108516693115
16,S4,LatCrit,local,local,0,BS1,BS1,0,0.4966263175010681,0.50435471534729,0.007728397846221924,0.00032932963222265244,0.021707847714424133,0.4966263175010681,0.50435471534729,0.2617033123970032,0.2648288309574127,0.2416703850030899,0.23081645369529724
16,S4,ComHvy,local,local,0,local,local,0,0.4879302978515625,0.49409234523773193,0.006162047386169434,0.0014252206310629845,0.043149352073669434,0.4879302978515625,0.49409234523773193,0.26714327931404114,0.24556860327720642,0.24492645263671875,0.26033908128738403
16,S4,BWHvy,local,local,0,local,local,0,0.5709848403930664,0.5634637475013733,-0.007521092891693115,0.0001354571431875229,0.015042141079902649,0.5709848403930664,0.5634637475013733,0.20305947959423065,0.20450080931186676,0.22595573961734772,0.23203545808792114
16,S5,LatCrit,local,local,0,local,local,0,0.5317511558532715,0.5303633213043213,-0.0013878345489501953,8.554081432521343e-05,0.010238513350486755,0.5317511558532715,0.5303633213043213,0.255353718996048,0.26047298312187195,0.21289511024951935,0.20916369557380676
16,S5,ComHvy,local,local,0,local,local,0,0.5757900476455688,0.5628660917282104,-0.012923955917358398,0.0004138331860303879,0.02584780752658844,0.5757900476455688,0.5628660917282104,0.24660958349704742,0.25010067224502563,0.1776004284620285,0.18703319132328033
16,S5,BWHvy,local,local,0,local,local,0,0.5028934478759766,0.5117624998092651,0.008869051933288574,0.0003642858937382698,0.02445472776889801,0.5028934478759766,0.5117624998092651,0.2966371476650238,0.284409761428833,0.2004694640636444,0.20382775366306305
16,S6,LatCrit,local,local,0,local,BS1,1,0.43967926502227783,0.41572391986846924,-0.023955345153808594,0.0017532659694552422,0.05666781961917877,0.43967926502227783,0.41572391986846924,0.37326154112815857,0.40159547328948975,0.1870591789484024,0.1826806366443634
16,S6,ComHvy,local,local,0,local,local,0,0.5169309377670288,0.5217539072036743,0.004822969436645508,5.6755729019641876e-05,0.009645923972129822,0.5169309377670288,0.5217539072036743,0.21416540443897247,0.21356919407844543,0.2689036428928375,0.26467689871788025
16,S6,BWHvy,local,local,0,BS1,BS1,0,0.5277602076530457,0.5346875190734863,0.006927311420440674,0.00010158726945519447,0.01385459303855896,0.5277602076530457,0.5346875190734863,0.26160913705825806,0.2588620185852051,0.2106306403875351,0.2064504772424698
16,S7,LatCrit,local,local,0,local,local,0,0.5116145610809326,0.4744703769683838,-0.03714418411254883,0.003420798107981682,0.07428833842277527,0.5116145610809326,0.4744703769683838,0.25759193301200867,0.26354050636291504,0.23079350590705872,0.2619890868663788
16,S7,ComHvy,local,local,0,local,local,0,0.47488516569137573,0.5059740543365479,0.03108888864517212,0.003159651532769203,0.062177807092666626,0.47488516569137573,0.5059740543365479,0.2925475239753723,0.2918891906738281,0.23256734013557434,0.20213675498962402
16,S7,BWHvy,local,local,0,local,local,0,0.49081677198410034,0.507743239402771,0.016926467418670654,0.0012389826588332653,0.04394838213920593,0.49081677198410034,0.507743239402771,0.2836126983165741,0.26163849234580994,0.22557051479816437,0.23061822354793549
16,S8,LatCrit,local,local,0,local,local,0,0.49386852979660034,0.5271854400634766,0.03331691026687622,0.0022897785529494286,0.06663386523723602,0.49386852979660034,0.5271854400634766,0.2885776162147522,0.2657719552516937,0.21755386888980865,0.20704257488250732
16,S8,ComHvy,local,local,0,local,local,0,0.5611351132392883,0.5983728766441345,0.03723776340484619,0.003024982288479805,0.07447554171085358,0.5611351132392883,0.5983728766441345,0.1827288568019867,0.17268897593021393,0.25613605976104736,0.22893816232681274
16,S8,BWHvy,local,local,0,local,local,0,0.526626706123352,0.5496408343315125,0.0230141282081604,0.0013573076575994492,0.04602824151515961,0.526626706123352,0.5496408343315125,0.2425062209367752,0.23859408497810364,0.23086705803871155,0.2117650806903839
17,S1,LatCrit,local,local,0,local,local,0,0.5889413952827454,0.5660501718521118,-0.022891223430633545,0.0012552274856716394,0.04578244686126709,0.5889413952827454,0.5660501718521118,0.22955182194709778,0.2487628161907196,0.18150678277015686,0.18518701195716858
17,S1,ComHvy,local,local,0,local,local,0,0.42978179454803467,0.42416059970855713,-0.005621194839477539,0.0015946775674819946,0.04682835936546326,0.42978179454803467,0.42416059970855713,0.24498796463012695,0.2684021592140198,0.325230211019516,0.3074372410774231
17,S1,BWHvy,local,local,0,local,local,0,0.47099006175994873,0.4669720530509949,-0.004018008708953857,0.0026036184281110764,0.05612654983997345,0.47099006175994873,0.4669720530509949,0.2908589839935303,0.266813725233078,0.2381509393453598,0.2662142217159271
17,S2,LatCrit,local,local,0,local,local,0,0.5244324803352356,0.5010133981704712,-0.023419082164764404,0.0021458063274621964,0.05806314945220947,0.5244324803352356,0.5010133981704712,0.22003251314163208,0.21442002058029175,0.2555350065231323,0.28456658124923706
17,S2,ComHvy,local,local,0,local,local,0,0.5066473484039307,0.4832860231399536,-0.02336132526397705,0.0014173907693475485,0.046722665429115295,0.5066473484039307,0.4832860231399536,0.28184786438941956,0.30444666743278503,0.21150480210781097,0.21226733922958374
17,S2,BWHvy,local,local,0,local,local,0,0.5411694645881653,0.5276442170143127,-0.013525247573852539,0.003560014069080353,0.06978259980678558,0.5411694645881653,0.5276442170143127,0.27361249923706055,0.30850380659103394,0.18521803617477417,0.16385199129581451
17,S3,LatCrit,local,local,0,local,local,0,0.47424769401550293,0.48988115787506104,0.015633463859558105,0.0006198999471962452,0.03188866376876831,0.47424769401550293,0.48988115787506104,0.3565744161605835,0.34063008427619934,0.16917788982391357,0.16948875784873962
17,S3,ComHvy,local,local,0,local,local,0,0.5556210875511169,0.5653465986251831,0.009725511074066162,0.0029299501329660416,0.05836448073387146,0.5556210875511169,0.5653465986251831,0.2319754958152771,0.20279327034950256,0.21240343153476715,0.2318601757287979
17,S3,BWHvy,local,local,0,local,local,0,0.4615561366081238,0.44469118118286133,-0.01686495542526245,0.0006924914196133614,0.0337299108505249,0.4615561366081238,0.44469118118286133,0.20357266068458557,0.21560394763946533,0.33487120270729065,0.33970487117767334
17,S4,LatCrit,local,local,0,BS1,BS1,0,0.4841453433036804,0.5018393993377686,0.017694056034088135,0.001106048235669732,0.037221670150756836,0.4841453433036804,0.5018393993377686,0.23201297223567963,0.2134021371603012,0.28384169936180115,0.28475847840309143
17,S4,ComHvy,local,local,0,local,local,0,0.5104697346687317,0.5174109935760498,0.006941258907318115,0.0006706882268190384,0.030621856451034546,0.5104697346687317,0.5174109935760498,0.23389855027198792,0.24226821959018707,0.2556317448616028,0.2403208166360855
17,S4,BWHvy,local,local,0,local,local,0,0.45580220222473145,0.467324435710907,0.011522233486175537,0.0005144604947417974,0.028337538242340088,0.45580220222473145,0.467324435710907,0.29018598794937134,0.2760172188282013,0.2540118098258972,0.2566583454608917
17,S5,LatCrit,local,local,0,BS2,BS2,0,0.43102312088012695,0.4214414358139038,-0.009581685066223145,0.00220402330160141,0.05826500058174133,0.43102312088012695,0.4214414358139038,0.2872847616672516,0.31641724705696106,0.28169211745262146,0.26214128732681274
17,S5,ComHvy,local,local,0,local,local,0,0.43616384267807007,0.47081661224365234,0.034652769565582275,0.0024724239483475685,0.06930552423000336,0.43616384267807007,0.47081661224365234,0.32862967252731323,0.30481255054473877,0.2352064698934555,0.2243708372116089
17,S5,BWHvy,local,local,0,local,local,0,0.5396983027458191,0.517278790473938,-0.022419512271881104,0.0010080868378281593,0.044839054346084595,0.5396983027458191,0.517278790473938,0.21058429777622223,0.221089705824852,0.24971741437911987,0.2616315484046936
17,S6,LatCrit,local,local,0,BS1,BS1,0,0.45354098081588745,0.48406314849853516,0.030522167682647705,0.0019836202263832092,0.0610443651676178,0.45354098081588745,0.48406314849853516,0.3052351772785187,0.2934305965900421,0.24122385680675507,0.22250624001026154
17,S6,ComHvy,local,local,0,BS1,BS1,0,0.46539831161499023,0.4779229760169983,0.012524664402008057,0.0005436819046735764,0.028213411569595337,0.46539831161499023,0.4779229760169983,0.25859352946281433,0.26017555594444275,0.27600815892219543,0.2619014382362366
17,S6,BWHvy,local,local,0,local,local,0,0.42956358194351196,0.42424094676971436,-0.005322635173797607,0.00031487271189689636,0.02304205298423767,0.42956358194351196,0.42424094676971436,0.25403472781181335,0.24783635139465332,0.3164016306400299,0.32792267203330994
17,S7,LatCrit,local,local,0,local,local,0,0.5833641290664673,0.5880550146102905,0.004690885543823242,0.00032564159482717514,0.019715264439582825,0.5833641290664673,0.5880550146102905,0.2051825225353241,0.1953248679637909,0.21145334839820862,0.216620072722435
17,S7,ComHvy,local,local,0,local,local,0,0.436834454536438,0.4469982385635376,0.01016378402709961,0.0006517032161355019,0.03227517008781433,0.436834454536438,0.4469982385635376,0.28694844245910645,0.2708108425140381,0.27621710300445557,0.28219088912010193
17,S7,BWHvy,local,local,0,local,local,0,0.48584234714508057,0.46086418628692627,-0.024978160858154297,0.0015573259443044662,0.0499563068151474,0.48584234714508057,0.46086418628692627,0.2819305658340454,0.2863750159740448,0.23222710192203522,0.25276079773902893
17,S8,LatCrit,local,local,0,local,local,0,0.5544623136520386,0.5616502165794373,0.007187902927398682,0.0006808978505432606,0.029070064425468445,0.5544623136520386,0.5616502165794373,0.21239657700061798,0.19786153733730316,0.23314113914966583,0.24048826098442078
17,S8,ComHvy,local,local,0,local,local,0,0.48606061935424805,0.4910760521888733,0.005015432834625244,0.001030811108648777,0.03530290722846985,0.48606061935424805,0.4910760521888733,0.22274763882160187,0.20509620010852814,0.2911917269229889,0.30382776260375977
17,S8,BWHvy,local,local,0,local,local,0,0.5040833950042725,0.515967607498169,0.011884212493896484,0.0003595510497689247,0.023768454790115356,0.5040833950042725,0.515967607498169,0.27128612995147705,0.26902148127555847,0.2246304601430893,0.215010866522789
18,S1,LatCrit,local,local,0,local,local,0,0.5920948386192322,0.5718897581100464,-0.02020508050918579,0.001677162479609251,0.049663394689559937,0.5920948386192322,0.5718897581100464,0.22751237452030182,0.2523440420627594,0.1803928017616272,0.17576615512371063
18,S1,ComHvy,local,local,0,local,local,0,0.46889472007751465,0.48477405309677124,0.015879333019256592,0.001146465539932251,0.04064363241195679,0.46889472007751465,0.48477405309677124,0.27393054962158203,0.27837303280830383,0.2571747303009033,0.23685291409492493
18,S1,BWHvy,local,local,0,local,local,0,0.42171424627304077,0.43234437704086304,0.010630130767822266,0.0016324464231729507,0.05162936449050903,0.42171424627304077,0.43234437704086304,0.3372061252593994,0.3113914430141449,0.24107962846755981,0.25626417994499207
18,S2,LatCrit,local,local,0,local,local,0,0.4435480237007141,0.45402318239212036,0.01047515869140625,0.0031175632029771805,0.06370258331298828,0.4435480237007141,0.45402318239212036,0.24197041988372803,0.2101191282272339,0.3144815266132355,0.33585765957832336
18,S2,ComHvy,local,local,0,BS1,BS1,0,0.3691360354423523,0.35387682914733887,-0.015259206295013428,0.002522571012377739,0.0649523138999939,0.3691360354423523,0.35387682914733887,0.2773541212081909,0.30983027815818787,0.3535098433494568,0.33629289269447327
18,S2,BWHvy,local,local,0,local,local,0,0.5046395063400269,0.5183747410774231,0.01373523473739624,0.0005062071140855551,0.02747046947479248,0.5046395063400269,0.5183747410774231,0.29619187116622925,0.28258323669433594,0.1991686224937439,0.19904202222824097
18,S3,LatCrit,BS2,BS2,0,BS1,local,1,0.3755301535129547,0.3938473165035248,0.01831716299057007,0.001213371753692627,0.042316555976867676,0.318852961063385,0.3216940760612488,0.3056168854236603,0.28445860743522644,0.3755301535129547,0.3938473165035248
18,S3,ComHvy,local,local,0,BS1,local,1,0.5016748905181885,0.49977558851242065,-0.0018993020057678223,0.0009821970015764236,0.03281630575656891,0.5016748905181885,0.49977558851242065,0.28155717253685,0.26704829931259155,0.21676796674728394,0.2331760972738266
18,S3,BWHvy,local,local,0,local,local,0,0.4291272759437561,0.43091195821762085,0.001784682273864746,0.00045513827353715897,0.024216055870056152,0.4291272759437561,0.43091195821762085,0.29766646027565,0.30798980593681335,0.27320626378059387,0.2610982358455658
18,S4,LatCrit,local,local,0,local,local,0,0.4193069338798523,0.4330114722251892,0.013704538345336914,0.00038721878081560135,0.027409091591835022,0.4193069338798523,0.4330114722251892,0.36005449295043945,0.35253897309303284,0.22063855826854706,0.21444952487945557
18,S4,ComHvy,local,local,0,local,local,0,0.5255070924758911,0.5432894229888916,0.01778233051300049,0.0009218350751325488,0.035564690828323364,0.5255070924758911,0.5432894229888916,0.25643330812454224,0.23891058564186096,0.21805962920188904,0.21779999136924744
18,S4,BWHvy,local,local,0,local,local,0,0.6185188293457031,0.625021755695343,0.006502926349639893,0.0006507476791739464,0.02672746777534485,0.6185188293457031,0.625021755695343,0.1883746236562729,0.17501088976860046,0.19310656189918518,0.1999673694372177
18,S5,LatCrit,local,local,0,BS1,BS1,0,0.39162540435791016,0.39465177059173584,0.0030263662338256836,0.0010865870863199234,0.03795309364795685,0.39162540435791016,0.39465177059173584,0.3443709909915924,0.36032116413116455,0.2640036344528198,0.2450270801782608
18,S5,ComHvy,local,local,0,local,local,0,0.5882089138031006,0.5994325876235962,0.011223673820495605,0.00031596189364790916,0.022447258234024048,0.5882089138031006,0.5994325876235962,0.2812924385070801,0.27057841420173645,0.13049861788749695,0.12998905777931213
18,S5,BWHvy,local,local,0,local,local,0,0.4754909873008728,0.48476719856262207,0.009276211261749268,0.0002567088231444359,0.018552452325820923,0.4754909873008728,0.48476719856262207,0.2754606306552887,0.2751999497413635,0.2490484118461609,0.2400328516960144
18,S6,LatCrit,local,local,0,local,local,0,0.4936333894729614,0.497616708278656,0.00398331880569458,3.529648529365659e-05,0.007966682314872742,0.4936333894729614,0.497616708278656,0.3083018660545349,0.3049614131450653,0.19806477427482605,0.1974218636751175
18,S6,ComHvy,local,local,0,BS1,BS1,0,0.47314518690109253,0.4939308166503906,0.020785629749298096,0.0016397885046899319,0.05253255367279053,0.47314518690109253,0.4939308166503906,0.32475796341896057,0.2984916865825653,0.2020968496799469,0.20757749676704407
18,S6,BWHvy,local,local,0,local,local,0,0.5228981375694275,0.5189394950866699,-0.003958642482757568,0.0004795612767338753,0.025051787495613098,0.5228981375694275,0.5189394950866699,0.2098938375711441,0.20132657885551453,0.2672080397605896,0.27973392605781555
18,S7,LatCrit,local,local,0,local,local,0,0.4691283702850342,0.4525933265686035,-0.016535043716430664,0.0008067833259701729,0.03307013213634491,0.4691283702850342,0.4525933265686035,0.3064202070236206,0.3075394332408905,0.22445140779018402,0.23986726999282837
18,S7,ComHvy,local,local,0,local,local,0,0.4457606077194214,0.47218936681747437,0.02642875909805298,0.0014052987098693848,0.052857547998428345,0.4457606077194214,0.47218936681747437,0.31979671120643616,0.3049185574054718,0.23444271087646484,0.22289207577705383
18,S7,BWHvy,local,local,0,local,local,0,0.5357246994972229,0.5335002541542053,-0.002224445343017578,0.0010366253554821014,0.03135219216346741,0.5357246994972229,0.5335002541542053,0.3056259751319885,0.2921743094921112,0.15864932537078857,0.17432540655136108
18,S8,LatCrit,local,local,0,local,local,0,0.4436933398246765,0.4394458532333374,-0.004247486591339111,0.0005080839619040489,0.02664119005203247,0.4436933398246765,0.4394458532333374,0.39730679988861084,0.4106273651123047,0.15899989008903503,0.14992675185203552
18,S8,ComHvy,local,local,0,local,local,0,0.5515270233154297,0.5803157687187195,0.028788745403289795,0.001970660872757435,0.05757749080657959,0.5515270233154297,0.5803157687187195,0.16770263016223907,0.1498216837644577,0.28077036142349243,0.269862562417984
18,S8,BWHvy,local,local,0,local,local,0,0.6183631420135498,0.6478590965270996,0.029495954513549805,0.0019276924431324005,0.05899195373058319,0.6183631420135498,0.6478590965270996,0.15067091584205627,0.141632080078125,0.2309659868478775,0.2105088233947754
19,S1,LatCrit,local,local,0,local,local,0,0.51880943775177,0.5263946056365967,0.00758516788482666,0.0002784784883260727,0.017836838960647583,0.51880943775177,0.5263946056365967,0.2948659062385559,0.29619914293289185,0.18632462620735168,0.1774061918258667
19,S1,ComHvy,local,local,0,local,local,0,0.4116031527519226,0.40862953662872314,-0.002973616123199463,5.396746564656496e-05,0.009215205907821655,0.4116031527519226,0.40862953662872314,0.2694509029388428,0.2740584909915924,0.318945974111557,0.31731197237968445
19,S1,BWHvy,local,local,0,local,local,0,0.5426143407821655,0.5330950021743774,-0.009519338607788086,0.0002792123705148697,0.01903870701789856,0.5426143407821655,0.5330950021743774,0.2513726055622101,0.2518126368522644,0.206013023853302,0.21509236097335815
19,S2,LatCrit,local,local,0,BS2,BS2,0,0.520663857460022,0.520399808883667,-0.00026404857635498047,0.000495539978146553,0.02193787693977356,0.520663857460022,0.520399808883667,0.21844005584716797,0.20773518085479736,0.26089605689048767,0.27186501026153564
19,S2,ComHvy,local,local,0,local,local,0,0.5336746573448181,0.5014640092849731,-0.03221064805984497,0.0021286141127347946,0.06442131102085114,0.5336746573448181,0.5014640092849731,0.23410353064537048,0.2465561181306839,0.2322218120098114,0.25197988748550415
19,S2,BWHvy,local,local,0,local,local,0,0.4678572416305542,0.4669654965400696,-0.0008917450904846191,0.00020611099898815155,0.015595883131027222,0.4678572416305542,0.4669654965400696,0.3055206537246704,0.3133186101913452,0.2266221046447754,0.2197159230709076
19,S3,LatCrit,local,local,0,local,local,0,0.5059012174606323,0.5152106881141663,0.009309470653533936,0.0006157364696264267,0.02844841778278351,0.5059012174606323,0.5152106881141663,0.27727773785591125,0.2821924686431885,0.21682105958461761,0.20259684324264526
19,S3,ComHvy,local,local,0,local,local,0,0.4751012921333313,0.4899049401283264,0.014803647994995117,0.0006033949321135879,0.029607266187667847,0.4751012921333313,0.4899049401283264,0.28475818037986755,0.27035319805145264,0.24014052748680115,0.23974189162254333
19,S3,BWHvy,local,local,0,local,local,0,0.5557068586349487,0.5182911157608032,-0.03741574287414551,0.002847708761692047,0.0748315304517746,0.5557068586349487,0.5182911157608032,0.19701220095157623,0.2105477750301361,0.24728095531463623,0.27116116881370544
19,S4,LatCrit,local,local,0,BS2,BS2,0,0.4144554138183594,0.4163210988044739,0.001865684986114502,0.0002356693148612976,0.016818970441818237,0.4144554138183594,0.4163210988044739,0.2070179134607315,0.19860844314098358,0.3785266876220703,0.3850705027580261
19,S4,ComHvy,local,local,0,BS2,BS2,0,0.5339576005935669,0.55107581615448,0.017118215560913086,0.0007199198007583618,0.034236401319503784,0.5339576005935669,0.55107581615448,0.24326547980308533,0.23960143327713013,0.22277690470218658,0.2093227654695511
19,S4,BWHvy,local,local,0,local,local,0,0.4560588002204895,0.46893447637557983,0.012875676155090332,0.00033335527405142784,0.025751322507858276,0.4560588002204895,0.46893447637557983,0.28094780445098877,0.27447399497032166,0.26299339532852173,0.2565915584564209
19,S5,LatCrit,local,local,0,BS1,BS1,0,0.43177878856658936,0.4280604124069214,-0.0037183761596679688,0.0016848798841238022,0.047349438071250916,0.43177878856658936,0.4280604124069214,0.29841411113739014,0.3220888376235962,0.2698071002960205,0.24985076487064362
19,S5,ComHvy,local,local,0,local,local,0,0.4736262559890747,0.49490708112716675,0.02128082513809204,0.0012764129787683487,0.04256163537502289,0.4736262559890747,0.49490708112716675,0.2761778235435486,0.27445608377456665,0.2501959204673767,0.2306368499994278
19,S5,BWHvy,local,local,0,local,local,0,0.5077823400497437,0.5132871866226196,0.0055048465728759766,0.00023718131706118584,0.018212497234344482,0.5077823400497437,0.5132871866226196,0.23285391926765442,0.22374770045280457,0.25936368107795715,0.2629651129245758
19,S6,LatCrit,local,local,0,BS1,BS1,0,0.4437258243560791,0.4594234824180603,0.0156976580619812,0.0013608941808342934,0.04991185665130615,0.4437258243560791,0.4594234824180603,0.38250041007995605,0.357544481754303,0.17377379536628723,0.1830320656299591
19,S6,ComHvy,local,local,0,local,local,0,0.45151811838150024,0.4563893675804138,0.004871249198913574,5.2141258493065834e-05,0.009742498397827148,0.45151811838150024,0.4563893675804138,0.24370841681957245,0.24260927736759186,0.3047734797000885,0.3010013699531555
19,S6,BWHvy,local,local,0,local,local,0,0.5147042274475098,0.5352439880371094,0.02053976058959961,0.0012942723697051406,0.04107953608036041,0.5147042274475098,0.5352439880371094,0.24511294066905975,0.2247593104839325,0.24018284678459167,0.23999670147895813
19,S7,LatCrit,local,local,0,local,local,0,0.5774139165878296,0.6156635284423828,0.03824961185455322,0.003635100554674864,0.07649916410446167,0.5774139165878296,0.6156635284423828,0.23054498434066772,0.19963961839675903,0.1920410394668579,0.18469685316085815
19,S7,ComHvy,local,local,0,BS2,BS2,0,0.4339197278022766,0.4346933960914612,0.0007736682891845703,2.2561289370059967e-05,0.005735263228416443,0.4339197278022766,0.4346933960914612,0.21661947667598724,0.2187134325504303,0.34946078062057495,0.34659314155578613
19,S7,BWHvy,local,local,0,local,local,0,0.4989946484565735,0.47562891244888306,-0.02336573600769043,0.002954341471195221,0.06887991726398468,0.4989946484565735,0.47562891244888306,0.24557086825370789,0.23449663817882538,0.25543448328971863,0.28987443447113037
19,S8,LatCrit,local,local,0,local,local,0,0.49875348806381226,0.49566566944122314,-0.0030878186225891113,0.0001668301410973072,0.01532137393951416,0.49875348806381226,0.49566566944122314,0.24975261092185974,0.2574132978916168,0.251493901014328,0.24692103266716003
19,S8,ComHvy,local,local,0,local,local,0,0.4711352586746216,0.4538349509239197,-0.017300307750701904,0.0009383875876665115,0.0387098491191864,0.4711352586746216,0.4538349509239197,0.23136404156684875,0.22930943965911865,0.29750069975852966,0.31685563921928406
19,S8,BWHvy,local,local,0,local,local,0,0.5460420846939087,0.5382192134857178,-0.007822871208190918,0.00028082914650440216,0.019942507147789,0.5460420846939087,0.5382192134857178,0.22842545807361603,0.22627708315849304,0.2255324274301529,0.235503688454628
20,S1,LatCrit,local,local,0,local,local,0,0.5390274524688721,0.5796159505844116,0.04058849811553955,0.003367919474840164,0.08117695152759552,0.5390274524688721,0.5796159505844116,0.26555514335632324,0.24374325573444366,0.1954173892736435,0.1766408234834671
20,S1,ComHvy,local,local,0,local,local,0,0.5066123008728027,0.509824275970459,0.00321197509765625,3.322215343359858e-05,0.006683617830276489,0.5066123008728027,0.509824275970459,0.2447315901517868,0.24138976633548737,0.24865610897541046,0.24878592789173126
20,S1,BWHvy,local,local,0,BS2,BS2,0,0.45685523748397827,0.4692383408546448,0.012383103370666504,0.0005010382737964392,0.02531154453754425,0.45685523748397827,0.4692383408546448,0.2467850297689438,0.23412925004959106,0.29635974764823914,0.29663240909576416
20,S2,LatCrit,local,local,0,local,local,0,0.48371922969818115,0.4532579183578491,-0.03046131134033203,0.001973060891032219,0.060922637581825256,0.48371922969818115,0.4532579183578491,0.229263037443161,0.2483256608247757,0.28701773285865784,0.2984164357185364
20,S2,ComHvy,local,local,0,local,local,0,0.5936791300773621,0.6009460091590881,0.007266879081726074,0.0006520980969071388,0.02531607449054718,0.5936791300773621,0.6009460091590881,0.2524814009666443,0.2578725516796112,0.15383946895599365,0.14118142426013947
20,S2,BWHvy,local,local,0,BS1,BS1,0,0.43354958295822144,0.4225497841835022,-0.010999798774719238,0.0002945247106254101,0.021999582648277283,0.43354958295822144,0.4225497841835022,0.37594079971313477,0.3797120451927185,0.1905096024274826,0.1977381408214569
20,S3,LatCrit,local,local,0,local,local,0,0.5436830520629883,0.5436280965805054,-5.4955482482910156e-05,6.401608698070049e-05,0.007512271404266357,0.5436830520629883,0.5436280965805054,0.2775282561779022,0.2812843918800354,0.1787886619567871,0.17508748173713684
20,S3,ComHvy,local,local,0,BS2,BS2,0,0.4049243927001953,0.38675397634506226,-0.018170416355133057,0.0013220235705375671,0.048035264015197754,0.4049243927001953,0.38675397634506226,0.2661838233470917,0.26033660769462585,0.328891783952713,0.3529094159603119
20,S3,BWHvy,local,local,0,local,local,0,0.46692168712615967,0.44123685359954834,-0.025684833526611328,0.0014554336667060852,0.051369667053222656,0.46692168712615967,0.44123685359954834,0.23636439442634583,0.2418162226676941,0.2967139184474945,0.31694692373275757
20,S4,LatCrit,local,local,0,local,local,0,0.4880424737930298,0.4834063649177551,-0.004636108875274658,7.022398494882509e-05,0.009441405534744263,0.4880424737930298,0.4834063649177551,0.22849789261817932,0.23321861028671265,0.2834596335887909,0.2833750545978546
20,S4,ComHvy,local,local,0,local,local,0,0.5157890319824219,0.5240355730056763,0.008246541023254395,0.0001362874172627926,0.01649300754070282,0.5157890319824219,0.5240355730056763,0.2564938962459564,0.252281129360199,0.22771702706813812,0.22368332743644714
20,S4,BWHvy,local,local,0,local,local,0,0.4946438670158386,0.5121206641197205,0.017476797103881836,0.002808644436299801,0.062083497643470764,0.4946438670158386,0.5121206641197205,0.24319370090961456,0.21215194463729858,0.262162446975708,0.27572739124298096
20,S5,LatCrit,local,local,0,local,local,0,0.6005004644393921,0.6373156905174255,0.03681522607803345,0.007338590919971466,0.09134380519390106,0.6005004644393921,0.6373156905174255,0.19630080461502075,0.20515747368335724,0.20319876074790955,0.15752685070037842
20,S5,ComHvy,local,local,0,local,local,0,0.4817233085632324,0.5112669467926025,0.029543638229370117,0.001747453585267067,0.05908730626106262,0.4817233085632324,0.5112669467926025,0.22477450966835022,0.212522953748703,0.29350218176841736,0.27621006965637207
20,S5,BWHvy,local,local,0,local,local,0,0.5151305198669434,0.49085038900375366,-0.024280130863189697,0.0012098085135221481,0.0485602468252182,0.5151305198669434,0.49085038900375366,0.22302785515785217,0.23704741895198822,0.26184165477752686,0.2721022069454193
20,S6,LatCrit,local,local,0,local,local,0,0.4802122116088867,0.469165563583374,-0.011046648025512695,0.0016857078298926353,0.051487162709236145,0.4802122116088867,0.469165563583374,0.3039829134941101,0.3297264873981476,0.21580487489700317,0.2011079341173172
20,S6,ComHvy,local,local,0,local,local,0,0.5088022947311401,0.5000512599945068,-0.0087510347366333,0.000552360899746418,0.030043557286262512,0.5088022947311401,0.5000512599945068,0.20159000158309937,0.1953192502260208,0.2896077334880829,0.30462950468063354
20,S6,BWHvy,local,local,0,local,local,0,0.5120589137077332,0.521611213684082,0.009552299976348877,0.0007063336670398712,0.03267088532447815,0.5120589137077332,0.521611213684082,0.2177966982126236,0.2245797961950302,0.27014440298080444,0.2538089156150818
20,S7,LatCrit,local,local,0,local,local,0,0.5743006467819214,0.6241423487663269,0.04984170198440552,0.006394414231181145,0.09968335926532745,0.5743006467819214,0.6241423487663269,0.17680314183235168,0.14243952929973602,0.24889616668224335,0.23341812193393707
20,S7,ComHvy,local,local,0,BS2,BS2,0,0.4040219783782959,0.41722989082336426,0.01320791244506836,0.00044899526983499527,0.026415765285491943,0.4040219783782959,0.41722989082336426,0.28302302956581116,0.28178900480270386,0.31295493245124817,0.3009811043739319
20,S7,BWHvy,local,local,0,local,local,0,0.5465234518051147,0.5390880703926086,-0.0074353814125061035,0.0006510112434625626,0.029790788888931274,0.5465234518051147,0.5390880703926086,0.22287723422050476,0.2377726286649704,0.2305992841720581,0.22313927114009857
20,S8,LatCrit,local,local,0,local,local,0,0.4708728790283203,0.4806596636772156,0.009786784648895264,0.0011597657576203346,0.040243878960609436,0.4708728790283203,0.4806596636772156,0.24456687271595,0.2244449257850647,0.28456029295921326,0.2948954403400421
20,S8,ComHvy,local,local,0,local,local,0,0.5105053186416626,0.5175887942314148,0.007083475589752197,0.0006811413913965225,0.029841765761375427,0.5105053186416626,0.5175887942314148,0.26488399505615234,0.27272137999534607,0.22461073100566864,0.20968982577323914
20,S8,BWHvy,local,local,0,local,local,0,0.5046045780181885,0.5160806775093079,0.011476099491119385,0.00027559930458664894,0.022952228784561157,0.5046045780181885,0.5160806775093079,0.23057866096496582,0.22355833649635315,0.2648167908191681,0.260360985994339
21,S1,LatCrit,local,local,0,local,local,0,0.5286959409713745,0.5275176763534546,-0.0011782646179199219,0.000292130745947361,0.017740502953529358,0.5286959409713745,0.5275176763534546,0.21749092638492584,0.2097989320755005,0.25381314754486084,0.2626833915710449
21,S1,ComHvy,local,local,0,local,local,0,0.459007203578949,0.46650373935699463,0.007496535778045654,0.0001580031239427626,0.014993071556091309,0.459007203578949,0.46650373935699463,0.2731740474700928,0.26594725251197815,0.26781871914863586,0.26754897832870483
21,S1,BWHvy,local,local,0,local,local,0,0.5429272651672363,0.5696460604667664,0.02671879529953003,0.002324237022548914,0.05343756079673767,0.5429272651672363,0.5696460604667664,0.22296860814094543,0.19665157794952393,0.23410411179065704,0.2337023764848709
21,S2,LatCrit,local,local,0,local,local,0,0.4714463949203491,0.47858017683029175,0.007133781909942627,0.0009306659922003746,0.035864174365997314,0.4714463949203491,0.47858017683029175,0.2511287033557892,0.23319664597511292,0.2774248719215393,0.2882232069969177
21,S2,ComHvy,local,local,0,local,local,0,0.48298245668411255,0.45650941133499146,-0.026473045349121094,0.00141063891351223,0.0529460608959198,0.48298245668411255,0.45650941133499146,0.23089107871055603,0.24196738004684448,0.2861264646053314,0.3015231788158417
21,S2,BWHvy,local,local,0,local,local,0,0.5015377998352051,0.5252213478088379,0.023683547973632812,0.001565849408507347,0.04736703634262085,0.5015377998352051,0.5252213478088379,0.29773467779159546,0.29334166646003723,0.2007274627685547,0.18143698573112488
21,S3,LatCrit,local,local,0,local,local,0,0.4791393280029297,0.47490787506103516,-0.004231452941894531,0.0002612536773085594,0.019135072827339172,0.4791393280029297,0.47490787506103516,0.23116560280323029,0.24073314666748047,0.28969505429267883,0.2843589782714844
21,S3,ComHvy,local,local,0,local,local,0,0.43025970458984375,0.4357149004936218,0.005455195903778076,0.0007323641330003738,0.03282296657562256,0.43025970458984375,0.4357149004936218,0.2840751111507416,0.2676636278629303,0.28566521406173706,0.29662150144577026
21,S3,BWHvy,local,local,0,local,local,0,0.5110065937042236,0.4967987537384033,-0.014207839965820312,0.0004038088954985142,0.02841569483280182,0.5110065937042236,0.4967987537384033,0.24111293256282806,0.24824634194374084,0.24788042902946472,0.25495487451553345
21,S4,LatCrit,local,local,0,local,local,0,0.46419191360473633,0.48851025104522705,0.024318337440490723,0.0018604266224429011,0.048636674880981445,0.46419191360473633,0.48851025104522705,0.23090986907482147,0.20777641236782074,0.304898202419281,0.303713321685791
21,S4,ComHvy,local,local,0,BS1,BS1,0,0.4689371585845947,0.4639762043952942,-0.004960954189300537,0.00010107411071658134,0.012260675430297852,0.4689371585845947,0.4639762043952942,0.2745588719844818,0.2733894884586334,0.25650399923324585,0.2626343369483948
21,S4,BWHvy,local,local,0,local,local,0,0.47653961181640625,0.4640688896179199,-0.012470722198486328,0.0005150139331817627,0.029250234365463257,0.47653961181640625,0.4640688896179199,0.21699082851409912,0.21483644843101501,0.30646952986717224,0.32109466195106506
21,S5,LatCrit,local,local,0,BS1,BS1,0,0.45911937952041626,0.45128339529037476,-0.007835984230041504,0.0007377089932560921,0.0343012809753418,0.45911937952041626,0.45128339529037476,0.28494134545326233,0.3020919859409332,0.2559392750263214,0.24662461876869202
21,S5,ComHvy,local,local,0,local,local,0,0.470379114151001,0.4720754623413086,0.0016963481903076172,0.0017533358186483383,0.04469263553619385,0.470379114151001,0.4720754623413086,0.23510190844535828,0.2557518780231476,0.29451897740364075,0.2721726596355438
21,S5,BWHvy,local,local,0,local,local,0,0.5541060566902161,0.5791150331497192,0.025008976459503174,0.0027120832819491625,0.052198052406311035,0.5541060566902161,0.5791150331497192,0.17516613006591797,0.14906710386276245,0.27072781324386597,0.2718178629875183
21,S6,LatCrit,local,local,0,local,local,0,0.4698849320411682,0.47470569610595703,0.004820764064788818,0.0006153704598546028,0.02975696325302124,0.4698849320411682,0.47470569610595703,0.3155823051929474,0.30070382356643677,0.2145327478647232,0.224590465426445
21,S6,ComHvy,local,local,0,BS2,BS2,0,0.4436717629432678,0.4552267789840698,0.011555016040802002,0.0006508380174636841,0.03239205479621887,0.4436717629432678,0.4552267789840698,0.2617737650871277,0.2664147913455963,0.2945544421672821,0.27835842967033386
21,S6,BWHvy,local,local,0,BS1,BS1,0,0.4804583191871643,0.5097321271896362,0.029273808002471924,0.0022795740514993668,0.05854766070842743,0.4804583191871643,0.5097321271896362,0.2822272479534149,0.25490760803222656,0.23731446266174316,0.235360249876976
21,S7,LatCrit,local,local,0,local,local,0,0.5401691198348999,0.5589414238929749,0.01877230405807495,0.0008303029462695122,0.037544652819633484,0.5401691198348999,0.5589414238929749,0.2576654851436615,0.24218885600566864,0.202165424823761,0.1988697052001953
21,S7,ComHvy,local,local,0,local,local,0,0.4775673747062683,0.48283714056015015,0.005269765853881836,0.00040148478001356125,0.024907290935516357,0.4775673747062683,0.48283714056015015,0.19860242307186127,0.2057863026857376,0.32383018732070923,0.31137654185295105
21,S7,BWHvy,local,local,0,local,local,0,0.4221317768096924,0.40929585695266724,-0.012835919857025146,0.0006386507302522659,0.03043457865715027,0.4221317768096924,0.40929585695266724,0.3190329670906067,0.3166516125202179,0.25883522629737854,0.27405253052711487
21,S8,LatCrit,local,local,0,local,local,0,0.5193243026733398,0.531639575958252,0.01231527328491211,0.0004462217912077904,0.025427743792533875,0.5193243026733398,0.531639575958252,0.20459268987178802,0.20499128103256226,0.27608299255371094,0.2633691132068634
21,S8,ComHvy,local,local,0,local,local,0,0.4164826273918152,0.41606372594833374,-0.0004189014434814453,5.004252307116985e-05,0.008046060800552368,0.4164826273918152,0.41606372594833374,0.30801093578338623,0.3120339810848236,0.2755063772201538,0.27190226316452026
21,S8,BWHvy,local,local,0,local,local,0,0.47501540184020996,0.4527725577354431,-0.022242844104766846,0.001302352175116539,0.04448568820953369,0.47501540184020996,0.4527725577354431,0.2691466808319092,0.27120184898376465,0.25583791732788086,0.27602559328079224
22,S1,LatCrit,local,local,0,local,local,0,0.4989396333694458,0.5206071138381958,0.02166748046875,0.0014214320108294487,0.04333491623401642,0.4989396333694458,0.5206071138381958,0.21745842695236206,0.19768090546131134,0.28360190987586975,0.28171199560165405
22,S1,ComHvy,local,local,0,local,local,0,0.5767241716384888,0.558713436126709,-0.018010735511779785,0.0007644807919859886,0.03602138161659241,0.5767241716384888,0.558713436126709,0.18094299733638763,0.18380174040794373,0.24233286082744598,0.2574847638607025
22,S1,BWHvy,local,local,0,local,local,0,0.555605411529541,0.549414873123169,-0.00619053840637207,0.00010168086737394333,0.01238107681274414,0.555605411529541,0.549414873123169,0.21829254925251007,0.21898499131202698,0.2261020392179489,0.23160013556480408
22,S2,LatCrit,local,local,0,local,local,0,0.4529978036880493,0.4501156210899353,-0.0028821825981140137,0.0005420530214905739,0.027059361338615417,0.4529978036880493,0.4501156210899353,0.29085782170295715,0.30438750982284546,0.25614434480667114,0.24549685418605804
22,S2,ComHvy,local,local,0,local,local,0,0.5722421407699585,0.5743104219436646,0.0020682811737060547,0.001303170807659626,0.03504952788352966,0.5722421407699585,0.5743104219436646,0.20944049954414368,0.19191573560237885,0.21831735968589783,0.2337738424539566
22,S2,BWHvy,local,local,0,local,local,0,0.4894568920135498,0.5004826784133911,0.011025786399841309,0.0008049658499658108,0.0338623970746994,0.4894568920135498,0.5004826784133911,0.24315403401851654,0.22622284293174744,0.26738908886909485,0.27329450845718384
22,S3,LatCrit,local,local,0,local,local,0,0.5425347089767456,0.5243262052536011,-0.01820850372314453,0.0012256279587745667,0.039810314774513245,0.5425347089767456,0.5243262052536011,0.2523006796836853,0.2506040334701538,0.2051645964384079,0.22506976127624512
22,S3,ComHvy,local,local,0,local,local,0,0.4621245861053467,0.45505160093307495,-0.0070729851722717285,0.0027976613491773605,0.06150190532207489,0.4621245861053467,0.45505160093307495,0.26849037408828735,0.2992413341999054,0.26938503980636597,0.24570707976818085
22,S3,BWHvy,local,local,0,local,local,0,0.4554551839828491,0.4497717022895813,-0.005683481693267822,0.0011146459728479385,0.040035322308540344,0.4554551839828491,0.4497717022895813,0.25189006328582764,0.2375558763742447,0.29265478253364563,0.3126724362373352
22,S4,LatCrit,local,local,0,local,local,0,0.5202147960662842,0.520483136177063,0.0002683401107788086,0.00038088858127593994,0.019036903977394104,0.5202147960662842,0.520483136177063,0.275486558675766,0.28473666310310364,0.20429861545562744,0.1947801560163498
22,S4,ComHvy,local,local,0,BS1,BS1,0,0.4666157364845276,0.44877535104751587,-0.01784038543701172,0.0006499979645013809,0.03568074107170105,0.4666157364845276,0.44877535104751587,0.31735000014305115,0.32647067308425903,0.21603424847126007,0.22475393116474152
22,S4,BWHvy,local,local,0,local,BS2,1,0.5076427459716797,0.4827640652656555,-0.02487868070602417,0.0016676653176546097,0.049806028604507446,0.5076427459716797,0.4827640652656555,0.2099207490682602,0.20989640057086945,0.2824364900588989,0.30733948945999146
22,S5,LatCrit,local,local,0,BS1,BS1,0,0.5131661891937256,0.5538202524185181,0.04065406322479248,0.004073998890817165,0.08130812644958496,0.5131661891937256,0.5538202524185181,0.23921595513820648,0.2069116085767746,0.24761787056922913,0.23926815390586853
22,S5,ComHvy,local,local,0,local,local,0,0.45994043350219727,0.4554789662361145,-0.004461467266082764,0.00023686327040195465,0.01881319284439087,0.45994043350219727,0.4554789662361145,0.2503567636013031,0.25976336002349854,0.28970280289649963,0.28475767374038696
22,S5,BWHvy,local,local,0,BS2,BS2,0,0.5149685740470886,0.508813738822937,-0.006154835224151611,7.793609984219074e-05,0.01230970025062561,0.5149685740470886,0.508813738822937,0.24570126831531525,0.2495558112859726,0.23933015763759613,0.24163047969341278
22,S6,LatCrit,local,local,0,local,local,0,0.46987926959991455,0.4713137745857239,0.0014345049858093262,0.00010534515604376793,0.011545628309249878,0.46987926959991455,0.4713137745857239,0.23735903203487396,0.23158623278141022,0.2927617132663727,0.2971000373363495
22,S6,ComHvy,local,local,0,local,local,0,0.5177332758903503,0.5232632756233215,0.005529999732971191,0.00020497292280197144,0.018084555864334106,0.5177332758903503,0.5232632756233215,0.1920652985572815,0.19557756185531616,0.29020142555236816,0.2811591327190399
22,S6,BWHvy,local,local,0,local,local,0,0.4538973569869995,0.45924919843673706,0.005351841449737549,0.0005620438605546951,0.028751373291015625,0.4538973569869995,0.45924919843673706,0.2648860216140747,0.27390986680984497,0.2812166213989258,0.26684093475341797
22,S7,LatCrit,local,local,0,local,local,0,0.6033918857574463,0.6111507415771484,0.0077588558197021484,0.0001264568418264389,0.015517756342887878,0.6033918857574463,0.6111507415771484,0.16953657567501068,0.16611620783805847,0.22707156836986542,0.2227330356836319
22,S7,ComHvy,local,local,0,local,local,0,0.5490012168884277,0.543103814125061,-0.005897402763366699,0.00013778265565633774,0.014515146613121033,0.5490012168884277,0.543103814125061,0.19539587199687958,0.19403570890426636,0.2556029260158539,0.262860506772995
22,S7,BWHvy,local,local,0,local,local,0,0.4876365661621094,0.49296998977661133,0.005333423614501953,0.00026102829724550247,0.019951805472373962,0.4876365661621094,0.49296998977661133,0.24086108803749084,0.24550355970859528,0.27150237560272217,0.2615264654159546
22,S8,LatCrit,local,local,0,local,local,0,0.49594175815582275,0.4992937445640564,0.0033519864082336426,0.0006453040987253189,0.027583569288253784,0.49594175815582275,0.4992937445640564,0.22305931150913239,0.2092675417661667,0.28099894523620605,0.2914387583732605
22,S8,ComHvy,local,local,0,local,local,0,0.48303377628326416,0.4709678292274475,-0.01206594705581665,0.00048492010682821274,0.02968524396419525,0.48303377628326416,0.4709678292274475,0.34687522053718567,0.3617178499698639,0.17009098827838898,0.1673143208026886
22,S8,BWHvy,local,BS2,1,local,local,0,0.3650781512260437,0.33735063672065735,-0.027727514505386353,0.0026780031621456146,0.06096082925796509,0.3650781512260437,0.3356272578239441,0.3280515968799591,0.3270220458507538,0.3068702518939972,0.33735063672065735
23,S1,LatCrit,local,local,0,BS1,BS1,0,0.4547969698905945,0.4713969826698303,0.01660001277923584,0.0010095188627019525,0.03551788628101349,0.4547969698905945,0.4713969826698303,0.23350873589515686,0.21574978530406952,0.31169432401657104,0.31285324692726135
23,S1,ComHvy,local,local,0,local,local,0,0.43526768684387207,0.415824294090271,-0.019443392753601074,0.0007755104452371597,0.038886815309524536,0.43526768684387207,0.415824294090271,0.2640635073184967,0.27271029353141785,0.3006688058376312,0.31146544218063354
23,S1,BWHvy,local,local,0,local,local,0,0.5637936592102051,0.5662499666213989,0.0024563074111938477,0.00010688346810638905,0.01168757677078247,0.5637936592102051,0.5662499666213989,0.2383391112089157,0.23249530792236328,0.1978672593832016,0.2012547254562378
23,S2,LatCrit,local,local,0,local,local,0,0.43707454204559326,0.4459076523780823,0.008833110332489014,0.0011456254869699478,0.041076287627220154,0.43707454204559326,0.4459076523780823,0.2673797905445099,0.24684162437915802,0.29554569721221924,0.3072507083415985
23,S2,ComHvy,local,local,0,BS2,BS2,0,0.4382901191711426,0.4301716089248657,-0.008118510246276855,0.0011483747512102127,0.04296684265136719,0.4382901191711426,0.4301716089248657,0.23645472526550293,0.2230898141860962,0.3252551555633545,0.3467385768890381
23,S2,BWHvy,local,local,0,local,local,0,0.4641447067260742,0.4960317611694336,0.031887054443359375,0.002267720177769661,0.06377409398555756,0.4641447067260742,0.4960317611694336,0.2727738916873932,0.26395177841186523,0.2630814015865326,0.24001647531986237
23,S3,LatCrit,local,local,0,local,local,0,0.4232667088508606,0.4289872646331787,0.005720555782318115,0.0005754204466938972,0.03052152693271637,0.4232667088508606,0.4289872646331787,0.21885325014591217,0.22839343547821045,0.3578800857067108,0.34261929988861084
23,S3,ComHvy,local,local,0,BS2,BS2,0,0.4032362103462219,0.3722395896911621,-0.030996620655059814,0.0021400805562734604,0.06199324131011963,0.4032362103462219,0.3722395896911621,0.30470171570777893,0.3146202862262726,0.29206210374832153,0.3131401538848877
23,S3,BWHvy,local,local,0,local,local,0,0.4934004545211792,0.4895642399787903,-0.003836214542388916,6.765010766685009e-05,0.01047825813293457,0.4934004545211792,0.4895642399787903,0.280929833650589,0.2861689627170563,0.225669726729393,0.22426681220531464
23,S4,LatCrit,local,local,0,local,local,0,0.5180556774139404,0.521823525428772,0.003767848014831543,4.765857011079788e-05,0.008078813552856445,0.5180556774139404,0.521823525428772,0.2382759004831314,0.2385474443435669,0.24366845190525055,0.23962903022766113
23,S4,ComHvy,local,local,0,local,local,0,0.449432373046875,0.44323837757110596,-0.006193995475769043,0.0008522439748048782,0.03459753096103668,0.449432373046875,0.44323837757110596,0.31660139560699463,0.30549660325050354,0.23396627604961395,0.2512650191783905
23,S4,BWHvy,local,local,0,local,BS1,1,0.5004668235778809,0.49051928520202637,-0.009947538375854492,0.0008395216427743435,0.034680768847465515,0.5004668235778809,0.49051928520202637,0.22405587136745453,0.2413962483406067,0.2754773199558258,0.26808446645736694
23,S5,LatCrit,local,local,0,local,local,0,0.5033069849014282,0.5024827718734741,-0.0008242130279541016,0.0006227614358067513,0.025617152452468872,0.5033069849014282,0.5024827718734741,0.26793372631073,0.2807422876358032,0.2287592887878418,0.21677491068840027
23,S5,ComHvy,local,local,0,local,local,0,0.4383125901222229,0.4543904662132263,0.016077876091003418,0.0009038634598255157,0.03725525736808777,0.4383125901222229,0.4543904662132263,0.261820912361145,0.2643706798553467,0.2998664975166321,0.2812388837337494
23,S5,BWHvy,local,local,0,local,local,0,0.5091062784194946,0.5182813405990601,0.00917506217956543,0.0010582702234387398,0.03688123822212219,0.5091062784194946,0.5182813405990601,0.21918456256389618,0.20074398815631866,0.271709144115448,0.28097474575042725
23,S6,LatCrit,local,local,0,local,local,0,0.4845179319381714,0.4839557409286499,-0.0005621910095214844,6.256450433284044e-07,0.0011244118213653564,0.4845179319381714,0.4839557409286499,0.2746807038784027,0.27489539980888367,0.24080133438110352,0.24114885926246643
23,S6,ComHvy,local,local,0,local,local,0,0.48406875133514404,0.4893171787261963,0.005248427391052246,6.597844185307622e-05,0.01049688458442688,0.48406875133514404,0.4893171787261963,0.2681514322757721,0.2637713849544525,0.24777984619140625,0.2469114363193512
23,S6,BWHvy,local,local,0,local,local,0,0.46241605281829834,0.49203336238861084,0.0296173095703125,0.0025487695820629597,0.05923464894294739,0.46241605281829834,0.49203336238861084,0.2710857093334198,0.24237194657325745,0.26649826765060425,0.2655946910381317
23,S7,LatCrit,local,local,0,local,local,0,0.5142966508865356,0.5405189394950867,0.026222288608551025,0.001941632479429245,0.05244457721710205,0.5142966508865356,0.5405189394950867,0.2592199444770813,0.25620782375335693,0.22648338973522186,0.2032732218503952
23,S7,ComHvy,local,BS2,1,local,BS2,1,0.43600577116012573,0.4165077805519104,-0.019497990608215332,0.0028931181877851486,0.07267226278781891,0.43600577116012573,0.3996696472167969,0.1790386438369751,0.18382258713245392,0.38495558500289917,0.4165077805519104
23,S7,BWHvy,local,local,0,local,local,0,0.5199922323226929,0.5028142929077148,-0.017177939414978027,0.0013161413371562958,0.04044021666049957,0.5199922323226929,0.5028142929077148,0.29095497727394104,0.2879127860069275,0.1890527904033661,0.20927287638187408
23,S8,LatCrit,local,local,0,local,local,0,0.49439090490341187,0.4982183575630188,0.0038274526596069336,0.0016412436962127686,0.04425761103630066,0.49439090490341187,0.4982183575630188,0.2085353136062622,0.2268366813659668,0.29707375168800354,0.2749449610710144
23,S8,ComHvy,local,local,0,local,local,0,0.46326321363449097,0.46108371019363403,-0.0021795034408569336,8.109258487820625e-05,0.01076515018939972,0.46326321363449097,0.46108371019363403,0.24506501853466034,0.2504476010799408,0.2916717529296875,0.28846868872642517
23,S8,BWHvy,local,local,0,BS2,BS2,0,0.47855907678604126,0.4602670669555664,-0.018292009830474854,0.000939246267080307,0.03848683834075928,0.47855907678604126,0.4602670669555664,0.21406933665275574,0.21311792731285095,0.307371586561203,0.32661500573158264
24,S1,LatCrit,local,local,0,local,local,0,0.5029370188713074,0.5116307735443115,0.00869375467300415,0.001894586719572544,0.04778952896595001,0.5029370188713074,0.5116307735443115,0.21679578721523285,0.19290101528167725,0.28026720881462097,0.29546821117401123
24,S1,ComHvy,local,local,0,local,local,0,0.47769105434417725,0.46569007635116577,-0.012000977993011475,0.0017462018877267838,0.0525829941034317,0.47769105434417725,0.46569007635116577,0.2381589412689209,0.22386841475963593,0.28415000438690186,0.3104414939880371
24,S1,BWHvy,local,local,0,local,local,0,0.5789732933044434,0.5797668695449829,0.0007935762405395508,4.9591297283768654e-05,0.0070320069789886475,0.5789732933044434,0.5797668695449829,0.23285344243049622,0.2355758547782898,0.188173308968544,0.1846572905778885
24,S2,LatCrit,local,local,0,local,local,0,0.5216163396835327,0.5336438417434692,0.012027502059936523,0.00033614784479141235,0.024055063724517822,0.5216163396835327,0.5336438417434692,0.26441115140914917,0.2609672546386719,0.2139725685119629,0.2053889036178589
24,S2,ComHvy,local,local,0,local,local,0,0.5637080073356628,0.5934061408042908,0.02969813346862793,0.0022416594438254833,0.05939626693725586,0.5637080073356628,0.5934061408042908,0.19455352425575256,0.17240525782108307,0.2417384684085846,0.23418860137462616
24,S2,BWHvy,local,local,0,BS1,BS1,0,0.3959818482398987,0.4128738045692444,0.016891956329345703,0.0007040298078209162,0.033783942461013794,0.3959818482398987,0.4128738045692444,0.3521091341972351,0.33665165305137634,0.2519090473651886,0.2504745423793793
24,S3,LatCrit,local,local,0,BS1,BS1,0,0.44662368297576904,0.42317068576812744,-0.0234529972076416,0.001425157766789198,0.04690602421760559,0.44662368297576904,0.42317068576812744,0.2965574264526367,0.31863775849342346,0.25681886076927185,0.2581915557384491
24,S3,ComHvy,local,local,0,BS1,BS1,0,0.4211631417274475,0.4044262766838074,-0.016736865043640137,0.0007213521748781204,0.03347373008728027,0.4211631417274475,0.4044262766838074,0.30047133564949036,0.31575334072113037,0.27836552262306213,0.27982038259506226
24,S3,BWHvy,local,local,0,local,local,0,0.5212804675102234,0.5219601988792419,0.0006797313690185547,0.00027153128758072853,0.016375765204429626,0.5212804675102234,0.5219601988792419,0.2010757327079773,0.19288785755634308,0.2776437997817993,0.28515195846557617
24,S4,LatCrit,local,local,0,local,local,0,0.5137554407119751,0.5422861576080322,0.02853071689605713,0.0018321666866540909,0.057061418890953064,0.5137554407119751,0.5422861576080322,0.2804713249206543,0.27042871713638306,0.2057732194662094,0.18728512525558472
24,S4,ComHvy,local,local,0,local,local,0,0.46528762578964233,0.4380977153778076,-0.027189910411834717,0.0021162573248147964,0.05437983572483063,0.46528762578964233,0.4380977153778076,0.312816321849823,0.3153165280818939,0.22189603745937347,0.24658575654029846
24,S4,BWHvy,local,local,0,local,local,0,0.5770126581192017,0.5608973503112793,-0.016115307807922363,0.0008828123100101948,0.032907336950302124,0.5770126581192017,0.5608973503112793,0.19631542265415192,0.21276910603046417,0.22667188942432404,0.22633354365825653
24,S5,LatCrit,local,local,0,local,local,0,0.48947757482528687,0.5210161209106445,0.031538546085357666,0.0021785181015729904,0.06307713687419891,0.48947757482528687,0.5210161209106445,0.2647201120853424,0.24187147617340088,0.24580232799053192,0.2371123731136322
24,S5,ComHvy,local,local,0,local,local,0,0.4868379235267639,0.4788469076156616,-0.007991015911102295,0.00014412752352654934,0.01598203182220459,0.4868379235267639,0.4788469076156616,0.23395536839962006,0.23966442048549652,0.27920669317245483,0.28148865699768066
24,S5,BWHvy,local,local,0,local,local,0,0.5907917022705078,0.5876479148864746,-0.003143787384033203,0.00012019369751214981,0.012641653418540955,0.5907917022705078,0.5876479148864746,0.16791193187236786,0.16473489999771118,0.24129632115364075,0.24761715531349182
24,S6,LatCrit,local,local,0,local,local,0,0.42994290590286255,0.4280802607536316,-0.001862645149230957,0.0005501555278897285,0.02631235122680664,0.42994290590286255,0.4280802607536316,0.33062562346458435,0.319332093000412,0.2394314706325531,0.2525876462459564
24,S6,ComHvy,local,local,0,local,local,0,0.509628415107727,0.5102249383926392,0.0005965232849121094,0.00040064752101898193,0.02038794755935669,0.509628415107727,0.5102249383926392,0.24038799107074738,0.2499854415655136,0.24998357892036438,0.23978960514068604
24,S6,BWHvy,local,local,0,local,local,0,0.4733869433403015,0.499356746673584,0.02596980333328247,0.0014441423118114471,0.051939621567726135,0.4733869433403015,0.499356746673584,0.27349334955215454,0.2647453546524048,0.25311970710754395,0.23589788377285004
24,S7,LatCrit,local,local,0,local,local,0,0.5906144976615906,0.588860034942627,-0.001754462718963623,1.5943602193146944e-05,0.004487782716751099,0.5906144976615906,0.588860034942627,0.1955869197845459,0.19783081114292145,0.21379859745502472,0.2133091688156128
24,S7,ComHvy,local,local,0,local,local,0,0.4874045252799988,0.4871066212654114,-0.00029790401458740234,4.593352787196636e-05,0.006864264607429504,0.4874045252799988,0.4871066212654114,0.19109129905700684,0.19452343881130219,0.3215041756629944,0.31836995482444763
24,S7,BWHvy,local,local,0,local,local,0,0.5271583795547485,0.5320557355880737,0.004897356033325195,0.0014889603480696678,0.04113766551017761,0.5271583795547485,0.5320557355880737,0.22890417277812958,0.20833532512187958,0.24393746256828308,0.2596089243888855
24,S8,LatCrit,local,local,0,local,local,0,0.5055297613143921,0.5082598924636841,0.002730131149291992,6.22414518147707e-05,0.009147018194198608,0.5055297613143921,0.5082598924636841,0.21732740104198456,0.21275387704372406,0.27714282274246216,0.2789861857891083
24,S8,ComHvy,local,local,0,local,local,0,0.5060205459594727,0.4915207028388977,-0.014499843120574951,0.0005941420677118003,0.02899967133998871,0.5060205459594727,0.4915207028388977,0.26270782947540283,0.277137815952301,0.2312716394662857,0.23134148120880127
24,S8,BWHvy,local,local,0,BS2,BS2,0,0.42837393283843994,0.4129851460456848,-0.015388786792755127,0.0009188428521156311,0.0369662344455719,0.42837393283843994,0.4129851460456848,0.308388352394104,0.3052940368652344,0.26323771476745605,0.2817208468914032
25,S1,LatCrit,local,local,0,local,local,0,0.5280845165252686,0.5332590341567993,0.005174517631530762,8.940231055021286e-05,0.011930406093597412,0.5280845165252686,0.5332590341567993,0.18315990269184113,0.18395055830478668,0.2887555956840515,0.2827903628349304
25,S1,ComHvy,local,local,0,local,local,0,0.5108903646469116,0.5239095091819763,0.013019144535064697,0.0004820055328309536,0.02603830397129059,0.5108903646469116,0.5239095091819763,0.22222383320331573,0.21059632301330566,0.26688578724861145,0.26549413800239563
25,S1,BWHvy,local,local,0,local,local,0,0.5809080600738525,0.6027268767356873,0.021818816661834717,0.0010444708168506622,0.04363764822483063,0.5809080600738525,0.6027268767356873,0.24623069167137146,0.23020294308662415,0.1728612780570984,0.1670701950788498
25,S2,LatCrit,local,local,0,local,local,0,0.49874669313430786,0.5126831531524658,0.013936460018157959,0.0006746947765350342,0.03309956192970276,0.49874669313430786,0.5126831531524658,0.304775595664978,0.28822579979896545,0.1964777410030365,0.19909104704856873
25,S2,ComHvy,local,local,0,local,local,0,0.43089938163757324,0.4291430115699768,-0.0017563700675964355,3.1301286071538925e-05,0.0069536566734313965,0.43089938163757324,0.4291430115699768,0.261959046125412,0.2654358744621277,0.30714157223701477,0.3054211139678955
25,S2,BWHvy,local,local,0,local,local,0,0.5241732597351074,0.5367394685745239,0.012566208839416504,0.0018125362694263458,0.04788060486316681,0.5241732597351074,0.5367394685745239,0.21782948076725006,0.19388917088508606,0.2579972445964813,0.2693713307380676
25,S3,LatCrit,local,local,0,BS2,BS2,0,0.41621947288513184,0.414248526096344,-0.001970946788787842,0.000880073755979538,0.03267467021942139,0.41621947288513184,0.414248526096344,0.20249362289905548,0.18812723457813263,0.3812868893146515,0.3976242244243622
25,S3,ComHvy,local,local,0,local,local,0,0.47377437353134155,0.4516916871070862,-0.02208268642425537,0.000999055802822113,0.04416543245315552,0.47377437353134155,0.4516916871070862,0.32131150364875793,0.3369499742984772,0.20491409301757812,0.21135836839675903
25,S3,BWHvy,local,local,0,local,local,0,0.45116233825683594,0.4562443494796753,0.0050820112228393555,6.72563910484314e-05,0.010164052248001099,0.45116233825683594,0.4562443494796753,0.25901171565055847,0.2545973062515259,0.2898259460926056,0.28915831446647644
25,S4,LatCrit,local,local,0,local,local,0,0.5405548810958862,0.5359280109405518,-0.004626870155334473,4.8974412493407726e-05,0.009253740310668945,0.5405548810958862,0.5359280109405518,0.2247648537158966,0.22820353507995605,0.23468026518821716,0.2358684539794922
25,S4,ComHvy,local,local,0,local,local,0,0.46728605031967163,0.468181312084198,0.0008952617645263672,4.533282481133938e-05,0.007768869400024414,0.46728605031967163,0.468181312084198,0.31102511286735535,0.30714064836502075,0.2216888666152954,0.22467800974845886
25,S4,BWHvy,local,local,0,local,local,0,0.5376645922660828,0.5362278819084167,-0.0014367103576660156,0.0005593216046690941,0.023658886551856995,0.5376645922660828,0.5362278819084167,0.17594105005264282,0.16554830968379974,0.2863943576812744,0.2982237935066223
25,S5,LatCrit,local,local,0,local,local,0,0.5260116457939148,0.5372210741043091,0.011209428310394287,0.00028905272483825684,0.022418871521949768,0.5260116457939148,0.5372210741043091,0.22005409002304077,0.21198336780071259,0.25393426418304443,0.25079554319381714
25,S5,ComHvy,local,local,0,local,local,0,0.49426722526550293,0.47516947984695435,-0.019097745418548584,0.0007482729852199554,0.03819550573825836,0.49426722526550293,0.47516947984695435,0.24726523458957672,0.25440332293510437,0.25846752524375916,0.2704271972179413
25,S5,BWHvy,local,local,0,local,local,0,0.5051038861274719,0.5323763489723206,0.027272462844848633,0.001567208208143711,0.05454491078853607,0.5051038861274719,0.5323763489723206,0.2728349268436432,0.2537144422531128,0.2220611870288849,0.21390922367572784
25,S6,LatCrit,local,local,0,local,local,0,0.49451756477355957,0.4867212176322937,-0.007796347141265869,0.00013671256601810455,0.015592634677886963,0.49451756477355957,0.4867212176322937,0.2823670208454132,0.28475475311279297,0.2231154590845108,0.22852401435375214
25,S6,ComHvy,local,local,0,local,local,0,0.5075894594192505,0.49893707036972046,-0.00865238904953003,0.0008247029036283493,0.035272032022476196,0.5075894594192505,0.49893707036972046,0.2319786101579666,0.22299496829509735,0.2604319453239441,0.278067946434021
25,S6,BWHvy,local,local,0,local,local,0,0.5053284168243408,0.5244815945625305,0.019153177738189697,0.0008107786998152733,0.03830637037754059,0.5053284168243408,0.5244815945625305,0.2714872658252716,0.2651198208332062,0.22318434715270996,0.2103985995054245
25,S7,LatCrit,local,local,0,local,local,0,0.5027005672454834,0.4922887086868286,-0.010411858558654785,0.0002174978144466877,0.020823732018470764,0.5027005672454834,0.4922887086868286,0.24289165437221527,0.24754735827445984,0.2544077932834625,0.26016396284103394
25,S7,ComHvy,local,local,0,local,local,0,0.547348141670227,0.557628870010376,0.010280728340148926,0.00041173305362463,0.02321101725101471,0.547348141670227,0.557628870010376,0.22942687571048737,0.2307516634464264,0.22322499752044678,0.21161949634552002
25,S7,BWHvy,local,local,0,local,local,0,0.515923261642456,0.5407286882400513,0.024805426597595215,0.0014069341123104095,0.049610868096351624,0.515923261642456,0.5407286882400513,0.29663991928100586,0.2873585820198059,0.18743684887886047,0.17191274464130402
25,S8,LatCrit,local,local,0,local,local,0,0.5044625401496887,0.5178002119064331,0.013337671756744385,0.0011919476091861725,0.038676753640174866,0.5044625401496887,0.5178002119064331,0.28712204098701477,0.2931227684020996,0.20841540396213531,0.18907704949378967
25,S8,ComHvy,local,local,0,local,local,0,0.49863070249557495,0.5137800574302673,0.015149354934692383,0.0017505176365375519,0.046621546149253845,0.49863070249557495,0.5137800574302673,0.29346492886543274,0.3016263544559479,0.20790433883666992,0.1845935732126236
25,S8,BWHvy,local,local,0,local,local,0,0.42056357860565186,0.40403318405151367,-0.016530394554138184,0.0007292106747627258,0.03333057463169098,0.42056357860565186,0.40403318405151367,0.2394167184829712,0.2392818182706833,0.34001973271369934,0.35668501257896423
26,S1,LatCrit,local,local,0,local,local,0,0.4989622235298157,0.4914610981941223,-0.007501125335693359,0.00011258735321462154,0.015002265572547913,0.4989622235298157,0.4914610981941223,0.28186896443367004,0.2861954867839813,0.21916882693767548,0.22234344482421875
26,S1,ComHvy,local,local,0,BS2,BS2,0,0.4576869606971741,0.4569823145866394,-0.000704646110534668,0.00026052817702293396,0.01724502444267273,0.4576869606971741,0.4569823145866394,0.2180396318435669,0.2101217806339264,0.32427337765693665,0.3328959047794342
26,S1,BWHvy,local,local,0,local,local,0,0.5569554567337036,0.5546465516090393,-0.0023089051246643066,0.00044736918061971664,0.021206676959991455,0.5569554567337036,0.5546465516090393,0.2702395021915436,0.26194503903388977,0.1728050857782364,0.18340839445590973
26,S2,LatCrit,local,local,0,local,local,0,0.5706125497817993,0.5596256256103516,-0.010986924171447754,0.00250442698597908,0.05434054136276245,0.5706125497817993,0.5596256256103516,0.24697963893413544,0.23079629242420197,0.18240779638290405,0.20957806706428528
26,S2,ComHvy,local,local,0,local,local,0,0.5258170366287231,0.5112297534942627,-0.01458728313446045,0.0007525067776441574,0.03266967833042145,0.5258170366287231,0.5112297534942627,0.23787634074687958,0.2361287623643875,0.23630668222904205,0.252641499042511
26,S2,BWHvy,local,local,0,local,local,0,0.518395185470581,0.5217411518096924,0.003345966339111328,2.2916938178241253e-05,0.006691873073577881,0.518395185470581,0.5217411518096924,0.26405754685401917,0.26186037063598633,0.2175472378730774,0.21639850735664368
26,S3,LatCrit,local,local,0,local,local,0,0.5196754336357117,0.5348433256149292,0.01516789197921753,0.0004807012155652046,0.03033578395843506,0.5196754336357117,0.5348433256149292,0.23309022188186646,0.22779282927513123,0.24723435938358307,0.23736386001110077
26,S3,ComHvy,local,local,0,BS1,BS1,0,0.4222604036331177,0.43560320138931274,0.013342797756195068,0.00042132381349802017,0.02668561041355133,0.4222604036331177,0.43560320138931274,0.3239000141620636,0.32039502263069153,0.2538395822048187,0.24400176107883453
26,S3,BWHvy,local,local,0,local,local,0,0.5363754034042358,0.5562243461608887,0.019848942756652832,0.0009441804140806198,0.039697885513305664,0.5363754034042358,0.5562243461608887,0.19133499264717102,0.177634596824646,0.27228957414627075,0.26614102721214294
26,S4,LatCrit,local,local,0,local,local,0,0.5853568315505981,0.5853192806243896,-3.7550926208496094e-05,2.055545337498188e-06,0.001337304711341858,0.5853568315505981,0.5853192806243896,0.1861206740140915,0.18548956513404846,0.22852247953414917,0.2291911244392395
26,S4,ComHvy,local,local,0,local,local,0,0.4199962615966797,0.4190903902053833,-0.0009058713912963867,1.7557758837938309e-06,0.0018117427825927734,0.4199962615966797,0.4190903902053833,0.3092457354068756,0.3096073567867279,0.2707579731941223,0.2713022232055664
26,S4,BWHvy,local,local,0,local,local,0,0.46844953298568726,0.484716534614563,0.016267001628875732,0.000547163188457489,0.03253403306007385,0.46844953298568726,0.484716534614563,0.2222856730222702,0.21751533448696136,0.30926480889320374,0.29776811599731445
26,S5,LatCrit,local,local,0,local,local,0,0.5126157999038696,0.5026853084564209,-0.00993049144744873,0.00030709151178598404,0.02102336287498474,0.5126157999038696,0.5026853084564209,0.2297610640525818,0.22917982935905457,0.25762319564819336,0.26813483238220215
26,S5,ComHvy,local,local,0,local,local,0,0.4285375475883484,0.45251262187957764,0.023975074291229248,0.001234259456396103,0.047950178384780884,0.4285375475883484,0.45251262187957764,0.27155840396881104,0.25588542222976685,0.29990407824516296,0.2916019558906555
26,S5,BWHvy,local,local,0,local,local,0,0.613433837890625,0.594559371471405,-0.01887446641921997,0.0009465310722589493,0.03774891793727875,0.613433837890625,0.594559371471405,0.1699046492576599,0.17168579995632172,0.21666154265403748,0.23375484347343445
26,S6,LatCrit,local,local,0,local,local,0,0.4877106547355652,0.5092244148254395,0.021513760089874268,0.0011367104016244411,0.04302750527858734,0.4877106547355652,0.5092244148254395,0.31203901767730713,0.29203444719314575,0.20025034248828888,0.19874116778373718
26,S6,ComHvy,local,local,0,local,local,0,0.4825308322906494,0.4717918634414673,-0.010738968849182129,0.0009992308914661407,0.04048185050487518,0.4825308322906494,0.4717918634414673,0.29103079438209534,0.3112717270851135,0.22643838822841644,0.21693643927574158
26,S6,BWHvy,local,local,0,local,local,0,0.49700433015823364,0.49772870540618896,0.0007243752479553223,7.957685738801956e-05,0.009227320551872253,0.49700433015823364,0.49772870540618896,0.30411601066589355,0.30800530314445496,0.1988796442747116,0.19426599144935608
26,S7,LatCrit,local,local,0,local,local,0,0.5484675168991089,0.5660250186920166,0.017557501792907715,0.0006562341004610062,0.035115018486976624,0.5484675168991089,0.5660250186920166,0.24826443195343018,0.24112163484096527,0.20326803624629974,0.19285331666469574
26,S7,ComHvy,local,local,0,local,local,0,0.48368531465530396,0.4741523265838623,-0.00953298807144165,0.00020257988944649696,0.0190659761428833,0.48368531465530396,0.4741523265838623,0.23545628786087036,0.23747342824935913,0.28085842728614807,0.28837427496910095
26,S7,BWHvy,local,local,0,local,local,0,0.5671527981758118,0.5749155282974243,0.007762730121612549,0.00018106773495674133,0.015525519847869873,0.5671527981758118,0.5749155282974243,0.23204027116298676,0.23134446144104004,0.20080694556236267,0.19373996555805206
26,S8,LatCrit,local,local,0,BS2,BS2,0,0.5228110551834106,0.5187454223632812,-0.0040656328201293945,0.0004490930587053299,0.024430051445961,0.5228110551834106,0.5187454223632812,0.20918050408363342,0.20103110373020172,0.2680084705352783,0.2802234888076782
26,S8,ComHvy,local,local,0,local,local,0,0.5211280584335327,0.5228613615036011,0.0017333030700683594,8.962233550846577e-06,0.003467947244644165,0.5211280584335327,0.5228613615036011,0.23352286219596863,0.23352354764938354,0.24534903466701508,0.2436150759458542
26,S8,BWHvy,local,local,0,local,local,0,0.4202086329460144,0.4163573980331421,-0.0038512349128723145,0.00012689083814620972,0.014624714851379395,0.4202086329460144,0.4163573980331421,0.278999924659729,0.2755388021469116,0.3007914125919342,0.3081037700176239
27,S1,LatCrit,local,local,0,local,local,0,0.6030372977256775,0.6152315139770508,0.012194216251373291,0.0003195451572537422,0.024388477206230164,0.6030372977256775,0.6152315139770508,0.19635635614395142,0.19143562018871307,0.2006063461303711,0.19333282113075256
27,S1,ComHvy,local,local,0,local,local,0,0.5224331021308899,0.5442326068878174,0.02179950475692749,0.0014014765620231628,0.0435989648103714,0.5224331021308899,0.5442326068878174,0.23336261510849,0.23255567252635956,0.24420425295829773,0.22321173548698425
27,S1,BWHvy,local,local,0,local,local,0,0.496196985244751,0.49101197719573975,-0.0051850080490112305,0.001026984304189682,0.03594242036342621,0.496196985244751,0.49101197719573975,0.2870132625102997,0.2742270529270172,0.21678973734378815,0.23476094007492065
27,S2,LatCrit,local,local,0,local,local,0,0.5267393589019775,0.5260814428329468,-0.0006579160690307617,0.0034947656095027924,0.0579095184803009,0.5267393589019775,0.5260814428329468,0.2755391001701355,0.24724221229553223,0.19772158563137054,0.22667630016803741
27,S2,ComHvy,local,local,0,local,local,0,0.502968430519104,0.5095106363296509,0.006542205810546875,0.0018329136073589325,0.04570586979389191,0.502968430519104,0.5095106363296509,0.2874726951122284,0.3037834167480469,0.20955884456634521,0.18670590221881866
27,S2,BWHvy,local,local,0,local,local,0,0.513886570930481,0.510237455368042,-0.003649115562438965,0.0004267580807209015,0.023592054843902588,0.513886570930481,0.510237455368042,0.24985356628894806,0.26164960861206055,0.2362598329782486,0.22811293601989746
27,S3,LatCrit,local,local,0,local,local,0,0.46449464559555054,0.4806256890296936,0.016131043434143066,0.000957876443862915,0.03890903294086456,0.46449464559555054,0.4806256890296936,0.23612895607948303,0.23945243656635284,0.2993764281272888,0.27992191910743713
27,S3,ComHvy,local,local,0,local,local,0,0.43103158473968506,0.4443652033805847,0.013333618640899658,0.003741879016160965,0.07217353582382202,0.43103158473968506,0.4443652033805847,0.2624303698539734,0.22634360194206238,0.30653804540634155,0.3292911946773529
27,S3,BWHvy,local,local,0,local,local,0,0.4579038619995117,0.47191405296325684,0.014010190963745117,0.0018338561058044434,0.05230039358139038,0.4579038619995117,0.47191405296325684,0.27349358797073364,0.2856335937976837,0.26860255002975464,0.24245235323905945
27,S4,LatCrit,local,local,0,local,local,0,0.4533160328865051,0.4468904137611389,-0.006425619125366211,0.000471687875688076,0.026222258806228638,0.4533160328865051,0.4468904137611389,0.3119668960571289,0.305281400680542,0.23471705615520477,0.24782820045948029
27,S4,ComHvy,local,local,0,local,local,0,0.4766048192977905,0.48108065128326416,0.004475831985473633,0.00015131337568163872,0.014964908361434937,0.4766048192977905,0.48108065128326416,0.25053808093070984,0.24305564165115356,0.27285709977149963,0.27586373686790466
27,S4,BWHvy,local,local,0,local,local,0,0.584588885307312,0.6272785663604736,0.04268968105316162,0.003993365913629532,0.08537939190864563,0.584588885307312,0.6272785663604736,0.18258929252624512,0.16880987584590912,0.23282183706760406,0.20391154289245605
27,S5,LatCrit,local,local,0,local,local,0,0.5010624527931213,0.4663321375846863,-0.03473031520843506,0.0024969223886728287,0.06946064531803131,0.5010624527931213,0.4663321375846863,0.29978519678115845,0.3252963423728943,0.19915233552455902,0.20837152004241943
27,S5,ComHvy,local,local,0,local,local,0,0.45715320110321045,0.4894220232963562,0.03226882219314575,0.005078653804957867,0.0844806432723999,0.45715320110321045,0.4894220232963562,0.2622591257095337,0.22001880407333374,0.28058767318725586,0.29055917263031006
27,S5,BWHvy,local,local,0,local,local,0,0.5096734166145325,0.4976847171783447,-0.011988699436187744,0.0003052186220884323,0.02397739887237549,0.5096734166145325,0.4976847171783447,0.23705607652664185,0.24071446061134338,0.2532705068588257,0.2616008222103119
27,S6,LatCrit,local,local,0,local,local,0,0.4419294595718384,0.46491652727127075,0.022987067699432373,0.0012320640962570906,0.045974165201187134,0.4419294595718384,0.46491652727127075,0.34897974133491516,0.3282366394996643,0.20909081399440765,0.20684681832790375
27,S6,ComHvy,local,local,0,local,local,0,0.4378242492675781,0.445367693901062,0.007543444633483887,0.0011984622105956078,0.04267898201942444,0.4378242492675781,0.445367693901062,0.3099921643733978,0.2886526584625244,0.25218361616134644,0.2659796476364136
27,S6,BWHvy,local,local,0,local,local,0,0.478723406791687,0.46983927488327026,-0.008884131908416748,0.0029917601495981216,0.06378637254238129,0.478723406791687,0.46983927488327026,0.2703000009059906,0.2472909539937973,0.2509765625,0.28286975622177124
27,S7,LatCrit,local,local,0,BS2,BS2,0,0.4821131229400635,0.5098943114280701,0.027781188488006592,0.0019379009027034044,0.05556236207485199,0.4821131229400635,0.5098943114280701,0.30221468210220337,0.27654024958610535,0.21567218005657196,0.21356543898582458
27,S7,ComHvy,local,local,0,local,local,0,0.4068624973297119,0.4001801013946533,-0.006682395935058594,0.0018457695841789246,0.051985085010528564,0.4068624973297119,0.4001801013946533,0.3288569152355194,0.3095467686653137,0.2642805874347687,0.29027312994003296
27,S7,BWHvy,local,local,0,local,local,0,0.5272912979125977,0.5264979600906372,-0.0007933378219604492,0.0004706336185336113,0.021883904933929443,0.5272912979125977,0.5264979600906372,0.23343726992607117,0.2232886403799057,0.23927141726016998,0.2502133548259735
27,S8,LatCrit,local,BS1,1,local,local,0,0.3942359685897827,0.40376517176628113,0.009529203176498413,0.00047644670121371746,0.02894309163093567,0.3942359685897827,0.3797644376754761,0.3912818133831024,0.40376517176628113,0.21448221802711487,0.21647042036056519
27,S8,ComHvy,local,local,0,local,local,0,0.5355449914932251,0.5331812500953674,-0.002363741397857666,4.1617429815232754e-05,0.007579699158668518,0.5355449914932251,0.5331812500953674,0.22084610164165497,0.22463594377040863,0.24360893666744232,0.24218282103538513
27,S8,BWHvy,local,local,0,local,local,0,0.6351534724235535,0.6520204544067383,0.016866981983184814,0.000647365115582943,0.03373399376869202,0.6351534724235535,0.6520204544067383,0.18084217607975006,0.17044955492019653,0.18400436639785767,0.177529975771904
28,S1,LatCrit,local,local,0,local,local,0,0.45111554861068726,0.47009992599487305,0.01898437738418579,0.002124723047018051,0.05953168869018555,0.45111554861068726,0.47009992599487305,0.2322293370962143,0.24301080405712128,0.31665509939193726,0.2868892550468445
28,S1,ComHvy,local,local,0,local,local,0,0.548262357711792,0.5589137077331543,0.010651350021362305,0.0003134123980998993,0.021302655339241028,0.548262357711792,0.5589137077331543,0.2224150002002716,0.22141814231872559,0.2293226271867752,0.2196681797504425
28,S1,BWHvy,local,local,0,local,local,0,0.5826684236526489,0.5554316639900208,-0.027236759662628174,0.001599196344614029,0.05447357892990112,0.5826684236526489,0.5554316639900208,0.1720472127199173,0.17873892188072205,0.245284304022789,0.2658294141292572
28,S2,LatCrit,local,local,0,local,local,0,0.5334168076515198,0.5290861129760742,-0.004330694675445557,0.0010357890278100967,0.03491105139255524,0.5334168076515198,0.5290861129760742,0.24499118328094482,0.23186632990837097,0.2215920239686966,0.23904752731323242
28,S2,ComHvy,local,local,0,local,local,0,0.46179574728012085,0.46418577432632446,0.0023900270462036133,0.00118996761739254,0.037463098764419556,0.46179574728012085,0.46418577432632446,0.2872009873390198,0.30354249477386475,0.2510032653808594,0.2322717010974884
28,S2,BWHvy,local,local,0,local,local,0,0.46510666608810425,0.4574418067932129,-0.007664859294891357,0.0006697187200188637,0.03145428001880646,0.46510666608810425,0.4574418067932129,0.24017195403575897,0.2558991014957428,0.294721394777298,0.2866591215133667
28,S3,LatCrit,local,local,0,BS1,BS1,0,0.49457472562789917,0.4976733326911926,0.003098607063293457,0.00010215258225798607,0.01181560754776001,0.49457472562789917,0.4976733326911926,0.2263011932373047,0.22039341926574707,0.27912405133247375,0.2819332778453827
28,S3,ComHvy,local,local,0,local,local,0,0.5222020149230957,0.5130188465118408,-0.009183168411254883,0.0003005368635058403,0.020265892148017883,0.5222020149230957,0.5130188465118408,0.24792087078094482,0.24697107076644897,0.22987714409828186,0.240010067820549
28,S3,BWHvy,local,local,0,local,local,0,0.5433782339096069,0.5536883473396301,0.010310113430023193,0.0003309596795588732,0.020620271563529968,0.5433782339096069,0.5536883473396301,0.22366836667060852,0.21358820796012878,0.23295342922210693,0.2327234297990799
28,S4,LatCrit,local,local,0,local,local,0,0.5322772264480591,0.5302200317382812,-0.002057194709777832,0.0001882985234260559,0.01450394093990326,0.5322772264480591,0.5302200317382812,0.18962591886520386,0.19687791168689728,0.27809685468673706,0.27290210127830505
28,S4,ComHvy,local,local,0,BS2,BS2,0,0.4337350130081177,0.44415926933288574,0.010424256324768066,0.0021715760231018066,0.05695953965187073,0.4337350130081177,0.44415926933288574,0.29421135783195496,0.2657316029071808,0.27205362915992737,0.29010915756225586
28,S4,BWHvy,local,local,0,local,local,0,0.4599936008453369,0.47833746671676636,0.018343865871429443,0.000951591064222157,0.0366877019405365,0.4599936008453369,0.47833746671676636,0.24521586298942566,0.22859349846839905,0.29479050636291504,0.2930690348148346
28,S5,LatCrit,local,local,0,local,local,0,0.5981981754302979,0.5851387977600098,-0.013059377670288086,0.00036132149398326874,0.026118755340576172,0.5981981754302979,0.5851387977600098,0.18547478318214417,0.19012460112571716,0.2163269966840744,0.2247365564107895
28,S5,ComHvy,local,local,0,local,local,0,0.4581964612007141,0.47296541929244995,0.01476895809173584,0.0012783221900463104,0.042917147278785706,0.4581964612007141,0.47296541929244995,0.2519383430480957,0.23047976195812225,0.2898651957511902,0.2965548038482666
28,S5,BWHvy,local,local,0,local,local,0,0.45731353759765625,0.4580957293510437,0.0007821917533874512,0.0001958794891834259,0.015315920114517212,0.45731353759765625,0.4580957293510437,0.27896061539649963,0.27130264043807983,0.2637258470058441,0.2706016004085541
28,S6,LatCrit,local,local,0,local,local,0,0.4835662245750427,0.495211660861969,0.01164543628692627,0.0007555391639471054,0.0336470752954483,0.4835662245750427,0.495211660861969,0.2549808621406555,0.2601589560508728,0.26145291328430176,0.244629368185997
28,S6,ComHvy,local,local,0,local,local,0,0.5342705249786377,0.5226861238479614,-0.01158440113067627,0.0004466902755666524,0.02340148389339447,0.5342705249786377,0.5226861238479614,0.20666874945163727,0.2183694839477539,0.25906074047088623,0.25894439220428467
28,S6,BWHvy,local,local,0,local,local,0,0.5159916877746582,0.5142682194709778,-0.00172346830368042,0.00018205493688583374,0.014023840427398682,0.5159916877746582,0.5142682194709778,0.1808813065290451,0.18789322674274445,0.3031270205974579,0.29783856868743896
28,S7,LatCrit,local,local,0,local,local,0,0.5406623482704163,0.5296458005905151,-0.011016547679901123,0.00027324166148900986,0.022033095359802246,0.5406623482704163,0.5296458005905151,0.20102742314338684,0.20321124792099,0.2583102285861969,0.2671429514884949
28,S7,ComHvy,local,local,0,local,local,0,0.49955040216445923,0.4902169108390808,-0.009333491325378418,0.00044669583439826965,0.026777595281600952,0.49955040216445923,0.4902169108390808,0.23142142593860626,0.2273661345243454,0.2690281569957733,0.282416969537735
28,S7,BWHvy,local,local,0,local,local,0,0.49377965927124023,0.5295169353485107,0.03573727607727051,0.003042839467525482,0.07147455215454102,0.49377965927124023,0.5295169353485107,0.25908195972442627,0.2510705292224884,0.2471383959054947,0.21941255033016205
28,S8,LatCrit,local,local,0,local,local,0,0.5453400611877441,0.5308026075363159,-0.014537453651428223,0.0006433194503188133,0.029074862599372864,0.5453400611877441,0.5308026075363159,0.2502385973930359,0.25099143385887146,0.20442132651805878,0.21820589900016785
28,S8,ComHvy,local,local,0,local,local,0,0.5101914405822754,0.5097624063491821,-0.0004290342330932617,3.8331374526023865e-05,0.00650496780872345,0.5101914405822754,0.5097624063491821,0.2333230972290039,0.23657555878162384,0.2564854621887207,0.25366199016571045
28,S8,BWHvy,local,local,0,local,local,0,0.4608524441719055,0.4682425856590271,0.007390141487121582,0.00012881867587566376,0.014780253171920776,0.4608524441719055,0.4682425856590271,0.28920426964759827,0.2830059230327606,0.24994328618049622,0.24875152111053467
29,S1,LatCrit,local,local,0,local,local,0,0.5223500728607178,0.5424230098724365,0.02007293701171875,0.003539472818374634,0.06737400591373444,0.5223500728607178,0.5424230098724365,0.25293785333633423,0.2665519118309021,0.2247120589017868,0.191025048494339
29,S1,ComHvy,local,local,0,local,local,0,0.5959347486495972,0.5964758396148682,0.0005410909652709961,0.001703331246972084,0.036737605929374695,0.5959347486495972,0.5964758396148682,0.23067885637283325,0.2485065460205078,0.17338640987873077,0.15501758456230164
29,S1,BWHvy,local,local,0,local,local,0,0.48545509576797485,0.49591732025146484,0.01046222448348999,0.00026824790984392166,0.020924463868141174,0.48545509576797485,0.49591732025146484,0.21265088021755219,0.21176695823669434,0.30189403891563416,0.2923157215118408
29,S2,LatCrit,local,local,0,local,local,0,0.5158818364143372,0.4878878593444824,-0.027993977069854736,0.0017990060150623322,0.055987924337387085,0.5158818364143372,0.4878878593444824,0.2151549905538559,0.2197500616312027,0.26896318793296814,0.2923620641231537
29,S2,ComHvy,local,local,0,local,local,0,0.48343050479888916,0.5027171969413757,0.019286692142486572,0.0007533780299127102,0.03857341408729553,0.48343050479888916,0.5027171969413757,0.29232943058013916,0.27993518114089966,0.22424006462097168,0.21734759211540222
29,S2,BWHvy,local,local,0,local,local,0,0.46093499660491943,0.448600172996521,-0.012334823608398438,0.00031808018684387207,0.024669647216796875,0.46093499660491943,0.448600172996521,0.2253982275724411,0.23229561746120453,0.31366676092147827,0.3191041946411133
29,S3,LatCrit,local,local,0,local,local,0,0.5593389868736267,0.576673150062561,0.017334163188934326,0.001914123073220253,0.0481286495923996,0.5593389868736267,0.576673150062561,0.20208419859409332,0.17801988124847412,0.23857681453227997,0.24530698359012604
29,S3,ComHvy,local,local,0,BS2,BS1,1,0.4291747808456421,0.39616894721984863,-0.03300583362579346,0.0030697803013026714,0.06601166725158691,0.4291747808456421,0.39616894721984863,0.2718574106693268,0.30368366837501526,0.29896780848503113,0.3001473844051361
29,S3,BWHvy,local,local,0,BS2,BS2,0,0.5226846933364868,0.5354063510894775,0.012721657752990723,0.0029702410101890564,0.06136785447597504,0.5226846933364868,0.5354063510894775,0.2367299199104309,0.20604601502418518,0.2405853420495987,0.2585476338863373
29,S4,LatCrit,local,local,0,local,local,0,0.5432583689689636,0.5234388113021851,-0.019819557666778564,0.0009533651173114777,0.039639174938201904,0.5432583689689636,0.5234388113021851,0.21692407131195068,0.2327357530593872,0.2398175448179245,0.24382548034191132
29,S4,ComHvy,local,local,0,BS1,BS1,0,0.48031747341156006,0.49625909328460693,0.015941619873046875,0.0005438625812530518,0.031883254647254944,0.48031747341156006,0.49625909328460693,0.27295491099357605,0.2675166130065918,0.2467276006937027,0.23622426390647888
29,S4,BWHvy,local,local,0,local,local,0,0.4359402060508728,0.44391369819641113,0.00797349214553833,0.009466078132390976,0.10696008801460266,0.4359402060508728,0.44391369819641113,0.2653629183769226,0.21188285946846008,0.2986968755722046,0.3442034125328064
29,S5,LatCrit,local,local,0,local,local,0,0.5701837539672852,0.6133729815483093,0.04318922758102417,0.004609290510416031,0.08637847006320953,0.5701837539672852,0.6133729815483093,0.2136908769607544,0.20343640446662903,0.21612536907196045,0.18319059908390045
29,S5,ComHvy,local,local,0,local,local,0,0.5573210716247559,0.5786881446838379,0.02136707305908203,0.0011512953788042068,0.04273413121700287,0.5573210716247559,0.5786881446838379,0.20653170347213745,0.20318205654621124,0.23614723980426788,0.21812982857227325
29,S5,BWHvy,local,local,0,local,local,0,0.4678899645805359,0.48803770542144775,0.020147740840911865,0.0018778536468744278,0.05003386735916138,0.4678899645805359,0.48803770542144775,0.29432645440101624,0.29919564723968506,0.23778358101844788,0.2127666473388672
29,S6,LatCrit,local,local,0,local,local,0,0.5203609466552734,0.5238178372383118,0.00345689058303833,0.0037877950817346573,0.06327176094055176,0.5203609466552734,0.5238178372383118,0.18669536709785461,0.21487435698509216,0.29294368624687195,0.26130780577659607
29,S6,ComHvy,local,local,0,local,local,0,0.5795638561248779,0.5471340417861938,-0.03242981433868408,0.0030437447130680084,0.06530570983886719,0.5795638561248779,0.5471340417861938,0.18822044134140015,0.18799740076065063,0.2322157323360443,0.2648685872554779
29,S6,BWHvy,local,local,0,local,local,0,0.5504074096679688,0.5283981561660767,-0.02200925350189209,0.00428074412047863,0.06862227618694305,0.5504074096679688,0.5283981561660767,0.14214995503425598,0.1764611154794693,0.30744263529777527,0.2951407730579376
29,S7,LatCrit,local,local,0,local,local,0,0.5327949523925781,0.5501013994216919,0.01730644702911377,0.0011845792178064585,0.034612879157066345,0.5327949523925781,0.5501013994216919,0.16605868935585022,0.14928431808948517,0.30114632844924927,0.30061426758766174
29,S7,ComHvy,local,local,0,local,local,0,0.47876155376434326,0.5026292204856873,0.023867666721343994,0.0012333462946116924,0.0477353036403656,0.47876155376434326,0.5026292204856873,0.27299800515174866,0.2557826340198517,0.2482404261827469,0.24158816039562225
29,S7,BWHvy,local,local,0,BS1,BS1,0,0.5806228518486023,0.5944135189056396,0.013790667057037354,0.0037779882550239563,0.06482286751270294,0.5806228518486023,0.5944135189056396,0.2129889726638794,0.2316097468137741,0.2063881754875183,0.17397674918174744
29,S8,LatCrit,local,local,0,local,local,0,0.5070549249649048,0.4991309642791748,-0.00792396068572998,0.0012005995959043503,0.03892099857330322,0.5070549249649048,0.4991309642791748,0.29733791947364807,0.28580138087272644,0.19560714066028595,0.21506763994693756
29,S8,ComHvy,local,local,0,local,local,0,0.5329285860061646,0.5736550092697144,0.040726423263549805,0.004603249952197075,0.08145281672477722,0.5329285860061646,0.5736550092697144,0.27012795209884644,0.26175373792648315,0.196943461894989,0.16459128260612488
29,S8,BWHvy,local,local,0,local,local,0,0.46376001834869385,0.464023232460022,0.000263214111328125,0.0007559536024928093,0.028240352869033813,0.46376001834869385,0.464023232460022,0.20692627131938934,0.22078324854373932,0.3293136954307556,0.3151935338973999
30,S1,LatCrit,local,local,0,local,local,0,0.5114716291427612,0.5213745832443237,0.0099029541015625,0.0024757403880357742,0.05739519000053406,0.5114716291427612,0.5213745832443237,0.2094551920890808,0.22824984788894653,0.27907317876815796,0.2503755986690521
30,S1,ComHvy,local,local,0,local,local,0,0.5521987080574036,0.5774602890014648,0.02526158094406128,0.0013766400516033173,0.05052317678928375,0.5521987080574036,0.5774602890014648,0.20973172783851624,0.2017703801393509,0.2380695790052414,0.22076933085918427
30,S1,BWHvy,local,local,0,local,local,0,0.5223202705383301,0.5295572280883789,0.007236957550048828,0.00029889284633100033,0.02122265100479126,0.5223202705383301,0.5295572280883789,0.259054571390152,0.24844324588775635,0.21862515807151794,0.22199952602386475
30,S2,LatCrit,local,local,0,local,local,0,0.5064821243286133,0.5227349996566772,0.016252875328063965,0.0006368253380060196,0.032505810260772705,0.5064821243286133,0.5227349996566772,0.2793455123901367,0.26519259810447693,0.21417240798473358,0.21207238733768463
30,S2,ComHvy,local,local,0,local,BS2,1,0.421556293964386,0.4082323908805847,-0.01332390308380127,0.00041530001908540726,0.02664777636528015,0.421556293964386,0.4082323908805847,0.2873084247112274,0.2900733947753906,0.291135311126709,0.30169421434402466
30,S2,BWHvy,local,local,0,local,local,0,0.5723172426223755,0.5819970369338989,0.009679794311523438,0.0015514679253101349,0.04100349545478821,0.5723172426223755,0.5819970369338989,0.1836426854133606,0.1631409227848053,0.2440401017665863,0.2548620402812958
30,S3,LatCrit,local,local,0,local,local,0,0.4943593740463257,0.5110818147659302,0.016722440719604492,0.0006137732416391373,0.03344491124153137,0.4943593740463257,0.5110818147659302,0.20783880352973938,0.19744282960891724,0.29780182242393494,0.2914753258228302
30,S3,ComHvy,local,local,0,local,local,0,0.43736493587493896,0.44042593240737915,0.0030609965324401855,1.922773662954569e-05,0.006121963262557983,0.43736493587493896,0.44042593240737915,0.29763540625572205,0.2957584857940674,0.2649996280670166,0.26381558179855347
30,S3,BWHvy,local,local,0,local,local,0,0.49990350008010864,0.5260165929794312,0.02611309289932251,0.0030659204348921776,0.06580215692520142,0.49990350008010864,0.5260165929794312,0.2560790479183197,0.223177969455719,0.24401748180389404,0.25080546736717224
30,S4,LatCrit,local,local,0,BS1,BS1,0,0.50351881980896,0.48571014404296875,-0.01780867576599121,0.0011137016117572784,0.0406356155872345,0.50351881980896,0.48571014404296875,0.24469634890556335,0.24218720197677612,0.25178489089012146,0.2721026837825775
30,S4,ComHvy,local,local,0,local,local,0,0.47808152437210083,0.4938165545463562,0.01573503017425537,0.0013159774243831635,0.045267149806022644,0.47808152437210083,0.4938165545463562,0.2415332943201065,0.24843183159828186,0.28038519620895386,0.25775161385536194
30,S4,BWHvy,local,local,0,local,local,0,0.4248239994049072,0.41628068685531616,-0.008543312549591064,0.0019365306943655014,0.05484302341938019,0.4248239994049072,0.41628068685531616,0.2621902525424957,0.2433120757341385,0.31298571825027466,0.34040725231170654
30,S5,LatCrit,local,local,0,local,local,0,0.5029113292694092,0.48450249433517456,-0.01840883493423462,0.0007602274417877197,0.03681768476963043,0.5029113292694092,0.48450249433517456,0.24267591536045074,0.24697807431221008,0.25441277027130127,0.26851946115493774
30,S5,ComHvy,local,local,0,local,local,0,0.5537911653518677,0.5482229590415955,-0.005568206310272217,0.00040833326056599617,0.023222818970680237,0.5537911653518677,0.5482229590415955,0.2180086076259613,0.22961999475955963,0.2282002717256546,0.2221570461988449
30,S5,BWHvy,local,local,0,local,local,0,0.4836331009864807,0.5244309902191162,0.0407978892326355,0.0035506654530763626,0.08159574866294861,0.4836331009864807,0.5244309902191162,0.2714873254299164,0.25694432854652405,0.2448795735836029,0.21862471103668213
30,S6,LatCrit,local,local,0,BS2,BS2,0,0.47859489917755127,0.4898042678833008,0.011209368705749512,0.005010182037949562,0.07846537232398987,0.47859489917755127,0.4898042678833008,0.2427346408367157,0.20350196957588196,0.27867045998573303,0.30669379234313965
30,S6,ComHvy,local,local,0,local,local,0,0.4436601400375366,0.45028001070022583,0.006619870662689209,0.002636479213833809,0.0599604994058609,0.4436601400375366,0.45028001070022583,0.3142288029193878,0.28424856066703796,0.24211107194423676,0.2654714584350586
30,S6,BWHvy,local,local,0,local,local,0,0.5338966846466064,0.5102128386497498,-0.02368384599685669,0.001419905573129654,0.047367751598358154,0.5338966846466064,0.5102128386497498,0.2017303705215454,0.20335587859153748,0.26437291502952576,0.28643131256103516
30,S7,LatCrit,local,local,0,local,local,0,0.5242015719413757,0.5347285866737366,0.01052701473236084,0.00023623695597052574,0.021054059267044067,0.5242015719413757,0.5347285866737366,0.22332365810871124,0.22014372050762177,0.2524747848510742,0.24512767791748047
30,S7,ComHvy,local,local,0,local,local,0,0.5178426504135132,0.5452749729156494,0.02743232250213623,0.001513240858912468,0.054864659905433655,0.5178426504135132,0.5452749729156494,0.2594951093196869,0.2447231411933899,0.2226622849702835,0.21000191569328308
30,S7,BWHvy,local,local,0,local,local,0,0.5131808519363403,0.5159962177276611,0.0028153657913208008,2.997965202666819e-05,0.006415501236915588,0.5131808519363403,0.5159962177276611,0.23573395609855652,0.23252622783184052,0.25108516216278076,0.25147756934165955
30,S8,LatCrit,local,local,0,local,local,0,0.4999726414680481,0.4772723913192749,-0.022700250148773193,0.0025167008861899376,0.06685937941074371,0.4999726414680481,0.4772723913192749,0.31373679637908936,0.3471664786338806,0.18629059195518494,0.17556114494800568
30,S8,ComHvy,local,local,0,local,BS1,1,0.5803256034851074,0.5782434940338135,-0.0020821094512939453,0.001968393102288246,0.04169757664203644,0.5803256034851074,0.5782434940338135,0.25453758239746094,0.27538636326789856,0.16513679921627045,0.14637011289596558
30,S8,BWHvy,local,local,0,local,local,0,0.5295918583869934,0.4984593987464905,-0.03113245964050293,0.0020485948771238327,0.06226491928100586,0.5295918583869934,0.4984593987464905,0.2080535888671875,0.21646752953529358,0.2623545527458191,0.28507307171821594
31,S1,LatCrit,local,local,0,local,local,0,0.4947029948234558,0.49318599700927734,-0.0015169978141784668,0.0010949447751045227,0.034769877791404724,0.4947029948234558,0.49318599700927734,0.248619943857193,0.26600486040115356,0.2566770613193512,0.2408090978860855
31,S1,ComHvy,local,local,0,local,local,0,0.4980655312538147,0.4811181426048279,-0.016947388648986816,0.0005851257592439651,0.03389476239681244,0.4980655312538147,0.4811181426048279,0.19683822989463806,0.20510627329349518,0.30509626865386963,0.31377559900283813
31,S1,BWHvy,local,local,0,local,local,0,0.42603808641433716,0.4437118172645569,0.017673730850219727,0.0036668535321950912,0.07642102241516113,0.42603808641433716,0.4437118172645569,0.3129008412361145,0.27469033002853394,0.26106107234954834,0.2815978527069092
31,S2,LatCrit,local,local,0,local,local,0,0.6080101728439331,0.6097054481506348,0.0016952753067016602,0.0006171418353915215,0.02342081069946289,0.6080101728439331,0.6097054481506348,0.2441679686307907,0.23245757818222046,0.1478217989206314,0.1578369438648224
31,S2,ComHvy,local,local,0,local,local,0,0.5205254554748535,0.47531479597091675,-0.04521065950393677,0.004104612395167351,0.09042127430438995,0.5205254554748535,0.47531479597091675,0.2031390517950058,0.22037404775619507,0.2763355076313019,0.3043111264705658
31,S2,BWHvy,local,local,0,local,local,0,0.44794178009033203,0.4444870352745056,-0.003454744815826416,0.0019724518060684204,0.050050288438797,0.44794178009033203,0.4444870352745056,0.2704525589942932,0.24888214468955994,0.28160569071769714,0.30663082003593445
31,S3,LatCrit,local,local,0,local,local,0,0.461492121219635,0.5030543804168701,0.04156225919723511,0.003496384248137474,0.08312445878982544,0.461492121219635,0.5030543804168701,0.26868942379951477,0.2449752390384674,0.26981842517852783,0.25197041034698486
31,S3,ComHvy,local,local,0,local,local,0,0.4833695888519287,0.49097180366516113,0.007602214813232422,0.0011821500957012177,0.04135678708553314,0.4833695888519287,0.49097180366516113,0.30429449677467346,0.2836160957813263,0.21233589947223663,0.22541207075119019
31,S3,BWHvy,local,local,0,local,local,0,0.5081741213798523,0.5161827206611633,0.008008599281311035,0.00019034100114367902,0.016017213463783264,0.5081741213798523,0.5161827206611633,0.2501418888568878,0.24222974479198456,0.24168400466442108,0.2415875345468521
31,S4,LatCrit,local,local,0,BS2,BS2,0,0.47272270917892456,0.4291967749595642,-0.04352593421936035,0.003866950049996376,0.08705191314220428,0.47272270917892456,0.4291967749595642,0.23798991739749908,0.26054346561431885,0.2892873287200928,0.31025975942611694
31,S4,ComHvy,local,local,0,local,local,0,0.48593324422836304,0.5077236294746399,0.021790385246276855,0.0025343112647533417,0.05473008751869202,0.48593324422836304,0.5077236294746399,0.3093547523021698,0.31492942571640015,0.20471197366714478,0.17734694480895996
31,S4,BWHvy,local,local,0,BS1,BS1,0,0.5277509689331055,0.5421770811080933,0.014426112174987793,0.00041869888082146645,0.028852209448814392,0.5277509689331055,0.5421770811080933,0.2964993417263031,0.2872544229030609,0.17574967443943024,0.17056849598884583
31,S5,LatCrit,local,local,0,local,local,0,0.48069095611572266,0.47269362211227417,-0.007997334003448486,0.00013911863788962364,0.01599462330341339,0.48069095611572266,0.47269362211227417,0.17189790308475494,0.17294436693191528,0.3474111557006836,0.35436198115348816
31,S5,ComHvy,local,local,0,local,local,0,0.43527716398239136,0.44959938526153564,0.014322221279144287,0.0005176824051886797,0.028644412755966187,0.43527716398239136,0.44959938526153564,0.27398255467414856,0.26179802417755127,0.2907402515411377,0.2886025905609131
31,S5,BWHvy,local,local,0,local,local,0,0.45228785276412964,0.4408642053604126,-0.011423647403717041,0.00041684601455926895,0.024841636419296265,0.45228785276412964,0.4408642053604126,0.26835766434669495,0.26736047863960266,0.2793545126914978,0.29177531599998474
31,S6,LatCrit,local,local,0,BS1,local,1,0.487047016620636,0.504831850528717,0.017784833908081055,0.001723259687423706,0.05212700366973877,0.487047016620636,0.504831850528717,0.2875337302684784,0.261470228433609,0.22541923820972443,0.23369790613651276
31,S6,ComHvy,local,local,0,local,local,0,0.5091149806976318,0.5110989809036255,0.0019840002059936523,0.00039671827107667923,0.021436631679534912,0.5091149806976318,0.5110989809036255,0.2453918308019638,0.23467354476451874,0.24549314379692078,0.25422748923301697
31,S6,BWHvy,local,local,0,BS2,BS2,0,0.4978165626525879,0.49132227897644043,-0.006494283676147461,0.0016022678464651108,0.04601539671421051,0.4978165626525879,0.49132227897644043,0.19690021872520447,0.18038679659366608,0.30528321862220764,0.3282909095287323
31,S7,LatCrit,local,local,0,local,local,0,0.4767388701438904,0.47272729873657227,-0.004011571407318115,0.001754269003868103,0.04674139618873596,0.4767388701438904,0.47272729873657227,0.2780255377292633,0.3013962507247925,0.24523556232452393,0.22587645053863525
31,S7,ComHvy,local,local,0,local,local,0,0.4391482472419739,0.39630740880966187,-0.04284083843231201,0.00405760295689106,0.08568164706230164,0.4391482472419739,0.39630740880966187,0.28958261013031006,0.302444189786911,0.27126914262771606,0.30124837160110474
31,S7,BWHvy,local,local,0,local,local,0,0.48587554693222046,0.4922773838043213,0.00640183687210083,0.00012518670700956136,0.01280367374420166,0.48587554693222046,0.4922773838043213,0.2468276023864746,0.24046674370765686,0.26729685068130493,0.26725587248802185
31,S8,LatCrit,local,local,0,local,local,0,0.4976538419723511,0.49970030784606934,0.0020464658737182617,0.0008527291938662529,0.03089331090450287,0.4976538419723511,0.49970030784606934,0.2604142427444458,0.27381443977355957,0.24193190038204193,0.2264852523803711
31,S8,ComHvy,local,local,0,BS1,BS1,0,0.5278843641281128,0.5109866857528687,-0.01689767837524414,0.0010258324909955263,0.03779321908950806,0.5278843641281128,0.5109866857528687,0.22837412357330322,0.24727070331573486,0.24374154210090637,0.2417425811290741
31,S8,BWHvy,local,local,0,local,local,0,0.5025085210800171,0.5059583187103271,0.0034497976303100586,0.00205276720225811,0.04828818142414093,0.5025085210800171,0.5059583187103271,0.2999233603477478,0.27577927708625793,0.19756808876991272,0.21826238930225372
32,S1,LatCrit,local,local,0,local,local,0,0.5813385844230652,0.5935611724853516,0.012222588062286377,0.0012392569333314896,0.04008561372756958,0.5813385844230652,0.5935611724853516,0.1961067169904709,0.2039269208908081,0.22255471348762512,0.20251189172267914
32,S1,ComHvy,local,local,0,local,local,0,0.5729426145553589,0.5766900777816772,0.0037474632263183594,5.241110920906067e-05,0.008443772792816162,0.5729426145553589,0.5766900777816772,0.19945243000984192,0.19992686808109283,0.227604940533638,0.2233830690383911
32,S1,BWHvy,local,local,0,local,local,0,0.42697393894195557,0.4396636486053467,0.012689709663391113,0.00045114761451259255,0.02537938952445984,0.42697393894195557,0.4396636486053467,0.2741275429725647,0.26224610209465027,0.29889848828315735,0.29809024930000305
32,S2,LatCrit,local,local,0,BS1,BS1,0,0.5816291570663452,0.583187460899353,0.0015583038330078125,0.0003116736188530922,0.016779571771621704,0.5816291570663452,0.583187460899353,0.2517157793045044,0.25854727625846863,0.1666550487279892,0.15826527774333954
32,S2,ComHvy,local,local,0,local,local,0,0.5552605390548706,0.5480045080184937,-0.007256031036376953,0.00017866818234324455,0.0145120769739151,0.5552605390548706,0.5480045080184937,0.2569247782230377,0.2570837140083313,0.18781468272209167,0.19491179287433624
32,S2,BWHvy,local,local,0,local,local,0,0.4517356753349304,0.43476569652557373,-0.01696997880935669,0.0047335028648376465,0.08522391319274902,0.4517356753349304,0.43476569652557373,0.29438647627830505,0.26874449849128723,0.2538778483867645,0.29648980498313904
32,S3,LatCrit,local,local,0,local,local,0,0.49354785680770874,0.5031734108924866,0.009625554084777832,0.0002685130457393825,0.019251063466072083,0.49354785680770874,0.5031734108924866,0.24367055296897888,0.23454062640666962,0.26278156042099,0.262285977602005
32,S3,ComHvy,local,local,0,BS2,local,1,0.4558352828025818,0.4629596471786499,0.007124364376068115,0.0002917163074016571,0.020722612738609314,0.4558352828025818,0.4629596471786499,0.2522237300872803,0.2418624311685562,0.29194098711013794,0.2951779365539551
32,S3,BWHvy,local,local,0,local,local,0,0.49099117517471313,0.5086722373962402,0.0176810622215271,0.0009544467320665717,0.035362109541893005,0.49099117517471313,0.5086722373962402,0.22201164066791534,0.20556741952896118,0.2869971692562103,0.2857603430747986
32,S4,LatCrit,local,local,0,local,BS1,1,0.46542638540267944,0.43534553050994873,-0.030080854892730713,0.0018362030386924744,0.06016169488430023,0.46542638540267944,0.43534553050994873,0.2846197783946991,0.2995162904262543,0.24995382130146027,0.2651381492614746
32,S4,ComHvy,local,local,0,local,local,0,0.48127496242523193,0.4856003522872925,0.004325389862060547,0.004723839461803436,0.07094942033290863,0.48127496242523193,0.4856003522872925,0.2965325713157654,0.32768189907073975,0.2221924513578415,0.18671774864196777
32,S4,BWHvy,local,local,0,local,local,0,0.511088490486145,0.5194432139396667,0.008354723453521729,0.0007755840197205544,0.03277274966239929,0.511088490486145,0.5194432139396667,0.2424750030040741,0.22608864307403564,0.2464364767074585,0.2544681429862976
32,S5,LatCrit,local,local,0,BS1,BS1,0,0.49904006719589233,0.49986714124679565,0.0008270740509033203,1.962642272701487e-06,0.0016541630029678345,0.49904006719589233,0.49986714124679565,0.24878501892089844,0.2479938119649887,0.2521749436855316,0.25213906168937683
32,S5,ComHvy,local,local,0,local,local,0,0.398920476436615,0.4073019027709961,0.008381426334381104,0.00014582648873329163,0.01676282286643982,0.398920476436615,0.4073019027709961,0.24707087874412537,0.24375751614570618,0.35400861501693726,0.34894058108329773
32,S5,BWHvy,local,local,0,local,local,0,0.4992445111274719,0.49067825078964233,-0.00856626033782959,0.0014502210542559624,0.045142918825149536,0.4992445111274719,0.49067825078964233,0.2460065633058548,0.26857802271842957,0.2547489106655121,0.2407437115907669
32,S6,LatCrit,local,local,0,local,local,0,0.5168949365615845,0.5256160497665405,0.008721113204956055,0.0023932643234729767,0.05361396074295044,0.5168949365615845,0.5256160497665405,0.22855912148952484,0.201752170920372,0.2545458972454071,0.27263179421424866
32,S6,ComHvy,local,local,0,local,local,0,0.5171127319335938,0.5112745761871338,-0.005838155746459961,0.0025428906083106995,0.05520711839199066,0.5171127319335938,0.5112745761871338,0.21870417892932892,0.19693875312805176,0.2641831338405609,0.29178667068481445
32,S6,BWHvy,local,local,0,local,local,0,0.4216715693473816,0.41029882431030273,-0.011372745037078857,0.00045670196413993835,0.02825106680393219,0.4216715693473816,0.41029882431030273,0.23686665296554565,0.23411385715007782,0.34146177768707275,0.35558730363845825
32,S7,LatCrit,local,local,0,local,local,0,0.5369688272476196,0.5325572490692139,-0.004411578178405762,0.00014683464542031288,0.014208003878593445,0.5369688272476196,0.5325572490692139,0.2170693427324295,0.22417333722114563,0.24596183001995087,0.2432693988084793
32,S7,ComHvy,local,local,0,local,local,0,0.49893730878829956,0.505590558052063,0.006653249263763428,0.0001425561640644446,0.013765811920166016,0.49893730878829956,0.505590558052063,0.24507583677768707,0.23819293081760406,0.2559868395328522,0.25621649622917175
32,S7,BWHvy,local,local,0,local,local,0,0.49861472845077515,0.5196040868759155,0.02098935842514038,0.001359652727842331,0.043835923075675964,0.49861472845077515,0.5196040868759155,0.22783704102039337,0.22876563668251038,0.2735482454299927,0.2516302764415741
32,S8,LatCrit,local,local,0,local,local,0,0.4994437098503113,0.4975264072418213,-0.0019173026084899902,0.0007581152021884918,0.029261529445648193,0.4994437098503113,0.4975264072418213,0.2863348126411438,0.3009655773639679,0.21422146260738373,0.20150800049304962
32,S8,ComHvy,local,local,0,local,local,0,0.5223486423492432,0.5160269737243652,-0.00632166862487793,0.0014862697571516037,0.043068572878837585,0.5223486423492432,0.5160269737243652,0.3090372383594513,0.3305715024471283,0.16861411929130554,0.1534014791250229
32,S8,BWHvy,local,local,0,local,local,0,0.48781317472457886,0.46943485736846924,-0.01837831735610962,0.0021292753517627716,0.05430270731449127,0.48781317472457886,0.46943485736846924,0.30616462230682373,0.2973915934562683,0.2060222178697586,0.23317357897758484
33,S1,LatCrit,local,local,0,local,local,0,0.5310582518577576,0.551619291305542,0.020561039447784424,0.0008537014946341515,0.04112204909324646,0.5310582518577576,0.551619291305542,0.25456923246383667,0.24393557012081146,0.21437253057956696,0.20444518327713013
33,S1,ComHvy,local,local,0,local,local,0,0.550652027130127,0.5698132514953613,0.019161224365234375,0.0015668943524360657,0.04684534668922424,0.550652027130127,0.5698132514953613,0.20448318123817444,0.208744615316391,0.2448648363351822,0.22144214808940887
33,S1,BWHvy,local,local,0,local,local,0,0.45387279987335205,0.4696619510650635,0.015789151191711426,0.0020780516788363457,0.054527342319488525,0.45387279987335205,0.4696619510650635,0.25186821818351746,0.2246045172214508,0.2942590117454529,0.30573350191116333
33,S2,LatCrit,local,local,0,local,local,0,0.5045177936553955,0.5083065032958984,0.0037887096405029297,0.0008684946224093437,0.03279763460159302,0.5045177936553955,0.5083065032958984,0.2964920997619629,0.28009331226348877,0.1989900916814804,0.21160022914409637
33,S2,ComHvy,local,local,0,local,local,0,0.5549165606498718,0.5367064476013184,-0.018210113048553467,0.0011049272725358605,0.038836702704429626,0.5549165606498718,0.5367064476013184,0.22394216060638428,0.2433605194091797,0.2211412638425827,0.21993303298950195
33,S2,BWHvy,local,local,0,local,local,0,0.5043662786483765,0.5060454607009888,0.0016791820526123047,0.0006278464570641518,0.026097282767295837,0.5043662786483765,0.5060454607009888,0.22598625719547272,0.212937593460083,0.2696474492549896,0.28101688623428345
33,S3,LatCrit,local,local,0,local,local,0,0.4992375373840332,0.5172645449638367,0.018027007579803467,0.0008066017180681229,0.03605400025844574,0.4992375373840332,0.5172645449638367,0.20144405961036682,0.18829865753650665,0.2993184030056,0.29443681240081787
33,S3,ComHvy,local,local,0,local,local,0,0.48497921228408813,0.4860963225364685,0.001117110252380371,0.00010794168338179588,0.011374205350875854,0.48497921228408813,0.4860963225364685,0.23560960590839386,0.22992251813411713,0.2794111669063568,0.28398117423057556
33,S3,BWHvy,local,local,0,local,local,0,0.4404720664024353,0.4451572895050049,0.00468522310256958,0.00029493309557437897,0.02063027024269104,0.4404720664024353,0.4451572895050049,0.31051963567733765,0.3161495327949524,0.24900834262371063,0.23869319260120392
33,S4,LatCrit,local,local,0,local,local,0,0.4382098913192749,0.41912585496902466,-0.019084036350250244,0.0007465323433279991,0.0381680428981781,0.4382098913192749,0.41912585496902466,0.26634693145751953,0.2747220993041992,0.29544317722320557,0.30615201592445374
33,S4,ComHvy,local,local,0,local,local,0,0.48316627740859985,0.48827528953552246,0.005109012126922607,8.976028766483068e-05,0.012576445937156677,0.48316627740859985,0.48827528953552246,0.33915647864341736,0.3328682482242584,0.17767725884914398,0.17885646224021912
33,S4,BWHvy,local,local,0,local,local,0,0.5404924154281616,0.5614475011825562,0.02095508575439453,0.0010583167895674706,0.04191009700298309,0.5404924154281616,0.5614475011825562,0.20768478512763977,0.1922961175441742,0.2518227696418762,0.24625642597675323
33,S5,LatCrit,local,local,0,local,local,0,0.5042309761047363,0.5188911557197571,0.014660179615020752,0.0005192507524043322,0.029320374131202698,0.5042309761047363,0.5188911557197571,0.2623382806777954,0.2500264346599579,0.23343072831630707,0.23108237981796265
33,S5,ComHvy,local,local,0,local,local,0,0.3724974989891052,0.37386858463287354,0.0013710856437683105,0.000675588846206665,0.030336439609527588,0.3724974989891052,0.37386858463287354,0.31549325585365295,0.30032503604888916,0.3120092451572418,0.3258063793182373
33,S5,BWHvy,local,local,0,local,local,0,0.4588932991027832,0.46009236574172974,0.0011990666389465332,8.289527613669634e-06,0.0036386847496032715,0.4588932991027832,0.46009236574172974,0.2777310609817505,0.27591171860694885,0.2633756399154663,0.2639959156513214
33,S6,LatCrit,local,local,0,local,local,0,0.5367134809494019,0.5258585214614868,-0.010854959487915039,0.00045803841203451157,0.025402814149856567,0.5367134809494019,0.5258585214614868,0.2291693091392517,0.2418707311153412,0.23411718010902405,0.232270747423172
33,S6,ComHvy,local,local,0,local,local,0,0.49346864223480225,0.49801260232925415,0.004543960094451904,0.001679370179772377,0.04335987567901611,0.49346864223480225,0.49801260232925415,0.2146979570388794,0.19301801919937134,0.29183343052864075,0.3089694082736969
33,S6,BWHvy,local,local,0,local,local,0,0.4241489768028259,0.4293776750564575,0.005228698253631592,0.001301480457186699,0.04118770360946655,0.4241489768028259,0.4293776750564575,0.24296791851520538,0.2223740667104721,0.3328830897808075,0.3482482433319092
33,S7,LatCrit,local,local,0,local,local,0,0.4798514246940613,0.48123979568481445,0.0013883709907531738,2.0097242668271065e-05,0.005409449338912964,0.4798514246940613,0.48123979568481445,0.272947758436203,0.2742640972137451,0.2472008466720581,0.24449610710144043
33,S7,ComHvy,local,local,0,local,local,0,0.5301059484481812,0.5252727270126343,-0.004833221435546875,6.765181024093181e-05,0.009666502475738525,0.5301059484481812,0.5252727270126343,0.23358921706676483,0.23822586238384247,0.23630480468273163,0.23650144040584564
33,S7,BWHvy,local,local,0,local,local,0,0.41952139139175415,0.43047499656677246,0.01095360517501831,0.00035097936051897705,0.022482186555862427,0.41952139139175415,0.43047499656677246,0.308078795671463,0.2968376874923706,0.27239981293678284,0.27268728613853455
33,S8,LatCrit,local,local,0,BS1,BS1,0,0.4270550608634949,0.42037469148635864,-0.0066803693771362305,9.489944204688072e-05,0.013360768556594849,0.4270550608634949,0.42037469148635864,0.3190344274044037,0.321748286485672,0.25391048192977905,0.25787702202796936
33,S8,ComHvy,local,local,0,local,local,0,0.516077995300293,0.5219396352767944,0.005861639976501465,7.598637603223324e-05,0.011723309755325317,0.516077995300293,0.5219396352767944,0.29873132705688477,0.29637062549591064,0.18519069254398346,0.18168972432613373
33,S8,BWHvy,local,local,0,local,local,0,0.45214736461639404,0.45869946479797363,0.00655210018157959,9.066984057426453e-05,0.013104245066642761,0.45214736461639404,0.45869946479797363,0.32124996185302734,0.3184376358985901,0.2266026735305786,0.2228628545999527
34,S1,LatCrit,local,local,0,local,local,0,0.4833027124404907,0.5319156646728516,0.04861295223236084,0.006410098634660244,0.09722588956356049,0.4833027124404907,0.5319156646728516,0.20836569368839264,0.17048943042755127,0.30833160877227783,0.29759493470191956
34,S1,ComHvy,local,local,0,local,local,0,0.48015713691711426,0.47424691915512085,-0.005910217761993408,7.723062299191952e-05,0.011820465326309204,0.48015713691711426,0.47424691915512085,0.27187082171440125,0.276345431804657,0.2479720264673233,0.24940766394138336
34,S1,BWHvy,local,local,0,BS1,BS1,0,0.4897085428237915,0.4737586975097656,-0.01594984531402588,0.001491151750087738,0.04741114377975464,0.4897085428237915,0.4737586975097656,0.23664113879203796,0.2603467106819153,0.27365031838417053,0.2658945918083191
34,S2,LatCrit,local,local,0,local,local,0,0.4716852307319641,0.4760793447494507,0.004394114017486572,0.00032182876020669937,0.02129615843296051,0.4716852307319641,0.4760793447494507,0.27664870023727417,0.28290265798568726,0.2516660988330841,0.24101801216602325
34,S2,ComHvy,local,local,0,local,local,0,0.5429738163948059,0.5629680156707764,0.01999419927597046,0.001873931847512722,0.048397958278656006,0.5429738163948059,0.5629680156707764,0.21431705355644226,0.19011807441711426,0.24270913004875183,0.24691390991210938
34,S2,BWHvy,local,local,0,local,local,0,0.4766790270805359,0.5067158937454224,0.030036866664886475,0.002463722601532936,0.06007370352745056,0.4766790270805359,0.5067158937454224,0.3148372769355774,0.308793306350708,0.20848366618156433,0.18449079990386963
34,S3,LatCrit,local,local,0,local,local,0,0.5060009360313416,0.4910239577293396,-0.014976978302001953,0.0013701682910323143,0.0416499525308609,0.5060009360313416,0.4910239577293396,0.18556004762649536,0.2063850313425064,0.3084390163421631,0.3025910258293152
34,S3,ComHvy,local,BS2,1,local,local,0,0.3741830587387085,0.33667778968811035,-0.037505269050598145,0.004496518522500992,0.08352717757225037,0.3741830587387085,0.3324194550514221,0.2960329055786133,0.33090272545814514,0.3297840356826782,0.33667778968811035
34,S3,BWHvy,local,local,0,local,local,0,0.4937281608581543,0.4977083206176758,0.003980159759521484,3.233191091567278e-05,0.007960304617881775,0.4937281608581543,0.4977083206176758,0.2816528379917145,0.27903521060943604,0.22461900115013123,0.22325648367404938
34,S4,LatCrit,local,local,0,local,local,0,0.4654039144515991,0.4583747386932373,-0.007029175758361816,0.0028840117156505585,0.06223694980144501,0.4654039144515991,0.4583747386932373,0.27465537190437317,0.30577385425567627,0.2599406838417053,0.23585139214992523
34,S4,ComHvy,local,local,0,local,local,0,0.44839704036712646,0.425773561000824,-0.02262347936630249,0.0037428811192512512,0.07782357931137085,0.44839704036712646,0.425773561000824,0.2953747510910034,0.2790864408016205,0.2562282085418701,0.29513999819755554
34,S4,BWHvy,local,local,0,local,local,0,0.5065532922744751,0.5123052000999451,0.005751907825469971,0.0005993032827973366,0.029037266969680786,0.5065532922744751,0.5123052000999451,0.21605513989925385,0.22482188045978546,0.27739158272743225,0.26287296414375305
34,S5,LatCrit,local,local,0,local,local,0,0.5460777878761292,0.5370515584945679,-0.00902622938156128,0.00019584549590945244,0.01805250346660614,0.5460777878761292,0.5370515584945679,0.294089674949646,0.29731160402297974,0.15983250737190247,0.1656368523836136
34,S5,ComHvy,local,local,0,local,local,0,0.47917866706848145,0.5054833889007568,0.02630472183227539,0.0013941414654254913,0.052609413862228394,0.47917866706848145,0.5054833889007568,0.18322648108005524,0.1754380613565445,0.3375948369503021,0.31907856464385986
34,S5,BWHvy,local,local,0,local,local,0,0.4918355345726013,0.504443883895874,0.012608349323272705,0.0003260918892920017,0.02521669864654541,0.4918355345726013,0.504443883895874,0.2507913112640381,0.2431667447090149,0.2573731541633606,0.2523893713951111
34,S6,LatCrit,local,local,0,BS2,BS1,1,0.49704402685165405,0.49298322200775146,-0.004060804843902588,0.001089923083782196,0.036945879459381104,0.49704402685165405,0.49298322200775146,0.2571813762187958,0.27565428614616394,0.24577462673187256,0.2313624620437622
34,S6,ComHvy,local,local,0,local,local,0,0.5592855215072632,0.5530258417129517,-0.0062596797943115234,0.00014338491018861532,0.012519344687461853,0.5592855215072632,0.5530258417129517,0.17092961072921753,0.1770801693201065,0.2697848975658417,0.269894003868103
34,S6,BWHvy,local,local,0,local,local,0,0.5172675848007202,0.5215385556221008,0.004270970821380615,0.00029535917565226555,0.019801363348960876,0.5172675848007202,0.5215385556221008,0.2347695529460907,0.22486886382102966,0.24796287715435028,0.2535925805568695
34,S7,LatCrit,local,local,0,local,local,0,0.4963799715042114,0.5138335824012756,0.01745361089706421,0.0020338967442512512,0.05456314980983734,0.4963799715042114,0.5138335824012756,0.24379457533359528,0.25362253189086914,0.2598254382610321,0.23254385590553284
34,S7,ComHvy,local,local,0,local,local,0,0.47823506593704224,0.44165879487991333,-0.036576271057128906,0.0034192539751529694,0.07465751469135284,0.47823506593704224,0.44165879487991333,0.18790361285209656,0.18715108931064606,0.3338613510131836,0.37119007110595703
34,S7,BWHvy,local,local,0,local,local,0,0.494084894657135,0.4770547151565552,-0.017030179500579834,0.0046010129153728485,0.08122025430202484,0.494084894657135,0.4770547151565552,0.2781813144683838,0.2546013593673706,0.2277338057756424,0.2683439254760742
34,S8,LatCrit,local,local,0,local,BS1,1,0.4517470598220825,0.43983322381973267,-0.011913836002349854,0.0006530988030135632,0.03314840793609619,0.4517470598220825,0.43983322381973267,0.29427146911621094,0.31084567308425903,0.25398147106170654,0.2493211030960083
34,S8,ComHvy,local,local,0,local,local,0,0.5272461771965027,0.5139793157577515,-0.01326686143875122,0.00039360299706459045,0.02653375267982483,0.5272461771965027,0.5139793157577515,0.28488215804100037,0.29600605368614197,0.18787164986133575,0.19001464545726776
34,S8,BWHvy,local,local,0,local,local,0,0.4188375473022461,0.4215477705001831,0.0027102231979370117,5.263928323984146e-05,0.009562045335769653,0.4188375473022461,0.4215477705001831,0.2572477459907532,0.2593185603618622,0.32391467690467834,0.3191336691379547
35,S1,LatCrit,local,local,0,BS1,local,1,0.48526978492736816,0.5309880971908569,0.04571831226348877,0.005457544699311256,0.09143663942813873,0.48526978492736816,0.5309880971908569,0.21874701976776123,0.18315951526165009,0.295983225107193,0.2858524024486542
35,S1,ComHvy,local,local,0,local,local,0,0.5357714891433716,0.5290976166725159,-0.006673872470855713,0.00011289585381746292,0.01334768533706665,0.5357714891433716,0.5290976166725159,0.1954394280910492,0.19591572880744934,0.2687891125679016,0.2749866247177124
35,S1,BWHvy,local,local,0,local,local,0,0.5003976821899414,0.4895225763320923,-0.010875105857849121,0.0005610771477222443,0.028800874948501587,0.5003976821899414,0.4895225763320923,0.2390546202659607,0.2534550726413727,0.2605476379394531,0.25702232122421265
35,S2,LatCrit,local,local,0,local,local,0,0.5476222038269043,0.5526961088180542,0.005073904991149902,0.0009416360408067703,0.03216196596622467,0.5476222038269043,0.5526961088180542,0.25297844409942627,0.2639855146408081,0.19939936697483063,0.1833183765411377
35,S2,ComHvy,local,local,0,local,local,0,0.5138059854507446,0.5258741974830627,0.012068212032318115,0.0005359374335967004,0.025989100337028503,0.5138059854507446,0.5258741974830627,0.22261643409729004,0.209621861577034,0.26357758045196533,0.2645038962364197
35,S2,BWHvy,local,local,0,local,local,0,0.43659263849258423,0.441084086894989,0.004491448402404785,0.0009913872927427292,0.037147700786590576,0.43659263849258423,0.441084086894989,0.26954254508018494,0.2836249768733978,0.29386478662490845,0.27529096603393555
35,S3,LatCrit,local,local,0,local,local,0,0.5320644378662109,0.5158901214599609,-0.01617431640625,0.0005366555415093899,0.03234866261482239,0.5320644378662109,0.5158901214599609,0.1945791095495224,0.20305107533931732,0.27335643768310547,0.28105881810188293
35,S3,ComHvy,local,local,0,local,local,0,0.4346010088920593,0.41397541761398315,-0.020625591278076172,0.0011769136181101203,0.041251182556152344,0.4346010088920593,0.41397541761398315,0.25891390442848206,0.2779509127140045,0.3064850866794586,0.30807366967201233
35,S3,BWHvy,local,local,0,local,local,0,0.47920334339141846,0.4778773784637451,-0.0013259649276733398,0.0001392657868564129,0.013111859560012817,0.47920334339141846,0.4778773784637451,0.23924978077411652,0.24580569565296173,0.2815468907356262,0.27631691098213196
35,S4,LatCrit,local,local,0,local,local,0,0.47115594148635864,0.4482225775718689,-0.022933363914489746,0.002665523439645767,0.0665508359670639,0.47115594148635864,0.4482225775718689,0.2735748887062073,0.30685028433799744,0.25526919960975647,0.24492712318897247
35,S4,ComHvy,local,local,0,BS2,BS2,0,0.45727622509002686,0.4408262372016907,-0.01644998788833618,0.000978570431470871,0.03498890995979309,0.45727622509002686,0.4408262372016907,0.32718947529792786,0.3261450231075287,0.2155342698097229,0.23302873969078064
35,S4,BWHvy,local,local,0,local,local,0,0.4634320139884949,0.4877973198890686,0.02436530590057373,0.0013197283260524273,0.04873064160346985,0.4634320139884949,0.4877973198890686,0.27409037947654724,0.2560017704963684,0.2624776363372803,0.256200909614563
35,S5,LatCrit,local,local,0,local,local,0,0.6323303580284119,0.6035736799240112,-0.028756678104400635,0.0019230563193559647,0.057513341307640076,0.6323303580284119,0.6035736799240112,0.17182888090610504,0.17909789085388184,0.1958407461643219,0.21732839941978455
35,S5,ComHvy,local,local,0,local,local,0,0.4550401568412781,0.4665631055831909,0.011522948741912842,0.0014734631404280663,0.04155541956424713,0.4550401568412781,0.4665631055831909,0.19228121638298035,0.17150349915027618,0.35267865657806396,0.3619334101676941
35,S5,BWHvy,local,local,0,local,local,0,0.466342031955719,0.4725295901298523,0.006187558174133301,7.684994488954544e-05,0.012375116348266602,0.466342031955719,0.4725295901298523,0.27156737446784973,0.26842471957206726,0.2620905935764313,0.25904569029808044
35,S6,LatCrit,local,local,0,local,local,0,0.4782344102859497,0.4837889075279236,0.005554497241973877,0.0019035059958696365,0.049578532576560974,0.4782344102859497,0.4837889075279236,0.21598459780216217,0.23521935939788818,0.30578097701072693,0.28099170327186584
35,S6,ComHvy,local,local,0,local,local,0,0.6077171564102173,0.6031485795974731,-0.004568576812744141,4.3623847886919975e-05,0.009137198328971863,0.6077171564102173,0.6031485795974731,0.1479802131652832,0.14972907304763794,0.24430260062217712,0.2471223622560501
35,S6,BWHvy,local,local,0,BS2,BS2,0,0.4857010841369629,0.47403740882873535,-0.011663675308227539,0.0013202447444200516,0.04318368434906006,0.4857010841369629,0.47403740882873535,0.21688368916511536,0.23847553133964539,0.29741522669792175,0.28748705983161926
35,S7,LatCrit,local,local,0,local,local,0,0.47058868408203125,0.4848036766052246,0.01421499252319336,0.0015428420156240463,0.0508752167224884,0.47058868408203125,0.4848036766052246,0.19603410363197327,0.20725670456886292,0.3333772122859955,0.3079395890235901
35,S7,ComHvy,local,local,0,local,local,0,0.46004700660705566,0.4289245009422302,-0.03112250566482544,0.0037299320101737976,0.07684358954429626,0.46004700660705566,0.4289245009422302,0.2732970714569092,0.2659977674484253,0.26665595173835754,0.3050777316093445
35,S7,BWHvy,local,local,0,local,local,0,0.5830902457237244,0.5699923634529114,-0.013097882270812988,0.000974008347839117,0.036424145102500916,0.5830902457237244,0.5699923634529114,0.20564931631088257,0.22386139631271362,0.21126043796539307,0.2061462551355362
35,S8,LatCrit,local,local,0,local,local,0,0.4648957848548889,0.46760088205337524,0.002705097198486328,1.5637953765690327e-05,0.005410194396972656,0.4648957848548889,0.46760088205337524,0.2546430230140686,0.2528678774833679,0.2804611921310425,0.27953124046325684
35,S8,ComHvy,local,local,0,local,local,0,0.5780378580093384,0.5588523745536804,-0.01918548345565796,0.0014934800565242767,0.048833683133125305,0.5780378580093384,0.5588523745536804,0.2593919038772583,0.28380873799324036,0.16257025301456451,0.15733888745307922
35,S8,BWHvy,local,local,0,local,local,0,0.4102135896682739,0.4167395830154419,0.006525993347167969,0.0001918300986289978,0.017496824264526367,0.4102135896682739,0.4167395830154419,0.29542866349220276,0.2866802513599396,0.2943577468395233,0.29658016562461853
36,S1,LatCrit,local,local,0,BS1,BS1,0,0.48849916458129883,0.4880906939506531,-0.00040847063064575195,0.0006576422601938248,0.026340216398239136,0.48849916458129883,0.4880906939506531,0.26631900668144226,0.25355735421180725,0.2451818287372589,0.2583519220352173
36,S1,ComHvy,local,local,0,local,local,0,0.4900546073913574,0.4850105047225952,-0.005044102668762207,0.00042691733688116074,0.024816691875457764,0.4900546073913574,0.4850105047225952,0.25481727719306946,0.24745303392410278,0.2551281154155731,0.267536461353302
36,S1,BWHvy,local,local,0,local,local,0,0.5110005140304565,0.5305829644203186,0.01958245038986206,0.0007714321836829185,0.039164915680885315,0.5110005140304565,0.5305829644203186,0.2357969880104065,0.22558127343654633,0.25320252776145935,0.24383577704429626
36,S2,LatCrit,local,local,0,local,local,0,0.49447786808013916,0.5115944147109985,0.017116546630859375,0.0015235794708132744,0.0473940372467041,0.49447786808013916,0.5115944147109985,0.26069048047065735,0.2369934469461441,0.2448316365480423,0.2514120936393738
36,S2,ComHvy,local,local,0,local,local,0,0.4840126633644104,0.47090697288513184,-0.013105690479278564,0.0013277698308229446,0.04600657522678375,0.4840126633644104,0.47090697288513184,0.25198742747306824,0.24208985269069672,0.26399990916252136,0.28700321912765503
36,S2,BWHvy,local,local,0,local,local,0,0.4964902997016907,0.503429651260376,0.006939351558685303,0.00010262290015816689,0.013878673315048218,0.4964902997016907,0.503429651260376,0.2306581735610962,0.22871872782707214,0.27285152673721313,0.26785165071487427
36,S3,LatCrit,local,local,0,local,local,0,0.4838263988494873,0.4877747893333435,0.003948390483856201,0.0002508498728275299,0.01619686186313629,0.4838263988494873,0.4877747893333435,0.16098566353321075,0.1528872549533844,0.35518789291381836,0.3593379557132721
36,S3,ComHvy,local,local,0,local,local,0,0.41879308223724365,0.39121049642562866,-0.02758258581161499,0.0022002083715051413,0.05516517162322998,0.41879308223724365,0.39121049642562866,0.27854135632514954,0.3057670295238495,0.3026655614376068,0.30302247405052185
36,S3,BWHvy,local,local,0,local,local,0,0.4133249521255493,0.4493725299835205,0.03604757785797119,0.002799278125166893,0.0720951110124588,0.4133249521255493,0.4493725299835205,0.35424286127090454,0.33871132135391235,0.23243215680122375,0.21191616356372833
36,S4,LatCrit,local,local,0,local,local,0,0.49818938970565796,0.49647676944732666,-0.0017126202583312988,0.00014205649495124817,0.013511866331100464,0.49818938970565796,0.49647676944732666,0.2658819258213043,0.27263784408569336,0.2359287142753601,0.23088538646697998
36,S4,ComHvy,local,local,0,local,local,0,0.49169546365737915,0.46605032682418823,-0.025645136833190918,0.0030961669981479645,0.06832429766654968,0.49169546365737915,0.46605032682418823,0.2735060751438141,0.26498907804489136,0.23479846119880676,0.2689606249332428
36,S4,BWHvy,local,local,0,local,local,0,0.43972498178482056,0.44878995418548584,0.009064972400665283,0.0007588081061840057,0.035667434334754944,0.43972498178482056,0.44878995418548584,0.23442837595939636,0.24319709837436676,0.32584667205810547,0.3080129325389862
36,S5,LatCrit,local,local,0,local,local,0,0.5853458642959595,0.5785207152366638,-0.006825149059295654,0.00020469725131988525,0.016484901309013367,0.5853458642959595,0.5785207152366638,0.20740918815135956,0.20599187910556793,0.20724497735500336,0.21548742055892944
36,S5,ComHvy,local,local,0,BS2,BS2,0,0.41129153966903687,0.4062035083770752,-0.00508803129196167,0.00020537618547677994,0.019304171204566956,0.41129153966903687,0.4062035083770752,0.2314198911190033,0.2268558293581009,0.35728856921195984,0.3669406473636627
36,S5,BWHvy,local,local,0,BS2,BS2,0,0.48057299852371216,0.48088324069976807,0.0003102421760559082,0.0007164711132645607,0.02725955843925476,0.48057299852371216,0.48088324069976807,0.311415433883667,0.2977856397628784,0.20801158249378204,0.22133110463619232
36,S6,LatCrit,local,local,0,local,local,0,0.5287861227989197,0.5075406432151794,-0.021245479583740234,0.0026257680729031563,0.06269343197345734,0.5287861227989197,0.5075406432151794,0.22861583530902863,0.2599625587463379,0.2425980418920517,0.23249681293964386
36,S6,ComHvy,local,local,0,local,local,0,0.5577656030654907,0.5477933883666992,-0.009972214698791504,0.00022848695516586304,0.019944459199905396,0.5577656030654907,0.5477933883666992,0.18529121577739716,0.1869824081659317,0.2569431662559509,0.2652242183685303
36,S6,BWHvy,local,local,0,local,local,0,0.46135592460632324,0.47575026750564575,0.01439434289932251,0.0004890346899628639,0.02878868579864502,0.46135592460632324,0.47575026750564575,0.24557645618915558,0.24332274496555328,0.2930676341056824,0.28092700242996216
36,S7,LatCrit,local,local,0,local,local,0,0.48612022399902344,0.472597599029541,-0.013522624969482422,0.0023042652755975723,0.05837751924991608,0.48612022399902344,0.472597599029541,0.23920120298862457,0.2683899700641632,0.2746785581111908,0.2590124309062958
36,S7,ComHvy,local,local,0,BS2,BS2,0,0.46074461936950684,0.4324931502342224,-0.028251469135284424,0.0016284231096506119,0.056502968072891235,0.46074461936950684,0.4324931502342224,0.2261955440044403,0.23975330591201782,0.31305983662605286,0.32775357365608215
36,S7,BWHvy,local,local,0,local,local,0,0.5414588451385498,0.5401913523674011,-0.0012674927711486816,0.0004922915250062943,0.0223635733127594,0.5414588451385498,0.5401913523674011,0.20971496403217316,0.22089676558971405,0.24882613122463226,0.23891185224056244
36,S8,LatCrit,local,local,0,local,local,0,0.45933645963668823,0.4748042821884155,0.015467822551727295,0.0006462922319769859,0.03093564510345459,0.45933645963668823,0.4748042821884155,0.28230562806129456,0.28072497248649597,0.2583579123020172,0.2444707453250885
36,S8,ComHvy,local,local,0,local,local,0,0.5196647047996521,0.5414687991142273,0.021804094314575195,0.0009826170280575752,0.04360818862915039,0.5196647047996521,0.5414687991142273,0.2555917799472809,0.24155226349830627,0.22474350035190582,0.21697892248630524
36,S8,BWHvy,local,local,0,local,local,0,0.4532765746116638,0.44554847478866577,-0.007728099822998047,0.0004014773294329643,0.0244893878698349,0.4532765746116638,0.44554847478866577,0.2407621592283249,0.25300687551498413,0.3059612512588501,0.3014446794986725
37,S1,LatCrit,local,local,0,local,local,0,0.46379774808883667,0.44453591108322144,-0.019261837005615234,0.001067349687218666,0.038693010807037354,0.46379774808883667,0.44453591108322144,0.2637406289577484,0.26365599036216736,0.27246156334877014,0.2918080985546112
37,S1,ComHvy,local,local,0,local,local,0,0.4967382550239563,0.4865822196006775,-0.010156035423278809,0.0012845583260059357,0.044624775648117065,0.4967382550239563,0.4865822196006775,0.21569037437438965,0.20353400707244873,0.28757137060165405,0.3098837435245514
37,S1,BWHvy,local,local,0,local,local,0,0.5520059466362,0.5468533635139465,-0.005152583122253418,0.0005617691203951836,0.026846155524253845,0.5520059466362,0.5468533635139465,0.2173544019460678,0.20908388495445251,0.23063968122005463,0.24406273663043976
37,S2,LatCrit,local,local,0,local,local,0,0.5437402129173279,0.5363348722457886,-0.007405340671539307,0.0014422964304685593,0.04249127209186554,0.5437402129173279,0.5363348722457886,0.23849894106388092,0.22465865314006805,0.2177608460187912,0.23900648951530457
37,S2,ComHvy,local,local,0,BS1,BS1,0,0.3983849883079529,0.38390207290649414,-0.01448291540145874,0.001531500369310379,0.050040483474731445,0.3983849883079529,0.38390207290649414,0.2705126106739044,0.29553285241127014,0.3311024010181427,0.3205650746822357
37,S2,BWHvy,local,local,0,local,local,0,0.4260929822921753,0.42663782835006714,0.0005448460578918457,0.0001570340245962143,0.013746783137321472,0.4260929822921753,0.42663782835006714,0.22142250835895538,0.22775104641914368,0.3524845242500305,0.3456111252307892
37,S3,LatCrit,local,local,0,local,local,0,0.46017688512802124,0.4448976516723633,-0.015279233455657959,0.00047319196164608,0.030558466911315918,0.46017688512802124,0.4448976516723633,0.20085979998111725,0.2059042602777481,0.3389633297920227,0.3491981029510498
37,S3,ComHvy,local,local,0,local,local,0,0.514075756072998,0.5199702978134155,0.0058945417404174805,0.00022100028581917286,0.018525436520576477,0.514075756072998,0.5199702978134155,0.27246904373168945,0.2632063031196594,0.2134552299976349,0.21682338416576385
37,S3,BWHvy,local,local,0,local,local,0,0.4818505048751831,0.49055200815200806,0.008701503276824951,0.0012618955224752426,0.043290168046951294,0.4818505048751831,0.49055200815200806,0.21316112577915192,0.22610469162464142,0.30498841404914856,0.2833433151245117
37,S4,LatCrit,local,local,0,local,local,0,0.4554815888404846,0.47695547342300415,0.02147388458251953,0.0010338779538869858,0.042947739362716675,0.4554815888404846,0.47695547342300415,0.2899545729160309,0.28371724486351013,0.2545638084411621,0.23932728171348572
37,S4,ComHvy,local,local,0,local,local,0,0.5177099704742432,0.5116842985153198,-0.00602567195892334,0.002211153507232666,0.050111085176467896,0.5177099704742432,0.5116842985153198,0.293887734413147,0.27485784888267517,0.18840229511260986,0.21345782279968262
37,S4,BWHvy,local,local,0,local,local,0,0.5738760232925415,0.5848772525787354,0.011001229286193848,0.002002378925681114,0.049652740359306335,0.5738760232925415,0.5848772525787354,0.19337670505046844,0.20720186829566956,0.23274724185466766,0.2079208940267563
37,S5,LatCrit,local,local,0,local,local,0,0.626555323600769,0.6081346273422241,-0.018420696258544922,0.0007443977519869804,0.03684140741825104,0.626555323600769,0.6081346273422241,0.17276202142238617,0.1788802146911621,0.2006826400756836,0.21298515796661377
37,S5,ComHvy,local,local,0,local,local,0,0.4726850986480713,0.4741395115852356,0.0014544129371643066,0.000901111401617527,0.03197792172431946,0.4726850986480713,0.4741395115852356,0.31855231523513794,0.302563339471817,0.20876258611679077,0.223297119140625
37,S5,BWHvy,local,local,0,BS2,BS2,0,0.48764121532440186,0.45558732748031616,-0.03205388784408569,0.0024561993777751923,0.064107745885849,0.48764121532440186,0.45558732748031616,0.26145729422569275,0.2671754062175751,0.2509015202522278,0.27723726630210876
37,S6,LatCrit,local,local,0,local,local,0,0.5390036702156067,0.5241962671279907,-0.014807403087615967,0.0006703261751681566,0.030512362718582153,0.5390036702156067,0.5241962671279907,0.2413838505744934,0.2566400468349457,0.2196124643087387,0.2191637009382248
37,S6,ComHvy,local,local,0,local,local,0,0.5141520500183105,0.5066078901290894,-0.007544159889221191,0.000986752100288868,0.037357911467552185,0.5141520500183105,0.5066078901290894,0.25423604249954224,0.2729150056838989,0.2316119372844696,0.2204771488904953
37,S6,BWHvy,local,local,0,local,local,0,0.4292946457862854,0.437099814414978,0.007805168628692627,0.0001537138596177101,0.015610367059707642,0.4292946457862854,0.437099814414978,0.25148317217826843,0.2509005069732666,0.31922221183776855,0.31199967861175537
37,S7,LatCrit,local,local,0,local,local,0,0.5148844718933105,0.4866141080856323,-0.028270363807678223,0.0018669497221708298,0.05654074251651764,0.5148844718933105,0.4866141080856323,0.19373483955860138,0.21342116594314575,0.2913806736469269,0.2999647259712219
37,S7,ComHvy,local,local,0,local,local,0,0.5108897686004639,0.5007972717285156,-0.010092496871948242,0.00022060750052332878,0.020184963941574097,0.5108897686004639,0.5007972717285156,0.21220533549785614,0.2186383157968521,0.2769049108028412,0.28056439757347107
37,S7,BWHvy,local,local,0,local,local,0,0.5747983455657959,0.5960705280303955,0.02127218246459961,0.001276281662285328,0.0425444096326828,0.5747983455657959,0.5960705280303955,0.20882131159305573,0.19028808176517487,0.21638035774230957,0.21364136040210724
37,S8,LatCrit,local,local,0,local,local,0,0.48354512453079224,0.4907546639442444,0.0072095394134521484,0.00010499800555408001,0.014419123530387878,0.48354512453079224,0.4907546639442444,0.23922070860862732,0.23538948595523834,0.27723419666290283,0.2738558351993561
37,S8,ComHvy,local,local,0,local,local,0,0.6090577840805054,0.6217197179794312,0.012661933898925781,0.0010060628410428762,0.032659709453582764,0.6090577840805054,0.6217197179794312,0.168512761592865,0.1521829217672348,0.22242943942546844,0.22609737515449524
37,S8,BWHvy,local,local,0,BS1,BS1,0,0.4649653434753418,0.4818183183670044,0.016852974891662598,0.000917140394449234,0.033705905079841614,0.4649653434753418,0.4818183183670044,0.30782178044319153,0.307324081659317,0.22721286118030548,0.21085762977600098
38,S1,LatCrit,local,local,0,local,local,0,0.5688362121582031,0.598567545413971,0.029731333255767822,0.002384004183113575,0.05946263670921326,0.5688362121582031,0.598567545413971,0.21455560624599457,0.189554363489151,0.21660815179347992,0.21187809109687805
38,S1,ComHvy,local,local,0,local,local,0,0.567767858505249,0.6001504063606262,0.0323825478553772,0.004768401850014925,0.0788503885269165,0.567767858505249,0.6001504063606262,0.2335730791091919,0.19414785504341125,0.19865910708904266,0.20570172369480133
38,S1,BWHvy,local,local,0,local,local,0,0.49726033210754395,0.5181829929351807,0.02092266082763672,0.0014816615730524063,0.04451373219490051,0.49726033210754395,0.5181829929351807,0.25189533829689026,0.253229558467865,0.2508443593978882,0.22858750820159912
38,S2,LatCrit,local,local,0,local,local,0,0.4653392434120178,0.4601947069168091,-0.00514453649520874,0.0001120464876294136,0.014314800500869751,0.4653392434120178,0.4601947069168091,0.3487732410430908,0.3559306561946869,0.18588751554489136,0.18387466669082642
38,S2,ComHvy,local,local,0,local,local,0,0.4836563467979431,0.5182482600212097,0.0345919132232666,0.002923395484685898,0.06918378174304962,0.4836563467979431,0.5182482600212097,0.3191138505935669,0.3082495927810669,0.1972297728061676,0.17350216209888458
38,S2,BWHvy,local,local,0,local,local,0,0.40608716011047363,0.410849392414093,0.004762232303619385,0.004800058901309967,0.07585614919662476,0.40608716011047363,0.410849392414093,0.24406024813652039,0.206132173538208,0.349852591753006,0.383018434047699
38,S3,LatCrit,local,local,0,BS2,local,1,0.4285702109336853,0.42965245246887207,0.0010822415351867676,0.00017770705744624138,0.015268206596374512,0.4285702109336853,0.42965245246887207,0.25824612379074097,0.26479798555374146,0.31318366527557373,0.3055495619773865
38,S3,ComHvy,local,local,0,local,local,0,0.479336142539978,0.486890971660614,0.007554829120635986,0.00012542330659925938,0.015109673142433167,0.479336142539978,0.486890971660614,0.2550660967826843,0.24968795478343964,0.26559776067733765,0.26342105865478516
38,S3,BWHvy,local,local,0,local,local,0,0.4366876482963562,0.46086615324020386,0.024178504943847656,0.0012787599116563797,0.048356980085372925,0.4366876482963562,0.46086615324020386,0.22301100194454193,0.2183925360441208,0.3403013050556183,0.32074129581451416
38,S4,LatCrit,local,local,0,local,local,0,0.4858894348144531,0.4774588942527771,-0.008430540561676025,0.0003841831348836422,0.026069283485412598,0.4858894348144531,0.4774588942527771,0.32811811566352844,0.34115275740623474,0.18599244952201843,0.18138834834098816
38,S4,ComHvy,local,local,0,local,local,0,0.5054686069488525,0.5069254040718079,0.0014567971229553223,0.001436060294508934,0.03892284631729126,0.5054686069488525,0.5069254040718079,0.2913252115249634,0.27186378836631775,0.20320618152618408,0.2212108075618744
38,S4,BWHvy,local,local,0,local,local,0,0.6273589730262756,0.6500407457351685,0.022681772708892822,0.0011276723816990852,0.045363590121269226,0.6273589730262756,0.6500407457351685,0.17132607102394104,0.16201022267341614,0.20131495594978333,0.18794898688793182
38,S5,LatCrit,local,local,0,local,local,0,0.6205241680145264,0.6258334517478943,0.00530928373336792,6.0181133449077606e-05,0.010618522763252258,0.6205241680145264,0.6258334517478943,0.19783034920692444,0.1949051022529602,0.18164542317390442,0.17926143109798431
38,S5,ComHvy,local,local,0,BS2,BS2,0,0.5370686054229736,0.5490134954452515,0.011944890022277832,0.0008767927065491676,0.034309566020965576,0.5370686054229736,0.5490134954452515,0.22486759722232819,0.2077127993106842,0.23806382715702057,0.24327370524406433
38,S5,BWHvy,local,local,0,local,local,0,0.435302197933197,0.41041553020477295,-0.024886667728424072,0.0017050420865416527,0.05023986101150513,0.435302197933197,0.41041553020477295,0.3102365732192993,0.3353565037250519,0.2544611990451813,0.2542279362678528
38,S6,LatCrit,local,local,0,local,BS2,1,0.4834343194961548,0.4403153657913208,-0.043118953704833984,0.004315722268074751,0.08623790740966797,0.4834343194961548,0.4403153657913208,0.2860368490219116,0.32287272810935974,0.2305288314819336,0.23681190609931946
38,S6,ComHvy,local,local,0,local,local,0,0.49037057161331177,0.47091442346572876,-0.019456148147583008,0.002515360713005066,0.06062935292720795,0.49037057161331177,0.47091442346572876,0.28900420665740967,0.2781456708908081,0.22062523663043976,0.25093990564346313
38,S6,BWHvy,local,local,0,BS1,BS1,0,0.42919987440109253,0.4301568865776062,0.0009570121765136719,2.5107059627771378e-05,0.006032347679138184,0.42919987440109253,0.4301568865776062,0.303973913192749,0.30603310465812683,0.26682618260383606,0.26381003856658936
38,S7,LatCrit,local,local,0,local,local,0,0.4997645616531372,0.5151811838150024,0.015416622161865234,0.0006186817772686481,0.030833303928375244,0.4997645616531372,0.5151811838150024,0.22859981656074524,0.21578750014305115,0.27163562178611755,0.26903125643730164
38,S7,ComHvy,local,local,0,local,local,0,0.55068039894104,0.5769966244697571,0.02631622552871704,0.0015714708715677261,0.05263243615627289,0.55068039894104,0.5769966244697571,0.24551567435264587,0.23674316704273224,0.2038039118051529,0.18626020848751068
38,S7,BWHvy,local,local,0,local,local,0,0.5860924124717712,0.625977098941803,0.03988468647003174,0.0033683162182569504,0.07976938784122467,0.5860924124717712,0.625977098941803,0.2191205769777298,0.1995943784713745,0.19478702545166016,0.1744285225868225
38,S8,LatCrit,local,local,0,local,local,0,0.43622374534606934,0.44625020027160645,0.01002645492553711,0.0004148767329752445,0.026701629161834717,0.43622374534606934,0.44625020027160645,0.3294730484485626,0.31612223386764526,0.23430317640304565,0.2376275360584259
38,S8,ComHvy,local,local,0,local,local,0,0.5525745153427124,0.5710092782974243,0.018434762954711914,0.001050299033522606,0.03686954081058502,0.5525745153427124,0.5710092782974243,0.26406365633010864,0.261589914560318,0.18336181342601776,0.1674007773399353
38,S8,BWHvy,local,local,0,BS1,BS1,0,0.5346696972846985,0.5504847764968872,0.01581507921218872,0.0005748188123106956,0.03163021802902222,0.5346696972846985,0.5504847764968872,0.23198170959949493,0.22800423204898834,0.23334859311580658,0.22151093184947968
39,S1,LatCrit,local,local,0,BS2,BS2,0,0.48265910148620605,0.4720209240913391,-0.010638177394866943,0.0005011355970054865,0.0275438129901886,0.48265910148620605,0.4720209240913391,0.2516990005970001,0.2654709219932556,0.2656418979167938,0.26250818371772766
39,S1,ComHvy,local,local,0,local,local,0,0.4929840564727783,0.5211650133132935,0.028180956840515137,0.001776391640305519,0.05636189877986908,0.4929840564727783,0.5211650133132935,0.2988084852695465,0.2885740399360657,0.20820747315883636,0.19026097655296326
39,S1,BWHvy,local,local,0,local,local,0,0.4746362566947937,0.46866852045059204,-0.00596773624420166,0.00022062333300709724,0.01754721999168396,0.4746362566947937,0.46866852045059204,0.22084097564220428,0.22961460053920746,0.3045227527618408,0.3017168939113617
39,S2,LatCrit,local,local,0,local,local,0,0.5195736885070801,0.5252335667610168,0.005659878253936768,6.472575478255749e-05,0.011319786310195923,0.5195736885070801,0.5252335667610168,0.2234141081571579,0.22044624388217926,0.2570122182369232,0.2543201744556427
39,S2,ComHvy,local,local,0,local,local,0,0.4407196640968323,0.45954811573028564,0.01882845163345337,0.0010724440217018127,0.03765690326690674,0.4407196640968323,0.45954811573028564,0.2962277829647064,0.29587820172309875,0.2630525529384613,0.2445736825466156
39,S2,BWHvy,local,local,0,local,local,0,0.4799942970275879,0.4624214172363281,-0.017572879791259766,0.0008954498916864395,0.036808937788009644,0.4799942970275879,0.4624214172363281,0.23206661641597748,0.23123504221439362,0.28793907165527344,0.30634355545043945
39,S3,LatCrit,local,local,0,local,local,0,0.44407278299331665,0.481916606426239,0.03784382343292236,0.0030043143779039383,0.07568763196468353,0.44407278299331665,0.481916606426239,0.19546309113502502,0.1874934285879135,0.36046409606933594,0.3305899500846863
39,S3,ComHvy,local,local,0,local,local,0,0.4621872901916504,0.4691467881202698,0.006959497928619385,0.0008043982088565826,0.032433196902275085,0.4621872901916504,0.4691467881202698,0.22333858907222748,0.20712199807167053,0.31447410583496094,0.3237312138080597
39,S3,BWHvy,local,local,0,local,local,0,0.5356912612915039,0.577470600605011,0.04177933931350708,0.003981407731771469,0.08355861902236938,0.5356912612915039,0.577470600605011,0.2140006422996521,0.20384246110916138,0.2503080666065216,0.21868696808815002
39,S4,LatCrit,local,local,0,local,local,0,0.5206402540206909,0.5009958744049072,-0.01964437961578369,0.000893905758857727,0.03928877413272858,0.5206402540206909,0.5009958744049072,0.2043917328119278,0.20721635222434998,0.2749679982662201,0.2917877733707428
39,S4,ComHvy,local,local,0,local,local,0,0.432953417301178,0.44120949506759644,0.008256077766418457,0.00037017371505498886,0.02440372109413147,0.432953417301178,0.44120949506759644,0.2776707708835602,0.28161656856536865,0.28937581181526184,0.2771739661693573
39,S4,BWHvy,local,local,0,local,local,0,0.5006186366081238,0.5409650802612305,0.04034644365310669,0.0036201179027557373,0.08069290220737457,0.5006186366081238,0.5409650802612305,0.244238018989563,0.23313888907432556,0.25514334440231323,0.22589601576328278
39,S5,LatCrit,local,local,0,local,local,0,0.5158014297485352,0.4825257658958435,-0.03327566385269165,0.0022368021309375763,0.06655140221118927,0.5158014297485352,0.4825257658958435,0.2798789143562317,0.2967071831226349,0.20431959629058838,0.2207670658826828
39,S5,ComHvy,local,local,0,local,local,0,0.5010605454444885,0.5046993494033813,0.0036388039588928223,0.0010075513273477554,0.03325866162776947,0.5010605454444885,0.5046993494033813,0.20420174300670624,0.1875724196434021,0.29473769664764404,0.30772823095321655
39,S5,BWHvy,local,local,0,local,local,0,0.47827255725860596,0.4776148200035095,-0.0006577372550964355,0.00024089403450489044,0.01646333932876587,0.47827255725860596,0.4776148200035095,0.2479536235332489,0.25618529319763184,0.27377381920814514,0.26619988679885864
39,S6,LatCrit,local,local,0,local,local,0,0.5022621154785156,0.5036842823028564,0.0014221668243408203,0.00011783372610807419,0.01206536591053009,0.5022621154785156,0.5036842823028564,0.25466388463974,0.24863117933273315,0.24307402968406677,0.2476845234632492
39,S6,ComHvy,local,local,0,local,local,0,0.5053859949111938,0.4825897812843323,-0.022796213626861572,0.0018861182034015656,0.049199193716049194,0.5053859949111938,0.4825897812843323,0.28677815198898315,0.28497475385665894,0.2078358680009842,0.2324354499578476
39,S6,BWHvy,local,local,0,local,local,0,0.4711344242095947,0.4549987316131592,-0.016135692596435547,0.0014977529644966125,0.05036424100399017,0.4711344242095947,0.4549987316131592,0.24084022641181946,0.23179377615451813,0.2880253791809082,0.3132074773311615
39,S7,LatCrit,local,local,0,local,local,0,0.4343682527542114,0.42131727933883667,-0.013050973415374756,0.0015911664813756943,0.050630807876586914,0.4343682527542114,0.42131727933883667,0.26607978343963623,0.2913951873779297,0.29955199360847473,0.28728756308555603
39,S7,ComHvy,local,local,0,local,local,0,0.5239769220352173,0.5175771713256836,-0.006399750709533691,0.0006524026393890381,0.030367940664291382,0.5239769220352173,0.5175771713256836,0.21953769028186798,0.21075348556041718,0.25648537278175354,0.2716693580150604
39,S7,BWHvy,local,local,0,local,local,0,0.5183382034301758,0.5328058004379272,0.014467597007751465,0.0009968336671590805,0.03530745208263397,0.5183382034301758,0.5328058004379272,0.27003973722457886,0.27322590351104736,0.21162199974060059,0.19396831095218658
39,S8,LatCrit,local,local,0,local,local,0,0.49078798294067383,0.4795789122581482,-0.011209070682525635,0.0002757969778031111,0.022418096661567688,0.49078798294067383,0.4795789122581482,0.2447512298822403,0.2526717185974121,0.26446080207824707,0.2677493393421173
39,S8,ComHvy,local,local,0,local,local,0,0.49668043851852417,0.512152910232544,0.015472471714019775,0.0006243912503123283,0.03094497323036194,0.49668043851852417,0.512152910232544,0.21676553785800934,0.21592049300670624,0.2865540087223053,0.27192655205726624
39,S8,BWHvy,local,local,0,local,local,0,0.5244594812393188,0.5224936008453369,-0.0019658803939819336,0.0005379430949687958,0.024474382400512695,0.5244594812393188,0.5224936008453369,0.268382728099823,0.28061988949775696,0.20715780556201935,0.19688646495342255
40,S1,LatCrit,local,local,0,local,local,0,0.5439599752426147,0.5208763480186462,-0.023083627223968506,0.001264568418264389,0.04616725444793701,0.5439599752426147,0.5208763480186462,0.17745378613471985,0.17963191866874695,0.2785862684249878,0.2994917631149292
40,S1,ComHvy,local,local,0,local,local,0,0.5547648668289185,0.5801717042922974,0.025406837463378906,0.0020780256018042564,0.05300621688365936,0.5547648668289185,0.5801717042922974,0.2503693997859955,0.2238662838935852,0.19486573338508606,0.19596199691295624
40,S1,BWHvy,local,local,0,local,local,0,0.4507492184638977,0.4469846487045288,-0.0037645697593688965,2.96527286991477e-05,0.007529139518737793,0.4507492184638977,0.4469846487045288,0.23938120901584625,0.24153287708759308,0.30986955761909485,0.3114824593067169
40,S2,LatCrit,local,local,0,local,local,0,0.5257040858268738,0.5328446626663208,0.0071405768394470215,0.0003501474857330322,0.02290448546409607,0.5257040858268738,0.5328446626663208,0.21352526545524597,0.2178369164466858,0.26077064871788025,0.24931839108467102
40,S2,ComHvy,local,local,0,local,local,0,0.4817352294921875,0.4883568286895752,0.006621599197387695,9.760772809386253e-05,0.013243183493614197,0.4817352294921875,0.4883568286895752,0.2821548581123352,0.2801194190979004,0.2361098974943161,0.23152375221252441
40,S2,BWHvy,local,local,0,local,local,0,0.48732203245162964,0.4884541630744934,0.0011321306228637695,0.0008377730846405029,0.03038567304611206,0.48732203245162964,0.4884541630744934,0.2819611430168152,0.26676830649375916,0.23071680963039398,0.24477751553058624
40,S3,LatCrit,local,local,0,local,local,0,0.4394593834877014,0.41930335760116577,-0.020156025886535645,0.0008320920169353485,0.04031209647655487,0.4394593834877014,0.41930335760116577,0.22253461182117462,0.2299213409423828,0.33800598978996277,0.3507753312587738
40,S3,ComHvy,local,local,0,BS1,BS1,0,0.45196235179901123,0.47085899114608765,0.018896639347076416,0.0007182182744145393,0.037793248891830444,0.45196235179901123,0.47085899114608765,0.275996595621109,0.2668163776397705,0.2720410227775574,0.26232463121414185
40,S3,BWHvy,local,local,0,local,local,0,0.4885825514793396,0.5288276076316833,0.04024505615234375,0.0041554756462574005,0.08049014210700989,0.4885825514793396,0.5288276076316833,0.20674480497837067,0.2043784111738205,0.3046726584434509,0.26679396629333496
40,S4,LatCrit,local,local,0,local,local,0,0.5286984443664551,0.5454708337783813,0.01677238941192627,0.0006372984498739243,0.03354480862617493,0.5286984443664551,0.5454708337783813,0.27049437165260315,0.26476389169692993,0.20080718398094177,0.18976524472236633
40,S4,ComHvy,local,local,0,local,local,0,0.46965980529785156,0.44822776317596436,-0.021432042121887207,0.00171753391623497,0.055267125368118286,0.46965980529785156,0.44822776317596436,0.20726284384727478,0.20106130838394165,0.32307738065719604,0.350710928440094
40,S4,BWHvy,local,local,0,local,local,0,0.5444520115852356,0.5381902456283569,-0.006261765956878662,0.0022049415856599808,0.05033174157142639,0.5444520115852356,0.5381902456283569,0.20864668488502502,0.23381255567073822,0.24690130352973938,0.22799719870090485
40,S5,LatCrit,local,local,0,local,local,0,0.5083397626876831,0.48708826303482056,-0.02125149965286255,0.003974255174398422,0.07618546485900879,0.5083397626876831,0.48708826303482056,0.2728544771671295,0.25601327419281006,0.218805730342865,0.2568984925746918
40,S5,ComHvy,local,local,0,local,local,0,0.5352649688720703,0.5125365257263184,-0.022728443145751953,0.0015061497688293457,0.04698297381401062,0.5352649688720703,0.5125365257263184,0.20658230781555176,0.2058192789554596,0.25815269351005554,0.28164419531822205
40,S5,BWHvy,local,local,0,local,local,0,0.5055241584777832,0.48600757122039795,-0.019516587257385254,0.0007622530683875084,0.0390331894159317,0.5055241584777832,0.48600757122039795,0.24067305028438568,0.250395804643631,0.2538027763366699,0.26359662413597107
40,S6,LatCrit,local,local,0,local,local,0,0.5337132215499878,0.5095381736755371,-0.024175047874450684,0.0028364360332489014,0.06138502061367035,0.5337132215499878,0.5095381736755371,0.27164825797080994,0.26513075828552246,0.19463855028152466,0.22533102333545685
40,S6,ComHvy,local,local,0,local,local,0,0.46246057748794556,0.46909427642822266,0.0066336989402771,0.0002669636160135269,0.018991872668266296,0.46246057748794556,0.46909427642822266,0.313291996717453,0.31615427136421204,0.22424739599227905,0.2147514969110489
40,S6,BWHvy,local,local,0,local,local,0,0.4969702959060669,0.48440855741500854,-0.01256173849105835,0.0009876284748315811,0.037796393036842346,0.4969702959060669,0.48440855741500854,0.2783825993537903,0.27204614877700806,0.22464710474014282,0.2435453087091446
40,S7,LatCrit,local,local,0,local,BS1,1,0.48248517513275146,0.4251202344894409,-0.05736494064331055,0.008052729070186615,0.1147298514842987,0.48248517513275146,0.4251202344894409,0.2570071220397949,0.3064892292022705,0.260507732629776,0.2683905363082886
40,S7,ComHvy,local,local,0,local,local,0,0.5578998327255249,0.5666565895080566,0.008756756782531738,0.000263371504843235,0.018143653869628906,0.5578998327255249,0.5666565895080566,0.22522400319576263,0.22553910315036774,0.21687613427639008,0.207804337143898
40,S7,BWHvy,local,local,0,local,local,0,0.4967624545097351,0.5187748074531555,0.02201235294342041,0.0012871481012552977,0.04402470588684082,0.4967624545097351,0.5187748074531555,0.24064400792121887,0.221591055393219,0.2625935673713684,0.2596341669559479
40,S8,LatCrit,local,local,0,local,local,0,0.4982473850250244,0.4961187243461609,-0.0021286606788635254,1.2705335393548012e-05,0.004257321357727051,0.4982473850250244,0.4961187243461609,0.2524116337299347,0.2525239586830139,0.2493409812450409,0.2513573169708252
40,S8,ComHvy,local,local,0,local,local,0,0.5723043084144592,0.5750569105148315,0.0027526021003723145,0.00016398588195443153,0.014022111892700195,0.5723043084144592,0.5750569105148315,0.21939535439014435,0.21238431334495544,0.20830030739307404,0.212558776140213
40,S8,BWHvy,local,local,0,local,local,0,0.5615803003311157,0.5549701452255249,-0.00661015510559082,0.0002515963278710842,0.019839048385620117,0.5615803003311157,0.5549701452255249,0.2664884030818939,0.27640795707702637,0.17193125188350677,0.16862191259860992
41,S1,LatCrit,local,local,0,local,local,0,0.5446673631668091,0.5110660195350647,-0.033601343631744385,0.002522232010960579,0.06720268726348877,0.5446673631668091,0.5110660195350647,0.22135667502880096,0.22945575416088104,0.23397594690322876,0.25947821140289307
41,S1,ComHvy,local,local,0,local,local,0,0.49980616569519043,0.5074771642684937,0.007670998573303223,0.00031558191403746605,0.02215351164340973,0.49980616569519043,0.5074771642684937,0.2717118561267853,0.2606350779533386,0.2284819632768631,0.23188769817352295
41,S1,BWHvy,local,local,0,local,local,0,0.44493889808654785,0.47312992811203003,0.028191030025482178,0.002270735800266266,0.056382060050964355,0.44493889808654785,0.47312992811203003,0.2232280969619751,0.19926384091377258,0.33183300495147705,0.3276062309741974
41,S2,LatCrit,local,local,0,local,local,0,0.3939701318740845,0.39973223209381104,0.0057621002197265625,8.051947224885225e-05,0.011524200439453125,0.3939701318740845,0.39973223209381104,0.26363009214401245,0.25931259989738464,0.3423997461795807,0.34095513820648193
41,S2,ComHvy,local,local,0,local,local,0,0.4736238718032837,0.45484381914138794,-0.018780052661895752,0.0007614409551024437,0.037560105323791504,0.4736238718032837,0.45484381914138794,0.27325162291526794,0.28681737184524536,0.25312453508377075,0.2583388388156891
41,S2,BWHvy,local,local,0,local,local,0,0.45773231983184814,0.4605403542518616,0.0028080344200134277,0.0028178561478853226,0.057759761810302734,0.45773231983184814,0.4605403542518616,0.284417062997818,0.25553715229034424,0.25785064697265625,0.2839224636554718
41,S3,LatCrit,local,local,0,local,local,0,0.4279126524925232,0.422621488571167,-0.005291163921356201,0.0004434427246451378,0.026144742965698242,0.4279126524925232,0.422621488571167,0.30448320508003235,0.29670196771621704,0.26760417222976685,0.2806765139102936
41,S3,ComHvy,local,local,0,local,local,0,0.5107153058052063,0.5106481313705444,-6.717443466186523e-05,0.00011993153020739555,0.010896831750869751,0.5107153058052063,0.5106481313705444,0.23871617019176483,0.23333494365215302,0.2505685091018677,0.25601693987846375
41,S3,BWHvy,local,local,0,local,BS1,1,0.408660352230072,0.40587323904037476,-0.0027871131896972656,5.367666017264128e-05,0.009405821561813354,0.408660352230072,0.40587323904037476,0.2876729667186737,0.2923758625984192,0.30366671085357666,0.30175089836120605
41,S4,LatCrit,local,local,0,local,local,0,0.5131301879882812,0.5246697068214417,0.0115395188331604,0.0007726540789008141,0.03357057273387909,0.5131301879882812,0.5246697068214417,0.2511359453201294,0.23435063660144806,0.23573389649391174,0.2409796416759491
41,S4,ComHvy,local,local,0,local,local,0,0.5063815116882324,0.5061504244804382,-0.00023108720779418945,0.00013416865840554237,0.011649921536445618,0.5063815116882324,0.5061504244804382,0.2764701843261719,0.27087631821632385,0.21714827418327332,0.22297324240207672
41,S4,BWHvy,local,local,0,local,local,0,0.5131151080131531,0.47373872995376587,-0.03937637805938721,0.004186628386378288,0.07875274121761322,0.5131151080131531,0.47373872995376587,0.23785312473773956,0.27462852001190186,0.24903178215026855,0.2516327500343323
41,S5,LatCrit,local,local,0,local,local,0,0.4874427318572998,0.5180503129959106,0.03060758113861084,0.0020712334662675858,0.06121520698070526,0.4874427318572998,0.5180503129959106,0.2800275683403015,0.25664806365966797,0.23252969980239868,0.2253015786409378
41,S5,ComHvy,local,local,0,BS1,BS1,0,0.45221108198165894,0.43065518140792847,-0.02155590057373047,0.0010466245003044605,0.04311186075210571,0.45221108198165894,0.43065518140792847,0.3074221909046173,0.3249807059764862,0.24036671221256256,0.2443641573190689
41,S5,BWHvy,local,local,0,local,BS1,1,0.44369882345199585,0.42611920833587646,-0.017579615116119385,0.0007049264386296272,0.03515920042991638,0.44369882345199585,0.42611920833587646,0.2985284924507141,0.3032563626766205,0.2577727138996124,0.27062442898750305
41,S6,LatCrit,local,local,0,local,local,0,0.5380942821502686,0.5024464130401611,-0.03564786911010742,0.0028279218822717667,0.07129576802253723,0.5380942821502686,0.5024464130401611,0.24990680813789368,0.2604917287826538,0.21199889481067657,0.23706187307834625
41,S6,ComHvy,local,local,0,BS2,BS2,0,0.42891043424606323,0.44113993644714355,0.012229502201080322,0.0005299004260450602,0.02801692485809326,0.42891043424606323,0.44113993644714355,0.28708502650260925,0.2730765640735626,0.2840045094490051,0.28578346967697144
41,S6,BWHvy,local,local,0,local,local,0,0.4017829895019531,0.42445313930511475,0.02267014980316162,0.0028455080464482307,0.06445297598838806,0.4017829895019531,0.42445313930511475,0.2698563039302826,0.23762980103492737,0.3283607065677643,0.3379170298576355
41,S7,LatCrit,local,local,0,local,local,0,0.5166128873825073,0.48263758420944214,-0.033975303173065186,0.0024630650877952576,0.06795060634613037,0.5166128873825073,0.48263758420944214,0.25568851828575134,0.2671469449996948,0.22769859433174133,0.25021547079086304
41,S7,ComHvy,local,local,0,local,local,0,0.5360322594642639,0.5539356470108032,0.017903387546539307,0.0034911036491394043,0.06831465661525726,0.5360322594642639,0.5539356470108032,0.21845784783363342,0.23471181094646454,0.24550989270210266,0.21135258674621582
41,S7,BWHvy,local,local,0,local,local,0,0.4197206497192383,0.44107478857040405,0.02135413885116577,0.0031674839556217194,0.07230791449546814,0.4197206497192383,0.44107478857040405,0.3157488703727722,0.27959489822387695,0.2645305097103119,0.279330313205719
41,S8,LatCrit,local,local,0,local,local,0,0.5439344048500061,0.571363091468811,0.02742868661880493,0.0018065273761749268,0.05485737323760986,0.5439344048500061,0.571363091468811,0.19618767499923706,0.1918197125196457,0.25987792015075684,0.23681719601154327
41,S8,ComHvy,local,local,0,local,local,0,0.5087500214576721,0.5211411118507385,0.012391090393066406,0.0006089932285249233,0.02904774248600006,0.5087500214576721,0.5211411118507385,0.24341653287410736,0.22889265418052673,0.2478334605693817,0.24996623396873474
41,S8,BWHvy,local,local,0,local,local,0,0.5035802721977234,0.500847339630127,-0.0027329325675964355,0.00031030643731355667,0.020104095339775085,0.5035802721977234,0.500847339630127,0.28530633449554443,0.2953583896160126,0.21111339330673218,0.20379428565502167
42,S1,LatCrit,local,local,0,local,local,0,0.5523288249969482,0.508415937423706,-0.04391288757324219,0.0038930270820856094,0.08782567083835602,0.5523288249969482,0.508415937423706,0.20679740607738495,0.2297435700893402,0.2408738136291504,0.26184043288230896
42,S1,ComHvy,local,local,0,local,local,0,0.4907742142677307,0.4768680930137634,-0.013906121253967285,0.0004595862701535225,0.027812302112579346,0.4907742142677307,0.4768680930137634,0.23296195268630981,0.23493492603302002,0.2762638032436371,0.28819701075553894
42,S1,BWHvy,local,local,0,local,local,0,0.49493300914764404,0.4971997141838074,0.00226670503616333,0.0019055679440498352,0.04367785155773163,0.49493300914764404,0.4971997141838074,0.19782105088233948,0.17598213255405426,0.3072459399700165,0.32681816816329956
42,S2,LatCrit,local,local,0,local,local,0,0.4301106929779053,0.4458576440811157,0.01574695110321045,0.0007376205176115036,0.03449481725692749,0.4301106929779053,0.4458576440811157,0.2287806123495102,0.2302810698747635,0.34110867977142334,0.3238612711429596
42,S2,ComHvy,local,local,0,BS2,BS2,0,0.44137680530548096,0.447334349155426,0.005957543849945068,0.00020084809511899948,0.01866576075553894,0.44137680530548096,0.447334349155426,0.2343185842037201,0.2376939356327057,0.32430461049079895,0.3149717450141907
42,S2,BWHvy,local,local,0,local,local,0,0.457058310508728,0.45219987630844116,-0.004858434200286865,0.00037349946796894073,0.02284899353981018,0.457058310508728,0.45219987630844116,0.31606677174568176,0.30950069427490234,0.2268749624490738,0.2382994443178177
42,S3,LatCrit,local,local,0,local,local,0,0.42820030450820923,0.4361564517021179,0.007956147193908691,0.0002502594143152237,0.02084513008594513,0.42820030450820923,0.4361564517021179,0.337313175201416,0.32689061760902405,0.23448653519153595,0.23695296049118042
42,S3,ComHvy,local,local,0,local,local,0,0.5568298101425171,0.5657756328582764,0.008945822715759277,0.00035947165451943874,0.021272659301757812,0.5568298101425171,0.5657756328582764,0.20745542645454407,0.19681909680366516,0.23571476340293884,0.23740527033805847
42,S3,BWHvy,local,local,0,local,local,0,0.4454057216644287,0.44592535495758057,0.0005196332931518555,3.951159305870533e-05,0.007065042853355408,0.4454057216644287,0.44592535495758057,0.22154679894447327,0.22455967962741852,0.333047479391098,0.3295149505138397
42,S4,LatCrit,local,local,0,BS2,BS2,0,0.41515785455703735,0.4455409646034241,0.03038311004638672,0.0018893415108323097,0.060766249895095825,0.41515785455703735,0.4455409646034241,0.33286532759666443,0.31386253237724304,0.2519768178462982,0.2405964732170105
42,S4,ComHvy,local,local,0,local,local,0,0.5292407274246216,0.509640097618103,-0.019600629806518555,0.0010090647265315056,0.039201200008392334,0.5292407274246216,0.509640097618103,0.24399873614311218,0.2619693875312805,0.22676055133342743,0.22839047014713287
42,S4,BWHvy,local,local,0,BS1,BS1,0,0.577355146408081,0.5405304431915283,-0.036824703216552734,0.0030560027807950974,0.07364946603775024,0.577355146408081,0.5405304431915283,0.22322623431682587,0.25147950649261475,0.1994185894727707,0.20799008011817932
42,S5,LatCrit,local,local,0,local,local,0,0.43529069423675537,0.4626445174217224,0.02735382318496704,0.001676439307630062,0.054707616567611694,0.43529069423675537,0.4626445174217224,0.2995506227016449,0.278518944978714,0.26515868306159973,0.258836567401886
42,S5,ComHvy,local,local,0,local,local,0,0.5699050426483154,0.5440757274627686,-0.025829315185546875,0.0013661356642842293,0.05165863037109375,0.5699050426483154,0.5440757274627686,0.26916542649269104,0.28338685631752014,0.16092956066131592,0.1725374460220337
42,S5,BWHvy,local,local,0,local,local,0,0.43018728494644165,0.41433095932006836,-0.01585632562637329,0.0005163401365280151,0.03171265125274658,0.43018728494644165,0.41433095932006836,0.260324627161026,0.2673664689064026,0.30948808789253235,0.31830257177352905
42,S6,LatCrit,local,local,0,local,local,0,0.5326489210128784,0.527143120765686,-0.005505800247192383,0.003098735585808754,0.05894368886947632,0.5326489210128784,0.527143120765686,0.2530454993247986,0.2290794551372528,0.214305579662323,0.24377742409706116
42,S6,ComHvy,local,local,0,local,local,0,0.4850136637687683,0.5304670333862305,0.04545336961746216,0.004419805482029915,0.0909067690372467,0.4850136637687683,0.5304670333862305,0.28902101516723633,0.2557821571826935,0.22596529126167297,0.21375074982643127
42,S6,BWHvy,local,local,0,local,local,0,0.4234480857849121,0.42738837003707886,0.003940284252166748,0.0008224481716752052,0.030402079224586487,0.4234480857849121,0.42738837003707886,0.1897786408662796,0.17457759380340576,0.3867732882499695,0.3980340361595154
42,S7,LatCrit,local,local,0,local,local,0,0.5537021160125732,0.5151275396347046,-0.03857457637786865,0.002986617386341095,0.07714910805225372,0.5537021160125732,0.5151275396347046,0.2019476592540741,0.21916644275188446,0.24435022473335266,0.26570597290992737
42,S7,ComHvy,local,local,0,local,local,0,0.48452579975128174,0.48201578855514526,-0.0025100111961364746,0.000154170673340559,0.014503240585327148,0.48452579975128174,0.48201578855514526,0.27180761098861694,0.26706600189208984,0.24366658926010132,0.2509182095527649
42,S7,BWHvy,local,local,0,local,local,0,0.4953582286834717,0.4906085729598999,-0.004749655723571777,0.0007277429103851318,0.031024262309074402,0.4953582286834717,0.4906085729598999,0.2637910544872284,0.2530285716056824,0.24085073173046112,0.2563628554344177
42,S8,LatCrit,local,local,0,local,local,0,0.4916844367980957,0.5007557272911072,0.009071290493011475,0.0004661567509174347,0.026429831981658936,0.4916844367980957,0.5007557272911072,0.25873062014579773,0.24551568925380707,0.24958495795726776,0.25372856855392456
42,S8,ComHvy,local,local,0,local,local,0,0.496070921421051,0.4901248812675476,-0.005946040153503418,0.0003439607098698616,0.02305491268634796,0.496070921421051,0.4901248812675476,0.2358120232820511,0.23023059964179993,0.2681170701980591,0.27964451909065247
42,S8,BWHvy,local,local,0,local,local,0,0.5241953134536743,0.5059261322021484,-0.01826918125152588,0.0007027192041277885,0.03653837740421295,0.5241953134536743,0.5059261322021484,0.2590599060058594,0.2660282552242279,0.21674476563930511,0.22804561257362366
43,S1,LatCrit,local,local,0,BS2,BS2,0,0.4834243655204773,0.4432709813117981,-0.0401533842086792,0.003406766802072525,0.0803067684173584,0.4834243655204773,0.4432709813117981,0.2713336646556854,0.29926154017448425,0.24524199962615967,0.25746750831604004
43,S1,ComHvy,local,local,0,local,local,0,0.5192505121231079,0.5220190286636353,0.0027685165405273438,0.001616569235920906,0.04142144322395325,0.5192505121231079,0.5220190286636353,0.2283593863248825,0.2076486498117447,0.25239014625549316,0.27033233642578125
43,S1,BWHvy,local,local,0,local,local,0,0.5774495601654053,0.5765892863273621,-0.0008602738380432129,0.0006289873272180557,0.022758230566978455,0.5774495601654053,0.5765892863273621,0.1448887586593628,0.13436992466449738,0.27766168117523193,0.28904080390930176
43,S2,LatCrit,local,local,0,BS2,BS2,0,0.4306653141975403,0.44243043661117554,0.011765122413635254,0.0002810950390994549,0.02353021502494812,0.4306653141975403,0.44243043661117554,0.2289705127477646,0.22432498633861542,0.34036415815353394,0.33324459195137024
43,S2,ComHvy,local,local,0,local,local,0,0.3871691823005676,0.37074416875839233,-0.016425013542175293,0.0006437599658966064,0.03285008668899536,0.3871691823005676,0.37074416875839233,0.282484233379364,0.29476404190063477,0.33034655451774597,0.3344918191432953
43,S2,BWHvy,local,local,0,local,local,0,0.4873426556587219,0.48937326669692993,0.002030611038208008,0.0014455392956733704,0.04019336402416229,0.4873426556587219,0.48937326669692993,0.2550387382507324,0.23494206368923187,0.25761860609054565,0.2756846845149994
43,S3,LatCrit,local,local,0,local,local,0,0.5082066059112549,0.49256885051727295,-0.015637755393981934,0.0005067931488156319,0.03127551078796387,0.5082066059112549,0.49256885051727295,0.2753308117389679,0.2819517254829407,0.21646256744861603,0.22547940909862518
43,S3,ComHvy,local,local,0,local,local,0,0.6071178317070007,0.630052387714386,0.022934556007385254,0.0011311257258057594,0.045869097113609314,0.6071178317070007,0.630052387714386,0.19983883202075958,0.18961338698863983,0.1930433213710785,0.18033422529697418
43,S3,BWHvy,local,local,0,local,local,0,0.5037839412689209,0.4960824251174927,-0.007701516151428223,0.00014255987480282784,0.015403062105178833,0.5037839412689209,0.4960824251174927,0.19880376756191254,0.19946549832820892,0.29741227626800537,0.3044520914554596
43,S4,LatCrit,local,local,0,local,local,0,0.44003260135650635,0.47350019216537476,0.03346759080886841,0.002325102686882019,0.06693515181541443,0.44003260135650635,0.47350019216537476,0.29598432779312134,0.27408894896507263,0.2639830708503723,0.252410888671875
43,S4,ComHvy,local,local,0,local,local,0,0.5417514443397522,0.5313236713409424,-0.010427772998809814,0.00036593712866306305,0.022510990500450134,0.5417514443397522,0.5313236713409424,0.2246532440185547,0.22382551431655884,0.23359531164169312,0.24485079944133759
43,S4,BWHvy,local,local,0,local,local,0,0.4350793957710266,0.39051997661590576,-0.04455941915512085,0.005021401681005955,0.08911879360675812,0.4350793957710266,0.39051997661590576,0.23168952763080597,0.26699498295783997,0.333231121301651,0.3424850404262543
43,S5,LatCrit,local,local,0,local,local,0,0.542779803276062,0.5484594106674194,0.005679607391357422,0.0004061558283865452,0.023697614669799805,0.542779803276062,0.5484594106674194,0.254557341337204,0.24270853400230408,0.202662855386734,0.2088320553302765
43,S5,ComHvy,local,local,0,local,local,0,0.5576144456863403,0.5208748579025269,-0.03673958778381348,0.0028140824288129807,0.07347917556762695,0.5576144456863403,0.5208748579025269,0.28360119462013245,0.31206145882606506,0.15878432989120483,0.1670636534690857
43,S5,BWHvy,local,local,0,local,local,0,0.467083215713501,0.44561702013015747,-0.021466195583343506,0.0010965559631586075,0.04293245077133179,0.467083215713501,0.44561702013015747,0.24779191613197327,0.2508673369884491,0.28512483835220337,0.3035156726837158
43,S6,LatCrit,local,local,0,local,local,0,0.554865300655365,0.5288465619087219,-0.026018738746643066,0.005866549909114838,0.0914163887500763,0.554865300655365,0.5288465619087219,0.23584847152233124,0.21615901589393616,0.20928622782230377,0.2549944221973419
43,S6,ComHvy,local,local,0,local,local,0,0.460704505443573,0.485279381275177,0.024574875831604004,0.0012591257691383362,0.0491497665643692,0.460704505443573,0.485279381275177,0.29892462491989136,0.2887321710586548,0.24037086963653564,0.22598843276500702
43,S6,BWHvy,local,local,0,BS2,local,1,0.4452136158943176,0.4566273093223572,0.01141369342803955,0.00045261788181960583,0.022827401757240295,0.4452136158943176,0.4566273093223572,0.19722144305706024,0.18639898300170898,0.3575649559497833,0.35697370767593384
43,S7,LatCrit,local,local,0,local,local,0,0.6065989136695862,0.5630778074264526,-0.043521106243133545,0.004023967310786247,0.08704221248626709,0.6065989136695862,0.5630778074264526,0.17892539501190186,0.1929156631231308,0.21447567641735077,0.24400651454925537
43,S7,ComHvy,local,local,0,local,local,0,0.5093686580657959,0.5312185883522034,0.02184993028640747,0.0015161056071519852,0.04551875591278076,0.5093686580657959,0.5312185883522034,0.23071087896823883,0.23162034153938293,0.2599204480648041,0.2371610850095749
43,S7,BWHvy,local,local,0,local,local,0,0.48198509216308594,0.5006261467933655,0.01864105463027954,0.0012010263744741678,0.041270628571510315,0.48198509216308594,0.5006261467933655,0.2667961120605469,0.24616079032421112,0.2512188255786896,0.2532130777835846
43,S8,LatCrit,local,local,0,local,local,0,0.532579779624939,0.5381721258163452,0.00559234619140625,0.0001605998259037733,0.014359265565872192,0.532579779624939,0.5381721258163452,0.20829425752162933,0.20111463963985443,0.2591259479522705,0.26071324944496155
43,S8,ComHvy,local,local,0,local,local,0,0.5193458795547485,0.5303167700767517,0.010970890522003174,0.0008289236575365067,0.03343650698661804,0.5193458795547485,0.5303167700767517,0.22598303854465485,0.20926477015018463,0.2546710968017578,0.26041844487190247
43,S8,BWHvy,local,local,0,local,local,0,0.5328556299209595,0.5132454037666321,-0.019610226154327393,0.0007903119549155235,0.039220452308654785,0.5328556299209595,0.5132454037666321,0.2536458969116211,0.2665296494960785,0.21349847316741943,0.22022494673728943
44,S1,LatCrit,local,local,0,local,local,0,0.4773051142692566,0.4560689926147461,-0.021236121654510498,0.0015067425556480885,0.04662927985191345,0.4773051142692566,0.4560689926147461,0.25321173667907715,0.2765263617038727,0.26948314905166626,0.26740461587905884
44,S1,ComHvy,local,local,0,local,local,0,0.46219444274902344,0.45664405822753906,-0.005550384521484375,0.00032788654789328575,0.022468477487564087,0.46219444274902344,0.45664405822753906,0.2609155774116516,0.27214983105659485,0.27688995003700256,0.2712061107158661
44,S1,BWHvy,local,local,0,local,local,0,0.49449336528778076,0.46757036447525024,-0.026923000812530518,0.0014707781374454498,0.05384598672389984,0.49449336528778076,0.46757036447525024,0.16972699761390686,0.17666949331760406,0.3357796370983124,0.3557601273059845
44,S2,LatCrit,BS2,BS2,0,BS2,local,1,0.43710142374038696,0.43770599365234375,0.0006045699119567871,0.0008982080034911633,0.029940754175186157,0.37476736307144165,0.38913315534591675,0.18813122808933258,0.1731608361005783,0.43710142374038696,0.43770599365234375
44,S2,ComHvy,local,local,0,BS1,BS1,0,0.4330247640609741,0.403156042098999,-0.029868721961975098,0.0021089203655719757,0.059737399220466614,0.4330247640609741,0.403156042098999,0.22738739848136902,0.23040153086185455,0.33958783745765686,0.36644238233566284
44,S2,BWHvy,local,local,0,BS1,BS1,0,0.461381196975708,0.4780727028846741,0.016691505908966064,0.0006704619154334068,0.03338301181793213,0.461381196975708,0.4780727028846741,0.2643917500972748,0.26150789856910706,0.2742270231246948,0.2604193687438965
44,S3,LatCrit,local,local,0,local,local,0,0.43926554918289185,0.45186948776245117,0.012603938579559326,0.0030211806297302246,0.0632513165473938,0.43926554918289185,0.45186948776245117,0.23842568695545197,0.20680002868175507,0.3223087787628174,0.34133049845695496
44,S3,ComHvy,local,local,0,local,local,0,0.48944491147994995,0.4886099696159363,-0.0008349418640136719,0.0010630059987306595,0.03375764191150665,0.48944491147994995,0.4886099696159363,0.24052606523036957,0.2574048936367035,0.2700290083885193,0.25398513674736023
44,S3,BWHvy,local,local,0,local,local,0,0.4680386781692505,0.441977322101593,-0.02606135606765747,0.001630404032766819,0.05212271213531494,0.4680386781692505,0.441977322101593,0.2529427111148834,0.2740277349948883,0.2790186107158661,0.2839949429035187
44,S4,LatCrit,local,local,0,local,local,0,0.4625951647758484,0.4690921902656555,0.006497025489807129,0.00297536700963974,0.060661643743515015,0.4625951647758484,0.4690921902656555,0.28553953766822815,0.30937331914901733,0.25186532735824585,0.22153449058532715
44,S4,ComHvy,local,local,0,local,local,0,0.4854203462600708,0.4841926097869873,-0.001227736473083496,3.0406517907977104e-06,0.00245550274848938,0.4854203462600708,0.4841926097869873,0.27827364206314087,0.2790611982345581,0.23630598187446594,0.2367461919784546
44,S4,BWHvy,local,local,0,local,local,0,0.4819900393486023,0.4720243811607361,-0.009965658187866211,0.00024785660207271576,0.019931316375732422,0.4819900393486023,0.4720243811607361,0.2817579507827759,0.28356829285621643,0.23625200986862183,0.24440732598304749
44,S5,LatCrit,local,local,0,local,local,0,0.4904405474662781,0.5123615264892578,0.021920979022979736,0.0009713713079690933,0.04384201765060425,0.4904405474662781,0.5123615264892578,0.2616243362426758,0.2488371729850769,0.24793513119220734,0.2388012558221817
44,S5,ComHvy,local,local,0,local,local,0,0.5398669242858887,0.5340781211853027,-0.0057888031005859375,0.00017805607058107853,0.01641818881034851,0.5398669242858887,0.5340781211853027,0.24807530641555786,0.2562844157218933,0.21205772459506989,0.20963744819164276
44,S5,BWHvy,local,local,0,BS1,BS1,0,0.40395963191986084,0.40619176626205444,0.0022321343421936035,0.00013649510219693184,0.01423540711402893,0.40395963191986084,0.40619176626205444,0.32042282819747925,0.3253084123134613,0.2756175398826599,0.26849985122680664
44,S6,LatCrit,local,local,0,local,local,0,0.5490046739578247,0.5504693388938904,0.0014646649360656738,0.0002533290535211563,0.01634003221988678,0.5490046739578247,0.5504693388938904,0.21893931925296783,0.21076931059360504,0.23205599188804626,0.23876135051250458
44,S6,ComHvy,local,local,0,local,local,0,0.5372025966644287,0.5581951141357422,0.020992517471313477,0.000890824943780899,0.04198503494262695,0.5372025966644287,0.5581951141357422,0.24618522822856903,0.23503486812114716,0.21661214530467987,0.20676998794078827
44,S6,BWHvy,local,local,0,local,local,0,0.48036372661590576,0.4873110055923462,0.00694727897644043,0.0006948821246623993,0.03269010782241821,0.48036372661590576,0.4873110055923462,0.1944170445203781,0.2038148194551468,0.3252192437648773,0.3088741898536682
44,S7,LatCrit,local,local,0,local,local,0,0.502027153968811,0.4727689027786255,-0.029258251190185547,0.001714879646897316,0.05851645767688751,0.502027153968811,0.4727689027786255,0.21199607849121094,0.22474800050258636,0.2859767973423004,0.30248308181762695
44,S7,ComHvy,local,local,0,local,local,0,0.4599270820617676,0.4464576244354248,-0.013469457626342773,0.0017634537070989609,0.05415831506252289,0.4599270820617676,0.4464576244354248,0.24414880573749542,0.23053908348083496,0.2959241271018982,0.32300326228141785
44,S7,BWHvy,local,local,0,local,local,0,0.57326340675354,0.5600368976593018,-0.013226509094238281,0.00041301827877759933,0.026453062891960144,0.57326340675354,0.5600368976593018,0.1841305047273636,0.18627533316612244,0.24260607361793518,0.2536877989768982
44,S8,LatCrit,local,local,0,local,local,0,0.4899781346321106,0.47406089305877686,-0.01591724157333374,0.0007878672331571579,0.03438068926334381,0.4899781346321106,0.47406089305877686,0.23733317852020264,0.2360600382089615,0.27268871665000916,0.2898790240287781
44,S8,ComHvy,local,local,0,local,local,0,0.5027471780776978,0.5272487998008728,0.02450162172317505,0.0016170879825949669,0.04900330305099487,0.5027471780776978,0.5272487998008728,0.21573428809642792,0.19557712972164154,0.2815185785293579,0.27717405557632446
44,S8,BWHvy,local,local,0,local,local,0,0.46209806203842163,0.4440739154815674,-0.018024146556854248,0.0006767041049897671,0.03604835271835327,0.46209806203842163,0.4440739154815674,0.27901995182037354,0.2907908260822296,0.25888192653656006,0.265135258436203
45,S1,LatCrit,local,local,0,BS2,BS2,0,0.4486209750175476,0.4654191732406616,0.016798198223114014,0.0009354744106531143,0.0396573543548584,0.4486209750175476,0.4654191732406616,0.21446482837200165,0.21749530732631683,0.33691418170928955,0.31708550453186035
45,S1,ComHvy,local,local,0,local,local,0,0.47609055042266846,0.4601341485977173,-0.015956401824951172,0.0005867043510079384,0.03191281855106354,0.47609055042266846,0.4601341485977173,0.19292829930782318,0.194410502910614,0.33098116517066956,0.3454553782939911
45,S1,BWHvy,local,local,0,local,local,0,0.5696485042572021,0.5358591079711914,-0.03378939628601074,0.002337501384317875,0.06757868826389313,0.5696485042572021,0.5358591079711914,0.19360628724098206,0.2116640955209732,0.23674526810646057,0.2524767518043518
45,S2,LatCrit,local,local,0,local,local,0,0.5433521270751953,0.5546326041221619,0.011280477046966553,0.000493406318128109,0.026341453194618225,0.5433521270751953,0.5546326041221619,0.21314646303653717,0.21503672003746033,0.24350138008594513,0.2303306609392166
45,S2,ComHvy,local,local,0,local,local,0,0.5407898426055908,0.5197749137878418,-0.021014928817749023,0.0013294294476509094,0.043807342648506165,0.5407898426055908,0.5197749137878418,0.2096109241247177,0.20872218906879425,0.24959923326969147,0.27150291204452515
45,S2,BWHvy,local,local,0,BS1,BS1,0,0.3821132183074951,0.3838213086128235,0.0017080903053283691,7.852725684642792e-05,0.011181265115737915,0.3821132183074951,0.3838213086128235,0.3169265389442444,0.3113359212875366,0.3009602129459381,0.3048427700996399
45,S3,LatCrit,local,local,0,BS1,BS1,0,0.4510236978530884,0.4427197575569153,-0.008303940296173096,0.0004591001197695732,0.02797095477581024,0.4510236978530884,0.4427197575569153,0.24845877289772034,0.24277721345424652,0.30051755905151367,0.314503014087677
45,S3,ComHvy,local,local,0,local,local,0,0.4287800192832947,0.42706096172332764,-0.001719057559967041,8.630193769931793e-05,0.011349678039550781,0.4287800192832947,0.42706096172332764,0.2897411584854126,0.2954160273075104,0.28147879242897034,0.2775230407714844
45,S3,BWHvy,local,local,0,local,local,0,0.5573511123657227,0.5482175350189209,-0.009133577346801758,0.00022709427867084742,0.018267154693603516,0.5573511123657227,0.5482175350189209,0.19390477240085602,0.2015531212091446,0.24874413013458252,0.2502293586730957
45,S4,LatCrit,local,local,0,local,local,0,0.4836709499359131,0.47201651334762573,-0.011654436588287354,0.0019930144771933556,0.05442705750465393,0.4836709499359131,0.47201651334762573,0.25136280059814453,0.2785763144493103,0.2649662494659424,0.24940714240074158
45,S4,ComHvy,local,local,0,BS2,BS2,0,0.429205060005188,0.43424028158187866,0.005035221576690674,0.0011928919702768326,0.0407673716545105,0.429205060005188,0.43424028158187866,0.2857542037963867,0.3011026680469513,0.2850407361984253,0.26465705037117004
45,S4,BWHvy,local,local,0,local,local,0,0.5069372653961182,0.5195810794830322,0.012643814086914062,0.000369461253285408,0.02528761327266693,0.5069372653961182,0.5195810794830322,0.24793119728565216,0.24497424066066742,0.24513152241706848,0.23544467985630035
45,S5,LatCrit,local,local,0,local,local,0,0.5006681680679321,0.4942370057106018,-0.006431162357330322,8.2801328971982e-05,0.01286238431930542,0.5006681680679321,0.4942370057106018,0.2329266518354416,0.2357354611158371,0.2664051353931427,0.2700275480747223
45,S5,ComHvy,local,local,0,local,local,0,0.49087947607040405,0.4950600862503052,0.004180610179901123,0.00011183228343725204,0.013550937175750732,0.49087947607040405,0.4950600862503052,0.21167492866516113,0.21426978707313538,0.2974455952644348,0.29067012667655945
45,S5,BWHvy,local,local,0,local,local,0,0.48251163959503174,0.47890204191207886,-0.003609597682952881,0.0004308214411139488,0.02433350682258606,0.48251163959503174,0.47890204191207886,0.2709880471229553,0.28315481543540955,0.24650028347969055,0.2379431426525116
45,S6,LatCrit,local,local,0,local,local,0,0.45504701137542725,0.47321397066116333,0.018166959285736084,0.001840808428823948,0.05502966046333313,0.45504701137542725,0.47321397066116333,0.3078961670398712,0.28038135170936584,0.23705680668354034,0.24640469253063202
45,S6,ComHvy,local,local,0,local,local,0,0.5736778378486633,0.5806791186332703,0.007001280784606934,0.00010429369285702705,0.014002576470375061,0.5736778378486633,0.5806791186332703,0.17398329079151154,0.1719961017370224,0.25233885645866394,0.24732474982738495
45,S6,BWHvy,local,local,0,local,local,0,0.5254867672920227,0.5285699367523193,0.003083169460296631,8.054450154304504e-05,0.010665446519851685,0.5254867672920227,0.5285699367523193,0.23789310455322266,0.24014267325401306,0.23662012815475464,0.23128741979599
45,S7,LatCrit,local,local,0,BS2,BS2,0,0.5418286323547363,0.5362905263900757,-0.0055381059646606445,0.0005474360659718513,0.025037109851837158,0.5418286323547363,0.5362905263900757,0.1730848103761673,0.1856033354997635,0.28508660197257996,0.27810612320899963
45,S7,ComHvy,local,local,0,local,local,0,0.46147000789642334,0.4379204511642456,-0.023549556732177734,0.002756226807832718,0.0679200291633606,0.46147000789642334,0.4379204511642456,0.2607000470161438,0.25028958916664124,0.27782994508743286,0.31178995966911316
45,S7,BWHvy,local,local,0,local,local,0,0.6185392141342163,0.6156805753707886,-0.0028586387634277344,7.376587018370628e-05,0.009699240326881409,0.6185392141342163,0.6156805753707886,0.17293192446231842,0.17094092071056366,0.20852889120578766,0.21337848901748657
45,S8,LatCrit,local,local,0,local,local,0,0.5419175028800964,0.5294767618179321,-0.012440741062164307,0.0007754075340926647,0.033177345991134644,0.5419175028800964,0.5294767618179321,0.2207489013671875,0.23733758926391602,0.23733356595039368,0.23318564891815186
45,S8,ComHvy,local,local,0,local,local,0,0.5257425308227539,0.505263090133667,-0.020479440689086914,0.0008836914785206318,0.040958791971206665,0.5257425308227539,0.505263090133667,0.2458847165107727,0.2598773241043091,0.22837279736995697,0.23485954105854034
45,S8,BWHvy,local,local,0,local,local,0,0.479560911655426,0.4619634747505188,-0.017597436904907227,0.001924833282828331,0.054360777139663696,0.479560911655426,0.4619634747505188,0.2792876064777374,0.269704669713974,0.24115145206451416,0.2683318555355072
46,S1,LatCrit,local,local,0,local,local,0,0.4692973494529724,0.4661128520965576,-0.003184497356414795,4.326144699007273e-05,0.008681118488311768,0.4692973494529724,0.4661128520965576,0.3191036880016327,0.3234442472457886,0.2115989774465561,0.210442915558815
46,S1,ComHvy,local,local,0,local,local,0,0.3816220164299011,0.37999457120895386,-0.0016274452209472656,0.0007711108773946762,0.032364726066589355,0.3816220164299011,0.37999457120895386,0.2785123884677887,0.2639574408531189,0.3398655951023102,0.35604792833328247
46,S1,BWHvy,local,local,0,local,local,0,0.580763578414917,0.6043134927749634,0.023549914360046387,0.001152888871729374,0.047099754214286804,0.580763578414917,0.6043134927749634,0.18015629053115845,0.1703837662935257,0.23908008635044098,0.2253027707338333
46,S2,LatCrit,local,local,0,local,local,0,0.4501301646232605,0.4538639783859253,0.003733813762664795,0.00040828902274370193,0.024089127779006958,0.4501301646232605,0.4538639783859253,0.27852392196655273,0.26647937297821045,0.2713458836078644,0.27965664863586426
46,S2,ComHvy,local,local,0,local,local,0,0.5606361031532288,0.5114426612854004,-0.04919344186782837,0.006142951548099518,0.09838691353797913,0.5606361031532288,0.5114426612854004,0.23158052563667297,0.23882797360420227,0.20778337121009827,0.24972939491271973
46,S2,BWHvy,local,local,0,local,local,0,0.44886642694473267,0.46444106101989746,0.015574634075164795,0.0035697948187589645,0.07063379883766174,0.44886642694473267,0.46444106101989746,0.25735729932785034,0.22204038500785828,0.293776273727417,0.3135185241699219
46,S3,LatCrit,local,local,0,local,local,0,0.580924928188324,0.6113340854644775,0.030409157276153564,0.0020763929933309555,0.06081831455230713,0.580924928188324,0.6113340854644775,0.27343934774398804,0.24866078794002533,0.14563573896884918,0.14000514149665833
46,S3,ComHvy,local,local,0,local,local,0,0.47724783420562744,0.4856153130531311,0.008367478847503662,0.0004340820014476776,0.024192586541175842,0.47724783420562744,0.4856153130531311,0.29847508668899536,0.302203893661499,0.224277064204216,0.21218076348304749
46,S3,BWHvy,local,local,0,local,local,0,0.5190802812576294,0.5107407569885254,-0.008339524269104004,0.0012801475822925568,0.042402565479278564,0.5190802812576294,0.5107407569885254,0.22321607172489166,0.21035431325435638,0.25770363211631775,0.27890491485595703
46,S4,LatCrit,local,local,0,local,local,0,0.4766998887062073,0.46701502799987793,-0.009684860706329346,0.00025267479941248894,0.019369766116142273,0.4766998887062073,0.46701502799987793,0.20570090413093567,0.21360288560390472,0.31759917736053467,0.31938210129737854
46,S4,ComHvy,local,local,0,local,local,0,0.5208067297935486,0.5371168851852417,0.016310155391693115,0.0005723536014556885,0.03262034058570862,0.5208067297935486,0.5371168851852417,0.2483023703098297,0.23693162202835083,0.2308908998966217,0.22595146298408508
46,S4,BWHvy,local,local,0,local,local,0,0.36800438165664673,0.3489001989364624,-0.019104182720184326,0.0008299956098198891,0.03820836544036865,0.36800438165664673,0.3489001989364624,0.3303227126598358,0.3369702994823456,0.30167287588119507,0.31412947177886963
46,S5,LatCrit,local,local,0,local,local,0,0.5425963401794434,0.5565258860588074,0.013929545879364014,0.0013714879751205444,0.046032026410102844,0.5425963401794434,0.5565258860588074,0.16397874057292938,0.173065185546875,0.29342496395111084,0.2704089283943176
46,S5,ComHvy,local,local,0,local,local,0,0.4718620181083679,0.49765175580978394,0.025789737701416016,0.0029845647513866425,0.06286650896072388,0.4718620181083679,0.49765175580978394,0.28734415769577026,0.2929876744747162,0.240793839097023,0.20936058461666107
46,S5,BWHvy,local,local,0,local,local,0,0.47695356607437134,0.46935534477233887,-0.007598221302032471,0.00016814842820167542,0.015196442604064941,0.47695356607437134,0.46935534477233887,0.285521537065506,0.2859310209751129,0.23752489686012268,0.24471363425254822
46,S6,LatCrit,local,local,0,local,local,0,0.42614221572875977,0.4166067838668823,-0.009535431861877441,0.00031654536724090576,0.019688040018081665,0.42614221572875977,0.4166067838668823,0.34753331542015076,0.34722471237182617,0.22632446885108948,0.23616847395896912
46,S6,ComHvy,local,local,0,BS2,BS2,0,0.5213176012039185,0.5156898498535156,-0.005627751350402832,6.829737685620785e-05,0.011255428194999695,0.5213176012039185,0.5156898498535156,0.20651210844516754,0.21001708507537842,0.2721703350543976,0.27429303526878357
46,S6,BWHvy,local,local,0,local,local,0,0.5072556734085083,0.5254515409469604,0.01819586753845215,0.0006642360240221024,0.03639177978038788,0.5072556734085083,0.5254515409469604,0.2599967122077942,0.2499174028635025,0.2327476143836975,0.22463101148605347
46,S7,LatCrit,local,local,0,local,local,0,0.574053168296814,0.5990352630615234,0.024982094764709473,0.0018868979532271624,0.04996417462825775,0.574053168296814,0.5990352630615234,0.19678328931331635,0.17470265924930573,0.2291635423898697,0.22626209259033203
46,S7,ComHvy,local,local,0,local,local,0,0.42813360691070557,0.4299784302711487,0.0018448233604431152,0.0004437798634171486,0.024107813835144043,0.42813360691070557,0.4299784302711487,0.28690090775489807,0.297109991312027,0.28496551513671875,0.27291160821914673
46,S7,BWHvy,local,local,0,local,local,0,0.5646811723709106,0.568405032157898,0.0037238597869873047,0.00026245322078466415,0.017211928963661194,0.5646811723709106,0.568405032157898,0.1885649561882019,0.1799590140581131,0.24675384163856506,0.25163596868515015
46,S8,LatCrit,local,local,0,local,local,0,0.5284523963928223,0.5474497675895691,0.018997371196746826,0.0007424401119351387,0.03799477219581604,0.5284523963928223,0.5474497675895691,0.20372812449932098,0.19734714925289154,0.26781949400901794,0.2552030682563782
46,S8,ComHvy,local,local,0,local,local,0,0.4484850764274597,0.4706208109855652,0.02213573455810547,0.0010348353534936905,0.04427151381969452,0.4484850764274597,0.4706208109855652,0.2892380654811859,0.2811664938926697,0.26227688789367676,0.24821268022060394
46,S8,BWHvy,local,local,0,local,local,0,0.4171358346939087,0.4079241156578064,-0.009211719036102295,0.00041281990706920624,0.026695698499679565,0.4171358346939087,0.4079241156578064,0.27096253633499146,0.26682642102241516,0.31190162897109985,0.32524949312210083
47,S1,LatCrit,local,local,0,local,local,0,0.5298866033554077,0.4950227737426758,-0.034863829612731934,0.003813996445387602,0.0798400342464447,0.5298866033554077,0.4950227737426758,0.2870067358016968,0.32692673802375793,0.1831066906452179,0.17805048823356628
47,S1,ComHvy,local,local,0,local,local,0,0.520759642124176,0.519361138343811,-0.0013985037803649902,1.5683704987168312e-05,0.004896968603134155,0.520759642124176,0.519361138343811,0.2142220139503479,0.213172048330307,0.26501837372779846,0.26746687293052673
47,S1,BWHvy,local,local,0,local,local,0,0.4555531144142151,0.4587098956108093,0.0031567811965942383,0.001064945012331009,0.03483562171459198,0.4555531144142151,0.4587098956108093,0.2122272104024887,0.19480940699577332,0.332219660282135,0.34648069739341736
47,S2,LatCrit,local,local,0,local,local,0,0.5276417136192322,0.5314822196960449,0.003840506076812744,0.0004934472963213921,0.025059819221496582,0.5276417136192322,0.5314822196960449,0.18186832964420319,0.19055770337581635,0.29048997163772583,0.27796003222465515
47,S2,ComHvy,local,local,0,BS1,BS1,0,0.40352243185043335,0.37683117389678955,-0.0266912579536438,0.001843816600739956,0.0533825159072876,0.40352243185043335,0.37683117389678955,0.2456260621547699,0.26701369881629944,0.35085150599479675,0.356155127286911
47,S2,BWHvy,local,local,0,local,local,0,0.44157588481903076,0.4138965606689453,-0.02767932415008545,0.00232841819524765,0.06313355267047882,0.44157588481903076,0.4138965606689453,0.22039572894573212,0.21650826930999756,0.3380284011363983,0.36959517002105713
47,S3,LatCrit,local,local,0,local,local,0,0.5624756813049316,0.5684125423431396,0.005936861038208008,0.002281947061419487,0.04865869879722595,0.5624756813049316,0.5684125423431396,0.20676663517951965,0.18243727087974548,0.2307576835155487,0.24915015697479248
47,S3,ComHvy,local,local,0,local,local,0,0.557154655456543,0.5756672024726868,0.0185125470161438,0.0009101289324462414,0.03702516853809357,0.557154655456543,0.5756672024726868,0.2232254594564438,0.20734421908855438,0.21961994469165802,0.21698856353759766
47,S3,BWHvy,local,local,0,local,local,0,0.46805256605148315,0.47091901302337646,0.0028664469718933105,8.389633148908615e-05,0.010750502347946167,0.46805256605148315,0.47091901302337646,0.22624808549880981,0.22087284922599792,0.30569931864738464,0.3082081377506256
47,S4,LatCrit,local,local,0,BS1,BS1,0,0.39926761388778687,0.3884233236312866,-0.010844290256500244,0.0003246758133172989,0.02168858051300049,0.39926761388778687,0.3884233236312866,0.30694666504859924,0.3075614273548126,0.2937856912612915,0.30401521921157837
47,S4,ComHvy,local,local,0,local,local,0,0.5484689474105835,0.5596041679382324,0.011135220527648926,0.004353128373622894,0.06956149637699127,0.5484689474105835,0.5596041679382324,0.23434211313724518,0.2579876184463501,0.21718895435333252,0.1824081838130951
47,S4,BWHvy,local,local,0,local,local,0,0.4733717441558838,0.4775460958480835,0.004174351692199707,0.0010342514142394066,0.03664398193359375,0.4733717441558838,0.4775460958480835,0.28247085213661194,0.26414886116981506,0.24415740370750427,0.25830504298210144
47,S5,LatCrit,local,local,0,local,local,0,0.5805157423019409,0.5664435625076294,-0.014072179794311523,0.0004103695973753929,0.028144344687461853,0.5805157423019409,0.5664435625076294,0.1942552775144577,0.20193518698215485,0.22522896528244019,0.23162122070789337
47,S5,ComHvy,local,local,0,local,local,0,0.5790351033210754,0.5553428530693054,-0.02369225025177002,0.0016267169266939163,0.04738453030586243,0.5790351033210754,0.5553428530693054,0.24858132004737854,0.2520120441913605,0.17238356173038483,0.1926451176404953
47,S5,BWHvy,local,local,0,local,local,0,0.43417227268218994,0.42940253019332886,-0.004769742488861084,7.383310003206134e-05,0.010997787117958069,0.43417227268218994,0.42940253019332886,0.3230372965335846,0.32853618264198303,0.24279043078422546,0.24206127226352692
47,S6,LatCrit,local,local,0,local,local,0,0.5063621997833252,0.5237517356872559,0.017389535903930664,0.0013941354118287563,0.039263129234313965,0.5063621997833252,0.5237517356872559,0.1893523633480072,0.16972079873085022,0.3042854070663452,0.30652743577957153
47,S6,ComHvy,local,local,0,local,local,0,0.5506987571716309,0.5542963743209839,0.0035976171493530273,5.2246556151658297e-05,0.00848667323589325,0.5506987571716309,0.5542963743209839,0.22992226481437683,0.225678950548172,0.2193789780139923,0.2200247198343277
47,S6,BWHvy,local,local,0,local,local,0,0.5017577409744263,0.4712710976600647,-0.030486643314361572,0.0030185901559889317,0.06097331643104553,0.5017577409744263,0.4712710976600647,0.15153421461582184,0.1776837557554245,0.3467080295085907,0.351045161485672
47,S7,LatCrit,local,local,0,local,local,0,0.5750281810760498,0.5313800573348999,-0.0436481237411499,0.00432230718433857,0.08729630708694458,0.5750281810760498,0.5313800573348999,0.1476389616727829,0.17348624765872955,0.2773328423500061,0.2951337397098541
47,S7,ComHvy,local,local,0,local,local,0,0.49279987812042236,0.5036225318908691,0.010822653770446777,0.0002690040273591876,0.02164536714553833,0.49279987812042236,0.5036225318908691,0.28981369733810425,0.28075411915779114,0.21738645434379578,0.21562331914901733
47,S7,BWHvy,local,local,0,local,local,0,0.5591573715209961,0.5656375885009766,0.006480216979980469,0.008075941354036331,0.08937446773052216,0.5591573715209961,0.5656375885009766,0.2058653086423874,0.2440723329782486,0.2349773347377777,0.19029010832309723
47,S8,LatCrit,local,local,0,local,local,0,0.5084215402603149,0.5212064981460571,0.012784957885742188,0.000467188423499465,0.025569885969161987,0.5084215402603149,0.5212064981460571,0.25255221128463745,0.24027208983898163,0.23902627825737,0.23852147161960602
47,S8,ComHvy,local,local,0,local,local,0,0.5072418451309204,0.5275748372077942,0.02033299207687378,0.00151103176176548,0.04428696632385254,0.5072418451309204,0.5275748372077942,0.2565648853778839,0.2583754062652588,0.23619325459003448,0.2140498012304306
47,S8,BWHvy,local,local,0,local,local,0,0.480393648147583,0.46703100204467773,-0.013362646102905273,0.0004020882770419121,0.026725292205810547,0.480393648147583,0.46703100204467773,0.2841053307056427,0.28796496987342834,0.2355010062456131,0.24500401318073273
48,S1,LatCrit,local,local,0,local,local,0,0.46258294582366943,0.4523095488548279,-0.010273396968841553,0.0007949676364660263,0.03617596626281738,0.46258294582366943,0.4523095488548279,0.2814328074455261,0.2995208203792572,0.25598421692848206,0.2481696605682373
48,S1,ComHvy,local,local,0,local,local,0,0.4467129707336426,0.4568498134613037,0.010136842727661133,0.0004434306174516678,0.025420576333999634,0.4467129707336426,0.4568498134613037,0.29143667221069336,0.29401010274887085,0.26185035705566406,0.24914005398750305
48,S1,BWHvy,local,local,0,local,local,0,0.47141754627227783,0.48366641998291016,0.012248873710632324,0.00035968562588095665,0.02449774742126465,0.47141754627227783,0.48366641998291016,0.2466157227754593,0.23705078661441803,0.2819667458534241,0.279282808303833
48,S2,LatCrit,local,local,0,local,local,0,0.5325742363929749,0.5415669679641724,0.00899273157119751,0.0012433016672730446,0.03785039484500885,0.5325742363929749,0.5415669679641724,0.1931358128786087,0.17421063780784607,0.27428993582725525,0.28422242403030396
48,S2,ComHvy,local,local,0,local,local,0,0.4419652819633484,0.4151521325111389,-0.026813149452209473,0.0014783386141061783,0.053626224398612976,0.4419652819633484,0.4151521325111389,0.23287764191627502,0.24542804062366486,0.325157105922699,0.33941978216171265
48,S2,BWHvy,local,local,0,local,local,0,0.46651512384414673,0.4843215346336365,0.017806410789489746,0.0007659024558961391,0.0356128066778183,0.46651512384414673,0.4843215346336365,0.2212340533733368,0.20824427902698517,0.3122508227825165,0.30743420124053955
48,S3,LatCrit,local,local,0,local,local,0,0.47555166482925415,0.49149447679519653,0.015942811965942383,0.0016598021611571312,0.04562237858772278,0.47555166482925415,0.49149447679519653,0.2118474245071411,0.18903625011444092,0.31260091066360474,0.31946930289268494
48,S3,ComHvy,local,local,0,BS1,BS1,0,0.43733078241348267,0.43360692262649536,-0.0037238597869873047,6.187846884131432e-05,0.008945629000663757,0.43733078241348267,0.43360692262649536,0.34356582164764404,0.3428168296813965,0.21910342574119568,0.22357620298862457
48,S3,BWHvy,local,local,0,local,local,0,0.5617895722389221,0.5786349773406982,0.016845405101776123,0.0005969889461994171,0.033690765500068665,0.5617895722389221,0.5786349773406982,0.1863066554069519,0.18098722398281097,0.251903772354126,0.24037784337997437
48,S4,LatCrit,local,local,0,local,local,0,0.46453917026519775,0.4597076177597046,-0.004831552505493164,0.00012242281809449196,0.014426648616790771,0.46453917026519775,0.4597076177597046,0.2339058816432953,0.23152410984039307,0.30155494809150696,0.30876827239990234
48,S4,ComHvy,local,local,0,BS2,BS2,0,0.4793938994407654,0.48866480588912964,0.009270906448364258,0.00070920679718256,0.031081467866897583,0.4793938994407654,0.48866480588912964,0.22824230790138245,0.21270155906677246,0.2923637926578522,0.2986336052417755
48,S4,BWHvy,local,local,0,BS1,BS1,0,0.3911398649215698,0.4035593867301941,0.012419521808624268,0.00045510532800108194,0.027104049921035767,0.3911398649215698,0.4035593867301941,0.36300036311149597,0.3494483530521393,0.245859757065773,0.24699227511882782
48,S5,LatCrit,local,local,0,local,local,0,0.535171389579773,0.5209572315216064,-0.014214158058166504,0.0005609684158116579,0.028428316116333008,0.535171389579773,0.5209572315216064,0.16582909226417542,0.17687037587165833,0.298999547958374,0.3021724224090576
48,S5,ComHvy,local,local,0,local,local,0,0.4378383159637451,0.45117396116256714,0.013335645198822021,0.000807788223028183,0.035003483295440674,0.4378383159637451,0.45117396116256714,0.27642279863357544,0.2589210569858551,0.28573888540267944,0.28990498185157776
48,S5,BWHvy,local,local,0,local,local,0,0.4565770626068115,0.4675314426422119,0.01095438003540039,0.00026206206530332565,0.02190878987312317,0.4565770626068115,0.4675314426422119,0.27597787976264954,0.2727426588535309,0.26744505763053894,0.2597258687019348
48,S6,LatCrit,local,local,0,local,local,0,0.4589388966560364,0.4580903649330139,-0.0008485317230224609,3.7383055314421654e-05,0.007133781909942627,0.4589388966560364,0.4580903649330139,0.28813305497169495,0.29169994592666626,0.2529280483722687,0.2502096891403198
48,S6,ComHvy,local,local,0,local,local,0,0.5132508277893066,0.4965248703956604,-0.01672595739364624,0.0005598105490207672,0.03345191478729248,0.5132508277893066,0.4965248703956604,0.256893128156662,0.26545974612236023,0.22985604405403137,0.23801538348197937
48,S6,BWHvy,local,local,0,local,local,0,0.4913679361343384,0.4878033995628357,-0.0035645365715026855,0.0001327900681644678,0.01410357654094696,0.4913679361343384,0.4878033995628357,0.25536397099494934,0.2624157667160034,0.2532680928707123,0.24978084862232208
48,S7,LatCrit,local,local,0,local,local,0,0.44954925775527954,0.45401567220687866,0.004466414451599121,0.0002724574878811836,0.020820006728172302,0.44954925775527954,0.45401567220687866,0.23834015429019928,0.2442837357521057,0.3121106028556824,0.3017005920410156
48,S7,ComHvy,local,local,0,local,local,0,0.4443666934967041,0.4461336135864258,0.0017669200897216797,4.3351901695132256e-05,0.008156299591064453,0.4443666934967041,0.4461336135864258,0.27726784348487854,0.2731896638870239,0.27836549282073975,0.2806766927242279
48,S7,BWHvy,local,local,0,local,local,0,0.5663367509841919,0.5737044811248779,0.007367730140686035,0.00011856062337756157,0.01473553478717804,0.5663367509841919,0.5737044811248779,0.20301443338394165,0.2008311003446579,0.23064887523651123,0.22546440362930298
48,S8,LatCrit,local,local,0,local,BS1,1,0.5364429950714111,0.5343518853187561,-0.0020911097526550293,0.0006726877763867378,0.026597216725349426,0.5364429950714111,0.5343518853187561,0.20014448463916779,0.2134430706501007,0.26341256499290466,0.2522050440311432
48,S8,ComHvy,local,local,0,local,local,0,0.5135888457298279,0.528730034828186,0.015141189098358154,0.0005475862417370081,0.03028234839439392,0.5135888457298279,0.528730034828186,0.22615575790405273,0.21464776992797852,0.260255366563797,0.25662219524383545
48,S8,BWHvy,local,local,0,local,local,0,0.5161493420600891,0.5138529539108276,-0.0022963881492614746,0.0002426356077194214,0.01735854148864746,0.5161493420600891,0.5138529539108276,0.2429259568452835,0.25160524249076843,0.24092471599578857,0.2345418483018875
49,S1,LatCrit,local,local,0,local,local,0,0.5646896362304688,0.5718460083007812,0.0071563720703125,0.00023309513926506042,0.016446948051452637,0.5646896362304688,0.5718460083007812,0.24784207344055176,0.24890917539596558,0.18746823072433472,0.1792447566986084
49,S1,ComHvy,local,local,0,local,local,0,0.6024155616760254,0.6008382439613342,-0.0015773177146911621,0.0008099870756268501,0.026757851243019104,0.6024155616760254,0.6008382439613342,0.17799611389636993,0.1913750320672989,0.21958833932876587,0.20778672397136688
49,S1,BWHvy,local,local,0,BS1,BS1,0,0.4211605191230774,0.4174240827560425,-0.003736436367034912,0.00014948705211281776,0.014138296246528625,0.4211605191230774,0.4174240827560425,0.20751948654651642,0.21458864212036133,0.3713200092315674,0.3679873049259186
49,S2,LatCrit,local,local,0,local,local,0,0.5037705898284912,0.5068782567977905,0.0031076669692993164,0.0016985181719064713,0.04390929639339447,0.5037705898284912,0.5068782567977905,0.2275065928697586,0.24635355174541473,0.2687228322029114,0.24676816165447235
49,S2,ComHvy,local,local,0,local,local,0,0.47356730699539185,0.505286693572998,0.0317193865776062,0.002233566716313362,0.0634387731552124,0.47356730699539185,0.505286693572998,0.2702297568321228,0.2611016035079956,0.25620293617248535,0.23361170291900635
49,S2,BWHvy,local,local,0,BS2,BS2,0,0.45449644327163696,0.42825353145599365,-0.02624291181564331,0.0015695281326770782,0.05248582363128662,0.45449644327163696,0.42825353145599365,0.1884429007768631,0.19076378643512726,0.3570607006549835,0.38098272681236267
49,S3,LatCrit,local,local,0,local,local,0,0.5104788541793823,0.5103857517242432,-9.310245513916016e-05,0.0021367687731981277,0.04496090114116669,0.5104788541793823,0.5103857517242432,0.21194703876972198,0.1895597279071808,0.2775740623474121,0.30005455017089844
49,S3,ComHvy,local,local,0,local,local,0,0.5371752381324768,0.5196530818939209,-0.017522156238555908,0.000834926962852478,0.035044312477111816,0.5371752381324768,0.5196530818939209,0.17974326014518738,0.19378605484962463,0.2830815315246582,0.28656089305877686
49,S3,BWHvy,local,local,0,local,local,0,0.39176154136657715,0.3874126672744751,-0.004348874092102051,0.00010134605690836906,0.013154864311218262,0.39176154136657715,0.3874126672744751,0.3103145658969879,0.31689202785491943,0.29792389273643494,0.29569536447525024
49,S4,LatCrit,local,local,0,local,local,0,0.42348700761795044,0.4104346036911011,-0.013052403926849365,0.00038824579678475857,0.026104822754859924,0.42348700761795044,0.4104346036911011,0.3292731046676636,0.3400428593158722,0.2472398728132248,0.24952253699302673
49,S4,ComHvy,local,local,0,local,local,0,0.5113580226898193,0.505958080291748,-0.005399942398071289,0.0013312585651874542,0.041030317544937134,0.5113580226898193,0.505958080291748,0.2933301329612732,0.31384530663490295,0.19531184434890747,0.1801966428756714
49,S4,BWHvy,local,local,0,local,local,0,0.5469459295272827,0.5581902265548706,0.01124429702758789,0.002506069839000702,0.05627605319023132,0.5469459295272827,0.5581902265548706,0.24716037511825562,0.21902233362197876,0.20589369535446167,0.22278741002082825
49,S5,LatCrit,local,local,0,local,local,0,0.5849573612213135,0.6144644021987915,0.029507040977478027,0.001852693036198616,0.05901406705379486,0.5849573612213135,0.6144644021987915,0.21695497632026672,0.19916939735412598,0.19808761775493622,0.18636617064476013
49,S5,ComHvy,local,local,0,local,local,0,0.4709985852241516,0.44800031185150146,-0.022998273372650146,0.004134185612201691,0.0815114676952362,0.4709985852241516,0.44800031185150146,0.2746603786945343,0.25690293312072754,0.2543410360813141,0.2950967848300934
49,S5,BWHvy,local,local,0,BS1,BS1,0,0.3924320340156555,0.3959594964981079,0.0035274624824523926,0.0019764620810747147,0.049952760338783264,0.3924320340156555,0.3959594964981079,0.35866186022758484,0.3801107704639435,0.24890613555908203,0.2239297479391098
49,S6,LatCrit,local,local,0,local,local,0,0.5002220869064331,0.4985712766647339,-0.0016508102416992188,0.00037152599543333054,0.019824177026748657,0.5002220869064331,0.4985712766647339,0.18296368420124054,0.19287578761577606,0.3168141841888428,0.30855292081832886
49,S6,ComHvy,local,local,0,local,local,0,0.6041616201400757,0.6096233129501343,0.005461692810058594,0.0026876050978899,0.04910026490688324,0.6041616201400757,0.6096233129501343,0.17728780210018158,0.15273769199848175,0.21855054795742035,0.23763900995254517
49,S6,BWHvy,local,local,0,BS2,BS2,0,0.4361145496368408,0.42640137672424316,-0.009713172912597656,0.0030075497925281525,0.05912207067012787,0.4361145496368408,0.42640137672424316,0.163458913564682,0.19301994144916534,0.4004265367984772,0.3805786669254303
49,S7,LatCrit,local,local,0,local,local,0,0.5189337730407715,0.5137326717376709,-0.005201101303100586,0.00014891382306814194,0.016006559133529663,0.5189337730407715,0.5137326717376709,0.15797874331474304,0.1551765501499176,0.3230874538421631,0.3310907185077667
49,S7,ComHvy,local,local,0,local,local,0,0.5260614156723022,0.5449445247650146,0.018883109092712402,0.0015409858897328377,0.04755227267742157,0.5260614156723022,0.5449445247650146,0.2607448697090149,0.2369687706232071,0.21319366991519928,0.21808673441410065
49,S7,BWHvy,local,local,0,local,local,0,0.5311643481254578,0.5429028272628784,0.011738479137420654,0.00574912503361702,0.08194001019001007,0.5311643481254578,0.5429028272628784,0.2239459902048111,0.2531775236129761,0.24488966166973114,0.2039196640253067
49,S8,LatCrit,local,local,0,local,local,0,0.46435266733169556,0.4632696509361267,-0.0010830163955688477,0.0003455318510532379,0.02020128071308136,0.46435266733169556,0.4632696509361267,0.2862872779369354,0.2772696614265442,0.24936003983020782,0.2594606876373291
49,S8,ComHvy,local,local,0,local,local,0,0.5442200899124146,0.5459461212158203,0.0017260313034057617,0.0007342007011175156,0.026087552309036255,0.5442200899124146,0.5459461212158203,0.27979427576065063,0.2911120653152466,0.17598557472229004,0.1629418432712555
49,S8,BWHvy,local,local,0,BS2,BS2,0,0.46749091148376465,0.4579858183860779,-0.009505093097686768,0.00036790664307773113,0.025148510932922363,0.46749091148376465,0.4579858183860779,0.3096174895763397,0.3221917450428009,0.22289159893989563,0.21982243657112122
50,S1,LatCrit,local,local,0,local,local,0,0.4780735373497009,0.5060257315635681,0.027952194213867188,0.003267567604780197,0.06934088468551636,0.4780735373497009,0.5060257315635681,0.24720945954322815,0.25392770767211914,0.2747170031070709,0.24004656076431274
50,S1,ComHvy,local,local,0,local,local,0,0.5734303593635559,0.6116988658905029,0.03826850652694702,0.005379915703088045,0.08307161927223206,0.5734303593635559,0.6116988658905029,0.23703809082508087,0.19550229609012604,0.18953153491020203,0.19279885292053223
50,S1,BWHvy,local,local,0,local,local,0,0.5744758248329163,0.5804269909858704,0.0059511661529541016,7.717777043581009e-05,0.011902332305908203,0.5744758248329163,0.5804269909858704,0.1971352994441986,0.1953451931476593,0.22838887572288513,0.22422781586647034
50,S2,LatCrit,local,local,0,local,local,0,0.4739815592765808,0.47199976444244385,-0.001981794834136963,0.0007777493447065353,0.03038579225540161,0.4739815592765808,0.47199976444244385,0.281845360994339,0.26863425970077515,0.2441730797290802,0.259365975856781
50,S2,ComHvy,local,local,0,local,local,0,0.45943695306777954,0.48147881031036377,0.02204185724258423,0.0029943063855171204,0.061273783445358276,0.45943695306777954,0.48147881031036377,0.3217787742614746,0.3303737938404083,0.21878428757190704,0.1881473809480667
50,S2,BWHvy,local,local,0,local,local,0,0.44738876819610596,0.444915771484375,-0.002472996711730957,0.003176013007760048,0.061687976121902466,0.44738876819610596,0.444915771484375,0.2943553626537323,0.2659843862056732,0.25825586915016174,0.28909987211227417
50,S3,LatCrit,local,local,0,BS2,BS2,0,0.47209596633911133,0.4690472483634949,-0.003048717975616455,0.0017529428005218506,0.04465700685977936,0.47209596633911133,0.4690472483634949,0.20222419500350952,0.2245527058839798,0.32567983865737915,0.3064000606536865
50,S3,ComHvy,local,local,0,local,local,0,0.4884716868400574,0.5087671279907227,0.020295441150665283,0.0008672503754496574,0.040590882301330566,0.4884716868400574,0.5087671279907227,0.2137659788131714,0.20213434100151062,0.29776233434677124,0.2890985310077667
50,S3,BWHvy,local,local,0,local,local,0,0.5314310789108276,0.5465724468231201,0.01514136791229248,0.0004754341207444668,0.030282706022262573,0.5314310789108276,0.5465724468231201,0.17749594151973724,0.1700804978609085,0.2910729646682739,0.28334707021713257
50,S4,LatCrit,local,local,0,local,local,0,0.44783347845077515,0.46111899614334106,0.013285517692565918,0.00041700154542922974,0.026571065187454224,0.44783347845077515,0.46111899614334106,0.27149486541748047,0.26897701621055603,0.2806716561317444,0.2699039578437805
50,S4,ComHvy,local,local,0,local,local,0,0.4655025601387024,0.4818800687789917,0.016377508640289307,0.0022051893174648285,0.05934301018714905,0.4655025601387024,0.4818800687789917,0.3028104901313782,0.27313897013664246,0.23168696463108063,0.24498094618320465
50,S4,BWHvy,local,local,0,local,local,0,0.5877948999404907,0.6116659045219421,0.023871004581451416,0.0012210160493850708,0.04774199426174164,0.5877948999404907,0.6116659045219421,0.17054279148578644,0.15836253762245178,0.24166229367256165,0.22997155785560608
50,S5,LatCrit,local,local,0,local,local,0,0.5865570902824402,0.5864025354385376,-0.0001545548439025879,6.28945417702198e-05,0.007333695888519287,0.5865570902824402,0.5864025354385376,0.22794191539287567,0.23160874843597412,0.18550099432468414,0.1819886863231659
50,S5,ComHvy,local,local,0,local,local,0,0.5109733939170837,0.5165964365005493,0.005623042583465576,6.64987601339817e-05,0.011246070265769958,0.5109733939170837,0.5165964365005493,0.21783655881881714,0.21620120108127594,0.2711900472640991,0.26720237731933594
50,S5,BWHvy,local,local,0,local,local,0,0.48577576875686646,0.48467302322387695,-0.001102745532989502,2.5974877644330263e-06,0.00220547616481781,0.48577576875686646,0.48467302322387695,0.21339145302772522,0.21406511962413788,0.3008327782154083,0.301261842250824
50,S6,LatCrit,local,local,0,local,local,0,0.5198411345481873,0.47737252712249756,-0.0424686074256897,0.004023371264338493,0.08493722975254059,0.5198411345481873,0.47737252712249756,0.2758449614048004,0.289475679397583,0.20431390404701233,0.23315180838108063
50,S6,ComHvy,local,local,0,local,local,0,0.4483213424682617,0.4267338514328003,-0.021587491035461426,0.0025242138653993607,0.05677071213722229,0.4483213424682617,0.4267338514328003,0.36080896854400635,0.3540111184120178,0.19086965918540955,0.21925503015518188
50,S6,BWHvy,local,local,0,local,local,0,0.468087375164032,0.48745888471603394,0.019371509552001953,0.0008165929466485977,0.03874300420284271,0.468087375164032,0.48745888471603394,0.21798214316368103,0.21399085223674774,0.313930481672287,0.2985502779483795
50,S7,LatCrit,local,local,0,local,local,0,0.5247381925582886,0.5387629866600037,0.014024794101715088,0.0011208639480173588,0.03892722725868225,0.5247381925582886,0.5387629866600037,0.22892089188098907,0.20945729315280914,0.24634087085723877,0.251779705286026
50,S7,ComHvy,local,local,0,local,local,0,0.4900782108306885,0.5255488157272339,0.03547060489654541,0.003045259043574333,0.07094120979309082,0.4900782108306885,0.5255488157272339,0.2659651041030884,0.2582128942012787,0.24395667016506195,0.21623827517032623
50,S7,BWHvy,local,local,0,local,local,0,0.5823389291763306,0.6357564330101013,0.05341750383377075,0.006048170849680901,0.1068350225687027,0.5823389291763306,0.6357564330101013,0.24446240067481995,0.21312794089317322,0.17319868505001068,0.15111562609672546
50,S8,LatCrit,local,local,0,local,local,0,0.4604957103729248,0.4535655975341797,-0.006930112838745117,0.00011865189298987389,0.01386021077632904,0.4604957103729248,0.4535655975341797,0.30502262711524963,0.3065020740032196,0.23448164761066437,0.23993229866027832
50,S8,ComHvy,local,local,0,local,local,0,0.5077947974205017,0.5228094458580017,0.0150146484375,0.0008403249084949493,0.033140912652015686,0.5077947974205017,0.5228094458580017,0.2589242160320282,0.26048001646995544,0.2332809716463089,0.21671050786972046
50,S8,BWHvy,local,local,0,local,local,0,0.6257319450378418,0.6334453821182251,0.007713437080383301,0.00024963077157735825,0.01677517592906952,0.6257319450378418,0.6334453821182251,0.19388613104820251,0.19456025958061218,0.18038195371627808,0.17199434340000153
51,S1,LatCrit,local,local,0,local,local,0,0.4668142795562744,0.481902539730072,0.015088260173797607,0.0005327574908733368,0.030176490545272827,0.4668142795562744,0.481902539730072,0.25354766845703125,0.24199256300926208,0.27963802218437195,0.2761048972606659
51,S1,ComHvy,local,local,0,local,local,0,0.5945122241973877,0.6321492195129395,0.03763699531555176,0.0030332226306200027,0.07527397572994232,0.5945122241973877,0.6321492195129395,0.2283780425786972,0.20507487654685974,0.1771097332239151,0.162775918841362
51,S1,BWHvy,local,local,0,local,local,0,0.5454795360565186,0.5382484197616577,-0.00723111629486084,0.00011355942115187645,0.014462247490882874,0.5454795360565186,0.5382484197616577,0.18648681044578552,0.18807895481586456,0.2680336534976959,0.2736726403236389
51,S2,LatCrit,local,local,0,local,local,0,0.4546140432357788,0.45040857791900635,-0.004205465316772461,0.0002878475934267044,0.021337389945983887,0.4546140432357788,0.45040857791900635,0.22430607676506042,0.21784287691116333,0.3210798501968384,0.3317485749721527
51,S2,ComHvy,local,local,0,local,local,0,0.4859786629676819,0.4981089234352112,0.012130260467529297,0.0009596813470125198,0.03697730600833893,0.4859786629676819,0.4981089234352112,0.26968705654144287,0.27604544162750244,0.24433429539203644,0.22584563493728638
51,S2,BWHvy,local,local,0,local,local,0,0.5115260481834412,0.5100812911987305,-0.0014447569847106934,0.0013244040310382843,0.037359148263931274,0.5115260481834412,0.5100812911987305,0.2558193802833557,0.27449890971183777,0.2326546013355255,0.215419739484787
51,S3,LatCrit,local,local,0,local,local,0,0.4927378296852112,0.4733489751815796,-0.019388854503631592,0.0008737221360206604,0.038777679204940796,0.4927378296852112,0.4733489751815796,0.15340983867645264,0.15403372049331665,0.3538523316383362,0.37261727452278137
51,S3,ComHvy,BS2,BS2,0,BS2,BS2,0,0.381028413772583,0.38478952646255493,0.003761112689971924,0.0003191651776432991,0.023014649748802185,0.377103328704834,0.3655959963798523,0.2418682724237442,0.24961447715759277,0.381028413772583,0.38478952646255493
51,S3,BWHvy,local,local,0,local,local,0,0.4869241714477539,0.49444258213043213,0.007518410682678223,0.0002537504769861698,0.01828637719154358,0.4869241714477539,0.49444258213043213,0.22413308918476105,0.21498988568782806,0.28894275426864624,0.2905675172805786
51,S4,LatCrit,local,local,0,local,local,0,0.5649862885475159,0.5771869421005249,0.012200653553009033,0.0006228499114513397,0.03127828240394592,0.5649862885475159,0.5771869421005249,0.15617935359477997,0.1596178561449051,0.27883437275886536,0.2631952464580536
51,S4,ComHvy,local,local,0,local,local,0,0.40256810188293457,0.4062179923057556,0.003649890422821045,0.0013408306986093521,0.04333767294883728,0.40256810188293457,0.4062179923057556,0.3339008688926697,0.31223201751708984,0.26353102922439575,0.28154996037483215
51,S4,BWHvy,local,local,0,local,local,0,0.5172405242919922,0.5514988303184509,0.03425830602645874,0.0033232076093554497,0.06851661205291748,0.5172405242919922,0.5514988303184509,0.18321432173252106,0.15664251148700714,0.29954516887664795,0.2918586730957031
51,S5,LatCrit,local,local,0,local,local,0,0.6354111433029175,0.6152397394180298,-0.020171403884887695,0.0008665183559060097,0.04034283757209778,0.6354111433029175,0.6152397394180298,0.20961110293865204,0.2207232266664505,0.1549777388572693,0.1640370488166809
51,S5,ComHvy,local,local,0,local,local,0,0.5100848078727722,0.5097701549530029,-0.0003146529197692871,0.0015420503914356232,0.03800809383392334,0.5100848078727722,0.5097701549530029,0.1957888901233673,0.17709946632385254,0.29412633180618286,0.31313034892082214
51,S5,BWHvy,local,local,0,local,local,0,0.5120264291763306,0.5264328122138977,0.014406383037567139,0.0010694782249629498,0.03735379874706268,0.5120264291763306,0.5264328122138977,0.22099871933460236,0.20232179760932922,0.26697489619255066,0.27124539017677307
51,S6,LatCrit,local,local,0,local,local,0,0.5237178802490234,0.5117000341415405,-0.01201784610748291,0.0012074550613760948,0.04120832681655884,0.5237178802490234,0.5117000341415405,0.216513991355896,0.23711815476417542,0.25976812839508057,0.25118181109428406
51,S6,ComHvy,local,local,0,BS2,BS2,0,0.46224868297576904,0.4396328330039978,-0.02261584997177124,0.0010415036231279373,0.045231759548187256,0.46224868297576904,0.4396328330039978,0.27364784479141235,0.28373265266418457,0.2641034424304962,0.27663454413414
51,S6,BWHvy,local,local,0,local,BS1,1,0.4853821396827698,0.47593557834625244,-0.009446561336517334,0.0009856866672635078,0.037652045488357544,0.4853821396827698,0.47593557834625244,0.22851082682609558,0.24733686447143555,0.28610700368881226,0.276727557182312
51,S7,LatCrit,local,local,0,local,local,0,0.5016801357269287,0.49136674404144287,-0.01031339168548584,0.00022070854902267456,0.02062678337097168,0.5016801357269287,0.49136674404144287,0.21742406487464905,0.22049859166145325,0.28089582920074463,0.28813469409942627
51,S7,ComHvy,local,local,0,local,local,0,0.5564329624176025,0.5774325728416443,0.020999610424041748,0.0010125027038156986,0.04199916124343872,0.5564329624176025,0.5774325728416443,0.23876702785491943,0.22270989418029785,0.20479995012283325,0.19985753297805786
51,S7,BWHvy,local,local,0,BS1,BS1,0,0.505831241607666,0.5266686081886292,0.020837366580963135,0.0010787136852741241,0.04167477786540985,0.505831241607666,0.5266686081886292,0.2556191384792328,0.2517107427120209,0.23854964971542358,0.22162063419818878
51,S8,LatCrit,local,local,0,local,local,0,0.4917830228805542,0.47908705472946167,-0.01269596815109253,0.0005797510966658592,0.0293271541595459,0.4917830228805542,0.47908705472946167,0.2526213228702545,0.2506536841392517,0.25559568405151367,0.27025923132896423
51,S8,ComHvy,local,local,0,local,local,0,0.5107134580612183,0.541321873664856,0.030608415603637695,0.002212017774581909,0.0612168163061142,0.5107134580612183,0.541321873664856,0.2877104878425598,0.2779719829559326,0.20157600939273834,0.18070611357688904
51,S8,BWHvy,local,local,0,local,local,0,0.4858860373497009,0.47492659091949463,-0.010959446430206299,0.0017409874126315117,0.05163860321044922,0.4858860373497009,0.47492659091949463,0.27938854694366455,0.30520784854888916,0.23472541570663452,0.2198655605316162
52,S1,LatCrit,local,local,0,BS1,BS1,0,0.49877721071243286,0.5188320875167847,0.020054876804351807,0.0014478415250778198,0.04550977051258087,0.49877721071243286,0.5188320875167847,0.23696786165237427,0.2396678477525711,0.26425495743751526,0.24150004982948303
52,S1,ComHvy,local,local,0,local,local,0,0.5842093229293823,0.5772171020507812,-0.006992220878601074,0.00015232572332024574,0.013984501361846924,0.5842093229293823,0.5772171020507812,0.21639278531074524,0.21668849885463715,0.19939783215522766,0.2060943990945816
52,S1,BWHvy,local,local,0,local,local,0,0.5366809368133545,0.5280638933181763,-0.008617043495178223,0.00025374232791364193,0.018555626273155212,0.5366809368133545,0.5280638933181763,0.2291201651096344,0.2383979856967926,0.23419888317584991,0.23353812098503113
52,S2,LatCrit,local,local,0,local,local,0,0.5557956099510193,0.5471389293670654,-0.008656680583953857,0.00015443330630660057,0.01731334626674652,0.5557956099510193,0.5471389293670654,0.23898173868656158,0.24280968308448792,0.20522265136241913,0.21005137264728546
52,S2,ComHvy,local,local,0,local,local,0,0.4608607888221741,0.4756278395652771,0.014767050743103027,0.0004681618884205818,0.02953408658504486,0.4608607888221741,0.4756278395652771,0.2915903925895691,0.2808222770690918,0.24754881858825684,0.2435498982667923
52,S2,BWHvy,local,local,0,local,local,0,0.5603666305541992,0.5568091869354248,-0.003557443618774414,0.00017870822921395302,0.015091389417648315,0.5603666305541992,0.5568091869354248,0.21018962562084198,0.21773532032966614,0.2294437736272812,0.22545552253723145
52,S3,LatCrit,local,local,0,BS1,BS1,0,0.5347935557365417,0.5367929935455322,0.0019994378089904785,0.00046181678771972656,0.022449105978012085,0.5347935557365417,0.5367929935455322,0.23253916203975677,0.24176426231861115,0.23266728222370148,0.22144271433353424
52,S3,ComHvy,local,local,0,BS2,BS2,0,0.4537811279296875,0.44094765186309814,-0.012833476066589355,0.0005387197015807033,0.028115183115005493,0.4537811279296875,0.44094765186309814,0.2722089886665344,0.286266565322876,0.2740098834037781,0.2727857530117035
52,S3,BWHvy,local,local,0,local,local,0,0.5577112436294556,0.5820292830467224,0.024318039417266846,0.003436032682657242,0.0638154149055481,0.5577112436294556,0.5820292830467224,0.20319607853889465,0.1712883859872818,0.23909267783164978,0.24668236076831818
52,S4,LatCrit,local,local,0,local,local,0,0.5142393708229065,0.5136628150939941,-0.0005765557289123535,0.00017453357577323914,0.013532742857933044,0.5142393708229065,0.5136628150939941,0.2138971984386444,0.20770736038684845,0.2718634307384491,0.27862977981567383
52,S4,ComHvy,local,local,0,local,local,0,0.47598761320114136,0.4726727604866028,-0.0033148527145385742,0.0010760370641946793,0.03673270344734192,0.47598761320114136,0.4726727604866028,0.23310548067092896,0.21805396676063538,0.2909069061279297,0.30927324295043945
52,S4,BWHvy,local,local,0,local,local,0,0.4203798770904541,0.4256460666656494,0.0052661895751953125,0.0005611507222056389,0.02878597378730774,0.4203798770904541,0.4256460666656494,0.27123138308525085,0.2568383812904358,0.30838876962661743,0.3175155520439148
52,S5,LatCrit,local,local,0,local,local,0,0.5695769786834717,0.5583855509757996,-0.01119142770767212,0.0005011558532714844,0.02610991895198822,0.5695769786834717,0.5583855509757996,0.21574872732162476,0.21388517320156097,0.21467433869838715,0.22772927582263947
52,S5,ComHvy,local,local,0,local,local,0,0.5595222115516663,0.5736496448516846,0.01412743330001831,0.0005718651227653027,0.02825489640235901,0.5595222115516663,0.5736496448516846,0.18540087342262268,0.17371293902397156,0.25507691502571106,0.2526373863220215
52,S5,BWHvy,local,local,0,local,local,0,0.4945557713508606,0.5102183818817139,0.01566261053085327,0.0005085417069494724,0.031325191259384155,0.4945557713508606,0.5102183818817139,0.24322983622550964,0.23363596200942993,0.26221442222595215,0.256145715713501
52,S6,LatCrit,local,local,0,BS1,BS1,0,0.5041333436965942,0.5154008865356445,0.011267542839050293,0.0002811695449054241,0.022535160183906555,0.5041333436965942,0.5154008865356445,0.22892293334007263,0.22120000422000885,0.2669437527656555,0.26339906454086304
52,S6,ComHvy,local,local,0,BS2,BS2,0,0.4645150899887085,0.4494907855987549,-0.015024304389953613,0.0011811400763690472,0.04439905285835266,0.4645150899887085,0.4494907855987549,0.28247761726379395,0.30467715859413147,0.25300726294517517,0.24583205580711365
52,S6,BWHvy,local,local,0,BS1,BS1,0,0.5271799564361572,0.5175706148147583,-0.009609341621398926,0.00085490383207798,0.031539782881736755,0.5271799564361572,0.5175706148147583,0.16631057858467102,0.1820804923772812,0.30650943517684937,0.3003489077091217
52,S7,LatCrit,local,local,0,local,local,0,0.5628544092178345,0.5813471078872681,0.018492698669433594,0.0011279992759227753,0.03868812322616577,0.5628544092178345,0.5813471078872681,0.1984393149614334,0.1992906928062439,0.23870623111724854,0.21936218440532684
52,S7,ComHvy,local,local,0,local,local,0,0.47553563117980957,0.4682784080505371,-0.007257223129272461,0.00014072982594370842,0.014514461159706116,0.47553563117980957,0.4682784080505371,0.27921944856643677,0.28001368045806885,0.24524490535259247,0.25170791149139404
52,S7,BWHvy,local,local,0,local,local,0,0.5128623843193054,0.5293936729431152,0.016531288623809814,0.0006312290206551552,0.033062636852264404,0.5128623843193054,0.5293936729431152,0.21387946605682373,0.20230704545974731,0.27325814962387085,0.2682992219924927
52,S8,LatCrit,local,local,0,BS1,BS1,0,0.4919164180755615,0.47235435247421265,-0.019562065601348877,0.0008058780804276466,0.03912411630153656,0.4919164180755615,0.47235435247421265,0.2785501778125763,0.2860133647918701,0.22953340411186218,0.24163226783275604
52,S8,ComHvy,local,local,0,local,local,0,0.539120078086853,0.516768217086792,-0.022351861000061035,0.001299515599384904,0.044703707098960876,0.539120078086853,0.516768217086792,0.26549413800239563,0.28692126274108887,0.19538581371307373,0.19631053507328033
52,S8,BWHvy,local,local,0,BS2,BS2,0,0.5481735467910767,0.5476205945014954,-0.0005529522895812988,1.8703751266002655e-05,0.00463084876537323,0.5481735467910767,0.5476205945014954,0.20706968009471893,0.20530720055103302,0.2447567880153656,0.24707220494747162
53,S1,LatCrit,local,local,0,BS1,BS1,0,0.46374762058258057,0.45187920331954956,-0.011868417263031006,0.001363096758723259,0.04670959711074829,0.46374762058258057,0.45187920331954956,0.27080661058425903,0.2941614091396332,0.2654457688331604,0.25395938754081726
53,S1,ComHvy,local,local,0,local,local,0,0.5756874680519104,0.5691471695899963,-0.0065402984619140625,0.00010823458433151245,0.013080596923828125,0.5756874680519104,0.5691471695899963,0.20373322069644928,0.20473960041999817,0.22057931125164032,0.2261132299900055
53,S1,BWHvy,local,local,0,local,local,0,0.5442943572998047,0.5533879995346069,0.009093642234802246,0.0008411230519413948,0.03130289912223816,0.5442943572998047,0.5533879995346069,0.18889844417572021,0.17324694991111755,0.2668072581291199,0.2733650207519531
53,S2,LatCrit,local,local,0,local,BS2,1,0.5254701375961304,0.5143938064575195,-0.01107633113861084,0.001258987933397293,0.04307211935520172,0.5254701375961304,0.5143938064575195,0.2296706587076187,0.2192109376192093,0.24485920369625092,0.2663952708244324
53,S2,ComHvy,local,local,0,local,local,0,0.45432013273239136,0.4341171979904175,-0.020202934741973877,0.0019349167123436928,0.05336947739124298,0.45432013273239136,0.4341171979904175,0.23611165583133698,0.26279640197753906,0.3095681965351105,0.30308640003204346
53,S2,BWHvy,local,local,0,local,local,0,0.4108182191848755,0.40664422512054443,-0.004173994064331055,4.216865636408329e-05,0.008348003029823303,0.4108182191848755,0.40664422512054443,0.22545982897281647,0.2257455289363861,0.36372190713882446,0.36761021614074707
53,S3,LatCrit,local,local,0,local,local,0,0.5892953872680664,0.6051467061042786,0.015851318836212158,0.0008829105645418167,0.033290550112724304,0.5892953872680664,0.6051467061042786,0.19333508610725403,0.19412901997566223,0.21736955642700195,0.200724259018898
53,S3,ComHvy,local,local,0,local,local,0,0.4810951352119446,0.4912557601928711,0.010160624980926514,0.0002248566597700119,0.02032122015953064,0.4810951352119446,0.4912557601928711,0.257514625787735,0.2546074092388153,0.26139020919799805,0.2541368305683136
53,S3,BWHvy,local,local,0,local,local,0,0.5717144012451172,0.5709500312805176,-0.0007643699645996094,0.0008941628038883209,0.028284475207328796,0.5717144012451172,0.5709500312805176,0.19440187513828278,0.18102401494979858,0.23388370871543884,0.24802595376968384
53,S4,LatCrit,local,local,0,local,local,0,0.4606809616088867,0.46592026948928833,0.005239307880401611,0.001482662744820118,0.04208323359489441,0.4606809616088867,0.46592026948928833,0.2202044427394867,0.19916284084320068,0.3191145956516266,0.3349169194698334
53,S4,ComHvy,local,local,0,local,local,0,0.5145635008811951,0.5212277173995972,0.0066642165184021,0.00016004149802029133,0.01580733060836792,0.5145635008811951,0.5212277173995972,0.28031378984451294,0.27241015434265137,0.2051226943731308,0.20636217296123505
53,S4,BWHvy,local,local,0,local,local,0,0.4526451826095581,0.4455832242965698,-0.007061958312988281,0.00017771311104297638,0.01614069938659668,0.4526451826095581,0.4455832242965698,0.2818077802658081,0.28079938888549805,0.2655470371246338,0.27361738681793213
53,S5,LatCrit,local,local,0,local,local,0,0.6209644079208374,0.6355403661727905,0.014575958251953125,0.0004897834733128548,0.029151901602745056,0.6209644079208374,0.6355403661727905,0.16354015469551086,0.15966074168682098,0.21549542248249054,0.2047988921403885
53,S5,ComHvy,local,local,0,local,local,0,0.518002986907959,0.5177321434020996,-0.000270843505859375,0.00012581469491124153,0.011272519826889038,0.518002986907959,0.5177321434020996,0.25021201372146606,0.24484661221504211,0.23178496956825256,0.23742124438285828
53,S5,BWHvy,local,local,0,local,local,0,0.4100848436355591,0.4016910791397095,-0.00839376449584961,0.000826563686132431,0.03751707077026367,0.4100848436355591,0.4016910791397095,0.276774138212204,0.26640936732292175,0.31314101815223694,0.3318995535373688
53,S6,LatCrit,local,local,0,local,local,0,0.5585854053497314,0.5520534515380859,-0.006531953811645508,0.00031406618654727936,0.020906925201416016,0.5585854053497314,0.5520534515380859,0.22101826965808868,0.217096745967865,0.22039636969566345,0.23084981739521027
53,S6,ComHvy,local,local,0,BS2,BS2,0,0.43516749143600464,0.42590075731277466,-0.00926673412322998,0.00017693988047540188,0.018533438444137573,0.43516749143600464,0.42590075731277466,0.2946142554283142,0.3001362979412079,0.27021828293800354,0.27396294474601746
53,S6,BWHvy,local,local,0,local,local,0,0.4869615435600281,0.49631428718566895,0.00935274362564087,0.0006265658885240555,0.03257499635219574,0.4869615435600281,0.49631428718566895,0.17191897332668304,0.17885372042655945,0.3411194682121277,0.3248319625854492
53,S7,LatCrit,local,local,0,local,local,0,0.565287172794342,0.5818352699279785,0.016548097133636475,0.0008091976633295417,0.03309623897075653,0.565287172794342,0.5818352699279785,0.20119306445121765,0.18649986386299133,0.2335197627544403,0.23166482150554657
53,S7,ComHvy,local,local,0,local,local,0,0.4470576047897339,0.44630420207977295,-0.0007534027099609375,0.0003391411155462265,0.020101457834243774,0.4470576047897339,0.44630420207977295,0.27213388681411743,0.2821846306324005,0.2808085083961487,0.2715111970901489
53,S7,BWHvy,local,local,0,local,local,0,0.5308839082717896,0.5501828789710999,0.019298970699310303,0.001053856685757637,0.03859792649745941,0.5308839082717896,0.5501828789710999,0.22885052859783173,0.22752122581005096,0.24026554822921753,0.22229589521884918
53,S8,LatCrit,local,local,0,local,local,0,0.5237590074539185,0.5211978554725647,-0.0025611519813537598,0.0001816735602915287,0.01548662781715393,0.5237590074539185,0.5211978554725647,0.20825055241584778,0.20306837558746338,0.26799044013023376,0.27573373913764954
53,S8,ComHvy,local,local,0,local,local,0,0.5413928627967834,0.5421710014343262,0.0007781386375427246,9.841006249189377e-05,0.010200589895248413,0.5413928627967834,0.5421710014343262,0.22920475900173187,0.23352688550949097,0.22940240800380707,0.22430208325386047
53,S8,BWHvy,local,local,0,local,local,0,0.5685831308364868,0.5656882524490356,-0.002894878387451172,1.7055892385542393e-05,0.005789771676063538,0.5685831308364868,0.5656882524490356,0.21822912991046906,0.21972867846488953,0.21318773925304413,0.21458308398723602
54,S1,LatCrit,local,local,0,BS1,local,1,0.5250204801559448,0.5299955606460571,0.004975080490112305,0.0003847084008157253,0.021801963448524475,0.5250204801559448,0.5299955606460571,0.2076728641986847,0.19677187502384186,0.26730668544769287,0.2732325792312622
54,S1,ComHvy,local,local,0,local,local,0,0.500219464302063,0.5250602960586548,0.024840831756591797,0.0012466656044125557,0.049681708216667175,0.500219464302063,0.5250602960586548,0.2182539403438568,0.20584739744663239,0.2815266251564026,0.26909229159355164
54,S1,BWHvy,local,local,0,BS1,BS1,0,0.5642023086547852,0.5623536109924316,-0.0018486976623535156,0.0001843334175646305,0.014405563473701477,0.5642023086547852,0.5623536109924316,0.1744668036699295,0.16911274194717407,0.26133087277412415,0.2685336768627167
54,S2,LatCrit,local,local,0,local,local,0,0.46953439712524414,0.47447633743286133,0.0049419403076171875,0.00043957680463790894,0.0250704288482666,0.46953439712524414,0.47447633743286133,0.26372477412223816,0.25118955969810486,0.2667408287525177,0.2743341028690338
54,S2,ComHvy,local,local,0,local,local,0,0.5437503457069397,0.5466526746749878,0.0029023289680480957,0.00015583960339426994,0.013777494430541992,0.5437503457069397,0.5466526746749878,0.24778611958026886,0.25177252292633057,0.20846353471279144,0.20157477259635925
54,S2,BWHvy,local,local,0,local,local,0,0.46081864833831787,0.45699626207351685,-0.0038223862648010254,2.96557554975152e-05,0.007644817233085632,0.46081864833831787,0.45699626207351685,0.3064125180244446,0.308844655752182,0.23276880383491516,0.23415909707546234
54,S3,LatCrit,local,local,0,local,local,0,0.4963908791542053,0.4783838987350464,-0.018006980419158936,0.0006492417305707932,0.03601394593715668,0.4963908791542053,0.4783838987350464,0.21846744418144226,0.22629763185977936,0.2851417064666748,0.29531848430633545
54,S3,ComHvy,local,local,0,local,local,0,0.45323580503463745,0.4428846836090088,-0.010351121425628662,0.00024417415261268616,0.02070218324661255,0.45323580503463745,0.4428846836090088,0.23712532222270966,0.23885668814182281,0.3096389174461365,0.3182586133480072
54,S3,BWHvy,local,local,0,local,local,0,0.4334946870803833,0.4181777238845825,-0.015316963195800781,0.000491095706820488,0.030633896589279175,0.4334946870803833,0.4181777238845825,0.27844321727752686,0.2877410054206848,0.28806209564208984,0.2940812408924103
54,S4,LatCrit,local,local,0,local,local,0,0.526570200920105,0.5495297312736511,0.022959530353546143,0.001099451445043087,0.04591904580593109,0.526570200920105,0.5495297312736511,0.22540058195590973,0.2116357386112213,0.2480292022228241,0.23883453011512756
54,S4,ComHvy,local,local,0,BS1,BS1,0,0.5139240026473999,0.5047208666801453,-0.009203135967254639,0.0003981413319706917,0.024793997406959534,0.5139240026473999,0.5047208666801453,0.23161515593528748,0.22842128574848175,0.2544608414173126,0.2668578326702118
54,S4,BWHvy,local,local,0,local,local,0,0.5101741552352905,0.4966011643409729,-0.013572990894317627,0.00038297194987535477,0.027145981788635254,0.5101741552352905,0.4966011643409729,0.19197289645671844,0.19540299475193024,0.2978529632091522,0.30799585580825806
54,S5,LatCrit,local,local,0,local,local,0,0.6337997913360596,0.6513398885726929,0.0175400972366333,0.00069426279515028,0.035080209374427795,0.6337997913360596,0.6513398885726929,0.21529798209667206,0.20686179399490356,0.15090221166610718,0.14179828763008118
54,S5,ComHvy,local,local,0,local,local,0,0.5166202783584595,0.49416786432266235,-0.02245241403579712,0.001012306660413742,0.04490487277507782,0.5166202783584595,0.49416786432266235,0.23513658344745636,0.24502861499786377,0.24824309349060059,0.2608035206794739
54,S5,BWHvy,local,local,0,local,local,0,0.47996944189071655,0.4910475015640259,0.011078059673309326,0.0008138706907629967,0.034810155630111694,0.47996944189071655,0.4910475015640259,0.2589736878871918,0.24156859517097473,0.2610568702220917,0.267383873462677
54,S6,LatCrit,local,local,0,local,local,0,0.4983214735984802,0.4858154058456421,-0.012506067752838135,0.0003339718095958233,0.025012120604515076,0.4983214735984802,0.4858154058456421,0.30932095646858215,0.3147391974925995,0.19235758483409882,0.19944539666175842
54,S6,ComHvy,local,local,0,local,local,0,0.4608535170555115,0.47369033098220825,0.012836813926696777,0.0005327238468453288,0.02581728994846344,0.4608535170555115,0.47369033098220825,0.24193185567855835,0.22902320325374603,0.29721465706825256,0.2972864806652069
54,S6,BWHvy,local,local,0,local,local,0,0.4725343585014343,0.5006941556930542,0.028159797191619873,0.0015915744006633759,0.056319624185562134,0.4725343585014343,0.5006941556930542,0.25872886180877686,0.24384775757789612,0.2687368094921112,0.2554580867290497
54,S7,LatCrit,local,local,0,local,local,0,0.5936535596847534,0.5925173163414001,-0.0011362433433532715,0.0010648686438798904,0.030556321144104004,0.5936535596847534,0.5925173163414001,0.20107220113277435,0.18693028390407562,0.20527423918247223,0.22055239975452423
54,S7,ComHvy,local,local,0,local,local,0,0.49720674753189087,0.5266586542129517,0.02945190668106079,0.002576775848865509,0.05983977019786835,0.49720674753189087,0.5266586542129517,0.22498168051242828,0.22544968128204346,0.27781155705451965,0.24789169430732727
54,S7,BWHvy,local,local,0,local,local,0,0.46025675535202026,0.4669768214225769,0.006720066070556641,9.177089668810368e-05,0.013440132141113281,0.46025675535202026,0.4669768214225769,0.2536514699459076,0.2499799132347107,0.28609180450439453,0.2830432951450348
54,S8,LatCrit,local,local,0,local,local,0,0.5153954029083252,0.5283113121986389,0.01291590929031372,0.0010323808528482914,0.036524370312690735,0.5153954029083252,0.5283113121986389,0.215449720621109,0.19718749821186066,0.26915493607521057,0.27450117468833923
54,S8,ComHvy,local,local,0,local,local,0,0.5571681261062622,0.5499721765518188,-0.007195949554443359,0.00011472683399915695,0.014391899108886719,0.5571681261062622,0.5499721765518188,0.24941004812717438,0.25496116280555725,0.19342179596424103,0.1950666308403015
54,S8,BWHvy,local,local,0,local,local,0,0.5155056715011597,0.5001837611198425,-0.015321910381317139,0.0006003379821777344,0.030643850564956665,0.5155056715011597,0.5001837611198425,0.2531347870826721,0.2669360637664795,0.23135952651500702,0.23288019001483917
55,S1,LatCrit,local,local,0,local,local,0,0.5364736318588257,0.5181907415390015,-0.01828289031982422,0.00225231796503067,0.05990278720855713,0.5364736318588257,0.5181907415390015,0.19894574582576752,0.18727724254131317,0.264580637216568,0.29453203082084656
55,S1,ComHvy,local,local,0,local,local,0,0.4651506543159485,0.4467897415161133,-0.018360912799835205,0.0014983396977186203,0.050167202949523926,0.4651506543159485,0.4467897415161133,0.24686825275421143,0.24014556407928467,0.2879810929298401,0.31306469440460205
55,S1,BWHvy,local,local,0,local,local,0,0.49114638566970825,0.48421090841293335,-0.006935477256774902,0.0009880587458610535,0.03708381950855255,0.49114638566970825,0.48421090841293335,0.26841968297958374,0.25681325793266296,0.24043391644954681,0.2589758336544037
55,S2,LatCrit,local,local,0,local,local,0,0.46074825525283813,0.4370081424713135,-0.023740112781524658,0.0019251704216003418,0.05443543195724487,0.46074825525283813,0.4370081424713135,0.26530003547668457,0.2618224322795868,0.2739517092704773,0.30116942524909973
55,S2,ComHvy,local,local,0,local,local,0,0.4984782338142395,0.4982683062553406,-0.00020992755889892578,0.00011120131239295006,0.010766938328742981,0.4984782338142395,0.4982683062553406,0.25929850339889526,0.26468199491500854,0.24222323298454285,0.23704971373081207
55,S2,BWHvy,local,local,0,local,local,0,0.5158178806304932,0.5166469812393188,0.0008291006088256836,0.0026499610394239426,0.05133552849292755,0.5158178806304932,0.5166469812393188,0.23644252121448517,0.26128116250038147,0.24773961305618286,0.2220718264579773
55,S3,LatCrit,local,local,0,local,BS1,1,0.4990222454071045,0.4706519842147827,-0.028370261192321777,0.0018910523504018784,0.05674053728580475,0.4990222454071045,0.4706519842147827,0.30351176857948303,0.3292807936668396,0.19746597111225128,0.20006722211837769
55,S3,ComHvy,local,local,0,local,local,0,0.5045422315597534,0.5071507692337036,0.0026085376739501953,0.0001449710689485073,0.014054253697395325,0.5045422315597534,0.5071507692337036,0.25784409046173096,0.2508169114589691,0.2376137226819992,0.2420322597026825
55,S3,BWHvy,local,local,0,BS2,BS2,0,0.42203986644744873,0.42396336793899536,0.0019235014915466309,5.789566785097122e-05,0.009763449430465698,0.42203986644744873,0.42396336793899536,0.23588161170482635,0.23883984982967377,0.3420785069465637,0.33719679713249207
55,S4,LatCrit,local,local,0,local,local,0,0.5174925327301025,0.5598933100700378,0.0424007773399353,0.003627568483352661,0.08480152487754822,0.5174925327301025,0.5598933100700378,0.22172686457633972,0.20212680101394653,0.26078057289123535,0.23797988891601562
55,S4,ComHvy,local,local,0,local,local,0,0.5075756311416626,0.49907273054122925,-0.00850290060043335,0.0024739131331443787,0.057131826877593994,0.5075756311416626,0.49907273054122925,0.24521124362945557,0.22514823079109192,0.24721309542655945,0.27577900886535645
55,S4,BWHvy,local,local,0,local,local,0,0.5717083215713501,0.5600115060806274,-0.011696815490722656,0.0010245847515761852,0.03774666786193848,0.5717083215713501,0.5600115060806274,0.21606910228729248,0.2349424511194229,0.21222257614135742,0.20504607260227203
55,S5,LatCrit,local,local,0,BS2,BS2,0,0.4795411229133606,0.47456008195877075,-0.004981040954589844,5.542428698390722e-05,0.009962081909179688,0.4795411229133606,0.47456008195877075,0.25920233130455017,0.2629084885120392,0.26125654578208923,0.26253142952919006
55,S5,ComHvy,local,local,0,local,local,0,0.622783899307251,0.6311647891998291,0.008380889892578125,0.00030456390231847763,0.018618345260620117,0.622783899307251,0.6311647891998291,0.19520515203475952,0.19613344967365265,0.18201090395450592,0.17270174622535706
55,S5,BWHvy,local,local,0,local,local,0,0.5044244527816772,0.491260826587677,-0.013163626194000244,0.002021361142396927,0.054288268089294434,0.5044244527816772,0.491260826587677,0.2608056366443634,0.24682512879371643,0.23476994037628174,0.26191407442092896
55,S6,LatCrit,local,local,0,local,local,0,0.5329798460006714,0.5350222587585449,0.002042412757873535,0.0006349841132760048,0.026069387793540955,0.5329798460006714,0.5350222587585449,0.2368960976600647,0.24788838624954224,0.23012405633926392,0.21708936989307404
55,S6,ComHvy,local,local,0,BS2,BS2,0,0.4574164152145386,0.46310168504714966,0.005685269832611084,0.005703914910554886,0.08173434436321259,0.4574164152145386,0.46310168504714966,0.2880736291408539,0.3232555389404297,0.25450992584228516,0.21364276111125946
55,S6,BWHvy,local,local,0,local,local,0,0.46266818046569824,0.48197466135025024,0.019306480884552002,0.0007674172520637512,0.038612961769104004,0.46266818046569824,0.48197466135025024,0.27967962622642517,0.27186909317970276,0.257652223110199,0.24615627527236938
55,S7,LatCrit,local,local,0,local,local,0,0.6113986968994141,0.6076096892356873,-0.0037890076637268066,0.000164056196808815,0.01351049542427063,0.6113986968994141,0.6076096892356873,0.1682870090007782,0.17504224181175232,0.22031433880329132,0.21734808385372162
55,S7,ComHvy,local,local,0,local,local,0,0.551817774772644,0.5516729950904846,-0.00014477968215942383,6.474729161709547e-07,0.000894203782081604,0.551817774772644,0.5516729950904846,0.199464350938797,0.1999114751815796,0.24871782958507538,0.2484155297279358
55,S7,BWHvy,local,local,0,local,local,0,0.5121411085128784,0.5003222227096558,-0.011818885803222656,0.0026866141706705093,0.06206001341342926,0.5121411085128784,0.5003222227096558,0.2066124826669693,0.18740135431289673,0.2812463939189911,0.3122763931751251
55,S8,LatCrit,local,local,0,local,local,0,0.49186789989471436,0.5045178532600403,0.012649953365325928,0.0023758942261338234,0.054967641830444336,0.49186789989471436,0.5045178532600403,0.2235294133424759,0.19604559242725372,0.28460270166397095,0.2994365692138672
55,S8,ComHvy,local,local,0,local,local,0,0.5122948884963989,0.48853999376296997,-0.023754894733428955,0.002937164157629013,0.06801566481590271,0.5122948884963989,0.48853999376296997,0.24038584530353546,0.23013290762901306,0.2473192662000656,0.28132709860801697
55,S8,BWHvy,local,local,0,local,local,0,0.46793806552886963,0.46846282482147217,0.0005247592926025391,1.0789372026920319e-05,0.003718346357345581,0.46793806552886963,0.46846282482147217,0.303133487701416,0.30446791648864746,0.22892844676971436,0.22706928849220276
56,S1,LatCrit,local,local,0,BS1,BS1,0,0.5069431066513062,0.48367756605148315,-0.023265540599822998,0.0017178273992612958,0.04708324372768402,0.5069431066513062,0.48367756605148315,0.22191914916038513,0.24546073377132416,0.2711378037929535,0.2708616852760315
56,S1,ComHvy,local,local,0,local,local,0,0.5504094958305359,0.5252734422683716,-0.025136053562164307,0.0013319328427314758,0.05027210712432861,0.5504094958305359,0.5252734422683716,0.21939298510551453,0.22770781815052032,0.23019753396511078,0.2470187544822693
56,S1,BWHvy,local,local,0,local,local,0,0.4472905993461609,0.45739084482192993,0.010100245475769043,0.0004871366545557976,0.026988357305526733,0.4472905993461609,0.45739084482192993,0.26560178399086,0.2521075904369354,0.2871076464653015,0.29050156474113464
56,S2,LatCrit,local,local,0,local,local,0,0.4864104390144348,0.48418349027633667,-0.0022269487380981445,0.0005494486540555954,0.025906607508659363,0.4864104390144348,0.48418349027633667,0.2406836599111557,0.22995731234550476,0.2729058861732483,0.28585919737815857
56,S2,ComHvy,local,local,0,local,local,0,0.5047946572303772,0.4921691417694092,-0.012625515460968018,0.00038976874202489853,0.025251060724258423,0.5047946572303772,0.4921691417694092,0.20785900950431824,0.21740832924842834,0.2873463034629822,0.2904225289821625
56,S2,BWHvy,local,local,0,local,local,0,0.3935324549674988,0.38537877798080444,-0.008153676986694336,0.0016843490302562714,0.05233316123485565,0.3935324549674988,0.38537877798080444,0.24779224395751953,0.22977934777736664,0.3586752712726593,0.3848418593406677
56,S3,LatCrit,local,local,0,BS2,BS2,0,0.4969850778579712,0.48957598209381104,-0.007409095764160156,0.00015069777145981789,0.014818161725997925,0.4969850778579712,0.48957598209381104,0.26684367656707764,0.2675262987613678,0.23617124557495117,0.24289768934249878
56,S3,ComHvy,local,local,0,local,local,0,0.4861927628517151,0.4947448968887329,0.008552134037017822,0.0002611856907606125,0.018378600478172302,0.4861927628517151,0.4947448968887329,0.28085067868232727,0.2814878523349762,0.23295654356479645,0.2237672507762909
56,S3,BWHvy,local,local,0,local,local,0,0.5019726157188416,0.5133891105651855,0.011416494846343994,0.0004007635870948434,0.022833004593849182,0.5019726157188416,0.5133891105651855,0.21821577847003937,0.20750141143798828,0.2798116207122803,0.27910947799682617
56,S4,LatCrit,local,local,0,BS1,BS1,0,0.4835047125816345,0.4906785488128662,0.0071738362312316895,0.00011478876695036888,0.014347687363624573,0.4835047125816345,0.4906785488128662,0.29021212458610535,0.28447288274765015,0.22628317773342133,0.22484856843948364
56,S4,ComHvy,local,local,0,local,local,0,0.5005837678909302,0.5027042627334595,0.002120494842529297,4.314398393034935e-05,0.007590889930725098,0.5005837678909302,0.5027042627334595,0.2838241159915924,0.28549909591674805,0.21559207141399384,0.21179665625095367
56,S4,BWHvy,local,local,0,local,local,0,0.5722630023956299,0.5572116374969482,-0.01505136489868164,0.0006461754674091935,0.03010275959968567,0.5722630023956299,0.5572116374969482,0.23011690378189087,0.2447127252817154,0.19762006402015686,0.19807563722133636
56,S5,LatCrit,local,local,0,local,local,0,0.4762958884239197,0.49885886907577515,0.02256298065185547,0.0010608546435832977,0.04512597620487213,0.4762958884239197,0.49885886907577515,0.23139335215091705,0.2182665765285492,0.29231077432632446,0.28287455439567566
56,S5,ComHvy,local,local,0,local,local,0,0.5273004770278931,0.5125179886817932,-0.014782488346099854,0.0005348792765289545,0.029565006494522095,0.5273004770278931,0.5125179886817932,0.24207031726837158,0.2545822858810425,0.23062919080257416,0.2328997403383255
56,S5,BWHvy,local,local,0,local,local,0,0.44672220945358276,0.4341331720352173,-0.012589037418365479,0.0003739660605788231,0.02517804503440857,0.44672220945358276,0.4341331720352173,0.2985192537307739,0.30143919587135315,0.2547585666179657,0.26442763209342957
56,S6,LatCrit,local,local,0,local,local,0,0.5400708913803101,0.5323841571807861,-0.007686734199523926,0.00016987277194857597,0.015373528003692627,0.5400708913803101,0.5323841571807861,0.2140745222568512,0.2141757756471634,0.24585457146167755,0.25344011187553406
56,S6,ComHvy,local,local,0,BS1,BS1,0,0.5209231972694397,0.5072166323661804,-0.013706564903259277,0.0003800429403781891,0.02741311490535736,0.5209231972694397,0.5072166323661804,0.2679722011089325,0.27664071321487427,0.211104616522789,0.2161426544189453
56,S6,BWHvy,local,local,0,local,local,0,0.47367578744888306,0.4828861951828003,0.009210407733917236,0.00030127353966236115,0.022391095757484436,0.47367578744888306,0.4828861951828003,0.21096131205558777,0.21294642984867096,0.3153629004955292,0.30416733026504517
56,S7,LatCrit,local,local,0,local,local,0,0.5517439842224121,0.5253669023513794,-0.026377081871032715,0.001438552513718605,0.05275408923625946,0.5517439842224121,0.5253669023513794,0.18455708026885986,0.19855214655399323,0.2636989653110504,0.2760809063911438
56,S7,ComHvy,local,local,0,local,local,0,0.4970904588699341,0.4929208755493164,-0.004169583320617676,9.892729576677084e-05,0.011562839150428772,0.4970904588699341,0.4929208755493164,0.21390677988529205,0.21968817710876465,0.28900277614593506,0.28739091753959656
56,S7,BWHvy,local,local,0,local,local,0,0.5624907612800598,0.5850333571434021,0.022542595863342285,0.00189126655459404,0.04609793424606323,0.5624907612800598,0.5850333571434021,0.23888422548770905,0.23939059674739838,0.19862499833106995,0.17557603120803833
56,S8,LatCrit,local,local,0,local,local,0,0.5195093750953674,0.5309442281723022,0.011434853076934814,0.00027723005041480064,0.022869735956192017,0.5195093750953674,0.5309442281723022,0.23063506186008453,0.226991668343544,0.24985557794570923,0.24206408858299255
56,S8,ComHvy,local,local,0,local,local,0,0.49803465604782104,0.5072426795959473,0.00920802354812622,0.0004627322778105736,0.02634425461292267,0.49803465604782104,0.5072426795959473,0.2590942084789276,0.2459220588207245,0.24287118017673492,0.24683526158332825
56,S8,BWHvy,local,local,0,local,local,0,0.4814968705177307,0.4802877902984619,-0.0012090802192687988,0.00014967285096645355,0.013591259717941284,0.4814968705177307,0.4802877902984619,0.25324007868766785,0.2476535141468048,0.26526305079460144,0.2720586657524109
57,S1,LatCrit,local,local,0,local,local,0,0.5443582534790039,0.5420650243759155,-0.002293229103088379,0.000238724984228611,0.016914963722229004,0.5443582534790039,0.5420650243759155,0.1918542981147766,0.18569007515907288,0.2637874186038971,0.272244930267334
57,S1,ComHvy,local,local,0,local,local,0,0.5869454145431519,0.6034296751022339,0.01648426055908203,0.0010196622461080551,0.03296846151351929,0.5869454145431519,0.6034296751022339,0.24209822714328766,0.2415449172258377,0.1709563285112381,0.1550254374742508
57,S1,BWHvy,local,local,0,local,local,0,0.43607431650161743,0.43838202953338623,0.002307713031768799,0.0015957541763782501,0.04374188184738159,0.43607431650161743,0.43838202953338623,0.30891233682632446,0.32847556471824646,0.2550133466720581,0.2331424057483673
57,S2,LatCrit,local,local,0,local,local,0,0.5061631202697754,0.5108777284622192,0.004714608192443848,5.493033677339554e-05,0.009429216384887695,0.5061631202697754,0.5108777284622192,0.20582278072834015,0.2054288536310196,0.28801414370536804,0.28369346261024475
57,S2,ComHvy,local,local,0,local,local,0,0.48527848720550537,0.5124480724334717,0.02716958522796631,0.0014926549047231674,0.05433917045593262,0.48527848720550537,0.5124480724334717,0.2244640439748764,0.21071337163448334,0.2902574837207794,0.2768385708332062
57,S2,BWHvy,local,local,0,local,local,0,0.5178093910217285,0.5286659002304077,0.0108565092086792,0.0003767777234315872,0.02363322675228119,0.5178093910217285,0.5286659002304077,0.208078071475029,0.2090381383895874,0.2741125822067261,0.2622959315776825
57,S3,LatCrit,local,local,0,local,local,0,0.4919964671134949,0.478981614112854,-0.01301485300064087,0.001417800784111023,0.04874163866043091,0.4919964671134949,0.478981614112854,0.15419669449329376,0.14284072816371918,0.35380685329437256,0.378177672624588
57,S3,ComHvy,local,BS1,1,local,local,0,0.38787853717803955,0.38888901472091675,0.0010104775428771973,0.0015982752665877342,0.054866060614585876,0.38787853717803955,0.37153762578964233,0.3614560067653656,0.38888901472091675,0.25066545605659485,0.23957331478595734
57,S3,BWHvy,local,local,0,BS1,local,1,0.46084344387054443,0.4953896403312683,0.03454619646072388,0.0023949630558490753,0.06909236311912537,0.46084344387054443,0.4953896403312683,0.297118604183197,0.27700096368789673,0.24203790724277496,0.22760938107967377
57,S4,LatCrit,local,local,0,local,local,0,0.5427762269973755,0.5449478030204773,0.0021715760231018066,0.0001375097781419754,0.013172850012779236,0.5427762269973755,0.5449478030204773,0.2641605734825134,0.2575741708278656,0.1930631697177887,0.1974780410528183
57,S4,ComHvy,local,local,0,local,local,0,0.4734390377998352,0.45122867822647095,-0.022210359573364258,0.0012247096747159958,0.0444207489490509,0.4734390377998352,0.45122867822647095,0.2146317958831787,0.2157251238822937,0.3119291663169861,0.33304622769355774
57,S4,BWHvy,local,local,0,BS2,BS2,0,0.49706870317459106,0.5042562484741211,0.007187545299530029,0.0001797294826246798,0.01437501609325409,0.49706870317459106,0.5042562484741211,0.20292840898036957,0.19579708576202393,0.3000028431415558,0.29994669556617737
57,S5,LatCrit,local,local,0,local,local,0,0.5226914882659912,0.5198613405227661,-0.0028301477432250977,0.0006733620539307594,0.027861371636390686,0.5226914882659912,0.5198613405227661,0.25206342339515686,0.24096287786960602,0.22524510324001312,0.23917578160762787
57,S5,ComHvy,local,local,0,local,local,0,0.4897044897079468,0.47486573457717896,-0.014838755130767822,0.0011360961943864822,0.04476146399974823,0.4897044897079468,0.47486573457717896,0.19378672540187836,0.18624472618103027,0.31650879979133606,0.3388895094394684
57,S5,BWHvy,local,local,0,local,local,0,0.5368696451187134,0.5642233490943909,0.02735370397567749,0.0016256533563137054,0.05470737814903259,0.5368696451187134,0.5642233490943909,0.2652340531349182,0.2542692720890045,0.19789628684520721,0.1815073937177658
57,S6,LatCrit,local,local,0,local,local,0,0.5105512142181396,0.5144879817962646,0.003936767578125,0.00030524563044309616,0.02029082179069519,0.5105512142181396,0.5144879817962646,0.23840343952178955,0.24461209774017334,0.2510453164577484,0.240899920463562
57,S6,ComHvy,local,local,0,local,local,0,0.5145527124404907,0.49187713861465454,-0.02267557382583618,0.001043202355504036,0.045351192355155945,0.5145527124404907,0.49187713861465454,0.2135680764913559,0.2255094349384308,0.2718791663646698,0.2826134264469147
57,S6,BWHvy,local,local,0,local,local,0,0.530105710029602,0.5125198364257812,-0.0175858736038208,0.0015937946736812592,0.052051037549972534,0.530105710029602,0.5125198364257812,0.2947995066642761,0.3208250403404236,0.17509476840496063,0.16665513813495636
57,S7,LatCrit,local,local,0,local,local,0,0.5240838527679443,0.5201349258422852,-0.00394892692565918,0.00010359170846641064,0.011795029044151306,0.5240838527679443,0.5201349258422852,0.20950409770011902,0.21540163457393646,0.26641204953193665,0.26446348428726196
57,S7,ComHvy,local,local,0,local,local,0,0.5523663759231567,0.5596365928649902,0.007270216941833496,0.00014825980179011822,0.014540404081344604,0.5523663759231567,0.5596365928649902,0.15272505581378937,0.14742134511470795,0.2949085831642151,0.2929421067237854
57,S7,BWHvy,local,local,0,local,local,0,0.4972177743911743,0.5068564414978027,0.009638667106628418,0.0008545797318220139,0.03577636182308197,0.4972177743911743,0.5068564414978027,0.2324412763118744,0.24069075286388397,0.2703409790992737,0.2524527609348297
57,S8,LatCrit,local,local,0,local,local,0,0.43973010778427124,0.4254891872406006,-0.014240920543670654,0.0004656165838241577,0.02848181128501892,0.43973010778427124,0.4254891872406006,0.26623156666755676,0.269096314907074,0.2940383553504944,0.30541449785232544
57,S8,ComHvy,local,local,0,local,local,0,0.4907180070877075,0.5050830245018005,0.014365017414093018,0.0005283458158373833,0.02873004972934723,0.4907180070877075,0.5050830245018005,0.2852121889591217,0.28239187598228455,0.22406980395317078,0.21252508461475372
57,S8,BWHvy,local,local,0,BS2,BS2,0,0.4430449604988098,0.42542600631713867,-0.017618954181671143,0.001414438709616661,0.04584003984928131,0.4430449604988098,0.42542600631713867,0.2451752871274948,0.2680952847003937,0.31177976727485657,0.30647867918014526
58,S1,LatCrit,local,local,0,local,local,0,0.49251335859298706,0.505386471748352,0.01287311315536499,0.00040249526500701904,0.025746166706085205,0.49251335859298706,0.505386471748352,0.20852124691009521,0.2073131799697876,0.29896536469459534,0.28730037808418274
58,S1,ComHvy,local,local,0,local,local,0,0.4999115467071533,0.49648940563201904,-0.0034221410751342773,0.001064179465174675,0.035748064517974854,0.4999115467071533,0.49648940563201904,0.23873724043369293,0.25661128759384155,0.26135119795799255,0.2468993216753006
58,S1,BWHvy,local,local,0,local,local,0,0.538470447063446,0.5201747417449951,-0.018295705318450928,0.0014507942833006382,0.04693219065666199,0.538470447063446,0.5201747417449951,0.24153946340084076,0.26500558853149414,0.2199900895357132,0.21481972932815552
58,S2,LatCrit,local,local,0,local,local,0,0.515665590763092,0.5123670101165771,-0.0032985806465148926,6.745895370841026e-05,0.009929120540618896,0.515665590763092,0.5123670101165771,0.24696508049964905,0.2452990859746933,0.2373693585395813,0.24233390390872955
58,S2,ComHvy,local,local,0,local,local,0,0.522501528263092,0.5419286489486694,0.019427120685577393,0.000837328378111124,0.038854196667671204,0.522501528263092,0.5419286489486694,0.23854893445968628,0.22468607127666473,0.23894952237606049,0.23338530957698822
58,S2,BWHvy,local,local,0,local,local,0,0.5037033557891846,0.5050071477890015,0.0013037919998168945,3.063306212425232e-05,0.006628543138504028,0.5037033557891846,0.5050071477890015,0.21380457282066345,0.21581506729125977,0.2824920415878296,0.27917778491973877
58,S3,LatCrit,local,local,0,local,local,0,0.4969589114189148,0.4950348138809204,-0.0019240975379943848,0.0009780358523130417,0.03326322138309479,0.4969589114189148,0.4950348138809204,0.25141629576683044,0.23670877516269684,0.2516247630119324,0.26825636625289917
58,S3,ComHvy,local,local,0,BS1,BS1,0,0.43637943267822266,0.42368555068969727,-0.01269388198852539,0.0004994174232706428,0.028188958764076233,0.43637943267822266,0.42368555068969727,0.3139127194881439,0.32800722122192383,0.24970781803131104,0.2483072429895401
58,S3,BWHvy,local,local,0,local,local,0,0.5196801424026489,0.5533716678619385,0.03369152545928955,0.0022916439920663834,0.06738308072090149,0.5196801424026489,0.5533716678619385,0.24331995844841003,0.2252786010503769,0.23699992895126343,0.22134973108768463
58,S4,LatCrit,local,local,0,local,local,0,0.5940529108047485,0.5878922939300537,-0.006160616874694824,0.00012789852917194366,0.012321263551712036,0.5940529108047485,0.5878922939300537,0.2137758731842041,0.2138049453496933,0.19217123091220856,0.19830280542373657
58,S4,ComHvy,local,local,0,BS2,BS2,0,0.4182721972465515,0.40759068727493286,-0.010681509971618652,0.0006973128765821457,0.03593847155570984,0.4182721972465515,0.40759068727493286,0.22492699325084686,0.2176392525434494,0.3568008244037628,0.37477004528045654
58,S4,BWHvy,local,local,0,local,local,0,0.4276700019836426,0.4198363423347473,-0.007833659648895264,0.00014098593965172768,0.01566736400127411,0.4276700019836426,0.4198363423347473,0.22456388175487518,0.22556868195533752,0.34776607155799866,0.35459497570991516
58,S5,LatCrit,local,local,0,BS1,BS1,0,0.49199068546295166,0.49455320835113525,0.0025625228881835938,0.0007046917453408241,0.02909041941165924,0.49199068546295166,0.49455320835113525,0.27067503333091736,0.25612983107566833,0.23733428120613098,0.2493169754743576
58,S5,ComHvy,local,local,0,local,local,0,0.472110390663147,0.47001945972442627,-0.002090930938720703,0.0001771608367562294,0.015604540705680847,0.472110390663147,0.47001945972442627,0.22621512413024902,0.2205037921667099,0.301674485206604,0.309476763010025
58,S5,BWHvy,local,local,0,local,local,0,0.5242608785629272,0.5292717218399048,0.005010843276977539,0.0013047214597463608,0.038573265075683594,0.5242608785629272,0.5292717218399048,0.25519895553588867,0.2694747745990753,0.2205401510000229,0.20125354826450348
58,S6,LatCrit,local,local,0,local,local,0,0.4367082715034485,0.46051281690597534,0.023804545402526855,0.001374436542391777,0.0476091206073761,0.4367082715034485,0.46051281690597534,0.2803932726383209,0.2762622833251953,0.282898485660553,0.26322489976882935
58,S6,ComHvy,local,local,0,local,local,0,0.5612237453460693,0.5517021417617798,-0.00952160358428955,0.00022287387400865555,0.019043177366256714,0.5612237453460693,0.5517021417617798,0.16763903200626373,0.16836775839328766,0.27113720774650574,0.279930055141449
58,S6,BWHvy,local,local,0,local,local,0,0.49733781814575195,0.4805631637573242,-0.016774654388427734,0.0006739965174347162,0.033549293875694275,0.49733781814575195,0.4805631637573242,0.2819921672344208,0.2968032956123352,0.22066999971866608,0.2226335108280182
58,S7,LatCrit,local,local,0,local,local,0,0.5315672159194946,0.536270260810852,0.004703044891357422,7.724855095148087e-05,0.010780945420265198,0.5315672159194946,0.536270260810852,0.20270627737045288,0.20339371263980865,0.2657265067100525,0.2603360414505005
58,S7,ComHvy,local,local,0,local,local,0,0.5007684230804443,0.495922327041626,-0.004846096038818359,0.0009139329195022583,0.03472602367401123,0.5007684230804443,0.495922327041626,0.20820194482803345,0.1956849992275238,0.2910296618938446,0.30839264392852783
58,S7,BWHvy,local,local,0,local,local,0,0.5342559814453125,0.5354981422424316,0.0012421607971191406,0.00017562462016940117,0.01379142701625824,0.5342559814453125,0.5354981422424316,0.24454180896282196,0.25019535422325134,0.22120222449302673,0.21430650353431702
58,S8,LatCrit,local,local,0,local,local,0,0.537036657333374,0.5190328359603882,-0.01800382137298584,0.0008368100970983505,0.036007657647132874,0.537036657333374,0.5190328359603882,0.23325671255588531,0.23549526929855347,0.22970660030841827,0.24547187983989716
58,S8,ComHvy,local,local,0,local,local,0,0.5428383350372314,0.5384259223937988,-0.004412412643432617,0.0001802234910428524,0.01571764051914215,0.5428383350372314,0.5384259223937988,0.23686914145946503,0.23342275619506836,0.22029253840446472,0.2281513810157776
58,S8,BWHvy,local,local,0,BS2,BS2,0,0.43408238887786865,0.4305915832519531,-0.0034908056259155273,3.506499342620373e-05,0.0074281245470047,0.43408238887786865,0.4305915832519531,0.23748987913131714,0.23726661503314972,0.3284277319908142,0.33214178681373596
59,S1,LatCrit,local,local,0,local,local,0,0.5777900218963623,0.5755255222320557,-0.0022644996643066406,0.0019620098173618317,0.04294772446155548,0.5777900218963623,0.5755255222320557,0.2039886862039566,0.1847793161869049,0.2182212918996811,0.23969514667987823
59,S1,ComHvy,local,local,0,local,local,0,0.4839929938316345,0.495674729347229,0.011681735515594482,0.0002834075130522251,0.023363471031188965,0.4839929938316345,0.495674729347229,0.248581200838089,0.24455562233924866,0.2674258053302765,0.25976964831352234
59,S1,BWHvy,local,local,0,local,local,0,0.5479748845100403,0.5595887899398804,0.011613905429840088,0.0004142438992857933,0.023227766156196594,0.5479748845100403,0.5595887899398804,0.21871179342269897,0.2185945063829422,0.23331332206726074,0.221816748380661
59,S2,LatCrit,BS2,BS2,0,BS2,BS2,0,0.38231360912323,0.3863537311553955,0.004040122032165527,0.00011156871914863586,0.012488752603530884,0.3814926743507385,0.38369691371917725,0.23619374632835388,0.22994935512542725,0.38231360912323,0.3863537311553955
59,S2,ComHvy,local,local,0,local,local,0,0.41290122270584106,0.43711692094802856,0.0242156982421875,0.0012021446600556374,0.04843142628669739,0.41290122270584106,0.43711692094802856,0.2871338427066803,0.2741331160068512,0.29996493458747864,0.28874993324279785
59,S2,BWHvy,local,local,0,BS2,BS2,0,0.4724028706550598,0.5104900598526001,0.03808718919754028,0.002915065735578537,0.07617439329624176,0.4724028706550598,0.5104900598526001,0.2433759719133377,0.22410860657691956,0.2842211425304413,0.26540130376815796
59,S3,LatCrit,local,local,0,local,local,0,0.44501620531082153,0.4589143991470337,0.013898193836212158,0.00046235136687755585,0.027796417474746704,0.44501620531082153,0.4589143991470337,0.2514439523220062,0.24951273202896118,0.30353984236717224,0.29157283902168274
59,S3,ComHvy,local,local,0,local,local,0,0.4707444906234741,0.4602171778678894,-0.010527312755584717,0.001646215096116066,0.05088421702384949,0.4707444906234741,0.4602171778678894,0.3023073375225067,0.32774946093559265,0.22694814205169678,0.21203336119651794
59,S3,BWHvy,local,local,0,local,local,0,0.4514038562774658,0.48136693239212036,0.02996307611465454,0.0019216854125261307,0.059926167130470276,0.4514038562774658,0.48136693239212036,0.2994084358215332,0.28844553232192993,0.24918770790100098,0.2301875203847885
59,S4,LatCrit,local,local,0,local,local,0,0.4572402238845825,0.46995723247528076,0.012717008590698242,0.0003753337077796459,0.025434061884880066,0.4572402238845825,0.46995723247528076,0.31737780570983887,0.3063807785511017,0.225382000207901,0.22366197407245636
59,S4,ComHvy,local,local,0,local,local,0,0.5142357349395752,0.4967031478881836,-0.0175325870513916,0.008040547370910645,0.10497215390205383,0.5142357349395752,0.4967031478881836,0.20567858219146729,0.17072510719299316,0.28008565306663513,0.33257174491882324
59,S4,BWHvy,local,local,0,local,local,0,0.5057152509689331,0.4728877544403076,-0.03282749652862549,0.0024990011006593704,0.0656549483537674,0.5057152509689331,0.4728877544403076,0.23156298696994781,0.25672250986099243,0.26272180676460266,0.27038973569869995
59,S5,LatCrit,local,local,0,local,local,0,0.46167004108428955,0.48710358142852783,0.02543354034423828,0.002108568325638771,0.05743668973445892,0.46167004108428955,0.48710358142852783,0.31194719672203064,0.2832288444042206,0.226382777094841,0.2296675741672516
59,S5,ComHvy,local,local,0,local,local,0,0.6105116605758667,0.6156282424926758,0.005116581916809082,0.00012193433940410614,0.012091919779777527,0.6105116605758667,0.6156282424926758,0.18953989446163177,0.1834939569234848,0.19994844496250153,0.200877845287323
59,S5,BWHvy,local,local,0,local,local,0,0.4394463300704956,0.4455121159553528,0.006065785884857178,0.0002847379073500633,0.021013349294662476,0.4394463300704956,0.4455121159553528,0.29017528891563416,0.294616162776947,0.2703784108161926,0.2598717212677002
59,S6,LatCrit,local,local,0,local,local,0,0.4626367688179016,0.4435378909111023,-0.019098877906799316,0.0008605323964729905,0.03819781541824341,0.4626367688179016,0.4435378909111023,0.32696378231048584,0.3443909287452698,0.21039941906929016,0.21207121014595032
59,S6,ComHvy,local,local,0,local,local,0,0.4576556086540222,0.47814780473709106,0.020492196083068848,0.001056034117937088,0.04098442196846008,0.4576556086540222,0.47814780473709106,0.2599092125892639,0.24278438091278076,0.28243520855903625,0.2790678143501282
59,S6,BWHvy,local,local,0,local,local,0,0.5250101089477539,0.5290042161941528,0.003994107246398926,8.221401367336512e-05,0.011534318327903748,0.5250101089477539,0.5290042161941528,0.28681743144989014,0.28105026483535767,0.18817248940467834,0.1899455338716507
59,S7,LatCrit,local,local,0,local,local,0,0.5274107456207275,0.5481100678443909,0.02069932222366333,0.0012662203516811132,0.04139864444732666,0.5274107456207275,0.5481100678443909,0.202813982963562,0.18473008275032043,0.26977524161338806,0.2671598196029663
59,S7,ComHvy,local,local,0,local,local,0,0.4680633544921875,0.47213906049728394,0.0040757060050964355,0.00018833158537745476,0.016525909304618835,0.4680633544921875,0.47213906049728394,0.24949173629283905,0.24122875928878784,0.28244492411613464,0.28663215041160583
59,S7,BWHvy,local,local,0,local,local,0,0.5390000343322754,0.5159865617752075,-0.02301347255706787,0.004447098821401596,0.081215500831604,0.5390000343322754,0.5159865617752075,0.23347574472427368,0.21588148176670074,0.22752420604228973,0.26813197135925293
59,S8,LatCrit,local,local,0,BS1,BS1,0,0.45821481943130493,0.442608118057251,-0.015606701374053955,0.0020567607134580612,0.05620133876800537,0.45821481943130493,0.442608118057251,0.3001290261745453,0.28763505816459656,0.24165615439414978,0.26975682377815247
59,S8,ComHvy,local,local,0,BS1,BS1,0,0.5584502220153809,0.5655752420425415,0.0071250200271606445,0.00032320921309292316,0.021704941987991333,0.5584502220153809,0.5655752420425415,0.2502630650997162,0.2394106090068817,0.19128668308258057,0.19501414895057678
59,S8,BWHvy,local,local,0,local,local,0,0.5737231969833374,0.572557806968689,-0.0011653900146484375,0.00023470865562558174,0.014705181121826172,0.5737231969833374,0.572557806968689,0.16518627107143402,0.17253883183002472,0.26109057664871216,0.2549033463001251
60,S1,LatCrit,local,local,0,local,local,0,0.5335028171539307,0.5313758850097656,-0.002126932144165039,0.0027367230504751205,0.05204927921295166,0.5335028171539307,0.5313758850097656,0.20345225930213928,0.1795545220375061,0.26304495334625244,0.2890695631504059
60,S1,ComHvy,local,local,0,local,local,0,0.548917293548584,0.5642415881156921,0.015324294567108154,0.0034680217504501343,0.061624884605407715,0.548917293548584,0.5642415881156921,0.18935909867286682,0.15854665637016296,0.2617236077785492,0.2772117555141449
60,S1,BWHvy,local,local,0,local,local,0,0.5932272672653198,0.593346357345581,0.00011909008026123047,0.0005879886448383331,0.021537259221076965,0.5932272672653198,0.593346357345581,0.15414132177829742,0.16479089856147766,0.25263136625289917,0.24186277389526367
60,S2,LatCrit,local,local,0,local,local,0,0.5308696627616882,0.5244385004043579,-0.006431162357330322,0.003659309819340706,0.06494320929050446,0.5308696627616882,0.5244385004043579,0.23707322776317596,0.2695448398590088,0.2320570945739746,0.2060166597366333
60,S2,ComHvy,local,local,0,BS1,BS1,0,0.4431406855583191,0.4695631265640259,0.026422441005706787,0.0016239471733570099,0.05284486711025238,0.4431406855583191,0.4695631265640259,0.3322035074234009,0.32370704412460327,0.22465579211711884,0.20672982931137085
60,S2,BWHvy,local,local,0,BS1,local,1,0.42189574241638184,0.4257495403289795,0.0038537979125976562,6.179965566843748e-05,0.010739147663116455,0.42189574241638184,0.4257495403289795,0.3767577111721039,0.37138813734054565,0.2013465166091919,0.20286229252815247
60,S3,LatCrit,local,local,0,local,local,0,0.5005416870117188,0.46696609258651733,-0.033575594425201416,0.0027013106737285852,0.06715120375156403,0.5005416870117188,0.46696609258651733,0.2924259901046753,0.32307079434394836,0.20703232288360596,0.2099631279706955
60,S3,ComHvy,local,local,0,local,local,0,0.5303307771682739,0.5457713603973389,0.015440583229064941,0.0006588241085410118,0.0308811217546463,0.5303307771682739,0.5457713603973389,0.22481460869312286,0.22368870675563812,0.2448546141386032,0.2305399775505066
60,S3,BWHvy,local,local,0,local,local,0,0.5144800543785095,0.5401084423065186,0.025628387928009033,0.001322973519563675,0.05125682055950165,0.5144800543785095,0.5401084423065186,0.2056685984134674,0.193902388215065,0.27985134720802307,0.26598912477493286
60,S4,LatCrit,local,local,0,local,local,0,0.45915842056274414,0.4950481653213501,0.03588974475860596,0.002589615061879158,0.07177947461605072,0.45915842056274414,0.4950481653213501,0.30150556564331055,0.2799852192401886,0.23933599889278412,0.2249666154384613
60,S4,ComHvy,local,local,0,local,local,0,0.45879238843917847,0.4213535189628601,-0.03743886947631836,0.005757659673690796,0.10259959101676941,0.45879238843917847,0.4213535189628601,0.2174226939678192,0.20356175303459167,0.3237849175930023,0.37508469820022583
60,S4,BWHvy,local,local,0,BS2,BS2,0,0.48797768354415894,0.46243131160736084,-0.025546371936798096,0.0022005229257047176,0.053659677505493164,0.48797768354415894,0.46243131160736084,0.22148831188678741,0.248318150639534,0.29053401947021484,0.28925055265426636
60,S5,LatCrit,local,local,0,local,local,0,0.5309827327728271,0.5263289213180542,-0.004653811454772949,0.0022609736770391464,0.05055670440196991,0.5309827327728271,0.5263289213180542,0.21214839816093445,0.19152386486530304,0.256868839263916,0.28214719891548157
60,S5,ComHvy,local,local,0,local,local,0,0.5439683198928833,0.5175532102584839,-0.026415109634399414,0.0016326624900102615,0.052830249071121216,0.5439683198928833,0.5175532102584839,0.18486396968364716,0.18803249299526215,0.27116772532463074,0.29441434144973755
60,S5,BWHvy,local,local,0,local,local,0,0.514245867729187,0.4958093762397766,-0.0184364914894104,0.000683419406414032,0.03687296807765961,0.514245867729187,0.4958093762397766,0.19608493149280548,0.20258387923240662,0.2896692156791687,0.3016067445278168
60,S6,LatCrit,local,local,0,local,BS1,1,0.44087910652160645,0.41818010807037354,-0.02269899845123291,0.0015365146100521088,0.04539796710014343,0.44087910652160645,0.41818010807037354,0.33843088150024414,0.3402884900569916,0.2206900268793106,0.2415313869714737
60,S6,ComHvy,local,local,0,local,local,0,0.5831687450408936,0.5858504772186279,0.002681732177734375,0.0016370266675949097,0.039466604590415955,0.5831687450408936,0.5858504772186279,0.18173298239707947,0.19878453016281128,0.23509831726551056,0.2153649926185608
60,S6,BWHvy,local,local,0,local,local,0,0.4919772148132324,0.49175238609313965,-0.00022482872009277344,0.0007931413128972054,0.028497502207756042,0.4919772148132324,0.49175238609313965,0.22355496883392334,0.23780374228954315,0.28446778655052185,0.2704438865184784
60,S7,LatCrit,local,local,0,local,local,0,0.5820410251617432,0.5527290105819702,-0.02931201457977295,0.0017716865986585617,0.05862399935722351,0.5820410251617432,0.5527290105819702,0.16368626058101654,0.17758809030056,0.2542726993560791,0.2696828544139862
60,S7,ComHvy,local,local,0,BS2,BS2,0,0.4278174638748169,0.43763500452041626,0.009817540645599365,0.0011536777019500732,0.04302513599395752,0.4278174638748169,0.43763500452041626,0.26589223742485046,0.27758726477622986,0.30629029870033264,0.2847777307033539
60,S7,BWHvy,local,local,0,local,local,0,0.5674370527267456,0.5851168632507324,0.017679810523986816,0.0006727594882249832,0.035359665751457214,0.5674370527267456,0.5851168632507324,0.18813152611255646,0.17796586453914642,0.24443145096302032,0.23691725730895996
60,S8,LatCrit,local,local,0,local,local,0,0.5168943405151367,0.5257642269134521,0.00886988639831543,0.00209153164178133,0.04972834885120392,0.5168943405151367,0.5257642269134521,0.2152835726737976,0.19041942059993744,0.2678220868110657,0.283816397190094
60,S8,ComHvy,local,local,0,local,local,0,0.5332247614860535,0.5181925892829895,-0.015032172203063965,0.0005419263616204262,0.030064329504966736,0.5332247614860535,0.5181925892829895,0.28388711810112,0.28842344880104065,0.18288812041282654,0.19338394701480865
60,S8,BWHvy,local,local,0,local,local,0,0.5551917552947998,0.5520791411399841,-0.003112614154815674,0.00038490910083055496,0.020914554595947266,0.5551917552947998,0.5520791411399841,0.24428363144397736,0.23693899810314178,0.20052456855773926,0.21098187565803528
61,S1,LatCrit,local,local,0,local,local,0,0.5800559520721436,0.591349184513092,0.011293232440948486,0.000541680958122015,0.026611387729644775,0.5800559520721436,0.591349184513092,0.2181224375963211,0.20481672883033752,0.20182162523269653,0.20383407175540924
61,S1,ComHvy,local,local,0,local,local,0,0.556073009967804,0.5704845786094666,0.014411568641662598,0.0009768623858690262,0.037582531571388245,0.556073009967804,0.5704845786094666,0.19422876834869385,0.19860848784446716,0.2496981918811798,0.23090694844722748
61,S1,BWHvy,local,local,0,local,local,0,0.5370930433273315,0.543148934841156,0.006055891513824463,8.485582657158375e-05,0.012111812829971313,0.5370930433273315,0.543148934841156,0.21008680760860443,0.20577199757099152,0.2528201937675476,0.25107908248901367
61,S2,LatCrit,local,local,0,local,local,0,0.48431384563446045,0.46971023082733154,-0.014603614807128906,0.0004325965419411659,0.029207229614257812,0.48431384563446045,0.46971023082733154,0.2648536264896393,0.2735133171081543,0.25083252787590027,0.25677645206451416
61,S2,ComHvy,local,local,0,BS1,BS1,0,0.45077967643737793,0.48414677381515503,0.0333670973777771,0.003302963450551033,0.0667341947555542,0.45077967643737793,0.48414677381515503,0.30994486808776855,0.3069733679294586,0.23927545547485352,0.20887985825538635
61,S2,BWHvy,local,local,0,local,local,0,0.49135124683380127,0.5031619071960449,0.011810660362243652,0.000322120264172554,0.023621350526809692,0.49135124683380127,0.5031619071960449,0.22639407217502594,0.22435463964939117,0.282254695892334,0.2724834382534027
61,S3,LatCrit,local,local,0,BS1,local,1,0.48808592557907104,0.5033602714538574,0.015274345874786377,0.0012064953334629536,0.04127731919288635,0.48808592557907104,0.5033602714538574,0.24560396373271942,0.22496528923511505,0.26631009578704834,0.27167439460754395
61,S3,ComHvy,local,local,0,local,local,0,0.479153037071228,0.46973198652267456,-0.009421050548553467,0.00037775211967527866,0.024042576551437378,0.479153037071228,0.46973198652267456,0.2587534189224243,0.2707746922969818,0.26209357380867004,0.25949332118034363
61,S3,BWHvy,local,local,0,BS1,BS1,0,0.47775447368621826,0.4994177222251892,0.021663248538970947,0.001199483871459961,0.04332652688026428,0.47775447368621826,0.4994177222251892,0.2349151372909546,0.23305144906044006,0.28733041882514954,0.2675308287143707
61,S4,LatCrit,local,local,0,local,local,0,0.5198160409927368,0.5215920209884644,0.001775979995727539,0.000522371381521225,0.024064496159553528,0.5198160409927368,0.5215920209884644,0.25732460618019104,0.24529236555099487,0.22285936772823334,0.23311564326286316
61,S4,ComHvy,local,local,0,local,local,0,0.4518895745277405,0.4389791488647461,-0.012910425662994385,0.0013613849878311157,0.048418715596199036,0.4518895745277405,0.4389791488647461,0.23662622272968292,0.22532731294631958,0.3114841878414154,0.3356935679912567
61,S4,BWHvy,local,local,0,BS1,BS1,0,0.4558330774307251,0.4596100449562073,0.0037769675254821777,0.0007144054397940636,0.0293615460395813,0.4558330774307251,0.4596100449562073,0.2165529876947403,0.20187221467494965,0.3276139497756958,0.3385177552700043
61,S5,LatCrit,local,local,0,local,local,0,0.5501536130905151,0.5675407648086548,0.01738715171813965,0.0006148144602775574,0.0347742885351181,0.5501536130905151,0.5675407648086548,0.23639287054538727,0.22765874862670898,0.2134535014629364,0.20480048656463623
61,S5,ComHvy,local,local,0,local,local,0,0.5002691745758057,0.5155006647109985,0.015231490135192871,0.0029414091259241104,0.06186884641647339,0.5002691745758057,0.5155006647109985,0.23149897158145905,0.20056451857089996,0.26823192834854126,0.2839348316192627
61,S5,BWHvy,local,local,0,local,local,0,0.45972007513046265,0.44246870279312134,-0.01725137233734131,0.0015349159948527813,0.04825742542743683,0.45972007513046265,0.44246870279312134,0.24349580705165863,0.26762452721595764,0.29678410291671753,0.289906769990921
61,S6,LatCrit,local,local,0,local,local,0,0.460946261882782,0.4654199481010437,0.004473686218261719,0.0017845574766397476,0.04712080955505371,0.460946261882782,0.4654199481010437,0.27979153394699097,0.2988782525062561,0.25926220417022705,0.2357017993927002
61,S6,ComHvy,local,local,0,local,local,0,0.5521038174629211,0.5578395128250122,0.0057356953620910645,0.0009149415418505669,0.032069042325019836,0.5521038174629211,0.5578395128250122,0.2007935494184494,0.1847590059041977,0.24710266292095184,0.2574014663696289
61,S6,BWHvy,local,local,0,local,local,0,0.468305766582489,0.4604759216308594,-0.007829844951629639,0.0008523110300302505,0.03561973571777344,0.468305766582489,0.4604759216308594,0.2504437565803528,0.2682536244392395,0.2812504768371582,0.2712704539299011
61,S7,LatCrit,local,local,0,local,local,0,0.5155510902404785,0.5451859831809998,0.02963489294052124,0.0026335720904171467,0.05926975607872009,0.5155510902404785,0.5451859831809998,0.19223938882350922,0.16728337109088898,0.2922095060348511,0.28753066062927246
61,S7,ComHvy,local,local,0,local,local,0,0.455691933631897,0.4694586992263794,0.013766765594482422,0.0011572670191526413,0.04242151975631714,0.455691933631897,0.4694586992263794,0.27855247259140015,0.2573417127132416,0.2657555937767029,0.27319958806037903
61,S7,BWHvy,local,local,0,local,local,0,0.5725860595703125,0.5713828802108765,-0.0012031793594360352,0.001477828249335289,0.03608289361000061,0.5725860595703125,0.5713828802108765,0.2506134808063507,0.26865488290786743,0.17680048942565918,0.15996217727661133
61,S8,LatCrit,local,local,0,local,local,0,0.47437524795532227,0.466711163520813,-0.007664084434509277,0.002405259758234024,0.05741886794567108,0.47437524795532227,0.466711163520813,0.25528189539909363,0.23423655331134796,0.2703428268432617,0.29905226826667786
61,S8,ComHvy,local,local,0,local,local,0,0.5322027206420898,0.549605667591095,0.017402946949005127,0.0007405532523989677,0.034805864095687866,0.5322027206420898,0.549605667591095,0.26893675327301025,0.26416975259780884,0.1988605260848999,0.18622460961341858
61,S8,BWHvy,local,local,0,local,local,0,0.4859600067138672,0.48879873752593994,0.002838730812072754,0.0003365166485309601,0.021053314208984375,0.4859600067138672,0.48879873752593994,0.18237030506134033,0.19005826115608215,0.3316696584224701,0.3211430311203003
62,S1,LatCrit,local,local,0,local,local,0,0.5029865503311157,0.5339060425758362,0.03091949224472046,0.001968533731997013,0.0618390291929245,0.5029865503311157,0.5339060425758362,0.22380541265010834,0.20653745532035828,0.27320805191993713,0.25955647230148315
62,S1,ComHvy,local,local,0,local,local,0,0.525134801864624,0.5339186787605286,0.008783876895904541,0.00112962257117033,0.039155587553977966,0.525134801864624,0.5339186787605286,0.25137755274772644,0.23179975152015686,0.22348769009113312,0.23428159952163696
62,S1,BWHvy,local,local,0,local,local,0,0.6201214790344238,0.6246484518051147,0.004526972770690918,0.0005460837855935097,0.02396857738494873,0.6201214790344238,0.6246484518051147,0.18417996168136597,0.1916373074054718,0.19569852948188782,0.18371427059173584
62,S2,LatCrit,local,local,0,local,local,0,0.5076385140419006,0.5150251388549805,0.007386624813079834,0.0005020909011363983,0.02439279854297638,0.5076385140419006,0.5150251388549805,0.3032529354095459,0.30806270241737366,0.18910856544971466,0.17691215872764587
62,S2,ComHvy,local,local,0,local,local,0,0.41771966218948364,0.4553254246711731,0.03760576248168945,0.0028671249747276306,0.0752115249633789,0.41771966218948364,0.4553254246711731,0.2855790853500366,0.2668856680393219,0.29670125246047974,0.277788907289505
62,S2,BWHvy,local,local,0,BS1,BS1,0,0.46077781915664673,0.47866231203079224,0.017884492874145508,0.000784736592322588,0.0357690155506134,0.46077781915664673,0.47866231203079224,0.28941795229911804,0.27382567524909973,0.24980425834655762,0.24751201272010803
62,S3,LatCrit,local,local,0,local,local,0,0.4329269528388977,0.4325662851333618,-0.00036066770553588867,0.0002791956067085266,0.017931118607521057,0.4329269528388977,0.4325662851333618,0.2386498898267746,0.24761545658111572,0.3284231424331665,0.31981825828552246
62,S3,ComHvy,local,local,0,local,local,0,0.4583470821380615,0.4412720203399658,-0.017075061798095703,0.0005974406376481056,0.03415006399154663,0.4583470821380615,0.4412720203399658,0.30392298102378845,0.3149701952934265,0.2377299815416336,0.24375776946544647
62,S3,BWHvy,local,local,0,local,local,0,0.517310619354248,0.5402992963790894,0.02298867702484131,0.0012949546799063683,0.04597733914852142,0.517310619354248,0.5402992963790894,0.24107293784618378,0.22244572639465332,0.2416164129972458,0.23725496232509613
62,S4,LatCrit,local,local,0,local,local,0,0.5423818230628967,0.5533954501152039,0.011013627052307129,0.00029067695140838623,0.02202726900577545,0.5423818230628967,0.5533954501152039,0.2427796721458435,0.2400825172662735,0.21483850479125977,0.20652201771736145
62,S4,ComHvy,local,local,0,BS2,BS2,0,0.43008875846862793,0.4221365451812744,-0.007952213287353516,0.003303278237581253,0.06882745027542114,0.43008875846862793,0.4221365451812744,0.2558504045009613,0.22938889265060425,0.31406083703041077,0.34847456216812134
62,S4,BWHvy,local,local,0,local,BS2,1,0.4975242018699646,0.481458842754364,-0.016065359115600586,0.0005541760474443436,0.03213067352771759,0.4975242018699646,0.481458842754364,0.18566817045211792,0.1885509043931961,0.31680765748023987,0.3299902379512787
62,S5,LatCrit,local,local,0,local,local,0,0.5839223861694336,0.5818477869033813,-0.002074599266052246,8.907169103622437e-06,0.004149124026298523,0.5839223861694336,0.5818477869033813,0.1998843401670456,0.20088224112987518,0.2161933183670044,0.21726994216442108
62,S5,ComHvy,local,local,0,local,local,0,0.6195246577262878,0.6295322179794312,0.01000756025314331,0.00026392308063805103,0.020015165209770203,0.6195246577262878,0.6295322179794312,0.19682954251766205,0.1886511743068695,0.1836458295583725,0.18181659281253815
62,S5,BWHvy,local,local,0,local,local,0,0.47145742177963257,0.4764217138290405,0.004964292049407959,0.00019592605531215668,0.017512887716293335,0.47145742177963257,0.4764217138290405,0.2522670328617096,0.2560591995716095,0.27627554535865784,0.26751911640167236
62,S6,LatCrit,local,local,0,local,local,0,0.4568444490432739,0.44178539514541626,-0.015059053897857666,0.00047703133895993233,0.030118122696876526,0.4568444490432739,0.44178539514541626,0.32617244124412537,0.337456077337265,0.21698309481143951,0.22075852751731873
62,S6,ComHvy,local,local,0,local,local,0,0.5674924850463867,0.5726319551467896,0.005139470100402832,0.00022432138212025166,0.017176076769828796,0.5674924850463867,0.5726319551467896,0.21793292462825775,0.20934487879276276,0.21457460522651672,0.2180231660604477
62,S6,BWHvy,local,local,0,local,local,0,0.5417930483818054,0.539026141166687,-0.002766907215118408,5.596433766186237e-05,0.008740156888961792,0.5417930483818054,0.539026141166687,0.21688143908977509,0.2212514877319336,0.2413255125284195,0.23972231149673462
62,S7,LatCrit,local,local,0,local,local,0,0.5610207319259644,0.5790343284606934,0.018013596534729004,0.0007092407904565334,0.036027222871780396,0.5610207319259644,0.5790343284606934,0.20192934572696686,0.190606489777565,0.23704995214939117,0.23035918176174164
62,S7,ComHvy,local,local,0,local,local,0,0.498058021068573,0.5043011903762817,0.00624316930770874,0.0001850754488259554,0.016146093606948853,0.498058021068573,0.5043011903762817,0.23826098442077637,0.23018792271614075,0.26368099451065063,0.2655108571052551
62,S7,BWHvy,local,local,0,local,local,0,0.5108422040939331,0.5322942733764648,0.02145206928253174,0.0009384565055370331,0.04290412366390228,0.5108422040939331,0.5322942733764648,0.2770015299320221,0.26299750804901123,0.2121562361717224,0.20470820367336273
62,S8,LatCrit,local,local,0,local,local,0,0.5202963352203369,0.5201274156570435,-0.00016891956329345703,6.390619091689587e-07,0.0008973032236099243,0.5202963352203369,0.5201274156570435,0.2674778699874878,0.2671981453895569,0.2122257798910141,0.21267443895339966
62,S8,ComHvy,local,local,0,local,local,0,0.5274618864059448,0.5307460427284241,0.003284156322479248,0.001102769747376442,0.034870490431785583,0.5274618864059448,0.5307460427284241,0.2418113797903061,0.25596246123313904,0.23072674870491028,0.2132914960384369
62,S8,BWHvy,local,local,0,local,local,0,0.48456770181655884,0.483974814414978,-0.0005928874015808105,2.4220440536737442e-05,0.005547612905502319,0.48456770181655884,0.483974814414978,0.21492642164230347,0.21274548768997192,0.3005059063434601,0.30327969789505005
63,S1,LatCrit,local,local,0,local,local,0,0.5125497579574585,0.558036208152771,0.0454864501953125,0.006631017196923494,0.0967143177986145,0.5125497579574585,0.558036208152771,0.2812575101852417,0.23290035128593445,0.2061927318572998,0.20906344056129456
63,S1,ComHvy,local,local,0,local,local,0,0.5061581134796143,0.4910435676574707,-0.015114545822143555,0.0005029328167438507,0.030229076743125916,0.5061581134796143,0.4910435676574707,0.2979108989238739,0.3036249876022339,0.19593101739883423,0.2053314596414566
63,S1,BWHvy,local,local,0,local,local,0,0.49134474992752075,0.5240894556045532,0.03274470567703247,0.0021849218755960464,0.06548941135406494,0.49134474992752075,0.5240894556045532,0.2632604241371155,0.24923847615718842,0.24539481103420258,0.22667205333709717
63,S2,LatCrit,local,local,0,local,local,0,0.41594409942626953,0.39124345779418945,-0.024700641632080078,0.001294693909585476,0.049401283264160156,0.41594409942626953,0.39124345779418945,0.28205519914627075,0.29129287600517273,0.3020007014274597,0.3174636662006378
63,S2,ComHvy,local,local,0,local,local,0,0.6068204045295715,0.6391860246658325,0.032365620136260986,0.0022880826145410538,0.06473125517368317,0.6068204045295715,0.6391860246658325,0.18689139187335968,0.17421382665634155,0.2062882035970688,0.18660013377666473
63,S2,BWHvy,local,local,0,BS1,BS1,0,0.4123266339302063,0.4220607280731201,0.009734094142913818,0.0009174961596727371,0.03715360164642334,0.4123266339302063,0.4220607280731201,0.32358264923095703,0.3324253559112549,0.26409071683883667,0.245513916015625
63,S3,LatCrit,local,local,0,local,local,0,0.46621668338775635,0.4647350311279297,-0.0014816522598266602,0.0021753981709480286,0.04941278696060181,0.46621668338775635,0.4647350311279297,0.23095420002937317,0.25566062331199646,0.3028290867805481,0.27960437536239624
63,S3,ComHvy,BS2,BS2,0,local,BS2,1,0.3732103407382965,0.39894750714302063,0.02573716640472412,0.001841578632593155,0.05147433280944824,0.31894707679748535,0.29446834325790405,0.3078426122665405,0.3065841794013977,0.3732103407382965,0.39894750714302063
63,S3,BWHvy,local,local,0,local,local,0,0.4795877933502197,0.4837551712989807,0.004167377948760986,0.00019832607358694077,0.016847461462020874,0.4795877933502197,0.4837551712989807,0.24594472348690033,0.2375209778547287,0.27446749806404114,0.2787238359451294
63,S4,LatCrit,local,local,0,local,local,0,0.5110878944396973,0.5191633701324463,0.008075475692749023,0.001102035865187645,0.0394567996263504,0.5110878944396973,0.5191633701324463,0.28325924277305603,0.26353082060813904,0.2056528776884079,0.21730577945709229
63,S4,ComHvy,local,local,0,BS2,BS2,0,0.4466906189918518,0.4378586411476135,-0.008831977844238281,0.00030310917645692825,0.020307034254074097,0.4466906189918518,0.4378586411476135,0.3168119490146637,0.3154904246330261,0.2364974021911621,0.24665093421936035
63,S4,BWHvy,local,local,0,local,local,0,0.5847614407539368,0.6032694578170776,0.01850801706314087,0.0007129134610295296,0.037016019225120544,0.5847614407539368,0.6032694578170776,0.15362070500850677,0.14636489748954773,0.26161783933639526,0.25036564469337463
63,S5,LatCrit,local,local,0,local,local,0,0.572800874710083,0.582329273223877,0.009528398513793945,0.0018352679908275604,0.043601229786872864,0.572800874710083,0.582329273223877,0.25036776065826416,0.26263999938964844,0.17683133482933044,0.1550307422876358
63,S5,ComHvy,local,local,0,local,local,0,0.45955073833465576,0.5018887519836426,0.042338013648986816,0.0036175325512886047,0.08467602729797363,0.45955073833465576,0.5018887519836426,0.22969216108322144,0.20915210247039795,0.3107571005821228,0.2889591455459595
63,S5,BWHvy,local,local,0,local,local,0,0.5073271989822388,0.49364566802978516,-0.013681530952453613,0.0003895927220582962,0.02736307680606842,0.5073271989822388,0.49364566802978516,0.20482206344604492,0.20854882895946503,0.2878507077693939,0.2978054881095886
63,S6,LatCrit,local,local,0,local,BS1,1,0.47866290807724,0.45857805013656616,-0.020084857940673828,0.006570274010300636,0.10104218125343323,0.47866290807724,0.45857805013656616,0.30197617411613464,0.35249724984169006,0.21936094760894775,0.18892470002174377
63,S6,ComHvy,local,local,0,BS2,BS2,0,0.47284966707229614,0.4475952386856079,-0.025254428386688232,0.0018195267766714096,0.05224846303462982,0.47284966707229614,0.4475952386856079,0.23935982584953308,0.2384900003671646,0.28779053688049316,0.3139147460460663
63,S6,BWHvy,local,local,0,local,local,0,0.4700126647949219,0.4911382794380188,0.021125614643096924,0.0011877808719873428,0.04225124418735504,0.4700126647949219,0.4911382794380188,0.3015937805175781,0.29794028401374817,0.2283935397863388,0.21092140674591064
63,S7,LatCrit,local,local,0,local,local,0,0.5257975459098816,0.592790961265564,0.06699341535568237,0.009372822940349579,0.13398681581020355,0.5257975459098816,0.592790961265564,0.2435838133096695,0.20318906009197235,0.2306186407804489,0.20401999354362488
63,S7,ComHvy,local,local,0,BS2,BS2,0,0.46541261672973633,0.46200430393218994,-0.0034083127975463867,2.913281787186861e-05,0.006816565990447998,0.46541261672973633,0.46200430393218994,0.19950364530086517,0.2019834667444229,0.3350837826728821,0.33601221442222595
63,S7,BWHvy,local,local,0,local,local,0,0.45465904474258423,0.4608457088470459,0.00618666410446167,0.0007274849340319633,0.032993704080581665,0.45465904474258423,0.4608457088470459,0.3890344202518463,0.3725375831127167,0.15630652010440826,0.16661672294139862
63,S8,LatCrit,local,local,0,local,local,0,0.5333102941513062,0.5432736873626709,0.009963393211364746,0.00021233176812529564,0.019926726818084717,0.5333102941513062,0.5432736873626709,0.19224581122398376,0.18649151921272278,0.2744438648223877,0.2702348232269287
63,S8,ComHvy,local,local,0,local,local,0,0.457549512386322,0.455333948135376,-0.002215564250946045,0.00015692831948399544,0.015029340982437134,0.457549512386322,0.455333948135376,0.29717499017715454,0.3046896457672119,0.24527552723884583,0.2399764060974121
63,S8,BWHvy,local,local,0,BS2,BS2,0,0.46321189403533936,0.4685870409011841,0.0053751468658447266,0.0004764506593346596,0.02705131471157074,0.46321189403533936,0.4685870409011841,0.2227802872657776,0.23093079030513763,0.31400784850120544,0.3004821836948395
