probe_index,sensor_id,task_name,old_top1_choice,new_top1_choice,top1_changed,old_sampled_choice,new_sampled_choice,sampled_changed,old_top1_prob,new_top1_prob,top1_prob_delta,decision_kl,decision_l1,old_local_prob,new_local_prob,old_BS1_prob,new_BS1_prob,old_BS2_prob,new_BS2_prob
0,S1,LatCrit,local,local,0,local,local,0,0.7217667102813721,0.6849242448806763,-0.0368424654006958,0.004430443048477173,0.08240371942520142,0.7217667102813721,0.6849242448806763,0.025193236768245697,0.020833875983953476,0.25304001569747925,0.29424190521240234
0,S1,ComHvy,local,local,0,local,local,0,0.7385033965110779,0.756277322769165,0.017773926258087158,0.0008684539934620261,0.035547856241464615,0.7385033965110779,0.756277322769165,0.2543695271015167,0.23761510848999023,0.007127081044018269,0.006107569672167301
0,S1,BWHvy,local,local,0,local,local,0,0.940832793712616,0.962424635887146,0.02159184217453003,0.00601236941292882,0.04318367689847946,0.940832793712616,0.962424635887146,0.03519706800580025,0.019931389018893242,0.023970112204551697,0.017643960192799568
0,S2,LatCrit,local,local,0,local,local,0,0.8741364479064941,0.8357932567596436,-0.038343191146850586,0.01394588127732277,0.09865374863147736,0.8741364479064941,0.8357932567596436,0.054135389626026154,0.04315170273184776,0.07172819972038269,0.12105506658554077
0,S2,ComHvy,BS1,BS1,0,BS1,BS1,0,0.9031213521957397,0.9485981464385986,0.04547679424285889,0.022132080048322678,0.09095349907875061,0.0518336296081543,0.03548520803451538,0.9031213521957397,0.9485981464385986,0.04504500702023506,0.015916720032691956
0,S2,BWHvy,local,local,0,local,local,0,0.9475328922271729,0.9705370664596558,0.02300417423248291,0.007598665542900562,0.04600831866264343,0.9475328922271729,0.9705370664596558,0.0241985023021698,0.012938132509589195,0.028268586844205856,0.01652480848133564
0,S3,LatCrit,local,local,0,local,local,0,0.6209665536880493,0.599501371383667,-0.021465182304382324,0.002186385914683342,0.05572672188282013,0.6209665536880493,0.599501371383667,0.031819917261600494,0.025421729311347008,0.3472135663032532,0.37507691979408264
0,S3,ComHvy,local,local,0,local,local,0,0.6616185307502747,0.6336618065834045,-0.027956724166870117,0.016527358442544937,0.11214729398488998,0.6616185307502747,0.6336618065834045,0.05579568073153496,0.027678774669766426,0.2825857698917389,0.3386594355106354
0,S3,BWHvy,local,local,0,local,local,0,0.929243803024292,0.9583699703216553,0.02912616729736328,0.008948830887675285,0.058252353221178055,0.929243803024292,0.9583699703216553,0.03392019122838974,0.018868019804358482,0.03683603182435036,0.022762015461921692
0,S4,LatCrit,local,local,0,local,local,0,0.7621865272521973,0.8385018110275269,0.07631528377532959,0.028207186609506607,0.1615728735923767,0.7621865272521973,0.8385018110275269,0.18996241688728333,0.10917598009109497,0.0478510782122612,0.05232223495841026
0,S4,ComHvy,local,local,0,local,local,0,0.5652826428413391,0.5808297395706177,0.015547096729278564,0.0010053999722003937,0.03952574357390404,0.5652826428413391,0.5808297395706177,0.02677326649427414,0.030989039689302444,0.40794408321380615,0.388181209564209
0,S4,BWHvy,local,local,0,local,local,0,0.9552355408668518,0.9706034660339355,0.01536792516708374,0.003696504980325699,0.030735842883586884,0.9552355408668518,0.9706034660339355,0.028406646102666855,0.01966283656656742,0.01635778695344925,0.00973367877304554
0,S5,LatCrit,local,local,0,local,local,0,0.8083394169807434,0.7905994653701782,-0.017739951610565186,0.001307009719312191,0.035479918122291565,0.8083394169807434,0.7905994653701782,0.18038348853588104,0.19394570589065552,0.011277086101472378,0.015454835258424282
0,S5,ComHvy,local,local,0,local,local,0,0.9245189428329468,0.9318758845329285,0.0073569416999816895,0.000790898222476244,0.014713900163769722,0.9245189428329468,0.9318758845329285,0.03929676115512848,0.03885507956147194,0.03618432208895683,0.02926904521882534
0,S5,BWHvy,local,local,0,local,local,0,0.9308104515075684,0.9639897346496582,0.033179283142089844,0.012777483090758324,0.06635857373476028,0.9308104515075684,0.9639897346496582,0.039630867540836334,0.019280195236206055,0.029558701440691948,0.016730081290006638
0,S6,LatCrit,local,local,0,local,local,0,0.9174500107765198,0.9228933453559875,0.0054433345794677734,0.0002054590149782598,0.010886676609516144,0.9174500107765198,0.9228933453559875,0.07950878143310547,0.07435592263936996,0.0030411919578909874,0.002750708954408765
0,S6,ComHvy,BS1,BS1,0,BS1,BS1,0,0.5137438774108887,0.4404808580875397,-0.073263019323349,0.014371227473020554,0.1465260088443756,0.26568150520324707,0.27182745933532715,0.5137438774108887,0.4404808580875397,0.22057467699050903,0.28769171237945557
0,S6,BWHvy,local,local,0,local,local,0,0.9178791046142578,0.9446857571601868,0.026806652545928955,0.006193682551383972,0.0536133274435997,0.9178791046142578,0.9446857571601868,0.049991849809885025,0.03536786511540413,0.03212906792759895,0.019946375861763954
0,S7,LatCrit,local,local,0,local,local,0,0.6886316537857056,0.7401127219200134,0.05148106813430786,0.016810664907097816,0.1412537693977356,0.6886316537857056,0.7401127219200134,0.2460041642189026,0.1753772795200348,0.06536418199539185,0.08450999110937119
0,S7,ComHvy,BS1,BS1,0,local,local,0,0.5200769305229187,0.5638543963432312,0.0437774658203125,0.00867794081568718,0.08755497634410858,0.3736311197280884,0.36346495151519775,0.5200769305229187,0.5638543963432312,0.10629197210073471,0.07268062978982925
0,S7,BWHvy,local,local,0,local,local,0,0.9326550364494324,0.9557617902755737,0.023106753826141357,0.005543310195207596,0.04621351137757301,0.9326550364494324,0.9557617902755737,0.01888144575059414,0.011526837013661861,0.048463501036167145,0.03271135315299034
0,S8,LatCrit,local,local,0,BS2,local,1,0.5261069536209106,0.5364649891853333,0.010358035564422607,0.048547375947237015,0.189642533659935,0.5261069536209106,0.5364649891853333,0.04722820222377777,0.13169142603874207,0.4266648292541504,0.3318435549736023
0,S8,ComHvy,local,BS2,1,local,local,0,0.555297315120697,0.567862868309021,0.012565553188323975,0.037367962300777435,0.2642427086830139,0.555297315120697,0.42904263734817505,0.008961181156337261,0.003094484331086278,0.43574151396751404,0.567862868309021
0,S8,BWHvy,local,local,0,local,local,0,0.9119184017181396,0.9536589980125427,0.041740596294403076,0.015765799209475517,0.08348114788532257,0.9119184017181396,0.9536589980125427,0.03030151128768921,0.01560873631387949,0.05778006464242935,0.030732285231351852
1,S1,LatCrit,local,local,0,local,local,0,0.5451136827468872,0.5096604228019714,-0.03545325994491577,0.007141727954149246,0.1093677505850792,0.5451136827468872,0.5096604228019714,0.10105516016483307,0.08182453364133835,0.3538311719894409,0.4085150361061096
1,S1,ComHvy,local,local,0,BS1,local,1,0.5226517915725708,0.5765334963798523,0.053881704807281494,0.005933369509875774,0.1077633798122406,0.5226517915725708,0.5765334963798523,0.44088247418403625,0.3896018862724304,0.036465708166360855,0.03386462479829788
1,S1,BWHvy,local,local,0,local,local,0,0.3784027695655823,0.437441885471344,0.05903911590576172,0.015171348117291927,0.13428114354610443,0.3784027695655823,0.437441885471344,0.2525692880153656,0.1854286938905716,0.3690279722213745,0.3771294057369232
1,S2,LatCrit,local,local,0,local,local,0,0.5264713168144226,0.5901428461074829,0.0636715292930603,0.025577425956726074,0.16329960525035858,0.5264713168144226,0.5901428461074829,0.26125240325927734,0.27923065423965454,0.21227627992630005,0.13062645494937897
1,S2,ComHvy,BS1,BS1,0,BS1,BS1,0,0.9690027236938477,0.9839707612991333,0.014968037605285645,0.006820205599069595,0.02993619069457054,0.023732125759124756,0.013935446739196777,0.9690027236938477,0.9839707612991333,0.007265195250511169,0.0020937202498316765
1,S2,BWHvy,local,local,0,local,local,0,0.5357035398483276,0.5816006660461426,0.04589712619781494,0.0054868049919605255,0.09179431200027466,0.5357035398483276,0.5816006660461426,0.165537491440773,0.16374622285366058,0.29875901341438293,0.25465309619903564
1,S3,LatCrit,BS2,BS2,0,BS2,BS2,0,0.6926160454750061,0.6510459184646606,-0.04157012701034546,0.04558488354086876,0.17614036798477173,0.2387601137161255,0.32683026790618896,0.06862390041351318,0.02212381549179554,0.6926160454750061,0.6510459184646606
1,S3,ComHvy,local,local,0,local,local,0,0.7415429353713989,0.8417099714279175,0.10016703605651855,0.054599858820438385,0.20033405721187592,0.7415429353713989,0.8417099714279175,0.05215750262141228,0.011665303260087967,0.2062995731830597,0.14662475883960724
1,S3,BWHvy,local,local,0,local,local,0,0.5679996013641357,0.5403375625610352,-0.027662038803100586,0.0018291762098670006,0.055324047803878784,0.5679996013641357,0.5403375625610352,0.1641765683889389,0.18281511962413788,0.26782384514808655,0.27684730291366577
1,S4,LatCrit,local,local,0,local,local,0,0.6987180709838867,0.6585667133331299,-0.040151357650756836,0.08843367546796799,0.2681170105934143,0.6987180709838867,0.6585667133331299,0.1602967530488968,0.06638960540294647,0.14098520576953888,0.27504369616508484
1,S4,ComHvy,local,local,0,local,local,0,0.7576359510421753,0.8124563694000244,0.05482041835784912,0.010372035205364227,0.10964087396860123,0.7576359510421753,0.8124563694000244,0.0406065434217453,0.025000890716910362,0.2017575055360794,0.1625427007675171
1,S4,BWHvy,local,local,0,BS1,BS1,0,0.6142247915267944,0.5793612003326416,-0.03486359119415283,0.004147348925471306,0.07637040317058563,0.6142247915267944,0.5793612003326416,0.21107979118824005,0.24926498532295227,0.17469541728496552,0.17137379944324493
1,S5,LatCrit,BS1,local,1,BS1,BS1,0,0.532504141330719,0.47459810972213745,-0.05790603160858154,0.03861160948872566,0.26899245381355286,0.35148608684539795,0.47459810972213745,0.532504141330719,0.39800792932510376,0.11600975692272186,0.12739397585391998
1,S5,ComHvy,local,local,0,local,local,0,0.9042494893074036,0.9197401404380798,0.01549065113067627,0.0019098613411188126,0.030981294810771942,0.9042494893074036,0.9197401404380798,0.06102944537997246,0.054492320865392685,0.03472105413675308,0.025767534971237183
1,S5,BWHvy,local,local,0,local,local,0,0.43215101957321167,0.48146796226501465,0.04931694269180298,0.004893848672509193,0.09863381087779999,0.43215101957321167,0.48146796226501465,0.25692710280418396,0.2354518324136734,0.3109218180179596,0.28308022022247314
1,S6,LatCrit,local,local,0,local,local,0,0.7046421766281128,0.6659132242202759,-0.038728952407836914,0.004475825000554323,0.08464626967906952,0.7046421766281128,0.6659132242202759,0.2503698468208313,0.29269298911094666,0.044987935572862625,0.04139375686645508
1,S6,ComHvy,BS2,BS2,0,BS2,BS2,0,0.6035240888595581,0.6778097152709961,0.07428562641143799,0.012817390263080597,0.1485712230205536,0.23903465270996094,0.20296669006347656,0.15744124352931976,0.11922361701726913,0.6035240888595581,0.6778097152709961
1,S6,BWHvy,local,local,0,local,local,0,0.420462429523468,0.45149701833724976,0.03103458881378174,0.0024877050891518593,0.0620691180229187,0.420462429523468,0.45149701833724976,0.3089885711669922,0.28067874908447266,0.2705489993095398,0.26782429218292236
1,S7,LatCrit,BS1,BS1,0,BS1,BS1,0,0.4858689606189728,0.5560420155525208,0.07017305493354797,0.0127931609749794,0.14034610986709595,0.44780445098876953,0.40121692419052124,0.4858689606189728,0.5560420155525208,0.06632661074399948,0.0427410751581192
1,S7,ComHvy,local,local,0,local,local,0,0.6339315176010132,0.6682096719741821,0.034278154373168945,0.0038566049188375473,0.0685563012957573,0.6339315176010132,0.6682096719741821,0.08315598219633102,0.06431099772453308,0.2829124629497528,0.2674793004989624
1,S7,BWHvy,local,local,0,local,local,0,0.6857645511627197,0.6553258895874023,-0.030438661575317383,0.0024554580450057983,0.06228872388601303,0.6857645511627197,0.6553258895874023,0.05845166742801666,0.05774598568677902,0.25578373670578003,0.28692811727523804
1,S8,LatCrit,BS1,BS1,0,BS1,BS1,0,0.45816609263420105,0.5861612558364868,0.12799516320228577,0.13936200737953186,0.25599026679992676,0.3905524015426636,0.3840121030807495,0.45816609263420105,0.5861612558364868,0.15128149092197418,0.029826685786247253
1,S8,ComHvy,BS2,BS2,0,BS2,BS2,0,0.8153224587440491,0.8919366598129272,0.07661420106887817,0.02608194202184677,0.15322834253311157,0.17013370990753174,0.10120737552642822,0.01454378291964531,0.006855974439531565,0.8153224587440491,0.8919366598129272
1,S8,BWHvy,BS2,BS2,0,BS2,BS2,0,0.6006100177764893,0.5231971144676208,-0.07741290330886841,0.027156323194503784,0.21666093170642853,0.2893412113189697,0.397671639919281,0.110048808157444,0.07913120836019516,0.6006100177764893,0.5231971144676208
2,S1,LatCrit,local,local,0,local,local,0,0.6680920124053955,0.7177674770355225,0.04967546463012695,0.012978993356227875,0.09935099631547928,0.6680920124053955,0.7177674770355225,0.07867589592933655,0.04440515488386154,0.25323212146759033,0.237827330827713
2,S1,ComHvy,BS1,BS1,0,BS1,BS1,0,0.6078796982765198,0.684028685092926,0.07614898681640625,0.012939609587192535,0.15229791402816772,0.21177458763122559,0.1721503734588623,0.6078796982765198,0.684028685092926,0.18034568428993225,0.14382097125053406
2,S1,BWHvy,BS1,BS2,1,BS2,BS2,0,0.36891067028045654,0.3679733872413635,-0.0009372830390930176,0.005760498344898224,0.09604081511497498,0.30280542373657227,0.3111363649368286,0.36891067028045654,0.32089027762413025,0.3282839059829712,0.3679733872413635
2,S2,LatCrit,local,local,0,local,local,0,0.8483800888061523,0.882297933101654,0.03391784429550171,0.006291988305747509,0.06783565133810043,0.8483800888061523,0.882297933101654,0.10444388538599014,0.07414882630109787,0.04717599228024483,0.043553244322538376
2,S2,ComHvy,BS1,BS1,0,BS1,BS1,0,0.7678006887435913,0.8586916923522949,0.09089100360870361,0.1681176871061325,0.22645926475524902,0.1038019061088562,0.1261405348777771,0.7678006887435913,0.8586916923522949,0.1283974051475525,0.015167768113315105
2,S2,BWHvy,BS1,BS1,0,BS1,BS1,0,0.366827130317688,0.35949790477752686,-0.007329225540161133,0.003639940172433853,0.07464924454689026,0.3228544592857361,0.2928590774536133,0.366827130317688,0.35949790477752686,0.3103184103965759,0.34764304757118225
2,S3,LatCrit,local,local,0,BS2,local,1,0.5212990045547485,0.5757219791412354,0.054422974586486816,0.015006436966359615,0.10884594172239304,0.5212990045547485,0.5757219791412354,0.13004498183727264,0.08136754482984543,0.3486559987068176,0.3429104685783386
2,S3,ComHvy,local,local,0,local,local,0,0.8047618269920349,0.8829469084739685,0.0781850814819336,0.02782827988266945,0.1563701331615448,0.8047618269920349,0.8829469084739685,0.010895834304392338,0.0030589322559535503,0.18434232473373413,0.11399417370557785
2,S3,BWHvy,BS2,BS2,0,BS2,BS2,0,0.36340880393981934,0.37155959010124207,0.00815078616142273,0.0004112301394343376,0.026415646076202393,0.3176458477973938,0.32270288467407227,0.31894534826278687,0.30573752522468567,0.36340880393981934,0.37155959010124207
2,S4,LatCrit,local,local,0,local,local,0,0.54429030418396,0.5233666300773621,-0.0209236741065979,0.007795762270689011,0.08235186338424683,0.54429030418396,0.5233666300773621,0.05192827060818672,0.03167597949504852,0.4037814736366272,0.4449573755264282
2,S4,ComHvy,local,local,0,local,local,0,0.7070064544677734,0.8021879196166992,0.09518146514892578,0.03229781240224838,0.19036298990249634,0.7070064544677734,0.8021879196166992,0.27455878257751465,0.19302469491958618,0.018434787169098854,0.004787346348166466
2,S4,BWHvy,BS1,BS1,0,BS1,BS1,0,0.5140290260314941,0.5394449830055237,0.02541595697402954,0.0016517584444954991,0.0508318692445755,0.30799680948257446,0.2833547592163086,0.5140290260314941,0.5394449830055237,0.177974134683609,0.17720027267932892
2,S5,LatCrit,local,local,0,local,local,0,0.4766729474067688,0.5379161238670349,0.06124317646026611,0.09443458914756775,0.3372826874256134,0.4766729474067688,0.5379161238670349,0.19865508377552032,0.3060532510280609,0.32467198371887207,0.15603064000606537
2,S5,ComHvy,local,local,0,local,local,0,0.7176583409309387,0.780627429485321,0.06296908855438232,0.010944344103336334,0.12593820691108704,0.7176583409309387,0.780627429485321,0.27365243434906006,0.2118486911058426,0.008689239621162415,0.007523869629949331
2,S5,BWHvy,BS2,BS1,1,local,local,0,0.38341790437698364,0.4063325524330139,0.022914648056030273,0.005884561687707901,0.09540188312530518,0.25795048475265503,0.25594180822372437,0.35863161087036133,0.4063325524330139,0.38341790437698364,0.3377256393432617
2,S6,LatCrit,local,local,0,local,local,0,0.5220816731452942,0.5780255198478699,0.055943846702575684,0.007137659937143326,0.11188770830631256,0.5220816731452942,0.5780255198478699,0.18751679360866547,0.17745830118656158,0.29040154814720154,0.24451617896556854
2,S6,ComHvy,BS2,BS2,0,BS2,BS2,0,0.7167028188705444,0.8066050410270691,0.08990222215652466,0.026064462959766388,0.17980453372001648,0.2537328600883484,0.18029218912124634,0.029564330354332924,0.01310269720852375,0.7167028188705444,0.8066050410270691
2,S6,BWHvy,BS1,BS2,1,BS2,BS2,0,0.4254302978515625,0.5259560346603394,0.10052573680877686,0.028175562620162964,0.21859392523765564,0.15791064500808716,0.15458786487579346,0.4254302978515625,0.3194561302661896,0.41665905714035034,0.5259560346603394
2,S7,LatCrit,BS1,BS1,0,BS1,BS1,0,0.5687747001647949,0.5164889693260193,-0.052285730838775635,0.014430731534957886,0.14835141599178314,0.22275680303573608,0.20086687803268433,0.5687747001647949,0.5164889693260193,0.2084684520959854,0.28264421224594116
2,S7,ComHvy,BS2,BS2,0,BS2,BS2,0,0.47917309403419495,0.5522469282150269,0.07307383418083191,0.019652217626571655,0.18812942504882812,0.477946937084198,0.38388222455978394,0.042879968881607056,0.06387084722518921,0.47917309403419495,0.5522469282150269
2,S7,BWHvy,BS2,BS2,0,local,BS2,1,0.4861775040626526,0.5149044394493103,0.028726935386657715,0.004248753190040588,0.08413876593112946,0.32518845796585083,0.2831190824508667,0.18863403797149658,0.2019764930009842,0.4861775040626526,0.5149044394493103
2,S8,LatCrit,local,local,0,local,local,0,0.9090458750724792,0.928849458694458,0.01980358362197876,0.008170375600457191,0.03960714116692543,0.9090458750724792,0.928849458694458,0.08231952786445618,0.06938070058822632,0.008634580299258232,0.0017698510782793164
2,S8,ComHvy,BS2,BS2,0,BS2,BS2,0,0.7030406594276428,0.7715451717376709,0.06850451231002808,0.053078435361385345,0.20302914083003998,0.11240601539611816,0.14541608095169067,0.18455331027507782,0.08303874731063843,0.7030406594276428,0.7715451717376709
2,S8,BWHvy,BS2,BS2,0,BS2,BS2,0,0.5595661997795105,0.585286557674408,0.02572035789489746,0.0021715443581342697,0.059364765882492065,0.13456875085830688,0.13853079080581665,0.3058650493621826,0.2761826813220978,0.5595661997795105,0.585286557674408
3,S1,LatCrit,BS1,BS1,0,BS1,BS1,0,0.5504762530326843,0.5783072710037231,0.02783101797103882,0.02066550776362419,0.08985144644975662,0.36612439155578613,0.38321906328201294,0.5504762530326843,0.5783072710037231,0.08339940756559372,0.03847365081310272
3,S1,ComHvy,local,local,0,local,local,0,0.8378713726997375,0.8598817586898804,0.022010385990142822,0.003364523872733116,0.044020771980285645,0.8378713726997375,0.8598817586898804,0.002647960092872381,0.0006543017225340009,0.15948066115379333,0.13946393132209778
3,S1,BWHvy,BS1,BS1,0,BS1,BS1,0,0.5505362153053284,0.4968431890010834,-0.053693026304244995,0.011795823462307453,0.13651719689369202,0.22992902994155884,0.29818761348724365,0.5505362153053284,0.4968431890010834,0.21953478455543518,0.20496919751167297
3,S2,LatCrit,local,local,0,local,local,0,0.7284059524536133,0.7972943782806396,0.06888842582702637,0.030330635607242584,0.13777683675289154,0.7284059524536133,0.7972943782806396,0.17626185715198517,0.16212213039398193,0.09533216059207916,0.04058348014950752
3,S2,ComHvy,BS2,BS2,0,BS2,BS2,0,0.6162399649620056,0.7097383737564087,0.09349840879440308,0.037041909992694855,0.21813258528709412,0.2769978642463684,0.16793161630630493,0.1067621260881424,0.12233006209135056,0.6162399649620056,0.7097383737564087
3,S2,BWHvy,BS1,BS1,0,BS2,BS2,0,0.3989804983139038,0.3785024583339691,-0.020478039979934692,0.010530687868595123,0.12665197253227234,0.23450082540512085,0.2978268265724182,0.3989804983139038,0.3785024583339691,0.36651861667633057,0.3236706852912903
3,S3,LatCrit,BS1,BS1,0,BS1,BS1,0,0.6876870393753052,0.6270896196365356,-0.06059741973876953,0.017172493040561676,0.1539674699306488,0.2751816511154175,0.3521654009819031,0.6876870393753052,0.6270896196365356,0.03713131323456764,0.020745016634464264
3,S3,ComHvy,local,local,0,local,local,0,0.8192208409309387,0.8373605012893677,0.018139660358428955,0.007728472352027893,0.06560948491096497,0.8192208409309387,0.8373605012893677,0.1605766862630844,0.12777192890644073,0.02020246721804142,0.034867532551288605
3,S3,BWHvy,BS1,BS1,0,BS1,BS1,0,0.43076157569885254,0.41118329763412476,-0.019578278064727783,0.0012676699552685022,0.044414639472961426,0.2950228452682495,0.3172301650047302,0.43076157569885254,0.41118329763412476,0.27421554923057556,0.27158650755882263
3,S4,LatCrit,local,local,0,BS1,local,1,0.4546654224395752,0.553687572479248,0.09902215003967285,0.028322700411081314,0.22870391607284546,0.4546654224395752,0.553687572479248,0.44496384263038635,0.3306118845939636,0.10037074238061905,0.11570054292678833
3,S4,ComHvy,local,local,0,local,local,0,0.6062779426574707,0.6638423800468445,0.05756443738937378,0.014068007469177246,0.11512887477874756,0.6062779426574707,0.6638423800468445,0.2433100938796997,0.2369920164346695,0.15041197836399078,0.09916561841964722
3,S4,BWHvy,BS2,BS2,0,BS2,BS2,0,0.38544318079948425,0.3436153829097748,-0.04182779788970947,0.007860835641622543,0.11385872960090637,0.28302323818206787,0.33995258808135986,0.3315335810184479,0.31643199920654297,0.38544318079948425,0.3436153829097748
3,S5,LatCrit,BS2,BS2,0,BS2,BS2,0,0.7402158379554749,0.7015305757522583,-0.03868526220321655,0.004146616905927658,0.07737047225236893,0.1498226523399353,0.18099677562713623,0.10996155440807343,0.11747264117002487,0.7402158379554749,0.7015305757522583
3,S5,ComHvy,local,local,0,local,local,0,0.8678857088088989,0.8926030993461609,0.024717390537261963,0.0036016665399074554,0.049434758722782135,0.8678857088088989,0.8926030993461609,0.11200524866580963,0.09451796114444733,0.02010904997587204,0.012878967449069023
3,S5,BWHvy,BS1,BS1,0,BS1,BS1,0,0.4212108254432678,0.3811132311820984,-0.040097594261169434,0.013449113816022873,0.1533190906047821,0.27622002363204956,0.3528795838356018,0.4212108254432678,0.3811132311820984,0.3025691509246826,0.2660072147846222
3,S6,LatCrit,local,local,0,local,local,0,0.6654993295669556,0.6969829201698303,0.031483590602874756,0.0030506798066198826,0.06493309140205383,0.6654993295669556,0.6969829201698303,0.24878185987472534,0.21631528437137604,0.08571885526180267,0.08670178055763245
3,S6,ComHvy,BS1,BS1,0,BS1,BS1,0,0.8986576199531555,0.9371597170829773,0.03850209712982178,0.011900866404175758,0.07700425386428833,0.06973737478256226,0.04745948314666748,0.8986576199531555,0.9371597170829773,0.031605035066604614,0.015380773693323135
3,S6,BWHvy,BS2,BS2,0,BS1,BS1,0,0.45311465859413147,0.3894188702106476,-0.06369578838348389,0.010293640196323395,0.12739154696464539,0.18281227350234985,0.22856158018112183,0.3640730679035187,0.3820195198059082,0.45311465859413147,0.3894188702106476
3,S7,LatCrit,BS2,BS2,0,BS2,BS2,0,0.8285753130912781,0.7996442317962646,-0.028931081295013428,0.0032390952110290527,0.05786207690834999,0.12804794311523438,0.14265161752700806,0.04337678477168083,0.05770410597324371,0.8285753130912781,0.7996442317962646
3,S7,ComHvy,local,local,0,local,local,0,0.48620039224624634,0.6088680624961853,0.12266767024993896,0.030773386359214783,0.24533534049987793,0.48620039224624634,0.6088680624961853,0.4021958112716675,0.3059404194355011,0.11160378903150558,0.085191510617733
3,S7,BWHvy,local,local,0,BS1,BS1,0,0.3813668489456177,0.44970178604125977,0.06833493709564209,0.01091404352337122,0.13666990399360657,0.3813668489456177,0.44970178604125977,0.3674637973308563,0.3088238537311554,0.251169353723526,0.24147433042526245
3,S8,LatCrit,BS2,local,1,local,local,0,0.46831971406936646,0.3867667317390442,-0.08155298233032227,0.0344095416367054,0.19870562851428986,0.404114305973053,0.3867667317390442,0.12756596505641937,0.2269187867641449,0.46831971406936646,0.3863144814968109
3,S8,ComHvy,BS1,BS1,0,BS1,BS1,0,0.9133360981941223,0.946276843547821,0.03294074535369873,0.00913650169968605,0.06588153541088104,0.051349937915802,0.03276783227920532,0.9133360981941223,0.946276843547821,0.035314012318849564,0.02095533162355423
3,S8,BWHvy,BS1,BS1,0,BS1,BS1,0,0.6165982484817505,0.518064558506012,-0.09853368997573853,0.03200185298919678,0.23287858068943024,0.2328493595123291,0.3492886424064636,0.6165982484817505,0.518064558506012,0.15055236220359802,0.13264675438404083
4,S1,LatCrit,BS1,BS1,0,BS1,BS1,0,0.5395274758338928,0.6274729371070862,0.08794546127319336,0.03921625018119812,0.17589090764522552,0.3228282332420349,0.30911386013031006,0.5395274758338928,0.6274729371070862,0.13764427602291107,0.06341320276260376
4,S1,ComHvy,local,local,0,local,local,0,0.6297034621238708,0.5473533868789673,-0.08235007524490356,0.03324151039123535,0.22823020815849304,0.6297034621238708,0.5473533868789673,0.07386939227581024,0.04210438206791878,0.2964271306991577,0.41054224967956543
4,S1,BWHvy,local,local,0,local,local,0,0.5812608599662781,0.5615874528884888,-0.019673407077789307,0.002156965434551239,0.048357561230659485,0.5812608599662781,0.5615874528884888,0.2702842652797699,0.26577886939048767,0.14845485985279083,0.17263361811637878
4,S2,LatCrit,local,local,0,local,local,0,0.8015121221542358,0.8452641367912292,0.04375201463699341,0.00846533477306366,0.08750399947166443,0.8015121221542358,0.8452641367912292,0.1203126609325409,0.08393324166536331,0.07817520946264267,0.07080264389514923
4,S2,ComHvy,BS2,BS2,0,BS2,BS1,1,0.541401207447052,0.4397988021373749,-0.10160240530967712,0.04786340147256851,0.2618088722229004,0.29962533712387085,0.2703232765197754,0.15897352993488312,0.2898779511451721,0.541401207447052,0.4397988021373749
4,S2,BWHvy,local,local,0,local,local,0,0.4988783001899719,0.4747496247291565,-0.02412867546081543,0.010134804993867874,0.12312640249729156,0.4988783001899719,0.4747496247291565,0.23646780848503113,0.19903327524662018,0.26465389132499695,0.32621708512306213
4,S3,LatCrit,local,local,0,local,local,0,0.7988991141319275,0.8807359933853149,0.08183687925338745,0.02715769037604332,0.1636737585067749,0.7988991141319275,0.8807359933853149,0.06217149272561073,0.03697307035326958,0.13892938196659088,0.08229093253612518
4,S3,ComHvy,local,local,0,local,local,0,0.6326719522476196,0.6183909177780151,-0.014281034469604492,0.002968207001686096,0.04276178404688835,0.6326719522476196,0.6183909177780151,0.35080093145370483,0.37218186259269714,0.016527090221643448,0.009427270852029324
4,S3,BWHvy,local,local,0,local,local,0,0.5348169803619385,0.5358338356018066,0.001016855239868164,0.00032456032931804657,0.018234863877296448,0.5348169803619385,0.5358338356018066,0.2246846854686737,0.2155672311782837,0.2404983639717102,0.24859891831874847
4,S4,LatCrit,local,local,0,local,local,0,0.7118517160415649,0.6795802712440491,-0.03227144479751587,0.0203617624938488,0.13710883259773254,0.7118517160415649,0.6795802712440491,0.17883707582950592,0.1425541341304779,0.10931116342544556,0.17786560952663422
4,S4,ComHvy,BS2,BS2,0,BS2,BS2,0,0.7689658403396606,0.8429494500160217,0.07398360967636108,0.02288200706243515,0.1532723307609558,0.20438790321350098,0.12775170803070068,0.026646260172128677,0.02929879166185856,0.7689658403396606,0.8429494500160217
4,S4,BWHvy,local,local,0,local,local,0,0.5271703600883484,0.5109642744064331,-0.016206085681915283,0.0011060051620006561,0.03928442299365997,0.5271703600883484,0.5109642744064331,0.2528933584690094,0.2494572401046753,0.21993626654148102,0.2395784854888916
4,S5,LatCrit,local,local,0,local,local,0,0.5376137495040894,0.4899446964263916,-0.047669053077697754,0.008448652923107147,0.12507100403308868,0.5376137495040894,0.4899446964263916,0.13642798364162445,0.12156152725219727,0.325958251953125,0.38849374651908875
4,S5,ComHvy,local,local,0,local,local,0,0.6384275555610657,0.6865682005882263,0.048140645027160645,0.005440297070890665,0.09628129005432129,0.6384275555610657,0.6865682005882263,0.35361549258232117,0.3079236149787903,0.007956966757774353,0.005508201662451029
4,S5,BWHvy,local,local,0,local,local,0,0.5955033302307129,0.569765031337738,-0.025738298892974854,0.0040304772555828094,0.07851077616214752,0.5955033302307129,0.569765031337738,0.16034848988056183,0.14683139324188232,0.24414819478988647,0.28340357542037964
4,S6,LatCrit,local,local,0,local,local,0,0.8208483457565308,0.7792474031448364,-0.041600942611694336,0.005328864324837923,0.08320194482803345,0.8208483457565308,0.7792474031448364,0.16262851655483246,0.19892437756061554,0.016523096710443497,0.021828241646289825
4,S6,ComHvy,BS1,BS1,0,BS1,BS1,0,0.8541549444198608,0.8828015923500061,0.028646647930145264,0.008750373497605324,0.07173684239387512,0.10872143507003784,0.07285302877426147,0.8541549444198608,0.8828015923500061,0.03712357580661774,0.04434536397457123
4,S6,BWHvy,local,local,0,local,local,0,0.48584258556365967,0.5060924887657166,0.020249903202056885,0.01613481342792511,0.1425805687904358,0.48584258556365967,0.5060924887657166,0.22958414256572723,0.28062453866004944,0.2845732867717743,0.2132830172777176
4,S7,LatCrit,local,local,0,local,local,0,0.8228515982627869,0.8747212886810303,0.05186969041824341,0.013683944940567017,0.1037394106388092,0.8228515982627869,0.8747212886810303,0.04886917024850845,0.04465961828827858,0.12827923893928528,0.08061906695365906
4,S7,ComHvy,local,local,0,local,local,0,0.6324484348297119,0.611890971660614,-0.0205574631690979,0.01934633031487465,0.13647769391536713,0.6324484348297119,0.611890971660614,0.2390514314174652,0.19137005507946014,0.1285000890493393,0.19673894345760345
4,S7,BWHvy,local,local,0,local,local,0,0.5462417602539062,0.5694860219955444,0.023244261741638184,0.0017117143142968416,0.04648852348327637,0.5462417602539062,0.5694860219955444,0.22975105047225952,0.20678523182868958,0.22400715947151184,0.2237287163734436
4,S8,LatCrit,local,local,0,local,local,0,0.8990728855133057,0.917354166507721,0.018281280994415283,0.007118165493011475,0.052851587533950806,0.8990728855133057,0.917354166507721,0.01065053977072239,0.018795067444443703,0.09027654677629471,0.0638507679104805
4,S8,ComHvy,BS2,BS2,0,BS2,BS2,0,0.7463598251342773,0.842455267906189,0.09609544277191162,0.030664503574371338,0.19219094514846802,0.05833655595779419,0.039369821548461914,0.19530366361141205,0.11817490309476852,0.7463598251342773,0.842455267906189
4,S8,BWHvy,BS1,BS1,0,BS1,local,1,0.3891546130180359,0.3607448637485504,-0.028409749269485474,0.0018157865852117538,0.05681946873664856,0.32020455598831177,0.3404011130332947,0.3891546130180359,0.3607448637485504,0.29064083099365234,0.2988539934158325
5,S1,LatCrit,BS1,BS1,0,BS1,BS1,0,0.7682135105133057,0.81431645154953,0.046102941036224365,0.00859491340816021,0.09220576286315918,0.1571505069732666,0.13677024841308594,0.7682135105133057,0.81431645154953,0.07463591545820236,0.04891334846615791
5,S1,ComHvy,local,local,0,local,local,0,0.6102882623672485,0.5639365911483765,-0.04635167121887207,0.007868271321058273,0.10231035947799683,0.6102882623672485,0.5639365911483765,0.20344683527946472,0.19864332675933838,0.18626493215560913,0.23742011189460754
5,S1,BWHvy,local,local,0,local,local,0,0.6340347528457642,0.47349828481674194,-0.16053646802902222,0.05864254757761955,0.3210729658603668,0.6340347528457642,0.47349828481674194,0.16139796376228333,0.2822931110858917,0.20456725358963013,0.24420860409736633
5,S2,LatCrit,local,local,0,local,local,0,0.7500660419464111,0.7142754793167114,-0.03579056262969971,0.004095848649740219,0.07678630948066711,0.7500660419464111,0.7142754793167114,0.009472581557929516,0.006870007608085871,0.24046137928962708,0.2788545489311218
5,S2,ComHvy,BS2,BS1,1,BS1,BS1,0,0.4176206886768341,0.5204049348831177,0.10278424620628357,0.02727249637246132,0.23298197984695435,0.1784653663635254,0.14221107959747314,0.4039139449596405,0.5204049348831177,0.4176206886768341,0.3373839855194092
5,S2,BWHvy,local,BS2,1,local,local,0,0.5014668703079224,0.4327598512172699,-0.06870701909065247,0.02810761332511902,0.23374740779399872,0.5014668703079224,0.3845931887626648,0.1450616866350174,0.1826469600200653,0.35347139835357666,0.4327598512172699
5,S3,LatCrit,local,local,0,BS1,BS1,0,0.4861263036727905,0.5109013319015503,0.024775028228759766,0.03367716073989868,0.14154377579689026,0.4861263036727905,0.5109013319015503,0.38153278827667236,0.4275296628475189,0.1323409080505371,0.06156902760267258
5,S3,ComHvy,BS1,BS1,0,BS1,BS1,0,0.5527093410491943,0.558513343334198,0.005804002285003662,0.0004634866490960121,0.0169173926115036,0.4389724135398865,0.43051373958587646,0.5527093410491943,0.558513343334198,0.008318223990499973,0.010972940362989902
5,S3,BWHvy,local,BS2,1,local,local,0,0.4716227650642395,0.44326159358024597,-0.02836117148399353,0.028332717716693878,0.23222962021827698,0.4716227650642395,0.3555079698562622,0.16525393724441528,0.20123043656349182,0.3631232678890228,0.44326159358024597
5,S4,LatCrit,local,local,0,local,local,0,0.9210422039031982,0.9429838061332703,0.02194160223007202,0.005730093456804752,0.043883200734853745,0.9210422039031982,0.9429838061332703,0.05136643722653389,0.04244367405772209,0.02759132906794548,0.014572493731975555
5,S4,ComHvy,BS1,BS1,0,BS1,BS1,0,0.49118489027023315,0.5836742520332336,0.09248936176300049,0.026442714035511017,0.1849786341190338,0.2604218125343323,0.2519903779029846,0.49118489027023315,0.5836742520332336,0.24839326739311218,0.1643354296684265
5,S4,BWHvy,local,local,0,local,local,0,0.6689256429672241,0.5725681781768799,-0.09635746479034424,0.019776705652475357,0.19271492958068848,0.6689256429672241,0.5725681781768799,0.14733260869979858,0.19935297966003418,0.1837417185306549,0.22807881236076355
5,S5,LatCrit,local,local,0,local,local,0,0.852655291557312,0.7778242826461792,-0.07483100891113281,0.04088352620601654,0.19474923610687256,0.852655291557312,0.7778242826461792,0.09137311577796936,0.18874770402908325,0.055971626192331314,0.033427994698286057
5,S5,ComHvy,local,local,0,local,local,0,0.7846616506576538,0.8159630298614502,0.03130137920379639,0.007210705429315567,0.07895110547542572,0.7846616506576538,0.8159630298614502,0.060555242002010345,0.06872943788766861,0.15478308498859406,0.11530755460262299
5,S5,BWHvy,local,local,0,local,local,0,0.6176671385765076,0.4903569221496582,-0.12731021642684937,0.03440742567181587,0.25462037324905396,0.6176671385765076,0.4903569221496582,0.13629752397537231,0.20528990030288696,0.2460353523492813,0.30435314774513245
5,S6,LatCrit,local,local,0,local,local,0,0.902472972869873,0.899032711982727,-0.003440260887145996,6.98743388056755e-05,0.006966442335397005,0.902472972869873,0.899032711982727,0.0036109003704041243,0.003567947307601571,0.09391611069440842,0.09739933907985687
5,S6,ComHvy,BS2,BS2,0,BS2,BS2,0,0.6005832552909851,0.7435819506645203,0.14299869537353516,0.049649566411972046,0.2859973907470703,0.39161229133605957,0.2534340023994446,0.0078044189140200615,0.0029840145725756884,0.6005832552909851,0.7435819506645203
5,S6,BWHvy,local,local,0,local,BS2,1,0.4713783860206604,0.3643139600753784,-0.10706442594528198,0.02404749020934105,0.21412888169288635,0.4713783860206604,0.3643139600753784,0.24360552430152893,0.2869793474674225,0.28501608967781067,0.3487067222595215
5,S7,LatCrit,local,local,0,local,local,0,0.6849858164787292,0.7319169044494629,0.04693108797073364,0.011811602860689163,0.10487537831068039,0.6849858164787292,0.7319169044494629,0.17120909690856934,0.11877138167619705,0.14380508661270142,0.14931166172027588
5,S7,ComHvy,local,local,0,local,local,0,0.7264969348907471,0.7765278816223145,0.05003094673156738,0.02311202511191368,0.10006190091371536,0.7264969348907471,0.7765278816223145,0.19711622595787048,0.19095361232757568,0.07638682425022125,0.03251848369836807
5,S7,BWHvy,BS1,BS1,0,BS1,BS1,0,0.4284479022026062,0.45485833287239075,0.026410430669784546,0.015067622065544128,0.1492851972579956,0.3276076912879944,0.2529650926589966,0.4284479022026062,0.45485833287239075,0.24394440650939941,0.29217657446861267
5,S8,LatCrit,local,local,0,local,local,0,0.8519223928451538,0.8640159368515015,0.012093544006347656,0.0008968510664999485,0.024187110364437103,0.8519223928451538,0.8640159368515015,0.1080583706498146,0.10292374342679977,0.04001924768090248,0.033060308545827866
5,S8,ComHvy,local,local,0,local,local,0,0.718691349029541,0.6009332537651062,-0.11775809526443481,0.04764840006828308,0.2775043845176697,0.718691349029541,0.6009332537651062,0.08337225019931793,0.062378160655498505,0.19793638586997986,0.3366885781288147
5,S8,BWHvy,local,BS1,1,local,local,0,0.48228228092193604,0.46796315908432007,-0.014319121837615967,0.028937553986907005,0.23539383709430695,0.48228228092193604,0.3851200342178345,0.3502661883831024,0.46796315908432007,0.16745148599147797,0.14691686630249023
6,S1,LatCrit,BS1,BS1,0,BS1,BS1,0,0.8435937762260437,0.934616208076477,0.09102243185043335,0.050247516483068466,0.18204493820667267,0.10352814197540283,0.04507482051849365,0.8435937762260437,0.934616208076477,0.05287811905145645,0.020308930426836014
6,S1,ComHvy,local,local,0,local,local,0,0.936271071434021,0.9500932097434998,0.01382213830947876,0.0019381381571292877,0.02764425426721573,0.936271071434021,0.9500932097434998,0.014548423700034618,0.010374653153121471,0.04918050020933151,0.03953215479850769
6,S1,BWHvy,local,local,0,local,local,0,0.8287205696105957,0.7704725861549377,-0.05824798345565796,0.0138107780367136,0.11649595201015472,0.8287205696105957,0.7704725861549377,0.06730813533067703,0.11347122490406036,0.10397131741046906,0.11605619639158249
6,S2,LatCrit,BS2,BS2,0,BS2,BS2,0,0.4802674949169159,0.5749823451042175,0.09471485018730164,0.020986251533031464,0.1894296407699585,0.4577295184135437,0.3875918388366699,0.062002990394830704,0.037425875663757324,0.4802674949169159,0.5749823451042175
6,S2,ComHvy,BS1,BS2,1,BS1,BS2,1,0.5019126534461975,0.7540960907936096,0.2521834373474121,0.3379446864128113,0.702479362487793,0.09523093700408936,0.08920961618423462,0.5019126534461975,0.15669430792331696,0.40285637974739075,0.7540960907936096
6,S2,BWHvy,local,local,0,local,local,0,0.6391064524650574,0.5600741505622864,-0.079032301902771,0.013197951018810272,0.158064603805542,0.6391064524650574,0.5600741505622864,0.08654401451349258,0.11327872425317764,0.27434954047203064,0.3266471326351166
6,S3,LatCrit,local,local,0,local,local,0,0.5141652226448059,0.542488157749176,0.028322935104370117,0.0887845978140831,0.19413135945796967,0.5141652226448059,0.542488157749176,0.35628747940063477,0.4250302314758301,0.12954728305339813,0.032481610774993896
6,S3,ComHvy,BS1,BS1,0,BS1,BS1,0,0.8810279965400696,0.9410572052001953,0.06002920866012573,0.025581061840057373,0.12005844712257385,0.11799633502960205,0.05821216106414795,0.8810279965400696,0.9410572052001953,0.0009756587096489966,0.0007305924082174897
6,S3,BWHvy,local,local,0,local,local,0,0.7100157737731934,0.636137068271637,-0.0738787055015564,0.012249365448951721,0.14775744080543518,0.7100157737731934,0.636137068271637,0.08802461624145508,0.10736489295959473,0.20195958018302917,0.2564980387687683
6,S4,LatCrit,local,local,0,local,local,0,0.7153164148330688,0.7515894174575806,0.03627300262451172,0.010829519480466843,0.07254595309495926,0.7153164148330688,0.7515894174575806,0.2633395493030548,0.24115917086601257,0.021344004198908806,0.007251432631164789
6,S4,ComHvy,local,local,0,local,local,0,0.7029769420623779,0.7165516018867493,0.013574659824371338,0.001362701877951622,0.0395796038210392,0.7029769420623779,0.7165516018867493,0.04128190502524376,0.04749701917171478,0.2557412087917328,0.23595137894153595
6,S4,BWHvy,local,local,0,local,local,0,0.8108335733413696,0.764384388923645,-0.04644918441772461,0.0062993839383125305,0.09289838373661041,0.8108335733413696,0.764384388923645,0.03532180190086365,0.04349921643733978,0.15384463965892792,0.19211642444133759
6,S5,LatCrit,local,local,0,local,local,0,0.9123547077178955,0.8644706606864929,-0.04788404703140259,0.01133529283106327,0.09576809406280518,0.9123547077178955,0.8644706606864929,0.06002902239561081,0.09832823276519775,0.027616288512945175,0.03720112144947052
6,S5,ComHvy,local,local,0,local,local,0,0.6173043847084045,0.576218843460083,-0.04108554124832153,0.00350349023938179,0.08217112720012665,0.6173043847084045,0.576218843460083,0.009000635705888271,0.00944354198873043,0.3736949861049652,0.4143376648426056
6,S5,BWHvy,local,local,0,local,local,0,0.8395214676856995,0.7986345291137695,-0.04088693857192993,0.005499266088008881,0.08177386224269867,0.8395214676856995,0.7986345291137695,0.06281797587871552,0.07963886111974716,0.09766054898500443,0.12172658741474152
6,S6,LatCrit,local,local,0,local,local,0,0.6817508935928345,0.5947372317314148,-0.08701366186141968,0.0211673304438591,0.19250059127807617,0.6817508935928345,0.5947372317314148,0.028107712045311928,0.018871057778596878,0.29014143347740173,0.38639169931411743
6,S6,ComHvy,local,local,0,local,local,0,0.6571474075317383,0.6409929990768433,-0.01615440845489502,0.01040981337428093,0.07716768980026245,0.6571474075317383,0.6409929990768433,0.04764945060014725,0.02522004023194313,0.2952031195163727,0.3337869942188263
6,S6,BWHvy,local,local,0,local,local,0,0.7487903237342834,0.6836103200912476,-0.06518000364303589,0.012925934977829456,0.13036000728607178,0.7487903237342834,0.6836103200912476,0.11479809880256653,0.1676921844482422,0.13641157746315002,0.14869749546051025
6,S7,LatCrit,local,local,0,local,local,0,0.6776338219642639,0.6772130131721497,-0.0004208087921142578,0.0003532380796968937,0.015060096979141235,0.6776338219642639,0.6772130131721497,0.2009590119123459,0.19384975731372833,0.1214071661233902,0.12893719971179962
6,S7,ComHvy,local,local,0,local,local,0,0.5970182418823242,0.6380581855773926,0.04103994369506836,0.023763760924339294,0.13125905394554138,0.5970182418823242,0.6380581855773926,0.2559581995010376,0.2805477976799011,0.1470235139131546,0.0813940092921257
6,S7,BWHvy,local,local,0,local,local,0,0.6707639098167419,0.6232597827911377,-0.04750412702560425,0.006842739414423704,0.09677353501319885,0.6707639098167419,0.6232597827911377,0.1990499049425125,0.24743667244911194,0.13018618524074554,0.12930354475975037
6,S8,LatCrit,BS2,BS2,0,local,BS2,1,0.43930909037590027,0.6135703921318054,0.17426130175590515,0.07259690761566162,0.3485225439071655,0.37818729877471924,0.29396212100982666,0.1825036257505417,0.09246755391359329,0.43930909037590027,0.6135703921318054
6,S8,ComHvy,local,local,0,local,local,0,0.8112720847129822,0.8033549189567566,-0.007917165756225586,0.0004411740228533745,0.019293971359729767,0.8112720847129822,0.8033549189567566,0.11557760089635849,0.12522459030151367,0.07315030694007874,0.07142049074172974
6,S8,BWHvy,local,local,0,local,local,0,0.7461838126182556,0.6924756765365601,-0.05370813608169556,0.01706400141119957,0.14368729293346405,0.7461838126182556,0.6924756765365601,0.14809033274650574,0.21993397176265717,0.10572584718465805,0.08759032934904099
7,S1,LatCrit,BS1,BS1,0,BS1,BS1,0,0.6783778667449951,0.8227152824401855,0.14433741569519043,0.0632699579000473,0.28867483139038086,0.2132549285888672,0.12779396772384644,0.6783778667449951,0.8227152824401855,0.10836721956729889,0.04949074983596802
7,S1,ComHvy,local,local,0,local,local,0,0.552204430103302,0.5081671476364136,-0.04403728246688843,0.004128316417336464,0.08807453513145447,0.552204430103302,0.5081671476364136,0.2268248200416565,0.24108228087425232,0.2209707498550415,0.2507505416870117
7,S1,BWHvy,local,local,0,local,local,0,0.9279511570930481,0.902980625629425,-0.024970531463623047,0.003990484401583672,0.04994109645485878,0.9279511570930481,0.902980625629425,0.017045412212610245,0.02535821683704853,0.055003415793180466,0.07166117429733276
7,S2,LatCrit,local,local,0,local,local,0,0.8801411986351013,0.8845272660255432,0.0043860673904418945,9.335961658507586e-05,0.0087721087038517,0.8801411986351013,0.8845272660255432,0.07954183220863342,0.0765177309513092,0.04031696170568466,0.038955021649599075
7,S2,ComHvy,local,local,0,local,local,0,0.5403745174407959,0.5036499500274658,-0.03672456741333008,0.0722857117652893,0.2965957522392273,0.5403745174407959,0.5036499500274658,0.27534419298171997,0.1637708991765976,0.18428125977516174,0.3325791656970978
7,S2,BWHvy,local,local,0,local,local,0,0.7342691421508789,0.6521304845809937,-0.08213865756988525,0.015692133456468582,0.16427727043628693,0.7342691421508789,0.6521304845809937,0.08413118869066238,0.11576368659734726,0.1815996915102005,0.2321058064699173
7,S3,LatCrit,local,local,0,local,local,0,0.8720347881317139,0.9001844525337219,0.028149664402008057,0.009203862398862839,0.06811079382896423,0.8720347881317139,0.9001844525337219,0.03457625210285187,0.040481969714164734,0.09338897466659546,0.05933355912566185
7,S3,ComHvy,BS1,BS1,0,BS1,BS1,0,0.8855088949203491,0.9308527112007141,0.04534381628036499,0.013555031269788742,0.09068764746189117,0.11181247234344482,0.06779956817626953,0.8855088949203491,0.9308527112007141,0.0026786313392221928,0.0013477077009156346
7,S3,BWHvy,local,local,0,local,local,0,0.7828898429870605,0.7222447991371155,-0.06064504384994507,0.009692907333374023,0.12129013240337372,0.7828898429870605,0.7222447991371155,0.07663213461637497,0.09514237195253372,0.1404780000448227,0.1826128512620926
7,S4,LatCrit,local,local,0,local,local,0,0.8079718351364136,0.7745048403739929,-0.033466994762420654,0.005215122364461422,0.07721567153930664,0.8079718351364136,0.7745048403739929,0.16825926303863525,0.20686711370944977,0.023768870159983635,0.01862804777920246
7,S4,ComHvy,local,local,0,local,local,0,0.610970675945282,0.5848532915115356,-0.026117384433746338,0.002266872674226761,0.05934295430779457,0.610970675945282,0.5848532915115356,0.013344811275601387,0.009790700860321522,0.375684529542923,0.4053559899330139
7,S4,BWHvy,local,local,0,local,local,0,0.8241109848022461,0.7559754252433777,-0.06813555955886841,0.013806119561195374,0.1362711638212204,0.8241109848022461,0.7559754252433777,0.033221736550331116,0.04089071974158287,0.1426672339439392,0.20313385128974915
7,S5,LatCrit,local,local,0,local,local,0,0.869005560874939,0.7774432897567749,-0.09156227111816406,0.029140830039978027,0.18312451243400574,0.869005560874939,0.7774432897567749,0.03457504138350487,0.04346362501382828,0.09641943126916885,0.17909309267997742
7,S5,ComHvy,BS2,BS2,0,BS2,BS2,0,0.916656494140625,0.9568665623664856,0.040210068225860596,0.015572037547826767,0.08042012155056,0.06696528196334839,0.03419774770736694,0.016378207132220268,0.008935688994824886,0.916656494140625,0.9568665623664856
7,S5,BWHvy,local,local,0,local,local,0,0.8729669451713562,0.825353741645813,-0.04761320352554321,0.008524371311068535,0.09522641450166702,0.8729669451713562,0.825353741645813,0.04176824912428856,0.0574948787689209,0.08526478707790375,0.11715137213468552
7,S6,LatCrit,local,local,0,local,local,0,0.6745887994766235,0.6221567392349243,-0.05243206024169922,0.010464128106832504,0.12737730145454407,0.6745887994766235,0.6221567392349243,0.03687759116292,0.025620991364121437,0.28853359818458557,0.3522222340106964
7,S6,ComHvy,BS2,BS2,0,BS2,BS2,0,0.4683328866958618,0.5169442296028137,0.048611342906951904,0.013833321630954742,0.0972226932644844,0.42994147539138794,0.42221224308013916,0.10172565281391144,0.060843534767627716,0.4683328866958618,0.5169442296028137
7,S6,BWHvy,local,local,0,local,local,0,0.8758915066719055,0.846738874912262,-0.029152631759643555,0.005489828065037727,0.0583052784204483,0.8758915066719055,0.846738874912262,0.05145448446273804,0.07735786586999893,0.07265400886535645,0.0759032741189003
7,S7,LatCrit,local,local,0,local,local,0,0.919398844242096,0.9003986716270447,-0.01900017261505127,0.0035097182262688875,0.04298613592982292,0.919398844242096,0.9003986716270447,0.07442406564950943,0.09591715037822723,0.006177064497023821,0.003684187540784478
7,S7,ComHvy,local,local,0,local,local,0,0.6088058352470398,0.6382333040237427,0.02942746877670288,0.0021282583475112915,0.05885493755340576,0.6088058352470398,0.6382333040237427,0.04150908440351486,0.03435342758893967,0.34968507289886475,0.32741326093673706
7,S7,BWHvy,local,local,0,local,local,0,0.7188286185264587,0.6983636021614075,-0.02046501636505127,0.001167770940810442,0.040930017828941345,0.7188286185264587,0.6983636021614075,0.1523527055978775,0.1685057133436203,0.12881869077682495,0.13313068449497223
7,S8,LatCrit,local,local,0,local,local,0,0.7614880800247192,0.7692451477050781,0.007757067680358887,0.006484160199761391,0.05674952268600464,0.7614880800247192,0.7692451477050781,0.09907340258359909,0.07069867104291916,0.1394384801387787,0.1600562036037445
7,S8,ComHvy,local,local,0,local,local,0,0.8209419846534729,0.8601216673851013,0.03917968273162842,0.009333536028862,0.07835938781499863,0.8209419846534729,0.8601216673851013,0.13584691286087036,0.11677603423595428,0.04321111738681793,0.02310229279100895
7,S8,BWHvy,local,local,0,local,local,0,0.787010669708252,0.7064410448074341,-0.08056962490081787,0.017539996653795242,0.1611393243074417,0.787010669708252,0.7064410448074341,0.05857750400900841,0.09296403080224991,0.15441179275512695,0.200594961643219
8,S1,LatCrit,BS1,BS1,0,BS1,BS1,0,0.6854740977287292,0.8220597505569458,0.13658565282821655,0.055477552115917206,0.27317124605178833,0.24971354007720947,0.14642858505249023,0.6854740977287292,0.8220597505569458,0.06481228768825531,0.03151165693998337
8,S1,ComHvy,BS2,BS2,0,BS2,BS2,0,0.5620448589324951,0.5271447896957397,-0.03490006923675537,0.006736379116773605,0.07805647701025009,0.3268299102783203,0.32270175218582153,0.11112525314092636,0.1501535028219223,0.5620448589324951,0.5271447896957397
8,S1,BWHvy,local,local,0,local,local,0,0.8992565274238586,0.8986930847167969,-0.0005634427070617676,3.628781996667385e-06,0.0013881884515285492,0.8992565274238586,0.8986930847167969,0.023409370332956314,0.023278728127479553,0.07733408361673355,0.07802818715572357
8,S2,LatCrit,local,local,0,local,local,0,0.818038284778595,0.7848730087280273,-0.03316527605056763,0.003452455159276724,0.06633058190345764,0.818038284778595,0.7848730087280273,0.14669637382030487,0.1756306141614914,0.03526535630226135,0.039496418088674545
8,S2,ComHvy,local,local,0,local,local,0,0.8352550268173218,0.8627780675888062,0.027523040771484375,0.004778636619448662,0.055046044290065765,0.8352550268173218,0.8627780675888062,0.021428866311907768,0.011861730366945267,0.14331607520580292,0.12536020576953888
8,S2,BWHvy,local,local,0,local,local,0,0.8195584416389465,0.8141054511070251,-0.005452990531921387,9.919935837388039e-05,0.010905973613262177,0.8195584416389465,0.8141054511070251,0.07293884456157684,0.07527506351470947,0.10750272125005722,0.11061948537826538
8,S3,LatCrit,local,local,0,local,local,0,0.8268778324127197,0.7924745678901672,-0.03440326452255249,0.004834847059100866,0.06880649924278259,0.8268778324127197,0.7924745678901672,0.09261692315340042,0.12246078252792358,0.08050525188446045,0.08506462723016739
8,S3,ComHvy,local,local,0,local,local,0,0.6831508874893188,0.6079807281494141,-0.07517015933990479,0.012263708747923374,0.15071937441825867,0.6831508874893188,0.6079807281494141,0.3160168528556824,0.3913765549659729,0.0008322318899445236,0.0006427205516956747
8,S3,BWHvy,local,local,0,local,local,0,0.8375943899154663,0.830757737159729,-0.006836652755737305,0.0005061505362391472,0.01826588064432144,0.8375943899154663,0.830757737159729,0.07403695583343506,0.07174067944288254,0.08836866170167923,0.09750161319971085
8,S4,LatCrit,local,local,0,local,local,0,0.5513104796409607,0.5212281942367554,-0.030082285404205322,0.00698200985789299,0.10441187024116516,0.5513104796409607,0.5212281942367554,0.33228379487991333,0.3844897150993347,0.11640572547912598,0.09428206086158752
8,S4,ComHvy,local,local,0,local,local,0,0.5845043659210205,0.5841566920280457,-0.0003476738929748535,0.00694282166659832,0.042935580015182495,0.5845043659210205,0.5841566920280457,0.04993332549929619,0.02881319262087345,0.3655623197555542,0.38703009486198425
8,S4,BWHvy,local,local,0,local,local,0,0.8857374787330627,0.8844282031059265,-0.0013092756271362305,0.0004773600958287716,0.011145714670419693,0.8857374787330627,0.8844282031059265,0.03408679738640785,0.029823198914527893,0.0801757350564003,0.0857485756278038
8,S5,LatCrit,BS2,BS2,0,BS2,BS2,0,0.5779379606246948,0.6752241849899292,0.09728622436523438,0.023823730647563934,0.2027343064546585,0.3856884241104126,0.28432124853134155,0.03637364134192467,0.040454551577568054,0.5779379606246948,0.6752241849899292
8,S5,ComHvy,local,local,0,local,local,0,0.676650881767273,0.6450241804122925,-0.03162670135498047,0.005185902118682861,0.07713063061237335,0.676650881767273,0.6450241804122925,0.015844356268644333,0.00890576746314764,0.3075047433376312,0.3460700809955597
8,S5,BWHvy,local,local,0,local,local,0,0.9006084203720093,0.8959208130836487,-0.004687607288360596,0.00012269779108464718,0.0093751922249794,0.9006084203720093,0.8959208130836487,0.03148987889289856,0.03258449584245682,0.06790173053741455,0.0714946985244751
8,S6,LatCrit,local,local,0,local,BS2,1,0.6408320665359497,0.5970934629440308,-0.043738603591918945,0.004366360604763031,0.09026041626930237,0.6408320665359497,0.5970934629440308,0.008783672004938126,0.0073920805007219315,0.35038426518440247,0.39551448822021484
8,S6,ComHvy,local,BS2,1,local,BS2,1,0.44718194007873535,0.5898799300193787,0.1426979899406433,0.08554595708847046,0.37888991832733154,0.44718194007873535,0.2662108540534973,0.15238308906555176,0.14390920102596283,0.4004349708557129,0.5898799300193787
8,S6,BWHvy,local,local,0,local,local,0,0.873542070388794,0.8790470957756042,0.005505025386810303,0.0020188577473163605,0.02765587344765663,0.873542070388794,0.8790470957756042,0.040551379323005676,0.04887430742383003,0.0859065130352974,0.07207859307527542
8,S7,LatCrit,local,local,0,local,local,0,0.8898071050643921,0.8609100580215454,-0.02889704704284668,0.019025199115276337,0.092827208340168,0.8898071050643921,0.8609100580215454,0.0801115557551384,0.1265251636505127,0.030081305652856827,0.01256475318223238
8,S7,ComHvy,local,local,0,local,local,0,0.7855024933815002,0.796101450920105,0.010598957538604736,0.003643033094704151,0.03060813620686531,0.7855024933815002,0.796101450920105,0.04394875466823578,0.02864469215273857,0.17054873704910278,0.17525385320186615
8,S7,BWHvy,local,local,0,local,local,0,0.724398672580719,0.7852146029472351,0.06081593036651611,0.010782387107610703,0.12163189053535461,0.724398672580719,0.7852146029472351,0.15148189663887024,0.11180813610553741,0.12411944568157196,0.10297724604606628
8,S8,LatCrit,local,local,0,local,local,0,0.9058467745780945,0.9216896295547485,0.015842854976654053,0.0030780588276684284,0.03315582498908043,0.9058467745780945,0.9216896295547485,0.05820252746343613,0.041624631732702255,0.035950690507888794,0.0366857647895813
8,S8,ComHvy,BS1,BS1,0,BS1,BS1,0,0.7255525588989258,0.8158627152442932,0.09031015634536743,0.029023122042417526,0.1887899935245514,0.2553991675376892,0.1610041856765747,0.7255525588989258,0.8158627152442932,0.019048292189836502,0.023133154958486557
8,S8,BWHvy,local,local,0,local,local,0,0.7775509357452393,0.7858275771141052,0.008276641368865967,0.0015554409474134445,0.03197817504405975,0.7775509357452393,0.7858275771141052,0.1128641739487648,0.09687507897615433,0.10958490520715714,0.11729734390974045
9,S1,LatCrit,BS1,BS1,0,BS1,BS1,0,0.5763621926307678,0.6442651748657227,0.06790298223495483,0.041027314960956573,0.1851060390472412,0.23974692821502686,0.2643969655036926,0.5763621926307678,0.6442651748657227,0.18389086425304413,0.09133785218000412
9,S1,ComHvy,BS1,BS1,0,BS1,BS1,0,0.4916101396083832,0.4778849482536316,-0.013725191354751587,0.002581339329481125,0.05314283072948456,0.3618583083152771,0.3490120768547058,0.4916101396083832,0.4778849482536316,0.14653156697750092,0.1731029748916626
9,S1,BWHvy,local,local,0,local,local,0,0.6242809295654297,0.7214741706848145,0.09719324111938477,0.02213357388973236,0.19438651204109192,0.6242809295654297,0.7214741706848145,0.13840143382549286,0.10245218127965927,0.23731769621372223,0.17607368528842926
9,S2,LatCrit,local,local,0,local,local,0,0.8900188207626343,0.9082865118980408,0.018267691135406494,0.002036597579717636,0.03653537854552269,0.8900188207626343,0.9082865118980408,0.028412604704499245,0.02168978564441204,0.08156857639551163,0.07002370804548264
9,S2,ComHvy,BS1,BS2,1,BS1,BS2,1,0.6129171252250671,0.5425745248794556,-0.07034260034561157,0.09159022569656372,0.4242487847805023,0.05663269758224487,0.04298508167266846,0.6129171252250671,0.4144403338432312,0.3304501473903656,0.5425745248794556
9,S2,BWHvy,local,local,0,local,local,0,0.5719349384307861,0.6688637733459473,0.09692883491516113,0.02036752551794052,0.19385765492916107,0.5719349384307861,0.6688637733459473,0.20700472593307495,0.15949112176895142,0.22106033563613892,0.1716451197862625
9,S3,LatCrit,local,local,0,local,local,0,0.7887454032897949,0.8230750560760498,0.03432965278625488,0.014417408034205437,0.06865926831960678,0.7887454032897949,0.8230750560760498,0.16375496983528137,0.15689322352409363,0.04749958962202072,0.020031722262501717
9,S3,ComHvy,local,local,0,local,local,0,0.7201240062713623,0.6754971742630005,-0.044626832008361816,0.024782277643680573,0.15127965807914734,0.7201240062713623,0.6754971742630005,0.2201090306043625,0.29574882984161377,0.05976700037717819,0.02875397726893425
9,S3,BWHvy,local,local,0,local,local,0,0.6268528699874878,0.7036228775978088,0.07677000761032104,0.015269143506884575,0.15354005992412567,0.6268528699874878,0.7036228775978088,0.1661166250705719,0.1178530752658844,0.2070305496454239,0.17852404713630676
9,S4,LatCrit,local,local,0,local,local,0,0.5057992935180664,0.6150126457214355,0.10921335220336914,0.02978585660457611,0.2184266746044159,0.5057992935180664,0.6150126457214355,0.433365136384964,0.35395798087120056,0.06083553656935692,0.03102937527000904
9,S4,ComHvy,local,local,0,local,local,0,0.6496021151542664,0.6325900554656982,-0.017012059688568115,0.006823930889368057,0.07732265442609787,0.6496021151542664,0.6325900554656982,0.24119135737419128,0.21954208612442017,0.10920653492212296,0.1478678584098816
9,S4,BWHvy,local,local,0,local,local,0,0.5821551084518433,0.6687383651733398,0.08658325672149658,0.021397612988948822,0.17316649854183197,0.5821551084518433,0.6687383651733398,0.20526300370693207,0.13707779347896576,0.21258190274238586,0.19418387115001678
9,S5,LatCrit,local,local,0,local,local,0,0.5257822871208191,0.49755150079727173,-0.028230786323547363,0.006743971258401871,0.09043113887310028,0.5257822871208191,0.49755150079727173,0.15680408477783203,0.20201964676380157,0.31741365790367126,0.3004288673400879
9,S5,ComHvy,local,local,0,local,local,0,0.8538450598716736,0.8163719177246094,-0.03747314214706421,0.005982205271720886,0.07920468598604202,0.8538450598716736,0.8163719177246094,0.007722935639321804,0.005593746434897184,0.13843199610710144,0.17803435027599335
9,S5,BWHvy,local,local,0,local,local,0,0.6186317205429077,0.7242869734764099,0.1056552529335022,0.02642647549510002,0.2113104611635208,0.6186317205429077,0.7242869734764099,0.17984208464622498,0.12501275539398193,0.20152616500854492,0.15070028603076935
9,S6,LatCrit,BS2,BS2,0,BS2,BS2,0,0.6499884724617004,0.6667822003364563,0.01679372787475586,0.01653595268726349,0.05447779968380928,0.3073253035545349,0.31777048110961914,0.04268622770905495,0.01544733252376318,0.6499884724617004,0.6667822003364563
9,S6,ComHvy,local,local,0,local,local,0,0.5173962116241455,0.5070393085479736,-0.010356903076171875,0.010344212874770164,0.06231765076518059,0.5173962116241455,0.5070393085479736,0.03831382468342781,0.017511911690235138,0.4442899525165558,0.4754487872123718
9,S6,BWHvy,local,local,0,local,local,0,0.5048812627792358,0.6224722266197205,0.11759096384048462,0.02856798842549324,0.23518194258213043,0.5048812627792358,0.6224722266197205,0.18350902199745178,0.13810721039772034,0.3116097152233124,0.239420548081398
9,S7,LatCrit,local,local,0,local,local,0,0.9222665429115295,0.9492362141609192,0.02696967124938965,0.010750005021691322,0.053939320147037506,0.9222665429115295,0.9492362141609192,0.035912465304136276,0.03169746696949005,0.04182099550962448,0.019066346809267998
9,S7,ComHvy,local,local,0,local,local,0,0.7915931940078735,0.8424521088600159,0.050858914852142334,0.015029814094305038,0.10171779245138168,0.7915931940078735,0.8424521088600159,0.15273289382457733,0.1306154429912567,0.05567387491464615,0.026932448148727417
9,S7,BWHvy,local,local,0,local,local,0,0.41018372774124146,0.5043581128120422,0.09417438507080078,0.018006231635808945,0.18834881484508514,0.41018372774124146,0.5043581128120422,0.34177568554878235,0.29324236512184143,0.24804061651229858,0.20239950716495514
9,S8,LatCrit,local,local,0,local,local,0,0.6831164360046387,0.7783745527267456,0.09525811672210693,0.02433466538786888,0.19051626324653625,0.6831164360046387,0.7783745527267456,0.22927843034267426,0.16391946375370026,0.08760512620210648,0.05770595371723175
9,S8,ComHvy,BS1,BS1,0,BS1,BS1,0,0.47664737701416016,0.6253101825714111,0.14866280555725098,0.04741481691598892,0.29732561111450195,0.37393438816070557,0.2528160810470581,0.47664737701416016,0.6253101825714111,0.1494182050228119,0.12187371402978897
9,S8,BWHvy,BS2,local,1,BS2,BS2,0,0.39199259877204895,0.4639549255371094,0.07196232676506042,0.034159690141677856,0.2238367199897766,0.3536745309829712,0.4639549255371094,0.25433284044265747,0.2559708058834076,0.39199259877204895,0.28007423877716064
10,S1,LatCrit,BS1,BS1,0,BS1,BS1,0,0.5774561762809753,0.6349096894264221,0.05745351314544678,0.007192987948656082,0.11490696668624878,0.10305720567703247,0.0841556191444397,0.5774561762809753,0.6349096894264221,0.3194866478443146,0.28093478083610535
10,S1,ComHvy,BS1,BS1,0,BS1,BS1,0,0.6122563481330872,0.587693989276886,-0.024562358856201172,0.006565043702721596,0.07782664149999619,0.3523697853088379,0.3912830948829651,0.6122563481330872,0.587693989276886,0.03537386283278465,0.021022891625761986
10,S1,BWHvy,local,local,0,local,local,0,0.6550018787384033,0.7275770902633667,0.07257521152496338,0.013012625277042389,0.14515042304992676,0.6550018787384033,0.7275770902633667,0.10099218785762787,0.07417596876621246,0.24400594830513,0.19824695587158203
10,S2,LatCrit,local,local,0,local,local,0,0.853960394859314,0.8843519687652588,0.030391573905944824,0.004212245345115662,0.06078317016363144,0.853960394859314,0.8843519687652588,0.011223089881241322,0.008974803611636162,0.134816512465477,0.10667320340871811
10,S2,ComHvy,BS1,BS1,0,BS1,BS1,0,0.5820220708847046,0.5699723362922668,-0.012049734592437744,0.0007655825465917587,0.03416699171066284,0.05401498079299927,0.0489811897277832,0.5820220708847046,0.5699723362922668,0.36396297812461853,0.38104644417762756
10,S2,BWHvy,local,local,0,local,local,0,0.6626777648925781,0.7193607091903687,0.05668294429779053,0.008069271221756935,0.11336591839790344,0.6626777648925781,0.7193607091903687,0.12141378968954086,0.09450783580541611,0.2159084677696228,0.18613144755363464
10,S3,LatCrit,local,local,0,local,local,0,0.7278104424476624,0.7519412040710449,0.02413076162338257,0.0029778974130749702,0.04826151952147484,0.7278104424476624,0.7519412040710449,0.2089848816394806,0.2007719874382019,0.06320466846227646,0.047286804765462875
10,S3,ComHvy,local,local,0,local,local,0,0.6057299375534058,0.632387638092041,0.026657700538635254,0.0015820030821487308,0.054239217191934586,0.6057299375534058,0.632387638092041,0.38985365629196167,0.3627340495586395,0.004416384268552065,0.004878292791545391
10,S3,BWHvy,local,local,0,local,local,0,0.61784827709198,0.6690447330474854,0.05119645595550537,0.0069807227700948715,0.10239294171333313,0.61784827709198,0.6690447330474854,0.1315099447965622,0.10166668891906738,0.250641793012619,0.22928856313228607
10,S4,LatCrit,BS1,BS1,0,BS1,BS1,0,0.7754838466644287,0.7947086691856384,0.019224822521209717,0.0020704688504338264,0.038449712097644806,0.19403213262557983,0.18349653482437134,0.7754838466644287,0.7947086691856384,0.030484097078442574,0.02179480530321598
10,S4,ComHvy,local,local,0,local,local,0,0.8497353196144104,0.8830392956733704,0.03330397605895996,0.019981561228632927,0.06786631047725677,0.8497353196144104,0.8830392956733704,0.0542575903236866,0.020324425771832466,0.0960070937871933,0.09663626551628113
10,S4,BWHvy,local,local,0,local,local,0,0.7077314853668213,0.73045814037323,0.02272665500640869,0.00258433585986495,0.04545334726572037,0.7077314853668213,0.73045814037323,0.08728978782892227,0.06923359632492065,0.20497874915599823,0.20030824840068817
10,S5,LatCrit,local,local,0,local,local,0,0.7564612627029419,0.8141555786132812,0.057694315910339355,0.012798957526683807,0.11538860946893692,0.7564612627029419,0.8141555786132812,0.18293815851211548,0.15053710341453552,0.06060056388378143,0.035307325422763824
10,S5,ComHvy,local,local,0,local,local,0,0.8895873427391052,0.896931529045105,0.007344186305999756,0.0002951622009277344,0.014688367024064064,0.8895873427391052,0.896931529045105,0.00021919095888733864,0.00015050158253870904,0.11019344627857208,0.10291795432567596
10,S5,BWHvy,local,local,0,local,local,0,0.7399861812591553,0.7972992658615112,0.05731308460235596,0.009872743859887123,0.1146262139081955,0.7399861812591553,0.7972992658615112,0.09389349818229675,0.06834156811237335,0.16612033545970917,0.13435913622379303
10,S6,LatCrit,BS2,BS2,0,BS2,BS2,0,0.7368937134742737,0.8059035539627075,0.06900984048843384,0.014952123165130615,0.1380195915699005,0.2454729676246643,0.18468928337097168,0.017633305862545967,0.009407236240804195,0.7368937134742737,0.8059035539627075
10,S6,ComHvy,local,local,0,BS2,BS2,0,0.5164755582809448,0.5008650422096252,-0.01561051607131958,0.004019724205136299,0.03818480670452118,0.5164755582809448,0.5008650422096252,0.004402161575853825,0.0009202536311931908,0.4791223108768463,0.4982146918773651
10,S6,BWHvy,local,local,0,local,local,0,0.6739189624786377,0.7445380687713623,0.07061910629272461,0.012869928032159805,0.141238272190094,0.6739189624786377,0.7445380687713623,0.13193631172180176,0.10992532223463058,0.19414475560188293,0.14553657174110413
10,S7,LatCrit,local,local,0,local,local,0,0.8344212770462036,0.8290151357650757,-0.00540614128112793,0.022216228768229485,0.05794219672679901,0.8344212770462036,0.8290151357650757,0.13381394743919373,0.16278502345085144,0.03176478296518326,0.00819980539381504
10,S7,ComHvy,local,local,0,local,local,0,0.7121785879135132,0.7874736785888672,0.075295090675354,0.01747276447713375,0.150590181350708,0.7121785879135132,0.7874736785888672,0.24017255008220673,0.18548116087913513,0.047648824751377106,0.02704511769115925
10,S7,BWHvy,local,local,0,local,local,0,0.6444353461265564,0.6712134480476379,0.026778101921081543,0.0025774184614419937,0.053556203842163086,0.6444353461265564,0.6712134480476379,0.17673839628696442,0.15128043293952942,0.17882627248764038,0.17750613391399384
10,S8,LatCrit,BS2,BS1,1,BS1,BS1,0,0.43828266859054565,0.40252718329429626,-0.03575548529624939,0.012668512761592865,0.15462428331375122,0.21138489246368408,0.2365022897720337,0.3503324091434479,0.40252718329429626,0.43828266859054565,0.36097055673599243
10,S8,ComHvy,BS1,BS2,1,BS1,BS2,1,0.4743932783603668,0.3838023245334625,-0.0905909538269043,0.06333042681217194,0.33234405517578125,0.3079764246940613,0.24227899312973022,0.4743932783603668,0.37391868233680725,0.2176302969455719,0.3838023245334625
10,S8,BWHvy,local,local,0,local,local,0,0.6241607666015625,0.7054359912872314,0.08127522468566895,0.015176787972450256,0.16255034506320953,0.6241607666015625,0.7054359912872314,0.18060952425003052,0.14173991978168488,0.1952296495437622,0.15282413363456726
11,S1,LatCrit,BS2,BS2,0,BS1,BS2,1,0.5377155542373657,0.5877642035484314,0.050048649311065674,0.006583705544471741,0.1000974029302597,0.2515396475791931,0.24056315422058105,0.21074481308460236,0.17167255282402039,0.5377155542373657,0.5877642035484314
11,S1,ComHvy,BS1,BS1,0,BS1,BS1,0,0.6774870157241821,0.6093435287475586,-0.06814348697662354,0.01003885455429554,0.13628695905208588,0.3087272047996521,0.3726727366447449,0.6774870157241821,0.6093435287475586,0.013785802759230137,0.017983747646212578
11,S1,BWHvy,local,local,0,local,local,0,0.7354274988174438,0.7647847533226013,0.02935725450515747,0.0027800695970654488,0.05871448665857315,0.7354274988174438,0.7647847533226013,0.09477202594280243,0.07776582986116409,0.16980044543743134,0.157449409365654
11,S2,LatCrit,local,local,0,BS2,BS2,0,0.6478190422058105,0.5756623148918152,-0.07215672731399536,0.019094008952379227,0.14431342482566833,0.6478190422058105,0.5756623148918152,0.021987419575452805,0.054480865597724915,0.33019354939460754,0.3698568046092987
11,S2,ComHvy,BS1,BS1,0,BS1,BS1,0,0.9843220114707947,0.9894750714302063,0.005153059959411621,0.0014159344136714935,0.010306096635758877,0.009779870510101318,0.0075324177742004395,0.9843220114707947,0.9894750714302063,0.005898141302168369,0.002992557128891349
11,S2,BWHvy,local,local,0,local,local,0,0.7070900201797485,0.7348718047142029,0.027781784534454346,0.004516135901212692,0.0704573392868042,0.7070900201797485,0.7348718047142029,0.10248658061027527,0.10993348062038422,0.1904233694076538,0.1551947146654129
11,S3,LatCrit,local,local,0,local,local,0,0.8405829071998596,0.8800808787345886,0.039497971534729004,0.0068095289170742035,0.07899594306945801,0.8405829071998596,0.8800808787345886,0.10231409966945648,0.07603847980499268,0.05710297450423241,0.04388062655925751
11,S3,ComHvy,local,local,0,local,local,0,0.7256168127059937,0.7285199165344238,0.0029031038284301758,0.015720056369900703,0.03962292522192001,0.7256168127059937,0.7285199165344238,0.027558650821447372,0.007747145369648933,0.24682459235191345,0.26373291015625
11,S3,BWHvy,local,local,0,local,local,0,0.7401928901672363,0.7624680399894714,0.022275149822235107,0.00135701522231102,0.04455028474330902,0.7401928901672363,0.7624680399894714,0.09852490574121475,0.09132695943117142,0.16128216683864594,0.14620497822761536
11,S4,LatCrit,BS1,BS1,0,BS1,BS1,0,0.5806001424789429,0.5478759407997131,-0.032724201679229736,0.009694591164588928,0.09427386522293091,0.3175724744796753,0.30315977334976196,0.5806001424789429,0.5478759407997131,0.10182735323905945,0.1489643156528473
11,S4,ComHvy,local,local,0,local,local,0,0.7876428365707397,0.8487652540206909,0.06112241744995117,0.016525357961654663,0.12224485725164413,0.7876428365707397,0.8487652540206909,0.18679288029670715,0.14051182568073273,0.02556430734694004,0.010722923092544079
11,S4,BWHvy,local,local,0,local,local,0,0.7652961015701294,0.7612811923027039,-0.004014909267425537,0.00040440820157527924,0.017242982983589172,0.7652961015701294,0.7612811923027039,0.11795604974031448,0.12657754123210907,0.11674783378839493,0.11214125156402588
11,S5,LatCrit,local,local,0,local,local,0,0.5857701301574707,0.682037889957428,0.09626775979995728,0.022761432453989983,0.19253553450107574,0.5857701301574707,0.682037889957428,0.3848870098590851,0.30308058857917786,0.029342899098992348,0.014881541021168232
11,S5,ComHvy,local,local,0,local,local,0,0.8623820543289185,0.8175622224807739,-0.04481983184814453,0.007228367030620575,0.08963966369628906,0.8623820543289185,0.8175622224807739,0.0028585016261786222,0.003749946365132928,0.13475944101810455,0.17868782579898834
11,S5,BWHvy,local,local,0,local,local,0,0.7423076629638672,0.7617799043655396,0.019472241401672363,0.003071974962949753,0.047086454927921295,0.7423076629638672,0.7617799043655396,0.14141203463077545,0.14548301696777344,0.11628031730651855,0.09273708611726761
11,S6,LatCrit,local,BS2,1,local,BS2,1,0.48534709215164185,0.540693461894989,0.05534636974334717,0.04315809905529022,0.29304155707359314,0.48534709215164185,0.3675147294998169,0.12048021703958511,0.0917917788028717,0.39417269825935364,0.540693461894989
11,S6,ComHvy,local,local,0,local,local,0,0.5915366411209106,0.6702990531921387,0.07876241207122803,0.015740737318992615,0.15752491354942322,0.5915366411209106,0.6702990531921387,0.005017551593482494,0.001349073019810021,0.403445839881897,0.32835182547569275
11,S6,BWHvy,local,local,0,local,local,0,0.7632031440734863,0.7968119382858276,0.03360879421234131,0.012103152461349964,0.0951324924826622,0.7632031440734863,0.7968119382858276,0.14099812507629395,0.09343186020851135,0.09579873085021973,0.10975616425275803
11,S7,LatCrit,local,local,0,local,local,0,0.7099467515945435,0.7375743389129639,0.02762758731842041,0.0022035641595721245,0.055255211889743805,0.7099467515945435,0.7375743389129639,0.20175355672836304,0.18771572411060333,0.08829972892999649,0.0747099369764328
11,S7,ComHvy,BS1,BS1,0,local,local,0,0.4522833526134491,0.4710944890975952,0.018811136484146118,0.0034151412546634674,0.05311550199985504,0.4106411933898926,0.418387770652771,0.4522833526134491,0.4710944890975952,0.1370755136013031,0.1105177253484726
11,S7,BWHvy,local,local,0,local,local,0,0.8078559637069702,0.8189757466316223,0.0111197829246521,0.0006786873564124107,0.022959426045417786,0.8078559637069702,0.8189757466316223,0.0749828889966011,0.07534283399581909,0.11716113239526749,0.10568143427371979
11,S8,LatCrit,BS1,BS1,0,BS1,BS1,0,0.6682923436164856,0.77192622423172,0.10363388061523438,0.05409519001841545,0.20726779103279114,0.23403793573379517,0.1960899829864502,0.6682923436164856,0.77192622423172,0.09766975790262222,0.03198379650712013
11,S8,ComHvy,BS2,BS2,0,BS2,BS2,0,0.6908310055732727,0.779703676700592,0.08887267112731934,0.044023506343364716,0.22328606247901917,0.25655877590179443,0.14491575956344604,0.05261021852493286,0.0753805935382843,0.6908310055732727,0.779703676700592
11,S8,BWHvy,local,local,0,local,local,0,0.7246048450469971,0.7773661613464355,0.05276131629943848,0.009159110486507416,0.10552261024713516,0.7246048450469971,0.7773661613464355,0.07369294762611389,0.0702747330069542,0.20170217752456665,0.15235909819602966
12,S1,LatCrit,local,local,0,local,local,0,0.7215994596481323,0.7366898655891418,0.015090405941009521,0.0023357083555310965,0.030180778354406357,0.7215994596481323,0.7366898655891418,0.037642497569322586,0.026309974491596222,0.240758016705513,0.23700016736984253
12,S1,ComHvy,BS1,BS1,0,BS1,BS1,0,0.9716485738754272,0.9812070727348328,0.009558498859405518,0.0021574958227574825,0.019116993993520737,0.026378273963928223,0.01761561632156372,0.9716485738754272,0.9812070727348328,0.0019731007050722837,0.0011772637953981757
12,S1,BWHvy,local,local,0,local,local,0,0.6591261625289917,0.5938332080841064,-0.06529295444488525,0.01113058626651764,0.13742390275001526,0.6591261625289917,0.5938332080841064,0.0745849758386612,0.07116598635911942,0.2662888765335083,0.3350008428096771
12,S2,LatCrit,local,local,0,local,local,0,0.6051890254020691,0.5659694671630859,-0.039219558238983154,0.00328049436211586,0.07843910157680511,0.6051890254020691,0.5659694671630859,0.10178378224372864,0.11669673025608063,0.29302719235420227,0.31733378767967224
12,S2,ComHvy,BS1,BS1,0,BS1,BS1,0,0.8818471431732178,0.8470926284790039,-0.03475451469421387,0.008276209235191345,0.07952737808227539,0.10688060522079468,0.14664429426193237,0.8818471431732178,0.8470926284790039,0.011272274889051914,0.0062631042674183846
12,S2,BWHvy,local,local,0,local,local,0,0.7286548614501953,0.6327152252197266,-0.09593963623046875,0.020994432270526886,0.1918792426586151,0.7286548614501953,0.6327152252197266,0.10255289822816849,0.13090600073337555,0.1687922477722168,0.2363787591457367
12,S3,LatCrit,local,local,0,local,local,0,0.9084141254425049,0.9349073171615601,0.026493191719055176,0.005939509719610214,0.05298638343811035,0.9084141254425049,0.9349073171615601,0.005093608051538467,0.001993203070014715,0.08649229258298874,0.06309950351715088
12,S3,ComHvy,local,local,0,local,local,0,0.6443427801132202,0.6738470792770386,0.02950429916381836,0.003607193473726511,0.05900862067937851,0.6443427801132202,0.6738470792770386,0.10326915234327316,0.08087004721164703,0.2523880898952484,0.2452828735113144
12,S3,BWHvy,local,local,0,local,local,0,0.6467874050140381,0.591907262802124,-0.05488014221191406,0.0063396599143743515,0.1097603291273117,0.6467874050140381,0.591907262802124,0.13953112065792084,0.16203810274600983,0.21368145942687988,0.24605466425418854
12,S4,LatCrit,BS1,BS1,0,BS1,BS1,0,0.5106382369995117,0.48763251304626465,-0.02300572395324707,0.0343254953622818,0.2009919434785843,0.3357737064361572,0.25828343629837036,0.5106382369995117,0.48763251304626465,0.15358807146549225,0.2540840208530426
12,S4,ComHvy,local,local,0,local,local,0,0.650938868522644,0.6761517524719238,0.025212883949279785,0.007157560437917709,0.05042582005262375,0.650938868522644,0.6761517524719238,0.05183730274438858,0.02979390323162079,0.297223836183548,0.2940542995929718
12,S4,BWHvy,local,local,0,local,local,0,0.6012298464775085,0.4870567321777344,-0.11417311429977417,0.02621474862098694,0.22834622859954834,0.6012298464775085,0.4870567321777344,0.22286471724510193,0.28650763630867004,0.17590542137622833,0.2264356166124344
12,S5,LatCrit,local,local,0,local,local,0,0.5783356428146362,0.5950723886489868,0.016736745834350586,0.007324092090129852,0.08817830681800842,0.5783356428146362,0.5950723886489868,0.3462948799133301,0.30220574140548706,0.0753694623708725,0.10272188484668732
12,S5,ComHvy,BS2,BS2,0,BS2,BS2,0,0.49367839097976685,0.5386895537376404,0.045011162757873535,0.00420726090669632,0.09002231061458588,0.4923163652420044,0.4502744674682617,0.014005239121615887,0.011035986244678497,0.49367839097976685,0.5386895537376404
12,S5,BWHvy,local,local,0,local,local,0,0.7158591747283936,0.6388421058654785,-0.07701706886291504,0.013459261506795883,0.15403413772583008,0.7158591747283936,0.6388421058654785,0.11217200011014938,0.137351393699646,0.17196886241436005,0.22380653023719788
12,S6,LatCrit,local,local,0,local,local,0,0.7516632080078125,0.6954532861709595,-0.05620992183685303,0.010630682110786438,0.11241978406906128,0.7516632080078125,0.6954532861709595,0.10143578052520752,0.10216060280799866,0.14690104126930237,0.20238608121871948
12,S6,ComHvy,BS2,local,1,BS2,local,1,0.500727117061615,0.6897120475769043,0.1889849305152893,0.09236875176429749,0.40494638681411743,0.48723888397216797,0.6897120475769043,0.012033991515636444,0.002807652810588479,0.500727117061615,0.30748024582862854
12,S6,BWHvy,local,local,0,local,local,0,0.5885141491889954,0.5341399312019348,-0.05437421798706055,0.00643201544880867,0.10874845087528229,0.5885141491889954,0.5341399312019348,0.18818619847297668,0.2022409290075302,0.22329965233802795,0.26361915469169617
12,S7,LatCrit,local,local,0,local,local,0,0.9121097326278687,0.9176731109619141,0.00556337833404541,0.0005611318629235029,0.011126733385026455,0.9121097326278687,0.9176731109619141,0.08452948927879333,0.08040633052587509,0.0033607908990234137,0.0019205943681299686
12,S7,ComHvy,BS2,BS2,0,local,BS2,1,0.47904571890830994,0.49818962812423706,0.019143909215927124,0.005656268447637558,0.09074975550174713,0.29787611961364746,0.2525012493133545,0.2230781465768814,0.24930912256240845,0.47904571890830994,0.49818962812423706
12,S7,BWHvy,local,local,0,local,local,0,0.6872234344482422,0.5918644666671753,-0.0953589677810669,0.019468747079372406,0.19071796536445618,0.6872234344482422,0.5918644666671753,0.07188296318054199,0.09666948765516281,0.24089360237121582,0.3114660680294037
12,S8,LatCrit,local,local,0,local,local,0,0.6134719848632812,0.5636333227157593,-0.04983866214752197,0.03589417412877083,0.2048264741897583,0.6134719848632812,0.5636333227157593,0.2743646204471588,0.3767778277397156,0.11216340959072113,0.05958881229162216
12,S8,ComHvy,BS2,BS2,0,BS2,BS2,0,0.8656063675880432,0.8880292177200317,0.022422850131988525,0.003858691081404686,0.044845715165138245,0.11155134439468384,0.09859317541122437,0.02284233272075653,0.013377636671066284,0.8656063675880432,0.8880292177200317
12,S8,BWHvy,local,local,0,local,local,0,0.6027184724807739,0.518688440322876,-0.08403003215789795,0.014285780489444733,0.1680600345134735,0.6027184724807739,0.518688440322876,0.03780330717563629,0.04455111175775528,0.35947826504707336,0.43676045536994934
13,S1,LatCrit,BS2,BS1,1,BS2,BS1,1,0.4576020836830139,0.48434171080589294,0.02673962712287903,0.08007478713989258,0.3715876638889313,0.20069444179534912,0.24385005235671997,0.34170350432395935,0.48434171080589294,0.4576020836830139,0.2718082368373871
13,S1,ComHvy,BS1,BS1,0,BS1,BS1,0,0.7739483714103699,0.643625020980835,-0.1303233504295349,0.06179450452327728,0.2990732789039612,0.08051753044128418,0.06130421161651611,0.7739483714103699,0.643625020980835,0.14553408324718475,0.29507070779800415
13,S1,BWHvy,BS1,local,1,BS2,BS2,0,0.3747035562992096,0.34518975019454956,-0.029513806104660034,0.0040977876633405685,0.08538806438446045,0.3184843063354492,0.34518975019454956,0.3747035562992096,0.33200955390930176,0.3068121075630188,0.32280072569847107
13,S2,LatCrit,local,local,0,local,local,0,0.7318283319473267,0.7470793724060059,0.0152510404586792,0.0014867279678583145,0.03740006685256958,0.7318283319473267,0.7470793724060059,0.11908619850873947,0.12253522127866745,0.14908543229103088,0.13038542866706848
13,S2,ComHvy,BS2,BS2,0,BS2,BS2,0,0.5611292719841003,0.5844786167144775,0.023349344730377197,0.0420437790453434,0.10249485075473785,0.3685935139656067,0.3964915871620178,0.07027721405029297,0.019029781222343445,0.5611292719841003,0.5844786167144775
13,S2,BWHvy,local,local,0,local,local,0,0.38486194610595703,0.4107934236526489,0.025931477546691895,0.0014734398573637009,0.05186295509338379,0.38486194610595703,0.4107934236526489,0.3191036880016327,0.3010611832141876,0.2960343658924103,0.28814539313316345
13,S3,LatCrit,local,local,0,local,local,0,0.8660106062889099,0.9000528454780579,0.03404223918914795,0.012652086094021797,0.0680844858288765,0.8660106062889099,0.9000528454780579,0.11770633608102798,0.09562122076749802,0.01628306694328785,0.004325936548411846
13,S3,ComHvy,local,local,0,local,local,0,0.6365455389022827,0.6546010375022888,0.018055498600006104,0.006752545014023781,0.03922721743583679,0.6365455389022827,0.6546010375022888,0.32011115550994873,0.3216692805290222,0.04334327578544617,0.023729683831334114
13,S3,BWHvy,BS2,BS2,0,BS1,BS1,0,0.3367796838283539,0.3715802729129791,0.034800589084625244,0.007555320858955383,0.11122831702232361,0.33064430952072144,0.3514578938484192,0.3325760066509247,0.2769618630409241,0.3367796838283539,0.3715802729129791
13,S4,LatCrit,BS1,BS1,0,BS1,BS1,0,0.9456524848937988,0.957395613193512,0.011743128299713135,0.0038100099191069603,0.023486219346523285,0.03284144401550293,0.031381964683532715,0.9456524848937988,0.957395613193512,0.021506110206246376,0.01122249849140644
13,S4,ComHvy,BS2,BS2,0,BS2,BS2,0,0.4655417501926422,0.5934562087059021,0.1279144585132599,0.05330939590930939,0.255828857421875,0.366932213306427,0.326249361038208,0.1675260066986084,0.08029446750879288,0.4655417501926422,0.5934562087059021
13,S4,BWHvy,BS2,BS2,0,BS2,BS2,0,0.46214666962623596,0.5282900333404541,0.06614336371421814,0.01551242545247078,0.13228671252727509,0.2974037528038025,0.2973477244377136,0.24044954776763916,0.17436222732067108,0.46214666962623596,0.5282900333404541
13,S5,LatCrit,BS2,BS2,0,BS2,BS2,0,0.4917416274547577,0.5043155550956726,0.012573927640914917,0.00036168377846479416,0.025147855281829834,0.24789685010910034,0.245078444480896,0.26036155223846436,0.2506060302257538,0.4917416274547577,0.5043155550956726
13,S5,ComHvy,local,local,0,local,local,0,0.7691547870635986,0.7309272885322571,-0.03822749853134155,0.004441887140274048,0.07860133051872253,0.7691547870635986,0.7309272885322571,0.002110533183440566,0.0010373682016506791,0.22873468697071075,0.268035352230072
13,S5,BWHvy,local,local,0,local,local,0,0.4516788721084595,0.46354925632476807,0.011870384216308594,0.0022216718643903732,0.05703270435333252,0.4516788721084595,0.46354925632476807,0.27684393525123596,0.2483275830745697,0.27147719264030457,0.28812316060066223
13,S6,LatCrit,local,local,0,local,local,0,0.6402234435081482,0.7200608253479004,0.0798373818397522,0.03784576803445816,0.1596747636795044,0.6402234435081482,0.7200608253479004,0.1020110473036766,0.04061279445886612,0.2577655017375946,0.2393263727426529
13,S6,ComHvy,local,local,0,local,local,0,0.7757295370101929,0.8860116600990295,0.11028212308883667,0.05077168717980385,0.22056421637535095,0.7757295370101929,0.8860116600990295,0.16024193167686462,0.07410770654678345,0.06402851641178131,0.039880648255348206
13,S6,BWHvy,local,local,0,local,local,0,0.40065062046051025,0.43715977668762207,0.036509156227111816,0.01907629519701004,0.17747929692268372,0.40065062046051025,0.43715977668762207,0.2061130404472351,0.25834351778030396,0.393236368894577,0.304496705532074
13,S7,LatCrit,local,local,0,BS2,local,1,0.6083784103393555,0.646868109703064,0.038489699363708496,0.05151994526386261,0.22898705303668976,0.6083784103393555,0.646868109703064,0.09783142805099487,0.17383521795272827,0.29379022121429443,0.17929665744304657
13,S7,ComHvy,local,local,0,local,local,0,0.5720195770263672,0.5768957734107971,0.004876196384429932,0.014527242630720139,0.07032865285873413,0.5720195770263672,0.5768957734107971,0.356669157743454,0.3869572579860687,0.07131132483482361,0.036146968603134155
13,S7,BWHvy,BS1,BS1,0,local,local,0,0.3994065523147583,0.40917277336120605,0.009766221046447754,0.0014817407354712486,0.04995712637901306,0.3693752884864807,0.344396710395813,0.3994065523147583,0.40917277336120605,0.231218159198761,0.24643048644065857
13,S8,LatCrit,BS2,BS2,0,BS2,BS2,0,0.9425599575042725,0.9531739354133606,0.010613977909088135,0.004685986787080765,0.03085624799132347,0.03999316692352295,0.024565041065216064,0.017446916550397873,0.022261060774326324,0.9425599575042725,0.9531739354133606
13,S8,ComHvy,BS1,BS1,0,BS1,BS1,0,0.6582044959068298,0.6939684748649597,0.03576397895812988,0.004447849467396736,0.07152798771858215,0.31787109375,0.2911573648452759,0.6582044959068298,0.6939684748649597,0.023924414068460464,0.014874134212732315
13,S8,BWHvy,local,local,0,local,local,0,0.6927446722984314,0.7103463411331177,0.01760166883468628,0.0033324677497148514,0.05260409414768219,0.6927446722984314,0.7103463411331177,0.1700199693441391,0.1787203550338745,0.1372353732585907,0.1109333336353302
14,S1,LatCrit,BS2,BS2,0,BS2,BS2,0,0.4474402964115143,0.4719635844230652,0.024523288011550903,0.004054887220263481,0.0778828114271164,0.27717941999435425,0.29159754514694214,0.27538028359413147,0.23643888533115387,0.4474402964115143,0.4719635844230652
14,S1,ComHvy,BS1,BS1,0,BS1,BS1,0,0.6896783709526062,0.8452088236808777,0.15553045272827148,0.10426579415798187,0.31106090545654297,0.11311584711074829,0.08952248096466064,0.6896783709526062,0.8452088236808777,0.1972058117389679,0.06526874005794525
14,S1,BWHvy,local,local,0,local,local,0,0.4211128354072571,0.4434693455696106,0.022356510162353516,0.0029595298692584038,0.07189950346946716,0.4211128354072571,0.4434693455696106,0.34677523374557495,0.31082549691200256,0.23211190104484558,0.24570515751838684
14,S2,LatCrit,local,local,0,local,local,0,0.5977942943572998,0.6692030429840088,0.07140874862670898,0.012609795667231083,0.14653408527374268,0.5977942943572998,0.6692030429840088,0.3613021671772003,0.288035124540329,0.04090351611375809,0.04276181012392044
14,S2,ComHvy,local,local,0,local,local,0,0.6237326860427856,0.6796135306358337,0.055880844593048096,0.030318569391965866,0.11488977074623108,0.6237326860427856,0.6796135306358337,0.10008304566144943,0.042638149112463,0.2761842906475067,0.27774831652641296
14,S2,BWHvy,local,local,0,local,local,0,0.5974326729774475,0.6335069537162781,0.036074280738830566,0.002767309546470642,0.07214854657649994,0.5974326729774475,0.6335069537162781,0.20255985856056213,0.1846381574869156,0.20000746846199036,0.18185490369796753
14,S3,LatCrit,local,local,0,local,local,0,0.5501928329467773,0.6041995286941528,0.05400669574737549,0.006990581750869751,0.10801337659358978,0.5501928329467773,0.6041995286941528,0.06066647171974182,0.0449063666164875,0.38914066553115845,0.35089409351348877
14,S3,ComHvy,local,local,0,BS1,BS1,0,0.6418858766555786,0.7363981008529663,0.0945122241973877,0.027100134640932083,0.20379295945167542,0.6418858766555786,0.7363981008529663,0.3307842016220093,0.22888772189617157,0.027329903095960617,0.03471415489912033
14,S3,BWHvy,local,local,0,local,local,0,0.5355855822563171,0.5226414799690247,-0.01294410228729248,0.0010579084046185017,0.04114069044589996,0.5355855822563171,0.5226414799690247,0.27035847306251526,0.29092881083488464,0.1940559595823288,0.1864297091960907
14,S4,LatCrit,BS1,BS1,0,BS1,BS1,0,0.5812764167785645,0.5515921711921692,-0.029684245586395264,0.011028777807950974,0.09766554087400436,0.32671457529067993,0.3075660467147827,0.5812764167785645,0.5515921711921692,0.09200901538133621,0.1408417820930481
14,S4,ComHvy,local,local,0,local,local,0,0.6031680107116699,0.6237056255340576,0.020537614822387695,0.007786670234054327,0.054768141359090805,0.6031680107116699,0.6237056255340576,0.06986736506223679,0.04248329624533653,0.3269646465778351,0.33381110429763794
14,S4,BWHvy,local,local,0,local,local,0,0.6014681458473206,0.5662562847137451,-0.03521186113357544,0.0035634557716548443,0.07042369246482849,0.6014681458473206,0.5662562847137451,0.2032855898141861,0.23673295974731445,0.19524627923965454,0.19701074063777924
14,S5,LatCrit,BS2,BS2,0,BS2,BS2,0,0.6863772869110107,0.8091021776199341,0.12272489070892334,0.08139563351869583,0.24544976651668549,0.18751615285873413,0.15506327152252197,0.12610654532909393,0.03583454713225365,0.6863772869110107,0.8091021776199341
14,S5,ComHvy,local,local,0,local,local,0,0.6727041006088257,0.635513424873352,-0.03719067573547363,0.04117785394191742,0.20370927453041077,0.6727041006088257,0.635513424873352,0.15986211597919464,0.2617167532444,0.16743381321430206,0.10276985168457031
14,S5,BWHvy,local,local,0,local,local,0,0.6302576065063477,0.6429643630981445,0.012706756591796875,0.007945474237203598,0.08712692558765411,0.6302576065063477,0.6429643630981445,0.21663281321525574,0.17306935787200928,0.1531095951795578,0.18396630883216858
14,S6,LatCrit,local,local,0,local,local,0,0.782741904258728,0.850623369216919,0.06788146495819092,0.02412618324160576,0.13576295971870422,0.782741904258728,0.850623369216919,0.16744977235794067,0.12985019385814667,0.0498083271086216,0.019526418298482895
14,S6,ComHvy,local,local,0,local,local,0,0.6606665849685669,0.7413989901542664,0.08073240518569946,0.04445221647620201,0.1614648550748825,0.6606665849685669,0.7413989901542664,0.27977022528648376,0.24351303279399872,0.059563226997852325,0.015087968669831753
14,S6,BWHvy,local,local,0,local,local,0,0.6063883304595947,0.6046082377433777,-0.001780092716217041,0.00029327813535928726,0.016028836369514465,0.6063883304595947,0.6046082377433777,0.1473146378993988,0.15532906353473663,0.24629701673984528,0.24006269872188568
14,S7,LatCrit,local,local,0,local,local,0,0.6276842355728149,0.5532788634300232,-0.07440537214279175,0.01161415409296751,0.1488107442855835,0.6276842355728149,0.5532788634300232,0.27071723341941833,0.33200427889823914,0.10159853845834732,0.11471685767173767
14,S7,ComHvy,local,local,0,local,local,0,0.8030206561088562,0.8153519630432129,0.01233130693435669,0.0010618120431900024,0.024662578478455544,0.8030206561088562,0.8153519630432129,0.011387758888304234,0.007718935143202543,0.18559157848358154,0.17692913115024567
14,S7,BWHvy,local,local,0,local,local,0,0.4811566472053528,0.478401243686676,-0.002755403518676758,0.0029551293700933456,0.057590872049331665,0.4811566472053528,0.478401243686676,0.3012697398662567,0.27522972226142883,0.2175735980272293,0.24636904895305634
14,S8,LatCrit,BS2,BS2,0,BS2,BS2,0,0.9673068523406982,0.981369137763977,0.014062285423278809,0.005055972374975681,0.028124511241912842,0.01869148015975952,0.00882178544998169,0.014001617208123207,0.00980908703058958,0.9673068523406982,0.981369137763977
14,S8,ComHvy,local,BS1,1,local,BS1,1,0.5509954690933228,0.4388224184513092,-0.11217305064201355,0.034771379083395004,0.24095728993415833,0.5509954690933228,0.4305168390274048,0.3745756447315216,0.4388224184513092,0.07442886382341385,0.1306607574224472
14,S8,BWHvy,local,local,0,local,local,0,0.7506065964698792,0.767698347568512,0.017091751098632812,0.008717888034880161,0.06572344899177551,0.7506065964698792,0.767698347568512,0.09207985550165176,0.0592181459069252,0.1573135256767273,0.17308351397514343
15,S1,LatCrit,BS2,local,1,BS2,local,1,0.46828600764274597,0.5541374683380127,0.08585146069526672,0.019701048731803894,0.18246015906333923,0.4629073739051819,0.5541374683380127,0.06880659610033035,0.042649075388908386,0.46828600764274597,0.4032134711742401
15,S1,ComHvy,BS1,BS1,0,BS1,BS1,0,0.752934992313385,0.7852442860603333,0.03230929374694824,0.002991447225213051,0.06461866199970245,0.09666776657104492,0.08383041620254517,0.752934992313385,0.7852442860603333,0.15039730072021484,0.1309252828359604
15,S1,BWHvy,BS2,BS2,0,BS2,BS2,0,0.36230751872062683,0.413971871137619,0.05166435241699219,0.01702631264925003,0.1636444330215454,0.3091868758201599,0.33934473991394043,0.32850557565689087,0.24668335914611816,0.36230751872062683,0.413971871137619
15,S2,LatCrit,local,local,0,local,local,0,0.8708683848381042,0.9166810512542725,0.04581266641616821,0.013818755745887756,0.09162531048059464,0.8708683848381042,0.9166810512542725,0.11911807954311371,0.07999330013990402,0.010013525374233723,0.0033256637398153543
15,S2,ComHvy,local,local,0,local,local,0,0.8936560153961182,0.8992003202438354,0.005544304847717285,0.0024583805352449417,0.011088637635111809,0.8936560153961182,0.8992003202438354,0.09910828620195389,0.09800034016370773,0.007235726807266474,0.002799340058118105
15,S2,BWHvy,local,local,0,local,local,0,0.5312139987945557,0.5477283596992493,0.016514360904693604,0.0005670045502483845,0.03302878141403198,0.5312139987945557,0.5477283596992493,0.3313034772872925,0.32141023874282837,0.13748256862163544,0.13086138665676117
15,S3,LatCrit,local,local,0,local,local,0,0.7345898151397705,0.7232306599617004,-0.011359155178070068,0.017197392880916595,0.07787714153528214,0.7345898151397705,0.7232306599617004,0.04692014679312706,0.019340725615620613,0.21849004924297333,0.2574286162853241
15,S3,ComHvy,local,local,0,local,local,0,0.7880664467811584,0.8392988443374634,0.05123239755630493,0.011902522295713425,0.10246479511260986,0.7880664467811584,0.8392988443374634,0.009495927020907402,0.002977811498567462,0.2024376392364502,0.1577233523130417
15,S3,BWHvy,local,local,0,local,local,0,0.5246451497077942,0.5204153060913086,-0.004229843616485596,4.7509558498859406e-05,0.008459687232971191,0.5246451497077942,0.5204153060913086,0.2848640978336334,0.28575146198272705,0.1904907524585724,0.19383323192596436
15,S4,LatCrit,BS1,BS1,0,BS1,BS1,0,0.5630661249160767,0.449236661195755,-0.11382946372032166,0.04570673406124115,0.22881095111370087,0.3071267604827881,0.3065507411956787,0.5630661249160767,0.449236661195755,0.12980714440345764,0.24421261250972748
15,S4,ComHvy,BS1,BS2,1,BS1,BS2,1,0.4106767773628235,0.5895175933837891,0.17884081602096558,0.11137314140796661,0.46044331789016724,0.23002731800079346,0.16984093189239502,0.4106767773628235,0.2406415194272995,0.35929590463638306,0.5895175933837891
15,S4,BWHvy,local,local,0,local,BS1,1,0.5280542373657227,0.49564796686172485,-0.0324062705039978,0.0021551158279180527,0.0648125410079956,0.5280542373657227,0.49564796686172485,0.3053128123283386,0.3299093544483185,0.1666329801082611,0.17444270849227905
15,S5,LatCrit,local,local,0,local,local,0,0.4847155809402466,0.44776272773742676,-0.036952853202819824,0.017667151987552643,0.16589583456516266,0.4847155809402466,0.44776272773742676,0.28151798248291016,0.23552292585372925,0.23376642167568207,0.316714346408844
15,S5,ComHvy,local,local,0,local,local,0,0.9159608483314514,0.9258338212966919,0.009872972965240479,0.0009727268479764462,0.0197459626942873,0.9159608483314514,0.9258338212966919,0.009452253580093384,0.0065278541296720505,0.0745868906378746,0.06763830035924911
15,S5,BWHvy,local,local,0,local,local,0,0.5510547161102295,0.5625588893890381,0.011504173278808594,0.0007882202044129372,0.03544160723686218,0.5510547161102295,0.5625588893890381,0.30138203501701355,0.28366121649742126,0.14756327867507935,0.15377989411354065
15,S6,LatCrit,BS1,local,1,BS1,BS1,0,0.47185665369033813,0.4499552845954895,-0.021901369094848633,0.03235375136137009,0.19698742032051086,0.35146158933639526,0.4499552845954895,0.47185665369033813,0.4444519281387329,0.1766817718744278,0.1055927723646164
15,S6,ComHvy,local,local,0,BS1,local,1,0.39660167694091797,0.5080035924911499,0.11140191555023193,0.06129387021064758,0.2659255266189575,0.39660167694091797,0.5080035924911499,0.3233930468559265,0.3449539244174957,0.28000521659851074,0.14704249799251556
15,S6,BWHvy,BS2,BS2,0,BS1,BS1,0,0.3715554177761078,0.37578055262565613,0.00422513484954834,0.0016765957698225975,0.04835325479507446,0.3463031053543091,0.3662545680999756,0.2821415364742279,0.2579648792743683,0.3715554177761078,0.37578055262565613
15,S7,LatCrit,local,local,0,local,local,0,0.6924641132354736,0.6017824411392212,-0.09068167209625244,0.03033919632434845,0.22195115685462952,0.6924641132354736,0.6017824411392212,0.22277796268463135,0.3337535560131073,0.08475791662931442,0.0644640251994133
15,S7,ComHvy,local,local,0,local,local,0,0.836836576461792,0.8987800478935242,0.06194347143173218,0.018221542239189148,0.12388693541288376,0.836836576461792,0.8987800478935242,0.04666609317064285,0.027564922347664833,0.11649730801582336,0.07365501672029495
15,S7,BWHvy,BS2,BS2,0,local,local,0,0.40957215428352356,0.4559803307056427,0.04640817642211914,0.00479598343372345,0.09281633794307709,0.39013975858688354,0.3691536784172058,0.2002881020307541,0.17486602067947388,0.40957215428352356,0.4559803307056427
15,S8,LatCrit,BS2,BS1,1,BS2,BS2,0,0.6135491728782654,0.5176672339439392,-0.09588193893432617,0.15187476575374603,0.5266485214233398,0.13210785388946533,0.11413794755935669,0.2543429434299469,0.5176672339439392,0.6135491728782654,0.3681948482990265
15,S8,ComHvy,BS1,BS1,0,BS1,BS1,0,0.51682448387146,0.44197380542755127,-0.07485067844390869,0.023546725511550903,0.20592543482780457,0.2065548300743103,0.1784428358078003,0.51682448387146,0.44197380542755127,0.27662065625190735,0.3795834183692932
15,S8,BWHvy,BS2,BS2,0,BS2,BS2,0,0.46040835976600647,0.464106023311615,0.0036976635456085205,0.01670924760401249,0.11267310380935669,0.38193845748901367,0.4345773458480835,0.15765315294265747,0.10131660103797913,0.46040835976600647,0.464106023311615
16,S1,LatCrit,BS1,local,1,BS1,BS1,0,0.5281080007553101,0.4500817060470581,-0.07802629470825195,0.05171646922826767,0.30610692501068115,0.29702824354171753,0.4500817060470581,0.5281080007553101,0.39224523305892944,0.174863800406456,0.15767309069633484
16,S1,ComHvy,BS1,BS1,0,BS1,BS1,0,0.8030766844749451,0.8980237245559692,0.09494704008102417,0.04752789065241814,0.18989406526088715,0.09882199764251709,0.06513094902038574,0.8030766844749451,0.8980237245559692,0.09810131788253784,0.03684534132480621
16,S1,BWHvy,BS2,BS2,0,BS2,BS2,0,0.6848604679107666,0.6895034313201904,0.004642963409423828,0.023944541811943054,0.1260896623134613,0.10178333520889282,0.16018515825271606,0.21335621178150177,0.15031133592128754,0.6848604679107666,0.6895034313201904
16,S2,LatCrit,local,local,0,local,local,0,0.6737034320831299,0.6600486636161804,-0.013654768466949463,0.002368014305830002,0.051745422184467316,0.6737034320831299,0.6600486636161804,0.23525117337703705,0.2611238956451416,0.09104536473751068,0.07882743328809738
16,S2,ComHvy,local,BS2,1,BS2,BS2,0,0.504109263420105,0.5239084362983704,0.01979917287826538,0.013548392802476883,0.12382744997739792,0.504109263420105,0.46023231744766235,0.03389602527022362,0.015859277918934822,0.4619946777820587,0.5239084362983704
16,S2,BWHvy,BS2,BS2,0,BS2,BS2,0,0.47596603631973267,0.44823941588401794,-0.02772662043571472,0.017268747091293335,0.14337000250816345,0.1414838433265686,0.21316885948181152,0.38255009055137634,0.33859172463417053,0.47596603631973267,0.44823941588401794
16,S3,LatCrit,local,local,0,local,local,0,0.5601202249526978,0.6160603761672974,0.05594015121459961,0.0146178575232625,0.13178591430187225,0.5601202249526978,0.6160603761672974,0.22963805496692657,0.16374509036540985,0.21024173498153687,0.22019453346729279
16,S3,ComHvy,local,local,0,local,local,0,0.7681851983070374,0.8017000555992126,0.03351485729217529,0.003432492958381772,0.06702973693609238,0.7681851983070374,0.8017000555992126,0.2299702763557434,0.19701673090457916,0.0018445424502715468,0.0012832048814743757
16,S3,BWHvy,BS2,BS2,0,BS2,BS2,0,0.5029535293579102,0.44999292492866516,-0.052960604429244995,0.023437298834323883,0.19789046049118042,0.2516216039657593,0.3505668640136719,0.24542483687400818,0.19944024085998535,0.5029535293579102,0.44999292492866516
16,S4,LatCrit,BS1,local,1,BS1,BS1,0,0.445080429315567,0.49105387926101685,0.04597344994544983,0.01039685495197773,0.14080840349197388,0.4385067820549011,0.49105387926101685,0.445080429315567,0.3746762275695801,0.11641275882720947,0.1342698633670807
16,S4,ComHvy,BS2,BS2,0,BS2,BS2,0,0.8610036969184875,0.9395661950111389,0.07856249809265137,0.043321482837200165,0.15712496638298035,0.1033974289894104,0.049762189388275146,0.03559887036681175,0.010671645402908325,0.8610036969184875,0.9395661950111389
16,S4,BWHvy,BS2,BS2,0,BS2,BS2,0,0.4471023380756378,0.40107297897338867,-0.046029359102249146,0.025312472134828568,0.20399868488311768,0.237987220287323,0.33998656272888184,0.3149104416370392,0.2589404582977295,0.4471023380756378,0.40107297897338867
16,S5,LatCrit,BS2,BS2,0,BS2,BS2,0,0.7168696522712708,0.6715419292449951,-0.045327723026275635,0.03165047988295555,0.17007321119308472,0.20679062604904175,0.2918272614479065,0.07633968442678452,0.036630839109420776,0.7168696522712708,0.6715419292449951
16,S5,ComHvy,local,local,0,local,local,0,0.9223442673683167,0.9488736987113953,0.026529431343078613,0.006826877593994141,0.053058870136737823,0.9223442673683167,0.9488736987113953,0.005826955661177635,0.0024663687217980623,0.07182879000902176,0.04865993559360504
16,S5,BWHvy,BS2,BS2,0,BS2,BS2,0,0.6674307584762573,0.6398828625679016,-0.027547895908355713,0.019089501351118088,0.14117377996444702,0.17102962732315063,0.24161648750305176,0.16153964400291443,0.11850061267614365,0.6674307584762573,0.6398828625679016
16,S6,LatCrit,BS2,BS2,0,BS2,BS2,0,0.8778811693191528,0.8613923192024231,-0.016488850116729736,0.00299668125808239,0.04354843869805336,0.08237296342849731,0.10414719581604004,0.03974580392241478,0.03446044772863388,0.8778811693191528,0.8613923192024231
16,S6,ComHvy,local,local,0,local,local,0,0.6921154260635376,0.724108099937439,0.03199267387390137,0.008680077269673347,0.0639854148030281,0.6921154260635376,0.724108099937439,0.06316442042589188,0.03660346567630768,0.2447201907634735,0.23928840458393097
16,S6,BWHvy,BS2,BS2,0,BS1,BS1,0,0.6183286905288696,0.4895307719707489,-0.12879791855812073,0.03923588991165161,0.2575957775115967,0.14990538358688354,0.2446916103363037,0.2317659556865692,0.265777587890625,0.6183286905288696,0.4895307719707489
16,S7,LatCrit,local,local,0,local,local,0,0.5531221032142639,0.6597721576690674,0.10665005445480347,0.13343451917171478,0.21330009400844574,0.5531221032142639,0.6597721576690674,0.3328130543231964,0.32393255829811096,0.11406485736370087,0.016295311972498894
16,S7,ComHvy,local,local,0,local,local,0,0.9545793533325195,0.9617242217063904,0.00714486837387085,0.0035444367676973343,0.016366686671972275,0.9545793533325195,0.9617242217063904,0.01537137571722269,0.007188024464994669,0.030049288645386696,0.031087756156921387
16,S7,BWHvy,BS2,BS2,0,BS1,BS2,1,0.4251995384693146,0.4216122627258301,-0.003587275743484497,0.03008442372083664,0.1883927583694458,0.2024945616722107,0.2966909408569336,0.3723059296607971,0.2816968262195587,0.4251995384693146,0.4216122627258301
16,S8,LatCrit,BS2,BS2,0,BS2,BS2,0,0.5101344585418701,0.497125506401062,-0.013008952140808105,0.005890663713216782,0.08843982219696045,0.2535209655761719,0.2977408766746521,0.236344575881958,0.2051336169242859,0.5101344585418701,0.497125506401062
16,S8,ComHvy,BS1,BS1,0,BS1,BS1,0,0.7667009830474854,0.7674860954284668,0.0007851123809814453,0.02075088396668434,0.09613514691591263,0.12384653091430664,0.07577896118164062,0.7667009830474854,0.7674860954284668,0.1094524934887886,0.15673495829105377
16,S8,BWHvy,BS2,BS2,0,BS2,BS2,0,0.6883293390274048,0.7015842199325562,0.013254880905151367,0.03650716692209244,0.16068068146705627,0.09589850902557373,0.1629839539527893,0.2157721370458603,0.13543178141117096,0.6883293390274048,0.7015842199325562
17,S1,LatCrit,BS1,BS1,0,local,local,0,0.47540125250816345,0.48505455255508423,0.009653300046920776,0.0015659546479582787,0.030961789190769196,0.43033480644226074,0.43616241216659546,0.47540125250816345,0.48505455255508423,0.09426393359899521,0.0787830501794815
17,S1,ComHvy,BS2,BS2,0,BS2,BS2,0,0.7879233360290527,0.7343059778213501,-0.05361735820770264,0.009305346757173538,0.10723469406366348,0.11353254318237305,0.12603753805160522,0.09854412823915482,0.13965646922588348,0.7879233360290527,0.7343059778213501
17,S1,BWHvy,local,local,0,local,local,0,0.5284450054168701,0.45377200841903687,-0.07467299699783325,0.011526701971888542,0.14934605360031128,0.5284450054168701,0.45377200841903687,0.21626412868499756,0.26086869835853577,0.25529080629348755,0.28535929322242737
17,S2,LatCrit,BS1,BS1,0,BS1,BS1,0,0.43090274930000305,0.45361799001693726,0.022715240716934204,0.00932370126247406,0.09370310604572296,0.40060073137283325,0.42473703622817993,0.43090274930000305,0.45361799001693726,0.1684964895248413,0.12164492905139923
17,S2,ComHvy,BS2,BS2,0,BS2,BS2,0,0.6937504410743713,0.7931610941886902,0.09941065311431885,0.030376382172107697,0.1988213062286377,0.08378338813781738,0.07024997472763062,0.22246620059013367,0.1365889608860016,0.6937504410743713,0.7931610941886902
17,S2,BWHvy,local,local,0,local,local,0,0.5170782208442688,0.46374648809432983,-0.053331732749938965,0.007427690550684929,0.10666343569755554,0.5170782208442688,0.46374648809432983,0.20562881231307983,0.25091633200645447,0.27729299664497375,0.2853371798992157
17,S3,LatCrit,BS1,BS1,0,BS1,BS1,0,0.8182749152183533,0.8826967477798462,0.06442183256149292,0.019078310579061508,0.12884366512298584,0.12525242567062378,0.0876469612121582,0.8182749152183533,0.8826967477798462,0.05647265166044235,0.029656285420060158
17,S3,ComHvy,local,local,0,local,local,0,0.8206325173377991,0.8653855323791504,0.04475301504135132,0.011300350539386272,0.08950603008270264,0.8206325173377991,0.8653855323791504,0.1110682487487793,0.07035740464925766,0.06829922646284103,0.06425705552101135
17,S3,BWHvy,local,local,0,local,local,0,0.6644791960716248,0.5575575828552246,-0.10692161321640015,0.023810189217329025,0.2138431817293167,0.6644791960716248,0.5575575828552246,0.16214588284492493,0.21760830283164978,0.1733749508857727,0.22483409941196442
17,S4,LatCrit,local,local,0,local,BS1,1,0.5253324508666992,0.4477611184120178,-0.0775713324546814,0.013730205595493317,0.1551426649093628,0.5253324508666992,0.4477611184120178,0.1937934011220932,0.24826104938983917,0.2808741629123688,0.3039778470993042
17,S4,ComHvy,BS1,BS1,0,BS1,BS1,0,0.5843915343284607,0.6556891202926636,0.07129758596420288,0.013497834093868732,0.14259514212608337,0.39534175395965576,0.334500253200531,0.5843915343284607,0.6556891202926636,0.020266685634851456,0.009810637682676315
17,S4,BWHvy,local,local,0,local,local,0,0.605649471282959,0.5075891017913818,-0.09806036949157715,0.019559841603040695,0.1961207538843155,0.605649471282959,0.5075891017913818,0.17573538422584534,0.21249447762966156,0.21861517429351807,0.2799164652824402
17,S5,LatCrit,BS2,BS2,0,BS2,BS2,0,0.7553148865699768,0.7283791899681091,-0.026935696601867676,0.005891770124435425,0.05387139692902565,0.20279479026794434,0.20474350452423096,0.04189031198620796,0.06687729805707932,0.7553148865699768,0.7283791899681091
17,S5,ComHvy,local,local,0,local,local,0,0.7879191637039185,0.7892485857009888,0.0013294219970703125,7.81589187681675e-06,0.0026588663458824158,0.7879191637039185,0.7892485857009888,0.10433537513017654,0.10419322550296783,0.107745461165905,0.1065581664443016
17,S5,BWHvy,local,local,0,local,BS1,1,0.47203147411346436,0.3987883925437927,-0.07324308156967163,0.013929794542491436,0.14648616313934326,0.47203147411346436,0.3987883925437927,0.2605727016925812,0.32831230759620667,0.26739582419395447,0.2728992998600006
17,S6,LatCrit,local,local,0,BS2,local,1,0.5838044285774231,0.6547219753265381,0.07091754674911499,0.011124756187200546,0.1418350636959076,0.5838044285774231,0.6547219753265381,0.010261000134050846,0.006613972131162882,0.40593457221984863,0.33866408467292786
17,S6,ComHvy,local,local,0,local,local,0,0.8241065740585327,0.8825763463973999,0.05846977233886719,0.01478235051035881,0.11693955212831497,0.8241065740585327,0.8825763463973999,0.026592476293444633,0.019789740443229675,0.1493009626865387,0.09763392060995102
17,S6,BWHvy,local,local,0,local,local,0,0.489419162273407,0.4225989580154419,-0.06682020425796509,0.019501231610774994,0.1905158907175064,0.489419162273407,0.4225989580154419,0.2031784951686859,0.1747407764196396,0.3074023127555847,0.4026602804660797
17,S7,LatCrit,local,local,0,local,local,0,0.8429661989212036,0.8499432802200317,0.006977081298828125,0.00030597997829318047,0.014907240867614746,0.8429661989212036,0.8499432802200317,0.05104059353470802,0.051517125219106674,0.10599323362112045,0.09853960573673248
17,S7,ComHvy,local,local,0,local,local,0,0.6364060640335083,0.7393158078193665,0.10290974378585815,0.02579759806394577,0.2058194875717163,0.6364060640335083,0.7393158078193665,0.02706475555896759,0.017166178673505783,0.3365291655063629,0.24351799488067627
17,S7,BWHvy,BS1,BS1,0,BS1,BS1,0,0.392816424369812,0.46157896518707275,0.06876254081726074,0.026887062937021255,0.2145092636346817,0.3842836022377014,0.27702897787094116,0.392816424369812,0.46157896518707275,0.22289995849132538,0.2613920569419861
17,S8,LatCrit,BS1,BS1,0,BS1,BS1,0,0.5197954773902893,0.5542329549789429,0.034437477588653564,0.00969076156616211,0.12174069136381149,0.39228206872940063,0.33141177892684937,0.5197954773902893,0.5542329549789429,0.08792241662740707,0.11435534060001373
17,S8,ComHvy,local,local,0,local,local,0,0.7361131310462952,0.7188583016395569,-0.01725482940673828,0.0020618338603526354,0.03878188878297806,0.7361131310462952,0.7188583016395569,0.26039639115333557,0.2797873318195343,0.0034904952626675367,0.0013543755048885942
17,S8,BWHvy,local,BS2,1,local,local,0,0.38399404287338257,0.4012896716594696,0.017295628786087036,0.008196666836738586,0.11765465140342712,0.38399404287338257,0.3344928026199341,0.2735435962677002,0.2642175257205963,0.34246233105659485,0.4012896716594696
18,S1,LatCrit,local,local,0,local,local,0,0.5080015063285828,0.6200289726257324,0.11202746629714966,0.03200113773345947,0.22405488789081573,0.5080015063285828,0.6200289726257324,0.4144614636898041,0.33969563245773315,0.07753699272871017,0.04027540609240532
18,S1,ComHvy,local,local,0,local,local,0,0.45963484048843384,0.4897974133491516,0.030162572860717773,0.0539369210600853,0.2428087741136551,0.45963484048843384,0.4897974133491516,0.2732093334197998,0.364451140165329,0.26715582609176636,0.14575143158435822
18,S1,BWHvy,BS2,BS2,0,BS2,BS2,0,0.5530083775520325,0.5441237688064575,-0.008884608745574951,0.00016260240226984024,0.017769217491149902,0.17885547876358032,0.18155241012573242,0.2681361436843872,0.27432382106781006,0.5530083775520325,0.5441237688064575
18,S2,LatCrit,local,local,0,BS1,BS1,0,0.4127587676048279,0.4318198561668396,0.01906108856201172,0.0029276087880134583,0.06241898238658905,0.4127587676048279,0.4318198561668396,0.3541562855243683,0.3663046956062317,0.23308494687080383,0.2018754631280899
18,S2,ComHvy,BS2,BS2,0,BS2,BS2,0,0.7497130632400513,0.882889449596405,0.13317638635635376,0.06909476220607758,0.26635274291038513,0.08749157190322876,0.047361135482788086,0.1627953201532364,0.06974940001964569,0.7497130632400513,0.882889449596405
18,S2,BWHvy,BS2,BS2,0,BS2,BS2,0,0.5053266286849976,0.5058099031448364,0.0004832744598388672,0.00021245834068395197,0.01484563946723938,0.22821062803268433,0.22078782320022583,0.2664627134799957,0.27340227365493774,0.5053266286849976,0.5058099031448364
18,S3,LatCrit,BS1,BS1,0,BS1,BS1,0,0.6434197425842285,0.6631000638008118,0.019680321216583252,0.0052923113107681274,0.06445623934268951,0.22308379411697388,0.23563158512115479,0.6434197425842285,0.6631000638008118,0.1334964483976364,0.10126832127571106
18,S3,ComHvy,local,local,0,local,local,0,0.7762241959571838,0.7377009391784668,-0.03852325677871704,0.004106920678168535,0.07785636931657791,0.7762241959571838,0.7377009391784668,0.22212225198745728,0.26105043292045593,0.001653543091379106,0.00124860811047256
18,S3,BWHvy,BS2,BS2,0,local,local,0,0.42247945070266724,0.41905277967453003,-0.003426671028137207,0.0021729241125285625,0.053438156843185425,0.2923126220703125,0.2690201997756958,0.28520795702934265,0.31192702054977417,0.42247945070266724,0.41905277967453003
18,S4,LatCrit,BS1,BS1,0,BS1,BS1,0,0.534340500831604,0.5475255250930786,0.01318502426147461,0.014652900397777557,0.11608394980430603,0.2752808928489685,0.3201378583908081,0.534340500831604,0.5475255250930786,0.1903786063194275,0.13233664631843567
18,S4,ComHvy,local,local,0,local,local,0,0.514112651348114,0.3981395363807678,-0.11597311496734619,0.030332911759614944,0.23194620013237,0.514112651348114,0.3981395363807678,0.2952255308628082,0.39723894000053406,0.19066184759140015,0.20462152361869812
18,S4,BWHvy,BS2,BS2,0,BS2,BS2,0,0.4428655505180359,0.46166282892227173,0.01879727840423584,0.0018489900976419449,0.05392998456954956,0.2674628496170044,0.2756305932998657,0.28967154026031494,0.26270657777786255,0.4428655505180359,0.46166282892227173
18,S5,LatCrit,BS2,BS2,0,BS2,BS2,0,0.5339948534965515,0.5118086934089661,-0.02218616008758545,0.005605017766356468,0.07099996507167816,0.43311309814453125,0.4686130881309509,0.032892003655433655,0.01957818679511547,0.5339948534965515,0.5118086934089661
18,S5,ComHvy,local,local,0,local,local,0,0.9110279679298401,0.9357538223266602,0.02472585439682007,0.004582956433296204,0.049451664090156555,0.9110279679298401,0.9357538223266602,0.010216915048658848,0.007074087392538786,0.07875509560108185,0.05717211216688156
18,S5,BWHvy,BS2,BS2,0,BS2,BS2,0,0.5364558100700378,0.5309967398643494,-0.0054590702056884766,0.00044930167496204376,0.02494734525680542,0.1329888105392456,0.12597423791885376,0.33055537939071655,0.34302908182144165,0.5364558100700378,0.5309967398643494
18,S6,LatCrit,BS2,BS2,0,BS2,BS2,0,0.6345915198326111,0.6706112027168274,0.03601968288421631,0.003410257399082184,0.072039395570755,0.3564561605453491,0.32375288009643555,0.008952314965426922,0.005635879002511501,0.6345915198326111,0.6706112027168274
18,S6,ComHvy,BS2,BS2,0,BS2,BS2,0,0.7153059840202332,0.7319906949996948,0.01668471097946167,0.001048622652888298,0.03336941450834274,0.26326340436935425,0.25114643573760986,0.021430611610412598,0.01686287671327591,0.7153059840202332,0.7319906949996948
18,S6,BWHvy,BS2,BS2,0,BS2,BS2,0,0.6005886793136597,0.6340464949607849,0.033457815647125244,0.0049398913979530334,0.0879528820514679,0.09202957153320312,0.10254818201065063,0.3073817491531372,0.26340529322624207,0.6005886793136597,0.6340464949607849
18,S7,LatCrit,local,local,0,local,local,0,0.7079414129257202,0.7791599035263062,0.07121849060058594,0.030401114374399185,0.14243698120117188,0.7079414129257202,0.7791599035263062,0.20732951164245605,0.186341792345047,0.08472909033298492,0.034498319029808044
18,S7,ComHvy,BS2,BS2,0,BS2,BS2,0,0.7654547095298767,0.6768940687179565,-0.08856064081192017,0.0795016661286354,0.2833045721054077,0.15267878770828247,0.29433107376098633,0.0818665400147438,0.02877490594983101,0.7654547095298767,0.6768940687179565
18,S7,BWHvy,BS1,BS1,0,BS1,BS1,0,0.4547983407974243,0.4745883345603943,0.01978999376296997,0.0017228666692972183,0.043711334466934204,0.19867181777954102,0.1768161654472351,0.4547983407974243,0.4745883345603943,0.34652984142303467,0.348595529794693
18,S8,LatCrit,local,local,0,local,local,0,0.6275529861450195,0.6867002248764038,0.05914723873138428,0.025568535551428795,0.1797797530889511,0.6275529861450195,0.6867002248764038,0.27569642663002014,0.18580657243728638,0.09675058722496033,0.1274932473897934
18,S8,ComHvy,local,local,0,local,local,0,0.6389815807342529,0.7549563646316528,0.1159747838973999,0.03484271094202995,0.2319495677947998,0.6389815807342529,0.7549563646316528,0.35277310013771057,0.24218110740184784,0.008245331235229969,0.0028625454287976027
18,S8,BWHvy,BS2,BS2,0,BS2,BS2,0,0.4484902620315552,0.50766921043396,0.059178948402404785,0.012614570558071136,0.14565950632095337,0.19221115112304688,0.20586198568344116,0.35929858684539795,0.28646886348724365,0.4484902620315552,0.50766921043396
19,S1,LatCrit,local,local,0,local,local,0,0.7041598558425903,0.5367335081100464,-0.16742634773254395,0.05850544571876526,0.3348526954650879,0.7041598558425903,0.5367335081100464,0.15941037237644196,0.24862419068813324,0.1364297866821289,0.21464233100414276
19,S1,ComHvy,BS2,local,1,BS2,local,1,0.5009963512420654,0.5276315212249756,0.026635169982910156,0.026797153055667877,0.22775301337242126,0.41375505924224854,0.5276315212249756,0.08524860441684723,0.0775412768125534,0.5009963512420654,0.39482712745666504
19,S1,BWHvy,local,BS1,1,local,BS1,1,0.4552408456802368,0.5013963580131531,0.04615551233291626,0.2019529640674591,0.5525674223899841,0.4552408456802368,0.17895716428756714,0.3425803780555725,0.5013963580131531,0.2021787315607071,0.3196464776992798
19,S2,LatCrit,local,local,0,local,local,0,0.7319021224975586,0.6920723915100098,-0.03982973098754883,0.004040734842419624,0.07965947687625885,0.7319021224975586,0.6920723915100098,0.13770976662635803,0.1519138664007187,0.13038811087608337,0.15601375699043274
19,S2,ComHvy,local,local,0,local,local,0,0.698623776435852,0.7877877950668335,0.08916401863098145,0.16183292865753174,0.2900288701057434,0.698623776435852,0.7877877950668335,0.1200537458062172,0.17590418457984924,0.18132247030735016,0.03630805015563965
19,S2,BWHvy,local,BS1,1,BS2,BS2,0,0.3845924735069275,0.5271286964416504,0.1425362229347229,0.21484023332595825,0.5184823274612427,0.3845924735069275,0.12535130977630615,0.37367624044418335,0.5271286964416504,0.24173128604888916,0.34751999378204346
19,S3,LatCrit,local,local,0,local,local,0,0.824942409992218,0.7473796606063843,-0.07756274938583374,0.018266096711158752,0.15512555837631226,0.824942409992218,0.7473796606063843,0.11236047744750977,0.1488451510667801,0.06269709765911102,0.10377522557973862
19,S3,ComHvy,local,local,0,local,local,0,0.5063852071762085,0.6939343214035034,0.18754911422729492,0.11980891227722168,0.37509816884994507,0.5063852071762085,0.6939343214035034,0.2285887598991394,0.08168014883995056,0.2650260031223297,0.22438554465770721
19,S3,BWHvy,BS2,BS2,0,BS2,BS2,0,0.44620686769485474,0.5426920652389526,0.0964851975440979,0.12866732478141785,0.3660033941268921,0.28754544258117676,0.10454374551773071,0.2662476897239685,0.35276418924331665,0.44620686769485474,0.5426920652389526
19,S4,LatCrit,local,BS2,1,BS2,BS2,0,0.4149327278137207,0.4091554284095764,-0.005777299404144287,0.12502539157867432,0.42061054706573486,0.4149327278137207,0.20462745428085327,0.22676204144954681,0.3862171173095703,0.3583052158355713,0.4091554284095764
19,S4,ComHvy,local,local,0,BS1,local,1,0.5665860176086426,0.687863826751709,0.1212778091430664,0.035466518253088,0.24255569279193878,0.5665860176086426,0.687863826751709,0.4218962490558624,0.3085075914859772,0.011517769657075405,0.0036285454407334328
19,S4,BWHvy,local,BS1,1,local,BS1,1,0.4070788025856018,0.5264558792114258,0.11937707662582397,0.15246760845184326,0.4682595729827881,0.4070788025856018,0.17294901609420776,0.35819727182388306,0.5264558792114258,0.23472394049167633,0.30059513449668884
19,S5,LatCrit,local,local,0,local,local,0,0.9050870537757874,0.8205564022064209,-0.08453065156936646,0.03532109409570694,0.18021805584430695,0.9050870537757874,0.8205564022064209,0.08063771575689316,0.17074674367904663,0.01427523884922266,0.00869685411453247
19,S5,ComHvy,BS1,local,1,BS1,local,1,0.39236047863960266,0.47827816009521484,0.08591768145561218,0.043369464576244354,0.2844406068325043,0.3360578417778015,0.47827816009521484,0.39236047863960266,0.3275979161262512,0.2715816795825958,0.19412395358085632
19,S5,BWHvy,local,BS1,1,local,BS1,1,0.5552533864974976,0.5471259951591492,-0.008127391338348389,0.2929198145866394,0.6945110559463501,0.5552533864974976,0.2079978585243225,0.2779407501220703,0.5471259951591492,0.16680584847927094,0.24487614631652832
19,S6,LatCrit,BS2,BS2,0,BS2,BS2,0,0.48238882422447205,0.5229591727256775,0.040570348501205444,0.006352204829454422,0.10851471871137619,0.4416372776031494,0.38737988471984863,0.07597392052412033,0.0896608978509903,0.48238882422447205,0.5229591727256775
19,S6,ComHvy,BS2,BS2,0,BS2,BS2,0,0.5642644762992859,0.6695365905761719,0.10527211427688599,0.025541558861732483,0.21054424345493317,0.4236811399459839,0.3251963257789612,0.012054416351020336,0.0052670990116894245,0.5642644762992859,0.6695365905761719
19,S6,BWHvy,BS1,BS2,1,BS2,BS2,0,0.3566855192184448,0.4992718994617462,0.1425863802433014,0.16816002130508423,0.4291890561580658,0.3476884365081787,0.13309389352798462,0.3566855192184448,0.36763420701026917,0.29562607407569885,0.4992718994617462
19,S7,LatCrit,BS2,BS2,0,BS2,BS2,0,0.6039945483207703,0.6645691990852356,0.06057465076446533,0.023341041058301926,0.12114933133125305,0.1314968466758728,0.07106184959411621,0.26450860500335693,0.2643689215183258,0.6039945483207703,0.6645691990852356
19,S7,ComHvy,local,local,0,local,local,0,0.8784714341163635,0.9160162210464478,0.03754478693008423,0.008768044412136078,0.07508953660726547,0.8784714341163635,0.9160162210464478,0.052461445331573486,0.04050078243017197,0.0690670907497406,0.043483003973960876
19,S7,BWHvy,BS1,BS1,0,BS1,BS1,0,0.433747261762619,0.5305492281913757,0.09680196642875671,0.13703542947769165,0.3611161708831787,0.27014607191085815,0.0895879864692688,0.433747261762619,0.5305492281913757,0.2961066961288452,0.37986281514167786
19,S8,LatCrit,local,local,0,local,local,0,0.7012542486190796,0.5828838348388672,-0.1183704137802124,0.05521661043167114,0.2970799505710602,0.7012542486190796,0.5828838348388672,0.1902768313884735,0.3388167917728424,0.10846894979476929,0.07829936593770981
19,S8,ComHvy,local,local,0,local,local,0,0.7393806576728821,0.7976731061935425,0.0582924485206604,0.04618982970714569,0.1888146996498108,0.7393806576728821,0.7976731061935425,0.186033234000206,0.0916258841753006,0.07458611577749252,0.11070101708173752
19,S8,BWHvy,local,BS1,1,local,BS1,1,0.4480361342430115,0.5882532000541687,0.14021706581115723,0.18583932518959045,0.5309993028640747,0.4480361342430115,0.18253648281097412,0.4054112434387207,0.5882532000541687,0.14655262231826782,0.22921030223369598
20,S1,LatCrit,local,local,0,local,local,0,0.8729637861251831,0.8617784976959229,-0.011185288429260254,0.0013222661800682545,0.028700334951281548,0.8729637861251831,0.8617784976959229,0.112555131316185,0.12690532207489014,0.014481063932180405,0.01131620816886425
20,S1,ComHvy,local,local,0,local,local,0,0.6735472679138184,0.6284946203231812,-0.04505264759063721,0.0069595687091350555,0.09897858649492264,0.6735472679138184,0.6284946203231812,0.008353341370821,0.003916722722351551,0.31809937953948975,0.36758869886398315
20,S1,BWHvy,local,BS1,1,local,BS1,1,0.5105835199356079,0.5338832139968872,0.023299694061279297,0.052139848470687866,0.3066537380218506,0.5105835199356079,0.36058568954467773,0.3805563449859619,0.5338832139968872,0.10886010527610779,0.10553107410669327
20,S2,LatCrit,BS2,BS2,0,BS2,BS2,0,0.746921718120575,0.7756357789039612,0.02871406078338623,0.038855645805597305,0.15981422364711761,0.1779981255531311,0.0980910062789917,0.07508014142513275,0.12627318501472473,0.746921718120575,0.7756357789039612
20,S2,ComHvy,local,local,0,local,local,0,0.7391236424446106,0.6591446399688721,-0.07997900247573853,0.01773202046751976,0.15995804965496063,0.7391236424446106,0.6591446399688721,0.1536240130662918,0.17563746869564056,0.1072523295879364,0.16521792113780975
20,S2,BWHvy,local,local,0,local,BS1,1,0.4731525182723999,0.36042165756225586,-0.11273086071014404,0.029612572863698006,0.2254616767168045,0.4731525182723999,0.36042165756225586,0.24249927699565887,0.32851389050483704,0.2843482196331024,0.3110644221305847
20,S3,LatCrit,local,local,0,local,local,0,0.6383516788482666,0.6468114852905273,0.008459806442260742,0.003627701662480831,0.01815243810415268,0.6383516788482666,0.6468114852905273,0.3437054753303528,0.3443219065666199,0.017942799255251884,0.008866599760949612
20,S3,ComHvy,local,local,0,local,local,0,0.6095924377441406,0.7824962735176086,0.17290383577346802,0.1059795692563057,0.34580764174461365,0.6095924377441406,0.7824962735176086,0.1963096261024475,0.06837888062000275,0.19409790635108948,0.1491248607635498
20,S3,BWHvy,local,local,0,local,local,0,0.5441626906394958,0.4203249216079712,-0.12383776903152466,0.03226163610816002,0.2476755529642105,0.5441626906394958,0.4203249216079712,0.23004913330078125,0.3143940269947052,0.2257881611585617,0.2652810513973236
20,S4,LatCrit,local,local,0,local,local,0,0.6842445135116577,0.6393072009086609,-0.044937312602996826,0.011673985049128532,0.12793853878974915,0.6842445135116577,0.6393072009086609,0.23921076953411102,0.303180068731308,0.07654468715190887,0.05751275643706322
20,S4,ComHvy,local,local,0,BS1,local,1,0.5296392440795898,0.613387942314148,0.0837486982345581,0.016607539728283882,0.1674974113702774,0.5296392440795898,0.613387942314148,0.4568924009799957,0.38062143325805664,0.013468360528349876,0.00599061930552125
20,S4,BWHvy,local,local,0,local,local,0,0.520386278629303,0.3933708667755127,-0.12701541185379028,0.032935980707407,0.25403082370758057,0.520386278629303,0.3933708667755127,0.27300500869750977,0.34592604637145996,0.20660871267318726,0.26070308685302734
20,S5,LatCrit,local,local,0,local,local,0,0.6573004722595215,0.6114261150360107,-0.04587435722351074,0.010106809437274933,0.12490507960319519,0.6573004722595215,0.6114261150360107,0.24244138598442078,0.30489394068717957,0.10025812685489655,0.08367995917797089
20,S5,ComHvy,BS1,BS1,0,BS1,BS1,0,0.624783992767334,0.7520206570625305,0.12723666429519653,0.04881216585636139,0.25447332859039307,0.09847837686538696,0.09091943502426147,0.624783992767334,0.7520206570625305,0.27673760056495667,0.15705987811088562
20,S5,BWHvy,local,local,0,local,local,0,0.7038893699645996,0.5517843961715698,-0.15210497379302979,0.0494692288339138,0.30420994758605957,0.7038893699645996,0.5517843961715698,0.2129373401403427,0.3371671736240387,0.08317331969738007,0.11104843765497208
20,S6,LatCrit,local,local,0,local,local,0,0.7049863338470459,0.6747560501098633,-0.030230283737182617,0.008224757388234138,0.09875107556581497,0.7049863338470459,0.6747560501098633,0.17813679575920105,0.22751231491565704,0.11687690019607544,0.09773162752389908
20,S6,ComHvy,local,local,0,local,local,0,0.44481194019317627,0.5094507932662964,0.06463885307312012,0.07774679362773895,0.23361894488334656,0.44481194019317627,0.5094507932662964,0.3732847571372986,0.42545536160469055,0.18190331757068634,0.06509382277727127
20,S6,BWHvy,local,local,0,local,local,0,0.6234132051467896,0.4702828526496887,-0.15313035249710083,0.05044063925743103,0.30626073479652405,0.6234132051467896,0.4702828526496887,0.2146395444869995,0.26742658019065857,0.16194725036621094,0.2622905969619751
20,S7,LatCrit,BS2,BS2,0,BS2,BS2,0,0.8975946307182312,0.9194484949111938,0.021853864192962646,0.004739359021186829,0.0437077134847641,0.0913093090057373,0.07573080062866211,0.011096077039837837,0.004820733796805143,0.8975946307182312,0.9194484949111938
20,S7,ComHvy,local,BS1,1,BS1,BS1,0,0.5015765428543091,0.49477699398994446,-0.006799548864364624,0.0019773824606090784,0.062457408756017685,0.5015765428543091,0.4703478217124939,0.4667995572090149,0.49477699398994446,0.03162391111254692,0.034875161945819855
20,S7,BWHvy,local,BS1,1,local,BS1,1,0.46927791833877563,0.5132769346237183,0.04399901628494263,0.03344419598579407,0.25098443031311035,0.46927791833877563,0.34378570318222046,0.4117858409881592,0.5132769346237183,0.1189362183213234,0.1429373323917389
20,S8,LatCrit,local,BS2,1,local,local,0,0.5122745037078857,0.4970296621322632,-0.015244841575622559,0.07192380726337433,0.3515596389770508,0.5122745037078857,0.3429945111274719,0.16647565364837646,0.1599758267402649,0.3212498426437378,0.4970296621322632
20,S8,ComHvy,BS1,BS1,0,BS1,BS1,0,0.710724413394928,0.8016182780265808,0.09089386463165283,0.02641570195555687,0.18178771436214447,0.10550761222839355,0.05938953161239624,0.710724413394928,0.8016182780265808,0.18376797437667847,0.13899220526218414
20,S8,BWHvy,local,local,0,local,local,0,0.7462947368621826,0.6594059467315674,-0.08688879013061523,0.01846616342663765,0.17377761006355286,0.7462947368621826,0.6594059467315674,0.21416699886322021,0.29687705636024475,0.03953825309872627,0.04371700808405876
21,S1,LatCrit,local,local,0,local,local,0,0.9183582067489624,0.9076868891716003,-0.01067131757736206,0.0009808936156332493,0.021342601627111435,0.9183582067489624,0.9076868891716003,0.03601881489157677,0.04451609402894974,0.04562300071120262,0.047797005623579025
21,S1,ComHvy,BS1,local,1,BS1,local,1,0.48245149850845337,0.4008195400238037,-0.08163195848464966,0.022341124713420868,0.18141603469848633,0.3759746551513672,0.4008195400238037,0.48245149850845337,0.3917435109615326,0.14157381653785706,0.20743697881698608
21,S1,BWHvy,local,local,0,local,BS1,1,0.7686284184455872,0.4540318250656128,-0.31459659337997437,0.2085731476545334,0.6291931867599487,0.7686284184455872,0.4540318250656128,0.14898081123828888,0.38920220732688904,0.08239075541496277,0.15676595270633698
21,S2,LatCrit,BS2,BS2,0,BS2,BS2,0,0.5889942646026611,0.724674642086029,0.13568037748336792,0.05761284381151199,0.27136072516441345,0.29905688762664795,0.16470754146575928,0.1119488924741745,0.11061789095401764,0.5889942646026611,0.724674642086029
21,S2,ComHvy,BS1,local,1,BS1,local,1,0.46119606494903564,0.4110872745513916,-0.05010879039764404,0.039034150540828705,0.20320549607276917,0.42042744159698486,0.4110872745513916,0.46119606494903564,0.36893346905708313,0.11837650090456009,0.21997922658920288
21,S2,BWHvy,local,local,0,local,local,0,0.8309874534606934,0.6120989322662354,-0.218888521194458,0.11425655335187912,0.43777701258659363,0.8309874534606934,0.6120989322662354,0.07484441995620728,0.18833383917808533,0.09416814893484116,0.19956722855567932
21,S3,LatCrit,local,local,0,local,local,0,0.7115210294723511,0.6928738355636597,-0.018647193908691406,0.008522773161530495,0.08760544657707214,0.7115210294723511,0.6928738355636597,0.13067227602005005,0.17447501420974731,0.1578066647052765,0.13265115022659302
21,S3,ComHvy,local,local,0,BS1,local,1,0.3948723077774048,0.5003515481948853,0.10547924041748047,0.02289118990302086,0.21095846593379974,0.3948723077774048,0.5003515481948853,0.3270902931690216,0.26020583510398865,0.2780373990535736,0.2394426316022873
21,S3,BWHvy,local,local,0,local,local,0,0.6416240930557251,0.37900596857070923,-0.26261812448501587,0.14097972214221954,0.5252362489700317,0.6416240930557251,0.37900596857070923,0.19491997361183167,0.3483077883720398,0.16345594823360443,0.272686243057251
21,S4,LatCrit,local,local,0,local,local,0,0.7497909069061279,0.6404986381530762,-0.10929226875305176,0.02919144369661808,0.21858452260494232,0.7497909069061279,0.6404986381530762,0.21054516732692719,0.3168494701385498,0.039663929492235184,0.04265187680721283
21,S4,ComHvy,local,local,0,local,local,0,0.7511599063873291,0.8266180157661438,0.0754581093788147,0.023474276065826416,0.1509161740541458,0.7511599063873291,0.8266180157661438,0.0859745517373085,0.07778522372245789,0.1628655195236206,0.0955967828631401
21,S4,BWHvy,local,local,0,local,local,0,0.811318576335907,0.5932999849319458,-0.21801859140396118,0.1093025878071785,0.4360371530056,0.811318576335907,0.5932999849319458,0.09137564897537231,0.20846542716026306,0.0973057821393013,0.19823455810546875
21,S5,LatCrit,local,local,0,local,local,0,0.8114492893218994,0.6806485652923584,-0.13080072402954102,0.044007811695337296,0.26160138845443726,0.8114492893218994,0.6806485652923584,0.13360579311847687,0.21322959661483765,0.05494493991136551,0.10612180829048157
21,S5,ComHvy,local,local,0,local,local,0,0.39564692974090576,0.5285681486129761,0.1329212188720703,0.05677145719528198,0.28557270765304565,0.39564692974090576,0.5285681486129761,0.23868753015995026,0.24855265021324158,0.36566558480262756,0.22287923097610474
21,S5,BWHvy,local,local,0,local,local,0,0.8379644155502319,0.5979934930801392,-0.23997092247009277,0.13549798727035522,0.47994178533554077,0.8379644155502319,0.5979934930801392,0.09369301050901413,0.23419995605945587,0.06834258139133453,0.1678065061569214
21,S6,LatCrit,local,local,0,local,local,0,0.9170357584953308,0.870608925819397,-0.04642683267593384,0.010981244035065174,0.09285366535186768,0.9170357584953308,0.870608925819397,0.07294394075870514,0.1165948286652565,0.010020309127867222,0.012796252965927124
21,S6,ComHvy,BS1,BS1,0,BS1,BS1,0,0.6698470115661621,0.7258344292640686,0.055987417697906494,0.013410104438662529,0.1119748204946518,0.26176583766937256,0.23624640703201294,0.6698470115661621,0.7258344292640686,0.06838713586330414,0.03791915997862816
21,S6,BWHvy,local,local,0,local,BS1,1,0.7441723346710205,0.4803544282913208,-0.2638179063796997,0.14452597498893738,0.5276358127593994,0.7441723346710205,0.4803544282913208,0.1187547892332077,0.24665217101573944,0.13707292079925537,0.27299341559410095
21,S7,LatCrit,local,local,0,local,local,0,0.8964803218841553,0.8642213344573975,-0.03225898742675781,0.006571181118488312,0.07063993066549301,0.8964803218841553,0.8642213344573975,0.009286582469940186,0.006225609220564365,0.09423312544822693,0.12955309450626373
21,S7,ComHvy,BS2,BS1,1,local,local,0,0.38971689343452454,0.3547012507915497,-0.035015642642974854,0.011555440723896027,0.13143622875213623,0.31473928689956665,0.3212999701499939,0.2955438196659088,0.3547012507915497,0.38971689343452454,0.3239987790584564
21,S7,BWHvy,local,BS1,1,local,local,0,0.6310675144195557,0.4016992449760437,-0.22936826944351196,0.14955586194992065,0.5344890356063843,0.6310675144195557,0.3638229966163635,0.2099640667438507,0.4016992449760437,0.15896841883659363,0.23447772860527039
21,S8,LatCrit,local,BS2,1,local,BS2,1,0.5964822769165039,0.5956754088401794,-0.0008068680763244629,0.0890258252620697,0.4168173670768738,0.5964822769165039,0.3893393874168396,0.016250964254140854,0.014985162764787674,0.38726672530174255,0.5956754088401794
21,S8,ComHvy,BS2,BS2,0,BS2,BS2,0,0.509852945804596,0.5055844783782959,-0.004268467426300049,0.00871875137090683,0.09575183689594269,0.30109739303588867,0.2574899196624756,0.18904967606067657,0.23692557215690613,0.509852945804596,0.5055844783782959
21,S8,BWHvy,local,local,0,local,local,0,0.7777774930000305,0.6013190746307373,-0.1764584183692932,0.07307035475969315,0.3529168367385864,0.7777774930000305,0.6013190746307373,0.08766784518957138,0.18884840607643127,0.1345546692609787,0.20983253419399261
22,S1,LatCrit,local,local,0,local,local,0,0.6134688258171082,0.615376353263855,0.0019075274467468262,0.007454434409737587,0.050960201770067215,0.6134688258171082,0.615376353263855,0.3198436498641968,0.3434162139892578,0.06668751686811447,0.04120740666985512
22,S1,ComHvy,BS1,BS1,0,BS2,BS1,1,0.42466259002685547,0.48284634947776794,0.058183759450912476,0.007740385830402374,0.11636751890182495,0.18185043334960938,0.17731094360351562,0.42466259002685547,0.48284634947776794,0.39348700642585754,0.3398427367210388
22,S1,BWHvy,local,BS2,1,local,BS1,1,0.4471023678779602,0.4380095601081848,-0.00909280776977539,0.011876411736011505,0.14840154349803925,0.4471023678779602,0.3729016184806824,0.17599709331989288,0.1890888512134552,0.3769005239009857,0.4380095601081848
22,S2,LatCrit,BS2,BS2,0,BS2,BS2,0,0.6752296686172485,0.7020667791366577,0.02683711051940918,0.008343808352947235,0.09551800787448883,0.2271135449409485,0.17935454845428467,0.09765677154064178,0.11857867240905762,0.6752296686172485,0.7020667791366577
22,S2,ComHvy,local,local,0,BS1,BS1,0,0.43222421407699585,0.4067422151565552,-0.025481998920440674,0.0077993422746658325,0.09718762338161469,0.43222421407699585,0.4067422151565552,0.4133917987346649,0.39027997851371765,0.15438398718833923,0.20297779142856598
22,S2,BWHvy,local,local,0,local,local,0,0.6218739748001099,0.5458221435546875,-0.07605183124542236,0.012230698019266129,0.15210360288619995,0.6218739748001099,0.5458221435546875,0.1117091104388237,0.14391471445560455,0.2664169371128082,0.31026309728622437
22,S3,LatCrit,local,local,0,local,local,0,0.678815484046936,0.6767051219940186,-0.0021103620529174805,0.0014377962797880173,0.02769303321838379,0.678815484046936,0.6767051219940186,0.24841710925102234,0.26226362586021423,0.07276740670204163,0.06103125214576721
22,S3,ComHvy,local,local,0,local,local,0,0.6264919638633728,0.6616966724395752,0.03520470857620239,0.0028272781055420637,0.07125332951545715,0.6264919638633728,0.6616966724395752,0.3720192313194275,0.3363925814628601,0.0014887999277561903,0.0019107692642137408
22,S3,BWHvy,local,local,0,local,local,0,0.46065402030944824,0.42961573600769043,-0.031038284301757812,0.001959439367055893,0.06207655370235443,0.46065402030944824,0.42961573600769043,0.2252526432275772,0.23712167143821716,0.31409335136413574,0.3332625925540924
22,S4,LatCrit,BS1,BS1,0,BS1,BS1,0,0.7866724133491516,0.7967409491539001,0.010068535804748535,0.005901345983147621,0.02836490422487259,0.18592965602874756,0.1900436282157898,0.7866724133491516,0.7967409491539001,0.027397887781262398,0.013215492479503155
22,S4,ComHvy,local,local,0,local,local,0,0.8342767357826233,0.8623306155204773,0.028053879737854004,0.0035368679091334343,0.05610775947570801,0.8342767357826233,0.8623306155204773,0.03953077271580696,0.02891266532242298,0.12619248032569885,0.10875670611858368
22,S4,BWHvy,local,local,0,local,local,0,0.6517743468284607,0.5945084095001221,-0.05726593732833862,0.007616251707077026,0.11453188210725784,0.6517743468284607,0.5945084095001221,0.07143231481313705,0.07316774129867554,0.27679333090782166,0.3323238492012024
22,S5,LatCrit,local,local,0,BS2,BS2,0,0.5735772848129272,0.5701773166656494,-0.003399968147277832,0.0016388781368732452,0.0396561473608017,0.5735772848129272,0.5701773166656494,0.15488341450691223,0.13845528662204742,0.2715393006801605,0.2913673520088196
22,S5,ComHvy,local,local,0,local,local,0,0.8337470293045044,0.9044718742370605,0.07072484493255615,0.024747788906097412,0.14144961535930634,0.8337470293045044,0.9044718742370605,0.0010377108119428158,0.0001816221629269421,0.16521522402763367,0.09534654021263123
22,S5,BWHvy,local,local,0,BS2,BS2,0,0.5368481874465942,0.4680674076080322,-0.06878077983856201,0.009784027934074402,0.13756157457828522,0.5368481874465942,0.4680674076080322,0.19841302931308746,0.23752999305725098,0.2647387683391571,0.2944025993347168
22,S6,LatCrit,local,BS2,1,local,local,0,0.480837345123291,0.5493431091308594,0.06850576400756836,0.018960140645503998,0.18554863333702087,0.480837345123291,0.40937018394470215,0.06259388476610184,0.04128677025437355,0.45656874775886536,0.5493431091308594
22,S6,ComHvy,BS2,BS2,0,BS2,BS2,0,0.4861946105957031,0.607132077217102,0.12093746662139893,0.03118503838777542,0.24187490344047546,0.13807451725006104,0.11823916435241699,0.3757309019565582,0.27462881803512573,0.4861946105957031,0.607132077217102
22,S6,BWHvy,local,local,0,local,local,0,0.5025544762611389,0.44323837757110596,-0.05931609869003296,0.007475282996892929,0.11863213777542114,0.5025544762611389,0.44323837757110596,0.1880303919315338,0.2212640345096588,0.30941516160964966,0.33549755811691284
22,S7,LatCrit,local,local,0,local,local,0,0.7564840316772461,0.7371057271957397,-0.019378304481506348,0.03082083910703659,0.1429089456796646,0.7564840316772461,0.7371057271957397,0.08639757335186005,0.15785205364227295,0.15711839497089386,0.1050422340631485
22,S7,ComHvy,BS2,BS2,0,BS1,BS2,1,0.5147916078567505,0.6108826398849487,0.09609103202819824,0.027159415185451508,0.19218212366104126,0.19790154695510864,0.19432657957077026,0.28730684518814087,0.19479072093963623,0.5147916078567505,0.6108826398849487
22,S7,BWHvy,local,local,0,local,local,0,0.6436327695846558,0.5923783183097839,-0.051254451274871826,0.005652891471982002,0.10250890254974365,0.6436327695846558,0.5923783183097839,0.21768563985824585,0.24360010027885437,0.1386815756559372,0.1640215665102005
22,S8,LatCrit,BS2,BS2,0,BS2,BS2,0,0.5236309766769409,0.6063966751098633,0.08276569843292236,0.01551462709903717,0.16553136706352234,0.33721423149108887,0.2643917202949524,0.13915479183197021,0.1292116343975067,0.5236309766769409,0.6063966751098633
22,S8,ComHvy,BS1,BS1,0,BS1,BS1,0,0.8244724869728088,0.8838872909545898,0.059414803981781006,0.017164641991257668,0.11882948875427246,0.07551395893096924,0.04144084453582764,0.8244724869728088,0.8838872909545898,0.10001347213983536,0.0746719017624855
22,S8,BWHvy,local,local,0,local,local,0,0.6896985769271851,0.6838072538375854,-0.005891323089599609,0.0013738293200731277,0.034983426332473755,0.6896985769271851,0.6838072538375854,0.12869243323802948,0.11709201335906982,0.18160900473594666,0.19910068809986115
23,S1,LatCrit,local,local,0,BS1,BS1,0,0.48331767320632935,0.5078465342521667,0.024528861045837402,0.004774885252118111,0.08890321105718613,0.48331767320632935,0.5078465342521667,0.3932402729988098,0.34878864884376526,0.12344207614660263,0.1433648020029068
23,S1,ComHvy,local,local,0,local,local,0,0.46653038263320923,0.5433275699615479,0.07679718732833862,0.013690933585166931,0.15359438955783844,0.46653038263320923,0.5433275699615479,0.29310500621795654,0.2318391650915146,0.24036458134651184,0.22483322024345398
23,S1,BWHvy,BS1,BS1,0,BS1,BS1,0,0.43618831038475037,0.4979355037212372,0.061747193336486816,0.014302879571914673,0.14236226677894592,0.2983359694480896,0.22715485095977783,0.43618831038475037,0.4979355037212372,0.26547569036483765,0.274909645318985
23,S2,LatCrit,BS2,BS2,0,BS2,BS2,0,0.6394879221916199,0.7054453492164612,0.06595742702484131,0.01333194226026535,0.14507576823234558,0.34888505935668945,0.27634716033935547,0.011627056635916233,0.018207499757409096,0.6394879221916199,0.7054453492164612
23,S2,ComHvy,BS1,BS1,0,BS2,BS2,0,0.5700618624687195,0.6360359787940979,0.06597411632537842,0.009205039590597153,0.13194826245307922,0.033416926860809326,0.027603626251220703,0.5700618624687195,0.6360359787940979,0.3965211808681488,0.3363603353500366
23,S2,BWHvy,BS2,BS2,0,BS2,BS2,0,0.3972579538822174,0.4050483703613281,0.007790416479110718,0.029570866376161575,0.19342732429504395,0.33695709705352783,0.24024343490600586,0.26578497886657715,0.3547082245349884,0.3972579538822174,0.4050483703613281
23,S3,LatCrit,local,local,0,local,local,0,0.9035990238189697,0.918745756149292,0.015146732330322266,0.0019662121776491404,0.03029351681470871,0.9035990238189697,0.918745756149292,0.0909838154911995,0.0783621072769165,0.005417188163846731,0.002892111660912633
23,S3,ComHvy,BS1,BS2,1,BS1,BS2,1,0.4109572172164917,0.37098440527915955,-0.03997281193733215,0.04556627571582794,0.2747635841369629,0.3554401397705078,0.26797908544540405,0.4109572172164917,0.361036479473114,0.2336026132106781,0.37098440527915955
23,S3,BWHvy,BS2,BS2,0,BS2,BS2,0,0.4008113145828247,0.4293045103549957,0.02849319577217102,0.004643669351935387,0.07547155022621155,0.22531849145889282,0.18758267164230347,0.37387022376060486,0.38311275839805603,0.4008113145828247,0.4293045103549957
23,S4,LatCrit,BS1,BS1,0,BS1,BS1,0,0.4652133285999298,0.5052886605262756,0.040075331926345825,0.013034936040639877,0.10776972770690918,0.36746853590011597,0.38127803802490234,0.4652133285999298,0.5052886605262756,0.1673181653022766,0.11343327164649963
23,S4,ComHvy,local,local,0,local,local,0,0.520695686340332,0.5857287645339966,0.06503307819366455,0.021983157843351364,0.1300661414861679,0.520695686340332,0.5857287645339966,0.4535170793533325,0.4075951874256134,0.025787215679883957,0.006676045246422291
23,S4,BWHvy,BS1,BS1,0,BS1,BS1,0,0.4730237126350403,0.5055936574935913,0.032569944858551025,0.0030255489982664585,0.06513988971710205,0.22033625841140747,0.1925448179244995,0.4730237126350403,0.5055936574935913,0.30663999915122986,0.3018614947795868
23,S5,LatCrit,local,local,0,local,local,0,0.7514259219169617,0.7731090784072876,0.021683156490325928,0.02686275541782379,0.10310404747724533,0.7514259219169617,0.7731090784072876,0.15651273727416992,0.18638159334659576,0.09206134080886841,0.04050930589437485
23,S5,ComHvy,local,local,0,local,local,0,0.5623877048492432,0.680302619934082,0.11791491508483887,0.030903421342372894,0.23582985997200012,0.5623877048492432,0.680302619934082,0.18757125735282898,0.12907235324382782,0.25004106760025024,0.19062502682209015
23,S5,BWHvy,BS1,BS1,0,BS1,BS1,0,0.4034726619720459,0.48565882444381714,0.08218616247177124,0.018790870904922485,0.16437232494354248,0.2697790861129761,0.1993480920791626,0.4034726619720459,0.48565882444381714,0.326748251914978,0.31499308347702026
23,S6,LatCrit,BS2,BS2,0,local,BS2,1,0.4440143406391144,0.5994319915771484,0.15541765093803406,0.053350359201431274,0.3108353018760681,0.34303516149520874,0.27085912227630615,0.21295051276683807,0.1297088861465454,0.4440143406391144,0.5994319915771484
23,S6,ComHvy,BS2,BS2,0,BS2,BS2,0,0.5123736262321472,0.6763854026794434,0.16401177644729614,0.08147628605365753,0.3280234932899475,0.34834039211273193,0.27151769399642944,0.13928598165512085,0.05209694802761078,0.5123736262321472,0.6763854026794434
23,S6,BWHvy,BS2,BS2,0,BS1,BS2,1,0.374962717294693,0.4623681902885437,0.08740547299385071,0.017371125519275665,0.17481091618537903,0.26911377906799316,0.21153217554092407,0.35592347383499146,0.3260996341705322,0.374962717294693,0.4623681902885437
23,S7,LatCrit,local,local,0,local,local,0,0.6465713381767273,0.7641629576683044,0.11759161949157715,0.03495791554450989,0.2351832091808319,0.6465713381767273,0.7641629576683044,0.012887387536466122,0.009104275144636631,0.340541273355484,0.2267327904701233
23,S7,ComHvy,local,local,0,local,local,0,0.5075372457504272,0.5315452814102173,0.02400803565979004,0.003336130641400814,0.0480160228908062,0.5075372457504272,0.5315452814102173,0.4356209337711334,0.42739933729171753,0.056841786950826645,0.04105539619922638
23,S7,BWHvy,BS1,BS1,0,local,BS1,1,0.4627861976623535,0.5059752464294434,0.043189048767089844,0.00927034206688404,0.12039294838905334,0.30849701166152954,0.24830055236816406,0.4627861976623535,0.5059752464294434,0.22871677577495575,0.24572421610355377
23,S8,LatCrit,local,local,0,local,local,0,0.6139494180679321,0.6347184181213379,0.02076900005340576,0.007802147418260574,0.08515119552612305,0.6139494180679321,0.6347184181213379,0.2159498929977417,0.23775652050971985,0.1701006293296814,0.12752506136894226
23,S8,ComHvy,local,BS1,1,local,local,0,0.3772960305213928,0.36181968450546265,-0.015476346015930176,0.02576391026377678,0.20741447806358337,0.3772960305213928,0.3429020047187805,0.25811246037483215,0.36181968450546265,0.3645915389060974,0.29527831077575684
23,S8,BWHvy,BS1,BS1,0,BS1,BS1,0,0.45231714844703674,0.5139366388320923,0.06161949038505554,0.007616123184561729,0.12323896586894989,0.31791621446609497,0.2804039716720581,0.45231714844703674,0.5139366388320923,0.2297665774822235,0.20565934479236603
24,S1,LatCrit,local,local,0,local,local,0,0.6802845001220703,0.6064838171005249,-0.07380068302154541,0.017799299210309982,0.17309021949768066,0.6802845001220703,0.6064838171005249,0.2716674208641052,0.35821253061294556,0.04804805666208267,0.03530362248420715
24,S1,ComHvy,local,local,0,local,local,0,0.5627584457397461,0.6273152232170105,0.0645567774772644,0.02553846687078476,0.1877036839723587,0.5627584457397461,0.6273152232170105,0.14693284034729004,0.17622792720794678,0.2903086841106415,0.19645686447620392
24,S1,BWHvy,local,local,0,local,local,0,0.6726541519165039,0.5197267532348633,-0.15292739868164062,0.04856686294078827,0.30585482716560364,0.6726541519165039,0.5197267532348633,0.07752776145935059,0.10215514153242111,0.2498180866241455,0.3781181275844574
24,S2,LatCrit,local,BS1,1,local,BS1,1,0.4086771011352539,0.38322919607162476,-0.02544790506362915,0.013200183399021626,0.14804589748382568,0.4086771011352539,0.3464067578315735,0.3092062473297119,0.38322919607162476,0.2821166515350342,0.27036404609680176
24,S2,ComHvy,BS2,BS2,0,BS2,BS2,0,0.48355090618133545,0.5314812064170837,0.04793030023574829,0.004948273301124573,0.09586071968078613,0.06960934400558472,0.06916385889053345,0.4468397796154022,0.39935484528541565,0.48355090618133545,0.5314812064170837
24,S2,BWHvy,local,local,0,local,local,0,0.664278507232666,0.4854080080986023,-0.17887049913406372,0.06503432989120483,0.3577410578727722,0.664278507232666,0.4854080080986023,0.10698790103197098,0.16701331734657288,0.22873355448246002,0.3475787043571472
24,S3,LatCrit,local,local,0,local,local,0,0.8645276427268982,0.8825894594192505,0.018061816692352295,0.001717548817396164,0.0361236147582531,0.8645276427268982,0.8825894594192505,0.08960729092359543,0.08070137351751328,0.045865047723054886,0.03670916706323624
24,S3,ComHvy,BS1,BS1,0,BS1,BS1,0,0.6849192380905151,0.7431941032409668,0.05827486515045166,0.008649728260934353,0.11720965057611465,0.3136063814163208,0.2550015449523926,0.6849192380905151,0.7431941032409668,0.0014743962092325091,0.0018043465679511428
24,S3,BWHvy,local,local,0,local,local,0,0.6441270112991333,0.5415036082267761,-0.10262340307235718,0.0216219462454319,0.20524683594703674,0.6441270112991333,0.5415036082267761,0.1282888650894165,0.16663922369480133,0.227584108710289,0.29185718297958374
24,S4,LatCrit,local,local,0,local,local,0,0.7785107493400574,0.7151766419410706,-0.06333410739898682,0.012949487194418907,0.13651669025421143,0.7785107493400574,0.7151766419410706,0.20342327654361725,0.27168163657188416,0.018065962940454483,0.013141733594238758
24,S4,ComHvy,BS2,BS2,0,BS2,BS2,0,0.5805426836013794,0.697674572467804,0.11713188886642456,0.0326695442199707,0.23426386713981628,0.35980814695358276,0.26897335052490234,0.05964919552206993,0.03335201367735863,0.5805426836013794,0.697674572467804
24,S4,BWHvy,local,local,0,local,local,0,0.6676717400550842,0.563931405544281,-0.10374033451080322,0.023058757185935974,0.20748068392276764,0.6676717400550842,0.563931405544281,0.06330303102731705,0.0731152817606926,0.2690252363681793,0.3629533350467682
24,S5,LatCrit,local,local,0,local,local,0,0.6968194842338562,0.6691567301750183,-0.02766275405883789,0.0017649661749601364,0.055325523018836975,0.6968194842338562,0.6691567301750183,0.11061177402734756,0.11936306208372116,0.19256873428821564,0.21148021519184113
24,S5,ComHvy,local,local,0,local,local,0,0.6292557716369629,0.7669066190719604,0.13765084743499756,0.04859304428100586,0.2753016948699951,0.6292557716369629,0.7669066190719604,0.0015248045092448592,0.00022897198505233973,0.36921942234039307,0.23286442458629608
24,S5,BWHvy,local,local,0,local,local,0,0.6924521923065186,0.5556608438491821,-0.13679134845733643,0.03950362652540207,0.2735826373100281,0.6924521923065186,0.5556608438491821,0.11660836637020111,0.15946510434150696,0.19093948602676392,0.2848740518093109
24,S6,LatCrit,BS2,BS2,0,BS2,BS2,0,0.644355833530426,0.7884700298309326,0.1441141963005066,0.05477739870548248,0.2882283329963684,0.3266298770904541,0.19528627395629883,0.02901425212621689,0.01624370366334915,0.644355833530426,0.7884700298309326
24,S6,ComHvy,local,BS2,1,BS2,BS2,0,0.43522655963897705,0.6199078559875488,0.18468129634857178,0.09673140943050385,0.4306390881538391,0.43522655963897705,0.2916374206542969,0.1601850837469101,0.08845468610525131,0.4045883119106293,0.6199078559875488
24,S6,BWHvy,local,local,0,local,local,0,0.676488995552063,0.5402512550354004,-0.1362377405166626,0.0407511331140995,0.2724754512310028,0.676488995552063,0.5402512550354004,0.1350080668926239,0.21926771104335785,0.1885029375553131,0.24048100411891937
24,S7,LatCrit,local,local,0,local,local,0,0.6487448215484619,0.7082595825195312,0.059514760971069336,0.09516414254903793,0.20155708491802216,0.6487448215484619,0.7082595825195312,0.21903380751609802,0.26029759645462036,0.13222138583660126,0.03144284710288048
24,S7,ComHvy,local,local,0,local,local,0,0.767751932144165,0.6955054998397827,-0.07224643230438232,0.01946566253900528,0.1532217115163803,0.767751932144165,0.6955054998397827,0.09494990110397339,0.09058548510074615,0.13729813694953918,0.21390900015830994
24,S7,BWHvy,local,local,0,local,local,0,0.7525315284729004,0.6874181032180786,-0.06511342525482178,0.010871030390262604,0.13022682070732117,0.7525315284729004,0.6874181032180786,0.12312297523021698,0.1449136584997177,0.12434547394514084,0.1676681935787201
24,S8,LatCrit,local,local,0,local,local,0,0.8904621601104736,0.8699321746826172,-0.020529985427856445,0.002046274021267891,0.0410599485039711,0.8904621601104736,0.8699321746826172,0.04891078174114227,0.06074848771095276,0.0606270432472229,0.06931930035352707
24,S8,ComHvy,BS1,BS1,0,BS1,BS1,0,0.8847754597663879,0.898268461227417,0.013493001461029053,0.001439532614313066,0.026986073702573776,0.06643980741500854,0.054038166999816895,0.8847754597663879,0.898268461227417,0.048784758895635605,0.04769332706928253
24,S8,BWHvy,local,local,0,local,local,0,0.6356595754623413,0.5684363842010498,-0.0672231912612915,0.012449488043785095,0.13488397002220154,0.6356595754623413,0.5684363842010498,0.14455585181713104,0.14433708786964417,0.21978457272052765,0.2872265875339508
25,S1,LatCrit,BS1,BS1,0,BS1,BS1,0,0.590208113193512,0.6479896903038025,0.05778157711029053,0.007184058427810669,0.11556313931941986,0.2649378776550293,0.22945153713226318,0.590208113193512,0.6479896903038025,0.14485402405261993,0.12255880236625671
25,S1,ComHvy,local,local,0,local,local,0,0.6700790524482727,0.6768098473548889,0.006730794906616211,0.002847360447049141,0.02684163674712181,0.6700790524482727,0.6768098473548889,0.2877836525440216,0.29447367787361145,0.04213728755712509,0.028716471046209335
25,S1,BWHvy,local,local,0,local,local,0,0.7894729971885681,0.7632687091827393,-0.026204288005828857,0.0024609100073575974,0.0524086132645607,0.7894729971885681,0.7632687091827393,0.07354170083999634,0.09065090864896774,0.13698528707027435,0.1460804045200348
25,S2,LatCrit,local,local,0,local,local,0,0.5530297160148621,0.533336341381073,-0.019693374633789062,0.0043213386088609695,0.062030863016843796,0.5530297160148621,0.533336341381073,0.030239496380090714,0.01891743391752243,0.4167307913303375,0.447746217250824
25,S2,ComHvy,BS2,BS1,1,BS2,BS2,0,0.363220751285553,0.3985046446323395,0.0352838933467865,0.029167205095291138,0.20748084783554077,0.32554924488067627,0.34201502799987793,0.31123003363609314,0.3985046446323395,0.363220751285553,0.2594802975654602
25,S2,BWHvy,local,local,0,local,local,0,0.7536731362342834,0.7481019496917725,-0.005571186542510986,0.0005943877622485161,0.022364094853401184,0.7536731362342834,0.7481019496917725,0.10320483148097992,0.09759394824504852,0.14312203228473663,0.15430405735969543
25,S3,LatCrit,local,local,0,local,local,0,0.7366913557052612,0.7433998584747314,0.006708502769470215,0.0016979179345071316,0.026345904916524887,0.7366913557052612,0.7433998584747314,0.06439772993326187,0.05122479423880577,0.1989108920097351,0.20537535846233368
25,S3,ComHvy,BS1,BS1,0,BS1,BS1,0,0.7942919135093689,0.8678334951400757,0.07354158163070679,0.021778788417577744,0.1470830887556076,0.17679482698440552,0.10848855972290039,0.7942919135093689,0.8678334951400757,0.02891319990158081,0.023677963763475418
25,S3,BWHvy,local,local,0,local,local,0,0.7567657828330994,0.7558408379554749,-0.0009249448776245117,0.0001393924467265606,0.008945256471633911,0.7567657828330994,0.7558408379554749,0.1053335964679718,0.10980622470378876,0.13790063560009003,0.13435295224189758
25,S4,LatCrit,local,local,0,local,local,0,0.8646080493927002,0.9139964580535889,0.04938840866088867,0.013586146757006645,0.09877678751945496,0.8646080493927002,0.9139964580535889,0.08279542624950409,0.05471661314368248,0.05259652063250542,0.03128695487976074
25,S4,ComHvy,local,BS1,1,local,local,0,0.36849159002304077,0.3883620798587799,0.019870489835739136,0.030799858272075653,0.23601093888282776,0.36849159002304077,0.30953770875930786,0.2703566253185272,0.3883620798587799,0.361151784658432,0.30210018157958984
25,S4,BWHvy,local,local,0,local,local,0,0.8730052709579468,0.8739476799964905,0.0009424090385437012,3.043969627469778e-05,0.003320060670375824,0.8730052709579468,0.8739476799964905,0.07381074130535126,0.07452835887670517,0.05318398028612137,0.05152394622564316
25,S5,LatCrit,local,local,0,local,local,0,0.838313102722168,0.7584995627403259,-0.07981353998184204,0.019410794600844383,0.1596270501613617,0.838313102722168,0.7584995627403259,0.074114590883255,0.11927473545074463,0.08757231384515762,0.12222567945718765
25,S5,ComHvy,local,local,0,local,local,0,0.9560043215751648,0.9635872840881348,0.007582962512969971,0.002136039547622204,0.020181577652692795,0.9560043215751648,0.9635872840881348,0.008923613466322422,0.011431454680860043,0.03507205843925476,0.024981284514069557
25,S5,BWHvy,local,local,0,local,local,0,0.7572365403175354,0.7573830485343933,0.00014650821685791016,0.0001766309142112732,0.009222723543643951,0.7572365403175354,0.7573830485343933,0.09255677461624146,0.09702163189649582,0.15020668506622314,0.14559532701969147
25,S6,LatCrit,local,local,0,local,local,0,0.6559756994247437,0.566627562046051,-0.08934813737869263,0.016733162105083466,0.17869623005390167,0.6559756994247437,0.566627562046051,0.033038217574357986,0.03840529918670654,0.31098613142967224,0.39496713876724243
25,S6,ComHvy,BS2,BS2,0,BS2,BS2,0,0.7522194981575012,0.8663549423217773,0.11413544416427612,0.0467832013964653,0.22827091813087463,0.1875120997428894,0.10256099700927734,0.060268428176641464,0.031084060668945312,0.7522194981575012,0.8663549423217773
25,S6,BWHvy,local,local,0,local,local,0,0.7456680536270142,0.7457621693611145,9.41157341003418e-05,2.539047272875905e-06,0.0011662766337394714,0.7456680536270142,0.7457621693611145,0.09742539376020432,0.09684222936630249,0.1569065898656845,0.15739558637142181
25,S7,LatCrit,local,local,0,local,local,0,0.9577623605728149,0.9660592675209045,0.0082969069480896,0.001109556877054274,0.0165938138961792,0.9577623605728149,0.9660592675209045,0.026319818571209908,0.01982620730996132,0.01591779850423336,0.01411450281739235
25,S7,ComHvy,local,local,0,local,local,0,0.4488906264305115,0.539680540561676,0.09078991413116455,0.050598807632923126,0.2171674370765686,0.4488906264305115,0.539680540561676,0.21687161922454834,0.10828790813684464,0.3342377543449402,0.35203155875205994
25,S7,BWHvy,local,local,0,local,local,0,0.7549378871917725,0.7638996839523315,0.008961796760559082,0.0003863424062728882,0.01792363077402115,0.7549378871917725,0.7638996839523315,0.13568192720413208,0.1350216418504715,0.10938020050525665,0.10107865184545517
25,S8,LatCrit,local,local,0,local,local,0,0.6803535223007202,0.7626994252204895,0.08234590291976929,0.01984248124063015,0.1646917760372162,0.6803535223007202,0.7626994252204895,0.18392083048820496,0.12217847257852554,0.13572563230991364,0.11512211710214615
25,S8,ComHvy,local,local,0,local,local,0,0.6555039882659912,0.537018895149231,-0.11848509311676025,0.03750835359096527,0.2643517851829529,0.6555039882659912,0.537018895149231,0.04662718251347542,0.03293634206056595,0.29786887764930725,0.4300447404384613
25,S8,BWHvy,local,local,0,local,local,0,0.6553064584732056,0.6751728653907776,0.01986640691757202,0.0009192479774355888,0.039732806384563446,0.6553064584732056,0.6751728653907776,0.1295056790113449,0.12407120317220688,0.21518786251544952,0.20075593888759613
26,S1,LatCrit,BS1,BS1,0,BS1,BS1,0,0.7176202535629272,0.7486289143562317,0.031008660793304443,0.006511444225907326,0.08534512668848038,0.21115267276763916,0.16848009824752808,0.7176202535629272,0.7486289143562317,0.07122708857059479,0.08289097994565964
26,S1,ComHvy,BS2,local,1,BS2,BS2,0,0.4775458872318268,0.38792675733566284,-0.08961912989616394,0.03405199944972992,0.2539830803871155,0.3170265555381775,0.38792675733566284,0.20542755722999573,0.2615188956260681,0.4775458872318268,0.35055434703826904
26,S1,BWHvy,BS2,BS2,0,local,BS2,1,0.418760746717453,0.5307620167732239,0.11200127005577087,0.11063579469919205,0.4073663055896759,0.402468204498291,0.19878506660461426,0.1787710189819336,0.27045291662216187,0.418760746717453,0.5307620167732239
26,S2,LatCrit,BS2,BS2,0,BS2,BS2,0,0.7635936141014099,0.7270525693893433,-0.03654104471206665,0.003822922706604004,0.07308204472064972,0.10066545009613037,0.10885918140411377,0.1357409507036209,0.16408821940422058,0.7635936141014099,0.7270525693893433
26,S2,ComHvy,local,local,0,local,local,0,0.7712844610214233,0.8265085220336914,0.055224061012268066,0.016379250213503838,0.11044812202453613,0.7712844610214233,0.8265085220336914,0.2211291790008545,0.17239320278167725,0.007586335763335228,0.0010982512030750513
26,S2,BWHvy,BS2,BS2,0,BS2,BS2,0,0.5157155990600586,0.6276161670684814,0.11190056800842285,0.09532881528139114,0.33659785985946655,0.3028234839439392,0.13452452421188354,0.181460902094841,0.23785924911499023,0.5157155990600586,0.6276161670684814
26,S3,LatCrit,local,local,0,local,local,0,0.590349555015564,0.6024681329727173,0.01211857795715332,0.0195649191737175,0.13440284132957458,0.590349555015564,0.6024681329727173,0.22653093934059143,0.15932950377464294,0.1831195205450058,0.23820234835147858
26,S3,ComHvy,BS1,BS1,0,BS1,BS1,0,0.7565236687660217,0.6999381184577942,-0.05658555030822754,0.06403413414955139,0.218388170003891,0.1974339485168457,0.14482539892196655,0.7565236687660217,0.6999381184577942,0.04604244604706764,0.15523651242256165
26,S3,BWHvy,BS2,BS2,0,local,BS1,1,0.39062395691871643,0.47442153096199036,0.08379757404327393,0.09329431504011154,0.3649606704711914,0.3684244155883789,0.1859440803527832,0.24095164239406586,0.33963441848754883,0.39062395691871643,0.47442153096199036
26,S4,LatCrit,local,local,0,local,local,0,0.6670550107955933,0.5651987791061401,-0.10185623168945312,0.03554268181324005,0.23678052425384521,0.6670550107955933,0.5651987791061401,0.13704144954681396,0.12050742655992508,0.19590352475643158,0.3142938017845154
26,S4,ComHvy,BS1,BS1,0,BS1,BS1,0,0.47146156430244446,0.5195837616920471,0.04812219738960266,0.013204637914896011,0.0965903252363205,0.3882454037666321,0.38841837644577026,0.47146156430244446,0.5195837616920471,0.14029303193092346,0.09199787676334381
26,S4,BWHvy,local,BS1,1,local,local,0,0.5321962833404541,0.3809775710105896,-0.1512187123298645,0.1106463223695755,0.441925048828125,0.5321962833404541,0.3112337589263916,0.2210283726453781,0.3809775710105896,0.2467752993106842,0.3077886402606964
26,S5,LatCrit,local,local,0,local,local,0,0.5309040546417236,0.4622304439544678,-0.06867361068725586,0.038284122943878174,0.2355646789073944,0.5309040546417236,0.4622304439544678,0.16429483890533447,0.2820771634578705,0.3048011362552643,0.25569239258766174
26,S5,ComHvy,local,local,0,local,local,0,0.8151706457138062,0.8723654747009277,0.05719482898712158,0.03675089776515961,0.1264350712299347,0.8151706457138062,0.8723654747009277,0.08160103857517242,0.087623730301857,0.10322831571102142,0.04001076519489288
26,S5,BWHvy,BS2,BS2,0,local,BS2,1,0.38695839047431946,0.44649481773376465,0.05953642725944519,0.11061407625675201,0.37929973006248474,0.35465383529663086,0.1650039553642273,0.2583877742290497,0.38850119709968567,0.38695839047431946,0.44649481773376465
26,S6,LatCrit,local,local,0,local,local,0,0.748727560043335,0.6507048010826111,-0.09802275896072388,0.0375824049115181,0.19604553282260895,0.748727560043335,0.6507048010826111,0.032696593552827835,0.09592599421739578,0.21857580542564392,0.25336918234825134
26,S6,ComHvy,BS2,BS2,0,BS2,BS2,0,0.8364297151565552,0.9022845029830933,0.06585478782653809,0.022224053740501404,0.1317095309495926,0.1357983946800232,0.07607817649841309,0.027771880850195885,0.021637355908751488,0.8364297151565552,0.9022845029830933
26,S6,BWHvy,local,BS2,1,local,BS2,1,0.407284140586853,0.394932359457016,-0.012351781129837036,0.09695611894130707,0.38273757696151733,0.407284140586853,0.21591538190841675,0.32994773983955383,0.38915231823921204,0.26276811957359314,0.394932359457016
26,S7,LatCrit,local,local,0,local,local,0,0.9034013748168945,0.8860501050949097,-0.017351269721984863,0.0021392079070210457,0.03470255807042122,0.9034013748168945,0.8860501050949097,0.055350881069898605,0.059086356312036514,0.04124774783849716,0.05486356094479561
26,S7,ComHvy,local,local,0,local,local,0,0.46093738079071045,0.4966617226600647,0.03572434186935425,0.006821447052061558,0.07144872844219208,0.46093738079071045,0.4966617226600647,0.08985421061515808,0.062120214104652405,0.44920843839645386,0.4412180483341217
26,S7,BWHvy,local,BS2,1,local,BS2,1,0.42652833461761475,0.43602755665779114,0.009499222040176392,0.0729072317481041,0.3497007489204407,0.42652833461761475,0.251677930355072,0.2513522803783417,0.31229448318481445,0.32211941480636597,0.43602755665779114
26,S8,LatCrit,local,local,0,local,local,0,0.8234082460403442,0.8168275356292725,-0.006580710411071777,0.0010369536466896534,0.01908455789089203,0.8234082460403442,0.8168275356292725,0.168695330619812,0.17823761701583862,0.007896441966295242,0.004934880416840315
26,S8,ComHvy,local,local,0,local,local,0,0.6465308666229248,0.7096244096755981,0.06309354305267334,0.03838455677032471,0.12618707120418549,0.6465308666229248,0.7096244096755981,0.09131266176700592,0.032533761113882065,0.26215648651123047,0.2578418552875519
26,S8,BWHvy,BS2,BS2,0,BS1,BS2,1,0.3849363327026367,0.5121356248855591,0.12719929218292236,0.07043290138244629,0.2791624069213867,0.2825079560279846,0.14292675256729126,0.3325556814670563,0.34493759274482727,0.3849363327026367,0.5121356248855591
27,S1,LatCrit,BS1,BS1,0,BS1,BS1,0,0.635470986366272,0.5578401684761047,-0.07763081789016724,0.012867845594882965,0.15526165068149567,0.20479881763458252,0.23750180006027222,0.635470986366272,0.5578401684761047,0.15973018109798431,0.20465803146362305
27,S1,ComHvy,local,local,0,local,local,0,0.5208828449249268,0.5697768926620483,0.04889404773712158,0.0053009092807769775,0.09778808057308197,0.5208828449249268,0.5697768926620483,0.0430649109184742,0.03349486365914345,0.43605223298072815,0.3967282474040985
27,S1,BWHvy,BS1,BS1,0,BS2,BS2,0,0.41975095868110657,0.45559969544410706,0.03584873676300049,0.0038667330518364906,0.07169750332832336,0.1993998885154724,0.17028862237930298,0.41975095868110657,0.45559969544410706,0.3808491826057434,0.37411168217658997
27,S2,LatCrit,BS2,BS2,0,BS2,BS2,0,0.5998767614364624,0.4668276906013489,-0.13304907083511353,0.04384078085422516,0.2660980820655823,0.2296960949897766,0.25191622972488403,0.17042717337608337,0.2812560498714447,0.5998767614364624,0.4668276906013489
27,S2,ComHvy,local,local,0,local,local,0,0.9518601298332214,0.9464303255081177,-0.00542980432510376,0.0018062042072415352,0.013876273296773434,0.9518601298332214,0.9464303255081177,0.04615064337849617,0.05308876559138298,0.0019892218988388777,0.0004808751691598445
27,S2,BWHvy,BS2,BS2,0,BS2,BS1,1,0.493670254945755,0.48613566160202026,-0.007534593343734741,0.005905152298510075,0.07630676031112671,0.13811522722244263,0.10749644041061401,0.36821451783180237,0.4063678979873657,0.493670254945755,0.48613566160202026
27,S3,LatCrit,BS1,BS1,0,BS1,BS1,0,0.4801296591758728,0.3795342743396759,-0.1005953848361969,0.044742338359355927,0.2685702443122864,0.3099604845046997,0.2762707471847534,0.4801296591758728,0.3795342743396759,0.2099098563194275,0.3441949784755707
27,S3,ComHvy,local,local,0,local,local,0,0.8845897316932678,0.8823177814483643,-0.0022719502449035645,0.004530427046120167,0.016781039535999298,0.8845897316932678,0.8823177814483643,0.008918983861804008,0.002800402930006385,0.10649129003286362,0.11488179862499237
27,S3,BWHvy,BS2,BS1,1,BS2,BS1,1,0.43184030055999756,0.45996659994125366,0.028126299381256104,0.002992665395140648,0.07063606381416321,0.1435111165046692,0.12540680170059204,0.42464858293533325,0.45996659994125366,0.43184030055999756,0.4146265685558319
27,S4,LatCrit,BS2,BS2,0,BS2,BS2,0,0.53190678358078,0.5088964700698853,-0.023010313510894775,0.025703996419906616,0.14761781692504883,0.36286067962646484,0.43666958808898926,0.10523256659507751,0.05443396791815758,0.53190678358078,0.5088964700698853
27,S4,ComHvy,local,local,0,local,local,0,0.5435094237327576,0.6284257173538208,0.08491629362106323,0.01777666248381138,0.16983261704444885,0.5435094237327576,0.6284257173538208,0.4490647315979004,0.3693352937698364,0.007425859570503235,0.002238973043859005
27,S4,BWHvy,BS1,BS1,0,BS1,BS1,0,0.5732337236404419,0.5968279242515564,0.023594200611114502,0.0012027192860841751,0.04718828201293945,0.18466347455978394,0.1776043176651001,0.5732337236404419,0.5968279242515564,0.2421027421951294,0.22556781768798828
27,S5,LatCrit,BS2,BS1,1,BS2,BS1,1,0.36441296339035034,0.47045254707336426,0.10603958368301392,0.08799336850643158,0.35418272018432617,0.290746808052063,0.3422258496284485,0.34484025835990906,0.47045254707336426,0.36441296339035034,0.18732158839702606
27,S5,ComHvy,local,local,0,local,local,0,0.7767853736877441,0.8710259199142456,0.09424054622650146,0.03598017990589142,0.18848112225532532,0.7767853736877441,0.8710259199142456,0.20730897784233093,0.12393128126859665,0.01590566709637642,0.005042781587690115
27,S5,BWHvy,BS1,BS1,0,BS2,BS1,1,0.5008944272994995,0.5930278301239014,0.09213340282440186,0.017619945108890533,0.1842668354511261,0.13228267431259155,0.11457878351211548,0.5008944272994995,0.5930278301239014,0.3668229579925537,0.29239341616630554
27,S6,LatCrit,local,local,0,local,local,0,0.7084780931472778,0.719179630279541,0.010701537132263184,0.01391424611210823,0.0987054854631424,0.7084780931472778,0.719179630279541,0.11361928284168243,0.15227046608924866,0.17790263891220093,0.12854987382888794
27,S6,ComHvy,BS2,BS2,0,BS2,BS2,0,0.578242301940918,0.6128689646720886,0.034626662731170654,0.02872980386018753,0.18269291520118713,0.3123515844345093,0.2210051417350769,0.10940606892108917,0.16612587869167328,0.578242301940918,0.6128689646720886
27,S6,BWHvy,BS1,BS2,1,BS1,BS2,1,0.5104426145553589,0.5021311044692993,-0.00831151008605957,0.036636240780353546,0.269008070230484,0.12193030118942261,0.0979921817779541,0.5104426145553589,0.3998767137527466,0.3676270544528961,0.5021311044692993
27,S7,LatCrit,BS2,BS2,0,BS2,BS2,0,0.5496647953987122,0.6260079145431519,0.0763431191444397,0.016360841691493988,0.152686208486557,0.3708235025405884,0.32586753368377686,0.07951170206069946,0.04812458157539368,0.5496647953987122,0.6260079145431519
27,S7,ComHvy,local,local,0,local,local,0,0.48609232902526855,0.5787696838378906,0.09267735481262207,0.025789547711610794,0.18535470962524414,0.48609232902526855,0.5787696838378906,0.21233002841472626,0.13758908212184906,0.3015776574611664,0.2836412489414215
27,S7,BWHvy,BS1,BS1,0,BS2,BS2,0,0.4758373200893402,0.47414344549179077,-0.0016938745975494385,0.00020140781998634338,0.012041985988616943,0.06157630681991577,0.05724918842315674,0.4758373200893402,0.47414344549179077,0.462586373090744,0.4686073660850525
27,S8,LatCrit,local,local,0,local,local,0,0.9229456186294556,0.9448878765106201,0.02194225788116455,0.004567705560475588,0.04388448968529701,0.9229456186294556,0.9448878765106201,0.07459885627031326,0.054193370044231415,0.002455503214150667,0.0009187592659145594
27,S8,ComHvy,local,local,0,local,local,0,0.5771190524101257,0.6163287162780762,0.03920966386795044,0.0041052717715501785,0.07841935753822327,0.5771190524101257,0.6163287162780762,0.1251845359802246,0.10243132710456848,0.29769641160964966,0.28123992681503296
27,S8,BWHvy,BS1,BS1,0,BS2,BS2,0,0.4888322353363037,0.46734756231307983,-0.021484673023223877,0.008395127952098846,0.10131719708442688,0.10529816150665283,0.07612425088882446,0.4888322353363037,0.46734756231307983,0.40586960315704346,0.4565282166004181
28,S1,LatCrit,BS2,BS1,1,BS2,BS1,1,0.380329966545105,0.4946368336677551,0.11430686712265015,0.031074777245521545,0.24465912580490112,0.24736279249191284,0.2115612030029297,0.37230727076530457,0.4946368336677551,0.380329966545105,0.2938019931316376
28,S1,ComHvy,local,local,0,local,local,0,0.8834728598594666,0.9121665954589844,0.028693735599517822,0.006921423599123955,0.05738743767142296,0.8834728598594666,0.9121665954589844,0.06133035942912102,0.03769249841570854,0.05519677326083183,0.05014093220233917
28,S1,BWHvy,local,local,0,local,local,0,0.48269569873809814,0.4922757148742676,0.009580016136169434,0.0002425764687359333,0.01916000247001648,0.48269569873809814,0.4922757148742676,0.3835549056529999,0.37978968024253845,0.13374939560890198,0.12793463468551636
28,S2,LatCrit,local,local,0,local,local,0,0.5852112174034119,0.6256354451179504,0.040424227714538574,0.021195735782384872,0.08106008917093277,0.5852112174034119,0.6256354451179504,0.07033216208219528,0.029802100732922554,0.34445664286613464,0.34456244111061096
28,S2,ComHvy,local,local,0,local,local,0,0.8748688101768494,0.9320452213287354,0.057176411151885986,0.024158166721463203,0.11435285210609436,0.8748688101768494,0.9320452213287354,0.06590182334184647,0.0432460755109787,0.05922935903072357,0.024708667770028114
28,S2,BWHvy,BS1,BS2,1,BS1,BS1,0,0.3849906921386719,0.360774964094162,-0.024215728044509888,0.015474982559680939,0.16519156098365784,0.2955598831176758,0.33683013916015625,0.3849906921386719,0.30239492654800415,0.31944942474365234,0.360774964094162
28,S3,LatCrit,BS2,local,1,BS2,BS1,1,0.4262625277042389,0.4554998278617859,0.029237300157546997,0.035881757736206055,0.2532363533973694,0.36938047409057617,0.4554998278617859,0.20435698330402374,0.2448558211326599,0.4262625277042389,0.2996443510055542
28,S3,ComHvy,BS1,BS1,0,BS1,BS1,0,0.40371546149253845,0.5130580067634583,0.1093425452709198,0.029965840280056,0.21868515014648438,0.31872016191482544,0.29415833950042725,0.40371546149253845,0.5130580067634583,0.2775644063949585,0.19278362393379211
28,S3,BWHvy,local,local,0,BS1,local,1,0.41923362016677856,0.4618842601776123,0.04265064001083374,0.0036810580641031265,0.08530129492282867,0.41923362016677856,0.4618842601776123,0.33859357237815857,0.3132174611091614,0.24217280745506287,0.22489826381206512
28,S4,LatCrit,BS2,local,1,BS1,local,1,0.40967559814453125,0.43777239322662354,0.028096795082092285,0.016724295914173126,0.17314815521240234,0.35119831562042236,0.43777239322662354,0.2391260862350464,0.19099554419517517,0.40967559814453125,0.3712320625782013
28,S4,ComHvy,BS1,BS1,0,BS1,BS1,0,0.49340692162513733,0.6787068843841553,0.18529996275901794,0.11694193631410599,0.3705999553203583,0.3975508213043213,0.2951968312263489,0.49340692162513733,0.6787068843841553,0.10904228687286377,0.026096291840076447
28,S4,BWHvy,local,local,0,local,local,0,0.45733392238616943,0.5148672461509705,0.057533323764801025,0.007070139050483704,0.11506665498018265,0.45733392238616943,0.5148672461509705,0.43262726068496704,0.3787098228931427,0.11003883183002472,0.10642293840646744
28,S5,LatCrit,BS1,BS2,1,BS1,BS1,0,0.36643582582473755,0.3839721977710724,0.01753637194633484,0.011793486773967743,0.14677467942237854,0.3229793310165405,0.2932204604148865,0.36643582582473755,0.32280734181404114,0.3105848729610443,0.3839721977710724
28,S5,ComHvy,local,local,0,local,local,0,0.7553063631057739,0.8234508633613586,0.06814450025558472,0.015477675944566727,0.13628898561000824,0.7553063631057739,0.8234508633613586,0.24232999980449677,0.17591220140457153,0.002363627078011632,0.0006369386101141572
28,S5,BWHvy,local,local,0,local,local,0,0.4278741478919983,0.48306477069854736,0.05519062280654907,0.006468944251537323,0.11038123071193695,0.4278741478919983,0.48306477069854736,0.3470441401004791,0.30479130148887634,0.22508171200752258,0.2121439427137375
28,S6,LatCrit,local,local,0,local,local,0,0.8445248603820801,0.8353460431098938,-0.00917881727218628,0.0009137662127614021,0.01835760846734047,0.8445248603820801,0.8353460431098938,0.12947237491607666,0.13142946362495422,0.026002783328294754,0.03322448581457138
28,S6,ComHvy,BS1,BS1,0,BS1,BS1,0,0.529704749584198,0.5293352007865906,-0.0003695487976074219,0.003467891365289688,0.028670191764831543,0.039800286293029785,0.025834739208221436,0.529704749584198,0.5293352007865906,0.43049493432044983,0.4448300302028656
28,S6,BWHvy,BS1,local,1,BS1,BS1,0,0.34655696153640747,0.3582644462585449,0.011707484722137451,0.00759381428360939,0.11373472213745117,0.32823383808135986,0.3582644462585449,0.34655696153640747,0.2896896004676819,0.32520920038223267,0.3520459532737732
28,S7,LatCrit,BS2,BS2,0,BS2,BS2,0,0.4972318410873413,0.5688095688819885,0.07157772779464722,0.08148986101150513,0.19488252699375153,0.3682527542114258,0.39411628246307373,0.1345154196023941,0.03707415238022804,0.4972318410873413,0.5688095688819885
28,S7,ComHvy,BS2,BS2,0,BS2,BS2,0,0.501461923122406,0.7086461782455444,0.20718425512313843,0.11258494853973389,0.4268527030944824,0.058193743228912354,0.06443583965301514,0.44034436345100403,0.22691799700260162,0.501461923122406,0.7086461782455444
28,S7,BWHvy,local,local,0,local,local,0,0.4983654022216797,0.5127334594726562,0.014368057250976562,0.006562389433383942,0.08472275733947754,0.4983654022216797,0.5127334594726562,0.2975858151912689,0.32557910680770874,0.20404879748821259,0.16168738901615143
28,S8,LatCrit,local,local,0,local,local,0,0.598063588142395,0.6466166973114014,0.04855310916900635,0.0050956979393959045,0.09710629284381866,0.598063588142395,0.6466166973114014,0.08819311857223511,0.07942156493663788,0.31374332308769226,0.2739616930484772
28,S8,ComHvy,BS2,BS2,0,BS2,BS2,0,0.5719327330589294,0.48368698358535767,-0.08824574947357178,0.01722045987844467,0.1802312135696411,0.3643413186073303,0.4544569253921509,0.06372594833374023,0.061856094747781754,0.5719327330589294,0.48368698358535767
28,S8,BWHvy,local,local,0,BS1,BS1,0,0.43478620052337646,0.4741142988204956,0.03932809829711914,0.0031199418008327484,0.07865618169307709,0.43478620052337646,0.4741142988204956,0.38173720240592957,0.35635891556739807,0.18347659707069397,0.16952680051326752
29,S1,LatCrit,BS1,BS1,0,BS1,BS1,0,0.5546114444732666,0.5921432375907898,0.03753179311752319,0.022702787071466446,0.07506363838911057,0.38780778646469116,0.3868493437767029,0.5546114444732666,0.5921432375907898,0.057580798864364624,0.021007394418120384
29,S1,ComHvy,local,local,0,local,local,0,0.7847691774368286,0.826190710067749,0.04142153263092041,0.012712880969047546,0.08284300565719604,0.7847691774368286,0.826190710067749,0.03110039234161377,0.01223346870392561,0.18413040041923523,0.16157585382461548
29,S1,BWHvy,BS1,BS1,0,BS1,BS1,0,0.41790419816970825,0.5168082118034363,0.09890401363372803,0.022196343168616295,0.19780804216861725,0.3695077896118164,0.28453242778778076,0.41790419816970825,0.5168082118034363,0.21258804202079773,0.19865937530994415
29,S2,LatCrit,BS2,BS2,0,BS2,BS2,0,0.6549083590507507,0.6738532185554504,0.018944859504699707,0.0021377969533205032,0.054070279002189636,0.26195812225341797,0.23492300510406494,0.08313349634408951,0.09122379869222641,0.6549083590507507,0.6738532185554504
29,S2,ComHvy,local,local,0,local,local,0,0.8243178129196167,0.8410332798957825,0.01671546697616577,0.02369883842766285,0.034751709550619125,0.8243178129196167,0.8410332798957825,0.019938508048653603,0.0025626400019973516,0.15574370324611664,0.15640407800674438
29,S2,BWHvy,BS2,BS2,0,local,BS2,1,0.4714471995830536,0.48591092228889465,0.014463722705841064,0.008054596371948719,0.1025519073009491,0.28055477142333984,0.2292788028717041,0.24799802899360657,0.28481024503707886,0.4714471995830536,0.48591092228889465
29,S3,LatCrit,local,local,0,local,local,0,0.497772216796875,0.5177955627441406,0.020023345947265625,0.012794660404324532,0.04004671052098274,0.497772216796875,0.5177955627441406,0.48502811789512634,0.47834312915802,0.017199689522385597,0.0038613146170973778
29,S3,ComHvy,BS1,BS1,0,BS1,BS1,0,0.5604462623596191,0.5796936750411987,0.01924741268157959,0.0010146585991606116,0.038494858890771866,0.4362404942512512,0.4182257652282715,0.5604462623596191,0.5796936750411987,0.0033132394310086966,0.002080522244796157
29,S3,BWHvy,local,BS2,1,BS2,BS2,0,0.41845399141311646,0.36699673533439636,-0.05145725607872009,0.012844542041420937,0.15143917500972748,0.41845399141311646,0.3427343964576721,0.24491550028324127,0.2902688682079315,0.33663052320480347,0.36699673533439636
29,S4,LatCrit,BS1,BS1,0,BS1,BS1,0,0.6638154983520508,0.6469680666923523,-0.016847431659698486,0.011061718687415123,0.07496579736471176,0.29697680473327637,0.33445972204208374,0.6638154983520508,0.6469680666923523,0.03920770063996315,0.018572254106402397
29,S4,ComHvy,local,local,0,local,local,0,0.5623315572738647,0.6266655325889587,0.064333975315094,0.03460313379764557,0.1781896948814392,0.5623315572738647,0.6266655325889587,0.2429075539112091,0.2676684260368347,0.19476087391376495,0.10566603392362595
29,S4,BWHvy,local,local,0,local,local,0,0.5474680662155151,0.49364936351776123,-0.053818702697753906,0.007273819297552109,0.10805387794971466,0.5474680662155151,0.49364936351776123,0.15941911935806274,0.15921087563037872,0.2931128144264221,0.34713974595069885
29,S5,LatCrit,local,local,0,local,local,0,0.5814530849456787,0.48993974924087524,-0.09151333570480347,0.023576274514198303,0.19906213879585266,0.5814530849456787,0.48993974924087524,0.1595676988363266,0.15154995024204254,0.2589792311191559,0.358510285615921
29,S5,ComHvy,local,local,0,local,local,0,0.7153756618499756,0.7561068534851074,0.040731191635131836,0.011045217514038086,0.10897840559482574,0.7153756618499756,0.7561068534851074,0.07986442744731903,0.09362241625785828,0.20475992560386658,0.15027070045471191
29,S5,BWHvy,local,BS1,1,local,BS2,1,0.35238146781921387,0.3783864974975586,0.026005029678344727,0.012966599315404892,0.14736419916152954,0.35238146781921387,0.2786993980407715,0.3450755178928375,0.3783864974975586,0.3025429844856262,0.3429141342639923
29,S6,LatCrit,local,local,0,local,local,0,0.6302446126937866,0.5913493633270264,-0.038895249366760254,0.01923934370279312,0.15197348594665527,0.6302446126937866,0.5913493633270264,0.10337188839912415,0.06628037244081497,0.2663835287094116,0.34237024188041687
29,S6,ComHvy,BS1,BS1,0,BS1,BS1,0,0.5677819848060608,0.6695019006729126,0.1017199158668518,0.022533364593982697,0.20343980193138123,0.022243738174438477,0.0153084397315979,0.5677819848060608,0.6695019006729126,0.40997427701950073,0.3151896893978119
29,S6,BWHvy,BS2,BS2,0,BS2,BS2,0,0.3464733362197876,0.3761824369430542,0.0297091007232666,0.009334137663245201,0.12398788332939148,0.3330015540122986,0.27100759744644165,0.3205251097679138,0.35280993580818176,0.3464733362197876,0.3761824369430542
29,S7,LatCrit,local,local,0,local,local,0,0.6154944896697998,0.6182085275650024,0.0027140378952026367,0.001879173330962658,0.021211301907896996,0.6154944896697998,0.6182085275650024,0.03877638280391693,0.028170714154839516,0.34572914242744446,0.3536207377910614
29,S7,ComHvy,BS1,BS1,0,BS1,BS1,0,0.8283670544624329,0.7775447368621826,-0.050822317600250244,0.009324464946985245,0.10682153701782227,0.014620482921600342,0.012032032012939453,0.8283670544624329,0.7775447368621826,0.1570124477148056,0.21042321622371674
29,S7,BWHvy,local,local,0,BS1,BS1,0,0.5177558660507202,0.44238948822021484,-0.07536637783050537,0.013909980654716492,0.16000986099243164,0.5177558660507202,0.44238948822021484,0.36128324270248413,0.44128817319869995,0.12096090614795685,0.116322360932827
29,S8,LatCrit,BS2,BS2,0,BS2,BS2,0,0.5444461107254028,0.6427956819534302,0.09834957122802734,0.028158843517303467,0.19669917225837708,0.4053393602371216,0.33531564474105835,0.05021456256508827,0.02188868261873722,0.5444461107254028,0.6427956819534302
29,S8,ComHvy,BS1,local,1,BS1,local,1,0.5351561903953552,0.5352732539176941,0.00011706352233886719,0.04581361636519432,0.22487729787826538,0.4228346347808838,0.5352732539176941,0.5351561903953552,0.45405641198158264,0.04200921207666397,0.010670321062207222
29,S8,BWHvy,local,BS1,1,local,local,0,0.4677465558052063,0.5062819123268127,0.038535356521606445,0.009198000654578209,0.1322345733642578,0.4677465558052063,0.41956883668899536,0.44016462564468384,0.5062819123268127,0.09208878129720688,0.07414920628070831
30,S1,LatCrit,local,local,0,local,local,0,0.580148458480835,0.511892557144165,-0.06825590133666992,0.011074831709265709,0.13651181757450104,0.580148458480835,0.511892557144165,0.1681155562400818,0.21720154583454132,0.25173595547676086,0.27090588212013245
30,S1,ComHvy,local,local,0,local,local,0,0.7348229289054871,0.852051854133606,0.1172289252281189,0.055272772908210754,0.24039432406425476,0.7348229289054871,0.852051854133606,0.23968487977981567,0.1194877102971077,0.025492189452052116,0.028460415080189705
30,S1,BWHvy,BS1,BS1,0,BS1,BS1,0,0.42464008927345276,0.5110201835632324,0.08638009428977966,0.0379474014043808,0.2357049584388733,0.3263990879058838,0.20854663848876953,0.42464008927345276,0.5110201835632324,0.24896079301834106,0.28043320775032043
30,S2,LatCrit,BS2,BS2,0,BS2,BS2,0,0.8755266666412354,0.8967064023017883,0.02117973566055298,0.0027111228555440903,0.042359426617622375,0.06708258390426636,0.05141472816467285,0.05739070847630501,0.05187887325882912,0.8755266666412354,0.8967064023017883
30,S2,ComHvy,local,local,0,local,local,0,0.825223445892334,0.8334327340126038,0.008209288120269775,0.0002459952956996858,0.016418609768152237,0.825223445892334,0.8334327340126038,0.17248715460300446,0.16454313695430756,0.002289414405822754,0.002024110872298479
30,S2,BWHvy,local,BS2,1,BS2,BS2,0,0.5413031578063965,0.41199854016304016,-0.12930461764335632,0.04734499007463455,0.3039630651473999,0.5413031578063965,0.38932162523269653,0.1426648199558258,0.1986798346042633,0.3160320222377777,0.41199854016304016
30,S3,LatCrit,local,local,0,local,local,0,0.5157977342605591,0.508831262588501,-0.0069664716720581055,0.0036960598081350327,0.06588330864906311,0.5157977342605591,0.508831262588501,0.27274781465530396,0.2467726469039917,0.21145442128181458,0.24439609050750732
30,S3,ComHvy,local,local,0,local,local,0,0.7020688652992249,0.6483088135719299,-0.05376005172729492,0.006634701043367386,0.10752011090517044,0.7020688652992249,0.6483088135719299,0.07225563377141953,0.08091217279434204,0.22567549347877502,0.270779013633728
30,S3,BWHvy,local,BS2,1,local,BS1,1,0.3895367383956909,0.40933895111083984,0.019802212715148926,0.04850368946790695,0.2827703356742859,0.3895367383956909,0.24815154075622559,0.28079429268836975,0.3425094783306122,0.3296689987182617,0.40933895111083984
30,S4,LatCrit,BS1,BS1,0,BS1,BS1,0,0.6173691153526306,0.6235219240188599,0.006152808666229248,0.006760215386748314,0.07164166122674942,0.302426815032959,0.2666059732437134,0.6173691153526306,0.6235219240188599,0.0802040547132492,0.10987206548452377
30,S4,ComHvy,local,local,0,local,local,0,0.8220825791358948,0.8804371356964111,0.05835455656051636,0.02016986906528473,0.11670909076929092,0.8220825791358948,0.8804371356964111,0.03591253608465195,0.013523861765861511,0.14200487732887268,0.10603901743888855
30,S4,BWHvy,local,local,0,local,local,0,0.6386511325836182,0.5180000066757202,-0.12065112590789795,0.030492443591356277,0.2413022667169571,0.6386511325836182,0.5180000066757202,0.19199545681476593,0.27276453375816345,0.16935338079929352,0.20923544466495514
30,S5,LatCrit,local,local,0,local,local,0,0.635118842124939,0.5840528011322021,-0.051066040992736816,0.005662526469677687,0.10213199257850647,0.635118842124939,0.5840528011322021,0.3396545648574829,0.38337400555610657,0.0252266526222229,0.032573163509368896
30,S5,ComHvy,local,local,0,local,local,0,0.7880573868751526,0.8437511920928955,0.05569380521774292,0.017012283205986023,0.11138763278722763,0.7880573868751526,0.8437511920928955,0.10650992393493652,0.09714733064174652,0.10543271899223328,0.05910148471593857
30,S5,BWHvy,local,BS1,1,local,BS2,1,0.4668644666671753,0.3683154582977295,-0.0985490083694458,0.03962787985801697,0.2688010036945343,0.4668644666671753,0.33246397972106934,0.31021538376808167,0.3683154582977295,0.22292014956474304,0.29922059178352356
30,S6,LatCrit,local,local,0,local,BS1,1,0.7428867220878601,0.6233564019203186,-0.1195303201675415,0.033691976219415665,0.24274788796901703,0.7428867220878601,0.6233564019203186,0.2457561194896698,0.3671300709247589,0.011357173323631287,0.00951355043798685
30,S6,ComHvy,BS1,BS1,0,BS1,BS1,0,0.6957815885543823,0.8167091012001038,0.12092751264572144,0.04360267519950867,0.24185492098331451,0.04661691188812256,0.03359711170196533,0.6957815885543823,0.8167091012001038,0.25760143995285034,0.1496938318014145
30,S6,BWHvy,local,BS1,1,local,BS1,1,0.44621098041534424,0.45276546478271484,0.0065544843673706055,0.04090446978807449,0.271026074886322,0.44621098041534424,0.31069791316986084,0.35134077072143555,0.45276546478271484,0.2024482786655426,0.23653660714626312
30,S7,LatCrit,local,local,0,local,local,0,0.7523109316825867,0.6917836666107178,-0.060527265071868896,0.021349772810935974,0.164070725440979,0.7523109316825867,0.6917836666107178,0.07843811064958572,0.056930046528577805,0.16925093531608582,0.2512863278388977
30,S7,ComHvy,BS1,BS1,0,BS1,BS1,0,0.8356860876083374,0.8532131314277649,0.01752704381942749,0.012552790343761444,0.0674847736954689,0.08919250965118408,0.10540783405303955,0.8356860876083374,0.8532131314277649,0.07512141764163971,0.041379012167453766
30,S7,BWHvy,local,BS2,1,local,local,0,0.43074214458465576,0.39520910382270813,-0.03553304076194763,0.02379077672958374,0.20725975930690765,0.43074214458465576,0.32711225748062134,0.22375716269016266,0.27767860889434814,0.3455006778240204,0.39520910382270813
30,S8,LatCrit,local,local,0,local,local,0,0.5590173006057739,0.46885955333709717,-0.09015774726867676,0.018129080533981323,0.18031546473503113,0.5590173006057739,0.46885955333709717,0.08776489645242691,0.1259525567293167,0.35321784019470215,0.4051879048347473
30,S8,ComHvy,BS2,BS2,0,BS2,BS2,0,0.7820631265640259,0.7706645727157593,-0.011398553848266602,0.004963903687894344,0.04071332514286041,0.2013264298439026,0.2216830849647522,0.01661049760878086,0.007652380503714085,0.7820631265640259,0.7706645727157593
30,S8,BWHvy,local,local,0,local,BS2,1,0.4891640543937683,0.3944730758666992,-0.09469097852706909,0.023581234738230705,0.18938195705413818,0.4891640543937683,0.3944730758666992,0.23277005553245544,0.3191205859184265,0.27806586027145386,0.2864063084125519
31,S1,LatCrit,BS2,BS2,0,BS2,local,1,0.43601542711257935,0.3971274495124817,-0.038887977600097656,0.003457017242908478,0.07777594029903412,0.3619384765625,0.3769405484199524,0.20204608142375946,0.22593197226524353,0.43601542711257935,0.3971274495124817
31,S1,ComHvy,BS1,local,1,local,local,0,0.5374308824539185,0.5629401803016663,0.025509297847747803,0.025771185755729675,0.22519272565841675,0.450727641582489,0.5629401803016663,0.5374308824539185,0.4248345196247101,0.011841466650366783,0.012225295417010784
31,S1,BWHvy,BS2,BS2,0,BS2,BS2,0,0.4933323562145233,0.5512708425521851,0.05793848633766174,0.010312173515558243,0.1158769428730011,0.20127612352371216,0.15272945165634155,0.30539149045944214,0.2959997057914734,0.4933323562145233,0.5512708425521851
31,S2,LatCrit,BS2,BS2,0,BS2,BS2,0,0.9249656200408936,0.9328151345252991,0.007849514484405518,0.00302295945584774,0.025016501545906067,0.037345945835113525,0.024837732315063477,0.03768841549754143,0.04234718903899193,0.9249656200408936,0.9328151345252991
31,S2,ComHvy,local,local,0,local,local,0,0.6560279130935669,0.5640149116516113,-0.09201300144195557,0.017779001966118813,0.18449915945529938,0.6560279130935669,0.5640149116516113,0.34356027841567993,0.43580982089042664,0.00041182880522683263,0.00017521929112263024
31,S2,BWHvy,BS2,BS2,0,BS2,BS2,0,0.5438557863235474,0.5792607665061951,0.035404980182647705,0.008837401866912842,0.10894893109798431,0.2523205280303955,0.19784605503082275,0.2038237303495407,0.22289320826530457,0.5438557863235474,0.5792607665061951
31,S3,LatCrit,local,local,0,local,local,0,0.4982469081878662,0.48760008811950684,-0.010646820068359375,0.00519246980547905,0.07417146116495132,0.4982469081878662,0.48760008811950684,0.12144152820110321,0.09500259906053543,0.3803115785121918,0.41739729046821594
31,S3,ComHvy,local,local,0,local,local,0,0.6831638216972351,0.5626859068870544,-0.12047791481018066,0.03963925689458847,0.25731784105300903,0.6831638216972351,0.5626859068870544,0.09512961655855179,0.08694861829280853,0.2217065691947937,0.3503654897212982
31,S3,BWHvy,BS2,BS2,0,BS2,BS2,0,0.41316530108451843,0.46664121747016907,0.053475916385650635,0.016478508710861206,0.14436349272727966,0.25324857234954834,0.18106681108474731,0.3335861563682556,0.3522919714450836,0.41316530108451843,0.46664121747016907
31,S4,LatCrit,BS1,BS1,0,BS1,BS1,0,0.5161445140838623,0.48673975467681885,-0.029404759407043457,0.008286667987704277,0.0750165581703186,0.412101149559021,0.40399765968322754,0.5161445140838623,0.48673975467681885,0.07175430655479431,0.109262615442276
31,S4,ComHvy,local,local,0,local,local,0,0.8390599489212036,0.9301303029060364,0.09107035398483276,0.04954029247164726,0.18214070796966553,0.8390599489212036,0.9301303029060364,0.0917634665966034,0.03475169837474823,0.069176584482193,0.03511799871921539
31,S4,BWHvy,local,local,0,BS1,BS1,0,0.5465221405029297,0.47270047664642334,-0.07382166385650635,0.010920383036136627,0.14764338731765747,0.5465221405029297,0.47270047664642334,0.25264501571655273,0.2952880859375,0.20083282887935638,0.23201148211956024
31,S5,LatCrit,local,BS1,1,local,BS1,1,0.4911215901374817,0.5115648508071899,0.020443260669708252,0.006189265754073858,0.10843418538570404,0.4911215901374817,0.4369044899940491,0.45756569504737854,0.5115648508071899,0.05131269618868828,0.0515306256711483
31,S5,ComHvy,local,local,0,local,local,0,0.7694823145866394,0.8116258382797241,0.04214352369308472,0.0056143514811992645,0.08428709208965302,0.7694823145866394,0.8116258382797241,0.01816735975444317,0.01641291007399559,0.21235035359859467,0.1719612330198288
31,S5,BWHvy,BS1,BS1,0,local,BS1,1,0.42045116424560547,0.47098609805107117,0.0505349338054657,0.011669879779219627,0.12516331672668457,0.2696084976196289,0.20702683925628662,0.42045116424560547,0.47098609805107117,0.30994030833244324,0.3219870328903198
31,S6,LatCrit,local,local,0,BS1,BS1,0,0.45872074365615845,0.42377281188964844,-0.03494793176651001,0.003436940722167492,0.07392837107181549,0.45872074365615845,0.42377281188964844,0.31296229362487793,0.3499264717102051,0.22831696271896362,0.2263007014989853
31,S6,ComHvy,BS2,BS2,0,BS2,BS2,0,0.9291865229606628,0.9543231129646301,0.025136590003967285,0.006762934848666191,0.050273098051548004,0.031393587589263916,0.02300703525543213,0.03941989317536354,0.02266993559896946,0.9291865229606628,0.9543231129646301
31,S6,BWHvy,BS1,BS2,1,BS2,BS2,0,0.3805181086063385,0.4136158525943756,0.03309774398803711,0.021955236792564392,0.17879429459571838,0.2952631711959839,0.22125011682510376,0.3805181086063385,0.36513400077819824,0.3242187201976776,0.4136158525943756
31,S7,LatCrit,local,local,0,local,local,0,0.745741069316864,0.7878785133361816,0.04213744401931763,0.005116150714457035,0.08427488803863525,0.745741069316864,0.7878785133361816,0.208212748169899,0.17232032120227814,0.046046182513237,0.03980116918683052
31,S7,ComHvy,local,local,0,local,local,0,0.5101327896118164,0.5875986814498901,0.07746589183807373,0.021499477326869965,0.15493175387382507,0.5101327896118164,0.5875986814498901,0.25474420189857483,0.2540106177330017,0.23512300848960876,0.15839073061943054
31,S7,BWHvy,BS2,BS2,0,BS2,BS2,0,0.4275595247745514,0.4590246081352234,0.031465083360672,0.0033590979874134064,0.07456639409065247,0.34356921911239624,0.3062859773635864,0.22887128591537476,0.2346893548965454,0.4275595247745514,0.4590246081352234
31,S8,LatCrit,local,BS1,1,BS1,BS1,0,0.4223873019218445,0.5932897329330444,0.17090243101119995,0.0879407674074173,0.348389595746994,0.4223873019218445,0.3439258933067322,0.4190949499607086,0.5932897329330444,0.1585177481174469,0.062784343957901
31,S8,ComHvy,BS2,BS2,0,BS2,BS2,0,0.7567823529243469,0.7724384665489197,0.015656113624572754,0.0026571014896035194,0.0313122533261776,0.2342126965522766,0.22351545095443726,0.00900492537766695,0.00404603173956275,0.7567823529243469,0.7724384665489197
31,S8,BWHvy,BS2,BS2,0,BS2,BS2,0,0.6129679679870605,0.6142969131469727,0.0013289451599121094,0.0003812648355960846,0.01845453679561615,0.21374809741973877,0.2045208215713501,0.17328393459320068,0.18118225038051605,0.6129679679870605,0.6142969131469727
32,S1,LatCrit,local,local,0,local,local,0,0.5616689324378967,0.606878399848938,0.04520946741104126,0.004407981410622597,0.09041890501976013,0.5616689324378967,0.606878399848938,0.2237924188375473,0.19515112042427063,0.21453861892223358,0.19797047972679138
32,S1,ComHvy,local,local,0,local,local,0,0.5863624811172485,0.6561750173568726,0.06981253623962402,0.012274792417883873,0.14167964458465576,0.5863624811172485,0.6561750173568726,0.3463399112224579,0.2755001187324524,0.06729759275913239,0.06832490116357803
32,S1,BWHvy,local,local,0,local,local,0,0.5621514916419983,0.4855145812034607,-0.0766369104385376,0.011952199041843414,0.15327385067939758,0.5621514916419983,0.4855145812034607,0.14763633906841278,0.18058432638645172,0.29021215438842773,0.3339011073112488
32,S2,LatCrit,BS2,BS2,0,BS1,BS1,0,0.6147137880325317,0.6240167021751404,0.009302914142608643,0.024806737899780273,0.13719698786735535,0.1822817325592041,0.11368322372436523,0.20300447940826416,0.262300044298172,0.6147137880325317,0.6240167021751404
32,S2,ComHvy,local,local,0,local,local,0,0.7788680195808411,0.728413999080658,-0.050454020500183105,0.006906349211931229,0.10137104243040085,0.7788680195808411,0.728413999080658,0.22077351808547974,0.27145904302597046,0.0003584423684515059,0.00012694291945081204
32,S2,BWHvy,local,local,0,local,local,0,0.5048342943191528,0.45757806301116943,-0.0472562313079834,0.005415927618741989,0.09451249241828918,0.5048342943191528,0.45757806301116943,0.1494925320148468,0.1793162226676941,0.34567317366600037,0.36310574412345886
32,S3,LatCrit,local,local,0,local,local,0,0.7818018794059753,0.7665663957595825,-0.015235483646392822,0.001668909564614296,0.040829554200172424,0.7818018794059753,0.7665663957595825,0.03163088485598564,0.026451583951711655,0.1865672469139099,0.20698201656341553
32,S3,ComHvy,local,local,0,local,local,0,0.669501543045044,0.5708662271499634,-0.09863531589508057,0.07322487980127335,0.30504435300827026,0.669501543045044,0.5708662271499634,0.08544917404651642,0.031562309712171555,0.24504928290843964,0.39757147431373596
32,S3,BWHvy,local,local,0,local,local,0,0.5501961708068848,0.4834577441215515,-0.06673842668533325,0.008947409689426422,0.13347680866718292,0.5501961708068848,0.4834577441215515,0.20179207623004913,0.22880181670188904,0.24801179766654968,0.28774043917655945
32,S4,LatCrit,local,local,0,BS1,local,1,0.3984116315841675,0.41359788179397583,0.01518625020980835,0.05773138999938965,0.26254525780677795,0.3984116315841675,0.41359788179397583,0.31280168890953064,0.18152907490730286,0.2887866795063019,0.4048730731010437
32,S4,ComHvy,local,local,0,local,local,0,0.697565495967865,0.7317909002304077,0.034225404262542725,0.012943770736455917,0.07389523088932037,0.697565495967865,0.7317909002304077,0.22021792829036713,0.2229401171207428,0.08221659064292908,0.0452689565718174
32,S4,BWHvy,local,local,0,local,local,0,0.7422149181365967,0.7341193556785583,-0.00809556245803833,0.0010566175915300846,0.030726291239261627,0.7422149181365967,0.7341193556785583,0.1425321400165558,0.1578952968120575,0.11525291204452515,0.10798534005880356
32,S5,LatCrit,local,local,0,BS1,BS1,0,0.5041928887367249,0.447582483291626,-0.05661040544509888,0.024974677711725235,0.20645932853221893,0.5041928887367249,0.447582483291626,0.26365333795547485,0.36688297986984253,0.2321537733078003,0.1855344921350479
32,S5,ComHvy,local,local,0,local,local,0,0.8108030557632446,0.874836266040802,0.06403321027755737,0.017745785415172577,0.12806640565395355,0.8108030557632446,0.874836266040802,0.08438944816589355,0.06288941204547882,0.10480747371912003,0.06227431446313858
32,S5,BWHvy,local,local,0,local,local,0,0.6286555528640747,0.5812948942184448,-0.04736065864562988,0.007027515210211277,0.09829159080982208,0.6286555528640747,0.5812948942184448,0.20282062888145447,0.2519664466381073,0.16852380335330963,0.16673868894577026
32,S6,LatCrit,local,local,0,local,local,0,0.6227911114692688,0.6233319640159607,0.0005408525466918945,0.006074408069252968,0.06558513641357422,0.6227911114692688,0.6233319640159607,0.21663160622119904,0.24888330698013306,0.16057729721069336,0.12778471410274506
32,S6,ComHvy,BS2,BS2,0,BS2,BS2,0,0.8315677642822266,0.8682902455329895,0.03672248125076294,0.008589282631874084,0.07344494760036469,0.07357078790664673,0.04531067609786987,0.09486144036054611,0.08639908581972122,0.8315677642822266,0.8682902455329895
32,S6,BWHvy,local,local,0,local,local,0,0.5657679438591003,0.5055276155471802,-0.060240328311920166,0.014502275735139847,0.1417023241519928,0.5657679438591003,0.5055276155471802,0.24811498820781708,0.23750418424606323,0.18611706793308258,0.25696825981140137
32,S7,LatCrit,local,local,0,local,local,0,0.8493313193321228,0.8603355884552002,0.011004269123077393,0.0059747714549303055,0.05081461742520332,0.8493313193321228,0.8603355884552002,0.12387459725141525,0.09846728295087814,0.02679407224059105,0.04119710624217987
32,S7,ComHvy,BS2,local,1,BS2,BS2,0,0.5126534700393677,0.4825950860977173,-0.03005838394165039,0.009715963155031204,0.13334447145462036,0.43356335163116455,0.4825950860977173,0.05378322675824165,0.0714237242937088,0.5126534700393677,0.4459812343120575
32,S7,BWHvy,local,local,0,BS2,local,1,0.5336179733276367,0.5395513772964478,0.005933403968811035,0.00010354770347476006,0.013353049755096436,0.5336179733276367,0.5395513772964478,0.1381663978099823,0.13890954852104187,0.3282155990600586,0.32153910398483276
32,S8,LatCrit,local,local,0,local,local,0,0.8960931301116943,0.863970160484314,-0.03212296962738037,0.009469601325690746,0.07565182447433472,0.8960931301116943,0.863970160484314,0.0941178947687149,0.13194382190704346,0.009788976982235909,0.0040860529989004135
32,S8,ComHvy,BS2,BS2,0,local,local,0,0.48803046345710754,0.5007143616676331,0.012683898210525513,0.001848788931965828,0.02536773309111595,0.48263019323349,0.47876787185668945,0.029339313507080078,0.020517800003290176,0.48803046345710754,0.5007143616676331
32,S8,BWHvy,BS2,BS2,0,BS2,BS2,0,0.5538107752799988,0.5575769543647766,0.003766179084777832,6.680027581751347e-05,0.00802294909954071,0.2941361665725708,0.29438143968582153,0.15205305814743042,0.14804156124591827,0.5538107752799988,0.5575769543647766
33,S1,LatCrit,local,local,0,local,local,0,0.6235901117324829,0.6210516691207886,-0.002538442611694336,0.005001174286007881,0.061036765575408936,0.6235901117324829,0.6210516691207886,0.14285393059253693,0.1148739755153656,0.23355598747730255,0.2640743553638458
33,S1,ComHvy,local,local,0,BS1,BS1,0,0.5365505218505859,0.5449275970458984,0.0083770751953125,0.0002652853727340698,0.01675412803888321,0.5365505218505859,0.5449275970458984,0.4205529987812042,0.41593560576438904,0.04289647936820984,0.039136819541454315
33,S1,BWHvy,local,local,0,local,local,0,0.5033514499664307,0.3909624218940735,-0.11238902807235718,0.026421166956424713,0.22477807104587555,0.5033514499664307,0.3909624218940735,0.20927928388118744,0.24255388975143433,0.2873692512512207,0.3664836883544922
33,S2,LatCrit,BS2,BS2,0,BS2,BS1,1,0.4448429346084595,0.36482346057891846,-0.08001947402954102,0.039132703095674515,0.2578932046890259,0.3287687301635742,0.2798416018486023,0.22638832032680511,0.35533490777015686,0.4448429346084595,0.36482346057891846
33,S2,ComHvy,local,local,0,local,local,0,0.9294595718383789,0.9155806303024292,-0.013878941535949707,0.0016946769319474697,0.028498180210590363,0.9294595718383789,0.9155806303024292,0.07004529982805252,0.0842943862080574,0.0004951504524797201,0.00012499875447247177
33,S2,BWHvy,local,BS2,1,local,BS1,1,0.4298437833786011,0.3710295259952545,-0.05881425738334656,0.02896478772163391,0.2271188497543335,0.4298437833786011,0.3162843585014343,0.24715158343315125,0.31268611550331116,0.3230046331882477,0.3710295259952545
33,S3,LatCrit,local,BS2,1,BS2,BS2,0,0.505016028881073,0.5014739036560059,-0.0035421252250671387,0.005937675014138222,0.04995467886328697,0.505016028881073,0.49059927463531494,0.018487414345145226,0.007926815189421177,0.4764965772628784,0.5014739036560059
33,S3,ComHvy,local,local,0,local,local,0,0.7000442743301392,0.8029636144638062,0.10291934013366699,0.0807725116610527,0.20583871006965637,0.7000442743301392,0.8029636144638062,0.10049156099557877,0.022568007931113243,0.19946418702602386,0.17446836829185486
33,S3,BWHvy,local,BS1,1,local,BS2,1,0.46363669633865356,0.34357866644859314,-0.12005802989006042,0.03941379487514496,0.2609216570854187,0.46363669633865356,0.3331758379936218,0.24806036055088043,0.34357866644859314,0.2883029580116272,0.32324546575546265
33,S4,LatCrit,local,local,0,local,local,0,0.7320378422737122,0.6276296377182007,-0.10440820455551147,0.06237979978322983,0.29203563928604126,0.7320378422737122,0.6276296377182007,0.12247072160243988,0.08086113631725311,0.14549143612384796,0.2915092706680298
33,S4,ComHvy,BS1,local,1,BS1,BS1,0,0.3943135440349579,0.4598909020423889,0.06557735800743103,0.017968691885471344,0.1432213932275772,0.3882802128791809,0.4598909020423889,0.3943135440349579,0.3872019946575165,0.2174062728881836,0.1529071182012558
33,S4,BWHvy,local,local,0,local,local,0,0.6435502767562866,0.5499157905578613,-0.09363448619842529,0.02010595053434372,0.18726900219917297,0.6435502767562866,0.5499157905578613,0.25234511494636536,0.33984076976776123,0.10410458594560623,0.11024344712495804
33,S5,LatCrit,local,local,0,local,local,0,0.6062011122703552,0.49389636516571045,-0.11230474710464478,0.04295704513788223,0.23316051065921783,0.6062011122703552,0.49389636516571045,0.24875199794769287,0.24447649717330933,0.1450468748807907,0.2616271376609802
33,S5,ComHvy,BS1,BS1,0,BS1,BS1,0,0.6167604923248291,0.7411280870437622,0.1243675947189331,0.0634487047791481,0.25481295585632324,0.13799035549163818,0.1410292387008667,0.6167604923248291,0.7411280870437622,0.24524915218353271,0.1178426742553711
33,S5,BWHvy,local,BS1,1,local,local,0,0.4939115047454834,0.3809387683868408,-0.11297273635864258,0.030564546585083008,0.2398015260696411,0.4939115047454834,0.37401074171066284,0.2937968969345093,0.3809387683868408,0.21229161322116852,0.24505050480365753
33,S6,LatCrit,local,BS1,1,local,local,0,0.4225096106529236,0.44839102029800415,0.025881409645080566,0.04373673349618912,0.2007945030927658,0.4225096106529236,0.43332868814468384,0.3588128387928009,0.44839102029800415,0.2186775505542755,0.1182803064584732
33,S6,ComHvy,BS2,BS2,0,BS2,BS2,0,0.892238199710846,0.8472461104393005,-0.04499208927154541,0.0249648317694664,0.12435746192932129,0.03429687023162842,0.01711028814315796,0.07346484065055847,0.1356436312198639,0.892238199710846,0.8472461104393005
33,S6,BWHvy,local,local,0,local,local,0,0.5534114837646484,0.44689589738845825,-0.10651558637619019,0.028228767216205597,0.21303118765354156,0.5534114837646484,0.44689589738845825,0.2350800335407257,0.24802276492118835,0.21150846779346466,0.3050813376903534
33,S7,LatCrit,local,local,0,local,local,0,0.7253648042678833,0.6703105568885803,-0.05505424737930298,0.01115829311311245,0.11010849475860596,0.7253648042678833,0.6703105568885803,0.23303115367889404,0.2572031617164612,0.04160406440496445,0.07248630374670029
33,S7,ComHvy,local,local,0,local,local,0,0.6112563610076904,0.7167192697525024,0.10546290874481201,0.028156109154224396,0.2109258472919464,0.6112563610076904,0.7167192697525024,0.027172794565558434,0.012743108905851841,0.3615708351135254,0.2705375850200653
33,S7,BWHvy,local,BS2,1,local,local,0,0.4386105537414551,0.42234158515930176,-0.01626896858215332,0.012944910675287247,0.14896558225154877,0.4386105537414551,0.3641277551651001,0.2063831239938736,0.21353062987327576,0.35500630736351013,0.42234158515930176
33,S8,LatCrit,local,local,0,local,local,0,0.7264649868011475,0.7361948490142822,0.009729862213134766,0.027268055826425552,0.0869126170873642,0.7264649868011475,0.7361948490142822,0.2039281725883484,0.23765461146831512,0.06960683315992355,0.026150517165660858
33,S8,ComHvy,local,local,0,local,local,0,0.5429033041000366,0.5408445596694946,-0.002058744430541992,0.000437762588262558,0.009377584792673588,0.5429033041000366,0.5408445596694946,0.010244375094771385,0.007614334113895893,0.44685235619544983,0.45154115557670593
33,S8,BWHvy,BS2,BS2,0,BS2,BS2,0,0.5015956163406372,0.6070349216461182,0.10543930530548096,0.02344265580177307,0.21087859570980072,0.3552019000053406,0.27064448595046997,0.14320243895053864,0.12232056260108948,0.5015956163406372,0.6070349216461182
34,S1,LatCrit,local,local,0,local,local,0,0.7361449003219604,0.7315720319747925,-0.004572868347167969,0.0009454311802983284,0.020868957042694092,0.7361449003219604,0.7315720319747925,0.20638993382453918,0.2005283236503601,0.057465143501758575,0.06789962202310562
34,S1,ComHvy,local,local,0,local,local,0,0.5195128917694092,0.5231428146362305,0.003629922866821289,0.015452023595571518,0.10621193796396255,0.5195128917694092,0.5231428146362305,0.32662588357925415,0.37610191106796265,0.15386123955249786,0.1007552519440651
34,S1,BWHvy,local,BS2,1,BS2,BS2,0,0.42794615030288696,0.4997638761997223,0.07181772589683533,0.019444264471530914,0.18945208191871643,0.42794615030288696,0.33322012424468994,0.14577805995941162,0.16701599955558777,0.42627575993537903,0.4997638761997223
34,S2,LatCrit,local,local,0,local,local,0,0.5669610500335693,0.5109453201293945,-0.056015729904174805,0.050620123744010925,0.2622307538986206,0.5669610500335693,0.5109453201293945,0.16483701765537262,0.29595237970352173,0.26820191740989685,0.19310225546360016
34,S2,ComHvy,local,local,0,local,local,0,0.8931620717048645,0.9153523445129395,0.02219027280807495,0.002962409518659115,0.044380560517311096,0.8931620717048645,0.9153523445129395,0.08068975061178207,0.06348369270563126,0.026148155331611633,0.021163927391171455
34,S2,BWHvy,local,local,0,local,local,0,0.5624844431877136,0.41363465785980225,-0.14884978532791138,0.05145696923136711,0.29769957065582275,0.5624844431877136,0.41363465785980225,0.12184921652078629,0.2115374654531479,0.3156663477420807,0.37482789158821106
34,S3,LatCrit,BS2,BS2,0,BS1,BS2,1,0.40251094102859497,0.5787007212638855,0.17618978023529053,0.06299374997615814,0.35237962007522583,0.20121687650680542,0.1489660143852234,0.396272212266922,0.2723332345485687,0.40251094102859497,0.5787007212638855
34,S3,ComHvy,local,local,0,local,local,0,0.7636229991912842,0.7671719789505005,0.0035489797592163086,0.0032446058467030525,0.029535643756389618,0.7636229991912842,0.7671719789505005,0.2203812450170517,0.2056134045124054,0.015995770692825317,0.027214594185352325
34,S3,BWHvy,local,local,0,local,local,0,0.44891923666000366,0.34023696184158325,-0.10868227481842041,0.03066733479499817,0.21736449003219604,0.44891923666000366,0.34023696184158325,0.2358422875404358,0.3285383880138397,0.31523850560188293,0.33122462034225464
34,S4,LatCrit,local,local,0,local,local,0,0.4971091151237488,0.4751070737838745,-0.022002041339874268,0.015389174222946167,0.14535561203956604,0.4971091151237488,0.4751070737838745,0.2713378965854645,0.22066214680671692,0.23155295848846436,0.30423077940940857
34,S4,ComHvy,local,local,0,local,local,0,0.6179525852203369,0.5807294845581055,-0.037223100662231445,0.003675827756524086,0.07444611936807632,0.6179525852203369,0.5807294845581055,0.10508771985769272,0.1277255117893219,0.27695974707603455,0.29154497385025024
34,S4,BWHvy,local,local,0,local,local,0,0.4718783497810364,0.3700823187828064,-0.10179603099822998,0.025601867586374283,0.20359206199645996,0.4718783497810364,0.3700823187828064,0.22694948315620422,0.30949866771698,0.3011721968650818,0.320419043302536
34,S5,LatCrit,local,local,0,local,local,0,0.6873657703399658,0.6713290810585022,-0.016036689281463623,0.002317247912287712,0.04360295459628105,0.6873657703399658,0.6713290810585022,0.01617857813835144,0.01041378453373909,0.2964556813240051,0.3182571530342102
34,S5,ComHvy,BS2,BS2,0,BS2,BS2,0,0.42337745428085327,0.44757896661758423,0.024201512336730957,0.005269987508654594,0.09537547826766968,0.20576238632202148,0.22924858331680298,0.37086018919944763,0.3231724202632904,0.42337745428085327,0.44757896661758423
34,S5,BWHvy,local,BS2,1,BS2,BS2,0,0.40481430292129517,0.42127567529678345,0.01646137237548828,0.032260697335004807,0.22393898665905,0.40481430292129517,0.29284483194351196,0.20795579254627228,0.285879522562027,0.38722988963127136,0.42127567529678345
34,S6,LatCrit,BS2,BS2,0,BS2,BS2,0,0.5603986978530884,0.5572642683982849,-0.003134429454803467,0.005196508951485157,0.05386520177125931,0.37458235025405884,0.35078418254852295,0.0650189146399498,0.09195151925086975,0.5603986978530884,0.5572642683982849
34,S6,ComHvy,BS2,BS1,1,BS2,BS2,0,0.5743399262428284,0.5078912377357483,-0.06644868850708008,0.03608366847038269,0.2666616141796112,0.05109959840774536,0.03696310520172119,0.3745603859424591,0.5078912377357483,0.5743399262428284,0.4551456570625305
34,S6,BWHvy,local,BS2,1,BS2,BS2,0,0.5075854063034058,0.41949549317359924,-0.08808991312980652,0.024846643209457397,0.22053465247154236,0.5075854063034058,0.3973180651664734,0.152013897895813,0.18318644165992737,0.34040072560310364,0.41949549317359924
34,S7,LatCrit,local,local,0,local,local,0,0.8550354838371277,0.8142867088317871,-0.040748775005340576,0.011211775243282318,0.09485694766044617,0.8550354838371277,0.8142867088317871,0.08415677398443222,0.1315852403640747,0.060807738453149796,0.05412803590297699
34,S7,ComHvy,local,local,0,local,local,0,0.6508622169494629,0.7478125095367432,0.09695029258728027,0.03321763500571251,0.19390057027339935,0.6508622169494629,0.7478125095367432,0.032610196620225906,0.009842321276664734,0.3165275752544403,0.2423451691865921
34,S7,BWHvy,local,BS2,1,local,local,0,0.35161662101745605,0.36207032203674316,0.01045370101928711,0.012858811765909195,0.1422692835330963,0.35161662101745605,0.2804819941520691,0.3389832675457001,0.35744768381118774,0.3094000816345215,0.36207032203674316
34,S8,LatCrit,local,local,0,BS1,local,1,0.504502534866333,0.5853593349456787,0.0808568000793457,0.013360687531530857,0.16171357035636902,0.504502534866333,0.5853593349456787,0.39211949706077576,0.3250078856945038,0.10337792336940765,0.08963277190923691
34,S8,ComHvy,BS1,BS1,0,BS1,BS1,0,0.5378081798553467,0.640351414680481,0.10254323482513428,0.03624073415994644,0.21798259019851685,0.17016947269439697,0.1766175627708435,0.5378081798553467,0.640351414680481,0.29202234745025635,0.1830310821533203
34,S8,BWHvy,local,BS2,1,BS2,BS2,0,0.45846855640411377,0.5671975612640381,0.10872900485992432,0.02411666512489319,0.21884426474571228,0.45846855640411377,0.3648017644882202,0.08375599980354309,0.0680006667971611,0.45777541399002075,0.5671975612640381
35,S1,LatCrit,BS1,BS1,0,BS1,BS1,0,0.5417987704277039,0.6511393189430237,0.10934054851531982,0.02581719495356083,0.21868102252483368,0.4044308662414551,0.31294018030166626,0.5417987704277039,0.6511393189430237,0.05377034842967987,0.035920556634664536
35,S1,ComHvy,local,local,0,local,local,0,0.7230902910232544,0.8013070821762085,0.0782167911529541,0.02787502110004425,0.1564335823059082,0.7230902910232544,0.8013070821762085,0.11543787270784378,0.109775610268116,0.16147179901599884,0.08891727775335312
35,S1,BWHvy,local,local,0,local,local,0,0.5292115807533264,0.47523003816604614,-0.05398154258728027,0.00625244714319706,0.10796310752630234,0.5292115807533264,0.47523003816604614,0.11240074783563614,0.13489362597465515,0.35838767886161804,0.3898763656616211
35,S2,LatCrit,BS2,BS2,0,BS2,BS2,0,0.8087051510810852,0.8610315918922424,0.05232644081115723,0.010461755096912384,0.10465285181999207,0.10672920942306519,0.0788155198097229,0.08456560969352722,0.06015288829803467,0.8087051510810852,0.8610315918922424
35,S2,ComHvy,local,local,0,local,local,0,0.8757434487342834,0.9014906287193298,0.025747179985046387,0.0054586175829172134,0.05149435997009277,0.8757434487342834,0.9014906287193298,0.10811882466077805,0.09084269404411316,0.016137734055519104,0.0076666842214763165
35,S2,BWHvy,local,local,0,local,local,0,0.6382632255554199,0.5564727783203125,-0.08179044723510742,0.013803523033857346,0.16358087956905365,0.6382632255554199,0.5564727783203125,0.08448547124862671,0.1052541583776474,0.27725130319595337,0.3382730484008789
35,S3,LatCrit,BS1,BS1,0,BS1,BS1,0,0.4694111943244934,0.5066694617271423,0.037258267402648926,0.004952390678226948,0.08734151721000671,0.3052431344985962,0.26157236099243164,0.4694111943244934,0.5066694617271423,0.22534571588039398,0.23175819218158722
35,S3,ComHvy,local,local,0,local,local,0,0.777374804019928,0.7173071503639221,-0.06006765365600586,0.009337292052805424,0.12013532966375351,0.777374804019928,0.7173071503639221,0.21763770282268524,0.2764713168144226,0.004987488035112619,0.006221551448106766
35,S3,BWHvy,local,local,0,local,local,0,0.6579471826553345,0.5662819743156433,-0.09166520833969116,0.01750127226114273,0.1833304464817047,0.6579471826553345,0.5662819743156433,0.15968440473079681,0.20189401507377625,0.18236838281154633,0.23182401061058044
35,S4,LatCrit,local,BS1,1,local,BS1,1,0.44036710262298584,0.44112879037857056,0.0007616877555847168,0.009368173778057098,0.10184617340564728,0.44036710262298584,0.43128520250320435,0.3902057111263275,0.44112879037857056,0.16942718625068665,0.1275859922170639
35,S4,ComHvy,local,local,0,local,local,0,0.6289494037628174,0.7035934925079346,0.07464408874511719,0.023384112864732742,0.14928817749023438,0.6289494037628174,0.7035934925079346,0.2177475094795227,0.20735131204128265,0.1533031165599823,0.08905521780252457
35,S4,BWHvy,local,local,0,local,local,0,0.7286823987960815,0.6822010278701782,-0.04648137092590332,0.005218967795372009,0.09296271950006485,0.7286823987960815,0.6822010278701782,0.11285100132226944,0.12811753153800964,0.1584666222333908,0.18968144059181213
35,S5,LatCrit,local,local,0,local,local,0,0.7096861600875854,0.662567675113678,-0.04711848497390747,0.011646389961242676,0.09423692524433136,0.7096861600875854,0.662567675113678,0.05565067008137703,0.09576448053121567,0.2346632033586502,0.24166783690452576
35,S5,ComHvy,local,local,0,local,local,0,0.8030951619148254,0.7994487881660461,-0.003646373748779297,0.0017967214807868004,0.021728042513132095,0.8030951619148254,0.7994487881660461,0.022770989686250687,0.015553326345980167,0.17413388192653656,0.18499788641929626
35,S5,BWHvy,local,local,0,local,local,0,0.5362493991851807,0.48449617624282837,-0.051753222942352295,0.0076318662613630295,0.10350644588470459,0.5362493991851807,0.48449617624282837,0.1785036325454712,0.2235792875289917,0.28524696826934814,0.29192453622817993
35,S6,LatCrit,BS2,BS2,0,BS2,BS2,0,0.7749109864234924,0.8703322410583496,0.09542125463485718,0.036245375871658325,0.19084250926971436,0.19855010509490967,0.10807794332504272,0.026538843289017677,0.02158975973725319,0.7749109864234924,0.8703322410583496
35,S6,ComHvy,BS2,BS2,0,BS2,BS2,0,0.7551855444908142,0.8548383116722107,0.09965276718139648,0.04296521097421646,0.19930560886859894,0.14743125438690186,0.10526669025421143,0.0973832756280899,0.03989499434828758,0.7551855444908142,0.8548383116722107
35,S6,BWHvy,local,local,0,local,BS2,1,0.7031255960464478,0.6337064504623413,-0.06941914558410645,0.011260248720645905,0.13883823156356812,0.7031255960464478,0.6337064504623413,0.10878792405128479,0.12359918653964996,0.18808650970458984,0.24269433319568634
35,S7,LatCrit,local,local,0,local,local,0,0.8424720168113708,0.8000576496124268,-0.04241436719894409,0.007125801406800747,0.08482873439788818,0.8424720168113708,0.8000576496124268,0.07818002253770828,0.1113518700003624,0.07934796810150146,0.08859048783779144
35,S7,ComHvy,BS2,BS2,0,local,local,0,0.42282745242118835,0.42887166142463684,0.006044209003448486,0.02391250804066658,0.1544818878173828,0.3537842631340027,0.4249809980392456,0.22338828444480896,0.14614734053611755,0.42282745242118835,0.42887166142463684
35,S7,BWHvy,local,local,0,local,local,0,0.6054896712303162,0.5708786249160767,-0.0346110463142395,0.0026128003373742104,0.06922207772731781,0.6054896712303162,0.5708786249160767,0.22315727174282074,0.2485717236995697,0.1713530570268631,0.18054963648319244
35,S8,LatCrit,local,local,0,local,local,0,0.6010220050811768,0.6934008598327637,0.09237885475158691,0.0194193497300148,0.18475769460201263,0.6010220050811768,0.6934008598327637,0.3569128215312958,0.2706691026687622,0.04206515848636627,0.03593003377318382
35,S8,ComHvy,BS1,BS1,0,BS1,BS2,1,0.5030539035797119,0.4490276873111725,-0.05402621626853943,0.009362880140542984,0.13371026515960693,0.1436740756034851,0.13084512948989868,0.5030539035797119,0.4490276873111725,0.353272020816803,0.42012712359428406
35,S8,BWHvy,local,local,0,local,local,0,0.5976725816726685,0.541617751121521,-0.05605483055114746,0.0067073144018650055,0.11210969090461731,0.5976725816726685,0.541617751121521,0.1508103311061859,0.1629621386528015,0.25151708722114563,0.2954201400279999
36,S1,LatCrit,BS1,BS1,0,BS1,BS1,0,0.7190136909484863,0.659795880317688,-0.05921781063079834,0.008124753832817078,0.11843559145927429,0.11857295036315918,0.14708054065704346,0.7190136909484863,0.659795880317688,0.1624133586883545,0.19312354922294617
36,S1,ComHvy,BS1,BS1,0,BS1,BS1,0,0.6058312654495239,0.6394814848899841,0.033650219440460205,0.0055772047489881516,0.06730040162801743,0.31358665227890015,0.30401724576950073,0.6058312654495239,0.6394814848899841,0.08058207482099533,0.056501299142837524
36,S1,BWHvy,BS2,BS2,0,BS2,BS2,0,0.6476080417633057,0.6150124073028564,-0.03259563446044922,0.004266075789928436,0.07427705824375153,0.18112903833389282,0.218267560005188,0.1712629646062851,0.16672006249427795,0.6476080417633057,0.6150124073028564
36,S2,LatCrit,BS2,BS2,0,BS2,BS2,0,0.7739223837852478,0.7471663951873779,-0.026755988597869873,0.00588482990860939,0.06397223472595215,0.1505974531173706,0.1453673243522644,0.07548023015260696,0.10746634751558304,0.7739223837852478,0.7471663951873779
36,S2,ComHvy,local,local,0,local,local,0,0.6259899735450745,0.6540895700454712,0.02809959650039673,0.003812323324382305,0.056199122220277786,0.6259899735450745,0.6540895700454712,0.36084121465682983,0.3393135964870453,0.013168783858418465,0.006596876308321953
36,S2,BWHvy,BS2,BS2,0,BS2,BS2,0,0.6204941868782043,0.5687407851219177,-0.05175340175628662,0.007215909659862518,0.10350680351257324,0.14455389976501465,0.14483869075775146,0.2349519431591034,0.2864205539226532,0.6204941868782043,0.5687407851219177
36,S3,LatCrit,local,local,0,local,local,0,0.6925231218338013,0.707339882850647,0.014816761016845703,0.0008176667615771294,0.029633574187755585,0.6925231218338013,0.707339882850647,0.21897244453430176,0.21411851048469543,0.08850447088479996,0.0785415917634964
36,S3,ComHvy,local,BS2,1,local,local,0,0.6121657490730286,0.4361787736415863,-0.17598697543144226,0.10838572680950165,0.426507830619812,0.6121657490730286,0.4073469638824463,0.16490937769412994,0.15647423267364502,0.2229248732328415,0.4361787736415863
36,S3,BWHvy,BS2,local,1,BS1,local,1,0.34802186489105225,0.3562566637992859,0.008234798908233643,0.0010293102823197842,0.04196545481681824,0.3352739214897156,0.3562566637992859,0.3167041540145874,0.30236831307411194,0.34802186489105225,0.3413749933242798
36,S4,LatCrit,local,local,0,local,local,0,0.5208492279052734,0.6049561500549316,0.0841069221496582,0.01451653242111206,0.1682138890028,0.5208492279052734,0.6049561500549316,0.22776885330677032,0.18798646330833435,0.25138193368911743,0.20705735683441162
36,S4,ComHvy,BS1,BS1,0,BS1,BS1,0,0.8176018595695496,0.8889176249504089,0.07131576538085938,0.025706328451633453,0.14263159036636353,0.05483722686767578,0.044041991233825684,0.8176018595695496,0.8889176249504089,0.12756092846393585,0.0670403465628624
36,S4,BWHvy,BS1,BS1,0,local,local,0,0.3973035216331482,0.3935648798942566,-0.0037386417388916016,0.0007670298218727112,0.03351640701293945,0.28383809328079224,0.30059629678726196,0.3973035216331482,0.3935648798942566,0.31885838508605957,0.30583882331848145
36,S5,LatCrit,BS2,local,1,BS2,BS2,0,0.49862799048423767,0.4499390125274658,-0.04868897795677185,0.033466488122940063,0.18352486193180084,0.4318668842315674,0.4499390125274658,0.06950509548187256,0.14319540560245514,0.49862799048423767,0.40686556696891785
36,S5,ComHvy,local,local,0,local,local,0,0.9294924139976501,0.9342537522315979,0.004761338233947754,0.004461346194148064,0.016746187582612038,0.9294924139976501,0.9342537522315979,0.014087043702602386,0.005713944789022207,0.056420549750328064,0.060032300651073456
36,S5,BWHvy,BS2,BS2,0,BS2,BS2,0,0.5374424457550049,0.45811811089515686,-0.07932433485984802,0.012794449925422668,0.15864872932434082,0.14434683322906494,0.16214948892593384,0.3182106614112854,0.3797324001789093,0.5374424457550049,0.45811811089515686
36,S6,LatCrit,BS2,BS2,0,BS2,BS2,0,0.7402691841125488,0.8226509690284729,0.08238178491592407,0.021023161709308624,0.16476359963417053,0.19897204637527466,0.1371835470199585,0.060758743435144424,0.04016542062163353,0.7402691841125488,0.8226509690284729
36,S6,ComHvy,BS2,BS2,0,BS2,BS2,0,0.6417552828788757,0.6467269062995911,0.004971623420715332,0.009520117193460464,0.03206058591604233,0.3328741192817688,0.3439328074455261,0.025370590388774872,0.009340314194560051,0.6417552828788757,0.6467269062995911
36,S6,BWHvy,BS2,BS2,0,BS1,local,1,0.4229937791824341,0.47119584679603577,0.048202067613601685,0.01516832783818245,0.15780851244926453,0.23394513130187988,0.26464730501174927,0.34306105971336365,0.2641567885875702,0.4229937791824341,0.47119584679603577
36,S7,LatCrit,local,local,0,local,local,0,0.8341630697250366,0.8995458483695984,0.06538277864456177,0.021982628852128983,0.13076554238796234,0.8341630697250366,0.8995458483695984,0.10194402188062668,0.06874128431081772,0.06389287859201431,0.031712856143713
36,S7,ComHvy,BS2,local,1,BS2,BS2,0,0.45672130584716797,0.4430643916130066,-0.013656914234161377,0.004967205226421356,0.062092624604701996,0.4521580934524536,0.4430643916130066,0.09112062305212021,0.12216691672801971,0.45672130584716797,0.4347686767578125
36,S7,BWHvy,BS1,BS1,0,BS1,BS1,0,0.3802556097507477,0.3725159466266632,-0.007739663124084473,0.0019354373216629028,0.054283708333969116,0.26401078701019287,0.29115259647369385,0.3802556097507477,0.3725159466266632,0.35573363304138184,0.33633139729499817
36,S8,LatCrit,local,local,0,local,local,0,0.8015694618225098,0.8954878449440002,0.09391838312149048,0.03895817697048187,0.18783681094646454,0.8015694618225098,0.8954878449440002,0.19330346584320068,0.10286787897348404,0.0051271081902086735,0.0016442675841972232
36,S8,ComHvy,BS2,BS2,0,local,local,0,0.5249108672142029,0.4168826639652252,-0.10802820324897766,0.03392312675714493,0.23444858193397522,0.22052061557769775,0.2113245129585266,0.25456851720809937,0.3717927932739258,0.5249108672142029,0.4168826639652252
36,S8,BWHvy,BS2,BS2,0,BS2,BS2,0,0.7032564282417297,0.6901029348373413,-0.013153493404388428,0.0005191434174776077,0.026307016611099243,0.12251603603363037,0.13214033842086792,0.1742275208234787,0.17775674164295197,0.7032564282417297,0.6901029348373413
37,S1,LatCrit,local,local,0,local,local,0,0.7370779514312744,0.6914081573486328,-0.0456697940826416,0.00561175961047411,0.09133961796760559,0.7370779514312744,0.6914081573486328,0.21160751581192017,0.240000918507576,0.05131455138325691,0.06859096884727478
37,S1,ComHvy,BS2,local,1,BS2,BS2,0,0.4958549439907074,0.3745248317718506,-0.12133011221885681,0.08280979096889496,0.31207042932510376,0.40597444772720337,0.3745248317718506,0.09817059338092804,0.2542057931423187,0.4958549439907074,0.3712693452835083
37,S1,BWHvy,local,local,0,local,local,0,0.881060779094696,0.8642374873161316,-0.016823291778564453,0.0036091040819883347,0.0396195724606514,0.881060779094696,0.8642374873161316,0.073773592710495,0.07078709453344345,0.04516563564538956,0.06497541815042496
37,S2,LatCrit,local,BS1,1,local,local,0,0.39788568019866943,0.39561495184898376,-0.002270728349685669,0.007633451372385025,0.111631840467453,0.39788568019866943,0.34206974506378174,0.346137136220932,0.39561495184898376,0.25597721338272095,0.2623153030872345
37,S2,ComHvy,BS2,local,1,BS2,BS2,0,0.5300232768058777,0.4875567555427551,-0.04246652126312256,0.04928242415189743,0.25389808416366577,0.4281455874443054,0.4875567555427551,0.041831158101558685,0.10936901718378067,0.5300232768058777,0.4030742347240448
37,S2,BWHvy,local,local,0,local,local,0,0.7842466831207275,0.748767614364624,-0.035479068756103516,0.003669237717986107,0.07095810025930405,0.7842466831207275,0.748767614364624,0.12282700091600418,0.13752351701259613,0.09292633086442947,0.11370884627103806
37,S3,LatCrit,local,local,0,local,local,0,0.8449715971946716,0.8605841994285583,0.015612602233886719,0.001966324169188738,0.031225182116031647,0.8449715971946716,0.8605841994285583,0.13847845792770386,0.1289103627204895,0.016549933701753616,0.010505449026823044
37,S3,ComHvy,BS1,BS1,0,BS1,BS1,0,0.5419318079948425,0.4820176959037781,-0.05991411209106445,0.03048669546842575,0.2231074571609497,0.1951841115951538,0.1435444951057434,0.5419318079948425,0.4820176959037781,0.26288408041000366,0.3744378089904785
37,S3,BWHvy,local,local,0,local,local,0,0.8958553075790405,0.8836240172386169,-0.012231290340423584,0.001371002639643848,0.026787996292114258,0.8958553075790405,0.8836240172386169,0.0618191733956337,0.07521317154169083,0.04232552647590637,0.04116281867027283
37,S4,LatCrit,local,local,0,local,local,0,0.882381796836853,0.8550084829330444,-0.027373313903808594,0.006118394434452057,0.054746661335229874,0.882381796836853,0.8550084829330444,0.025304537266492844,0.045689694583415985,0.09231364727020264,0.09930183738470078
37,S4,ComHvy,BS1,BS1,0,BS1,BS1,0,0.9436318278312683,0.9776471257209778,0.03401529788970947,0.021243372932076454,0.06803055852651596,0.032276809215545654,0.015941321849822998,0.9436318278312683,0.9776471257209778,0.02409140206873417,0.006411627400666475
37,S4,BWHvy,local,local,0,local,local,0,0.8704441785812378,0.8677883148193359,-0.0026558637619018555,0.00016644992865622044,0.008063975721597672,0.8704441785812378,0.8677883148193359,0.078079953789711,0.07670383155345917,0.05147583410143852,0.05550782382488251
37,S5,LatCrit,local,local,0,local,local,0,0.6661624908447266,0.6147105097770691,-0.05145198106765747,0.005699172616004944,0.10290399193763733,0.6661624908447266,0.6147105097770691,0.026866411790251732,0.03152776509523392,0.30697107315063477,0.3537617325782776
37,S5,ComHvy,BS1,BS1,0,BS1,local,1,0.6237433552742004,0.5345134139060974,-0.08922994136810303,0.02835795283317566,0.17845991253852844,0.3315422534942627,0.36468827724456787,0.6237433552742004,0.5345134139060974,0.04471432417631149,0.10079827159643173
37,S5,BWHvy,local,local,0,local,local,0,0.879241406917572,0.8658658266067505,-0.013375580310821533,0.001227271044626832,0.026751190423965454,0.879241406917572,0.8658658266067505,0.06407322734594345,0.07681772857904434,0.05668535828590393,0.05731646716594696
37,S6,LatCrit,BS2,BS2,0,BS2,BS2,0,0.550432562828064,0.6694288849830627,0.11899632215499878,0.03881756216287613,0.23799261450767517,0.36564385890960693,0.2909587621688843,0.0839235782623291,0.03961237519979477,0.550432562828064,0.6694288849830627
37,S6,ComHvy,local,local,0,local,local,0,0.8035765886306763,0.8122103810310364,0.008633792400360107,0.005718502216041088,0.04045965522527695,0.8035765886306763,0.8122103810310364,0.053177643567323685,0.032947834581136703,0.14324575662612915,0.154841810464859
37,S6,BWHvy,local,local,0,local,local,0,0.9145623445510864,0.9052630662918091,-0.009299278259277344,0.004062223248183727,0.03569928556680679,0.9145623445510864,0.9052630662918091,0.04547758772969246,0.036927223205566406,0.03996007516980171,0.05780971795320511
37,S7,LatCrit,local,local,0,local,local,0,0.6524069309234619,0.6868113279342651,0.03440439701080322,0.003682069480419159,0.06880883872509003,0.6524069309234619,0.6868113279342651,0.12471756339073181,0.12381257116794586,0.22287552058696747,0.1893760710954666
37,S7,ComHvy,local,local,0,local,local,0,0.6199055910110474,0.6168437004089355,-0.0030618906021118164,0.008554982021450996,0.04001826420426369,0.6199055910110474,0.6168437004089355,0.030048158019781113,0.013100885786116123,0.350046306848526,0.3700554072856903
37,S7,BWHvy,local,local,0,local,local,0,0.9092592597007751,0.9082602858543396,-0.0009989738464355469,0.0005792430602014065,0.010780896991491318,0.9092592597007751,0.9082602858543396,0.058400221168994904,0.05400875210762024,0.03234052658081055,0.03773098066449165
37,S8,LatCrit,local,local,0,local,local,0,0.8079533576965332,0.885399341583252,0.07744598388671875,0.03422868996858597,0.1548919677734375,0.8079533576965332,0.885399341583252,0.11983539909124374,0.0872885212302208,0.07221124321222305,0.027312131598591805
37,S8,ComHvy,local,local,0,local,local,0,0.7032493352890015,0.8352266550064087,0.13197731971740723,0.06689460575580597,0.26395463943481445,0.7032493352890015,0.8352266550064087,0.2692292034626007,0.15988244116306305,0.027521440759301186,0.004890890792012215
37,S8,BWHvy,local,local,0,local,local,0,0.8459056615829468,0.7982306480407715,-0.04767501354217529,0.015259001404047012,0.09535002708435059,0.8459056615829468,0.7982306480407715,0.10756197571754456,0.10957770049571991,0.04653235152363777,0.09219163656234741
38,S1,LatCrit,local,local,0,local,local,0,0.4387928247451782,0.5502175092697144,0.11142468452453613,0.03954479470849037,0.22811350226402283,0.4387928247451782,0.5502175092697144,0.3163011968135834,0.20224441587924957,0.24490602314472198,0.24753805994987488
38,S1,ComHvy,local,local,0,local,local,0,0.6934307813644409,0.6963731646537781,0.002942383289337158,6.103480700403452e-05,0.005884794518351555,0.6934307813644409,0.6963731646537781,0.028555529192090034,0.0268680639564991,0.2780137062072754,0.27675876021385193
38,S1,BWHvy,local,local,0,local,local,0,0.5964654684066772,0.6276624202728271,0.031196951866149902,0.002884636865928769,0.06241267919540405,0.5964654684066772,0.6276624202728271,0.2533150911331177,0.22210876643657684,0.15021942555904388,0.1502288281917572
38,S2,LatCrit,local,local,0,local,local,0,0.6320620775222778,0.6123347282409668,-0.019727349281311035,0.0027817077934741974,0.05323708802461624,0.6320620775222778,0.6123347282409668,0.34732064604759216,0.37393918633461,0.02061726525425911,0.01372606586664915
38,S2,ComHvy,local,local,0,local,local,0,0.7334263920783997,0.5382514595985413,-0.1951749324798584,0.2218533456325531,0.5711250901222229,0.7334263920783997,0.5382514595985413,0.12305211275815964,0.4086146354675293,0.1435215026140213,0.053133875131607056
38,S2,BWHvy,BS1,BS1,0,BS1,BS1,0,0.4898461401462555,0.4520929455757141,-0.03775319457054138,0.0028662066906690598,0.07550641894340515,0.37299787998199463,0.40029871463775635,0.4898461401462555,0.4520929455757141,0.1371559500694275,0.14760833978652954
38,S3,LatCrit,local,local,0,local,local,0,0.693355917930603,0.7267885804176331,0.03343266248703003,0.024264950305223465,0.09505822509527206,0.693355917930603,0.7267885804176331,0.08294697105884552,0.03541784733533859,0.22369712591171265,0.23779356479644775
38,S3,ComHvy,local,local,0,local,local,0,0.7996882200241089,0.7896089553833008,-0.010079264640808105,0.0038369670510292053,0.029836608096957207,0.7996882200241089,0.7896089553833008,0.007162207271903753,0.0023231464438140392,0.19314956665039062,0.20806784927845
38,S3,BWHvy,BS1,local,1,BS1,BS1,0,0.42494136095046997,0.42409437894821167,-0.0008469820022583008,0.00955420732498169,0.13533823192119598,0.35642528533935547,0.42409437894821167,0.42494136095046997,0.3820902109146118,0.21863341331481934,0.1938154250383377
38,S4,LatCrit,local,local,0,local,local,0,0.813793957233429,0.8961746692657471,0.08238071203231812,0.03463581204414368,0.16476142406463623,0.813793957233429,0.8961746692657471,0.015254617668688297,0.003680247813463211,0.17095144093036652,0.10014509409666061
38,S4,ComHvy,BS1,BS1,0,BS1,BS1,0,0.7545823454856873,0.8114818334579468,0.05689948797225952,0.010019727051258087,0.11379896849393845,0.16607344150543213,0.12453514337539673,0.7545823454856873,0.8114818334579468,0.079344242811203,0.06398306041955948
38,S4,BWHvy,BS1,BS1,0,BS1,BS1,0,0.5374535322189331,0.48771563172340393,-0.049737900495529175,0.007585048675537109,0.12088681012392044,0.36942970752716064,0.42987310886383057,0.5374535322189331,0.48771563172340393,0.09311674535274506,0.08241123706102371
38,S5,LatCrit,BS2,BS2,0,BS2,local,1,0.5908039212226868,0.4402812421321869,-0.15052267909049988,0.04563850164413452,0.30104538798332214,0.25870078802108765,0.3486061692237854,0.15049529075622559,0.2111126184463501,0.5908039212226868,0.4402812421321869
38,S5,ComHvy,BS1,BS1,0,BS1,BS1,0,0.8741571307182312,0.9231747984886169,0.04901766777038574,0.01571844331920147,0.09803525358438492,0.11500829458236694,0.06666785478591919,0.8741571307182312,0.9231747984886169,0.010834528133273125,0.010157383047044277
38,S5,BWHvy,BS1,local,1,local,local,0,0.4080196022987366,0.45355653762817383,0.045536935329437256,0.006839018315076828,0.09281305968761444,0.4071500301361084,0.45355653762817383,0.4080196022987366,0.3985390365123749,0.18483039736747742,0.1479044109582901
38,S6,LatCrit,local,local,0,local,local,0,0.5279242396354675,0.515803337097168,-0.01212090253829956,0.02530781924724579,0.1266373097896576,0.5279242396354675,0.515803337097168,0.3713787794113159,0.4346974194049835,0.10069701075553894,0.049499236047267914
38,S6,ComHvy,local,local,0,local,local,0,0.6172013282775879,0.6140104532241821,-0.0031908750534057617,0.032295260578393936,0.13150958716869354,0.6172013282775879,0.6140104532241821,0.26080748438835144,0.32656222581863403,0.12199124693870544,0.059427279978990555
38,S6,BWHvy,local,local,0,local,local,0,0.5183143615722656,0.5362619161605835,0.01794755458831787,0.002568240277469158,0.06117001175880432,0.5183143615722656,0.5362619161605835,0.2656460702419281,0.23506106436252594,0.21603958308696747,0.22867703437805176
38,S7,LatCrit,BS2,BS2,0,BS2,BS2,0,0.48748111724853516,0.5031133890151978,0.015632271766662598,0.021327361464500427,0.1528751701116562,0.26560086011886597,0.32640618085861206,0.2469179928302765,0.170480415225029,0.48748111724853516,0.5031133890151978
38,S7,ComHvy,local,local,0,local,local,0,0.8275918960571289,0.822255551815033,-0.005336344242095947,0.001354512758553028,0.026993319392204285,0.8275918960571289,0.822255551815033,0.06751425564289093,0.059353940188884735,0.10489385575056076,0.1183905154466629
38,S7,BWHvy,BS2,BS2,0,BS2,BS2,0,0.44434654712677,0.44725027680397034,0.0029037296772003174,0.024101339280605316,0.16577835381031036,0.22676211595535278,0.30674755573272705,0.3288913369178772,0.24600215256214142,0.44434654712677,0.44725027680397034
38,S8,LatCrit,local,local,0,local,local,0,0.9324545860290527,0.9601297974586487,0.027675211429595947,0.01307721994817257,0.055350467562675476,0.9324545860290527,0.9601297974586487,0.05801719054579735,0.03807760030031204,0.009528253227472305,0.001792586175724864
38,S8,ComHvy,local,local,0,local,local,0,0.7149146199226379,0.7178298234939575,0.00291520357131958,0.005798390135169029,0.06010647118091583,0.7149146199226379,0.7178298234939575,0.1654263585805893,0.1353731006383896,0.11965903639793396,0.1467970460653305
38,S8,BWHvy,BS1,BS1,0,BS1,BS1,0,0.41203194856643677,0.3532301187515259,-0.05880182981491089,0.014155440032482147,0.15064144134521484,0.3246344327926636,0.30811554193496704,0.41203194856643677,0.3532301187515259,0.26333361864089966,0.3386543393135071
39,S1,LatCrit,BS2,BS2,0,BS2,BS2,0,0.3966279923915863,0.4900796413421631,0.09345164895057678,0.02474040538072586,0.18690334260463715,0.39299750328063965,0.36804431676864624,0.21037454903125763,0.14187604188919067,0.3966279923915863,0.4900796413421631
39,S1,ComHvy,local,local,0,local,local,0,0.534051239490509,0.6005440950393677,0.06649285554885864,0.01207088865339756,0.13298577070236206,0.534051239490509,0.6005440950393677,0.2392166554927826,0.18246708810329437,0.22673211991786957,0.21698877215385437
39,S1,BWHvy,local,local,0,local,local,0,0.6245409250259399,0.5511775016784668,-0.07336342334747314,0.011165549978613853,0.14672687649726868,0.6245409250259399,0.5511775016784668,0.247300386428833,0.28990083932876587,0.12815865874290466,0.15892165899276733
39,S2,LatCrit,local,local,0,local,local,0,0.6777880191802979,0.6678382158279419,-0.009949803352355957,0.0032942937687039375,0.0462174266576767,0.6777880191802979,0.6678382158279419,0.27559569478034973,0.2987044155597687,0.0466163270175457,0.033457424491643906
39,S2,ComHvy,local,local,0,local,local,0,0.6696308851242065,0.5896874070167542,-0.07994347810745239,0.04138156399130821,0.23193083703517914,0.6696308851242065,0.5896874070167542,0.2652345299720764,0.3811999559402466,0.06513457745313644,0.029112642630934715
39,S2,BWHvy,local,BS1,1,BS1,BS1,0,0.44734400510787964,0.4260740280151367,-0.02126997709274292,0.013624453917145729,0.16098761558532715,0.44734400510787964,0.36685019731521606,0.3692803680896759,0.4260740280151367,0.18337562680244446,0.20707577466964722
39,S3,LatCrit,local,local,0,local,local,0,0.7128779888153076,0.6485387682914734,-0.06433922052383423,0.01602867990732193,0.1533241719007492,0.7128779888153076,0.6485387682914734,0.03138473257422447,0.019061844795942307,0.2557373046875,0.3323993682861328
39,S3,ComHvy,local,local,0,local,local,0,0.7934657335281372,0.8044998645782471,0.011034131050109863,0.000645873136818409,0.02206820249557495,0.7934657335281372,0.8044998645782471,0.002232837723568082,0.0012476621195673943,0.2043014019727707,0.19425250589847565
39,S3,BWHvy,local,local,0,local,local,0,0.49889570474624634,0.4236298203468323,-0.07526588439941406,0.01186600886285305,0.15053178369998932,0.49889570474624634,0.4236298203468323,0.3233453333377838,0.38284412026405334,0.17775894701480865,0.19352605938911438
39,S4,LatCrit,local,local,0,local,local,0,0.7027899026870728,0.7357544898986816,0.03296458721160889,0.01694241724908352,0.06592914462089539,0.7027899026870728,0.7357544898986816,0.035906288772821426,0.011706744320690632,0.2613038122653961,0.252538800239563
39,S4,ComHvy,BS1,BS1,0,BS1,BS1,0,0.43240129947662354,0.45136773586273193,0.0189664363861084,0.0037969760596752167,0.07987263798713684,0.20976489782333374,0.23073476552963257,0.43240129947662354,0.45136773586273193,0.3578338027000427,0.3178974688053131
39,S4,BWHvy,BS1,BS1,0,BS1,BS1,0,0.519584059715271,0.6058030724525452,0.08621901273727417,0.015594571828842163,0.17243796586990356,0.37101858854293823,0.2981386184692383,0.519584059715271,0.6058030724525452,0.10939731448888779,0.09605832397937775
39,S5,LatCrit,BS2,BS2,0,BS2,BS2,0,0.5576124787330627,0.5642568469047546,0.0066443681716918945,0.00029248977079987526,0.02066051959991455,0.19084113836288452,0.1945270299911499,0.25154635310173035,0.24121609330177307,0.5576124787330627,0.5642568469047546
39,S5,ComHvy,BS1,BS1,0,BS1,BS1,0,0.9321117401123047,0.9579976201057434,0.02588587999343872,0.00715240091085434,0.051771827042102814,0.06263047456741333,0.03814119100570679,0.9321117401123047,0.9579976201057434,0.005257803946733475,0.0038611406926065683
39,S5,BWHvy,local,local,0,local,local,0,0.49033212661743164,0.4072558879852295,-0.08307623863220215,0.01443762332201004,0.1661524921655655,0.49033212661743164,0.4072558879852295,0.29918161034584045,0.35906603932380676,0.2104862630367279,0.23367808759212494
39,S6,LatCrit,local,local,0,local,local,0,0.6622442007064819,0.6971890926361084,0.034944891929626465,0.005438423715531826,0.06988982111215591,0.6622442007064819,0.6971890926361084,0.32682961225509644,0.29828038811683655,0.010926221497356892,0.004530513659119606
39,S6,ComHvy,local,local,0,local,local,0,0.7902164459228516,0.8595450520515442,0.06932860612869263,0.022341080009937286,0.13865719735622406,0.7902164459228516,0.8595450520515442,0.19569887220859528,0.13668307662010193,0.014084689319133759,0.0037718936800956726
39,S6,BWHvy,local,local,0,local,local,0,0.5723398923873901,0.4596213102340698,-0.11271858215332031,0.02560584247112274,0.22543716430664062,0.5723398923873901,0.4596213102340698,0.22587309777736664,0.2918396294116974,0.20178700983524323,0.2485390603542328
39,S7,LatCrit,local,local,0,local,BS2,1,0.4807433485984802,0.44857490062713623,-0.032168447971343994,0.023389726877212524,0.18377448618412018,0.4807433485984802,0.44857490062713623,0.20207186043262482,0.14235305786132812,0.31718477606773376,0.40907201170921326
39,S7,ComHvy,local,local,0,local,local,0,0.7761560678482056,0.6943373680114746,-0.08181869983673096,0.018021926283836365,0.16363738477230072,0.7761560678482056,0.6943373680114746,0.055868301540613174,0.09107878804206848,0.16797561943531036,0.21458381414413452
39,S7,BWHvy,BS2,BS2,0,BS2,BS2,0,0.5085862874984741,0.5717874765396118,0.0632011890411377,0.009515702724456787,0.12640231847763062,0.2754213213920593,0.22367161512374878,0.21599234640598297,0.2045409232378006,0.5085862874984741,0.5717874765396118
39,S8,LatCrit,local,local,0,local,local,0,0.8456089496612549,0.8565757274627686,0.010966777801513672,0.01967960223555565,0.07048017531633377,0.8456089496612549,0.8565757274627686,0.09246566146612167,0.1167389377951622,0.06192541494965553,0.02668529562652111
39,S8,ComHvy,local,local,0,local,local,0,0.7551226019859314,0.7801540493965149,0.025031447410583496,0.0017799455672502518,0.05006290227174759,0.7551226019859314,0.7801540493965149,0.014520319178700447,0.013096059672534466,0.2303570657968521,0.20674987137317657
39,S8,BWHvy,BS2,BS2,0,BS2,BS2,0,0.5361068248748779,0.6219770312309265,0.08587020635604858,0.03491527587175369,0.21026743948459625,0.27185672521591187,0.16672301292419434,0.1920364797115326,0.21130000054836273,0.5361068248748779,0.6219770312309265
40,S1,LatCrit,BS2,local,1,BS2,local,1,0.4654642641544342,0.6302794814109802,0.16481521725654602,0.07745811343193054,0.3733091354370117,0.44362491369247437,0.6302794814109802,0.09091081470251083,0.04236720874905586,0.4654642641544342,0.327353298664093
40,S1,ComHvy,BS1,BS1,0,BS1,BS1,0,0.807516872882843,0.8513846397399902,0.04386776685714722,0.007841179147362709,0.08773548901081085,0.13205939531326294,0.09564214944839478,0.807516872882843,0.8513846397399902,0.06042376160621643,0.05297328531742096
40,S1,BWHvy,BS2,BS2,0,BS2,BS2,0,0.4726678431034088,0.4706234931945801,-0.0020443499088287354,0.06447702646255493,0.2607661783695221,0.1626359224319458,0.29301899671554565,0.3646962344646454,0.23635748028755188,0.4726678431034088,0.4706234931945801
40,S2,LatCrit,local,local,0,local,local,0,0.7389365434646606,0.7926041483879089,0.05366760492324829,0.008458198979496956,0.10733523219823837,0.7389365434646606,0.7926041483879089,0.2519778311252594,0.20152480900287628,0.0090856421738863,0.00587103795260191
40,S2,ComHvy,local,local,0,local,local,0,0.7816666960716248,0.7329361438751221,-0.048730552196502686,0.021005360409617424,0.14695926010608673,0.7816666960716248,0.7329361438751221,0.14151565730571747,0.21499530971050262,0.07681762427091599,0.0520685650408268
40,S2,BWHvy,BS1,BS1,0,BS1,BS1,0,0.5337154269218445,0.4406139552593231,-0.09310147166252136,0.03173284977674484,0.231882244348526,0.24101102352142334,0.35695213079452515,0.5337154269218445,0.4406139552593231,0.22527357935905457,0.20243391394615173
40,S3,LatCrit,BS2,BS2,0,BS2,BS2,0,0.7436085343360901,0.8039529919624329,0.06034445762634277,0.03719375282526016,0.12068889290094376,0.16856366395950317,0.165155827999115,0.08782778680324554,0.030891185626387596,0.7436085343360901,0.8039529919624329
40,S3,ComHvy,local,local,0,local,local,0,0.9092655777931213,0.9194421768188477,0.010176599025726318,0.0011907909065485,0.020353222265839577,0.9092655777931213,0.9194421768188477,0.008128241635859013,0.005011445842683315,0.08260618150234222,0.07554635405540466
40,S3,BWHvy,BS1,local,1,BS1,local,1,0.501672625541687,0.4298120141029358,-0.07186061143875122,0.05053551495075226,0.29420608282089233,0.282709002494812,0.4298120141029358,0.501672625541687,0.3691902756690979,0.21561843156814575,0.20099769532680511
40,S4,LatCrit,local,local,0,local,local,0,0.6639682054519653,0.7625819444656372,0.09861373901367188,0.08656907826662064,0.23570065200328827,0.6639682054519653,0.7625819444656372,0.17411412298679352,0.05626382306218147,0.16191765666007996,0.181154265999794
40,S4,ComHvy,BS2,BS2,0,BS2,BS2,0,0.5878210067749023,0.7277800440788269,0.13995903730392456,0.05011351406574249,0.27991801500320435,0.3591841459274292,0.24938279390335083,0.052994854748249054,0.022837210446596146,0.5878210067749023,0.7277800440788269
40,S4,BWHvy,BS1,BS1,0,BS1,BS1,0,0.5574220418930054,0.4662967324256897,-0.09112530946731567,0.03308422863483429,0.2408997118473053,0.24842947721481323,0.3688793182373047,0.5574220418930054,0.4662967324256897,0.1941484808921814,0.16482391953468323
40,S5,LatCrit,BS2,BS2,0,BS2,BS2,0,0.8394418954849243,0.8007317185401917,-0.038710176944732666,0.011069536209106445,0.08403141796588898,0.06064558029174805,0.10266125202178955,0.09991256147623062,0.09660699218511581,0.8394418954849243,0.8007317185401917
40,S5,ComHvy,BS1,BS1,0,local,local,0,0.46288004517555237,0.4323992431163788,-0.030480802059173584,0.02153961732983589,0.14497654139995575,0.44005870819091797,0.39805126190185547,0.46288004517555237,0.4323992431163788,0.09706123173236847,0.16954952478408813
40,S5,BWHvy,BS2,BS2,0,BS1,BS2,1,0.4524540901184082,0.4305132329463959,-0.02194085717201233,0.036106135696172714,0.21286475658416748,0.16129076480865479,0.2677231431007385,0.3862551748752594,0.301763653755188,0.4524540901184082,0.4305132329463959
40,S6,LatCrit,BS1,BS1,0,BS1,BS1,0,0.6755723357200623,0.6604469418525696,-0.015125393867492676,0.013141587376594543,0.09973249584436417,0.22658908367156982,0.2764553427696228,0.6755723357200623,0.6604469418525696,0.09783859550952911,0.0630977526307106
40,S6,ComHvy,local,local,0,local,local,0,0.6206674575805664,0.7156879901885986,0.09502053260803223,0.02151067927479744,0.19004105031490326,0.6206674575805664,0.7156879901885986,0.3541609048843384,0.26901012659072876,0.025171643123030663,0.015301898121833801
40,S6,BWHvy,BS2,BS1,1,BS2,BS1,1,0.46855416893959045,0.3510465621948242,-0.11750760674476624,0.04340633004903793,0.2592013478279114,0.20444083213806152,0.309999942779541,0.327004998922348,0.3510465621948242,0.46855416893959045,0.33895349502563477
40,S7,LatCrit,BS1,BS1,0,BS1,BS1,0,0.49823594093322754,0.5356295108795166,0.03739356994628906,0.029667552560567856,0.11916591972112656,0.3952828049659729,0.4174721837043762,0.49823594093322754,0.5356295108795166,0.10648122429847717,0.046898253262043
40,S7,ComHvy,local,local,0,local,local,0,0.7416992783546448,0.5866985321044922,-0.1550007462501526,0.05441970378160477,0.3100014925003052,0.7416992783546448,0.5866985321044922,0.06539260596036911,0.12770392000675201,0.19290810823440552,0.2855975329875946
40,S7,BWHvy,BS2,BS2,0,BS2,BS2,0,0.5742952823638916,0.5215915441513062,-0.05270373821258545,0.04929662123322487,0.2576497793197632,0.17828363180160522,0.3071085214614868,0.24742108583450317,0.17129991948604584,0.5742952823638916,0.5215915441513062
40,S8,LatCrit,local,local,0,local,local,0,0.6412681341171265,0.7633693218231201,0.12210118770599365,0.1029708981513977,0.3062623143196106,0.6412681341171265,0.7633693218231201,0.11648223549127579,0.14751221239566803,0.24224959313869476,0.08911844342947006
40,S8,ComHvy,BS2,BS2,0,BS2,BS2,0,0.36399394273757935,0.5022494792938232,0.1382555365562439,0.06838852912187576,0.29972389340400696,0.29285067319869995,0.30445706844329834,0.3431553840637207,0.19329342246055603,0.36399394273757935,0.5022494792938232
40,S8,BWHvy,BS2,BS2,0,BS2,BS2,0,0.767518162727356,0.7501023411750793,-0.01741582155227661,0.016198288649320602,0.10538304597139359,0.1061105728149414,0.1588020920753479,0.12637127935886383,0.09109557420015335,0.767518162727356,0.7501023411750793
41,S1,LatCrit,BS2,local,1,local,local,0,0.4474376440048218,0.6111546754837036,0.16371703147888184,0.11697054654359818,0.35948503017425537,0.4314121603965759,0.6111546754837036,0.12115016579627991,0.030217986553907394,0.4474376440048218,0.3586273193359375
41,S1,ComHvy,BS1,BS1,0,BS1,BS1,0,0.8722767233848572,0.9058457612991333,0.03356903791427612,0.007293198257684708,0.06713812053203583,0.10909360647201538,0.0846785306930542,0.8722767233848572,0.9058457612991333,0.018629662692546844,0.009475652128458023
41,S1,BWHvy,BS2,local,1,BS2,local,1,0.41343119740486145,0.45943760871887207,0.04600641131401062,0.06436190754175186,0.33370575308799744,0.29258471727371216,0.45943760871887207,0.2939840853214264,0.19035662710666656,0.41343119740486145,0.35020577907562256
41,S2,LatCrit,local,local,0,local,local,0,0.8141019344329834,0.8198851943016052,0.005783259868621826,0.0001451685093343258,0.011566564440727234,0.8141019344329834,0.8198851943016052,0.12522059679031372,0.12290408462285995,0.060677506029605865,0.057210713624954224
41,S2,ComHvy,BS1,BS1,0,BS1,BS1,0,0.8029628992080688,0.946591317653656,0.14362841844558716,0.13259632885456085,0.28725680708885193,0.017601072788238525,0.010055303573608398,0.8029628992080688,0.946591317653656,0.17943601310253143,0.04335339367389679
41,S2,BWHvy,BS1,local,1,local,local,0,0.3642154932022095,0.5170719027519226,0.15285640954971313,0.06422030180692673,0.35566937923431396,0.3392372131347656,0.5170719027519226,0.3642154932022095,0.2686901390552521,0.2965472936630249,0.2142379730939865
41,S3,LatCrit,BS2,BS2,0,local,BS2,1,0.5103092193603516,0.5392533540725708,0.02894413471221924,0.018758611753582954,0.09338214248418808,0.3947819471359253,0.4125288724899292,0.09490881860256195,0.048217736184597015,0.5103092193603516,0.5392533540725708
41,S3,ComHvy,local,local,0,local,local,0,0.8653295040130615,0.9054807424545288,0.040151238441467285,0.011196240782737732,0.0803024172782898,0.8653295040130615,0.9054807424545288,0.004785363562405109,0.0009202284272760153,0.12988510727882385,0.09359905868768692
41,S3,BWHvy,BS2,local,1,BS1,local,1,0.33874478936195374,0.501110315322876,0.16236552596092224,0.05585157871246338,0.3308143615722656,0.33570313453674316,0.501110315322876,0.3255520761013031,0.2398224025964737,0.33874478936195374,0.25906726717948914
41,S4,LatCrit,local,local,0,local,local,0,0.7471870183944702,0.8353009819984436,0.08811396360397339,0.03679903596639633,0.17622795701026917,0.7471870183944702,0.8353009819984436,0.027692699804902077,0.006314544007182121,0.22512032091617584,0.15838448703289032
41,S4,ComHvy,BS1,BS1,0,BS1,BS1,0,0.5298237800598145,0.6752469539642334,0.14542317390441895,0.04548633098602295,0.2908463478088379,0.25727730989456177,0.17729920148849487,0.5298237800598145,0.6752469539642334,0.21289889514446259,0.14745384454727173
41,S4,BWHvy,BS1,local,1,BS1,local,1,0.5077455043792725,0.5085163116455078,0.0007708072662353516,0.04584629461169243,0.30077064037323,0.3581309914588928,0.5085163116455078,0.5077455043792725,0.3914063572883606,0.1341235339641571,0.10007734596729279
41,S5,LatCrit,BS2,BS2,0,BS2,BS2,0,0.6479400992393494,0.45911797881126404,-0.18882212042808533,0.07734981179237366,0.37764424085617065,0.20211732387542725,0.3558480739593506,0.1499425321817398,0.185033917427063,0.6479400992393494,0.45911797881126404
41,S5,ComHvy,local,local,0,local,local,0,0.829938530921936,0.8744027018547058,0.044464170932769775,0.008578276261687279,0.08892832696437836,0.829938530921936,0.8744027018547058,0.1633228212594986,0.11888741701841354,0.006738623604178429,0.006709872279316187
41,S5,BWHvy,BS2,local,1,BS1,BS1,0,0.46429163217544556,0.41208547353744507,-0.05220615863800049,0.059627287089824677,0.32313424348831177,0.2505183219909668,0.41208547353744507,0.28518998622894287,0.2465033084154129,0.46429163217544556,0.3414112329483032
41,S6,LatCrit,local,local,0,local,local,0,0.3991316556930542,0.5087137818336487,0.10958212614059448,0.03295188397169113,0.2197256088256836,0.3991316556930542,0.5087137818336487,0.22667743265628815,0.22695811092853546,0.37419092655181885,0.26432812213897705
41,S6,ComHvy,local,local,0,local,local,0,0.6482019424438477,0.7113741636276245,0.06317222118377686,0.014501718804240227,0.1263444721698761,0.6482019424438477,0.7113741636276245,0.045384347438812256,0.022800825536251068,0.3064137101173401,0.26582497358322144
41,S6,BWHvy,BS2,BS2,0,BS2,local,1,0.42425861954689026,0.39181819558143616,-0.0324404239654541,0.05118809640407562,0.2750580310821533,0.23144084215164185,0.3689698576927185,0.3443005681037903,0.23921196162700653,0.42425861954689026,0.39181819558143616
41,S7,LatCrit,BS1,local,1,BS1,local,1,0.4958110749721527,0.5938321948051453,0.09802111983299255,0.06327003985643387,0.34938037395477295,0.4191420078277588,0.5938321948051453,0.4958110749721527,0.3359019160270691,0.0850469172000885,0.07026588916778564
41,S7,ComHvy,local,local,0,local,local,0,0.7998810410499573,0.7592002153396606,-0.04068082571029663,0.004800125956535339,0.08136163651943207,0.7998810410499573,0.7592002153396606,0.020660895854234695,0.026999108493328094,0.17945806682109833,0.21380066871643066
41,S7,BWHvy,BS2,local,1,BS2,local,1,0.44750648736953735,0.4607260227203369,0.01321953535079956,0.03339231014251709,0.24407446384429932,0.33868879079818726,0.4607260227203369,0.21380473673343658,0.15209244191646576,0.44750648736953735,0.3871815502643585
41,S8,LatCrit,local,local,0,local,local,0,0.5597869157791138,0.6968297958374023,0.13704288005828857,0.07018235325813293,0.2740857005119324,0.5597869157791138,0.6968297958374023,0.38634809851646423,0.29195812344551086,0.0538649708032608,0.011212121695280075
41,S8,ComHvy,BS2,BS2,0,BS2,BS2,0,0.593071460723877,0.7112839818000793,0.11821252107620239,0.03218270093202591,0.2364250123500824,0.34388619661331177,0.23972684144973755,0.06304232776165009,0.0489891842007637,0.593071460723877,0.7112839818000793
41,S8,BWHvy,BS2,BS2,0,BS2,BS2,0,0.7112510800361633,0.6190584301948547,-0.0921926498413086,0.044515207409858704,0.2516539990901947,0.16443294286727905,0.2902599573135376,0.1243160143494606,0.09068167209625244,0.7112510800361633,0.6190584301948547
42,S1,LatCrit,local,local,0,local,local,0,0.5813811421394348,0.667086660861969,0.08570551872253418,0.022848717868328094,0.17141106724739075,0.5813811421394348,0.667086660861969,0.20375920832157135,0.13217468559741974,0.21485966444015503,0.20073863863945007
42,S1,ComHvy,BS1,BS1,0,BS1,BS1,0,0.7453566193580627,0.8272404074668884,0.08188378810882568,0.02628907561302185,0.1637674868106842,0.14851528406143188,0.11739343404769897,0.7453566193580627,0.8272404074668884,0.1061280220746994,0.05536618083715439
42,S1,BWHvy,BS2,BS2,0,BS2,BS2,0,0.5015637874603271,0.4843270480632782,-0.01723673939704895,0.01627735234797001,0.14430463314056396,0.25979846715927124,0.3319507837295532,0.23863771557807922,0.1837221384048462,0.5015637874603271,0.4843270480632782
42,S2,LatCrit,local,local,0,local,local,0,0.5877676010131836,0.5424252152442932,-0.04534238576889038,0.009638214483857155,0.12481983006000519,0.5877676010131836,0.5424252152442932,0.24252644181251526,0.30493634939193726,0.16970595717430115,0.15263842046260834
42,S2,ComHvy,BS1,BS1,0,BS2,BS1,1,0.6633174419403076,0.792158305644989,0.1288408637046814,0.04467681795358658,0.2576817572116852,0.013583064079284668,0.008805036544799805,0.6633174419403076,0.792158305644989,0.3230995237827301,0.19903665781021118
42,S2,BWHvy,BS2,BS1,1,BS2,local,1,0.3601425290107727,0.3641118109226227,0.003969281911849976,0.013649411499500275,0.1452433466911316,0.29223984479904175,0.3483673334121704,0.34761762619018555,0.3641118109226227,0.3601425290107727,0.2875208556652069
42,S3,LatCrit,BS1,BS1,0,BS1,BS1,0,0.5629956722259521,0.5332963466644287,-0.029699325561523438,0.005164980888366699,0.08612027764320374,0.2305675745010376,0.21720677614212036,0.5629956722259521,0.5332963466644287,0.20643672347068787,0.24949687719345093
42,S3,ComHvy,local,local,0,local,local,0,0.8284817337989807,0.8038005232810974,-0.0246812105178833,0.02764154225587845,0.12499295175075531,0.8284817337989807,0.8038005232810974,0.09208555519580841,0.054270289838314056,0.07943273335695267,0.14192920923233032
42,S3,BWHvy,BS2,local,1,local,local,0,0.3578380048274994,0.3907696604728699,0.03293165564537048,0.009823378175497055,0.13421666622161865,0.32366132736206055,0.3907696604728699,0.31850066781044006,0.2808922529220581,0.3578380048274994,0.328338086605072
42,S4,LatCrit,local,local,0,local,local,0,0.6065127849578857,0.7296412587165833,0.12312847375869751,0.035684313625097275,0.2462569773197174,0.6065127849578857,0.7296412587165833,0.25900542736053467,0.18096105754375458,0.13448181748390198,0.08939769119024277
42,S4,ComHvy,local,local,0,local,local,0,0.6069507598876953,0.6371694803237915,0.03021872043609619,0.006706666201353073,0.060437437146902084,0.6069507598876953,0.6371694803237915,0.34655287861824036,0.3358781635761261,0.04649634286761284,0.026952341198921204
42,S4,BWHvy,BS2,local,1,BS1,BS1,0,0.3757575452327728,0.34354668855667114,-0.032210856676101685,0.013037234544754028,0.1501806080341339,0.2684563994407654,0.34354668855667114,0.3557860255241394,0.3169795572757721,0.3757575452327728,0.339473694562912
42,S5,LatCrit,BS2,BS2,0,BS2,BS2,0,0.6965494751930237,0.5054506659507751,-0.19109880924224854,0.07519125938415527,0.38219761848449707,0.18478310108184814,0.29776424169540405,0.11866742372512817,0.1967850923538208,0.6965494751930237,0.5054506659507751
42,S5,ComHvy,local,local,0,local,local,0,0.5488795042037964,0.6120190620422363,0.06313955783843994,0.014355625957250595,0.12627911567687988,0.5488795042037964,0.6120190620422363,0.013863603584468365,0.003967472352087498,0.43725690245628357,0.38401347398757935
42,S5,BWHvy,BS2,BS1,1,BS2,BS2,0,0.4206388592720032,0.3952566981315613,-0.025382161140441895,0.01694183051586151,0.15635189414024353,0.1989549994468689,0.2622804045677185,0.3804061710834503,0.3952566981315613,0.4206388592720032,0.3424628973007202
42,S6,LatCrit,BS2,BS2,0,BS2,BS2,0,0.6757521629333496,0.6461280584335327,-0.029624104499816895,0.006890004500746727,0.07819376140832901,0.3060891628265381,0.3451860547065735,0.018158644437789917,0.008685880340635777,0.6757521629333496,0.6461280584335327
42,S6,ComHvy,local,local,0,local,local,0,0.7525200843811035,0.8087907433509827,0.05627065896987915,0.012711293995380402,0.1125413253903389,0.7525200843811035,0.8087907433509827,0.007650677114725113,0.0020576096139848232,0.23982925713062286,0.18915165960788727
42,S6,BWHvy,BS2,BS2,0,BS2,BS2,0,0.47578921914100647,0.5281080007553101,0.05231878161430359,0.01939183846116066,0.1721726804971695,0.20422756671905518,0.23799514770507812,0.31998321413993835,0.2338968962430954,0.47578921914100647,0.5281080007553101
42,S7,LatCrit,BS1,BS1,0,BS1,BS1,0,0.6452299952507019,0.6207602620124817,-0.024469733238220215,0.04889269918203354,0.17618556320667267,0.2524847388267517,0.34057754278182983,0.6452299952507019,0.6207602620124817,0.102285236120224,0.03866220638155937
42,S7,ComHvy,BS2,BS2,0,BS2,BS2,0,0.5792511105537415,0.6238114833831787,0.044560372829437256,0.009978435933589935,0.12307819724082947,0.3790680766105652,0.31752896308898926,0.041680846363306046,0.05865956097841263,0.5792511105537415,0.6238114833831787
42,S7,BWHvy,BS2,BS2,0,BS1,local,1,0.42857497930526733,0.4067390561103821,-0.021835923194885254,0.004431258887052536,0.08627673983573914,0.277164101600647,0.32030248641967773,0.2942609190940857,0.2729584872722626,0.42857497930526733,0.4067390561103821
42,S8,LatCrit,local,local,0,local,local,0,0.5711969137191772,0.6763749122619629,0.10517799854278564,0.03633581101894379,0.21035601198673248,0.5711969137191772,0.6763749122619629,0.3691243529319763,0.3007728159427643,0.059678733348846436,0.022852258756756783
42,S8,ComHvy,BS1,BS1,0,local,local,0,0.5489007830619812,0.5420097708702087,-0.006891012191772461,0.0012779394164681435,0.032123688608407974,0.3991551399230957,0.41521698236465454,0.5489007830619812,0.5420097708702087,0.05194411054253578,0.042773276567459106
42,S8,BWHvy,BS2,BS2,0,BS2,BS2,0,0.6126999258995056,0.6049850583076477,-0.00771486759185791,0.0032649352215230465,0.057265788316726685,0.23832005262374878,0.2669529318809509,0.1489800661802292,0.12806202471256256,0.6126999258995056,0.6049850583076477
43,S1,LatCrit,local,local,0,local,local,0,0.8095585703849792,0.8490036725997925,0.03944510221481323,0.023432239890098572,0.08053857088088989,0.8095585703849792,0.8490036725997925,0.0650668516755104,0.024797577410936356,0.12537458539009094,0.12619878351688385
43,S1,ComHvy,BS2,BS1,1,BS2,BS1,1,0.39970824122428894,0.6573291420936584,0.2576209008693695,0.16847364604473114,0.533815324306488,0.20987027883529663,0.16215389966964722,0.39042147994041443,0.6573291420936584,0.39970824122428894,0.18051697313785553
43,S1,BWHvy,local,local,0,local,local,0,0.6074315309524536,0.6679430603981018,0.06051152944564819,0.01956171914935112,0.14776232838630676,0.6074315309524536,0.6679430603981018,0.21897216141223907,0.1450909823179245,0.1735963374376297,0.1869659572839737
43,S2,LatCrit,local,local,0,local,local,0,0.883108377456665,0.8850938677787781,0.001985490322113037,8.948094910010695e-05,0.003970998805016279,0.883108377456665,0.8850938677787781,0.11215753108263016,0.11099541932344437,0.004734119400382042,0.003910722676664591
43,S2,ComHvy,BS2,BS2,0,BS2,BS2,0,0.9546967148780823,0.8665059804916382,-0.08819073438644409,0.06511242687702179,0.1933000236749649,0.022120416164398193,0.01366114616394043,0.0231828223913908,0.119832843542099,0.9546967148780823,0.8665059804916382
43,S2,BWHvy,local,local,0,local,local,0,0.5938736796379089,0.651475191116333,0.05760151147842407,0.007240829989314079,0.11520302295684814,0.5938736796379089,0.651475191116333,0.30311286449432373,0.26343005895614624,0.10301344841718674,0.08509474247694016
43,S3,LatCrit,BS1,BS1,0,BS1,BS1,0,0.615907609462738,0.5320752263069153,-0.08383238315582275,0.01901356875896454,0.16766475141048431,0.24918615818023682,0.26759785413742065,0.615907609462738,0.5320752263069153,0.13490624725818634,0.20032691955566406
43,S3,ComHvy,local,local,0,local,local,0,0.7676956653594971,0.8413386344909668,0.07364296913146973,0.04325108602643013,0.14728596806526184,0.7676956653594971,0.8413386344909668,0.03620365634560585,0.006129044573754072,0.19610069692134857,0.15253230929374695
43,S3,BWHvy,local,local,0,local,local,0,0.5734730362892151,0.6327649354934692,0.05929189920425415,0.007420070469379425,0.11858385801315308,0.5734730362892151,0.6327649354934692,0.2543777823448181,0.21970868110656738,0.172149196267128,0.1475263386964798
43,S4,LatCrit,local,local,0,local,local,0,0.6972835063934326,0.7296545505523682,0.03237104415893555,0.002636497840285301,0.06474211066961288,0.6972835063934326,0.7296545505523682,0.09487190842628479,0.08263462036848068,0.2078446000814438,0.18771082162857056
43,S4,ComHvy,BS1,BS1,0,BS1,BS1,0,0.6887406706809998,0.7836054563522339,0.09486478567123413,0.02439211681485176,0.18972957134246826,0.21178990602493286,0.14999794960021973,0.6887406706809998,0.7836054563522339,0.09946943819522858,0.06639660149812698
43,S4,BWHvy,local,local,0,local,local,0,0.51084303855896,0.5628870725631714,0.052044034004211426,0.0055131204426288605,0.10408808290958405,0.51084303855896,0.5628870725631714,0.34513986110687256,0.31117546558380127,0.14401713013648987,0.12593747675418854
43,S5,LatCrit,BS2,BS2,0,BS2,BS2,0,0.7331175804138184,0.6508970856666565,-0.08222049474716187,0.015642084181308746,0.16444098949432373,0.2261912226676941,0.29224085807800293,0.040691208094358444,0.05686206370592117,0.7331175804138184,0.6508970856666565
43,S5,ComHvy,local,local,0,local,local,0,0.5093199610710144,0.5667712092399597,0.05745124816894531,0.09884778410196304,0.34829962253570557,0.5093199610710144,0.5667712092399597,0.39279577136039734,0.21864594519138336,0.09788429737091064,0.21458283066749573
43,S5,BWHvy,local,local,0,local,local,0,0.4703752398490906,0.5415657758712769,0.07119053602218628,0.012998636811971664,0.14238104224205017,0.4703752398490906,0.5415657758712769,0.2878496050834656,0.27259233593940735,0.24177515506744385,0.18584191799163818
43,S6,LatCrit,local,local,0,local,local,0,0.5713350772857666,0.6605038642883301,0.08916878700256348,0.017788905650377274,0.17833757400512695,0.5713350772857666,0.6605038642883301,0.07061982899904251,0.04909132048487663,0.35804513096809387,0.2904048562049866
43,S6,ComHvy,local,local,0,local,local,0,0.6646600961685181,0.6781183481216431,0.013458251953125,0.006028950214385986,0.07407039403915405,0.6646600961685181,0.6781183481216431,0.1895374208688736,0.15250220894813538,0.14580249786376953,0.16937942802906036
43,S6,BWHvy,local,local,0,local,local,0,0.5223231315612793,0.5574779510498047,0.03515481948852539,0.008173399604856968,0.09442649781703949,0.5223231315612793,0.5574779510498047,0.19635778665542603,0.1491445153951645,0.28131911158561707,0.29337751865386963
43,S7,LatCrit,BS2,BS1,1,BS2,local,1,0.49174168705940247,0.47066402435302734,-0.021077662706375122,0.06630690395832062,0.3447091579437256,0.18040823936462402,0.20994889736175537,0.3278501331806183,0.47066402435302734,0.49174168705940247,0.3193870782852173
43,S7,ComHvy,local,local,0,local,local,0,0.5925339460372925,0.5355725288391113,-0.05696141719818115,0.007134925574064255,0.1140512153506279,0.5925339460372925,0.5355725288391113,0.05858347937464714,0.058519262820482254,0.3488825857639313,0.40590816736221313
43,S7,BWHvy,local,local,0,local,local,0,0.6056479215621948,0.6345320343971252,0.02888411283493042,0.007107840850949287,0.08913828432559967,0.6056479215621948,0.6345320343971252,0.20046433806419373,0.1558952033519745,0.19388772547245026,0.20957276225090027
43,S8,LatCrit,local,local,0,local,local,0,0.6504480838775635,0.7302355766296387,0.0797874927520752,0.06689746677875519,0.237729012966156,0.6504480838775635,0.7302355766296387,0.14243857562541962,0.18151560425758362,0.2071133553981781,0.08824886381626129
43,S8,ComHvy,BS1,BS1,0,BS1,BS1,0,0.7204582095146179,0.6972508430480957,-0.023207366466522217,0.0013782617170363665,0.04726487398147583,0.2666786313056946,0.2903110980987549,0.7204582095146179,0.6972508430480957,0.012863101437687874,0.012438062578439713
43,S8,BWHvy,local,local,0,local,local,0,0.5923816561698914,0.640253484249115,0.04787182807922363,0.02838459610939026,0.16448552906513214,0.5923816561698914,0.640253484249115,0.19820237159729004,0.11595961451530457,0.2094159722328186,0.24378691613674164
44,S1,LatCrit,BS1,local,1,BS1,local,1,0.4644183814525604,0.5470761656761169,0.08265778422355652,0.036552026867866516,0.22720476984977722,0.43347376585006714,0.5470761656761169,0.4644183814525604,0.4012550413608551,0.10210785269737244,0.051668815314769745
44,S1,ComHvy,local,local,0,local,local,0,0.625964879989624,0.6284615993499756,0.0024967193603515625,0.01485411822795868,0.08979249000549316,0.625964879989624,0.6284615993499756,0.05198436602950096,0.09438388794660568,0.3220508098602295,0.2771545648574829
44,S1,BWHvy,BS1,BS2,1,BS1,BS2,1,0.4535776674747467,0.36370649933815,-0.08987116813659668,0.030881833285093307,0.19385835528373718,0.180536687374115,0.2774658799171448,0.4535776674747467,0.3588276207447052,0.3658856153488159,0.36370649933815
44,S2,LatCrit,local,local,0,local,local,0,0.6342710256576538,0.7654999494552612,0.13122892379760742,0.04417039826512337,0.26245784759521484,0.6342710256576538,0.7654999494552612,0.23847037553787231,0.14494457840919495,0.1272585541009903,0.08955542743206024
44,S2,ComHvy,BS2,BS2,0,BS2,BS2,0,0.7437462210655212,0.8120377063751221,0.06829148530960083,0.014963224530220032,0.13658303022384644,0.1686275601387024,0.1161797046661377,0.08762627840042114,0.07178258895874023,0.7437462210655212,0.8120377063751221
44,S2,BWHvy,BS2,BS2,0,BS1,BS2,1,0.48126158118247986,0.4712977707386017,-0.009963810443878174,0.012524896301329136,0.1188669502735138,0.16741663217544556,0.22685015201568604,0.3513217270374298,0.30185210704803467,0.48126158118247986,0.4712977707386017
44,S3,LatCrit,BS1,BS1,0,BS1,BS1,0,0.744911789894104,0.7499405741691589,0.005028784275054932,0.010196393355727196,0.04671293497085571,0.20962125062942505,0.22794896364212036,0.744911789894104,0.7499405741691589,0.04546692594885826,0.022110486403107643
44,S3,ComHvy,local,local,0,local,local,0,0.7820842266082764,0.7848166227340698,0.002732396125793457,0.0006787425372749567,0.006377898622304201,0.7820842266082764,0.7848166227340698,0.20816898345947266,0.20862552523612976,0.0097467927262187,0.006557832006365061
44,S3,BWHvy,BS1,BS1,0,BS1,BS1,0,0.4450896680355072,0.40221649408340454,-0.04287317395210266,0.01237524300813675,0.1405738890171051,0.23048901557922363,0.300775945186615,0.4450896680355072,0.40221649408340454,0.32442131638526917,0.2970075309276581
44,S4,LatCrit,BS1,BS1,0,BS1,BS1,0,0.7603247165679932,0.8216698169708252,0.06134510040283203,0.03955494612455368,0.15426509082317352,0.10227638483047485,0.11806386709213257,0.7603247165679932,0.8216698169708252,0.1373988389968872,0.06026632711291313
44,S4,ComHvy,BS1,BS1,0,BS1,BS1,0,0.6228750348091125,0.6853031516075134,0.06242811679840088,0.008753124624490738,0.1248561292886734,0.24343955516815186,0.2033224105834961,0.6228750348091125,0.6853031516075134,0.13368535041809082,0.11137448251247406
44,S4,BWHvy,BS2,BS2,0,BS2,BS2,0,0.5153235197067261,0.5265904664993286,0.011266946792602539,0.011607139371335506,0.11570051312446594,0.1932939887046814,0.23987728357315063,0.29138249158859253,0.23353222012519836,0.5153235197067261,0.5265904664993286
44,S5,LatCrit,BS2,BS2,0,BS2,BS2,0,0.821192741394043,0.7746954560279846,-0.04649728536605835,0.009264804422855377,0.10344900190830231,0.14669817686080933,0.19842267036437988,0.03210904449224472,0.026881825178861618,0.821192741394043,0.7746954560279846
44,S5,ComHvy,local,local,0,local,local,0,0.7053683400154114,0.6898793578147888,-0.015488982200622559,0.03524789586663246,0.13319215178489685,0.7053683400154114,0.6898793578147888,0.08637143671512604,0.03526433929800987,0.20826022326946259,0.274856299161911
44,S5,BWHvy,BS1,BS1,0,BS1,BS1,0,0.4838363230228424,0.44439080357551575,-0.03944551944732666,0.015326270833611488,0.1358194351196289,0.14083296060562134,0.2087426781654358,0.4838363230228424,0.44439080357551575,0.37533071637153625,0.34686651825904846
44,S6,LatCrit,BS2,BS2,0,BS2,BS2,0,0.8031551837921143,0.8502575755119324,0.047102391719818115,0.020277295261621475,0.09420472383499146,0.11017829179763794,0.10850054025650024,0.08666646480560303,0.04124188795685768,0.8031551837921143,0.8502575755119324
44,S6,ComHvy,local,local,0,local,local,0,0.7543221116065979,0.8667994141578674,0.11247730255126953,0.04726608470082283,0.22495460510253906,0.7543221116065979,0.8667994141578674,0.16253484785556793,0.08050607144832611,0.08314304798841476,0.05269452556967735
44,S6,BWHvy,BS2,BS2,0,BS2,BS2,0,0.5409554243087769,0.4980832636356354,-0.04287216067314148,0.014551965519785881,0.1446116417646408,0.19034463167190552,0.26265043020248413,0.2686999440193176,0.2392662614583969,0.5409554243087769,0.4980832636356354
44,S7,LatCrit,BS2,BS2,0,BS2,BS1,1,0.7670207023620605,0.6232009530067444,-0.14381974935531616,0.05536402761936188,0.2921271324157715,0.058026254177093506,0.055782437324523926,0.17495307326316833,0.3210166394710541,0.7670207023620605,0.6232009530067444
44,S7,ComHvy,local,local,0,local,local,0,0.5438342094421387,0.7139941453933716,0.1701599359512329,0.06800049543380737,0.3403198719024658,0.5438342094421387,0.7139941453933716,0.05474170669913292,0.02449445240199566,0.4014241099357605,0.2615114152431488
44,S7,BWHvy,BS1,BS1,0,BS1,local,1,0.46304503083229065,0.4120224118232727,-0.051022619009017944,0.005935634486377239,0.10204526782035828,0.3518849015235901,0.3985878825187683,0.46304503083229065,0.4120224118232727,0.18507005274295807,0.18938972055912018
44,S8,LatCrit,BS2,BS2,0,BS2,BS2,0,0.5549497008323669,0.4887564778327942,-0.06619322299957275,0.030313491821289062,0.22524461150169373,0.27498507499694824,0.3876073956489563,0.17006516456604004,0.12363610416650772,0.5549497008323669,0.4887564778327942
44,S8,ComHvy,BS1,BS1,0,BS1,local,1,0.6778006553649902,0.5330023765563965,-0.14479827880859375,0.0481170192360878,0.2980710566043854,0.3161814212799072,0.4652169346809387,0.6778006553649902,0.5330023765563965,0.006017948500812054,0.0017806852702051401
44,S8,BWHvy,BS1,BS2,1,BS1,BS1,0,0.41783174872398376,0.36509376764297485,-0.05273798108100891,0.012901559472084045,0.15463057160377502,0.2591654062271118,0.2943897843360901,0.41783174872398376,0.34051647782325745,0.3230028450489044,0.36509376764297485
45,S1,LatCrit,local,local,0,local,BS1,1,0.5661067962646484,0.49073612689971924,-0.0753706693649292,0.01966152898967266,0.19076448678970337,0.5661067962646484,0.49073612689971924,0.36165764927864075,0.4570399224758148,0.07223551720380783,0.05222397297620773
45,S1,ComHvy,local,local,0,local,local,0,0.8213984966278076,0.8743102550506592,0.05291175842285156,0.01197945699095726,0.10582348704338074,0.8213984966278076,0.8743102550506592,0.09148762375116348,0.06910505890846252,0.0871138796210289,0.05658471956849098
45,S1,BWHvy,local,local,0,local,local,0,0.8296726942062378,0.7783445119857788,-0.051328182220458984,0.008121034130454063,0.10265633463859558,0.8296726942062378,0.7783445119857788,0.07628374546766281,0.09965299069881439,0.09404358267784119,0.1220024898648262
45,S2,LatCrit,local,local,0,local,local,0,0.5996330976486206,0.584235668182373,-0.015397429466247559,0.002094663679599762,0.042780857533216476,0.5996330976486206,0.584235668182373,0.017770469188690186,0.011777449399232864,0.3825964629650116,0.4039868712425232
45,S2,ComHvy,local,local,0,local,local,0,0.7480385303497314,0.7476134300231934,-0.00042510032653808594,0.001052573323249817,0.022465787827968597,0.7480385303497314,0.7476134300231934,0.16774317622184753,0.15693536400794983,0.084218330681324,0.09545120596885681
45,S2,BWHvy,local,local,0,local,local,0,0.6314199566841125,0.5483392477035522,-0.0830807089805603,0.01418948546051979,0.16616138815879822,0.6314199566841125,0.5483392477035522,0.11578510701656342,0.13908268511295319,0.25279495120048523,0.3125780522823334
45,S3,LatCrit,local,local,0,local,local,0,0.753015398979187,0.7148065567016602,-0.038208842277526855,0.005486898589879274,0.08541227132081985,0.753015398979187,0.7148065567016602,0.23377667367458344,0.27648279070854187,0.013207933865487576,0.008710619993507862
45,S3,ComHvy,BS1,BS1,0,BS1,BS1,0,0.5894222259521484,0.6738391518592834,0.08441692590713501,0.015920236706733704,0.16883385181427002,0.3852238059043884,0.3089228868484497,0.5894222259521484,0.6738391518592834,0.025353940203785896,0.017237937077879906
45,S3,BWHvy,local,local,0,local,local,0,0.775529146194458,0.7285187840461731,-0.04701036214828491,0.006184997037053108,0.09402067959308624,0.775529146194458,0.7285187840461731,0.09861838072538376,0.11155790835618973,0.12585251033306122,0.15992330014705658
45,S4,LatCrit,BS1,BS1,0,BS1,BS1,0,0.8700078129768372,0.9176420569419861,0.047634243965148926,0.01797584630548954,0.09526853263378143,0.10004317760467529,0.0717584490776062,0.8700078129768372,0.9176420569419861,0.029949020594358444,0.010599460452795029
45,S4,ComHvy,BS1,BS1,0,BS2,BS2,0,0.4508999288082123,0.46538424491882324,0.014484316110610962,0.012443430721759796,0.12428945302963257,0.26711905002593994,0.20497429370880127,0.4508999288082123,0.46538424491882324,0.28198105096817017,0.3296414315700531
45,S4,BWHvy,local,local,0,local,local,0,0.8146647810935974,0.7750125527381897,-0.039652228355407715,0.004998376592993736,0.07930444180965424,0.8146647810935974,0.7750125527381897,0.0476810596883297,0.05257922038435936,0.1376541703939438,0.17240822315216064
45,S5,LatCrit,local,local,0,local,local,0,0.8368425965309143,0.8111785650253296,-0.025664031505584717,0.009106174111366272,0.08005712926387787,0.8368425965309143,0.8111785650253296,0.08572938293218613,0.12575793266296387,0.07742803543806076,0.06306348741054535
45,S5,ComHvy,local,local,0,local,local,0,0.871955394744873,0.9055162668228149,0.033560872077941895,0.006609359756112099,0.06712177395820618,0.871955394744873,0.9055162668228149,0.0023350240662693977,0.0007552435272373259,0.12570959329605103,0.09372847527265549
45,S5,BWHvy,local,local,0,local,local,0,0.8005295395851135,0.7387279272079468,-0.06180161237716675,0.010507011786103249,0.1236032098531723,0.8005295395851135,0.7387279272079468,0.09263022989034653,0.1234261691570282,0.10684023052453995,0.13784588873386383
45,S6,LatCrit,BS2,BS2,0,BS2,BS2,0,0.7621940970420837,0.8677828311920166,0.10558873414993286,0.040707074105739594,0.21117748320102692,0.12313002347946167,0.06840425729751587,0.11467588692903519,0.06381290405988693,0.7621940970420837,0.8677828311920166
45,S6,ComHvy,local,local,0,local,local,0,0.6923896074295044,0.6741746664047241,-0.018214941024780273,0.037779130041599274,0.14691650867462158,0.6923896074295044,0.6741746664047241,0.09571656584739685,0.04047325253486633,0.21189379692077637,0.28535205125808716
45,S6,BWHvy,local,local,0,local,local,0,0.7970378994941711,0.7445868253707886,-0.05245107412338257,0.007719719782471657,0.10490219295024872,0.7970378994941711,0.7445868253707886,0.09658893197774887,0.12587910890579224,0.10637315362691879,0.12953409552574158
45,S7,LatCrit,local,BS2,1,BS2,BS2,0,0.4511314034461975,0.46228963136672974,0.011158227920532227,0.03535092622041702,0.1973622441291809,0.4511314034461975,0.35245025157928467,0.10195951908826828,0.1852601170539856,0.4469091296195984,0.46228963136672974
45,S7,ComHvy,local,local,0,local,local,0,0.4504033923149109,0.5962933301925659,0.14588993787765503,0.05058968812227249,0.2917798161506653,0.4504033923149109,0.5962933301925659,0.43619099259376526,0.3449961841106415,0.11340557038784027,0.058710500597953796
45,S7,BWHvy,local,local,0,local,local,0,0.8307121992111206,0.8061891794204712,-0.024523019790649414,0.0019906051456928253,0.04904606193304062,0.8307121992111206,0.8061891794204712,0.1064680963754654,0.1219148263335228,0.062819704413414,0.0718960165977478
45,S8,LatCrit,local,local,0,local,local,0,0.748949408531189,0.7905796766281128,0.04163026809692383,0.007838303223252296,0.08326053619384766,0.748949408531189,0.7905796766281128,0.0708312913775444,0.04567654803395271,0.18021932244300842,0.163743793964386
45,S8,ComHvy,local,local,0,local,local,0,0.690402626991272,0.8113979697227478,0.12099534273147583,0.04209276661276817,0.24199068546295166,0.690402626991272,0.8113979697227478,0.23828275501728058,0.1427863985300064,0.07131461799144745,0.04581562429666519
45,S8,BWHvy,local,local,0,local,local,0,0.7497624158859253,0.6805402040481567,-0.06922221183776855,0.011998875997960567,0.1384444534778595,0.7497624158859253,0.6805402040481567,0.1644851118326187,0.21926788985729218,0.08575247973203659,0.10019194334745407
46,S1,LatCrit,local,local,0,BS2,BS2,0,0.4081588387489319,0.4137592315673828,0.005600392818450928,0.0007391581311821938,0.031132444739341736,0.4081588387489319,0.4137592315673828,0.2235240489244461,0.20795780420303345,0.3683171272277832,0.37828293442726135
46,S1,ComHvy,BS1,BS1,0,BS1,BS1,0,0.8428921699523926,0.8854605555534363,0.0425683856010437,0.008134357631206512,0.08513670414686203,0.13909196853637695,0.10090112686157227,0.8428921699523926,0.8854605555534363,0.01801588200032711,0.013638404197990894
46,S1,BWHvy,BS2,BS2,0,BS2,BS2,0,0.48748937249183655,0.6120473742485046,0.12455800175666809,0.05801049619913101,0.30996257066726685,0.4016537070274353,0.24667245149612427,0.11085692048072815,0.14128021895885468,0.48748937249183655,0.6120473742485046
46,S2,LatCrit,BS2,BS2,0,BS2,BS2,0,0.6226809024810791,0.7118446826934814,0.08916378021240234,0.021307766437530518,0.17832757532596588,0.2353612780570984,0.16208672523498535,0.1419578492641449,0.1260686069726944,0.6226809024810791,0.7118446826934814
46,S2,ComHvy,local,local,0,local,local,0,0.6539474129676819,0.7251269817352295,0.07117956876754761,0.019207298755645752,0.14235913753509521,0.6539474129676819,0.7251269817352295,0.3353349566459656,0.2727885842323303,0.010717622004449368,0.0020844265818595886
46,S2,BWHvy,BS2,BS2,0,BS2,BS2,0,0.4470463693141937,0.518040657043457,0.0709942877292633,0.03639195114374161,0.2311812937259674,0.3233230710029602,0.2077324390411377,0.22963052988052368,0.2742269039154053,0.4470463693141937,0.518040657043457
46,S3,LatCrit,local,local,0,local,local,0,0.8102617859840393,0.7280458807945251,-0.08221590518951416,0.018405381590127945,0.1644318401813507,0.8102617859840393,0.7280458807945251,0.07920801639556885,0.11177297681570053,0.11053017526865005,0.16018114984035492
46,S3,ComHvy,BS1,BS2,1,BS1,BS2,1,0.5531692504882812,0.5514888763427734,-0.0016803741455078125,0.13248120248317719,0.5006343126296997,0.14565902948379517,0.11587947607040405,0.5531692504882812,0.3326316475868225,0.3011717200279236,0.5514888763427734
46,S3,BWHvy,local,local,0,local,local,0,0.5208714008331299,0.3978164792060852,-0.12305492162704468,0.030856341123580933,0.24610988795757294,0.5208714008331299,0.3978164792060852,0.19352954626083374,0.24371014535427094,0.285599023103714,0.35847339034080505
46,S4,LatCrit,local,local,0,local,local,0,0.5145615339279175,0.4810953736305237,-0.0334661602973938,0.0028897016309201717,0.07563024759292603,0.5145615339279175,0.4810953736305237,0.4274512827396393,0.4652664363384247,0.05798716098070145,0.05363823100924492
46,S4,ComHvy,BS1,BS1,0,BS2,BS2,0,0.47606346011161804,0.5012556910514832,0.025192230939865112,0.0023226547054946423,0.05038440227508545,0.20097827911376953,0.17610955238342285,0.47606346011161804,0.5012556910514832,0.32295823097229004,0.3226347863674164
46,S4,BWHvy,local,local,0,local,local,0,0.5837321281433105,0.4335172176361084,-0.15021491050720215,0.04557349532842636,0.3004298508167267,0.5837321281433105,0.4335172176361084,0.156219482421875,0.2203863561153412,0.26004838943481445,0.3460964560508728
46,S5,LatCrit,local,BS1,1,local,BS1,1,0.3363427519798279,0.5655045509338379,0.22916179895401,0.10836032032966614,0.46250611543655396,0.3363427519798279,0.217609703540802,0.3342514932155609,0.5655045509338379,0.3294057250022888,0.2168857306241989
46,S5,ComHvy,local,local,0,local,local,0,0.8035249710083008,0.8431844115257263,0.03965944051742554,0.0056914761662483215,0.07931887358427048,0.8035249710083008,0.8431844115257263,0.0009621681529097259,0.0004631370829883963,0.19551287591457367,0.1563524752855301
46,S5,BWHvy,local,local,0,local,local,0,0.5271594524383545,0.33754515647888184,-0.18961429595947266,0.0805957019329071,0.3792285621166229,0.5271594524383545,0.33754515647888184,0.20559801161289215,0.3362792134284973,0.26724258065223694,0.32617563009262085
46,S6,LatCrit,local,BS2,1,local,local,0,0.5061661005020142,0.508490264415741,0.0023241639137268066,0.005164358764886856,0.0992947667837143,0.5061661005020142,0.4565187096595764,0.028261201456189156,0.03499102592468262,0.465572714805603,0.508490264415741
46,S6,ComHvy,local,local,0,local,local,0,0.7564899325370789,0.8434349298477173,0.08694499731063843,0.027912728488445282,0.17388999462127686,0.7564899325370789,0.8434349298477173,0.00674793403595686,0.0015460620634257793,0.236762136220932,0.15501901507377625
46,S6,BWHvy,local,BS2,1,local,BS2,1,0.5237318277359009,0.3970229923725128,-0.12670883536338806,0.06982476264238358,0.36156341433525085,0.5237318277359009,0.34295016527175903,0.2059887945652008,0.26002687215805054,0.27027931809425354,0.3970229923725128
46,S7,LatCrit,local,local,0,local,local,0,0.8820266127586365,0.8964987993240356,0.01447218656539917,0.001488937996327877,0.02894440107047558,0.8820266127586365,0.8964987993240356,0.09495896846055984,0.08655532449483871,0.023014437407255173,0.016945866867899895
46,S7,ComHvy,BS2,BS2,0,BS2,BS2,0,0.5696650147438049,0.5647886991500854,-0.004876315593719482,0.07430462539196014,0.254177451133728,0.31999045610427856,0.19777804613113403,0.1103445291519165,0.2374332696199417,0.5696650147438049,0.5647886991500854
46,S7,BWHvy,local,local,0,local,BS2,1,0.5768242478370667,0.4262470602989197,-0.15057718753814697,0.045703038573265076,0.30115440487861633,0.5768242478370667,0.4262470602989197,0.16659148037433624,0.22298268973827362,0.2565842568874359,0.3507702648639679
46,S8,LatCrit,BS1,BS1,0,BS1,BS1,0,0.4067133665084839,0.5412863492965698,0.13457298278808594,0.05032473802566528,0.2691459357738495,0.3999403119087219,0.3528783917427063,0.4067133665084839,0.5412863492965698,0.1933462768793106,0.10583524405956268
46,S8,ComHvy,local,local,0,local,local,0,0.8322882652282715,0.8347138166427612,0.002425551414489746,0.019283456727862358,0.07845717668533325,0.8322882652282715,0.8347138166427612,0.08782004565000534,0.048591453582048416,0.07989171147346497,0.11669474095106125
46,S8,BWHvy,local,BS2,1,local,BS2,1,0.5382025837898254,0.5105430483818054,-0.02765953540802002,0.06076395511627197,0.3430611789226532,0.5382025837898254,0.36667197942733765,0.08607093244791031,0.12278495728969574,0.37572649121284485,0.5105430483818054
47,S1,LatCrit,local,local,0,local,local,0,0.6496391296386719,0.6553235054016113,0.005684375762939453,0.01620340347290039,0.08334745466709137,0.6496391296386719,0.6553235054016113,0.2586217522621155,0.2946111559867859,0.09173906594514847,0.05006538704037666
47,S1,ComHvy,BS2,BS2,0,BS2,BS2,0,0.5723681449890137,0.6450066566467285,0.07263851165771484,0.013821184635162354,0.14527703821659088,0.23540687561035156,0.17587167024612427,0.19222497940063477,0.17912165820598602,0.5723681449890137,0.6450066566467285
47,S1,BWHvy,BS1,BS1,0,BS1,BS1,0,0.5252154469490051,0.560701310634613,0.03548586368560791,0.006178848445415497,0.08672229945659637,0.2539515495300293,0.2618268132209778,0.5252154469490051,0.560701310634613,0.22083303332328796,0.17747186124324799
47,S2,LatCrit,BS1,BS1,0,BS1,BS1,0,0.8440802097320557,0.7136270403862,-0.1304531693458557,0.07323449850082397,0.29983997344970703,0.05168783664703369,0.032221078872680664,0.8440802097320557,0.7136270403862,0.10423187911510468,0.25415194034576416
47,S2,ComHvy,local,local,0,local,local,0,0.7939099669456482,0.8358989357948303,0.04198896884918213,0.017573105171322823,0.08397796005010605,0.7939099669456482,0.8358989357948303,0.01824825070798397,0.003779423190280795,0.18784178793430328,0.16032162308692932
47,S2,BWHvy,local,local,0,local,local,0,0.3483724594116211,0.3484652638435364,9.28044319152832e-05,0.00018907897174358368,0.015778273344039917,0.3483724594116211,0.3484652638435364,0.33152884244918823,0.3393251895904541,0.3200986981391907,0.3122095763683319
47,S3,LatCrit,local,local,0,local,BS1,1,0.589288592338562,0.5033925771713257,-0.08589601516723633,0.09279795736074448,0.32030341029167175,0.589288592338562,0.5033925771713257,0.30550506711006165,0.46565675735473633,0.10520634800195694,0.030950648710131645
47,S3,ComHvy,local,local,0,local,local,0,0.7446629405021667,0.6067047119140625,-0.13795822858810425,0.051563434302806854,0.29053688049316406,0.7446629405021667,0.6067047119140625,0.19699636101722717,0.3422648012638092,0.058340687304735184,0.051030468195676804
47,S3,BWHvy,local,local,0,local,local,0,0.5248220562934875,0.5402450561523438,0.015422999858856201,0.0010243537835776806,0.04130643606185913,0.5248220562934875,0.5402450561523438,0.3095743954181671,0.28892117738723755,0.16560354828834534,0.1708337664604187
47,S4,LatCrit,BS1,BS1,0,BS1,BS1,0,0.4331713914871216,0.43590614199638367,0.002734750509262085,0.05335024744272232,0.2407180517911911,0.26344889402389526,0.3810731768608093,0.4331713914871216,0.43590614199638367,0.30337971448898315,0.1830206960439682
47,S4,ComHvy,BS1,BS1,0,BS1,BS1,0,0.3470477759838104,0.44006460905075073,0.09301683306694031,0.10331055521965027,0.35817521810531616,0.3325205445289612,0.41859132051467896,0.3470477759838104,0.44006460905075073,0.3204316794872284,0.1413440704345703
47,S4,BWHvy,local,local,0,local,local,0,0.45913416147232056,0.47603392601013184,0.01689976453781128,0.002226167358458042,0.059207528829574585,0.45913416147232056,0.47603392601013184,0.2923188805580139,0.2627151310443878,0.24854692816734314,0.26125094294548035
47,S5,LatCrit,BS2,BS2,0,BS2,BS2,0,0.8841618299484253,0.8980813026428223,0.013919472694396973,0.001203266903758049,0.028615467250347137,0.10366791486740112,0.08936017751693726,0.012170222587883472,0.012558478862047195,0.8841618299484253,0.8980813026428223
47,S5,ComHvy,local,local,0,local,BS1,1,0.6666529178619385,0.605004072189331,-0.06164884567260742,0.008423416875302792,0.12329767644405365,0.6666529178619385,0.605004072189331,0.31936442852020264,0.37484127283096313,0.013982695527374744,0.02015467919409275
47,S5,BWHvy,local,local,0,BS1,BS1,0,0.36360490322113037,0.37181663513183594,0.008211731910705566,0.00027138739824295044,0.021287769079208374,0.36360490322113037,0.37181663513183594,0.34007197618484497,0.329428106546402,0.29632312059402466,0.2987552881240845
47,S6,LatCrit,BS1,BS1,0,BS1,BS1,0,0.5607439875602722,0.5306011438369751,-0.03014284372329712,0.003216385841369629,0.06676022708415985,0.2244197130203247,0.2211824655532837,0.5607439875602722,0.5306011438369751,0.21483628451824188,0.2482164204120636
47,S6,ComHvy,local,local,0,local,local,0,0.8765476942062378,0.9362556338310242,0.05970793962478638,0.024988779798150063,0.11941590160131454,0.8765476942062378,0.9362556338310242,0.11986321210861206,0.06300234794616699,0.003589092055335641,0.0007419930188916624
47,S6,BWHvy,local,local,0,local,local,0,0.4467480182647705,0.4494219422340393,0.002673923969268799,0.0025722477585077286,0.05541782081127167,0.4467480182647705,0.4494219422340393,0.21066635847091675,0.2357013076543808,0.34258565306663513,0.3148767054080963
47,S7,LatCrit,local,local,0,local,local,0,0.5592764616012573,0.6398914456367493,0.08061498403549194,0.05103999376296997,0.16152423620224,0.5592764616012573,0.6398914456367493,0.1295798271894455,0.04881773516535759,0.3111436665058136,0.31129083037376404
47,S7,ComHvy,BS2,BS2,0,BS2,BS2,0,0.8931472897529602,0.8649899959564209,-0.028157293796539307,0.021724749356508255,0.09832972288131714,0.06661480665206909,0.04560726881027222,0.040237877517938614,0.08940277248620987,0.8931472897529602,0.8649899959564209
47,S7,BWHvy,local,local,0,local,local,0,0.4855192303657532,0.47667330503463745,-0.008845925331115723,0.0012318352237343788,0.043436020612716675,0.4855192303657532,0.47667330503463745,0.3077072501182556,0.32942527532577515,0.2067735195159912,0.1939014494419098
47,S8,LatCrit,BS2,BS2,0,BS2,BS2,0,0.7057124376296997,0.7718303203582764,0.06611788272857666,0.015342630445957184,0.1322358101606369,0.23893654346466064,0.1980796456336975,0.05535098537802696,0.030089957639575005,0.7057124376296997,0.7718303203582764
47,S8,ComHvy,local,local,0,local,local,0,0.6483984589576721,0.6904447078704834,0.04204624891281128,0.009468570351600647,0.08409254252910614,0.6483984589576721,0.6904447078704834,0.3377859890460968,0.30519619584083557,0.013815571554005146,0.004359075333923101
47,S8,BWHvy,local,local,0,local,BS2,1,0.42406249046325684,0.3608202338218689,-0.06324225664138794,0.014207606203854084,0.1499442756175995,0.42406249046325684,0.3608202338218689,0.27293720841407776,0.3479093313217163,0.3030003011226654,0.2912704050540924
48,S1,LatCrit,local,local,0,local,local,0,0.7312368154525757,0.7825610637664795,0.05132424831390381,0.007380947470664978,0.10264848917722702,0.7312368154525757,0.7825610637664795,0.07936665415763855,0.06569378823041916,0.18939651548862457,0.15174514055252075
48,S1,ComHvy,BS1,BS1,0,BS1,BS1,0,0.6445389986038208,0.6607130169868469,0.016174018383026123,0.0009603220969438553,0.03234805539250374,0.29581087827682495,0.2880598306655884,0.6445389986038208,0.6607130169868469,0.05965011566877365,0.05122712627053261
48,S1,BWHvy,BS1,BS1,0,local,BS1,1,0.3781537711620331,0.3922928273677826,0.014139056205749512,0.0071806833148002625,0.10423925518989563,0.3255907893180847,0.2734711766242981,0.3781537711620331,0.3922928273677826,0.2962554097175598,0.3342359960079193
48,S2,LatCrit,BS2,BS2,0,BS2,BS2,0,0.44184547662734985,0.5801250338554382,0.13827955722808838,0.038932859897613525,0.27655911445617676,0.4107530117034912,0.30240124464035034,0.14740149676799774,0.11747369915246964,0.44184547662734985,0.5801250338554382
48,S2,ComHvy,local,local,0,local,local,0,0.6296755075454712,0.6332757472991943,0.0036002397537231445,0.07592809200286865,0.1338682770729065,0.6296755075454712,0.6332757472991943,0.2875048816204071,0.3508388102054596,0.08281957358121872,0.015885470435023308
48,S2,BWHvy,BS1,BS1,0,BS1,BS1,0,0.45322325825691223,0.4486561715602875,-0.004567086696624756,0.006928388029336929,0.09124603867530823,0.3141016960144043,0.27304577827453613,0.45322325825691223,0.4486561715602875,0.23267501592636108,0.2782980501651764
48,S3,LatCrit,local,local,0,local,local,0,0.7269383072853088,0.5859325528144836,-0.1410057544708252,0.044936712831258774,0.28201156854629517,0.7269383072853088,0.5859325528144836,0.20470507442951202,0.3303842544555664,0.06835661083459854,0.08368321508169174
48,S3,ComHvy,local,local,0,local,BS2,1,0.6387119293212891,0.5458465814590454,-0.09286534786224365,0.019436493515968323,0.1932050883769989,0.6387119293212891,0.5458465814590454,0.021480530500411987,0.017743326723575592,0.33980751037597656,0.4364100396633148
48,S3,BWHvy,local,local,0,local,local,0,0.5942355394363403,0.5416065454483032,-0.05262899398803711,0.006640277802944183,0.10525801032781601,0.5942355394363403,0.5416065454483032,0.28404197096824646,0.30571186542510986,0.1217224970459938,0.1526816189289093
48,S4,LatCrit,local,local,0,local,local,0,0.5032774806022644,0.5967036485671997,0.0934261679649353,0.018554087728261948,0.1868523359298706,0.5032774806022644,0.5967036485671997,0.37156692147254944,0.31112247705459595,0.12515561282634735,0.09217389672994614
48,S4,ComHvy,BS1,BS1,0,BS1,BS1,0,0.6008099317550659,0.5600506067276001,-0.04075932502746582,0.0049266391433775425,0.08903279900550842,0.39025217294692993,0.43476855754852295,0.6008099317550659,0.5600506067276001,0.008937901817262173,0.005180809646844864
48,S4,BWHvy,BS1,BS1,0,BS1,BS1,0,0.46968570351600647,0.48391371965408325,0.014228016138076782,0.0016406476497650146,0.05193887650966644,0.4226728081703186,0.3967033624649048,0.46968570351600647,0.48391371965408325,0.10764150321483612,0.11938291788101196
48,S5,LatCrit,BS2,BS2,0,BS2,BS1,1,0.6764079332351685,0.48398831486701965,-0.1924196183681488,0.12602442502975464,0.47665926814079285,0.11443758010864258,0.06852757930755615,0.20915447175502777,0.4474841356277466,0.6764079332351685,0.48398831486701965
48,S5,ComHvy,local,local,0,local,local,0,0.5813949108123779,0.5629976987838745,-0.018397212028503418,0.0010130712762475014,0.03679443895816803,0.5813949108123779,0.5629976987838745,0.15747909247875214,0.17276766896247864,0.26112598180770874,0.26423463225364685
48,S5,BWHvy,local,BS1,1,BS1,BS1,0,0.4196019172668457,0.4382503926753998,0.018648475408554077,0.011471722275018692,0.143091082572937,0.4196019172668457,0.3480563759803772,0.37881192564964294,0.4382503926753998,0.20158617198467255,0.21369324624538422
48,S6,LatCrit,BS2,BS2,0,BS2,BS2,0,0.517187774181366,0.5422309041023254,0.025043129920959473,0.0032209884375333786,0.07197928428649902,0.30452144145965576,0.26853179931640625,0.17829076945781708,0.18923728168010712,0.517187774181366,0.5422309041023254
48,S6,ComHvy,local,local,0,local,local,0,0.8255187273025513,0.884148120880127,0.058629393577575684,0.017805002629756927,0.11725879460573196,0.8255187273025513,0.884148120880127,0.027519721537828445,0.01138613373041153,0.1469615250825882,0.10446571558713913
48,S6,BWHvy,local,BS2,1,local,local,0,0.4414864778518677,0.38606250286102295,-0.05542397499084473,0.023724228143692017,0.20503948628902435,0.4414864778518677,0.3660546541213989,0.27497076988220215,0.24788282811641693,0.28354278206825256,0.38606250286102295
48,S7,LatCrit,local,local,0,local,local,0,0.6756453514099121,0.7297825813293457,0.054137229919433594,0.010728718712925911,0.108274444937706,0.6756453514099121,0.7297825813293457,0.09919115155935287,0.06500787287950516,0.22516344487667084,0.20520950853824615
48,S7,ComHvy,BS1,BS1,0,BS1,BS1,0,0.524705171585083,0.7040383219718933,0.1793331503868103,0.07100768387317657,0.3586663603782654,0.06049877405166626,0.03991854190826416,0.524705171585083,0.7040383219718933,0.4147960841655731,0.25604310631752014
48,S7,BWHvy,local,local,0,local,local,0,0.4884647727012634,0.43813222646713257,-0.05033254623413086,0.005951661616563797,0.10066509246826172,0.4884647727012634,0.43813222646713257,0.3053685426712036,0.3195107877254486,0.20616666972637177,0.24235697090625763
48,S8,LatCrit,local,local,0,BS1,BS1,0,0.440886914730072,0.4905935525894165,0.04970663785934448,0.09074871242046356,0.3186308443546295,0.440886914730072,0.4905935525894165,0.2653270363807678,0.3749358355998993,0.29378601908683777,0.1344706118106842
48,S8,ComHvy,local,local,0,local,local,0,0.8937098383903503,0.8947905898094177,0.0010807514190673828,0.004645222797989845,0.02994753234088421,0.8937098383903503,0.8947905898094177,0.08439372479915619,0.06941995769739151,0.021896420046687126,0.03578943386673927
48,S8,BWHvy,local,BS2,1,BS2,BS2,0,0.4063223600387573,0.3653659224510193,-0.04095643758773804,0.024718083441257477,0.20953303575515747,0.4063223600387573,0.301555871963501,0.2865564823150635,0.3330782353878021,0.3071211278438568,0.3653659224510193
49,S1,LatCrit,local,local,0,local,local,0,0.6234679222106934,0.6471999883651733,0.02373206615447998,0.0016599925002083182,0.04746416211128235,0.6234679222106934,0.6471999883651733,0.21347683668136597,0.19155313074588776,0.16305527091026306,0.1612468808889389
49,S1,ComHvy,local,local,0,local,local,0,0.7534136772155762,0.700298547744751,-0.053115129470825195,0.0435962900519371,0.19754239916801453,0.7534136772155762,0.700298547744751,0.16198848187923431,0.2607596814632416,0.08459782600402832,0.03894176334142685
49,S1,BWHvy,local,local,0,local,local,0,0.6596738696098328,0.7148792743682861,0.05520540475845337,0.01351705938577652,0.11370228230953217,0.6596738696098328,0.7148792743682861,0.18185573816299438,0.1250045895576477,0.15847039222717285,0.16011612117290497
49,S2,LatCrit,local,local,0,local,local,0,0.558834433555603,0.5292917490005493,-0.02954268455505371,0.001868770457804203,0.059085361659526825,0.558834433555603,0.5292917490005493,0.32960250973701477,0.34702324867248535,0.11156304180622101,0.12368497997522354
49,S2,ComHvy,local,BS1,1,local,BS1,1,0.4095795750617981,0.5195287466049194,0.10994917154312134,0.032279934734106064,0.2275831401348114,0.4095795750617981,0.3620302677154541,0.4057371914386749,0.5195287466049194,0.18468326330184937,0.11844099313020706
49,S2,BWHvy,local,local,0,BS2,local,1,0.5027081966400146,0.5728662014007568,0.07015800476074219,0.009980499744415283,0.14031609892845154,0.5027081966400146,0.5728662014007568,0.23316125571727753,0.19803112745285034,0.2641305923461914,0.22910262644290924
49,S3,LatCrit,local,local,0,local,local,0,0.7309845089912415,0.6903042793273926,-0.04068022966384888,0.005537141114473343,0.09022519737482071,0.7309845089912415,0.6903042793273926,0.015915043652057648,0.011482657864689827,0.2531004548072815,0.29821303486824036
49,S3,ComHvy,local,local,0,local,local,0,0.5439411401748657,0.5955520868301392,0.05161094665527344,0.005693405866622925,0.10322195291519165,0.5439411401748657,0.5955520868301392,0.27701207995414734,0.2393869161605835,0.17904680967330933,0.16506096720695496
49,S3,BWHvy,local,local,0,local,local,0,0.6887366771697998,0.7435283660888672,0.05479168891906738,0.007916230708360672,0.10958341509103775,0.6887366771697998,0.7435283660888672,0.1898491531610489,0.16248458623886108,0.1214141771197319,0.09398701786994934
49,S4,LatCrit,BS2,BS2,0,BS1,local,1,0.4210427701473236,0.4213618338108063,0.000319063663482666,0.014149067923426628,0.12777402997016907,0.2674371600151062,0.3310050964355469,0.3115200996398926,0.24763306975364685,0.4210427701473236,0.4213618338108063
49,S4,ComHvy,BS1,BS1,0,BS1,BS1,0,0.3942699730396271,0.5071247816085815,0.11285480856895447,0.025710679590702057,0.22570960223674774,0.29591888189315796,0.24449044466018677,0.3942699730396271,0.5071247816085815,0.30981114506721497,0.24838478863239288
49,S4,BWHvy,local,local,0,local,local,0,0.4902663826942444,0.5406769514083862,0.050410568714141846,0.005326647311449051,0.1008211225271225,0.4902663826942444,0.5406769514083862,0.3507933020591736,0.3096630275249481,0.15894033014774323,0.14966005086898804
49,S5,LatCrit,local,local,0,local,local,0,0.6562893390655518,0.6473102569580078,-0.008979082107543945,0.009268144145607948,0.05556882545351982,0.6562893390655518,0.6473102569580078,0.03537347912788391,0.016568142920732498,0.30833718180656433,0.3361215889453888
49,S5,ComHvy,BS1,BS1,0,BS1,BS1,0,0.7481117844581604,0.7559890151023865,0.007877230644226074,0.0221638735383749,0.10383234173059464,0.2126902937889099,0.1607741117477417,0.7481117844581604,0.7559890151023865,0.03919793665409088,0.08323686569929123
49,S5,BWHvy,local,local,0,local,local,0,0.5732681751251221,0.6390420198440552,0.0657738447189331,0.009498922154307365,0.1315477341413498,0.5732681751251221,0.6390420198440552,0.24001723527908325,0.19592885673046112,0.18671460449695587,0.16502909362316132
49,S6,LatCrit,BS1,BS1,0,BS1,BS1,0,0.6309798955917358,0.5752546191215515,-0.055725276470184326,0.0069278534501791,0.11145050823688507,0.15797513723373413,0.19265401363372803,0.6309798955917358,0.5752546191215515,0.21104499697685242,0.23209135234355927
49,S6,ComHvy,local,local,0,local,local,0,0.9064033031463623,0.9500818848609924,0.04367858171463013,0.01677723042666912,0.08735721558332443,0.9064033031463623,0.9500818848609924,0.06599076837301254,0.037677936255931854,0.027605950832366943,0.01224015187472105
49,S6,BWHvy,local,local,0,local,local,0,0.5672988891601562,0.5942195653915405,0.026920676231384277,0.003211007220670581,0.05697445571422577,0.5672988891601562,0.5942195653915405,0.17612171173095703,0.14763446152210236,0.2565794587135315,0.2581459879875183
49,S7,LatCrit,local,local,0,local,local,0,0.5577608346939087,0.5815331935882568,0.023772358894348145,0.0012888270430266857,0.04754473268985748,0.5577608346939087,0.5815331935882568,0.3629761338233948,0.33946922421455383,0.07926306128501892,0.07899759709835052
49,S7,ComHvy,BS2,BS2,0,BS2,BS2,0,0.9209610223770142,0.9602211117744446,0.03926008939743042,0.018167365342378616,0.07852012664079666,0.06047618389129639,0.03408527374267578,0.018562765792012215,0.005693637300282717,0.9209610223770142,0.9602211117744446
49,S7,BWHvy,local,local,0,local,local,0,0.5913320779800415,0.6138942241668701,0.022562146186828613,0.0036314651370048523,0.06867021322250366,0.5913320779800415,0.6138942241668701,0.2308729737997055,0.19653788208961487,0.1777949184179306,0.18956789374351501
49,S8,LatCrit,local,local,0,local,local,0,0.7444326877593994,0.8319074511528015,0.0874747633934021,0.026733361184597015,0.1749494969844818,0.7444326877593994,0.8319074511528015,0.060271669179201126,0.04985455423593521,0.19529561698436737,0.11823800206184387
49,S8,ComHvy,local,local,0,local,local,0,0.8037772178649902,0.8103572130203247,0.006579995155334473,0.0028511304408311844,0.03936849161982536,0.8037772178649902,0.8103572130203247,0.06064971163868904,0.0737539604306221,0.13557307422161102,0.11588882654905319
49,S8,BWHvy,local,BS2,1,BS2,BS2,0,0.45036375522613525,0.5001032948493958,0.0497395396232605,0.01611015945672989,0.1419438272714615,0.45036375522613525,0.42182445526123047,0.12050488591194153,0.07807229459285736,0.4291313588619232,0.5001032948493958
50,S1,LatCrit,local,local,0,local,local,0,0.7366616725921631,0.7122983932495117,-0.024363279342651367,0.0032676681876182556,0.057537928223609924,0.7366616725921631,0.7122983932495117,0.1334148496389389,0.1290091872215271,0.12992344796657562,0.15869243443012238
50,S1,ComHvy,local,local,0,local,local,0,0.7002393007278442,0.6827670931816101,-0.01747220754623413,0.00154042337089777,0.034944403916597366,0.7002393007278442,0.6827670931816101,0.02832287922501564,0.03734432905912399,0.2714378237724304,0.2798885703086853
50,S1,BWHvy,local,local,0,local,local,0,0.616504430770874,0.5097789764404297,-0.10672545433044434,0.02468017488718033,0.21345092356204987,0.616504430770874,0.5097789764404297,0.22386933863162994,0.26357555389404297,0.15962621569633484,0.22664546966552734
50,S2,LatCrit,local,local,0,local,local,0,0.7053894996643066,0.6657523512840271,-0.03963714838027954,0.0037050091195851564,0.07927431166172028,0.7053894996643066,0.6657523512840271,0.27831223607063293,0.3176693320274353,0.016298262402415276,0.016578329727053642
50,S2,ComHvy,local,local,0,local,local,0,0.8287240266799927,0.8102890253067017,-0.018435001373291016,0.05447714775800705,0.1544460654258728,0.8287240266799927,0.8102890253067017,0.03618147224187851,0.11340451240539551,0.1350945085287094,0.07630649209022522
50,S2,BWHvy,local,BS1,1,BS1,BS1,0,0.438510000705719,0.47343185544013977,0.034921854734420776,0.01396675780415535,0.15202485024929047,0.438510000705719,0.36249756813049316,0.4362221658229828,0.47343185544013977,0.1252678483724594,0.16407057642936707
50,S3,LatCrit,BS2,BS2,0,BS2,BS2,0,0.38711050152778625,0.48676082491874695,0.0996503233909607,0.020177021622657776,0.1993006318807602,0.38241344690322876,0.32464343309402466,0.23047606647014618,0.18859577178955078,0.38711050152778625,0.48676082491874695
50,S3,ComHvy,local,local,0,local,local,0,0.5554558038711548,0.6135697364807129,0.058113932609558105,0.010375458747148514,0.11622792482376099,0.5554558038711548,0.6135697364807129,0.025985009968280792,0.013118157163262367,0.4185592234134674,0.3733120858669281
50,S3,BWHvy,local,local,0,local,BS1,1,0.524567186832428,0.4454721212387085,-0.07909506559371948,0.014322467148303986,0.15819011628627777,0.524567186832428,0.4454721212387085,0.3349113464355469,0.41176411509513855,0.14052145183086395,0.14276373386383057
50,S4,LatCrit,local,local,0,local,local,0,0.8442816734313965,0.878593921661377,0.03431224822998047,0.005145851522684097,0.06862452626228333,0.8442816734313965,0.878593921661377,0.012947914190590382,0.00957103818655014,0.1427704095840454,0.11183501034975052
50,S4,ComHvy,BS1,BS1,0,BS1,BS1,0,0.8060464859008789,0.8639200329780579,0.057873547077178955,0.021787874400615692,0.11574704945087433,0.1709490418434143,0.13010209798812866,0.8060464859008789,0.8639200329780579,0.0230044387280941,0.0059778811410069466
50,S4,BWHvy,local,local,0,BS1,BS1,0,0.5087258815765381,0.4649583697319031,-0.04376751184463501,0.003940047696232796,0.08753502368927002,0.5087258815765381,0.4649583697319031,0.39194080233573914,0.4224625825881958,0.09933328628540039,0.11257901787757874
50,S5,LatCrit,local,local,0,local,local,0,0.533645749092102,0.5238683223724365,-0.009777426719665527,0.0014718014281243086,0.019914420321583748,0.533645749092102,0.5238683223724365,0.029415903612971306,0.03937309980392456,0.4369383454322815,0.43675854802131653
50,S5,ComHvy,BS1,BS1,0,BS1,BS1,0,0.7882300019264221,0.7879783511161804,-0.0002516508102416992,0.0007997979409992695,0.011239331215620041,0.19361931085586548,0.18825125694274902,0.7882300019264221,0.7879783511161804,0.01815071702003479,0.023770343512296677
50,S5,BWHvy,BS1,BS1,0,BS2,BS1,1,0.43124356865882874,0.5359252095222473,0.10468164086341858,0.0223960243165493,0.20936322212219238,0.38725900650024414,0.3075307607650757,0.43124356865882874,0.5359252095222473,0.18149739503860474,0.1565440595149994
50,S6,LatCrit,local,local,0,local,local,0,0.5069817304611206,0.5093787312507629,0.002397000789642334,0.005228228867053986,0.0705939531326294,0.5069817304611206,0.5093787312507629,0.29061320424079895,0.3235131800174713,0.20240508019924164,0.16710810363292694
50,S6,ComHvy,BS1,BS1,0,BS1,BS1,0,0.5588693022727966,0.6882418990135193,0.12937259674072266,0.042159199714660645,0.2587451934814453,0.28179413080215454,0.22175848484039307,0.5588693022727966,0.6882418990135193,0.15933652222156525,0.08999957144260406
50,S6,BWHvy,local,BS2,1,local,local,0,0.475164532661438,0.3853071928024292,-0.08985733985900879,0.040861234068870544,0.25290995836257935,0.475164532661438,0.35855597257614136,0.2659832537174225,0.25613683462142944,0.2588522136211395,0.3853071928024292
50,S7,LatCrit,local,BS2,1,local,BS2,1,0.5133981108665466,0.5081561803817749,-0.0052419304847717285,0.04295849800109863,0.28939780592918396,0.5133981108665466,0.40496689081192017,0.12314462661743164,0.08687695115804672,0.36345726251602173,0.5081561803817749
50,S7,ComHvy,BS2,BS2,0,BS2,BS2,0,0.769010603427887,0.8509681820869446,0.08195757865905762,0.030125804245471954,0.16391518712043762,0.1691129207611084,0.12356895208358765,0.06187651678919792,0.025462867692112923,0.769010603427887,0.8509681820869446
50,S7,BWHvy,local,BS1,1,BS2,BS2,0,0.35447758436203003,0.37436074018478394,0.019883155822753906,0.00436745397746563,0.08717319369316101,0.35447758436203003,0.31089097261428833,0.34723448753356934,0.37436074018478394,0.298287957906723,0.31474828720092773
50,S8,LatCrit,local,local,0,local,local,0,0.9630953669548035,0.9719551205635071,0.008859753608703613,0.0016477033495903015,0.01771947368979454,0.9630953669548035,0.9719551205635071,0.028764910995960236,0.023327207192778587,0.008139703422784805,0.004717687144875526
50,S8,ComHvy,local,local,0,local,local,0,0.7568628787994385,0.8135615587234497,0.05669867992401123,0.01287810318171978,0.11339732259511948,0.7568628787994385,0.8135615587234497,0.2193712443113327,0.17567485570907593,0.023765867576003075,0.010763615369796753
50,S8,BWHvy,local,BS2,1,local,local,0,0.3924896717071533,0.3779642879962921,-0.014525383710861206,0.025717325508594513,0.1967136561870575,0.3924896717071533,0.3051663041114807,0.3279028534889221,0.3168694078922272,0.2796074450016022,0.3779642879962921
51,S1,LatCrit,BS1,local,1,local,local,0,0.49689367413520813,0.455566942691803,-0.04132673144340515,0.006134985014796257,0.10770563036203384,0.40171414613723755,0.455566942691803,0.49689367413520813,0.4463009536266327,0.10139220952987671,0.09813209623098373
51,S1,ComHvy,local,local,0,local,local,0,0.6310248374938965,0.7186622619628906,0.08763742446899414,0.02091771364212036,0.17527484893798828,0.6310248374938965,0.7186622619628906,0.15037190914154053,0.09759388118982315,0.218603253364563,0.18374386429786682
51,S1,BWHvy,BS1,BS1,0,BS1,BS1,0,0.5160296559333801,0.5268739461898804,0.010844290256500244,0.005875356495380402,0.08273862302303314,0.24084597826004028,0.2713710069656372,0.5160296559333801,0.5268739461898804,0.243124321103096,0.20175501704216003
51,S2,LatCrit,BS2,BS2,0,BS1,BS1,0,0.42549848556518555,0.3924110531806946,-0.03308743238449097,0.006085619330406189,0.10567593574523926,0.25257396697998047,0.2328234314918518,0.321927547454834,0.3747655153274536,0.42549848556518555,0.3924110531806946
51,S2,ComHvy,local,local,0,local,local,0,0.8933893442153931,0.8988071084022522,0.005417764186859131,0.0007060249336063862,0.010835510678589344,0.8933893442153931,0.8988071084022522,0.0011600444559007883,0.00034737525857053697,0.1054505929350853,0.10084551572799683
51,S2,BWHvy,BS1,BS1,0,BS1,BS1,0,0.49858182668685913,0.4975927472114563,-0.000989079475402832,0.0018889587372541428,0.04391765594482422,0.20042628049850464,0.22238510847091675,0.49858182668685913,0.4975927472114563,0.30099189281463623,0.28002214431762695
51,S3,LatCrit,BS1,BS1,0,BS1,BS1,0,0.7051505446434021,0.6944137811660767,-0.01073676347732544,0.01253541000187397,0.076997771859169,0.23525786399841309,0.273756742477417,0.7051505446434021,0.6944137811660767,0.05959157273173332,0.03182944655418396
51,S3,ComHvy,local,local,0,local,local,0,0.6733920574188232,0.6760855913162231,0.0026935338973999023,0.008304903283715248,0.05085109919309616,0.6733920574188232,0.6760855913162231,0.265081524848938,0.28781354427337646,0.06152644008398056,0.03610089421272278
51,S3,BWHvy,BS2,BS2,0,BS1,BS1,0,0.4131826162338257,0.40074601769447327,-0.012436598539352417,0.0011104336008429527,0.04311096668243408,0.2837950587272644,0.30535054206848145,0.3030223250389099,0.2939034402370453,0.4131826162338257,0.40074601769447327
51,S4,LatCrit,local,local,0,local,local,0,0.7769104242324829,0.8382757306098938,0.06136530637741089,0.01415436714887619,0.12273061275482178,0.7769104242324829,0.8382757306098938,0.09651707857847214,0.07917791604995728,0.12657247483730316,0.08254633098840714
51,S4,ComHvy,local,BS1,1,local,local,0,0.3857433795928955,0.3536250591278076,-0.03211832046508789,0.006012868136167526,0.09232461452484131,0.3857433795928955,0.34587180614471436,0.3599157929420471,0.3536250591278076,0.2543408274650574,0.300503134727478
51,S4,BWHvy,local,local,0,local,local,0,0.4485546350479126,0.49269282817840576,0.044138193130493164,0.0043411338701844215,0.08827641606330872,0.4485546350479126,0.49269282817840576,0.37499305605888367,0.3354811370372772,0.17645230889320374,0.17182600498199463
51,S5,LatCrit,BS2,BS2,0,BS2,BS2,0,0.6939905285835266,0.6035557985305786,-0.090434730052948,0.017823517322540283,0.18086951971054077,0.19756966829299927,0.2620561122894287,0.10843978822231293,0.13438813388347626,0.6939905285835266,0.6035557985305786
51,S5,ComHvy,local,local,0,local,local,0,0.6008045673370361,0.6445671319961548,0.04376256465911865,0.0068518053740262985,0.08752516657114029,0.6008045673370361,0.6445671319961548,0.3827041983604431,0.3475962281227112,0.016491279006004333,0.007836644537746906
51,S5,BWHvy,BS2,BS2,0,BS1,BS1,0,0.48003292083740234,0.4774757921695709,-0.002557128667831421,0.0024818710517138243,0.05332031846046448,0.2459242343902588,0.27258437871932983,0.2740428149700165,0.24993976950645447,0.48003292083740234,0.4774757921695709
51,S6,LatCrit,local,BS2,1,local,BS2,1,0.46489930152893066,0.4255892038345337,-0.03931009769439697,0.013416090980172157,0.1326030194759369,0.46489930152893066,0.398597776889801,0.12592044472694397,0.17581301927566528,0.40918028354644775,0.4255892038345337
51,S6,ComHvy,BS1,BS1,0,BS2,BS2,0,0.5069558024406433,0.6341291666030884,0.12717336416244507,0.034599773585796356,0.25434669852256775,0.03050476312637329,0.01748359203338623,0.5069558024406433,0.6341291666030884,0.4625394344329834,0.3483872711658478
51,S6,BWHvy,BS2,BS2,0,BS2,BS1,1,0.4670175611972809,0.4151982069015503,-0.05181935429573059,0.005703575909137726,0.1036386787891388,0.24527579545974731,0.2605799436569214,0.2877066731452942,0.3242218494415283,0.4670175611972809,0.4151982069015503
51,S7,LatCrit,BS2,BS2,0,local,BS2,1,0.49643343687057495,0.5216200351715088,0.025186598300933838,0.0028060730546712875,0.07095573842525482,0.3729991316795349,0.3375212550163269,0.13056746125221252,0.1408587247133255,0.49643343687057495,0.5216200351715088
51,S7,ComHvy,BS1,BS1,0,BS1,BS1,0,0.7741374969482422,0.8339076042175293,0.05977010726928711,0.011873789131641388,0.11954023689031601,0.1411239504814148,0.10263693332672119,0.7741374969482422,0.8339076042175293,0.0847385823726654,0.06345546990633011
51,S7,BWHvy,BS1,BS1,0,BS1,BS1,0,0.4278355836868286,0.39783546328544617,-0.030000120401382446,0.004175937734544277,0.0875302255153656,0.33054548501968384,0.37431061267852783,0.4278355836868286,0.39783546328544617,0.24161893129348755,0.2278539538383484
51,S8,LatCrit,local,local,0,local,local,0,0.6783972978591919,0.7631851434707642,0.08478784561157227,0.04871271178126335,0.17472632229328156,0.6783972978591919,0.7631851434707642,0.14967545866966248,0.062312304973602295,0.17192719876766205,0.17450252175331116
51,S8,ComHvy,BS1,BS1,0,BS1,BS1,0,0.5096405744552612,0.45447883009910583,-0.055161744356155396,0.034900449216365814,0.23339876532554626,0.3150358200073242,0.43173521757125854,0.5096405744552612,0.45447883009910583,0.17532360553741455,0.1137859895825386
51,S8,BWHvy,BS1,BS1,0,BS1,BS1,0,0.5238246321678162,0.5368342995643616,0.01300966739654541,0.017242897301912308,0.13913321495056152,0.17443609237670898,0.23099303245544434,0.5238246321678162,0.5368342995643616,0.30173924565315247,0.2321726381778717
52,S1,LatCrit,BS1,BS1,0,BS1,BS1,0,0.41880080103874207,0.48214542865753174,0.06334462761878967,0.019430464133620262,0.18697422742843628,0.40683990716934204,0.3133528232574463,0.41880080103874207,0.48214542865753174,0.1743592768907547,0.20450179278850555
52,S1,ComHvy,local,local,0,local,local,0,0.5628273487091064,0.6051788926124573,0.04235154390335083,0.027198374271392822,0.16973121464252472,0.5628273487091064,0.6051788926124573,0.22292856872081757,0.1380629688501358,0.2142440527677536,0.2567581236362457
52,S1,BWHvy,BS1,BS1,0,BS1,BS1,0,0.44136717915534973,0.4778914749622345,0.036524295806884766,0.002683747559785843,0.07304863631725311,0.36751049757003784,0.3427826166152954,0.44136717915534973,0.4778914749622345,0.19112235307693481,0.1793258935213089
52,S2,LatCrit,BS2,BS2,0,BS2,BS2,0,0.816178560256958,0.8334859609603882,0.017307400703430176,0.0015825703740119934,0.03789108991622925,0.14388704299926758,0.12494146823883057,0.03993440046906471,0.04157251492142677,0.816178560256958,0.8334859609603882
52,S2,ComHvy,local,local,0,local,local,0,0.641913890838623,0.6994560360908508,0.05754214525222778,0.020123116672039032,0.11508430540561676,0.641913890838623,0.6994560360908508,0.27999556064605713,0.2634924650192261,0.07809055596590042,0.0370514877140522
52,S2,BWHvy,local,local,0,local,local,0,0.5155476331710815,0.47059816122055054,-0.044949471950531006,0.004046032205224037,0.0898989886045456,0.5155476331710815,0.47059816122055054,0.19747371971607208,0.21570295095443726,0.2869786322116852,0.3136989176273346
52,S3,LatCrit,BS1,BS1,0,BS1,BS1,0,0.6909621357917786,0.6660808324813843,-0.024881303310394287,0.0014223908074200153,0.049762576818466187,0.2412658929824829,0.26192140579223633,0.6909621357917786,0.6660808324813843,0.0677720159292221,0.07199777662754059
52,S3,ComHvy,local,local,0,local,local,0,0.8335505127906799,0.8359555006027222,0.0024049878120422363,0.006509959697723389,0.03508928045630455,0.8335505127906799,0.8359555006027222,0.03942086920142174,0.021876215934753418,0.12702861428260803,0.14216825366020203
52,S3,BWHvy,local,local,0,local,local,0,0.4912780523300171,0.45892226696014404,-0.03235578536987305,0.002177479676902294,0.0647115707397461,0.4912780523300171,0.45892226696014404,0.28447604179382324,0.3071904480457306,0.22424592077732086,0.23388729989528656
52,S4,LatCrit,local,local,0,local,local,0,0.6569232940673828,0.7305078506469727,0.07358455657958984,0.023342547938227654,0.1471690982580185,0.6569232940673828,0.7305078506469727,0.1577407717704773,0.09195954352617264,0.1853359043598175,0.1775325983762741
52,S4,ComHvy,local,local,0,local,local,0,0.8177880644798279,0.8680958151817322,0.0503077507019043,0.01755426451563835,0.10061550885438919,0.8177880644798279,0.8680958151817322,0.17226563394069672,0.13032659888267517,0.009946290403604507,0.0015775692882016301
52,S4,BWHvy,local,local,0,local,local,0,0.6400589942932129,0.6181288957595825,-0.02193009853363037,0.0011489292373880744,0.04386015981435776,0.6400589942932129,0.6181288957595825,0.2663053274154663,0.28685587644577026,0.0936356782913208,0.09501519054174423
52,S5,LatCrit,local,local,0,local,local,0,0.5538429021835327,0.5576391220092773,0.003796219825744629,0.013290941715240479,0.11207075417041779,0.5538429021835327,0.5576391220092773,0.1879817098379135,0.24022085964679718,0.25817540287971497,0.20214001834392548
52,S5,ComHvy,local,local,0,local,local,0,0.8170425891876221,0.8507184982299805,0.0336759090423584,0.007622477598488331,0.0673518106341362,0.8170425891876221,0.8507184982299805,0.1770850270986557,0.14797353744506836,0.0058723678812384605,0.001307958853431046
52,S5,BWHvy,local,local,0,local,local,0,0.46342360973358154,0.439058780670166,-0.024364829063415527,0.005367264151573181,0.09465290606021881,0.46342360973358154,0.439058780670166,0.2784682810306549,0.3257947266101837,0.25810810923576355,0.23514647781848907
52,S6,LatCrit,local,local,0,local,local,0,0.8079447746276855,0.7241723537445068,-0.08377242088317871,0.021387390792369843,0.16754481196403503,0.8079447746276855,0.7241723537445068,0.09898083657026291,0.1640452891588211,0.09307439625263214,0.11178232729434967
52,S6,ComHvy,BS2,BS1,1,BS2,BS2,0,0.5581949949264526,0.49700987339019775,-0.06118512153625488,0.02082841843366623,0.1991773545742035,0.04438382387161255,0.030499160289764404,0.3974211812019348,0.49700987339019775,0.5581949949264526,0.47249099612236023
52,S6,BWHvy,local,local,0,BS1,BS1,0,0.41515570878982544,0.3953373432159424,-0.019818365573883057,0.012652061879634857,0.1400964856147766,0.41515570878982544,0.3953373432159424,0.3004179894924164,0.25018811225891113,0.2844262719154358,0.3544745147228241
52,S7,LatCrit,local,local,0,local,local,0,0.662223219871521,0.6531729102134705,-0.009050309658050537,0.014644905924797058,0.05714251846075058,0.662223219871521,0.6531729102134705,0.02855740673840046,0.009036445990204811,0.3092193901538849,0.3377906382083893
52,S7,ComHvy,BS1,BS1,0,BS1,BS1,0,0.786272406578064,0.7307385206222534,-0.05553388595581055,0.02278636395931244,0.15544703602790833,0.09048408269882202,0.0682944655418396,0.786272406578064,0.7307385206222534,0.12324347347021103,0.20096701383590698
52,S7,BWHvy,local,BS1,1,local,local,0,0.395652174949646,0.40123480558395386,0.005582630634307861,0.0020598089322447777,0.061662256717681885,0.395652174949646,0.3803653120994568,0.3704037070274353,0.40123480558395386,0.2339441478252411,0.21839985251426697
52,S8,LatCrit,local,local,0,BS1,BS1,0,0.6068673729896545,0.5674386024475098,-0.039428770542144775,0.005468613468110561,0.09745610505342484,0.6068673729896545,0.5674386024475098,0.2904544472694397,0.3391824960708618,0.10267816483974457,0.09337887912988663
52,S8,ComHvy,BS2,BS2,0,BS2,BS2,0,0.6721026301383972,0.6992753744125366,0.027172744274139404,0.002066720277070999,0.054345518350601196,0.02947133779525757,0.023285210132598877,0.2984260320663452,0.2774393856525421,0.6721026301383972,0.6992753744125366
52,S8,BWHvy,local,local,0,BS1,local,1,0.5338013172149658,0.5629559755325317,0.029154658317565918,0.0017620460130274296,0.058309316635131836,0.5338013172149658,0.5629559755325317,0.3227350413799286,0.2998262941837311,0.14346367120742798,0.13721776008605957
53,S1,LatCrit,BS2,BS2,0,BS1,BS1,0,0.39464712142944336,0.4764792323112488,0.08183211088180542,0.013620235025882721,0.16366416215896606,0.26414597034454346,0.23228222131729126,0.3412068784236908,0.29123857617378235,0.39464712142944336,0.4764792323112488
53,S1,ComHvy,local,local,0,local,local,0,0.6594306230545044,0.685293436050415,0.025862812995910645,0.0015836101956665516,0.05172565579414368,0.6594306230545044,0.685293436050415,0.2287847250699997,0.20875558257102966,0.11178465932607651,0.10595095902681351
53,S1,BWHvy,BS1,BS1,0,BS1,BS1,0,0.5142821073532104,0.45074698328971863,-0.06353512406349182,0.009397976100444794,0.12707026302814484,0.26248741149902344,0.27680790424346924,0.5142821073532104,0.45074698328971863,0.22323043644428253,0.27244508266448975
53,S2,LatCrit,BS2,BS2,0,BS2,BS2,0,0.614173412322998,0.6653109788894653,0.051137566566467285,0.010851141065359116,0.12259309738874435,0.2646138668060303,0.20331734418869019,0.1212126687169075,0.13137167692184448,0.614173412322998,0.6653109788894653
53,S2,ComHvy,local,local,0,local,local,0,0.479420006275177,0.5903420448303223,0.11092203855514526,0.14528900384902954,0.2218441218137741,0.479420006275177,0.5903420448303223,0.417310893535614,0.39800384640693665,0.10326910018920898,0.011654066853225231
53,S2,BWHvy,BS1,BS1,0,BS1,BS1,0,0.4390637278556824,0.41395196318626404,-0.025111764669418335,0.0013036653399467468,0.05022355914115906,0.1794528365135193,0.18577051162719727,0.4390637278556824,0.41395196318626404,0.38148340582847595,0.4002775251865387
53,S3,LatCrit,local,local,0,local,local,0,0.4802393913269043,0.5557018518447876,0.0754624605178833,0.011936850845813751,0.150924950838089,0.4802393913269043,0.5557018518447876,0.24509289860725403,0.19989518821239471,0.2746677100658417,0.2444029301404953
53,S3,ComHvy,local,local,0,local,local,0,0.5812778472900391,0.6491125226020813,0.06783467531204224,0.029884614050388336,0.1356693059206009,0.5812778472900391,0.6491125226020813,0.05240118131041527,0.016461890190839767,0.366320937871933,0.33442559838294983
53,S3,BWHvy,BS1,BS1,0,BS1,BS1,0,0.39940840005874634,0.37812766432762146,-0.021280735731124878,0.005107030272483826,0.089581698179245,0.24045878648757935,0.28524965047836304,0.39940840005874634,0.37812766432762146,0.36013278365135193,0.3366226851940155
53,S4,LatCrit,local,local,0,local,local,0,0.5724999904632568,0.6432763338088989,0.07077634334564209,0.015031464397907257,0.14155271649360657,0.5724999904632568,0.6432763338088989,0.05903390422463417,0.03342662379145622,0.3684661090373993,0.32329702377319336
53,S4,ComHvy,BS1,local,1,local,local,0,0.5039039254188538,0.6852453947067261,0.18134146928787231,0.09723381698131561,0.4021931290626526,0.4841488003730774,0.6852453947067261,0.5039039254188538,0.3134143650531769,0.011947241611778736,0.0013402565382421017
53,S4,BWHvy,BS1,BS1,0,BS1,BS1,0,0.623857855796814,0.5807228684425354,-0.043134987354278564,0.005437207408249378,0.09495192766189575,0.266521155834198,0.3139970898628235,0.623857855796814,0.5807228684425354,0.10962100327014923,0.10527999699115753
53,S5,LatCrit,local,local,0,BS1,BS1,0,0.41702497005462646,0.4525575041770935,0.03553253412246704,0.041694581508636475,0.21156759560108185,0.41702497005462646,0.4525575041770935,0.3441116213798523,0.4143628478050232,0.23886345326900482,0.1330796182155609
53,S5,ComHvy,local,local,0,local,local,0,0.5427862405776978,0.6477116346359253,0.10492539405822754,0.023275159299373627,0.20985087752342224,0.5427862405776978,0.6477116346359253,0.45345932245254517,0.34954917430877686,0.0037544656079262495,0.0027391251642256975
53,S5,BWHvy,BS1,BS1,0,BS1,BS1,0,0.44110107421875,0.45630407333374023,0.015202999114990234,0.002879887819290161,0.06617432832717896,0.2705690264701843,0.2884531617164612,0.44110107421875,0.45630407333374023,0.28832995891571045,0.2552427649497986
53,S6,LatCrit,local,local,0,local,local,0,0.6273205280303955,0.5725269317626953,-0.054793596267700195,0.009124431759119034,0.10958719253540039,0.6273205280303955,0.5725269317626953,0.21978265047073364,0.22552305459976196,0.15289682149887085,0.20195001363754272
53,S6,ComHvy,BS2,BS2,0,BS2,BS2,0,0.8197677135467529,0.8803827166557312,0.06061500310897827,0.015470106154680252,0.12123002111911774,0.1291424036026001,0.08711963891983032,0.05108986794948578,0.03249761834740639,0.8197677135467529,0.8803827166557312
53,S6,BWHvy,BS1,BS2,1,BS1,BS1,0,0.45658648014068604,0.48268982768058777,0.026103347539901733,0.04500219225883484,0.2731921076774597,0.19016528129577637,0.19731974601745605,0.45658648014068604,0.3199904263019562,0.3532482385635376,0.48268982768058777
53,S7,LatCrit,BS2,BS2,0,BS2,BS2,0,0.513951301574707,0.7114946246147156,0.19754332304000854,0.13863596320152283,0.4615352153778076,0.0595780611038208,0.09280234575271606,0.42647063732147217,0.19570301473140717,0.513951301574707,0.7114946246147156
53,S7,ComHvy,BS2,BS2,0,BS1,BS2,1,0.45839667320251465,0.5800642371177673,0.12166756391525269,0.058596424758434296,0.24333515763282776,0.17688530683517456,0.07957518100738525,0.36471807956695557,0.3403606116771698,0.45839667320251465,0.5800642371177673
53,S7,BWHvy,local,local,0,local,local,0,0.39938294887542725,0.3971509337425232,-0.0022320151329040527,0.00020083226263523102,0.017430782318115234,0.39938294887542725,0.3971509337425232,0.30350756645202637,0.312222957611084,0.2971094846725464,0.2906261086463928
53,S8,LatCrit,local,local,0,local,local,0,0.7520094513893127,0.7965906262397766,0.04458117485046387,0.032095059752464294,0.08916234225034714,0.7520094513893127,0.7965906262397766,0.20208077132701874,0.19237706065177917,0.045909784734249115,0.011032329872250557
53,S8,ComHvy,BS2,BS2,0,BS2,BS2,0,0.8994683027267456,0.9044594764709473,0.00499117374420166,0.0005293297581374645,0.014931268990039825,0.027799606323242188,0.03027409315109253,0.07273207604885101,0.06526646763086319,0.8994683027267456,0.9044594764709473
53,S8,BWHvy,BS1,local,1,local,local,0,0.3958747982978821,0.365261435508728,-0.030613362789154053,0.008113577961921692,0.11367520689964294,0.3517552614212036,0.365261435508728,0.3958747982978821,0.3390371799468994,0.2523699700832367,0.29570138454437256
54,S1,LatCrit,local,local,0,BS1,local,1,0.40110671520233154,0.4830423593521118,0.08193564414978027,0.04457768425345421,0.22346331179141998,0.40110671520233154,0.4830423593521118,0.25161653757095337,0.13988487422466278,0.3472767472267151,0.3770727515220642
54,S1,ComHvy,BS1,BS1,0,BS1,BS1,0,0.7040928602218628,0.7337309122085571,0.029638051986694336,0.0032888315618038177,0.05927620455622673,0.26846009492874146,0.247669517993927,0.7040928602218628,0.7337309122085571,0.02744707651436329,0.018599500879645348
54,S1,BWHvy,BS2,BS2,0,BS1,BS1,0,0.4323989152908325,0.39175644516944885,-0.04064247012138367,0.010614339262247086,0.13304230570793152,0.2536301612854004,0.32015132904052734,0.3139708936214447,0.2880922257900238,0.4323989152908325,0.39175644516944885
54,S2,LatCrit,local,local,0,local,local,0,0.565315842628479,0.5825691223144531,0.01725327968597412,0.004517482593655586,0.0423276424407959,0.565315842628479,0.5825691223144531,0.06739137321710587,0.046227551996707916,0.3672927916049957,0.37120333313941956
54,S2,ComHvy,local,local,0,local,local,0,0.5157146453857422,0.5144695043563843,-0.0012451410293579102,0.03249315172433853,0.09666329622268677,0.5157146453857422,0.5144695043563843,0.07135836780071259,0.02427186444401741,0.41292697191238403,0.4612586200237274
54,S2,BWHvy,BS2,BS1,1,BS1,local,1,0.4078161418437958,0.3814866244792938,-0.026329517364501953,0.01108957827091217,0.1427081823348999,0.248979389667511,0.28205132484436035,0.34320446848869324,0.3814866244792938,0.4078161418437958,0.3364620506763458
54,S3,LatCrit,local,local,0,BS1,BS1,0,0.45757538080215454,0.46886324882507324,0.011287868022918701,0.01767709106206894,0.13282270729541779,0.45757538080215454,0.46886324882507324,0.33240053057670593,0.3875240087509155,0.21002411842346191,0.14361275732517242
54,S3,ComHvy,local,local,0,local,local,0,0.8646935224533081,0.9304417371749878,0.06574821472167969,0.02866310067474842,0.1326906681060791,0.8646935224533081,0.9304417371749878,0.13072305917739868,0.06437772512435913,0.004583415575325489,0.00518052838742733
54,S3,BWHvy,BS2,BS2,0,BS2,BS2,0,0.4986557364463806,0.44298094511032104,-0.05567479133605957,0.014469560235738754,0.1503283679485321,0.22288280725479126,0.2980470061302185,0.2784614562988281,0.25897207856178284,0.4986557364463806,0.44298094511032104
54,S4,LatCrit,local,local,0,local,local,0,0.6964095234870911,0.7468386888504028,0.05042916536331177,0.007526205852627754,0.10085827857255936,0.6964095234870911,0.7468386888504028,0.2765962481498718,0.2362007200717926,0.02699420042335987,0.016960615292191505
54,S4,ComHvy,BS2,BS2,0,BS2,BS2,0,0.7160950899124146,0.6704893708229065,-0.04560571908950806,0.004905596375465393,0.09121141582727432,0.2035764455795288,0.23281991481781006,0.08032850921154022,0.09669073671102524,0.7160950899124146,0.6704893708229065
54,S4,BWHvy,BS2,BS2,0,BS2,BS2,0,0.41928741335868835,0.37740954756736755,-0.0418778657913208,0.005315113812685013,0.0837557315826416,0.23342299461364746,0.2733383774757385,0.3472896218299866,0.3492521047592163,0.41928741335868835,0.37740954756736755
54,S5,LatCrit,local,local,0,BS1,local,1,0.42958152294158936,0.5686026811599731,0.1390211582183838,0.0396956130862236,0.278042197227478,0.42958152294158936,0.5686026811599731,0.389378160238266,0.3049381375312805,0.18104027211666107,0.1264592558145523
54,S5,ComHvy,BS2,local,1,BS2,BS2,0,0.5078697800636292,0.5186338424682617,0.010764062404632568,0.005198661237955093,0.10185681283473969,0.4677054286003113,0.5186338424682617,0.02442479133605957,0.02153230831027031,0.5078697800636292,0.45983386039733887
54,S5,BWHvy,BS2,BS2,0,BS2,BS2,0,0.5060035586357117,0.48876628279685974,-0.01723727583885193,0.00583760067820549,0.09027013182640076,0.22694259881973267,0.27207767963409424,0.26705384254455566,0.2391560673713684,0.5060035586357117,0.48876628279685974
54,S6,LatCrit,BS2,BS2,0,BS2,BS2,0,0.5159471035003662,0.6382119059562683,0.1222648024559021,0.033131279051303864,0.2445295751094818,0.27677953243255615,0.2226892113685608,0.20727336406707764,0.1390989124774933,0.5159471035003662,0.6382119059562683
54,S6,ComHvy,local,local,0,local,local,0,0.534034252166748,0.6390583515167236,0.10502409934997559,0.041051335632801056,0.21004819869995117,0.534034252166748,0.6390583515167236,0.07605406641960144,0.02842947095632553,0.3899117112159729,0.3325121998786926
54,S6,BWHvy,BS2,BS2,0,BS2,BS2,0,0.496661901473999,0.4368479549884796,-0.05981394648551941,0.008365344256162643,0.1196279525756836,0.22987020015716553,0.2762032747268677,0.2734678387641907,0.2869487702846527,0.496661901473999,0.4368479549884796
54,S7,LatCrit,BS2,BS2,0,BS2,BS2,0,0.6128567457199097,0.6132186055183411,0.0003618597984313965,0.0014521267730742693,0.013282924890518188,0.020340383052825928,0.013698935508728027,0.36680281162261963,0.3730824291706085,0.6128567457199097,0.6132186055183411
54,S7,ComHvy,local,local,0,local,local,0,0.7627346515655518,0.6943609118461609,-0.06837373971939087,0.019333550706505775,0.16139650344848633,0.7627346515655518,0.6943609118461609,0.2071315348148346,0.28782978653907776,0.030133819207549095,0.017809299752116203
54,S7,BWHvy,BS2,BS2,0,BS2,BS2,0,0.40805190801620483,0.3785907030105591,-0.029461205005645752,0.0030143950134515762,0.061811089515686035,0.2317853569984436,0.2626909017562866,0.36016273498535156,0.3587183952331543,0.40805190801620483,0.3785907030105591
54,S8,LatCrit,local,local,0,local,local,0,0.6923985481262207,0.7853200435638428,0.09292149543762207,0.024352341890335083,0.18584297597408295,0.6923985481262207,0.7853200435638428,0.03401598334312439,0.018880533054471016,0.2735854685306549,0.19579944014549255
54,S8,ComHvy,BS1,BS1,0,BS1,BS1,0,0.48579612374305725,0.4330219328403473,-0.05277419090270996,0.007113838568329811,0.10554838180541992,0.12275636196136475,0.15427309274673462,0.48579612374305725,0.4330219328403473,0.391447514295578,0.4127049744129181
54,S8,BWHvy,BS2,BS2,0,BS2,BS2,0,0.4386204481124878,0.3785102665424347,-0.0601101815700531,0.0075626857578754425,0.1202203631401062,0.26461881399154663,0.29042720794677734,0.2967607378959656,0.33106252551078796,0.4386204481124878,0.3785102665424347
55,S1,LatCrit,local,local,0,local,local,0,0.6338001489639282,0.6372792720794678,0.0034791231155395508,0.005114709958434105,0.06330963224172592,0.6338001489639282,0.6372792720794678,0.24711529910564423,0.21546044945716858,0.11908458918333054,0.14726024866104126
55,S1,ComHvy,BS1,BS1,0,BS1,BS1,0,0.9347139000892639,0.9752737283706665,0.04055982828140259,0.026050101965665817,0.08111969381570816,0.015751302242279053,0.00907433032989502,0.9347139000892639,0.9752737283706665,0.04953479766845703,0.01565190590918064
55,S1,BWHvy,local,BS2,1,local,local,0,0.4310399293899536,0.47721225023269653,0.04617232084274292,0.009960349649190903,0.12975043058395386,0.4310399293899536,0.3667323589324951,0.1566230207681656,0.15605537593364716,0.4123370349407196,0.47721225023269653
55,S2,LatCrit,BS2,BS2,0,BS2,BS2,0,0.6653640270233154,0.6608632802963257,-0.004500746726989746,0.010809877887368202,0.08958162367343903,0.17699891328811646,0.13670885562896729,0.15763704478740692,0.20242786407470703,0.6653640270233154,0.6608632802963257
55,S2,ComHvy,local,local,0,local,local,0,0.4893995523452759,0.5031302571296692,0.01373070478439331,0.038214609026908875,0.20768071711063385,0.4893995523452759,0.5031302571296692,0.355162113904953,0.2513217628002167,0.15543833374977112,0.24554799497127533
55,S2,BWHvy,local,local,0,local,local,0,0.5836539268493652,0.4739615321159363,-0.10969239473342896,0.026407085359096527,0.21938472986221313,0.5836539268493652,0.4739615321159363,0.10186893492937088,0.15322129428386688,0.31447717547416687,0.37281715869903564
55,S3,LatCrit,BS1,BS1,0,BS1,BS1,0,0.6429659724235535,0.631483256816864,-0.011482715606689453,0.0004980163648724556,0.022965379059314728,0.25608521699905396,0.25852131843566895,0.6429659724235535,0.631483256816864,0.10094886273145676,0.10999542474746704
55,S3,ComHvy,local,local,0,local,local,0,0.6413279175758362,0.6579054594039917,0.016577541828155518,0.0006586381350643933,0.034175559878349304,0.6413279175758362,0.6579054594039917,0.3524514436721802,0.3353636562824249,0.006220656912773848,0.006730888970196247
55,S3,BWHvy,local,BS2,1,BS2,BS2,0,0.4357506036758423,0.3805030286312103,-0.05524757504463196,0.00679653137922287,0.11405272781848907,0.4357506036758423,0.37872421741485596,0.21784880757331848,0.24077273905277252,0.3464006185531616,0.3805030286312103
55,S4,LatCrit,local,local,0,local,local,0,0.727157711982727,0.6800622940063477,-0.047095417976379395,0.007366358768194914,0.10550229251384735,0.727157711982727,0.6800622940063477,0.2513262629508972,0.3040774166584015,0.0215159859508276,0.015860261395573616
55,S4,ComHvy,local,local,0,local,local,0,0.6528105139732361,0.6414767503738403,-0.011333763599395752,0.015215624123811722,0.08567348122596741,0.6528105139732361,0.6414767503738403,0.06297276169061661,0.03146979585289955,0.2842167317867279,0.3270534873008728
55,S4,BWHvy,local,local,0,local,local,0,0.5510985851287842,0.4584389328956604,-0.09265965223312378,0.017219841480255127,0.18531925976276398,0.5510985851287842,0.4584389328956604,0.10736845433712006,0.12820619344711304,0.34153300523757935,0.41335487365722656
55,S5,LatCrit,BS2,BS2,0,BS2,BS2,0,0.5466557145118713,0.455110639333725,-0.09154507517814636,0.03086436539888382,0.2421475052833557,0.32166361808776855,0.4427374005317688,0.13168062269687653,0.10215196758508682,0.5466557145118713,0.455110639333725
55,S5,ComHvy,BS2,BS2,0,BS2,BS2,0,0.8331441879272461,0.840360701084137,0.007216513156890869,0.00529317744076252,0.014971157535910606,0.15604627132415771,0.15631532669067383,0.010809510014951229,0.003323920536786318,0.8331441879272461,0.840360701084137
55,S5,BWHvy,local,BS2,1,local,local,0,0.5034668445587158,0.41371145844459534,-0.08975538611412048,0.020196642726659775,0.19908678531646729,0.5034668445587158,0.4039234519004822,0.15028016269207,0.18236510455608368,0.34625300765037537,0.41371145844459534
55,S6,LatCrit,local,BS2,1,BS2,BS2,0,0.5060397982597351,0.6020731925964355,0.09603339433670044,0.042131610214710236,0.2852312922477722,0.5060397982597351,0.3670157790184021,0.034502655267715454,0.030911043286323547,0.45945754647254944,0.6020731925964355
55,S6,ComHvy,local,local,0,BS2,local,1,0.5799825191497803,0.6738748550415039,0.09389233589172363,0.026438988745212555,0.18778474628925323,0.5799825191497803,0.6738748550415039,0.02956007979810238,0.010633358731865883,0.3904574513435364,0.31549176573753357
55,S6,BWHvy,local,local,0,local,local,0,0.5667188167572021,0.5079488754272461,-0.058769941329956055,0.0069397687911987305,0.11753997206687927,0.5667188167572021,0.5079488754272461,0.1687900722026825,0.1904652714729309,0.26449108123779297,0.3015859127044678
55,S7,LatCrit,local,local,0,local,local,0,0.7160630226135254,0.6733680963516235,-0.042694926261901855,0.04602205753326416,0.18944647908210754,0.7160630226135254,0.6733680963516235,0.19703611731529236,0.2917593717575073,0.08690083026885986,0.03487253561615944
55,S7,ComHvy,local,local,0,local,local,0,0.7147942781448364,0.6623051166534424,-0.05248916149139404,0.00726655125617981,0.10497833043336868,0.7147942781448364,0.6623051166534424,0.05311652272939682,0.07395999133586884,0.23208920657634735,0.26373490691185
55,S7,BWHvy,local,local,0,local,BS2,1,0.4387521743774414,0.39229369163513184,-0.04645848274230957,0.007010091096162796,0.10485854744911194,0.4387521743774414,0.39229369163513184,0.27579692006111145,0.26982614398002625,0.28545087575912476,0.3378801643848419
55,S8,LatCrit,local,local,0,local,local,0,0.6317720413208008,0.6566252708435059,0.024853229522705078,0.006991727277636528,0.08166743814945221,0.6317720413208008,0.6566252708435059,0.16899631917476654,0.12816260755062103,0.19923168420791626,0.21521218121051788
55,S8,ComHvy,BS1,BS1,0,BS1,BS1,0,0.7828484177589417,0.7718122601509094,-0.011036157608032227,0.006407773122191429,0.06424077600240707,0.11720830202102661,0.14932870864868164,0.7828484177589417,0.7718122601509094,0.09994329512119293,0.07885908335447311
55,S8,BWHvy,local,local,0,local,local,0,0.5856289863586426,0.4783012270927429,-0.10732775926589966,0.025546029210090637,0.21465551853179932,0.5856289863586426,0.4783012270927429,0.09394521266222,0.09579083323478699,0.32042577862739563,0.4259079098701477
56,S1,LatCrit,local,local,0,local,local,0,0.6347794532775879,0.702128529548645,0.06734907627105713,0.012229140847921371,0.13469821214675903,0.6347794532775879,0.702128529548645,0.04616314545273781,0.0285782553255558,0.319057434797287,0.2692931890487671
56,S1,ComHvy,BS1,BS1,0,BS1,BS1,0,0.9729466438293457,0.9842394590377808,0.011292815208435059,0.0035231136716902256,0.02258564718067646,0.01517784595489502,0.008059561252593994,0.9729466438293457,0.9842394590377808,0.011875515803694725,0.007700968999415636
56,S1,BWHvy,local,local,0,BS2,BS2,0,0.45118725299835205,0.46509629487991333,0.01390904188156128,0.00958159938454628,0.09727966785430908,0.45118725299835205,0.46509629487991333,0.18464936316013336,0.1360095590353012,0.3641633689403534,0.39889419078826904
56,S2,LatCrit,local,local,0,BS1,BS1,0,0.48807114362716675,0.44149625301361084,-0.04657489061355591,0.004508448764681816,0.09314978122711182,0.48807114362716675,0.44149625301361084,0.2829412817955017,0.3022836148738861,0.22898757457733154,0.25622013211250305
56,S2,ComHvy,local,local,0,local,local,0,0.5433025360107422,0.5555752515792847,0.01227271556854248,0.021243661642074585,0.08162427693605423,0.5433025360107422,0.5555752515792847,0.38607946038246155,0.4146188795566559,0.07061801850795746,0.029805876314640045
56,S2,BWHvy,local,local,0,local,local,0,0.5654140114784241,0.5390165448188782,-0.0263974666595459,0.0014327941462397575,0.0527949184179306,0.5654140114784241,0.5390165448188782,0.24306327104568481,0.26032841205596924,0.1915227323770523,0.2006550431251526
56,S3,LatCrit,local,local,0,local,local,0,0.712303876876831,0.6781271696090698,-0.03417670726776123,0.007539667189121246,0.09513618052005768,0.712303876876831,0.6781271696090698,0.043982308357954025,0.030590945854783058,0.24371382594108582,0.29128193855285645
56,S3,ComHvy,local,local,0,local,local,0,0.7916508913040161,0.7497386932373047,-0.041912198066711426,0.02589663863182068,0.14845991134643555,0.7916508913040161,0.7497386932373047,0.07982642948627472,0.04750867933034897,0.12852270901203156,0.20275266468524933
56,S3,BWHvy,local,local,0,local,local,0,0.5058455467224121,0.5237275958061218,0.017882049083709717,0.0012117070145905018,0.0447215735912323,0.5058455467224121,0.5237275958061218,0.3092808425426483,0.28692007064819336,0.18487361073493958,0.1893523633480072
56,S4,LatCrit,local,local,0,BS1,BS1,0,0.4636880159378052,0.4664765000343323,0.0027884840965270996,0.010881122201681137,0.09282679855823517,0.4636880159378052,0.4664765000343323,0.4497677683830261,0.40335437655448914,0.08654418587684631,0.1301691085100174
56,S4,ComHvy,local,local,0,local,local,0,0.5156636834144592,0.6537086367607117,0.13804495334625244,0.10362820327281952,0.31076693534851074,0.5156636834144592,0.6537086367607117,0.23398679494857788,0.2513253092765808,0.2503495216369629,0.09496606141328812
56,S4,BWHvy,local,local,0,local,local,0,0.5897445678710938,0.5508905053138733,-0.03885406255722046,0.0035909349098801613,0.07770814001560211,0.5897445678710938,0.5508905053138733,0.22369100153446198,0.2561003267765045,0.18656446039676666,0.19300921261310577
56,S5,LatCrit,local,local,0,local,local,0,0.43943941593170166,0.44614219665527344,0.006702780723571777,0.004017135128378868,0.05770092457532883,0.43943941593170166,0.44614219665527344,0.14198671281337738,0.11313625425100327,0.41857385635375977,0.4407215416431427
56,S5,ComHvy,local,local,0,local,local,0,0.49701881408691406,0.5025546550750732,0.00553584098815918,0.0025234087370336056,0.01710583083331585,0.49701881408691406,0.5025546550750732,0.020686272531747818,0.012133380398154259,0.48229488730430603,0.48531198501586914
56,S5,BWHvy,local,local,0,local,local,0,0.4905904531478882,0.47915273904800415,-0.011437714099884033,0.0016859360039234161,0.05076879262924194,0.4905904531478882,0.47915273904800415,0.26792243123054504,0.293306827545166,0.24148710072040558,0.22754041850566864
56,S6,LatCrit,local,local,0,local,local,0,0.5201244354248047,0.5970984697341919,0.07697403430938721,0.052429575473070145,0.2157239019870758,0.5201244354248047,0.5970984697341919,0.20395717024803162,0.09609523415565491,0.2759183645248413,0.3068062961101532
56,S6,ComHvy,BS2,BS2,0,BS2,BS2,0,0.5537374019622803,0.6276021599769592,0.07386475801467896,0.06250198930501938,0.21263909339904785,0.2692611813545227,0.3017159700393677,0.17700141668319702,0.0706818699836731,0.5537374019622803,0.6276021599769592
56,S6,BWHvy,local,local,0,local,local,0,0.49160534143447876,0.4798373579978943,-0.011767983436584473,0.00528513640165329,0.0828191339969635,0.49160534143447876,0.4798373579978943,0.1814591884613037,0.15181758999824524,0.32693547010421753,0.3683450222015381
56,S7,LatCrit,local,local,0,local,local,0,0.7403075695037842,0.7693366408348083,0.02902907133102417,0.003559669479727745,0.05805813521146774,0.7403075695037842,0.7693366408348083,0.20371325314044952,0.18981245160102844,0.0559791624546051,0.04085090011358261
56,S7,ComHvy,local,BS2,1,local,BS2,1,0.6002649068832397,0.5451250672340393,-0.05513983964920044,0.0536486953496933,0.3252379298210144,0.6002649068832397,0.4392067790031433,0.01722900941967964,0.015668140724301338,0.3825061321258545,0.5451250672340393
56,S7,BWHvy,local,local,0,local,local,0,0.5229208469390869,0.5329173803329468,0.009996533393859863,0.00020086439326405525,0.01999308168888092,0.5229208469390869,0.5329173803329468,0.1691591739654541,0.16537614166736603,0.307919979095459,0.301706463098526
56,S8,LatCrit,local,local,0,local,local,0,0.7773272395133972,0.8400611281394958,0.06273388862609863,0.054027676582336426,0.19154229760169983,0.7773272395133972,0.8400611281394958,0.05015813559293747,0.08319541811943054,0.17251460254192352,0.0767434760928154
56,S8,ComHvy,BS1,BS1,0,BS1,BS1,0,0.48282065987586975,0.5358116030693054,0.05299094319343567,0.005629979074001312,0.10598188638687134,0.08738446235656738,0.07902294397354126,0.48282065987586975,0.5358116030693054,0.42979487776756287,0.3851654529571533
56,S8,BWHvy,local,local,0,local,local,0,0.511785089969635,0.48183226585388184,-0.029952824115753174,0.005424100905656815,0.09421180188655853,0.511785089969635,0.48183226585388184,0.08734073489904404,0.07018766552209854,0.40087416768074036,0.4479800760746002
57,S1,LatCrit,BS1,BS1,0,BS2,BS1,1,0.5059900283813477,0.5260315537452698,0.02004152536392212,0.004080858081579208,0.0790477991104126,0.11633175611495972,0.1358141303062439,0.5059900283813477,0.5260315537452698,0.377678245306015,0.3381543457508087
57,S1,ComHvy,BS1,BS1,0,local,local,0,0.5687626004219055,0.5535759329795837,-0.015186667442321777,0.00977538526058197,0.08607166260480881,0.3486167788505554,0.3207676410675049,0.5687626004219055,0.5535759329795837,0.08262059837579727,0.12565645575523376
57,S1,BWHvy,BS1,BS1,0,BS1,BS1,0,0.5016730427742004,0.5011398792266846,-0.0005331635475158691,0.0005441233515739441,0.022496402263641357,0.16442984342575073,0.17567801475524902,0.5016730427742004,0.5011398792266846,0.3338971436023712,0.323182076215744
57,S2,LatCrit,local,local,0,local,local,0,0.8301891088485718,0.9077856540679932,0.07759654521942139,0.03193017840385437,0.15519309043884277,0.8301891088485718,0.9077856540679932,0.029468951746821404,0.022451944649219513,0.14034193754196167,0.06976239383220673
57,S2,ComHvy,local,BS2,1,local,BS2,1,0.5497652292251587,0.4729060232639313,-0.07685920596122742,0.015518218278884888,0.17597021162509918,0.5497652292251587,0.4617801308631897,0.05402848497033119,0.06531383842229843,0.396206259727478,0.4729060232639313
57,S2,BWHvy,BS1,BS1,0,BS2,BS2,0,0.5324856042861938,0.5426539182662964,0.010168313980102539,0.00028105429373681545,0.020336627960205078,0.17137765884399414,0.1637699007987976,0.5324856042861938,0.5426539182662964,0.2961367070674896,0.2935761511325836
57,S3,LatCrit,local,local,0,local,local,0,0.8403729200363159,0.8753710389137268,0.03499811887741089,0.0068644750863313675,0.06999621540307999,0.8403729200363159,0.8753710389137268,0.12876830995082855,0.10705495625734329,0.030858749523758888,0.0175740048289299
57,S3,ComHvy,local,local,0,local,local,0,0.7571641206741333,0.7532503008842468,-0.003913819789886475,0.00020507373847067356,0.013580899685621262,0.7571641206741333,0.7532503008842468,0.18389268219470978,0.19068314135074615,0.05894319713115692,0.05606657639145851
57,S3,BWHvy,BS1,BS1,0,BS1,BS1,0,0.4510838985443115,0.4173204302787781,-0.03376346826553345,0.0024582911282777786,0.06752687692642212,0.19057387113571167,0.19628357887268066,0.4510838985443115,0.4173204302787781,0.3583422601222992,0.38639596104621887
57,S4,LatCrit,BS1,BS1,0,BS1,BS1,0,0.598076581954956,0.49999210238456726,-0.0980844795703888,0.034000419080257416,0.2380528599023819,0.22331643104553223,0.3423428535461426,0.598076581954956,0.49999210238456726,0.17860697209835052,0.15766501426696777
57,S4,ComHvy,local,local,0,local,local,0,0.4888218641281128,0.5168712139129639,0.028049349784851074,0.0020190130453556776,0.06219521164894104,0.4888218641281128,0.5168712139129639,0.42728111147880554,0.3961835205554962,0.08389702439308167,0.0869452953338623
57,S4,BWHvy,BS1,BS1,0,BS1,BS1,0,0.6591264009475708,0.6563490629196167,-0.0027773380279541016,0.00015201210044324398,0.012249454855918884,0.1590321660041809,0.16515690088272095,0.6591264009475708,0.6563490629196167,0.18184144794940948,0.17849406599998474
57,S5,LatCrit,BS2,BS1,1,BS2,BS2,0,0.4461176097393036,0.4245624542236328,-0.021555155515670776,0.03341112285852432,0.23876497149467468,0.24870240688323975,0.2328013777732849,0.3051799535751343,0.4245624542236328,0.4461176097393036,0.3426361680030823
57,S5,ComHvy,local,local,0,local,local,0,0.8433924317359924,0.8639129996299744,0.020520567893981934,0.008980758488178253,0.060160089284181595,0.8433924317359924,0.8639129996299744,0.08059462159872055,0.09015410393476486,0.07601294666528702,0.04593290761113167
57,S5,BWHvy,BS2,BS2,0,BS1,BS1,0,0.4078197181224823,0.4064217209815979,-0.0013979971408843994,0.0011481564724817872,0.036768823862075806,0.21168261766433716,0.23006701469421387,0.38049769401550293,0.36351126432418823,0.4078197181224823,0.4064217209815979
57,S6,LatCrit,local,local,0,local,local,0,0.6167724132537842,0.5951009392738342,-0.02167147397994995,0.003699619323015213,0.07088417559862137,0.6167724132537842,0.5951009392738342,0.07678395509719849,0.06301336735486984,0.30644357204437256,0.34188568592071533
57,S6,ComHvy,BS2,BS2,0,BS2,BS2,0,0.6210238933563232,0.5514523386955261,-0.06957155466079712,0.027831409126520157,0.19450195133686066,0.3259844183921814,0.4232354164123535,0.052991658449172974,0.025312263518571854,0.6210238933563232,0.5514523386955261
57,S6,BWHvy,BS2,BS2,0,BS2,BS2,0,0.5470158457756042,0.54897540807724,0.001959562301635742,4.1028717532753944e-05,0.007728278636932373,0.12191540002822876,0.12381994724273682,0.331068754196167,0.3272045850753784,0.5470158457756042,0.54897540807724
57,S7,LatCrit,local,local,0,local,local,0,0.6062849760055542,0.5875240564346313,-0.01876091957092285,0.009512679651379585,0.09938094019889832,0.6062849760055542,0.5875240564346313,0.1400892734527588,0.18977975845336914,0.2536257207393646,0.2226961851119995
57,S7,ComHvy,BS1,BS1,0,BS1,BS1,0,0.7079254388809204,0.712837278842926,0.004911839962005615,0.013840273022651672,0.060437195003032684,0.23428303003311157,0.2595897912979126,0.7079254388809204,0.712837278842926,0.05779152363538742,0.027572927996516228
57,S7,BWHvy,BS1,BS2,1,BS2,BS2,0,0.4174005091190338,0.41759100556373596,0.00019049644470214844,0.0008594207465648651,0.039935141801834106,0.18497604131698608,0.17592567205429077,0.4174005091190338,0.4064832925796509,0.3976234495639801,0.41759100556373596
57,S8,LatCrit,local,local,0,local,local,0,0.44551658630371094,0.528500497341156,0.08298391103744507,0.03795337677001953,0.22192789614200592,0.44551658630371094,0.528500497341156,0.27021753787994385,0.29819756746292114,0.2842658758163452,0.17330192029476166
57,S8,ComHvy,local,local,0,local,local,0,0.5227727890014648,0.5754003524780273,0.0526275634765625,0.010773658752441406,0.13041752576828003,0.5227727890014648,0.5754003524780273,0.31608760356903076,0.25087887048721313,0.1611395627260208,0.17372079193592072
57,S8,BWHvy,BS1,BS1,0,BS2,BS2,0,0.4789653420448303,0.5303604006767273,0.05139505863189697,0.005349922925233841,0.10279014706611633,0.15255790948867798,0.1342775821685791,0.4789653420448303,0.5303604006767273,0.3684767484664917,0.3353619873523712
58,S1,LatCrit,BS1,BS1,0,BS1,BS1,0,0.49220705032348633,0.553348183631897,0.061141133308410645,0.012705296277999878,0.1474127471446991,0.14478415250778198,0.15734940767288208,0.49220705032348633,0.553348183631897,0.3630087971687317,0.28930243849754333
58,S1,ComHvy,local,local,0,local,local,0,0.5791342854499817,0.5837549567222595,0.004620671272277832,0.028544217348098755,0.12132060527801514,0.5791342854499817,0.5837549567222595,0.11989875137805939,0.05923844501376152,0.3009669780731201,0.35700660943984985
58,S1,BWHvy,BS1,BS1,0,BS1,BS1,0,0.5219048857688904,0.5185839533805847,-0.003320932388305664,5.2661867812275887e-05,0.00664183497428894,0.35154247283935547,0.3515751361846924,0.5219048857688904,0.5185839533805847,0.12655267119407654,0.1298409104347229
58,S2,LatCrit,local,local,0,BS2,local,1,0.5737124085426331,0.720924973487854,0.14721256494522095,0.05192592740058899,0.2944251298904419,0.5737124085426331,0.720924973487854,0.11059120297431946,0.08578144013881683,0.3156964182853699,0.19329360127449036
58,S2,ComHvy,BS2,BS2,0,local,local,0,0.444707453250885,0.545870840549469,0.10116338729858398,0.02413260191679001,0.20232678949832916,0.4289546608924866,0.3713792562484741,0.126337930560112,0.08274993300437927,0.444707453250885,0.545870840549469
58,S2,BWHvy,BS1,BS1,0,local,BS1,1,0.373712956905365,0.3784313499927521,0.004718393087387085,0.00025827810168266296,0.02072194218635559,0.3055809736251831,0.2952200174331665,0.373712956905365,0.3784313499927521,0.3207060396671295,0.3263486325740814
58,S3,LatCrit,local,local,0,local,local,0,0.8089272975921631,0.8576596975326538,0.04873239994049072,0.011017526499927044,0.09746481478214264,0.8089272975921631,0.8576596975326538,0.17699778079986572,0.13647444546222687,0.014074945822358131,0.005865867715328932
58,S3,ComHvy,local,local,0,local,local,0,0.6555656790733337,0.636259913444519,-0.019305765628814697,0.0011710114777088165,0.03861149400472641,0.6555656790733337,0.636259913444519,0.12380532175302505,0.13878466188907623,0.2206289917230606,0.22495537996292114
58,S3,BWHvy,BS1,BS1,0,BS1,BS1,0,0.39163368940353394,0.3929232358932495,0.0012895464897155762,5.805911496281624e-05,0.008988738059997559,0.36450833082199097,0.36771315336227417,0.39163368940353394,0.3929232358932495,0.2438579499721527,0.23936358094215393
58,S4,LatCrit,BS1,BS1,0,BS1,BS1,0,0.8476985692977905,0.854828953742981,0.00713038444519043,0.0008613970130681992,0.022688589990139008,0.030106067657470703,0.03431999683380127,0.8476985692977905,0.854828953742981,0.12219536304473877,0.11085108667612076
58,S4,ComHvy,BS1,BS1,0,BS1,BS1,0,0.6739079356193542,0.7985484004020691,0.12464046478271484,0.05141938477754593,0.24928094446659088,0.13753658533096313,0.06280481815338135,0.6739079356193542,0.7985484004020691,0.1885555386543274,0.13864682614803314
58,S4,BWHvy,BS1,BS1,0,BS2,BS2,0,0.4524873197078705,0.4324227571487427,-0.020064562559127808,0.0012016929686069489,0.04416230320930481,0.23017001152038574,0.22815340757369995,0.4524873197078705,0.4324227571487427,0.31734269857406616,0.3394238352775574
58,S5,LatCrit,BS2,BS2,0,BS2,BS2,0,0.444295734167099,0.5389798283576965,0.09468409419059753,0.032126285135746,0.18936821818351746,0.31401878595352173,0.3104533553123474,0.24168550968170166,0.15056681632995605,0.444295734167099,0.5389798283576965
58,S5,ComHvy,local,local,0,local,local,0,0.7999569177627563,0.8263100981712341,0.026353180408477783,0.004670890048146248,0.05270634964108467,0.7999569177627563,0.8263100981712341,0.17690642178058624,0.1610489785671234,0.023136664181947708,0.01264093816280365
58,S5,BWHvy,BS1,BS1,0,local,local,0,0.40565741062164307,0.3906301259994507,-0.015027284622192383,0.001108633354306221,0.03864702582359314,0.3732597231864929,0.36896347999572754,0.40565741062164307,0.3906301259994507,0.2210828810930252,0.24040637910366058
58,S6,LatCrit,local,local,0,local,local,0,0.6659083366394043,0.6704889535903931,0.0045806169509887695,7.123354589566588e-05,0.010586680844426155,0.6659083366394043,0.6704889535903931,0.307699978351593,0.3024066090583801,0.026391733437776566,0.02710442803800106
58,S6,ComHvy,local,local,0,local,local,0,0.7604043483734131,0.8871278762817383,0.1267235279083252,0.0668301209807396,0.2534470558166504,0.7604043483734131,0.8871278762817383,0.23293782770633698,0.11198750138282776,0.006657845806330442,0.0008846410783007741
58,S6,BWHvy,local,BS1,1,BS1,BS1,0,0.3385801911354065,0.3349612355232239,-0.003618955612182617,5.270354449748993e-05,0.009071141481399536,0.3385801911354065,0.33488452434539795,0.3358011245727539,0.3349612355232239,0.3256186842918396,0.33015426993370056
58,S7,LatCrit,local,BS2,1,local,local,0,0.5033761858940125,0.5191115736961365,0.015735387802124023,0.002242906019091606,0.06034604087471962,0.5033761858940125,0.4757828712463379,0.007685241289436817,0.005105519667267799,0.488938570022583,0.5191115736961365
58,S7,ComHvy,BS1,BS1,0,BS1,local,1,0.651447594165802,0.5587246417999268,-0.09272295236587524,0.01847110316157341,0.1854458749294281,0.2346004843711853,0.28404664993286133,0.651447594165802,0.5587246417999268,0.11395192891359329,0.15722869336605072
58,S7,BWHvy,BS1,BS1,0,local,local,0,0.39192673563957214,0.4017820358276367,0.009855300188064575,0.0009167985990643501,0.040685638785362244,0.38807082176208496,0.36772799491882324,0.39192673563957214,0.4017820358276367,0.2200024425983429,0.23048995435237885
58,S8,LatCrit,BS2,BS2,0,BS2,BS2,0,0.8341554999351501,0.848441481590271,0.01428598165512085,0.0007764268666505814,0.028571931645274162,0.1353365182876587,0.12399429082870483,0.030508026480674744,0.02756430394947529,0.8341554999351501,0.848441481590271
58,S8,ComHvy,local,local,0,local,local,0,0.7387600541114807,0.7955829501152039,0.056822896003723145,0.023890331387519836,0.11364579200744629,0.7387600541114807,0.7955829501152039,0.2086487114429474,0.18569375574588776,0.052591223269701004,0.01872328296303749
58,S8,BWHvy,local,local,0,local,local,0,0.6037368774414062,0.5377659797668457,-0.06597089767456055,0.009044358506798744,0.1319417655467987,0.6037368774414062,0.5377659797668457,0.30283647775650024,0.34686529636383057,0.0934266746044159,0.11536871641874313
59,S1,LatCrit,BS1,BS1,0,BS1,BS2,1,0.543183445930481,0.46078646183013916,-0.0823969841003418,0.015235325321555138,0.1647939383983612,0.21874111890792847,0.28095531463623047,0.543183445930481,0.46078646183013916,0.23807543516159058,0.258258193731308
59,S1,ComHvy,BS1,BS1,0,BS1,BS1,0,0.7406774163246155,0.6908968091011047,-0.04978060722351074,0.008047167211771011,0.09956119954586029,0.12500393390655518,0.1297031044960022,0.7406774163246155,0.6908968091011047,0.13431863486766815,0.17940005660057068
59,S1,BWHvy,BS2,BS2,0,BS2,BS2,0,0.5784080028533936,0.608034610748291,0.02962660789489746,0.0018269773572683334,0.059253185987472534,0.0599360466003418,0.05546480417251587,0.36165595054626465,0.3365006148815155,0.5784080028533936,0.608034610748291
59,S2,LatCrit,local,local,0,local,local,0,0.4659639000892639,0.5167485475540161,0.0507846474647522,0.08851583302021027,0.3400798439979553,0.4659639000892639,0.5167485475540161,0.14841888844966888,0.26767417788505554,0.385617196559906,0.21557728946208954
59,S2,ComHvy,local,local,0,local,local,0,0.8320911526679993,0.7828513383865356,-0.04923981428146362,0.00955614447593689,0.09847965091466904,0.8320911526679993,0.7828513383865356,0.09911210089921951,0.14417174458503723,0.06879673153162003,0.07297692447900772
59,S2,BWHvy,BS2,BS2,0,BS2,BS2,0,0.5466611385345459,0.5035393834114075,-0.04312175512313843,0.006500080227851868,0.11009463667869568,0.07686269283294678,0.06493711471557617,0.3764761686325073,0.43152347207069397,0.5466611385345459,0.5035393834114075
59,S3,LatCrit,local,local,0,local,local,0,0.6644834876060486,0.6762073040008545,0.011723816394805908,0.013527534902095795,0.10187025368213654,0.6644834876060486,0.6762073040008545,0.26080283522605896,0.20986773073673248,0.07471368461847305,0.1139250174164772
59,S3,ComHvy,local,local,0,local,local,0,0.8000273704528809,0.8811622858047485,0.08113491535186768,0.028003854677081108,0.16226981580257416,0.8000273704528809,0.8811622858047485,0.1687278300523758,0.0951966792345047,0.031244784593582153,0.023641033098101616
59,S3,BWHvy,BS2,BS2,0,BS2,BS2,0,0.509878933429718,0.5306601524353027,0.020781219005584717,0.000987933948636055,0.04156246781349182,0.09622859954833984,0.08803391456604004,0.3938924968242645,0.3813059329986572,0.509878933429718,0.5306601524353027
59,S4,LatCrit,BS1,BS1,0,BS1,BS1,0,0.6751542091369629,0.5624452233314514,-0.11270898580551147,0.03440162539482117,0.22541795670986176,0.13047409057617188,0.13052833080291748,0.6751542091369629,0.5624452233314514,0.19437171518802643,0.3070264458656311
59,S4,ComHvy,BS2,BS2,0,BS2,BS2,0,0.6283959746360779,0.6464298367500305,0.018033862113952637,0.006479743868112564,0.06542634963989258,0.11432725191116333,0.08161407709121704,0.2572767436504364,0.27195605635643005,0.6283959746360779,0.6464298367500305
59,S4,BWHvy,BS2,BS2,0,BS2,BS2,0,0.4852788746356964,0.4785974323749542,-0.0066814422607421875,0.00029137032106518745,0.021628737449645996,0.0782172679901123,0.0740843415260315,0.4365038573741913,0.4473182260990143,0.4852788746356964,0.4785974323749542
59,S5,LatCrit,BS2,BS2,0,BS2,local,1,0.430148720741272,0.3443465530872345,-0.08580216765403748,0.020512908697128296,0.17160430550575256,0.2610282897949219,0.3425855040550232,0.30882298946380615,0.3130679130554199,0.430148720741272,0.3443465530872345
59,S5,ComHvy,local,local,0,local,local,0,0.7643536925315857,0.8476514220237732,0.0832977294921875,0.023722529411315918,0.1665954291820526,0.7643536925315857,0.8476514220237732,0.03626919165253639,0.023034729063510895,0.19937710464000702,0.1293138712644577
59,S5,BWHvy,BS2,BS2,0,BS2,BS2,0,0.6234990954399109,0.594548761844635,-0.02895033359527588,0.00420391745865345,0.08154860138893127,0.08761841058731079,0.07579445838928223,0.2888824939727783,0.32965680956840515,0.6234990954399109,0.594548761844635
59,S6,LatCrit,BS2,BS2,0,BS2,BS2,0,0.5096418857574463,0.5077295899391174,-0.0019122958183288574,0.009244776330888271,0.08798820525407791,0.3256487250328064,0.36964279413223267,0.16470946371555328,0.1226276233792305,0.5096418857574463,0.5077295899391174
59,S6,ComHvy,local,local,0,local,local,0,0.8020626902580261,0.8529946804046631,0.05093199014663696,0.025728711858391762,0.10186398774385452,0.8020626902580261,0.8529946804046631,0.035637568682432175,0.009091170504689217,0.1622997373342514,0.13791413605213165
59,S6,BWHvy,BS2,BS1,1,BS1,BS1,0,0.48453211784362793,0.47158995270729065,-0.01294216513633728,0.0011857394129037857,0.04820945858955383,0.06798267364501953,0.06639927625656128,0.44748520851135254,0.47158995270729065,0.48453211784362793,0.46201080083847046
59,S7,LatCrit,BS1,BS1,0,BS1,BS1,0,0.42755016684532166,0.6581990718841553,0.23064890503883362,0.14220592379570007,0.461297869682312,0.2079342007637024,0.18055123090744019,0.42755016684532166,0.6581990718841553,0.3645156919956207,0.16124971210956573
59,S7,ComHvy,local,local,0,local,local,0,0.46616286039352417,0.5614015460014343,0.09523868560791016,0.06322658061981201,0.283754825592041,0.46616286039352417,0.5614015460014343,0.2988077700138092,0.1569303721189499,0.23502932488918304,0.2816680669784546
59,S7,BWHvy,BS2,BS2,0,BS2,BS2,0,0.5342777371406555,0.5774214863777161,0.04314374923706055,0.00494689866900444,0.08628740906715393,0.10167539119720459,0.08033019304275513,0.3640468120574951,0.3422483503818512,0.5342777371406555,0.5774214863777161
59,S8,LatCrit,BS1,BS1,0,BS1,BS1,0,0.4811318516731262,0.5136755704879761,0.032543718814849854,0.06772191822528839,0.2391619235277176,0.3064553737640381,0.39349257946014404,0.4811318516731262,0.5136755704879761,0.2124127894639969,0.09283179044723511
59,S8,ComHvy,local,local,0,BS2,BS2,0,0.539953351020813,0.5171735286712646,-0.02277982234954834,0.0028138167690485716,0.05229201912879944,0.539953351020813,0.5171735286712646,0.13131439685821533,0.15746042132377625,0.3287322223186493,0.3253660500049591
59,S8,BWHvy,BS2,BS2,0,BS2,BS2,0,0.6287388801574707,0.6681661009788513,0.039427220821380615,0.006149664521217346,0.07885439693927765,0.13590198755264282,0.10265964269638062,0.23535911738872528,0.22917428612709045,0.6287388801574707,0.6681661009788513
60,S1,LatCrit,local,local,0,local,local,0,0.6274191737174988,0.682715892791748,0.05529671907424927,0.012579336762428284,0.11059343814849854,0.6274191737174988,0.682715892791748,0.26957574486732483,0.2528185248374939,0.1030050665140152,0.06446556746959686
60,S1,ComHvy,BS2,BS2,0,BS2,BS2,0,0.4956696033477783,0.49602723121643066,0.00035762786865234375,0.0699394941329956,0.25123512744903564,0.26090335845947266,0.13528579473495483,0.24342700839042664,0.3686869442462921,0.4956696033477783,0.49602723121643066
60,S1,BWHvy,local,local,0,local,local,0,0.6884887218475342,0.7179183959960938,0.02942967414855957,0.0025819409638643265,0.05885940045118332,0.6884887218475342,0.7179183959960938,0.131435364484787,0.11128977686166763,0.18007592856884003,0.17079178988933563
60,S2,LatCrit,local,local,0,local,local,0,0.8782779574394226,0.8334635496139526,-0.04481440782546997,0.010121263563632965,0.08962881565093994,0.8782779574394226,0.8334635496139526,0.07061432301998138,0.08052129298448563,0.05110771954059601,0.08601515740156174
60,S2,ComHvy,BS2,BS2,0,BS2,BS2,0,0.5142967104911804,0.41437917947769165,-0.09991753101348877,0.050526391714811325,0.2216685712337494,0.3980562686920166,0.3871394991874695,0.08764705806970596,0.19848133623600006,0.5142967104911804,0.41437917947769165
60,S2,BWHvy,local,local,0,local,local,0,0.5029983520507812,0.5773364901542664,0.07433813810348511,0.014676863327622414,0.14867626130580902,0.5029983520507812,0.5773364901542664,0.32374700903892517,0.25094932317733765,0.17325462400913239,0.171714186668396
60,S3,LatCrit,local,local,0,local,local,0,0.7480787634849548,0.780028223991394,0.03194946050643921,0.004964303225278854,0.06389892101287842,0.7480787634849548,0.780028223991394,0.11197449266910553,0.11191446334123611,0.13994674384593964,0.10805731266736984
60,S3,ComHvy,local,local,0,local,local,0,0.4805363416671753,0.5433468818664551,0.06281054019927979,0.00842463318258524,0.12562106549739838,0.4805363416671753,0.5433468818664551,0.45615097880363464,0.39414140582084656,0.06331265717744827,0.06251170486211777
60,S3,BWHvy,local,local,0,local,local,0,0.5616233944892883,0.6332885026931763,0.07166510820388794,0.010804858058691025,0.14333024621009827,0.5616233944892883,0.6332885026931763,0.28848111629486084,0.2409013956785202,0.14989548921585083,0.12581007182598114
60,S4,LatCrit,local,local,0,local,local,0,0.5046075582504272,0.6104980707168579,0.10589051246643066,0.023276858031749725,0.21178099513053894,0.5046075582504272,0.6104980707168579,0.1102047860622406,0.09206361323595047,0.38518762588500977,0.2974383234977722
60,S4,ComHvy,BS1,BS1,0,BS1,BS1,0,0.8157113194465637,0.8799235224723816,0.06421220302581787,0.03530953824520111,0.12842439115047455,0.13596129417419434,0.10754960775375366,0.8157113194465637,0.8799235224723816,0.04832734912633896,0.012526849284768105
60,S4,BWHvy,local,local,0,BS1,local,1,0.48445963859558105,0.5690799951553345,0.08462035655975342,0.019234661012887955,0.18418455123901367,0.48445963859558105,0.5690799951553345,0.4057295620441437,0.31363728642463684,0.10981079936027527,0.11728271096944809
60,S5,LatCrit,BS2,BS2,0,local,local,0,0.550832211971283,0.5661542415618896,0.01532202959060669,0.001899763010442257,0.04534337669610977,0.4286777377128601,0.4060060381889343,0.020490026101469994,0.027839671820402145,0.550832211971283,0.5661542415618896
60,S5,ComHvy,local,local,0,local,local,0,0.6827481389045715,0.7489267587661743,0.06617861986160278,0.011314138770103455,0.13235725462436676,0.6827481389045715,0.7489267587661743,0.2799842655658722,0.21822106838226318,0.03726757690310478,0.032852139323949814
60,S5,BWHvy,local,local,0,local,local,0,0.6072529554367065,0.6649650931358337,0.0577121376991272,0.007717501372098923,0.1154242604970932,0.6072529554367065,0.6649650931358337,0.20106586813926697,0.17934472858905792,0.1916811764240265,0.15569019317626953
60,S6,LatCrit,local,local,0,local,local,0,0.8618487119674683,0.8984429240226746,0.0365942120552063,0.00730891153216362,0.07318844646215439,0.8618487119674683,0.8984429240226746,0.009950858540832996,0.00506254006177187,0.1282004565000534,0.09649454057216644
60,S6,ComHvy,local,local,0,local,local,0,0.5981678366661072,0.5888052582740784,-0.009362578392028809,0.0007618125528097153,0.03297928720712662,0.5981678366661072,0.5888052582740784,0.11362703144550323,0.10649997740983963,0.2882051467895508,0.304694801568985
60,S6,BWHvy,local,local,0,local,local,0,0.43682795763015747,0.48830074071884155,0.05147278308868408,0.014671477489173412,0.12778031826019287,0.43682795763015747,0.48830074071884155,0.21918471157550812,0.15529455244541168,0.3439873456954956,0.35640472173690796
60,S7,LatCrit,local,local,0,BS1,local,1,0.4143146276473999,0.5579723119735718,0.14365768432617188,0.06275543570518494,0.28731536865234375,0.4143146276473999,0.5579723119735718,0.26289379596710205,0.14128156006336212,0.32279157638549805,0.3007461428642273
60,S7,ComHvy,BS2,BS2,0,BS2,BS2,0,0.688619077205658,0.8401721715927124,0.15155309438705444,0.08966478705406189,0.30310624837875366,0.18322384357452393,0.11959600448608398,0.1281571239233017,0.04023182392120361,0.688619077205658,0.8401721715927124
60,S7,BWHvy,local,local,0,local,local,0,0.549706220626831,0.5737767219543457,0.02407050132751465,0.0013187550939619541,0.04814101755619049,0.549706220626831,0.5737767219543457,0.27080976963043213,0.2511243224143982,0.17948397994041443,0.17509891092777252
60,S8,LatCrit,local,local,0,local,local,0,0.8311041593551636,0.873258650302887,0.04215449094772339,0.007751508615911007,0.08430901169776917,0.8311041593551636,0.873258650302887,0.13634638488292694,0.10553346574306488,0.03254947438836098,0.02120787277817726
60,S8,ComHvy,BS1,BS1,0,BS1,BS1,0,0.742294192314148,0.8294810652732849,0.08718687295913696,0.03145064413547516,0.17437368631362915,0.1869688630104065,0.10417753458023071,0.742294192314148,0.8294810652732849,0.07073686271905899,0.06634138524532318
60,S8,BWHvy,local,local,0,local,local,0,0.584170401096344,0.606776237487793,0.022605836391448975,0.009146122261881828,0.10351623594760895,0.584170401096344,0.606776237487793,0.23998938500881195,0.18823127448558807,0.17584021389484406,0.20499250292778015
61,S1,LatCrit,BS1,BS1,0,BS1,BS1,0,0.7759770154953003,0.7830830812454224,0.00710606575012207,0.00015453738160431385,0.014212086796760559,0.1481150984764099,0.14423346519470215,0.7759770154953003,0.7830830812454224,0.0759078860282898,0.07268349826335907
61,S1,ComHvy,local,local,0,local,local,0,0.9278546571731567,0.9413698315620422,0.013515174388885498,0.0020915642380714417,0.027030356228351593,0.9278546571731567,0.9413698315620422,0.0035176058299839497,0.001566574675962329,0.0686277449131012,0.057063594460487366
61,S1,BWHvy,local,local,0,local,local,0,0.41065317392349243,0.4546739459037781,0.044020771980285645,0.010804980993270874,0.11183129251003265,0.41065317392349243,0.4546739459037781,0.3653346300125122,0.3772295117378235,0.22401219606399536,0.16809655725955963
61,S2,LatCrit,local,local,0,local,local,0,0.6428627967834473,0.7022477984428406,0.05938500165939331,0.01753631979227066,0.156021848320961,0.6428627967834473,0.7022477984428406,0.03663139045238495,0.055257294327020645,0.32050585746765137,0.24249491095542908
61,S2,ComHvy,BS1,BS1,0,BS1,BS1,0,0.435046523809433,0.5431796312332153,0.10813310742378235,0.030926063656806946,0.21626624464988708,0.13833123445510864,0.08211719989776611,0.435046523809433,0.5431796312332153,0.42662227153778076,0.37470316886901855
61,S2,BWHvy,BS2,BS1,1,BS1,BS1,0,0.4342716634273529,0.35879406332969666,-0.07547760009765625,0.015834763646125793,0.16263630986213684,0.22982794046401978,0.28825241327285767,0.3359003961086273,0.35879406332969666,0.4342716634273529,0.3529534935951233
61,S3,LatCrit,local,local,0,local,local,0,0.7139889001846313,0.7807535529136658,0.06676465272903442,0.013228320516645908,0.13352927565574646,0.7139889001846313,0.7807535529136658,0.27290990948677063,0.21261313557624817,0.013101194053888321,0.00663334596902132
61,S3,ComHvy,local,local,0,local,local,0,0.5073282122612,0.5651019215583801,0.057773709297180176,0.09222166240215302,0.3168901205062866,0.5073282122612,0.5651019215583801,0.29166746139526367,0.13322237133979797,0.20100434124469757,0.3016756772994995
61,S3,BWHvy,BS2,BS1,1,BS1,BS1,0,0.3688036799430847,0.3383537232875824,-0.03044995665550232,0.006667867302894592,0.1054079532623291,0.2738683819770813,0.32657235860824585,0.357327938079834,0.3383537232875824,0.3688036799430847,0.33507391810417175
61,S4,LatCrit,BS1,BS1,0,BS1,BS1,0,0.46550944447517395,0.46245038509368896,-0.0030590593814849854,0.0054349955171346664,0.06680533289909363,0.10824257135391235,0.14164525270462036,0.46550944447517395,0.46245038509368896,0.4262479841709137,0.39590439200401306
61,S4,ComHvy,local,local,0,local,local,0,0.5133606195449829,0.506858229637146,-0.006502389907836914,0.006796292029321194,0.024545909836888313,0.5133606195449829,0.506858229637146,0.47970330715179443,0.491976261138916,0.006936085410416126,0.0011655198177322745
61,S4,BWHvy,BS1,BS1,0,BS1,BS1,0,0.5170632004737854,0.48185381293296814,-0.03520938754081726,0.00851956382393837,0.10899320244789124,0.18939870595932007,0.2438952922821045,0.5170632004737854,0.48185381293296814,0.2935381233692169,0.27425089478492737
61,S5,LatCrit,BS2,BS1,1,BS2,BS2,0,0.5297064781188965,0.46536189317703247,-0.06434458494186401,0.0882597416639328,0.3792444169521332,0.19027632474899292,0.19455385208129883,0.280017226934433,0.46536189317703247,0.5297064781188965,0.3400842547416687
61,S5,ComHvy,local,local,0,local,local,0,0.8133830428123474,0.8826698064804077,0.0692867636680603,0.029872935265302658,0.138573557138443,0.8133830428123474,0.8826698064804077,0.1439400464296341,0.10395852476358414,0.042676933109760284,0.0133716631680727
61,S5,BWHvy,BS1,BS1,0,BS1,BS1,0,0.4103262424468994,0.4227873384952545,0.012461096048355103,0.028908178210258484,0.18269728124141693,0.3220752477645874,0.400962769985199,0.4103262424468994,0.4227873384952545,0.26759853959083557,0.17624987661838531
61,S6,LatCrit,local,local,0,local,local,0,0.7521153688430786,0.8267064690589905,0.07459110021591187,0.018018826842308044,0.14918217062950134,0.7521153688430786,0.8267064690589905,0.053947482258081436,0.03375020995736122,0.19393713772296906,0.1395433396100998
61,S6,ComHvy,local,local,0,local,local,0,0.7700290679931641,0.7747637033462524,0.004734635353088379,0.00026201107539236546,0.010460741817951202,0.7700290679931641,0.7747637033462524,0.058940447866916656,0.05371008813381195,0.1710304468870163,0.17152619361877441
61,S6,BWHvy,BS1,BS2,1,BS1,BS1,0,0.43356820940971375,0.40761542320251465,-0.025952786207199097,0.02420198917388916,0.21011915802955627,0.23112034797668457,0.26387596130371094,0.43356820940971375,0.3285086154937744,0.3353114724159241,0.40761542320251465
61,S7,LatCrit,BS2,BS2,0,BS2,BS2,0,0.7806520462036133,0.7255362272262573,-0.05511581897735596,0.02379550039768219,0.15446968376636505,0.1749303936958313,0.2521652579307556,0.04441754147410393,0.02229853719472885,0.7806520462036133,0.7255362272262573
61,S7,ComHvy,BS1,BS1,0,BS1,BS1,0,0.7510207295417786,0.6239798665046692,-0.12704086303710938,0.03790101408958435,0.2540817856788635,0.06850343942642212,0.08648484945297241,0.7510207295417786,0.6239798665046692,0.18047580122947693,0.2895353138446808
61,S7,BWHvy,BS1,BS1,0,local,local,0,0.46093490719795227,0.46691933274269104,0.0059844255447387695,0.0005694441497325897,0.027457281947135925,0.31423264741897583,0.32197684049606323,0.46093490719795227,0.46691933274269104,0.2248324751853943,0.21110381186008453
61,S8,LatCrit,BS1,local,1,BS1,BS1,0,0.48239365220069885,0.5381776094436646,0.0557839572429657,0.024042019620537758,0.21750342845916748,0.42942583560943604,0.5381776094436646,0.48239365220069885,0.38469159603118896,0.08818047493696213,0.07713086903095245
61,S8,ComHvy,local,local,0,local,local,0,0.6915321946144104,0.5512164831161499,-0.1403157114982605,0.05964187532663345,0.3226737678050995,0.6915321946144104,0.5512164831161499,0.22206300497055054,0.3833998739719391,0.08640481531620026,0.06538363546133041
61,S8,BWHvy,BS1,BS1,0,BS1,BS1,0,0.5059055089950562,0.5117197036743164,0.005814194679260254,0.0006972560659050941,0.023839548230171204,0.37042492628097534,0.3765304684638977,0.5059055089950562,0.5117197036743164,0.12366963177919388,0.11174982041120529
62,S1,LatCrit,local,local,0,local,local,0,0.6548842191696167,0.6386195421218872,-0.016264677047729492,0.0007066875696182251,0.03252933919429779,0.6548842191696167,0.6386195421218872,0.09439116716384888,0.09446556866168976,0.2507246434688568,0.26691490411758423
62,S1,ComHvy,local,local,0,local,local,0,0.9161849617958069,0.920476496219635,0.004291534423828125,0.0076660700142383575,0.0387408547103405,0.9161849617958069,0.920476496219635,0.065302275121212,0.04593184217810631,0.018512755632400513,0.03359164297580719
62,S1,BWHvy,local,local,0,local,local,0,0.560832679271698,0.5607836246490479,-4.9054622650146484e-05,0.00029912451282143593,0.015130817890167236,0.560832679271698,0.5607836246490479,0.30444639921188354,0.2969300448894501,0.13472093641757965,0.14228634536266327
62,S2,LatCrit,BS2,BS2,0,BS2,BS2,0,0.5628730058670044,0.5599769353866577,-0.0028960704803466797,0.0035894811153411865,0.047125913202762604,0.3587998151779175,0.33813291788101196,0.07832715660333633,0.10189010202884674,0.5628730058670044,0.5599769353866577
62,S2,ComHvy,BS1,BS1,0,BS1,BS1,0,0.7353799939155579,0.7305215001106262,-0.004858493804931641,0.012340323999524117,0.039667531847953796,0.24386519193649292,0.263698935508728,0.7353799939155579,0.7305215001106262,0.020754821598529816,0.005779528524726629
62,S2,BWHvy,local,local,0,BS1,BS1,0,0.48174840211868286,0.4685130715370178,-0.013235330581665039,0.0004893916193395853,0.026470661163330078,0.48174840211868286,0.4685130715370178,0.2715130150318146,0.28456661105155945,0.24673859775066376,0.24692033231258392
62,S3,LatCrit,local,local,0,local,local,0,0.7694143652915955,0.8821172118186951,0.11270284652709961,0.06157232075929642,0.2254057079553604,0.7694143652915955,0.8821172118186951,0.08225161582231522,0.025387952104210854,0.14833404123783112,0.09249484539031982
62,S3,ComHvy,BS2,BS2,0,BS2,BS2,0,0.6945100426673889,0.7619173526763916,0.06740731000900269,0.025028862059116364,0.13481466472148895,0.219576895236969,0.19907867908477783,0.08591308444738388,0.03900394216179848,0.6945100426673889,0.7619173526763916
62,S3,BWHvy,local,local,0,local,local,0,0.4489939212799072,0.46306830644607544,0.014074385166168213,0.0009310562163591385,0.035449668765068054,0.4489939212799072,0.46306830644607544,0.31272363662719727,0.3163740932941437,0.23828242719173431,0.22055760025978088
62,S4,LatCrit,BS1,BS1,0,BS1,BS1,0,0.5001893043518066,0.35446369647979736,-0.14572560787200928,0.05144213140010834,0.29145121574401855,0.3148549795150757,0.3530418872833252,0.5001893043518066,0.35446369647979736,0.18495570123195648,0.29249438643455505
62,S4,ComHvy,local,BS1,1,local,BS1,1,0.5611051321029663,0.4451874792575836,-0.11591765284538269,0.07349367439746857,0.36881664395332336,0.5611051321029663,0.4096592664718628,0.26077914237976074,0.4451874792575836,0.17811574041843414,0.14515329897403717
62,S4,BWHvy,BS1,BS1,0,BS1,BS1,0,0.4234655201435089,0.43464770913124084,0.011182188987731934,0.0033477917313575745,0.06014920771121979,0.3924497365951538,0.41134214401245117,0.4234655201435089,0.43464770913124084,0.18408474326133728,0.1540101319551468
62,S5,LatCrit,local,local,0,local,local,0,0.5003972053527832,0.5593069195747375,0.058909714221954346,0.007640494965016842,0.12006364017724991,0.5003972053527832,0.5593069195747375,0.4490194320678711,0.38898763060569763,0.05058332160115242,0.05170544609427452
62,S5,ComHvy,BS1,BS1,0,BS1,BS1,0,0.48090660572052,0.5194928646087646,0.03858625888824463,0.015129134058952332,0.07784249633550644,0.43630337715148926,0.43663835525512695,0.48090660572052,0.5194928646087646,0.08279003947973251,0.0438687801361084
62,S5,BWHvy,local,local,0,local,local,0,0.5662268400192261,0.5598312616348267,-0.006395578384399414,0.00042800838127732277,0.024847514927387238,0.5662268400192261,0.5598312616348267,0.3038947582244873,0.3163185119628906,0.12987840175628662,0.12385021895170212
62,S6,LatCrit,local,local,0,local,local,0,0.7194166779518127,0.607340931892395,-0.11207574605941772,0.0277903750538826,0.22415144741535187,0.7194166779518127,0.607340931892395,0.2725272476673126,0.38394927978515625,0.008056089282035828,0.008709752932190895
62,S6,ComHvy,BS1,BS1,0,BS1,BS1,0,0.6141077280044556,0.6909855604171753,0.07687783241271973,0.013515083119273186,0.15375560522079468,0.22054648399353027,0.17149507999420166,0.6141077280044556,0.6909855604171753,0.16534580290317535,0.13751943409442902
62,S6,BWHvy,local,local,0,local,local,0,0.44544196128845215,0.4529256820678711,0.007483720779418945,0.0022510867565870285,0.056391820311546326,0.44544196128845215,0.4529256820678711,0.35523632168769836,0.3270404040813446,0.1993217170238495,0.2200338989496231
62,S7,LatCrit,local,local,0,local,local,0,0.5592471361160278,0.7015753388404846,0.1423282027244568,0.05878758430480957,0.2846563756465912,0.5592471361160278,0.7015753388404846,0.0577022023499012,0.01860952004790306,0.3830506205558777,0.279815137386322
62,S7,ComHvy,BS1,BS1,0,BS1,BS1,0,0.8121446967124939,0.7425553202629089,-0.06958937644958496,0.01849975436925888,0.15098217129707336,0.04539591073989868,0.039494216442108154,0.8121446967124939,0.7425553202629089,0.14245934784412384,0.21795044839382172
62,S7,BWHvy,local,local,0,local,local,0,0.6496443152427673,0.6494522094726562,-0.00019210577011108398,3.450666554272175e-06,0.001735985279083252,0.6496443152427673,0.6494522094726562,0.13613232970237732,0.13545644283294678,0.21422334015369415,0.21509133279323578
62,S8,LatCrit,local,local,0,local,local,0,0.6131961345672607,0.6384722590446472,0.025276124477386475,0.0645851269364357,0.24083775281906128,0.6131961345672607,0.6384722590446472,0.10520590096712112,0.20034869015216827,0.28159791231155396,0.1611790657043457
62,S8,ComHvy,BS2,BS2,0,BS2,BS2,0,0.8722297549247742,0.9017890691757202,0.029559314250946045,0.004560414701700211,0.05911865085363388,0.09583616256713867,0.0742310881614685,0.03193412721157074,0.02397986687719822,0.8722297549247742,0.9017890691757202
62,S8,BWHvy,local,local,0,local,local,0,0.6317806839942932,0.6500809192657471,0.018300235271453857,0.0007409579120576382,0.03660048544406891,0.6317806839942932,0.6500809192657471,0.18789072334766388,0.17723487317562103,0.1803286075592041,0.1726842075586319
63,S1,LatCrit,local,local,0,local,local,0,0.8834006190299988,0.8727442622184753,-0.010656356811523438,0.0009811297059059143,0.021312709897756577,0.8834006190299988,0.8727442622184753,0.08252261579036713,0.08481094241142273,0.0340767540037632,0.042444780468940735
63,S1,ComHvy,local,local,0,local,local,0,0.869853138923645,0.8404809236526489,-0.029372215270996094,0.013396080583333969,0.0837286040186882,0.869853138923645,0.8404809236526489,0.021042631939053535,0.00855053961277008,0.109104223549366,0.1509685218334198
63,S1,BWHvy,local,BS1,1,local,BS1,1,0.4852102994918823,0.5056349039077759,0.020424604415893555,0.05840321257710457,0.32865110039711,0.4852102994918823,0.3208847641944885,0.37457606196403503,0.5056349039077759,0.14021365344524384,0.17348037660121918
63,S2,LatCrit,BS2,BS1,1,local,BS1,1,0.505286455154419,0.43008869886398315,-0.07519775629043579,0.1193937361240387,0.42014798521995544,0.2746988534927368,0.26779705286026,0.22001466155052185,0.43008869886398315,0.505286455154419,0.3021143078804016
63,S2,ComHvy,BS1,BS1,0,BS2,BS1,1,0.5130953788757324,0.6182931065559387,0.1051977276802063,0.022945985198020935,0.2103954404592514,0.24072831869125366,0.19293367862701416,0.5130953788757324,0.6182931065559387,0.24617627263069153,0.18877319991588593
63,S2,BWHvy,local,BS1,1,local,BS1,1,0.524076521396637,0.34824004769325256,-0.1758364737033844,0.07256417721509933,0.3540993630886078,0.524076521396637,0.3470268249511719,0.21290583908557892,0.34824004769325256,0.2630176246166229,0.3047330975532532
63,S3,LatCrit,local,local,0,local,local,0,0.6177129745483398,0.7306606769561768,0.11294770240783691,0.062044765800237656,0.2772941291332245,0.6177129745483398,0.7306606769561768,0.2905530333518982,0.15190598368644714,0.09173398464918137,0.11743336170911789
63,S3,ComHvy,BS2,BS2,0,BS2,BS2,0,0.42736613750457764,0.626621425151825,0.19925528764724731,0.2201995700597763,0.45577144622802734,0.2620099186897278,0.29064035415649414,0.31062397360801697,0.0827382504940033,0.42736613750457764,0.626621425151825
63,S3,BWHvy,local,BS1,1,local,BS1,1,0.3896676301956177,0.4714263677597046,0.08175873756408691,0.05209052562713623,0.27618861198425293,0.3896676301956177,0.2515733242034912,0.3424021899700165,0.4714263677597046,0.26793015003204346,0.2770002782344818
63,S4,LatCrit,local,local,0,local,local,0,0.6433732509613037,0.5639613270759583,-0.07941192388534546,0.10339731723070145,0.35869577527046204,0.6433732509613037,0.5639613270759583,0.20565879344940186,0.1057228222489357,0.15096798539161682,0.33031585812568665
63,S4,ComHvy,local,local,0,local,local,0,0.7519247531890869,0.7515166997909546,-0.0004080533981323242,0.0855117067694664,0.19429396092891693,0.7519247531890869,0.7515166997909546,0.09300453215837479,0.19015154242515564,0.15507067739963531,0.05833178013563156
63,S4,BWHvy,local,BS1,1,BS1,BS1,0,0.516019344329834,0.4350440800189972,-0.08097526431083679,0.08701254427433014,0.36765411496162415,0.516019344329834,0.3321923017501831,0.25556066632270813,0.4350440800189972,0.2284199595451355,0.2327636182308197
63,S5,LatCrit,local,local,0,local,local,0,0.6449834108352661,0.6463869214057922,0.001403510570526123,0.008658487349748611,0.07513795047998428,0.6449834108352661,0.6463869214057922,0.14646340906620026,0.10889444500207901,0.20855315029621124,0.24471862614154816
63,S5,ComHvy,BS1,BS1,0,BS1,BS1,0,0.8545399308204651,0.8947982788085938,0.04025834798812866,0.028851967304944992,0.08051672577857971,0.10296928882598877,0.09476029872894287,0.8545399308204651,0.8947982788085938,0.042490843683481216,0.010441455990076065
63,S5,BWHvy,local,local,0,local,local,0,0.6202898025512695,0.42190492153167725,-0.19838488101959229,0.08393271267414093,0.3967697322368622,0.6202898025512695,0.42190492153167725,0.22035223245620728,0.378288209438324,0.15935799479484558,0.19980686902999878
63,S6,LatCrit,local,local,0,local,local,0,0.7754030227661133,0.7154115438461304,-0.05999147891998291,0.009997624903917313,0.12309560179710388,0.7754030227661133,0.7154115438461304,0.2171063870191574,0.27865418791770935,0.007490553893148899,0.005934234708547592
63,S6,ComHvy,BS1,BS1,0,BS1,BS1,0,0.8220507502555847,0.8522974252700806,0.03024667501449585,0.007140742614865303,0.06049341708421707,0.16505491733551025,0.1431010365486145,0.8220507502555847,0.8522974252700806,0.012894372455775738,0.004601510241627693
63,S6,BWHvy,local,BS1,1,local,BS1,1,0.44183510541915894,0.4121410846710205,-0.029694020748138428,0.04903745278716087,0.2961995601654053,0.44183510541915894,0.2937353253364563,0.3274402618408203,0.4121410846710205,0.23072463274002075,0.2941235899925232
63,S7,LatCrit,local,local,0,local,local,0,0.7464286088943481,0.7593954801559448,0.01296687126159668,0.001018407754600048,0.025933697819709778,0.7464286088943481,0.7593954801559448,0.005684239324182272,0.003348317462950945,0.24788711965084076,0.2372562140226364
63,S7,ComHvy,BS1,BS2,1,BS1,BS2,1,0.42527177929878235,0.5275404453277588,0.10226866602897644,0.1858389973640442,0.4961777329444885,0.2952766418457031,0.2886263132095337,0.42527177929878235,0.18383322656154633,0.2794515788555145,0.5275404453277588
63,S7,BWHvy,local,local,0,local,local,0,0.6256510019302368,0.4392005205154419,-0.18645048141479492,0.07011599838733673,0.37290099263191223,0.6256510019302368,0.4392005205154419,0.16975662112236023,0.2502197325229645,0.20459234714508057,0.31057974696159363
63,S8,LatCrit,local,local,0,local,local,0,0.7391766309738159,0.7145403623580933,-0.024636268615722656,0.018692519515752792,0.10351207852363586,0.7391766309738159,0.7145403623580933,0.04930679127573967,0.1010628491640091,0.2115165889263153,0.18439683318138123
63,S8,ComHvy,BS2,BS2,0,BS2,BS2,0,0.6588287949562073,0.5612382292747498,-0.09759056568145752,0.0250985249876976,0.21441084146499634,0.05345749855041504,0.04384267330169678,0.2877137362957001,0.39491918683052063,0.6588287949562073,0.5612382292747498
63,S8,BWHvy,local,BS1,1,BS2,BS2,0,0.4285733103752136,0.37145259976387024,-0.057120710611343384,0.02639051526784897,0.20672057569026947,0.4285733103752136,0.3252130150794983,0.3441184461116791,0.37145259976387024,0.2273082584142685,0.30333438515663147
