probe_index,sensor_id,task_name,old_top1_choice,new_top1_choice,top1_changed,old_sampled_choice,new_sampled_choice,sampled_changed,old_top1_prob,new_top1_prob,top1_prob_delta,decision_kl,decision_l1,old_local_prob,new_local_prob,old_BS1_prob,new_BS1_prob,old_BS2_prob,new_BS2_prob
0,S1,LatCrit,local,local,0,local,local,0,0.5796390175819397,0.5963493585586548,0.016710340976715088,0.0005883318372070789,0.0334206223487854,0.5796390175819397,0.5963493585586548,0.22469116747379303,0.21431395411491394,0.19566980004310608,0.18933673202991486
0,S1,ComHvy,local,local,0,local,local,0,0.5456297993659973,0.5709396600723267,0.025309860706329346,0.0021997815929353237,0.05061975121498108,0.5456297993659973,0.5709396600723267,0.19049641489982605,0.16667860746383667,0.263873815536499,0.26238173246383667
0,S1,BWHvy,local,local,0,BS1,BS1,0,0.4554796814918518,0.45455992221832275,-0.0009197592735290527,0.0001513180322945118,0.012905046343803406,0.4554796814918518,0.45455992221832275,0.3536277711391449,0.34809499979019165,0.1908925622701645,0.1973450779914856
0,S2,LatCrit,local,local,0,local,local,0,0.534649133682251,0.5467512011528015,0.012102067470550537,0.0032623056322336197,0.06142471730709076,0.534649133682251,0.5467512011528015,0.21108050644397736,0.18036815524101257,0.2542703449726105,0.2728806436061859
0,S2,ComHvy,local,local,0,local,local,0,0.5483043193817139,0.49647074937820435,-0.05183357000350952,0.005525778979063034,0.10366714000701904,0.5483043193817139,0.49647074937820435,0.2030252367258072,0.2326812893152237,0.24867042899131775,0.27084794640541077
0,S2,BWHvy,local,local,0,local,local,0,0.519488513469696,0.5243843793869019,0.0048958659172058105,0.001686951145529747,0.04238596558570862,0.519488513469696,0.5243843793869019,0.2001936137676239,0.1790006160736084,0.28031790256500244,0.29661500453948975
0,S3,LatCrit,local,local,0,local,local,0,0.43759000301361084,0.43186020851135254,-0.005729794502258301,0.00021408777683973312,0.01868748664855957,0.43759000301361084,0.43186020851135254,0.2832821011543274,0.2796681523323059,0.27912789583206177,0.28847163915634155
0,S3,ComHvy,local,local,0,local,local,0,0.4611778259277344,0.44247305393218994,-0.018704771995544434,0.0008172423113137484,0.03740955889225006,0.4611778259277344,0.44247305393218994,0.31365787982940674,0.3300904929637909,0.2251642793416977,0.22743645310401917
0,S3,BWHvy,local,local,0,local,local,0,0.4663694500923157,0.4849112629890442,0.018541812896728516,0.0009796861559152603,0.04028584063053131,0.4663694500923157,0.4849112629890442,0.1896246075630188,0.19122569262981415,0.3440059721469879,0.32386302947998047
0,S4,LatCrit,local,local,0,local,local,0,0.4725898504257202,0.469693124294281,-0.002896726131439209,0.001343660056591034,0.04045739769935608,0.4725898504257202,0.469693124294281,0.28119727969169617,0.3014259934425354,0.24621285498142242,0.2288808971643448
0,S4,ComHvy,local,local,0,local,local,0,0.5427745580673218,0.5239989757537842,-0.018775582313537598,0.0008095339871942997,0.037551164627075195,0.5427745580673218,0.5239989757537842,0.24405771493911743,0.25908541679382324,0.21316774189472198,0.21691562235355377
0,S4,BWHvy,local,local,0,local,local,0,0.5454546213150024,0.5667105317115784,0.021255910396575928,0.0023214034736156464,0.05853855609893799,0.5454546213150024,0.5667105317115784,0.19060170650482178,0.19861504435539246,0.26394373178482056,0.23467442393302917
0,S5,LatCrit,local,local,0,BS1,BS1,0,0.43241584300994873,0.4878706932067871,0.05545485019683838,0.006902927532792091,0.11090968549251556,0.43241584300994873,0.4878706932067871,0.33439451456069946,0.2889178693294525,0.2331896275281906,0.22321143746376038
0,S5,ComHvy,local,local,0,local,local,0,0.4618062376976013,0.48348456621170044,0.02167832851409912,0.0020161308348178864,0.059590309858322144,0.4618062376976013,0.48348456621170044,0.34771430492401123,0.31791913509368896,0.19047945737838745,0.1985962688922882
0,S5,BWHvy,local,local,0,local,local,0,0.4896073341369629,0.48180919885635376,-0.007798135280609131,0.0014161355793476105,0.04489457607269287,0.4896073341369629,0.48180919885635376,0.24355344474315643,0.22890429198741913,0.2668392062187195,0.2892864942550659
0,S6,LatCrit,local,local,0,local,local,0,0.5385527610778809,0.5223702192306519,-0.016182541847229004,0.0019419770687818527,0.051290348172187805,0.5385527610778809,0.5223702192306519,0.1996082365512848,0.2252534180879593,0.26183897256851196,0.25237634778022766
0,S6,ComHvy,local,local,0,BS2,BS2,0,0.3874828815460205,0.3925325870513916,0.005049705505371094,0.00017078500241041183,0.01780739426612854,0.3874828815460205,0.3925325870513916,0.23650257289409637,0.24035654962062836,0.3760145604610443,0.36711084842681885
0,S6,BWHvy,local,local,0,local,local,0,0.3700786232948303,0.3869777321815491,0.01689910888671875,0.0017449883744120598,0.05300500988960266,0.3700786232948303,0.3869777321815491,0.3028240501880646,0.27632153034210205,0.3270973563194275,0.3367007374763489
0,S7,LatCrit,local,local,0,local,local,0,0.5617406368255615,0.5782629251480103,0.01652228832244873,0.0011151684448122978,0.034509703516960144,0.5617406368255615,0.5782629251480103,0.18155628442764282,0.16430146992206573,0.2567030191421509,0.2574356198310852
0,S7,ComHvy,local,local,0,local,local,0,0.5251981019973755,0.4830424189567566,-0.042155683040618896,0.0036126356571912766,0.0843113362789154,0.5251981019973755,0.4830424189567566,0.21651969850063324,0.23176266252994537,0.25828221440315247,0.28519490361213684
0,S7,BWHvy,local,local,0,BS1,local,1,0.46532976627349854,0.5070092678070068,0.0416795015335083,0.004999781027436256,0.08335898816585541,0.46532976627349854,0.5070092678070068,0.24598540365695953,0.20836254954338074,0.28868481516838074,0.2846281826496124
0,S8,LatCrit,local,local,0,BS1,local,1,0.47744083404541016,0.4991297721862793,0.02168893814086914,0.003072044812142849,0.06979005038738251,0.47744083404541016,0.4991297721862793,0.29767560958862305,0.2627805769443512,0.22488358616828918,0.2380896657705307
0,S8,ComHvy,local,local,0,local,local,0,0.5079333782196045,0.5271546840667725,0.01922130584716797,0.002027854323387146,0.054846733808517456,0.5079333782196045,0.5271546840667725,0.264411985874176,0.2369886040687561,0.22765465080738068,0.23585669696331024
0,S8,BWHvy,local,local,0,local,local,0,0.5020490884780884,0.5336863994598389,0.03163731098175049,0.0020159538835287094,0.06327466666698456,0.5020490884780884,0.5336863994598389,0.27137941122055054,0.25271639227867126,0.22657153010368347,0.21359719336032867
1,S1,LatCrit,local,local,0,local,local,0,0.4874545931816101,0.4866620898246765,-0.0007925033569335938,5.0836242735385895e-06,0.002777278423309326,0.4874545931816101,0.4866620898246765,0.25919750332832336,0.2586013972759247,0.25334787368774414,0.2547365427017212
1,S1,ComHvy,local,local,0,local,local,0,0.5691739320755005,0.5817108154296875,0.012536883354187012,0.0006427235202863812,0.027809083461761475,0.5691739320755005,0.5817108154296875,0.20168046653270721,0.18777590990066528,0.22914563119411469,0.23051327466964722
1,S1,BWHvy,local,local,0,local,local,0,0.45890510082244873,0.46860963106155396,0.009704530239105225,0.00018929294310510159,0.019409045577049255,0.45890510082244873,0.46860963106155396,0.3500313460826874,0.34362271428108215,0.1910635381937027,0.1877676546573639
1,S2,LatCrit,local,local,0,local,local,0,0.4867525100708008,0.49824416637420654,0.011491656303405762,0.0034059733152389526,0.06547695398330688,0.4867525100708008,0.49824416637420654,0.23686091601848602,0.20412243902683258,0.276386559009552,0.2976333796977997
1,S2,ComHvy,local,local,0,local,local,0,0.5245901942253113,0.5649667978286743,0.04037660360336304,0.003942281007766724,0.08075325191020966,0.5245901942253113,0.5649667978286743,0.20082534849643707,0.19502036273479462,0.27458447217941284,0.24001280963420868
1,S2,BWHvy,local,local,0,local,local,0,0.519255518913269,0.5027438402175903,-0.01651167869567871,0.000555381178855896,0.033023327589035034,0.519255518913269,0.5027438402175903,0.2514478266239166,0.2616760730743408,0.22929668426513672,0.23558008670806885
1,S3,LatCrit,local,local,0,BS1,BS1,0,0.42731279134750366,0.47027820348739624,0.04296541213989258,0.0037837661802768707,0.08593083918094635,0.42731279134750366,0.47027820348739624,0.34646978974342346,0.3166825473308563,0.22621743381023407,0.21303924918174744
1,S3,ComHvy,local,local,0,local,local,0,0.5376278162002563,0.5269801616668701,-0.01064765453338623,0.00023371493443846703,0.021295279264450073,0.5376278162002563,0.5269801616668701,0.2355564683675766,0.24219557642936707,0.22681576013565063,0.230824276804924
1,S3,BWHvy,local,local,0,BS2,local,1,0.43679070472717285,0.4726988673210144,0.03590816259384155,0.0027371104806661606,0.07181639969348907,0.43679070472717285,0.4726988673210144,0.26480692625045776,0.24203039705753326,0.29840242862701416,0.28527072072029114
1,S4,LatCrit,local,local,0,local,local,0,0.4827417731285095,0.5396889448165894,0.056947171688079834,0.008461770601570606,0.11389440298080444,0.4827417731285095,0.5396889448165894,0.2364114671945572,0.19055990874767303,0.28084680438041687,0.2697511315345764
1,S4,ComHvy,local,local,0,BS1,local,1,0.47053003311157227,0.4892054796218872,0.01867544651031494,0.0007225638255476952,0.03735092282295227,0.47053003311157227,0.4892054796218872,0.3667285740375519,0.3515366315841675,0.16274142265319824,0.1592578887939453
1,S4,BWHvy,local,local,0,BS1,BS1,0,0.5497426986694336,0.5739210844039917,0.024178385734558105,0.0011900858953595161,0.04835669696331024,0.5497426986694336,0.5739210844039917,0.2739744782447815,0.25943177938461304,0.17628279328346252,0.16664718091487885
1,S5,LatCrit,local,local,0,BS2,BS2,0,0.41134369373321533,0.400567889213562,-0.01077580451965332,0.00027298368513584137,0.02155163884162903,0.41134369373321533,0.400567889213562,0.28659987449645996,0.2887267470359802,0.3020564317703247,0.31070539355278015
1,S5,ComHvy,local,local,0,local,local,0,0.45242488384246826,0.458856463432312,0.00643157958984375,0.0001430450938642025,0.015460744500160217,0.45242488384246826,0.458856463432312,0.32282793521881104,0.3150975704193115,0.22474715113639832,0.22604595124721527
1,S5,BWHvy,local,local,0,local,local,0,0.47371727228164673,0.4814760684967041,0.007758796215057373,0.00015751714818179607,0.015517652034759521,0.47371727228164673,0.4814760684967041,0.24979443848133087,0.2430499941110611,0.2764883041381836,0.2754738926887512
1,S6,LatCrit,local,local,0,local,local,0,0.4939093589782715,0.5113969445228577,0.01748758554458618,0.0014699865132570267,0.046536028385162354,0.4939093589782715,0.5113969445228577,0.24440491199493408,0.2501853108406067,0.2616857588291168,0.23841771483421326
1,S6,ComHvy,local,local,0,BS2,BS2,0,0.454590380191803,0.4237440824508667,-0.03084629774093628,0.0019374508410692215,0.06169259548187256,0.454590380191803,0.4237440824508667,0.23161272704601288,0.2444075495004654,0.31379687786102295,0.3318483531475067
1,S6,BWHvy,local,local,0,local,local,0,0.5120935440063477,0.5491468906402588,0.03705334663391113,0.0028186235576868057,0.07410666346549988,0.5120935440063477,0.5491468906402588,0.2476915717124939,0.2323240488767624,0.24021486937999725,0.21852907538414001
1,S7,LatCrit,local,local,0,local,local,0,0.5273720026016235,0.5606485605239868,0.03327655792236328,0.004305639769881964,0.07404157519340515,0.5273720026016235,0.5606485605239868,0.23468026518821716,0.1976594477891922,0.23794777691364288,0.2416919767856598
1,S7,ComHvy,local,local,0,local,local,0,0.5774198770523071,0.5463476181030273,-0.031072258949279785,0.0021659880876541138,0.06214442849159241,0.5774198770523071,0.5463476181030273,0.22819459438323975,0.25207701325416565,0.1943855732679367,0.20157532393932343
1,S7,BWHvy,local,local,0,local,local,0,0.43835824728012085,0.4875304698944092,0.04917222261428833,0.007067050784826279,0.09834447503089905,0.43835824728012085,0.4875304698944092,0.32015642523765564,0.31441354751586914,0.2414853572845459,0.19805598258972168
1,S8,LatCrit,local,local,0,BS2,local,1,0.5336465835571289,0.5685363411903381,0.03488975763320923,0.002903718501329422,0.06977950036525726,0.5336465835571289,0.5685363411903381,0.2468169927597046,0.23764924705028534,0.2195364087820053,0.19381441175937653
1,S8,ComHvy,local,local,0,local,local,0,0.5127429962158203,0.5284141898155212,0.015671193599700928,0.0007299756398424506,0.031342387199401855,0.5127429962158203,0.5284141898155212,0.22968822717666626,0.21495786309242249,0.2575687766075134,0.2566279470920563
1,S8,BWHvy,local,local,0,local,local,0,0.48714888095855713,0.5069407820701599,0.019791901111602783,0.0014416025951504707,0.046006470918655396,0.48714888095855713,0.5069407820701599,0.2726130783557892,0.2496098279953003,0.24023805558681488,0.2434493750333786
2,S1,LatCrit,local,local,0,local,local,0,0.4413130283355713,0.4515377879142761,0.010224759578704834,0.00043246708810329437,0.02251105010509491,0.4413130283355713,0.4515377879142761,0.34963083267211914,0.35066160559654236,0.20905612409114838,0.19780060648918152
2,S1,ComHvy,local,local,0,local,local,0,0.49023956060409546,0.49217212200164795,0.0019325613975524902,0.0010424591600894928,0.03240841627120972,0.49023956060409546,0.49217212200164795,0.19117455184459686,0.174970343708992,0.3185858726501465,0.33285751938819885
2,S1,BWHvy,local,local,0,local,local,0,0.5384857654571533,0.5265904664993286,-0.011895298957824707,0.001990961842238903,0.05242350697517395,0.5384857654571533,0.5265904664993286,0.22812767326831818,0.25433939695358276,0.2333865761756897,0.21907009184360504
2,S2,LatCrit,local,local,0,local,local,0,0.4456169605255127,0.4524666666984558,0.006849706172943115,0.00021571246907114983,0.01699240505695343,0.4456169605255127,0.4524666666984558,0.23209220170974731,0.22359599173069,0.32229083776474,0.323937326669693
2,S2,ComHvy,local,local,0,local,local,0,0.5119109153747559,0.5362670421600342,0.02435612678527832,0.0013474486768245697,0.04871228337287903,0.5119109153747559,0.5362670421600342,0.22869320213794708,0.22315672039985657,0.25939586758613586,0.24057619273662567
2,S2,BWHvy,local,local,0,BS1,BS1,0,0.4701688289642334,0.453599214553833,-0.01656961441040039,0.0009263833053410053,0.03866592049598694,0.4701688289642334,0.453599214553833,0.2929719388484955,0.31230491399765015,0.23685921728610992,0.23409588634967804
2,S3,LatCrit,local,local,0,BS2,BS2,0,0.4701407551765442,0.4322919249534607,-0.037848830223083496,0.004403982311487198,0.08603410422801971,0.4701407551765442,0.4322919249534607,0.2195187509059906,0.21435053646564484,0.3103404641151428,0.3533575236797333
2,S3,ComHvy,local,local,0,local,local,0,0.4481393098831177,0.45429080724716187,0.0061514973640441895,0.0003675464540719986,0.022386327385902405,0.4481393098831177,0.45429080724716187,0.32620498538017273,0.33124664425849915,0.2256557047367096,0.2144625335931778
2,S3,BWHvy,local,local,0,local,local,0,0.5480383634567261,0.5515997409820557,0.00356137752532959,3.160315100103617e-05,0.00712275505065918,0.5480383634567261,0.5515997409820557,0.18097278475761414,0.17842060327529907,0.2709888219833374,0.2699796259403229
2,S4,LatCrit,local,local,0,local,local,0,0.421131432056427,0.44619566202163696,0.02506422996520996,0.001649077981710434,0.050253406167030334,0.421131432056427,0.44619566202163696,0.2231309860944748,0.2231934666633606,0.3557375967502594,0.33061090111732483
2,S4,ComHvy,local,local,0,local,local,0,0.4821993112564087,0.46729809045791626,-0.014901220798492432,0.0022505372762680054,0.06057916581630707,0.4821993112564087,0.46729809045791626,0.2939704358577728,0.32426002621650696,0.22383025288581848,0.20844189822673798
2,S4,BWHvy,local,local,0,local,local,0,0.5478395223617554,0.5909488201141357,0.04310929775238037,0.0038232263177633286,0.08621858060359955,0.5478395223617554,0.5909488201141357,0.2293877899646759,0.20582912862300873,0.22277270257472992,0.20322208106517792
2,S5,LatCrit,local,local,0,local,local,0,0.5896505117416382,0.5881340503692627,-0.0015164613723754883,0.00032628513872623444,0.017836883664131165,0.5896505117416382,0.5881340503692627,0.19971473515033722,0.19231274724006653,0.21063479781150818,0.21955323219299316
2,S5,ComHvy,local,local,0,local,local,0,0.3788990378379822,0.37084275484085083,-0.008056282997131348,0.00028387270867824554,0.020904213190078735,0.3788990378379822,0.37084275484085083,0.3382897675037384,0.3358939290046692,0.2828112244606018,0.29326331615448
2,S5,BWHvy,local,local,0,local,local,0,0.5071479082107544,0.5128107070922852,0.005662798881530762,6.72084279358387e-05,0.011325627565383911,0.5071479082107544,0.5128107070922852,0.20082135498523712,0.19767440855503082,0.2920307219028473,0.28951483964920044
2,S6,LatCrit,local,local,0,local,local,0,0.5479302406311035,0.5556970834732056,0.007766842842102051,0.0003273412585258484,0.018563896417617798,0.5479302406311035,0.5556970834732056,0.2855977416038513,0.287112832069397,0.16647204756736755,0.15719008445739746
2,S6,ComHvy,local,local,0,local,local,0,0.44967883825302124,0.4363933801651001,-0.013285458087921143,0.0004918660270050168,0.02716866135597229,0.44967883825302124,0.4363933801651001,0.30747634172439575,0.3210606873035431,0.24284479022026062,0.2425459325313568
2,S6,BWHvy,local,local,0,local,local,0,0.5840209722518921,0.602830171585083,0.018809199333190918,0.000925515778362751,0.03761838376522064,0.5840209722518921,0.602830171585083,0.2261907160282135,0.22193697094917297,0.1897883266210556,0.1752328872680664
2,S7,LatCrit,local,local,0,local,local,0,0.561130166053772,0.5952984094619751,0.034168243408203125,0.002405892126262188,0.06833653151988983,0.561130166053772,0.5952984094619751,0.2763713002204895,0.2541935443878174,0.16249854862689972,0.15050801634788513
2,S7,ComHvy,local,local,0,local,BS2,1,0.4632505774497986,0.4495430588722229,-0.013707518577575684,0.0018186401575803757,0.05475516617298126,0.4632505774497986,0.4495430588722229,0.24768128991127014,0.2340112179517746,0.2890681326389313,0.3164457082748413
2,S7,BWHvy,local,local,0,local,local,0,0.5370626449584961,0.5505213737487793,0.013458728790283203,0.0038291700184345245,0.06601288914680481,0.5370626449584961,0.5505213737487793,0.2561753988265991,0.27572309970855713,0.20676197111606598,0.17375551164150238
2,S8,LatCrit,local,local,0,local,local,0,0.522049069404602,0.5353464484214783,0.01329737901687622,0.00037907809019088745,0.026594728231430054,0.522049069404602,0.5353464484214783,0.2176419496536255,0.21391162276268005,0.2603089213371277,0.2507418990135193
2,S8,ComHvy,local,local,0,local,local,0,0.5048792362213135,0.5227102041244507,0.017830967903137207,0.001121888286434114,0.03658445179462433,0.5048792362213135,0.5227102041244507,0.2178492397069931,0.19955700635910034,0.2772715389728546,0.277732789516449
2,S8,BWHvy,local,local,0,local,local,0,0.5272733569145203,0.537289023399353,0.010015666484832764,0.0006303302943706512,0.029902026057243347,0.5272733569145203,0.537289023399353,0.232126846909523,0.2370622158050537,0.24059979617595673,0.22564880549907684
3,S1,LatCrit,local,local,0,local,BS2,1,0.4976463317871094,0.492511510848999,-0.0051348209381103516,0.0015004221349954605,0.04369190335273743,0.4976463317871094,0.492511510848999,0.21820758283138275,0.2014964371919632,0.28414610028266907,0.3059920370578766
3,S1,ComHvy,local,local,0,local,local,0,0.5281211137771606,0.5290082693099976,0.0008871555328369141,0.0003081709146499634,0.017667323350906372,0.5281211137771606,0.5290082693099976,0.25780320167541504,0.2657497227191925,0.21407568454742432,0.20524203777313232
3,S1,BWHvy,local,local,0,BS2,BS2,0,0.43724071979522705,0.4656033515930176,0.028362631797790527,0.0016307011246681213,0.056725263595581055,0.43724071979522705,0.4656033515930176,0.26545149087905884,0.2535880506038666,0.2973077893257141,0.28080859780311584
3,S2,LatCrit,local,local,0,local,local,0,0.44871217012405396,0.4743826389312744,0.02567046880722046,0.0013934709131717682,0.051340967416763306,0.44871217012405396,0.4743826389312744,0.22649109363555908,0.21185794472694397,0.32479676604270935,0.3137594163417816
3,S2,ComHvy,local,local,0,local,local,0,0.4286225438117981,0.41999030113220215,-0.008632242679595947,0.0007809344679117203,0.03579702973365784,0.4286225438117981,0.41999030113220215,0.2849341332912445,0.3028326630592346,0.2864433228969574,0.2771770656108856
3,S2,BWHvy,local,local,0,local,local,0,0.48905593156814575,0.47284358739852905,-0.0162123441696167,0.0009852666407823563,0.040100812911987305,0.48905593156814575,0.47284358739852905,0.22764284908771515,0.2238047868013382,0.2833012044429779,0.30335161089897156
3,S3,LatCrit,local,local,0,local,local,0,0.4574463367462158,0.4605664610862732,0.003120124340057373,0.00017014611512422562,0.014585763216018677,0.4574463367462158,0.4605664610862732,0.2031489610671997,0.19585609436035156,0.3394046723842621,0.34357744455337524
3,S3,ComHvy,local,local,0,local,local,0,0.4631558656692505,0.45636481046676636,-0.006791055202484131,0.0001663481816649437,0.017196834087371826,0.4631558656692505,0.45636481046676636,0.33703410625457764,0.34563252329826355,0.19981004297733307,0.1980026811361313
3,S3,BWHvy,local,local,0,BS1,BS1,0,0.4402047395706177,0.4491075873374939,0.00890284776687622,0.00020578020485118032,0.017805665731430054,0.4402047395706177,0.4491075873374939,0.3378436863422394,0.32903212308883667,0.22195157408714294,0.22186031937599182
3,S4,LatCrit,local,local,0,local,local,0,0.5060291290283203,0.5341253280639648,0.02809619903564453,0.0020973412320017815,0.05619235336780548,0.5060291290283203,0.5341253280639648,0.30988213419914246,0.28189918398857117,0.18408869206905365,0.183975487947464
3,S4,ComHvy,local,local,0,local,local,0,0.489499032497406,0.4812381863594055,-0.008260846138000488,0.0006680618971586227,0.031836360692977905,0.489499032497406,0.4812381863594055,0.25249427556991577,0.26841244101524353,0.2580067217350006,0.25034937262535095
3,S4,BWHvy,local,local,0,local,local,0,0.5598291158676147,0.5526136159896851,-0.0072154998779296875,0.0009824596345424652,0.03526768088340759,0.5598291158676147,0.5526136159896851,0.2145126909017563,0.23214653134346008,0.22565822303295135,0.21523988246917725
3,S5,LatCrit,local,local,0,local,local,0,0.453615665435791,0.4534667134284973,-0.00014895200729370117,0.0016849786043167114,0.04297156631946564,0.453615665435791,0.4534667134284973,0.30357468128204346,0.28223785758018494,0.24280966818332672,0.26429545879364014
3,S5,ComHvy,local,local,0,local,local,0,0.5139147639274597,0.5324816703796387,0.018566906452178955,0.0009313203627243638,0.03713385760784149,0.5139147639274597,0.5324816703796387,0.25921526551246643,0.24197791516780853,0.22686998546123505,0.2255403846502304
3,S5,BWHvy,local,local,0,local,local,0,0.4583393335342407,0.464613139629364,0.006273806095123291,0.0001285664038732648,0.013798058032989502,0.4583393335342407,0.464613139629364,0.2837129831314087,0.27681395411491394,0.2579476833343506,0.25857290625572205
3,S6,LatCrit,local,local,0,local,local,0,0.49658113718032837,0.5236972570419312,0.027116119861602783,0.0018720561638474464,0.05423225462436676,0.49658113718032837,0.5236972570419312,0.29149889945983887,0.2663877010345459,0.21191997826099396,0.20991504192352295
3,S6,ComHvy,local,local,0,local,local,0,0.48764801025390625,0.4822964668273926,-0.005351543426513672,0.0007830243557691574,0.03199927508831024,0.48764801025390625,0.4822964668273926,0.22023341059684753,0.23623304069042206,0.2921186089515686,0.28147050738334656
3,S6,BWHvy,local,local,0,local,local,0,0.48753631114959717,0.5076839327812195,0.020147621631622314,0.0008404478430747986,0.040295228362083435,0.48753631114959717,0.5076839327812195,0.24432939291000366,0.23212699592113495,0.2681342661380768,0.2601890563964844
3,S7,LatCrit,local,local,0,local,local,0,0.5697864294052124,0.5921153426170349,0.02232891321182251,0.0025156978517770767,0.053463831543922424,0.5697864294052124,0.5921153426170349,0.19241675734519958,0.16568484902381897,0.237796813249588,0.2421998232603073
3,S7,ComHvy,local,local,0,local,local,0,0.48283058404922485,0.48497724533081055,0.0021466612815856934,0.0009806770831346512,0.03294447064399719,0.48283058404922485,0.48497724533081055,0.22411592304706573,0.20764367282390594,0.2930535078048706,0.3073790669441223
3,S7,BWHvy,local,local,0,BS2,local,1,0.4440516233444214,0.46905648708343506,0.025004863739013672,0.0013980492949485779,0.050009727478027344,0.4440516233444214,0.46905648708343506,0.2946336567401886,0.2873150408267975,0.26131471991539,0.24362847208976746
3,S8,LatCrit,local,local,0,local,local,0,0.4769133925437927,0.5172750949859619,0.04036170244216919,0.0036223474889993668,0.08072337508201599,0.4769133925437927,0.5172750949859619,0.2957906126976013,0.28184741735458374,0.22729599475860596,0.20087751746177673
3,S8,ComHvy,local,local,0,local,local,0,0.5758588314056396,0.5980430841445923,0.022184252738952637,0.0012205112725496292,0.044368550181388855,0.5758588314056396,0.5980430841445923,0.18629306554794312,0.18272940814495087,0.23784810304641724,0.21922746300697327
3,S8,BWHvy,local,local,0,local,local,0,0.5198343992233276,0.4978190064430237,-0.022015392780303955,0.002975044772028923,0.06737865507602692,0.5198343992233276,0.4978190064430237,0.23476159572601318,0.26845088601112366,0.24540406465530396,0.23373009264469147
4,S1,LatCrit,local,local,0,BS1,BS1,0,0.496324360370636,0.4731147885322571,-0.023209571838378906,0.0020126979798078537,0.0542384535074234,0.496324360370636,0.4731147885322571,0.26319921016693115,0.25928953289985657,0.24047644436359406,0.26759564876556396
4,S1,ComHvy,local,local,0,local,local,0,0.4953252673149109,0.4663979411125183,-0.028927326202392578,0.0016879281029105186,0.05785463750362396,0.4953252673149109,0.4663979411125183,0.2314370572566986,0.24638845026493073,0.2732376754283905,0.28721359372138977
4,S1,BWHvy,local,local,0,local,local,0,0.5005549192428589,0.5128114819526672,0.01225656270980835,0.0012542158365249634,0.0433429479598999,0.5005549192428589,0.5128114819526672,0.22918051481246948,0.23859542608261108,0.270264595746994,0.24859312176704407
4,S2,LatCrit,local,local,0,BS1,BS1,0,0.3975111246109009,0.3762812614440918,-0.021229863166809082,0.0015191715210676193,0.04867836833000183,0.3975111246109009,0.3762812614440918,0.2948130667209625,0.2917037308216095,0.307675838470459,0.3320150077342987
4,S2,ComHvy,local,local,0,local,local,0,0.45529359579086304,0.46298539638519287,0.007691800594329834,0.0003192322328686714,0.02185709774494171,0.45529359579086304,0.46298539638519287,0.2594590485095978,0.2485305219888687,0.2852473258972168,0.2884840965270996
4,S2,BWHvy,local,local,0,local,local,0,0.46007513999938965,0.4580456614494324,-0.0020294785499572754,0.000662156380712986,0.02741602063179016,0.46007513999938965,0.4580456614494324,0.19807268679141998,0.21178068220615387,0.34185218811035156,0.33017364144325256
4,S3,LatCrit,local,local,0,local,local,0,0.462138295173645,0.46716582775115967,0.0050275325775146484,0.002604292705655098,0.05533136427402496,0.462138295173645,0.46716582775115967,0.23460599780082703,0.20694030821323395,0.30325573682785034,0.3258938789367676
4,S3,ComHvy,local,local,0,local,local,0,0.4435771107673645,0.4465981721878052,0.003021061420440674,0.0015462059527635574,0.042017415165901184,0.4435771107673645,0.4465981721878052,0.33635014295578003,0.35433781147003174,0.22007273137569427,0.19906404614448547
4,S3,BWHvy,local,local,0,local,local,0,0.5213783979415894,0.5397710800170898,0.01839268207550049,0.0016061458736658096,0.04881852865219116,0.5213783979415894,0.5397710800170898,0.2153298407793045,0.2213464230298996,0.26329177618026733,0.23888251185417175
4,S4,LatCrit,local,local,0,local,local,0,0.477743923664093,0.5221092104911804,0.0443652868270874,0.005052943713963032,0.08873055875301361,0.477743923664093,0.5221092104911804,0.22814328968524933,0.19338417053222656,0.29411277174949646,0.284506618976593
4,S4,ComHvy,local,local,0,local,local,0,0.5074548721313477,0.47715938091278076,-0.030295491218566895,0.0037043793126940727,0.07702821493148804,0.5074548721313477,0.47715938091278076,0.25826939940452576,0.2967835068702698,0.2342757284641266,0.22605711221694946
4,S4,BWHvy,local,local,0,local,local,0,0.5375279188156128,0.5449776649475098,0.007449746131896973,0.00011614151298999786,0.014899492263793945,0.5375279188156128,0.5449776649475098,0.22516973316669464,0.22252382338047028,0.23730236291885376,0.23249852657318115
4,S5,LatCrit,local,local,0,local,local,0,0.5267595052719116,0.5194247961044312,-0.007334709167480469,0.001683225855231285,0.0468040406703949,0.5267595052719116,0.5194247961044312,0.21353024244308472,0.19746291637420654,0.2597102224826813,0.28311222791671753
4,S5,ComHvy,local,local,0,local,local,0,0.40704458951950073,0.40332669019699097,-0.0037178993225097656,0.000489342026412487,0.02716010808944702,0.40704458951950073,0.40332669019699097,0.3025720715522766,0.29270991683006287,0.29038333892822266,0.30396339297294617
4,S5,BWHvy,local,local,0,BS2,local,1,0.43187177181243896,0.43700259923934937,0.0051308274269104,0.00011961208656430244,0.013984322547912598,0.43187177181243896,0.43700259923934937,0.26890823245048523,0.27076956629753113,0.2992199957370758,0.2922278344631195
4,S6,LatCrit,local,local,0,local,local,0,0.5113300085067749,0.5118371248245239,0.0005071163177490234,0.000638546422123909,0.02514992654323578,0.5113300085067749,0.5118371248245239,0.27030739188194275,0.2823752164840698,0.21836261451244354,0.20578762888908386
4,S6,ComHvy,local,local,0,local,local,0,0.49620336294174194,0.4791942238807678,-0.01700913906097412,0.0006369799375534058,0.034018293023109436,0.49620336294174194,0.4791942238807678,0.2342834174633026,0.2461307793855667,0.26951318979263306,0.2746749818325043
4,S6,BWHvy,local,local,0,local,local,0,0.492376446723938,0.5254266262054443,0.03305017948150635,0.003830280154943466,0.07258301973342896,0.492376446723938,0.5254266262054443,0.24339167773723602,0.24663299322128296,0.2642318904399872,0.2279403656721115
4,S7,LatCrit,local,local,0,local,local,0,0.5472891926765442,0.5632185339927673,0.015929341316223145,0.0005146050825715065,0.031858667731285095,0.5472891926765442,0.5632185339927673,0.2190435230731964,0.21113216876983643,0.2336672693490982,0.22564929723739624
4,S7,ComHvy,local,local,0,local,local,0,0.4730112552642822,0.45849913358688354,-0.014512121677398682,0.001621173694729805,0.05204690992832184,0.4730112552642822,0.45849913358688354,0.23816703259944916,0.22665569186210632,0.2888217270374298,0.31484517455101013
4,S7,BWHvy,local,local,0,local,local,0,0.49622082710266113,0.5150967836380005,0.018875956535339355,0.0021896474063396454,0.04850578308105469,0.49622082710266113,0.5150967836380005,0.323599249124527,0.32897618412971497,0.1801799088716507,0.15592701733112335
4,S8,LatCrit,local,local,0,local,local,0,0.5375452041625977,0.5756262540817261,0.03808104991912842,0.0030137374997138977,0.07616207003593445,0.5375452041625977,0.5756262540817261,0.2202775776386261,0.20571425557136536,0.24217721819877625,0.21865952014923096
4,S8,ComHvy,local,local,0,local,local,0,0.48590296506881714,0.5260729789733887,0.04017001390457153,0.003335399553179741,0.08034004271030426,0.48590296506881714,0.5260729789733887,0.247719869017601,0.2235831618309021,0.26637715101242065,0.25034382939338684
4,S8,BWHvy,local,local,0,local,local,0,0.4314342141151428,0.4185696840286255,-0.012864530086517334,0.004202747717499733,0.07919678092002869,0.4314342141151428,0.4185696840286255,0.25348812341690063,0.29308652877807617,0.31507766246795654,0.2883438169956207
5,S1,LatCrit,local,local,0,local,local,0,0.5214252471923828,0.5324088335037231,0.010983586311340332,0.0004956586053594947,0.025278449058532715,0.5214252471923828,0.5324088335037231,0.2207508087158203,0.20811158418655396,0.2578239440917969,0.2594795823097229
5,S1,ComHvy,local,local,0,local,local,0,0.5094075202941895,0.5012860298156738,-0.008121490478515625,0.0001604035496711731,0.016242891550064087,0.5094075202941895,0.5012860298156738,0.25767913460731506,0.2592635452747345,0.23291338980197906,0.2394503802061081
5,S1,BWHvy,local,local,0,local,local,0,0.4699450135231018,0.47767311334609985,0.007728099822998047,0.0005780979990959167,0.030035749077796936,0.4699450135231018,0.47767311334609985,0.24389053881168365,0.2511803209781647,0.28616446256637573,0.27114659547805786
5,S2,LatCrit,local,local,0,local,local,0,0.42590177059173584,0.43234676122665405,0.006444990634918213,0.00021655764430761337,0.019486814737319946,0.42590177059173584,0.43234676122665405,0.24281269311904907,0.24611112475395203,0.3312855362892151,0.3215421438217163
5,S2,ComHvy,local,local,0,BS1,local,1,0.44937533140182495,0.45581579208374023,0.006440460681915283,0.0020924583077430725,0.05368815362453461,0.44937533140182495,0.45581579208374023,0.3181699216365814,0.2913258373737335,0.23245473206043243,0.25285834074020386
5,S2,BWHvy,local,local,0,local,local,0,0.4529287815093994,0.43579530715942383,-0.017133474349975586,0.0007096054032444954,0.034266963601112366,0.4529287815093994,0.43579530715942383,0.22459639608860016,0.2259702980518341,0.32247480750083923,0.33823439478874207
5,S3,LatCrit,local,local,0,local,local,0,0.4521111249923706,0.47375649213790894,0.02164536714553833,0.0026996564120054245,0.05974413454532623,0.4521111249923706,0.47375649213790894,0.23345020413398743,0.2035781294107437,0.31443867087364197,0.32266536355018616
5,S3,ComHvy,local,local,0,local,local,0,0.45582669973373413,0.44710230827331543,-0.008724391460418701,0.0013775359839200974,0.04612916707992554,0.45582669973373413,0.44710230827331543,0.28889545798301697,0.31196004152297974,0.2552778422832489,0.24093765020370483
5,S3,BWHvy,local,local,0,local,local,0,0.5055264234542847,0.5372368097305298,0.03171038627624512,0.002060249447822571,0.06342078745365143,0.5055264234542847,0.5372368097305298,0.25581836700439453,0.242459237575531,0.2386552095413208,0.22030393779277802
5,S4,LatCrit,local,local,0,local,local,0,0.5151176452636719,0.5069082975387573,-0.00820934772491455,0.0002533840015530586,0.018737420439720154,0.5151176452636719,0.5069082975387573,0.25342050194740295,0.2522611618041992,0.2314618080854416,0.24083054065704346
5,S4,ComHvy,local,local,0,local,local,0,0.47366827726364136,0.45915013551712036,-0.014518141746520996,0.0008397921919822693,0.035048916935920715,0.47366827726364136,0.45915013551712036,0.2804885804653168,0.277482271194458,0.24584312736988068,0.26336759328842163
5,S4,BWHvy,local,local,0,local,local,0,0.4798349142074585,0.4706997871398926,-0.009135127067565918,0.00021289754658937454,0.018270209431648254,0.4798349142074585,0.4706997871398926,0.21619640290737152,0.2165476679801941,0.3039686977863312,0.31275251507759094
5,S5,LatCrit,local,local,0,local,local,0,0.4379200339317322,0.44186151027679443,0.003941476345062256,7.517868652939796e-05,0.010797977447509766,0.4379200339317322,0.44186151027679443,0.28814634680747986,0.2896038591861725,0.27393361926078796,0.2685346305370331
5,S5,ComHvy,local,local,0,local,local,0,0.4928983449935913,0.5090878009796143,0.01618945598602295,0.0014970721676945686,0.04157461225986481,0.4928983449935913,0.5090878009796143,0.19351284205913544,0.17272555828094482,0.31358882784843445,0.3181867003440857
5,S5,BWHvy,local,local,0,local,local,0,0.4177539348602295,0.42659860849380493,0.00884467363357544,0.0012100525200366974,0.044662609696388245,0.4177539348602295,0.42659860849380493,0.35609498620033264,0.3337636888027191,0.22615107893943787,0.23963771760463715
5,S6,LatCrit,local,local,0,local,local,0,0.4653751850128174,0.44457030296325684,-0.020804882049560547,0.0008740918710827827,0.041609764099121094,0.4653751850128174,0.44457030296325684,0.24443870782852173,0.2538049817085266,0.2901861071586609,0.30162471532821655
5,S6,ComHvy,local,local,0,local,local,0,0.5082943439483643,0.4984546899795532,-0.009839653968811035,0.0021401848644018173,0.054647549986839294,0.5082943439483643,0.4984546899795532,0.1783440262079239,0.16085994243621826,0.3133615553379059,0.3406853675842285
5,S6,BWHvy,local,local,0,local,local,0,0.49102991819381714,0.477508008480072,-0.013521909713745117,0.001921381801366806,0.05497264862060547,0.49102991819381714,0.477508008480072,0.23754945397377014,0.22358503937721252,0.2714206278324127,0.29890695214271545
5,S7,LatCrit,local,local,0,local,local,0,0.5478075742721558,0.5454735159873962,-0.0023340582847595215,6.034632679075003e-05,0.008007243275642395,0.5478075742721558,0.5454735159873962,0.1556849628686905,0.1596885621547699,0.29650750756263733,0.29483792185783386
5,S7,ComHvy,local,local,0,local,local,0,0.4893510937690735,0.46913063526153564,-0.020220458507537842,0.0017149988561868668,0.05475154519081116,0.4893510937690735,0.46913063526153564,0.20502620935440063,0.1978708803653717,0.3056226968765259,0.33299845457077026
5,S7,BWHvy,local,local,0,local,local,0,0.5641548037528992,0.5553439855575562,-0.008810818195343018,0.00019083719234913588,0.01762162148952484,0.5641548037528992,0.5553439855575562,0.26388293504714966,0.2719042897224426,0.17196226119995117,0.17275170981884003
5,S8,LatCrit,local,local,0,BS1,BS1,0,0.5221117734909058,0.5323971509933472,0.010285377502441406,0.0005505820736289024,0.025010928511619568,0.5221117734909058,0.5323971509933472,0.2926866114139557,0.29490670561790466,0.18520161509513855,0.17269615828990936
5,S8,ComHvy,local,local,0,local,local,0,0.5228841304779053,0.5422587394714355,0.019374608993530273,0.000849943608045578,0.03874926269054413,0.5228841304779053,0.5422587394714355,0.24110911786556244,0.23588897287845612,0.23600678145885468,0.22185227274894714
5,S8,BWHvy,local,local,0,local,local,0,0.4578371047973633,0.43713319301605225,-0.020703911781311035,0.0013537073973566294,0.04140777885913849,0.4578371047973633,0.43713319301605225,0.2202322632074356,0.24039781093597412,0.3219306468963623,0.32246896624565125
6,S1,LatCrit,local,local,0,BS1,BS1,0,0.52403724193573,0.5135135650634766,-0.010523676872253418,0.00038820249028503895,0.022581100463867188,0.52403724193573,0.5135135650634766,0.22017432749271393,0.23146487772464752,0.2557884156703949,0.2550215423107147
6,S1,ComHvy,local,local,0,local,BS1,1,0.4944838285446167,0.46734070777893066,-0.027143120765686035,0.0017797851469367743,0.054286256432533264,0.4944838285446167,0.46734070777893066,0.28265461325645447,0.30695658922195435,0.22286155819892883,0.22570271790027618
6,S1,BWHvy,local,local,0,BS2,BS2,0,0.5081572532653809,0.5236043930053711,0.015447139739990234,0.0013604052364826202,0.04015815258026123,0.5081572532653809,0.5236043930053711,0.19773466885089874,0.17765559256076813,0.2941080629825592,0.2987399995326996
6,S2,LatCrit,local,local,0,local,local,0,0.5708549618721008,0.5485095977783203,-0.022345364093780518,0.0013722691219300032,0.04469069838523865,0.5708549618721008,0.5485095977783203,0.20471541583538055,0.22462987899780273,0.2244296371936798,0.22686050832271576
6,S2,ComHvy,local,local,0,local,local,0,0.42844265699386597,0.45279282331466675,0.02435016632080078,0.0017220324371010065,0.0521644651889801,0.42844265699386597,0.45279282331466675,0.34185871481895447,0.3157764673233032,0.22969865798950195,0.23143070936203003
6,S2,BWHvy,local,local,0,BS2,BS2,0,0.4659503102302551,0.4490205645561218,-0.0169297456741333,0.0007891245186328888,0.03599925339221954,0.4659503102302551,0.4490205645561218,0.20215396583080292,0.20108410716056824,0.33189570903778076,0.3498953580856323
6,S3,LatCrit,local,local,0,local,local,0,0.46589529514312744,0.49977636337280273,0.03388106822967529,0.0041693709790706635,0.07735255360603333,0.46589529514312744,0.49977636337280273,0.27968600392341614,0.24100974202156067,0.2544187009334564,0.259213924407959
6,S3,ComHvy,local,local,0,local,local,0,0.5419071912765503,0.5259610414505005,-0.015946149826049805,0.0007942986558191478,0.03189229965209961,0.5419071912765503,0.5259610414505005,0.20309022068977356,0.21846744418144226,0.25500255823135376,0.25557148456573486
6,S3,BWHvy,local,local,0,local,local,0,0.55689537525177,0.5775654911994934,0.02067011594772339,0.0008771270513534546,0.041340172290802,0.55689537525177,0.5775654911994934,0.1929492950439453,0.1829325407743454,0.2501552700996399,0.2395019680261612
6,S4,LatCrit,local,local,0,local,local,0,0.5125617384910583,0.491047739982605,-0.02151399850845337,0.0015739351511001587,0.04646764695644379,0.5125617384910583,0.491047739982605,0.25823643803596497,0.25651660561561584,0.2292018085718155,0.2524356245994568
6,S4,ComHvy,local,local,0,BS1,BS1,0,0.442138671875,0.4417324662208557,-0.0004062056541442871,0.0013985056430101395,0.03956115245819092,0.442138671875,0.4417324662208557,0.3260420858860016,0.3066677153110504,0.2318192720413208,0.25159984827041626
6,S4,BWHvy,local,local,0,local,local,0,0.48850756883621216,0.4653332233428955,-0.02317434549331665,0.0031107887625694275,0.07325488328933716,0.48850756883621216,0.4653332233428955,0.2176734060049057,0.20422030985355377,0.29381904006004333,0.3304464817047119
6,S5,LatCrit,local,local,0,local,local,0,0.4472857713699341,0.4762294888496399,0.02894371747970581,0.002024643123149872,0.057887524366378784,0.4472857713699341,0.4762294888496399,0.2843955457210541,0.27869221568107605,0.2683187425136566,0.24507826566696167
6,S5,ComHvy,local,local,0,local,local,0,0.6198139190673828,0.5712568759918213,-0.04855704307556152,0.0049208104610443115,0.09711411595344543,0.6198139190673828,0.5712568759918213,0.1364499032497406,0.1504397988319397,0.2437361776828766,0.2783033549785614
6,S5,BWHvy,local,local,0,BS1,BS2,1,0.42082786560058594,0.4293571710586548,0.008529305458068848,0.0015603788197040558,0.049459680914878845,0.42082786560058594,0.4293571710586548,0.33507850766181946,0.31034865975379944,0.2440936118364334,0.2602941393852234
6,S6,LatCrit,local,local,0,BS2,BS2,0,0.40219926834106445,0.40027713775634766,-0.0019221305847167969,0.0011310949921607971,0.03811788558959961,0.40219926834106445,0.40027713775634766,0.25125911831855774,0.27031806111335754,0.3465416133403778,0.3294048011302948
6,S6,ComHvy,local,local,0,local,local,0,0.5828793048858643,0.5713912844657898,-0.011488020420074463,0.0012440606951713562,0.042405977845191956,0.5828793048858643,0.5713912844657898,0.1516323685646057,0.1419173926115036,0.26548832654953003,0.2866913080215454
6,S6,BWHvy,local,local,0,local,local,0,0.43368881940841675,0.4191192388534546,-0.014569580554962158,0.0011117346584796906,0.045925676822662354,0.43368881940841675,0.4191192388534546,0.18529155850410461,0.1768983006477356,0.38101962208747864,0.4039824604988098
6,S7,LatCrit,local,local,0,local,local,0,0.50590980052948,0.47921109199523926,-0.026698708534240723,0.001592046581208706,0.05339740216732025,0.50590980052948,0.47921109199523926,0.15638427436351776,0.17114362120628357,0.33770594000816345,0.3496452867984772
6,S7,ComHvy,local,local,0,local,local,0,0.4649825096130371,0.4369705319404602,-0.028011977672576904,0.0021578874439001083,0.056935444474220276,0.4649825096130371,0.4369705319404602,0.2368362843990326,0.23638053238391876,0.2981812059879303,0.32664892077445984
6,S7,BWHvy,local,local,0,local,local,0,0.5969876646995544,0.5580712556838989,-0.03891640901565552,0.0031668562442064285,0.07783275842666626,0.5969876646995544,0.5580712556838989,0.2648526728153229,0.286384254693985,0.13815967738628387,0.1555444449186325
6,S8,LatCrit,local,local,0,local,local,0,0.5212782621383667,0.5126903057098389,-0.008587956428527832,0.0002890327014029026,0.021451205015182495,0.5212782621383667,0.5126903057098389,0.2714179754257202,0.28214362263679504,0.2073037326335907,0.20516613125801086
6,S8,ComHvy,local,local,0,local,local,0,0.5432840585708618,0.5252620577812195,-0.018022000789642334,0.0007329070940613747,0.036043956875801086,0.5432840585708618,0.5252620577812195,0.215239018201828,0.22818994522094727,0.24147695302963257,0.24654798209667206
6,S8,BWHvy,local,local,0,local,local,0,0.46137112379074097,0.45729005336761475,-0.004081070423126221,0.00017451215535402298,0.016540586948394775,0.46137112379074097,0.45729005336761475,0.2661727964878082,0.26198357343673706,0.2724560797214508,0.2807263731956482
7,S1,LatCrit,local,local,0,local,local,0,0.5318843126296997,0.5382628440856934,0.006378531455993652,0.0005109794437885284,0.02597576379776001,0.5318843126296997,0.5382628440856934,0.23947061598300934,0.2460799515247345,0.22864508628845215,0.21565718948841095
7,S1,ComHvy,local,local,0,local,local,0,0.4414716958999634,0.4192008972167969,-0.022270798683166504,0.003132917918264866,0.07339462637901306,0.4414716958999634,0.4192008972167969,0.28874439001083374,0.32544171810150146,0.2697838842868805,0.25535738468170166
7,S1,BWHvy,local,local,0,local,local,0,0.5006405115127563,0.509565532207489,0.008925020694732666,0.00019189086742699146,0.017850026488304138,0.5006405115127563,0.509565532207489,0.19408580660820007,0.18789158761501312,0.3052736520767212,0.30254286527633667
7,S2,LatCrit,local,local,0,BS2,BS2,0,0.47302454710006714,0.4448671340942383,-0.028157413005828857,0.004804758355021477,0.09195294976234436,0.47302454710006714,0.4448671340942383,0.30104193091392517,0.34701839089393616,0.22593355178833008,0.20811447501182556
7,S2,ComHvy,local,local,0,local,local,0,0.4137648344039917,0.45389288663864136,0.04012805223464966,0.0032851211726665497,0.08025610446929932,0.4137648344039917,0.45389288663864136,0.30485260486602783,0.281901091337204,0.28138256072998047,0.26420602202415466
7,S2,BWHvy,local,local,0,local,local,0,0.41909390687942505,0.40185433626174927,-0.01723957061767578,0.0006911354139447212,0.03447917103767395,0.41909390687942505,0.40185433626174927,0.2189665585756302,0.22079934179782867,0.36193951964378357,0.37734633684158325
7,S3,LatCrit,local,local,0,local,local,0,0.48973655700683594,0.5055792331695557,0.015842676162719727,0.002007625065743923,0.045388415455818176,0.48973655700683594,0.5055792331695557,0.16775935888290405,0.14506517350673676,0.3425040543079376,0.3493556082248688
7,S3,ComHvy,local,local,0,BS1,BS1,0,0.48605525493621826,0.47715330123901367,-0.00890195369720459,0.0005592401139438152,0.030196845531463623,0.48605525493621826,0.47715330123901367,0.2797500491142273,0.2948485016822815,0.23419465124607086,0.22799821197986603
7,S3,BWHvy,local,local,0,local,local,0,0.5850672721862793,0.5971093773841858,0.012042105197906494,0.0004228150937706232,0.0240841805934906,0.5850672721862793,0.5971093773841858,0.18704436719417572,0.17675594985485077,0.2278883308172226,0.22613467276096344
7,S4,LatCrit,local,local,0,local,local,0,0.46717244386672974,0.45726531744003296,-0.009907126426696777,0.0009594336152076721,0.0391414612531662,0.46717244386672974,0.45726531744003296,0.2591710388660431,0.24950744211673737,0.2736565172672272,0.29322725534439087
7,S4,ComHvy,local,local,0,local,local,0,0.4639224410057068,0.4457998275756836,-0.018122613430023193,0.0007033147849142551,0.03624524176120758,0.4639224410057068,0.4457998275756836,0.30005234479904175,0.3135634958744049,0.23602521419525146,0.2406366914510727
7,S4,BWHvy,local,local,0,local,local,0,0.47229689359664917,0.44693470001220703,-0.02536219358444214,0.0027329474687576294,0.07208564877510071,0.47229689359664917,0.44693470001220703,0.1567223221063614,0.14604167640209198,0.37098076939582825,0.4070235788822174
7,S5,LatCrit,local,local,0,local,local,0,0.49707919359207153,0.5039372444152832,0.00685805082321167,0.00011667830403894186,0.013716086745262146,0.49707919359207153,0.5039372444152832,0.2716290056705475,0.26557886600494385,0.23129180073738098,0.23048390448093414
7,S5,ComHvy,local,local,0,local,local,0,0.5303196907043457,0.4939497113227844,-0.03636997938156128,0.0030241310596466064,0.07273998856544495,0.5303196907043457,0.4939497113227844,0.19060181081295013,0.19545410573482513,0.2790784537792206,0.31059616804122925
7,S5,BWHvy,local,local,0,BS1,BS1,0,0.399198055267334,0.4173480272293091,0.018149971961975098,0.0018320679664611816,0.05550724267959595,0.399198055267334,0.4173480272293091,0.32190772891044617,0.2941541373729706,0.27889418601989746,0.2884978652000427
7,S6,LatCrit,local,local,0,local,local,0,0.5441831350326538,0.5335090756416321,-0.010674059391021729,0.0004941546358168125,0.0264396071434021,0.5441831350326538,0.5335090756416321,0.22490911185741425,0.2381289154291153,0.23090776801109314,0.22836202383041382
7,S6,ComHvy,local,local,0,local,local,0,0.5122501850128174,0.5056389570236206,-0.006611227989196777,0.0004133358597755432,0.025357872247695923,0.5122501850128174,0.5056389570236206,0.2100677341222763,0.20400001108646393,0.2776820957660675,0.2903610169887543
7,S6,BWHvy,BS2,BS2,0,local,local,0,0.39298829436302185,0.4101630449295044,0.017174750566482544,0.0007028486579656601,0.03434951603412628,0.3746967911720276,0.35913288593292236,0.23231491446495056,0.23070405423641205,0.39298829436302185,0.4101630449295044
7,S7,LatCrit,local,local,0,local,local,0,0.5295841693878174,0.5070669651031494,-0.02251720428466797,0.0031436076387763023,0.06628401577472687,0.5295841693878174,0.5070669651031494,0.20387783646583557,0.2370198518037796,0.26653796434402466,0.2559131681919098
7,S7,ComHvy,local,local,0,BS2,BS2,0,0.429073691368103,0.41102826595306396,-0.018045425415039062,0.0011667031794786453,0.04567955434322357,0.429073691368103,0.41102826595306396,0.22618986666202545,0.22139552235603333,0.3447364270687103,0.3675762116909027
7,S7,BWHvy,local,local,0,local,local,0,0.5632398128509521,0.5201173424720764,-0.04312247037887573,0.0037492839619517326,0.08624491095542908,0.5632398128509521,0.5201173424720764,0.3057100474834442,0.3374345302581787,0.13105013966560364,0.14244809746742249
7,S8,LatCrit,local,local,0,local,local,0,0.5100730657577515,0.4946247339248657,-0.015448331832885742,0.0005477385129779577,0.030896589159965515,0.5100730657577515,0.4946247339248657,0.2557510435581207,0.26809099316596985,0.2341759204864502,0.23728422820568085
7,S8,ComHvy,local,local,0,local,local,0,0.49997079372406006,0.47373533248901367,-0.026235461235046387,0.0022960714995861053,0.0556788295507431,0.49997079372406006,0.47373533248901367,0.22719763219356537,0.2550370693206787,0.2728315591812134,0.27122762799263
7,S8,BWHvy,local,local,0,local,local,0,0.4377479553222656,0.4284793734550476,-0.009268581867218018,0.0010926108807325363,0.04044915735721588,0.4377479553222656,0.4284793734550476,0.2418355494737625,0.26206010580062866,0.32041653990745544,0.30946052074432373
8,S1,LatCrit,local,local,0,local,local,0,0.5813098549842834,0.5840631723403931,0.002753317356109619,7.349159568548203e-05,0.009846106171607971,0.5813098549842834,0.5840631723403931,0.22348113358020782,0.21855808794498444,0.19520904123783112,0.19737878441810608
8,S1,ComHvy,local,local,0,local,local,0,0.528883695602417,0.5410292744636536,0.012145578861236572,0.002093227580189705,0.052455246448516846,0.528883695602417,0.5410292744636536,0.23047851026058197,0.24456056952476501,0.24063774943351746,0.21441014111042023
8,S1,BWHvy,local,local,0,local,local,0,0.43620944023132324,0.4577285647392273,0.021519124507904053,0.004197963513433933,0.07318323850631714,0.43620944023132324,0.4577285647392273,0.22405089437961578,0.18745927512645721,0.33973968029022217,0.3548121750354767
8,S2,LatCrit,local,local,0,local,local,0,0.5745561122894287,0.5600351095199585,-0.014521002769470215,0.0030384082347154617,0.06274630129337311,0.5745561122894287,0.5600351095199585,0.20626425743103027,0.23763740062713623,0.2191796451807022,0.20232748985290527
8,S2,ComHvy,local,local,0,BS1,local,1,0.4235537648200989,0.46867090463638306,0.04511713981628418,0.005476832389831543,0.09023426473140717,0.4235537648200989,0.46867090463638306,0.321457177400589,0.31436285376548767,0.25498905777931213,0.21696625649929047
8,S2,BWHvy,local,local,0,local,local,0,0.43398618698120117,0.4079706072807312,-0.02601557970046997,0.002821059897542,0.05756489932537079,0.43398618698120117,0.4079706072807312,0.18830227851867676,0.21708475053310394,0.37771153450012207,0.37494468688964844
8,S3,LatCrit,local,local,0,local,local,0,0.55472731590271,0.587226390838623,0.032499074935913086,0.002422451041638851,0.06499814987182617,0.55472731590271,0.587226390838623,0.2005607932806015,0.17893511056900024,0.24471189081668854,0.2338384985923767
8,S3,ComHvy,local,local,0,local,local,0,0.5841412544250488,0.5614034533500671,-0.02273780107498169,0.0017972998321056366,0.04866376519203186,0.5841412544250488,0.5614034533500671,0.21050330996513367,0.20890922844409943,0.2053554356098175,0.22968731820583344
8,S3,BWHvy,local,local,0,local,local,0,0.4511241316795349,0.4697533845901489,0.018629252910614014,0.0007040314376354218,0.03725847601890564,0.4511241316795349,0.4697533845901489,0.2591719627380371,0.25163304805755615,0.289703905582428,0.2786135971546173
8,S4,LatCrit,local,local,0,local,local,0,0.5288199186325073,0.5159779787063599,-0.012841939926147461,0.004219174385070801,0.07281552255153656,0.5288199186325073,0.5159779787063599,0.2726825773715973,0.24911674857139587,0.19849751889705658,0.23490527272224426
8,S4,ComHvy,local,local,0,local,local,0,0.49338972568511963,0.46748048067092896,-0.025909245014190674,0.0015666894614696503,0.05181850492954254,0.49338972568511963,0.46748048067092896,0.27902209758758545,0.28545621037483215,0.22758817672729492,0.24706332385540009
8,S4,BWHvy,local,local,0,local,local,0,0.466264545917511,0.4652349352836609,-0.0010296106338500977,0.0013733729720115662,0.037025824189186096,0.466264545917511,0.4652349352836609,0.18105840682983398,0.16357512772083282,0.35267701745033264,0.3711899518966675
8,S5,LatCrit,local,local,0,local,local,0,0.43521541357040405,0.45232826471328735,0.0171128511428833,0.0006244052201509476,0.0342257022857666,0.43521541357040405,0.45232826471328735,0.2940029799938202,0.288003146648407,0.27078163623809814,0.25966861844062805
8,S5,ComHvy,local,local,0,local,local,0,0.5343811511993408,0.5224305987358093,-0.011950552463531494,0.004336852580308914,0.07479758560657501,0.5343811511993408,0.5224305987358093,0.19041137397289276,0.16496312618255615,0.2752074897289276,0.3126062750816345
8,S5,BWHvy,local,local,0,local,local,0,0.48750191926956177,0.5126999020576477,0.025197982788085938,0.004653150215744972,0.08279882371425629,0.48750191926956177,0.5126999020576477,0.2728760540485382,0.23147660493850708,0.2396220713853836,0.2558234632015228
8,S6,LatCrit,local,local,0,BS1,local,1,0.47369831800460815,0.488395631313324,0.01469731330871582,0.0006630942225456238,0.0321630984544754,0.47369831800460815,0.488395631313324,0.2184872329235077,0.21987147629261017,0.30781444907188416,0.29173290729522705
8,S6,ComHvy,local,local,0,local,local,0,0.5346882939338684,0.5321047902107239,-0.0025835037231445312,1.4451914466917515e-05,0.005166977643966675,0.5346882939338684,0.5321047902107239,0.16192281246185303,0.1632959246635437,0.30338889360427856,0.30459925532341003
8,S6,BWHvy,BS2,BS2,0,local,local,0,0.39280208945274353,0.41136434674263,0.018562257289886475,0.0009738299995660782,0.03712452948093414,0.36437875032424927,0.361625075340271,0.2428191751241684,0.227010577917099,0.39280208945274353,0.41136434674263
8,S7,LatCrit,local,local,0,BS2,BS2,0,0.5263233184814453,0.5037068128585815,-0.02261650562286377,0.005002772435545921,0.07700923085212708,0.5263233184814453,0.5037068128585815,0.15598265826702118,0.1944873183965683,0.3176940083503723,0.30180594325065613
8,S7,ComHvy,local,local,0,local,local,0,0.5078698396682739,0.4944955110549927,-0.01337432861328125,0.00148824043571949,0.047094762325286865,0.5078698396682739,0.4944955110549927,0.25597718358039856,0.24580414593219757,0.23615296185016632,0.25970035791397095
8,S7,BWHvy,local,local,0,local,local,0,0.5632284879684448,0.5022153854370117,-0.061013102531433105,0.007808682508766651,0.1220262199640274,0.5632284879684448,0.5022153854370117,0.27212584018707275,0.31961920857429504,0.1646457016468048,0.17816545069217682
8,S8,LatCrit,local,local,0,local,local,0,0.5228228569030762,0.524997353553772,0.0021744966506958008,0.000295514240860939,0.01862947642803192,0.5228228569030762,0.524997353553772,0.23979604244232178,0.2304813116788864,0.23738111555576324,0.244521364569664
8,S8,ComHvy,local,local,0,local,local,0,0.5089139938354492,0.4855106472969055,-0.0234033465385437,0.004247821867465973,0.08023437857627869,0.5089139938354492,0.4855106472969055,0.23049625754356384,0.270613431930542,0.2605897784233093,0.2438759207725525
8,S8,BWHvy,local,local,0,BS1,BS1,0,0.4236457347869873,0.4070659279823303,-0.016579806804656982,0.0006764950230717659,0.033159613609313965,0.4236457347869873,0.4070659279823303,0.2815670669078827,0.29544228315353394,0.29478719830513,0.29749178886413574
9,S1,LatCrit,local,local,0,local,local,0,0.518151581287384,0.5155608654022217,-0.0025907158851623535,0.0005443543195724487,0.025396153330802917,0.518151581287384,0.5155608654022217,0.21855853497982025,0.20845118165016174,0.2632898688316345,0.2759879529476166
9,S1,ComHvy,local,local,0,local,local,0,0.48633503913879395,0.44161731004714966,-0.04471772909164429,0.005660877097398043,0.09745694696903229,0.48633503913879395,0.44161731004714966,0.3141672611236572,0.3628957271575928,0.19949772953987122,0.19548697769641876
9,S1,BWHvy,local,local,0,local,local,0,0.5326470136642456,0.5737683176994324,0.04112130403518677,0.003966838121414185,0.08224259316921234,0.5326470136642456,0.5737683176994324,0.17871394753456116,0.17296238243579865,0.28863900899887085,0.2532692849636078
9,S2,LatCrit,local,local,0,local,local,0,0.44341886043548584,0.4316141605377197,-0.011804699897766113,0.003262849524617195,0.06865307688713074,0.44341886043548584,0.4316141605377197,0.2369002103805542,0.2712267339229584,0.31968092918395996,0.2971590757369995
9,S2,ComHvy,local,local,0,local,local,0,0.45651811361312866,0.4818260669708252,0.025307953357696533,0.0025252182967960835,0.06431053578853607,0.45651811361312866,0.4818260669708252,0.31757456064224243,0.2854192852973938,0.2259073108434677,0.23275461792945862
9,S2,BWHvy,local,local,0,local,local,0,0.43989431858062744,0.41590094566345215,-0.023993372917175293,0.001969534670934081,0.0534338653087616,0.43989431858062744,0.41590094566345215,0.2616131603717804,0.2883301079273224,0.2984924912452698,0.29576894640922546
9,S3,LatCrit,local,local,0,local,local,0,0.41291141510009766,0.39242124557495117,-0.020490169525146484,0.0014644768089056015,0.04783228039741516,0.41291141510009766,0.39242124557495117,0.2914906442165375,0.2880646586418152,0.29559797048568726,0.31951409578323364
9,S3,ComHvy,local,local,0,local,local,0,0.4920698404312134,0.4579261541366577,-0.034143686294555664,0.003925714176148176,0.07856976985931396,0.4920698404312134,0.4579261541366577,0.2677902281284332,0.3070751130580902,0.2401399463415146,0.23499874770641327
9,S3,BWHvy,local,local,0,local,local,0,0.510401725769043,0.5323160290718079,0.021914303302764893,0.001159836072474718,0.0438285768032074,0.510401725769043,0.5323160290718079,0.2193509191274643,0.20295102894306183,0.27024731040000916,0.2647329270839691
9,S4,LatCrit,local,local,0,local,local,0,0.49979090690612793,0.4772953987121582,-0.022495508193969727,0.0020263995975255966,0.051314547657966614,0.49979090690612793,0.4772953987121582,0.2958482503890991,0.29268646240234375,0.20436087250709534,0.23001812398433685
9,S4,ComHvy,local,local,0,local,local,0,0.49457138776779175,0.47728317975997925,-0.0172882080078125,0.0016297083348035812,0.05129724740982056,0.49457138776779175,0.47728317975997925,0.26357585191726685,0.2892245054244995,0.24185271561145782,0.23349232971668243
9,S4,BWHvy,local,local,0,local,local,0,0.47048550844192505,0.4480257034301758,-0.022459805011749268,0.0017494633793830872,0.051918864250183105,0.47048550844192505,0.4480257034301758,0.25915613770484924,0.25565651059150696,0.2703583538532257,0.29631778597831726
9,S5,LatCrit,local,local,0,local,local,0,0.5119307637214661,0.534123957157135,0.022193193435668945,0.0013600010424852371,0.044386401772499084,0.5119307637214661,0.534123957157135,0.22865048050880432,0.22734132409095764,0.2594187557697296,0.23853470385074615
9,S5,ComHvy,local,local,0,local,local,0,0.4861435294151306,0.4967203140258789,0.010576784610748291,0.00023361947387456894,0.021153613924980164,0.4861435294151306,0.4967203140258789,0.23265312612056732,0.2294137179851532,0.28120338916778564,0.2738659679889679
9,S5,BWHvy,local,local,0,local,local,0,0.4664565324783325,0.47247838973999023,0.006021857261657715,0.0027536600828170776,0.05900418758392334,0.4664565324783325,0.47247838973999023,0.27377763390541077,0.2442755401134491,0.2597658336162567,0.28324607014656067
9,S6,LatCrit,local,local,0,local,local,0,0.4545220732688904,0.4553182125091553,0.0007961392402648926,0.0011089742183685303,0.035505980253219604,0.4545220732688904,0.4553182125091553,0.26828762888908386,0.28524449467658997,0.27719029784202576,0.25943732261657715
9,S6,ComHvy,local,local,0,local,local,0,0.5282202959060669,0.5417045950889587,0.013484299182891846,0.00044474564492702484,0.026968687772750854,0.5282202959060669,0.5417045950889587,0.21674007177352905,0.20637181401252747,0.25503969192504883,0.2519235610961914
9,S6,BWHvy,local,local,0,BS1,BS1,0,0.417350172996521,0.396526575088501,-0.02082359790802002,0.0019088946282863617,0.05924725532531738,0.417350172996521,0.396526575088501,0.23802515864372253,0.22922512888908386,0.3446246385574341,0.3742482662200928
9,S7,LatCrit,local,local,0,BS2,local,1,0.5167163610458374,0.5332515835762024,0.01653522253036499,0.001508941873908043,0.049242764711380005,0.5167163610458374,0.5332515835762024,0.1857849508523941,0.19387109577655792,0.2974987030029297,0.2728773057460785
9,S7,ComHvy,local,local,0,local,BS2,1,0.44351643323898315,0.43143123388290405,-0.012085199356079102,0.0011870283633470535,0.045949265360832214,0.44351643323898315,0.43143123388290405,0.2043173462152481,0.1934278905391693,0.35216623544692993,0.37514084577560425
9,S7,BWHvy,local,local,0,local,local,0,0.5683997869491577,0.5399531126022339,-0.028446674346923828,0.0017260145395994186,0.05689331889152527,0.5683997869491577,0.5399531126022339,0.2762405574321747,0.2898893654346466,0.15535970032215118,0.1701575368642807
9,S8,LatCrit,local,local,0,local,local,0,0.533986508846283,0.5261839032173157,-0.007802605628967285,0.0004671318456530571,0.026310548186302185,0.533986508846283,0.5261839032173157,0.24251802265644073,0.25567328929901123,0.2234954684972763,0.2181427925825119
9,S8,ComHvy,local,local,0,local,local,0,0.5208185911178589,0.5205739736557007,-0.0002446174621582031,0.00041473470628261566,0.020119741559028625,0.5208185911178589,0.5205739736557007,0.25475236773490906,0.2648122310638428,0.22442910075187683,0.21461383998394012
9,S8,BWHvy,local,local,0,BS2,BS2,0,0.4647165536880493,0.46043628454208374,-0.004280269145965576,0.002242961898446083,0.052546173334121704,0.4647165536880493,0.46043628454208374,0.23168551921844482,0.25795862078666687,0.30359789729118347,0.2816050946712494
10,S1,LatCrit,local,local,0,local,local,0,0.5091995596885681,0.5356595516204834,0.026459991931915283,0.0016912966966629028,0.052919939160346985,0.5091995596885681,0.5356595516204834,0.18719784915447235,0.1848568618297577,0.30360257625579834,0.2794836163520813
10,S1,ComHvy,local,local,0,local,local,0,0.49719715118408203,0.4888595938682556,-0.008337557315826416,0.0013842536136507988,0.044871628284454346,0.49719715118408203,0.4888595938682556,0.2928355634212494,0.31527137756347656,0.20996728539466858,0.19586902856826782
10,S1,BWHvy,local,local,0,local,local,0,0.4719448685646057,0.47079044580459595,-0.0011544227600097656,6.145890802145004e-05,0.008866474032402039,0.4719448685646057,0.47079044580459595,0.29527920484542847,0.2920003831386566,0.23277591168880463,0.23720914125442505
10,S2,LatCrit,local,local,0,local,local,0,0.4810636639595032,0.4488525390625,-0.032211124897003174,0.0034622170496731997,0.07029126584529877,0.4810636639595032,0.4488525390625,0.24333657324314117,0.27848222851753235,0.27559974789619446,0.27266526222229004
10,S2,ComHvy,local,local,0,local,local,0,0.41303735971450806,0.48092120885849,0.06788384914398193,0.00979096069931984,0.13576768338680267,0.41303735971450806,0.48092120885849,0.22522318363189697,0.18882890045642853,0.36173945665359497,0.3302499055862427
10,S2,BWHvy,local,local,0,BS1,BS1,0,0.41118091344833374,0.3943135738372803,-0.016867339611053467,0.0006402479484677315,0.033734649419784546,0.41118091344833374,0.3943135738372803,0.26080840826034546,0.2644643783569336,0.3280106782913208,0.34122201800346375
10,S3,LatCrit,local,local,0,local,local,0,0.4038596749305725,0.4405556917190552,0.036696016788482666,0.002791857346892357,0.07339206337928772,0.4038596749305725,0.4405556917190552,0.2675263285636902,0.2477911412715912,0.3286139965057373,0.31165313720703125
10,S3,ComHvy,local,local,0,local,local,0,0.5215186476707458,0.5103455781936646,-0.011173069477081299,0.0003658855566754937,0.02326953411102295,0.5215186476707458,0.5103455781936646,0.2697420120239258,0.28137677907943726,0.20873932540416718,0.208277627825737
10,S3,BWHvy,local,local,0,local,local,0,0.5495634078979492,0.5552054643630981,0.005642056465148926,0.00028352998197078705,0.020001262426376343,0.5495634078979492,0.5552054643630981,0.20457033812999725,0.2089289426803589,0.24586619436740875,0.23586559295654297
10,S4,LatCrit,local,local,0,local,local,0,0.49913883209228516,0.4958752393722534,-0.0032635927200317383,0.0021667499095201492,0.049763306975364685,0.49913883209228516,0.4958752393722534,0.23522211611270905,0.21360406279563904,0.2656390368938446,0.29052069783210754
10,S4,ComHvy,local,local,0,local,local,0,0.43141013383865356,0.43359488248825073,0.002184748649597168,2.2789172362536192e-05,0.006203442811965942,0.43141013383865356,0.43359488248825073,0.310511976480484,0.30741024017333984,0.2580779194831848,0.2589948773384094
10,S4,BWHvy,local,local,0,local,local,0,0.4569333791732788,0.44620561599731445,-0.010727763175964355,0.0019850395619869232,0.054646313190460205,0.4569333791732788,0.44620561599731445,0.28579267859458923,0.2691972851753235,0.25727394223213196,0.28459709882736206
10,S5,LatCrit,local,local,0,local,local,0,0.43147361278533936,0.40393316745758057,-0.02754044532775879,0.00259414897300303,0.059992462396621704,0.43147361278533936,0.40393316745758057,0.25016769766807556,0.2801639139652252,0.3183586895465851,0.3159028887748718
10,S5,ComHvy,local,local,0,local,local,0,0.6238231062889099,0.6097652912139893,-0.014057815074920654,0.0005909623578190804,0.028115615248680115,0.6238231062889099,0.6097652912139893,0.1571323722600937,0.16887342929840088,0.2190445065498352,0.22136124968528748
10,S5,BWHvy,local,local,0,local,local,0,0.45258527994155884,0.45535552501678467,0.00277024507522583,0.0010555535554885864,0.036516591906547546,0.45258527994155884,0.45535552501678467,0.3223173916339874,0.30405908823013306,0.22509734332561493,0.24058538675308228
10,S6,LatCrit,local,local,0,local,local,0,0.42614245414733887,0.4249151945114136,-0.001227259635925293,0.0001060236245393753,0.012125104665756226,0.42614245414733887,0.4249151945114136,0.288341760635376,0.2944043278694153,0.28551575541496277,0.28068047761917114
10,S6,ComHvy,local,local,0,local,local,0,0.49164026975631714,0.4616759419441223,-0.029964327812194824,0.004699349403381348,0.08956049382686615,0.49164026975631714,0.4616759419441223,0.22899915277957916,0.2141832709312439,0.2793605327606201,0.3241408169269562
10,S6,BWHvy,local,local,0,local,local,0,0.4735119342803955,0.42767947912216187,-0.04583245515823364,0.00728091225028038,0.1122429221868515,0.4735119342803955,0.42767947912216187,0.22591467201709747,0.21562564373016357,0.3005734384059906,0.35669487714767456
10,S7,LatCrit,local,local,0,local,local,0,0.511412501335144,0.5148060321807861,0.00339353084564209,0.0007682871073484421,0.03050193190574646,0.511412501335144,0.5148060321807861,0.1946117877960205,0.20646920800209045,0.29397574067115784,0.2787247598171234
10,S7,ComHvy,local,local,0,local,BS2,1,0.5029853582382202,0.4691091775894165,-0.03387618064880371,0.002459237352013588,0.06775243580341339,0.5029853582382202,0.4691091775894165,0.21456216275691986,0.22253122925758362,0.28245243430137634,0.30835962295532227
10,S7,BWHvy,local,local,0,local,local,0,0.5540417432785034,0.4925854206085205,-0.06145632266998291,0.007575999945402145,0.12291266024112701,0.5540417432785034,0.4925854206085205,0.31475111842155457,0.35972702503204346,0.13120710849761963,0.14768753945827484
10,S8,LatCrit,local,local,0,local,local,0,0.5816228985786438,0.5674774050712585,-0.014145493507385254,0.0013567274436354637,0.04232130944728851,0.5816228985786438,0.5674774050712585,0.1954186111688614,0.21657927334308624,0.2229584902524948,0.2159433364868164
10,S8,ComHvy,local,local,0,local,local,0,0.5397173166275024,0.5132414102554321,-0.026475906372070312,0.0020772884599864483,0.05295175313949585,0.5397173166275024,0.5132414102554321,0.20173805952072144,0.2264452576637268,0.2585446536540985,0.2603133022785187
10,S8,BWHvy,local,local,0,local,local,0,0.47919225692749023,0.4611542224884033,-0.018038034439086914,0.0006537428125739098,0.036076053977012634,0.47919225692749023,0.4611542224884033,0.24218611419200897,0.25076088309288025,0.278621643781662,0.28808489441871643
11,S1,LatCrit,local,local,0,BS1,BS1,0,0.5458091497421265,0.5686333179473877,0.02282416820526123,0.0014861728996038437,0.04564836621284485,0.5458091497421265,0.5686333179473877,0.2197972983121872,0.21811915934085846,0.23439355194568634,0.21324749290943146
11,S1,ComHvy,local,local,0,local,local,0,0.44790661334991455,0.42757493257522583,-0.02033168077468872,0.0028478335589170456,0.07108654081821442,0.44790661334991455,0.42757493257522583,0.31627967953681946,0.35182294249534607,0.2358136773109436,0.22060208022594452
11,S1,BWHvy,local,local,0,local,local,0,0.44955354928970337,0.46560418605804443,0.016050636768341064,0.0006566997617483139,0.03210127353668213,0.44955354928970337,0.46560418605804443,0.30017369985580444,0.2973742187023163,0.2502727508544922,0.23702159523963928
11,S2,LatCrit,local,local,0,BS2,BS2,0,0.46938538551330566,0.4524343013763428,-0.01695108413696289,0.0009044967591762543,0.035220712423324585,0.46938538551330566,0.4524343013763428,0.2795031666755676,0.2788439095020294,0.2511114478111267,0.2687218189239502
11,S2,ComHvy,local,local,0,local,local,0,0.47783493995666504,0.5031161308288574,0.025281190872192383,0.00145430164411664,0.05056236684322357,0.47783493995666504,0.5031161308288574,0.23297163844108582,0.21529768407344818,0.28919342160224915,0.2815861999988556
11,S2,BWHvy,local,local,0,local,local,0,0.4616679549217224,0.45479607582092285,-0.0068718791007995605,0.0006640758365392685,0.03108726441860199,0.4616679549217224,0.45479607582092285,0.29914751648902893,0.2904757559299469,0.23918451368808746,0.25472813844680786
11,S3,LatCrit,local,local,0,local,local,0,0.41846340894699097,0.42262327671051025,0.004159867763519287,0.00036170240491628647,0.02398248016834259,0.41846340894699097,0.42262327671051025,0.33815744519233704,0.32616621255874634,0.2433791309595108,0.2512105107307434
11,S3,ComHvy,local,local,0,local,local,0,0.4951581358909607,0.46889758110046387,-0.026260554790496826,0.0014281272888183594,0.052521124482154846,0.4951581358909607,0.46889758110046387,0.283281147480011,0.3015681505203247,0.22156070172786713,0.22953426837921143
11,S3,BWHvy,local,local,0,local,local,0,0.538719654083252,0.5499927401542664,0.011273086071014404,0.0002566142939031124,0.022546201944351196,0.538719654083252,0.5499927401542664,0.17214438319206238,0.1681424379348755,0.28913599252700806,0.28186482191085815
11,S4,LatCrit,local,local,0,local,local,0,0.450534462928772,0.44369083642959595,-0.006843626499176025,0.0003000563010573387,0.021394044160842896,0.450534462928772,0.44369083642959595,0.2994200885295868,0.2955666780471802,0.2500454783439636,0.2607424855232239
11,S4,ComHvy,local,local,0,local,local,0,0.4302130341529846,0.4329870343208313,0.0027740001678466797,0.0003403313457965851,0.02166399359703064,0.4302130341529846,0.4329870343208313,0.30313339829444885,0.3111913800239563,0.2666535973548889,0.2558215856552124
11,S4,BWHvy,local,local,0,BS1,BS1,0,0.4408528804779053,0.43090587854385376,-0.009947001934051514,0.0002355413744226098,0.019894003868103027,0.4408528804779053,0.43090587854385376,0.2882538437843323,0.296525776386261,0.27089327573776245,0.27256834506988525
11,S5,LatCrit,local,local,0,local,local,0,0.4524672031402588,0.4343896508216858,-0.018077552318572998,0.002669733949005604,0.06606584787368774,0.4524672031402588,0.4343896508216858,0.26775941252708435,0.3007923364639282,0.2797733545303345,0.2648179829120636
11,S5,ComHvy,local,local,0,local,local,0,0.6017003059387207,0.6175081133842468,0.015807807445526123,0.002578364685177803,0.05581428110599518,0.6017003059387207,0.6175081133842468,0.18412256240844727,0.19622187316417694,0.21417716145515442,0.18626999855041504
11,S5,BWHvy,local,local,0,local,local,0,0.41785597801208496,0.43353670835494995,0.01568073034286499,0.002503936178982258,0.06167338788509369,0.41785597801208496,0.43353670835494995,0.2774883210659027,0.24665163457393646,0.30465570092201233,0.3198116719722748
11,S6,LatCrit,local,local,0,local,local,0,0.4332975149154663,0.434226930141449,0.000929415225982666,0.0016754399985074997,0.044099822640419006,0.4332975149154663,0.434226930141449,0.29939040541648865,0.3205108940601349,0.26731207966804504,0.24526216089725494
11,S6,ComHvy,local,local,0,local,local,0,0.49490058422088623,0.46185368299484253,-0.0330469012260437,0.0022201556712388992,0.06609378755092621,0.49490058422088623,0.46185368299484253,0.2364843487739563,0.24908198416233063,0.26861506700515747,0.28906431794166565
11,S6,BWHvy,local,BS2,1,local,local,0,0.3790304660797119,0.4206588864326477,0.04162842035293579,0.005629502236843109,0.10089258849620819,0.3790304660797119,0.35795390605926514,0.2507569491863251,0.22138719260692596,0.3702126145362854,0.4206588864326477
11,S7,LatCrit,local,local,0,local,local,0,0.47607284784317017,0.4943821430206299,0.018309295177459717,0.0006746817380189896,0.03661860525608063,0.47607284784317017,0.4943821430206299,0.23431113362312317,0.22516734898090363,0.28961601853370667,0.2804504930973053
11,S7,ComHvy,local,local,0,local,local,0,0.41925209760665894,0.3683100938796997,-0.05094200372695923,0.006034001708030701,0.10188400745391846,0.41925209760665894,0.3683100938796997,0.27159664034843445,0.28171801567077637,0.3091512620449066,0.3499718904495239
11,S7,BWHvy,local,local,0,local,local,0,0.513298749923706,0.493959903717041,-0.01933884620666504,0.0007767514325678349,0.03867766261100769,0.513298749923706,0.493959903717041,0.26989319920539856,0.2833462059497833,0.21680806577205658,0.22269387543201447
11,S8,LatCrit,local,local,0,local,local,0,0.5011749267578125,0.4881676435470581,-0.013007283210754395,0.0010560378432273865,0.04016384482383728,0.5011749267578125,0.4881676435470581,0.24379189312458038,0.263873815536499,0.2550331950187683,0.24795855581760406
11,S8,ComHvy,local,local,0,local,local,0,0.5660797357559204,0.5574115514755249,-0.008668184280395508,0.00017649680376052856,0.017336323857307434,0.5660797357559204,0.5574115514755249,0.19330613315105438,0.19485753774642944,0.2406141757965088,0.24773091077804565
11,S8,BWHvy,local,local,0,local,local,0,0.5205800533294678,0.5517226457595825,0.031142592430114746,0.002246290445327759,0.0622851699590683,0.5205800533294678,0.5517226457595825,0.24829262495040894,0.22433117032051086,0.2311272919178009,0.22394616901874542
12,S1,LatCrit,local,local,0,local,local,0,0.5299659967422485,0.5358299016952515,0.00586390495300293,0.0012595131993293762,0.03884100914001465,0.5299659967422485,0.5358299016952515,0.23552514612674713,0.24908173084259033,0.23450884222984314,0.21508832275867462
12,S1,ComHvy,local,local,0,local,local,0,0.49195390939712524,0.491672158241272,-0.0002817511558532715,3.2992102205753326e-07,0.0007722079753875732,0.49195390939712524,0.491672158241272,0.26920613646507263,0.2695922553539276,0.23883993923664093,0.2387356013059616
12,S1,BWHvy,local,local,0,local,local,0,0.5483166575431824,0.5390188694000244,-0.009297788143157959,0.000267659779638052,0.01944372057914734,0.5483166575431824,0.5390188694000244,0.24550504982471466,0.2552269399166107,0.20617829263210297,0.20575425028800964
12,S2,LatCrit,local,BS2,1,local,BS2,1,0.37986868619918823,0.4124332666397095,0.03256458044052124,0.004749853163957596,0.0872616320848465,0.37986868619918823,0.3392704129219055,0.25132885575294495,0.24829630553722382,0.3688024580478668,0.4124332666397095
12,S2,ComHvy,local,local,0,local,local,0,0.5402355790138245,0.6070935726165771,0.06685799360275269,0.009231667965650558,0.13371598720550537,0.5402355790138245,0.6070935726165771,0.21428512036800385,0.18478217720985413,0.2454793006181717,0.20812425017356873
12,S2,BWHvy,local,local,0,local,local,0,0.425561785697937,0.3936913013458252,-0.031870484352111816,0.0024068504571914673,0.0637410432100296,0.425561785697937,0.3936913013458252,0.32650524377822876,0.3349260091781616,0.24793292582035065,0.27138271927833557
12,S3,LatCrit,local,local,0,local,local,0,0.40370672941207886,0.41936391592025757,0.01565718650817871,0.0005055652000010014,0.03131440281867981,0.40370672941207886,0.41936391592025757,0.35250934958457947,0.34354710578918457,0.24378392100334167,0.23708894848823547
12,S3,ComHvy,local,local,0,local,local,0,0.4258347153663635,0.415225625038147,-0.010609090328216553,0.00023386115208268166,0.02121816575527191,0.4258347153663635,0.415225625038147,0.32519805431365967,0.3303392827510834,0.248967245221138,0.25443509221076965
12,S3,BWHvy,local,local,0,local,local,0,0.5053894519805908,0.485898494720459,-0.019490957260131836,0.0008522612042725086,0.03898191452026367,0.5053894519805908,0.485898494720459,0.19884976744651794,0.21156519651412964,0.29576078057289124,0.3025363087654114
12,S4,LatCrit,local,local,0,local,local,0,0.4639163017272949,0.49625474214553833,0.03233844041824341,0.002615680918097496,0.06467686593532562,0.4639163017272949,0.49625474214553833,0.23380497097969055,0.2087249606847763,0.30227869749069214,0.29502028226852417
12,S4,ComHvy,local,local,0,local,local,0,0.4855462908744812,0.4883818030357361,0.002835512161254883,0.0010677333921194077,0.03543199598789215,0.4855462908744812,0.4883818030357361,0.2619916498661041,0.2768721580505371,0.2524620592594147,0.2347460836172104
12,S4,BWHvy,local,local,0,local,local,0,0.5499809980392456,0.5735757350921631,0.02359473705291748,0.001483800821006298,0.04718950390815735,0.5499809980392456,0.5735757350921631,0.2449987530708313,0.22375363111495972,0.2050202637910843,0.202670618891716
12,S5,LatCrit,local,local,0,local,local,0,0.49567216634750366,0.4442412257194519,-0.05143094062805176,0.006018470972776413,0.10286185145378113,0.49567216634750366,0.4442412257194519,0.24403509497642517,0.25438594818115234,0.26029276847839355,0.30137282609939575
12,S5,ComHvy,local,local,0,local,local,0,0.5680970549583435,0.5463168025016785,-0.02178025245666504,0.0011568740010261536,0.0435604602098465,0.5680970549583435,0.5463168025016785,0.19102463126182556,0.19387070834636688,0.24087834358215332,0.25981247425079346
12,S5,BWHvy,local,local,0,BS2,BS2,0,0.4252392053604126,0.4260561466217041,0.0008169412612915039,0.00013795727863907814,0.01302027702331543,0.4252392053604126,0.4260561466217041,0.24262888729572296,0.23611874878406525,0.33213189244270325,0.33782508969306946
12,S6,LatCrit,local,local,0,local,local,0,0.44548285007476807,0.4435327649116516,-0.001950085163116455,0.0005117049440741539,0.025411218404769897,0.44548285007476807,0.4435327649116516,0.3348970413208008,0.34760263562202454,0.21962012350559235,0.20886458456516266
12,S6,ComHvy,local,local,0,BS1,BS1,0,0.456332802772522,0.41427332162857056,-0.042059481143951416,0.003615383058786392,0.08411896228790283,0.456332802772522,0.41427332162857056,0.275417298078537,0.29602354764938354,0.26824989914894104,0.2897031307220459
12,S6,BWHvy,local,local,0,local,local,0,0.44255852699279785,0.4487624168395996,0.006203889846801758,8.5212173871696e-05,0.012407749891281128,0.44255852699279785,0.4487624168395996,0.30019745230674744,0.29544180631637573,0.2572440207004547,0.25579580664634705
12,S7,LatCrit,local,local,0,local,local,0,0.5547658801078796,0.5893259644508362,0.03456008434295654,0.004151422530412674,0.06912018358707428,0.5547658801078796,0.5893259644508362,0.20320606231689453,0.16966870427131653,0.24202808737754822,0.24100534617900848
12,S7,ComHvy,local,local,0,local,local,0,0.4753798246383667,0.4253602623939514,-0.05001956224441528,0.005094829946756363,0.10003918409347534,0.4753798246383667,0.4253602623939514,0.3226214349269867,0.35095110535621643,0.2019987255334854,0.22368867695331573
12,S7,BWHvy,local,local,0,local,local,0,0.5638008117675781,0.5543971061706543,-0.009403705596923828,0.0024902038276195526,0.05516138672828674,0.5638008117675781,0.5543971061706543,0.21848078072071075,0.24606144428253174,0.2177184373140335,0.19954141974449158
12,S8,LatCrit,local,local,0,local,local,0,0.5156415700912476,0.5182836055755615,0.002642035484313965,0.0009886231273412704,0.03316584229469299,0.5156415700912476,0.5182836055755615,0.24255701899528503,0.25649794936180115,0.24180136620998383,0.2252184897661209
12,S8,ComHvy,local,local,0,local,local,0,0.4497961401939392,0.4246346354484558,-0.0251615047454834,0.0016461946070194244,0.0503230094909668,0.4497961401939392,0.4246346354484558,0.2776894271373749,0.28003162145614624,0.2725144326686859,0.29533374309539795
12,S8,BWHvy,local,local,0,local,local,0,0.5418955087661743,0.5315765142440796,-0.010318994522094727,0.0002648821100592613,0.02063797414302826,0.5418955087661743,0.5315765142440796,0.23055212199687958,0.232255220413208,0.2275523543357849,0.23616823554039001
13,S1,LatCrit,local,local,0,local,local,0,0.5040681958198547,0.5050504207611084,0.0009822249412536621,0.00016964133828878403,0.01376931369304657,0.5040681958198547,0.5050504207611084,0.2346726655960083,0.2277880162000656,0.26125913858413696,0.2671615779399872
13,S1,ComHvy,local,local,0,BS1,BS1,0,0.3693549633026123,0.3551971912384033,-0.014157772064208984,0.0004403931088745594,0.02831554412841797,0.3693549633026123,0.3551971912384033,0.34320268034935,0.3522240221500397,0.2874423563480377,0.292578786611557
13,S1,BWHvy,local,local,0,BS2,local,1,0.5191996693611145,0.565758228302002,0.04655855894088745,0.004418576136231422,0.09311710298061371,0.5191996693611145,0.565758228302002,0.20390541851520538,0.1868191808462143,0.2768948972225189,0.24742259085178375
13,S2,LatCrit,local,local,0,local,local,0,0.48291271924972534,0.4864426255226135,0.0035299062728881836,0.00033638160675764084,0.02144545316696167,0.48291271924972534,0.4864426255226135,0.2653624415397644,0.2546396851539612,0.25172486901283264,0.2589176595211029
13,S2,ComHvy,local,local,0,local,local,0,0.4787827134132385,0.5166690945625305,0.03788638114929199,0.002893509343266487,0.07577277719974518,0.4787827134132385,0.5166690945625305,0.24436312913894653,0.224403515458107,0.27685415744781494,0.2589273750782013
13,S2,BWHvy,local,local,0,local,local,0,0.4825006127357483,0.4730699062347412,-0.00943070650100708,0.0005535464733839035,0.02931666374206543,0.4825006127357483,0.4730699062347412,0.2537945806980133,0.268452912569046,0.2637048065662384,0.25847718119621277
13,S3,LatCrit,local,local,0,local,local,0,0.5623334646224976,0.5925993919372559,0.0302659273147583,0.0028180070221424103,0.06053183972835541,0.5623334646224976,0.5925993919372559,0.25760337710380554,0.2527720034122467,0.1800631284713745,0.15462858974933624
13,S3,ComHvy,local,local,0,local,local,0,0.5431661009788513,0.5264492034912109,-0.01671689748764038,0.0005951514467597008,0.03343383967876434,0.5431661009788513,0.5264492034912109,0.28621214628219604,0.29388725757598877,0.17062173783779144,0.17966356873512268
13,S3,BWHvy,local,local,0,local,local,0,0.4815000295639038,0.49053603410720825,0.009036004543304443,0.0005808621644973755,0.027763769030570984,0.4815000295639038,0.49053603410720825,0.29892510175704956,0.3037709891796112,0.21957485377788544,0.20569297671318054
13,S4,LatCrit,local,local,0,BS1,BS1,0,0.45910489559173584,0.4446486234664917,-0.01445627212524414,0.001032758504152298,0.03864140808582306,0.45910489559173584,0.4446486234664917,0.30859845876693726,0.30373403429985046,0.2322966605424881,0.2516173720359802
13,S4,ComHvy,local,local,0,local,local,0,0.5382748246192932,0.5100398063659668,-0.028235018253326416,0.0017958004027605057,0.05646999180316925,0.5382748246192932,0.5100398063659668,0.1716543734073639,0.1752433031797409,0.2900708019733429,0.3147168457508087
13,S4,BWHvy,local,local,0,local,local,0,0.42969799041748047,0.4709659218788147,0.04126793146133423,0.0034326743334531784,0.08253586292266846,0.42969799041748047,0.4709659218788147,0.29149502515792847,0.270572304725647,0.27880701422691345,0.2584618031978607
13,S5,LatCrit,local,local,0,local,local,0,0.3828900456428528,0.3722701072692871,-0.010619938373565674,0.0005946187302470207,0.030981332063674927,0.3828900456428528,0.3722701072692871,0.3337623178958893,0.3288915753364563,0.28334763646125793,0.2988382875919342
13,S5,ComHvy,local,local,0,local,local,0,0.6635502576828003,0.6502559185028076,-0.013294339179992676,0.0010203872807323933,0.03606991469860077,0.6635502576828003,0.6502559185028076,0.1895490288734436,0.2075839638710022,0.1469007283449173,0.1421600878238678
13,S5,BWHvy,local,local,0,local,local,0,0.43560147285461426,0.45972466468811035,0.024123191833496094,0.0029260022565722466,0.070604607462883,0.43560147285461426,0.45972466468811035,0.33207327127456665,0.29677096009254456,0.23232528567314148,0.2435043901205063
13,S6,LatCrit,local,BS1,1,BS1,BS1,0,0.3738638162612915,0.38041412830352783,0.006550312042236328,0.00014279084280133247,0.016364216804504395,0.3738638162612915,0.3693283796310425,0.37223201990127563,0.38041412830352783,0.25390416383743286,0.2502574920654297
13,S6,ComHvy,local,local,0,local,local,0,0.5407587289810181,0.5242455005645752,-0.01651322841644287,0.0022225752472877502,0.05836094915866852,0.5407587289810181,0.5242455005645752,0.20509566366672516,0.19242841005325317,0.25414562225341797,0.28332608938217163
13,S6,BWHvy,local,local,0,local,local,0,0.5322391390800476,0.5148270130157471,-0.017412126064300537,0.0007783086039125919,0.03482423722743988,0.5322391390800476,0.5148270130157471,0.18535172939300537,0.19868843257427216,0.282409131526947,0.2864845395088196
13,S7,LatCrit,local,local,0,local,local,0,0.5845689177513123,0.6007823944091797,0.01621347665786743,0.0005520172417163849,0.03242695331573486,0.5845689177513123,0.6007823944091797,0.15376707911491394,0.14669540524482727,0.2616639733314514,0.25252217054367065
13,S7,ComHvy,local,BS2,1,local,BS2,1,0.3815774917602539,0.3856566846370697,0.004079192876815796,0.0024811923503875732,0.06378261744976044,0.3815774917602539,0.3496862053871155,0.2426484078168869,0.2646571099758148,0.3757740557193756,0.3856566846370697
13,S7,BWHvy,local,local,0,local,local,0,0.5934174060821533,0.5815271139144897,-0.011890292167663574,0.0017973659560084343,0.047348737716674805,0.5934174060821533,0.5815271139144897,0.19387991726398468,0.2175542712211609,0.2127026617527008,0.20091857016086578
13,S8,LatCrit,local,local,0,local,local,0,0.5219552516937256,0.4993206262588501,-0.02263462543487549,0.0011810380965471268,0.04526926577091217,0.5219552516937256,0.4993206262588501,0.30745431780815125,0.31585171818733215,0.17059041559696198,0.18482765555381775
13,S8,ComHvy,local,local,0,BS2,BS2,0,0.5129610896110535,0.5003598928451538,-0.012601196765899658,0.000456126406788826,0.025202423334121704,0.5129610896110535,0.5003598928451538,0.23240700364112854,0.23247340321540833,0.254631906747818,0.26716673374176025
13,S8,BWHvy,local,local,0,local,local,0,0.4102192521095276,0.3982387185096741,-0.011980533599853516,0.00034402310848236084,0.023961052298545837,0.4102192521095276,0.3982387185096741,0.2468612641096115,0.2481909692287445,0.3429194986820221,0.3535703122615814
14,S1,LatCrit,local,local,0,local,local,0,0.49256253242492676,0.5190706253051758,0.026508092880249023,0.0016794707626104355,0.05301624536514282,0.49256253242492676,0.5190706253051758,0.28937020897865295,0.2664189040660858,0.2180672585964203,0.21451041102409363
14,S1,ComHvy,local,local,0,local,local,0,0.5218331813812256,0.5054619312286377,-0.01637125015258789,0.0005368832498788834,0.03274255990982056,0.5218331813812256,0.5054619312286377,0.266823410987854,0.27634894847869873,0.21134336292743683,0.21818913519382477
14,S1,BWHvy,local,local,0,local,local,0,0.5865970253944397,0.6202107667922974,0.033613741397857666,0.0029057571664452553,0.06722751259803772,0.5865970253944397,0.6202107667922974,0.20200830698013306,0.17596115171909332,0.21139468252658844,0.20382806658744812
14,S2,LatCrit,local,local,0,local,local,0,0.4693775177001953,0.46655696630477905,-0.0028205513954162598,0.003429356962442398,0.06310224533081055,0.4693775177001953,0.46655696630477905,0.261526495218277,0.23279592394828796,0.2690959870815277,0.300647109746933
14,S2,ComHvy,local,local,0,local,local,0,0.49780118465423584,0.5112727284431458,0.013471543788909912,0.001000361517071724,0.03773850202560425,0.49780118465423584,0.5112727284431458,0.2569415271282196,0.2623392343521118,0.24525730311870575,0.22638805210590363
14,S2,BWHvy,local,local,0,local,local,0,0.5209357738494873,0.5166972875595093,-0.004238486289978027,4.133488982915878e-05,0.008476942777633667,0.5209357738494873,0.5166972875595093,0.2287304550409317,0.22961954772472382,0.2503337860107422,0.2536831498146057
14,S3,LatCrit,local,local,0,local,local,0,0.4603983759880066,0.5031819939613342,0.04278361797332764,0.0056096650660037994,0.08556720614433289,0.4603983759880066,0.5031819939613342,0.3138173818588257,0.3095158338546753,0.22578421235084534,0.18730217218399048
14,S3,ComHvy,local,local,0,BS1,BS1,0,0.4953632354736328,0.4789597988128662,-0.0164034366607666,0.0005853744223713875,0.03280681371688843,0.4953632354736328,0.4789597988128662,0.22266049683094025,0.23341883718967438,0.28197628259658813,0.28762131929397583
14,S3,BWHvy,local,local,0,local,local,0,0.4968239665031433,0.5142772197723389,0.017453253269195557,0.0006969436071813107,0.03490644693374634,0.4968239665031433,0.5142772197723389,0.21440613269805908,0.20249736309051514,0.2887698709964752,0.2832254469394684
14,S4,LatCrit,local,local,0,local,local,0,0.5464107990264893,0.5157010555267334,-0.03070974349975586,0.0023879632353782654,0.06141948699951172,0.5464107990264893,0.5157010555267334,0.28471896052360535,0.2929597496986389,0.1688702404499054,0.19133919477462769
14,S4,ComHvy,local,local,0,local,local,0,0.49705731868743896,0.5086308717727661,0.011573553085327148,0.0015712631866335869,0.048297420144081116,0.49705731868743896,0.5086308717727661,0.2833041548728943,0.25915542244911194,0.21963855624198914,0.23221369087696075
14,S4,BWHvy,local,local,0,local,local,0,0.48304039239883423,0.5140268802642822,0.030986487865447998,0.001938769593834877,0.06197303533554077,0.48304039239883423,0.5140268802642822,0.2536815404891968,0.24049802124500275,0.2632780969142914,0.24547506868839264
14,S5,LatCrit,local,local,0,BS1,BS1,0,0.4706360101699829,0.48849695920944214,0.01786094903945923,0.0006556115113198757,0.03572195768356323,0.4706360101699829,0.48849695920944214,0.2889421284198761,0.2771684229373932,0.24042189121246338,0.23433458805084229
14,S5,ComHvy,local,local,0,local,local,0,0.5690906047821045,0.5587939023971558,-0.01029670238494873,0.0002315507736057043,0.02059343457221985,0.5690906047821045,0.5587939023971558,0.24434857070446014,0.2520791292190552,0.18656080961227417,0.18912698328495026
14,S5,BWHvy,local,local,0,local,local,0,0.4593160152435303,0.45537394285202026,-0.00394207239151001,0.002867424860596657,0.05950644612312317,0.4593160152435303,0.45537394285202026,0.28351691365242004,0.25770577788352966,0.2571670413017273,0.2869202792644501
14,S6,LatCrit,local,BS1,1,BS2,BS2,0,0.37913787364959717,0.3951222896575928,0.015984416007995605,0.00803394615650177,0.12202274799346924,0.37913787364959717,0.34909170866012573,0.33411091566085815,0.3951222896575928,0.2867512106895447,0.2557860016822815
14,S6,ComHvy,local,local,0,local,local,0,0.5196719765663147,0.5013374090194702,-0.018334567546844482,0.002238098531961441,0.05753570795059204,0.5196719765663147,0.5013374090194702,0.2539641261100769,0.24353085458278656,0.2263638824224472,0.2551317512989044
14,S6,BWHvy,local,local,0,local,local,0,0.4295833110809326,0.4397727847099304,0.010189473628997803,0.0002632932737469673,0.020378917455673218,0.4295833110809326,0.4397727847099304,0.27869266271591187,0.2775062918663025,0.29172399640083313,0.2827209234237671
14,S7,LatCrit,local,local,0,local,local,0,0.4990202784538269,0.5189052820205688,0.019885003566741943,0.0012814124347642064,0.039770036935806274,0.4990202784538269,0.5189052820205688,0.20828162133693695,0.1895855814218521,0.29269811511039734,0.29150912165641785
14,S7,ComHvy,local,local,0,local,local,0,0.5168920755386353,0.46652573347091675,-0.050366342067718506,0.007631498388946056,0.11055903136730194,0.5168920755386353,0.46652573347091675,0.27254366874694824,0.3278231918811798,0.21056421101093292,0.20565104484558105
14,S7,BWHvy,local,local,0,local,local,0,0.593256413936615,0.5875076055526733,-0.00574880838394165,0.002816036343574524,0.05340392887592316,0.593256413936615,0.5875076055526733,0.21199527382850647,0.19104209542274475,0.19474831223487854,0.22145025432109833
14,S8,LatCrit,local,local,0,local,local,0,0.5483986139297485,0.5128369927406311,-0.03556162118911743,0.0026481766253709793,0.07112319767475128,0.5483986139297485,0.5128369927406311,0.2454935610294342,0.2702198624610901,0.20610783994197845,0.21694311499595642
14,S8,ComHvy,local,local,0,local,local,0,0.5782483816146851,0.5691155791282654,-0.009132802486419678,0.000812147743999958,0.03207789361476898,0.5782483816146851,0.5691155791282654,0.22919374704360962,0.22228758037090302,0.1925579011440277,0.2085968255996704
14,S8,BWHvy,local,local,0,BS1,BS1,0,0.4382317066192627,0.46188652515411377,0.023654818534851074,0.002356709446758032,0.06228563189506531,0.4382317066192627,0.46188652515411377,0.3189677894115448,0.28782495856285095,0.2428005337715149,0.2502885162830353
15,S1,LatCrit,local,local,0,local,local,0,0.5425471067428589,0.5548969507217407,0.012349843978881836,0.0009901216253638268,0.03576703369617462,0.5425471067428589,0.5548969507217407,0.21451687812805176,0.19663339853286743,0.24293597042560577,0.24846968054771423
15,S1,ComHvy,local,local,0,local,local,0,0.43209922313690186,0.4334944486618042,0.0013952255249023438,1.541036181151867e-05,0.004863232374191284,0.43209922313690186,0.4334944486618042,0.26027625799179077,0.2578446567058563,0.3076245188713074,0.30866092443466187
15,S1,BWHvy,local,local,0,local,local,0,0.5696921348571777,0.5801767110824585,0.010484576225280762,0.00023093726485967636,0.02096913754940033,0.5696921348571777,0.5801767110824585,0.24764291942119598,0.24268530309200287,0.18266497552394867,0.17713803052902222
15,S2,LatCrit,local,local,0,local,local,0,0.5128478407859802,0.5247354507446289,0.011887609958648682,0.00043851230293512344,0.023904263973236084,0.5128478407859802,0.5247354507446289,0.24331997334957123,0.24338451027870178,0.24383218586444855,0.2318800687789917
15,S2,ComHvy,local,local,0,BS1,BS1,0,0.511895477771759,0.48441773653030396,-0.027477741241455078,0.0015659164637327194,0.05495549738407135,0.511895477771759,0.48441773653030396,0.22409534454345703,0.23284389078617096,0.26400914788246155,0.2827383577823639
15,S2,BWHvy,local,local,0,local,local,0,0.5139816999435425,0.533930242061615,0.01994854211807251,0.00130370631814003,0.0412234365940094,0.5139816999435425,0.533930242061615,0.24263840913772583,0.24330158531665802,0.2433798909187317,0.222768172621727
15,S3,LatCrit,local,local,0,local,local,0,0.536186933517456,0.5360546112060547,-0.0001323223114013672,0.0014546699821949005,0.03595718741416931,0.536186933517456,0.5360546112060547,0.2719407379627228,0.28991931676864624,0.19187232851982117,0.17402604222297668
15,S3,ComHvy,local,local,0,local,local,0,0.5245216488838196,0.5134946703910828,-0.011026978492736816,0.00031554698944091797,0.02205394208431244,0.5245216488838196,0.5134946703910828,0.2682613134384155,0.27027782797813416,0.2072170525789261,0.21622750163078308
15,S3,BWHvy,local,local,0,local,local,0,0.5041738748550415,0.5022580623626709,-0.0019158124923706055,0.0006723841652274132,0.027684614062309265,0.5041738748550415,0.5022580623626709,0.24590925872325897,0.23398275673389435,0.2499169260263443,0.26375922560691833
15,S4,LatCrit,local,local,0,local,local,0,0.48276978731155396,0.4559009075164795,-0.026868879795074463,0.0015875445678830147,0.053737789392471313,0.48276978731155396,0.4559009075164795,0.26504766941070557,0.28505739569664,0.2521825134754181,0.2590416967868805
15,S4,ComHvy,local,local,0,local,local,0,0.5251336097717285,0.4874645471572876,-0.03766906261444092,0.0029197856783866882,0.07533811032772064,0.5251336097717285,0.4874645471572876,0.22465354204177856,0.24720244109630585,0.2502128481864929,0.26533299684524536
15,S4,BWHvy,local,local,0,local,local,0,0.4983121156692505,0.5172377824783325,0.01892566680908203,0.0007168855518102646,0.037851303815841675,0.4983121156692505,0.5172377824783325,0.21535474061965942,0.20703446865081787,0.2863331437110901,0.275727778673172
15,S5,LatCrit,local,local,0,BS1,local,1,0.438058078289032,0.4515802264213562,0.013522148132324219,0.0004765519988723099,0.02746771275997162,0.438058078289032,0.4515802264213562,0.35589519143104553,0.3421613574028015,0.2060467153787613,0.20625844597816467
15,S5,ComHvy,local,local,0,local,local,0,0.6650744676589966,0.675464391708374,0.010389924049377441,0.0008159559220075607,0.028590917587280273,0.6650744676589966,0.675464391708374,0.17796021699905396,0.18186575174331665,0.15696531534194946,0.14266985654830933
15,S5,BWHvy,local,local,0,local,local,0,0.5121073722839355,0.5122209191322327,0.00011354684829711914,0.000451577827334404,0.021079853177070618,0.5121073722839355,0.5122209191322327,0.2635391652584076,0.2529992461204529,0.22435344755649567,0.23477983474731445
15,S6,LatCrit,local,local,0,BS2,BS2,0,0.43155479431152344,0.401824951171875,-0.029729843139648438,0.0019274596124887466,0.05945967137813568,0.43155479431152344,0.401824951171875,0.3454243242740631,0.36901894211769104,0.22302088141441345,0.22915609180927277
15,S6,ComHvy,local,local,0,local,local,0,0.4933508038520813,0.5018832683563232,0.008532464504241943,0.00022070418344810605,0.01810196042060852,0.4933508038520813,0.5018832683563232,0.28437235951423645,0.2753213942050934,0.22227682173252106,0.22279535233974457
15,S6,BWHvy,local,local,0,local,local,0,0.5665237903594971,0.549012303352356,-0.017511487007141113,0.000671630259603262,0.03502295911312103,0.5665237903594971,0.549012303352356,0.1958259791135788,0.20717667043209076,0.23765026032924652,0.24381104111671448
15,S7,LatCrit,local,local,0,local,local,0,0.5995759963989258,0.5968046188354492,-0.0027713775634765625,2.5887275114655495e-05,0.005843997001647949,0.5995759963989258,0.5968046188354492,0.18244823813438416,0.18229763209819794,0.21797578036785126,0.22089779376983643
15,S7,ComHvy,local,local,0,BS2,BS2,0,0.4348602294921875,0.446750283241272,0.011890053749084473,0.002283124253153801,0.05826139450073242,0.4348602294921875,0.446750283241272,0.28357818722724915,0.3008188307285309,0.28156158328056335,0.25243088603019714
15,S7,BWHvy,local,local,0,local,local,0,0.5940390825271606,0.5890366435050964,-0.005002439022064209,5.2005285397171974e-05,0.010004892945289612,0.5940390825271606,0.5890366435050964,0.18480195105075836,0.18685515224933624,0.221158966422081,0.22410821914672852
15,S8,LatCrit,local,local,0,local,local,0,0.5538142919540405,0.5319947004318237,-0.021819591522216797,0.001784689724445343,0.04417957365512848,0.5538142919540405,0.5319947004318237,0.2791058421134949,0.278835654258728,0.1670798808336258,0.18916967511177063
15,S8,ComHvy,local,local,0,local,local,0,0.5192075967788696,0.535672664642334,0.016465067863464355,0.0009115603752434254,0.03517749905586243,0.5192075967788696,0.535672664642334,0.24860306084156036,0.23101432621479034,0.23218934237957,0.23331303894519806
15,S8,BWHvy,local,local,0,local,local,0,0.5062556266784668,0.5056531429290771,-0.0006024837493896484,0.000858057290315628,0.02927035093307495,0.5062556266784668,0.5056531429290771,0.19949133694171906,0.21412645280361176,0.2942531108856201,0.2802203595638275
16,S1,LatCrit,local,local,0,local,local,0,0.5032355785369873,0.4979126453399658,-0.005322933197021484,0.0013461858034133911,0.0416264683008194,0.5032355785369873,0.4979126453399658,0.22782295942306519,0.21233268082141876,0.26894140243530273,0.2897546589374542
16,S1,ComHvy,local,local,0,local,local,0,0.48667651414871216,0.49530959129333496,0.008633077144622803,0.0012103719636797905,0.040227681398391724,0.48667651414871216,0.49530959129333496,0.23778288066387177,0.2176690548658371,0.2755405902862549,0.28702136874198914
16,S1,BWHvy,local,local,0,local,local,0,0.5356615781784058,0.5578153133392334,0.022153735160827637,0.0013333004899322987,0.04430748522281647,0.5356615781784058,0.5578153133392334,0.240513876080513,0.22056058049201965,0.22382453083992004,0.22162407636642456
16,S2,LatCrit,local,local,0,local,local,0,0.49029308557510376,0.48101943731307983,-0.009273648262023926,0.00017744116485118866,0.01854729652404785,0.49029308557510376,0.48101943731307983,0.21075758337974548,0.21575519442558289,0.29894933104515076,0.3032253682613373
16,S2,ComHvy,local,local,0,local,local,0,0.49469220638275146,0.5534332990646362,0.058741092681884766,0.007494363933801651,0.11748209595680237,0.49469220638275146,0.5534332990646362,0.2880450487136841,0.26488232612609863,0.21726271510124207,0.1816844344139099
16,S2,BWHvy,local,local,0,local,local,0,0.4684845209121704,0.4354705214500427,-0.033013999462127686,0.002447206526994705,0.06602796912193298,0.4684845209121704,0.4354705214500427,0.2662821114063263,0.2913280427455902,0.2652333974838257,0.27320143580436707
16,S3,LatCrit,local,local,0,BS1,BS1,0,0.43211567401885986,0.4621940851211548,0.030078411102294922,0.0023360829800367355,0.060156822204589844,0.43211567401885986,0.4621940851211548,0.38051286339759827,0.37095749378204346,0.18737146258354187,0.16684842109680176
16,S3,ComHvy,local,local,0,local,local,0,0.5760853290557861,0.5397593975067139,-0.036325931549072266,0.002740960568189621,0.07265187799930573,0.5760853290557861,0.5397593975067139,0.22009310126304626,0.2347053438425064,0.20382152497768402,0.22553522884845734
16,S3,BWHvy,local,local,0,BS2,BS2,0,0.41205620765686035,0.4275937080383301,0.015537500381469727,0.0006082188338041306,0.031074970960617065,0.41205620765686035,0.4275937080383301,0.29330262541770935,0.29117363691329956,0.2946411669254303,0.28123268485069275
16,S4,LatCrit,local,local,0,BS1,local,1,0.4678994417190552,0.5090120434761047,0.04111260175704956,0.004348286893218756,0.08222518861293793,0.4678994417190552,0.5090120434761047,0.2668243944644928,0.231425479054451,0.26527613401412964,0.2595624625682831
16,S4,ComHvy,local,local,0,local,local,0,0.5662949681282043,0.540230929851532,-0.026064038276672363,0.0016020387411117554,0.05212807655334473,0.5662949681282043,0.540230929851532,0.23930419981479645,0.24622398614883423,0.1944008469581604,0.21354509890079498
16,S4,BWHvy,local,local,0,local,local,0,0.5530476570129395,0.5697231888771057,0.01667553186416626,0.0058250874280929565,0.08517004549503326,0.5530476570129395,0.5697231888771057,0.2587354779243469,0.2161504477262497,0.188216894865036,0.2141263782978058
16,S5,LatCrit,local,local,0,local,local,0,0.45958954095840454,0.4397958517074585,-0.019793689250946045,0.0008603241294622421,0.0395873486995697,0.45958954095840454,0.4397958517074585,0.2753276526927948,0.2809855341911316,0.26508283615112305,0.2792186141014099
16,S5,ComHvy,local,local,0,local,local,0,0.5268014669418335,0.4993462562561035,-0.02745521068572998,0.0023768916726112366,0.057413071393966675,0.5268014669418335,0.4993462562561035,0.2397269606590271,0.23847563564777374,0.2334715574979782,0.26217809319496155
16,S5,BWHvy,local,local,0,local,local,0,0.45932430028915405,0.4603095054626465,0.0009852051734924316,0.0009161662310361862,0.0323350727558136,0.45932430028915405,0.4603095054626465,0.26944565773010254,0.25327810645103455,0.2712300419807434,0.2864123582839966
16,S6,LatCrit,local,local,0,BS2,BS2,0,0.4403289556503296,0.43647080659866333,-0.0038581490516662598,0.00016463547945022583,0.016375362873077393,0.4403289556503296,0.43647080659866333,0.26586005091667175,0.2615305185317993,0.29381096363067627,0.30199864506721497
16,S6,ComHvy,local,local,0,local,local,0,0.5274138450622559,0.5335149765014648,0.006101131439208984,0.0007204031571745872,0.02935430407524109,0.5274138450622559,0.5335149765014648,0.20546653866767883,0.19078940153121948,0.2671195864677429,0.2756956219673157
16,S6,BWHvy,local,local,0,BS1,BS1,0,0.500903844833374,0.5111027956008911,0.01019895076751709,0.004833191633224487,0.07767897844314575,0.500903844833374,0.5111027956008911,0.2261407971382141,0.2547813355922699,0.2729553282260895,0.2341158390045166
16,S7,LatCrit,local,local,0,local,local,0,0.5857303142547607,0.5902124643325806,0.004482150077819824,0.00029997527599334717,0.01722957193851471,0.5857303142547607,0.5902124643325806,0.1539584994316101,0.14534370601177216,0.26031118631362915,0.2644438147544861
16,S7,ComHvy,local,local,0,local,local,0,0.48464083671569824,0.5199571847915649,0.0353163480758667,0.003537336364388466,0.07063265144824982,0.48464083671569824,0.5199571847915649,0.34090757369995117,0.33176568150520325,0.174451544880867,0.1482771337032318
16,S7,BWHvy,local,local,0,local,local,0,0.567143976688385,0.5633252263069153,-0.0038187503814697266,0.0016904007643461227,0.04173925518989563,0.567143976688385,0.5633252263069153,0.25204581022262573,0.27291542291641235,0.18081022799015045,0.16375933587551117
16,S8,LatCrit,local,local,0,local,local,0,0.525920569896698,0.5249906778335571,-0.0009298920631408691,0.0006563523784279823,0.024742305278778076,0.525920569896698,0.5249906778335571,0.30718958377838135,0.29574835300445557,0.16688983142375946,0.1792610138654709
16,S8,ComHvy,local,local,0,local,local,0,0.5253284573554993,0.5074112415313721,-0.017917215824127197,0.001821940764784813,0.05394318699836731,0.5253284573554993,0.5074112415313721,0.25905919075012207,0.28603076934814453,0.21561236679553986,0.2065579742193222
16,S8,BWHvy,local,local,0,local,local,0,0.4727647304534912,0.40943288803100586,-0.06333184242248535,0.008204475045204163,0.12666364014148712,0.4727647304534912,0.40943288803100586,0.21650095283985138,0.24019113183021545,0.3107343316078186,0.3503759503364563
17,S1,LatCrit,local,local,0,local,local,0,0.5405772924423218,0.5475713610649109,0.006994068622589111,0.0006598783656954765,0.030465051531791687,0.5405772924423218,0.5475713610649109,0.2776697874069214,0.26243725419044495,0.18175290524959564,0.18999135494232178
17,S1,ComHvy,local,local,0,local,local,0,0.44173288345336914,0.3872196674346924,-0.05451321601867676,0.007179312873631716,0.10902643203735352,0.44173288345336914,0.3872196674346924,0.29021647572517395,0.33692899346351624,0.2680506408214569,0.2758513391017914
17,S1,BWHvy,local,local,0,local,local,0,0.5574852228164673,0.5962620973587036,0.03877687454223633,0.004112906754016876,0.07755370438098907,0.5574852228164673,0.5962620973587036,0.2325909286737442,0.22584061324596405,0.20992380380630493,0.17789728939533234
17,S2,LatCrit,local,local,0,local,local,0,0.5370557308197021,0.4927184581756592,-0.04433727264404297,0.003943350166082382,0.08867450058460236,0.5370557308197021,0.4927184581756592,0.2139715552330017,0.23287858068943024,0.24897274374961853,0.2744029462337494
17,S2,ComHvy,local,local,0,local,local,0,0.5876439809799194,0.6065754890441895,0.01893150806427002,0.0015590488910675049,0.046387866139411926,0.5876439809799194,0.6065754890441895,0.2380494922399521,0.21485553681850433,0.17430654168128967,0.17856894433498383
17,S2,BWHvy,local,local,0,local,local,0,0.47872769832611084,0.4734242558479309,-0.005303442478179932,0.0009484095498919487,0.036065131425857544,0.47872769832611084,0.4734242558479309,0.3300890028476715,0.3481215834617615,0.19118328392505646,0.1784541755914688
17,S3,LatCrit,local,local,0,local,local,0,0.4959021210670471,0.48196643590927124,-0.013935685157775879,0.0004413751885294914,0.027871355414390564,0.4959021210670471,0.48196643590927124,0.31407949328422546,0.31912386417388916,0.1900184005498886,0.1989096999168396
17,S3,ComHvy,local,local,0,local,local,0,0.5173604488372803,0.5126262903213501,-0.004734158515930176,0.0008455943316221237,0.03299728035926819,0.5173604488372803,0.5126262903213501,0.2202710062265396,0.2085065096616745,0.2623685598373413,0.2788671851158142
17,S3,BWHvy,local,local,0,local,local,0,0.5455533862113953,0.556077778339386,0.010524392127990723,0.00024449825286865234,0.02104876935482025,0.5455533862113953,0.556077778339386,0.17809352278709412,0.17191170156002045,0.2763530910015106,0.27201053500175476
17,S4,LatCrit,local,local,0,BS1,BS1,0,0.5303041934967041,0.5175989866256714,-0.012705206871032715,0.002506611868739128,0.05771723389625549,0.5303041934967041,0.5175989866256714,0.2613130211830139,0.24515961110591888,0.20838281512260437,0.23724143207073212
17,S4,ComHvy,local,local,0,local,local,0,0.4960641860961914,0.5013720989227295,0.005307912826538086,0.00010040169581770897,0.011555284261703491,0.4960641860961914,0.5013720989227295,0.26755714416503906,0.26802685856819153,0.23637868463993073,0.23060102760791779
17,S4,BWHvy,local,local,0,local,local,0,0.46298158168792725,0.4498627781867981,-0.01311880350112915,0.0003595314919948578,0.02623756229877472,0.46298158168792725,0.4498627781867981,0.3333151936531067,0.3432651460170746,0.20370323956012726,0.20687204599380493
17,S5,LatCrit,local,local,0,local,local,0,0.5482972860336304,0.554964542388916,0.0066672563552856445,0.000366847962141037,0.02205391228199005,0.5482972860336304,0.554964542388916,0.2318497598171234,0.2362094521522522,0.2198529839515686,0.20882602035999298
17,S5,ComHvy,local,local,0,local,local,0,0.505107045173645,0.5035769939422607,-0.0015300512313842773,0.0013561975210905075,0.037411630153656006,0.505107045173645,0.5035769939422607,0.19551630318164825,0.21422214806079865,0.29937663674354553,0.2822009027004242
17,S5,BWHvy,local,local,0,local,local,0,0.5672726631164551,0.5892841815948486,0.022011518478393555,0.001842227764427662,0.04638729989528656,0.5672726631164551,0.5892841815948486,0.204658642411232,0.18146497011184692,0.22806869447231293,0.22925080358982086
17,S6,LatCrit,local,local,0,BS1,BS1,0,0.4132441282272339,0.450644850730896,0.03740072250366211,0.002847714349627495,0.07480141520500183,0.4132441282272339,0.450644850730896,0.3742706775665283,0.35157832503318787,0.2124851793050766,0.19777683913707733
17,S6,ComHvy,local,local,0,local,local,0,0.5648947954177856,0.5480904579162598,-0.01680433750152588,0.000587384682148695,0.03360864520072937,0.5648947954177856,0.5480904579162598,0.1962025910615921,0.20570746064186096,0.23890262842178345,0.24620206654071808
17,S6,BWHvy,local,local,0,local,BS2,1,0.4062342047691345,0.380773663520813,-0.025460541248321533,0.0014353469014167786,0.05092114210128784,0.4062342047691345,0.380773663520813,0.24313633143901825,0.24883495271205902,0.35062941908836365,0.3703913986682892
17,S7,LatCrit,local,local,0,local,local,0,0.5703848600387573,0.5741751194000244,0.00379025936126709,0.00022593536414206028,0.014840394258499146,0.5703848600387573,0.5741751194000244,0.1498696506023407,0.14244943857192993,0.279745489358902,0.28337541222572327
17,S7,ComHvy,local,local,0,BS2,BS2,0,0.3971869945526123,0.4116564393043518,0.014469444751739502,0.0016413098201155663,0.05121448636054993,0.3971869945526123,0.4116564393043518,0.29309552907943726,0.2674882709980011,0.30971747636795044,0.3208552598953247
17,S7,BWHvy,local,local,0,local,local,0,0.6400805115699768,0.6345616579055786,-0.005518853664398193,0.0009310208261013031,0.03114376962184906,0.6400805115699768,0.6345616579055786,0.19877631962299347,0.2143482118844986,0.16114315390586853,0.1510901302099228
17,S8,LatCrit,local,local,0,local,local,0,0.5756237506866455,0.5800403356552124,0.0044165849685668945,0.00042040273547172546,0.02156272530555725,0.5756237506866455,0.5800403356552124,0.23479582369327545,0.2411605566740036,0.18958047032356262,0.17879906296730042
17,S8,ComHvy,local,local,0,local,local,0,0.5543174743652344,0.5463204383850098,-0.00799703598022461,0.00013510161079466343,0.015994146466255188,0.5543174743652344,0.5463204383850098,0.25469323992729187,0.26043206453323364,0.19098925590515137,0.19324754178524017
17,S8,BWHvy,local,local,0,local,local,0,0.5302309989929199,0.5214382410049438,-0.008792757987976074,0.00016682781279087067,0.01758560538291931,0.5302309989929199,0.5214382410049438,0.2026473432779312,0.20475350320339203,0.2671216130256653,0.2738083004951477
18,S1,LatCrit,local,local,0,local,local,0,0.5574516654014587,0.5514122247695923,-0.006039440631866455,0.00012282437819521874,0.012150347232818604,0.5574516654014587,0.5514122247695923,0.2012152224779129,0.2072904109954834,0.24133311212062836,0.2412973940372467
18,S1,ComHvy,local,local,0,local,local,0,0.5173036456108093,0.5138845443725586,-0.0034191012382507324,0.00046355556696653366,0.024207189679145813,0.5173036456108093,0.5138845443725586,0.24463850259780884,0.25674211978912354,0.23805785179138184,0.22937338054180145
18,S1,BWHvy,local,local,0,local,local,0,0.4728735685348511,0.46958595514297485,-0.0032876133918762207,0.0001496812328696251,0.013893485069274902,0.4728735685348511,0.46958595514297485,0.3264090120792389,0.3227498531341553,0.20071744918823242,0.20766416192054749
18,S2,LatCrit,local,local,0,local,local,0,0.5387243032455444,0.5063604712486267,-0.032363831996917725,0.0051935650408267975,0.0852079689502716,0.5387243032455444,0.5063604712486267,0.20040644705295563,0.24301044642925262,0.26086920499801636,0.2506290674209595
18,S2,ComHvy,local,local,0,local,local,0,0.4773988723754883,0.5225012302398682,0.04510235786437988,0.004895457066595554,0.09020473062992096,0.4773988723754883,0.5225012302398682,0.2677690088748932,0.23125261068344116,0.25483211874961853,0.24624614417552948
18,S2,BWHvy,local,local,0,local,local,0,0.4701869487762451,0.44575679302215576,-0.024430155754089355,0.002463115379214287,0.06420695781707764,0.4701869487762451,0.44575679302215576,0.2850404679775238,0.31714391708374023,0.24477262794971466,0.2370992749929428
18,S3,LatCrit,local,local,0,local,local,0,0.4275825619697571,0.4288041591644287,0.0012215971946716309,3.2899552024900913e-06,0.002443253993988037,0.4275825619697571,0.4288041591644287,0.32159027457237244,0.32114070653915405,0.25082722306251526,0.25005513429641724
18,S3,ComHvy,local,local,0,local,local,0,0.5252338647842407,0.5267661809921265,0.0015323162078857422,0.0010825591161847115,0.033386021852493286,0.5252338647842407,0.5267661809921265,0.23753520846366882,0.220842182636261,0.23723095655441284,0.25239163637161255
18,S3,BWHvy,local,local,0,local,local,0,0.5184589624404907,0.5417511463165283,0.023292183876037598,0.0020021393429487944,0.0475815087556839,0.5184589624404907,0.5417511463165283,0.20548631250858307,0.1816955804824829,0.2760546803474426,0.27655327320098877
18,S4,LatCrit,local,local,0,local,local,0,0.53260338306427,0.5519249439239502,0.019321560859680176,0.0007853694260120392,0.03864316642284393,0.53260338306427,0.5519249439239502,0.20140434801578522,0.19046896696090698,0.26599225401878357,0.25760602951049805
18,S4,ComHvy,local,local,0,local,local,0,0.4779808521270752,0.4682520627975464,-0.009728789329528809,0.00035008881241083145,0.021323323249816895,0.4779808521270752,0.4682520627975464,0.3001752197742462,0.2992423474788666,0.2218439280986786,0.23250558972358704
18,S4,BWHvy,local,local,0,local,local,0,0.5093098878860474,0.4635657072067261,-0.04574418067932129,0.005821898579597473,0.09148839116096497,0.5093098878860474,0.4635657072067261,0.2949952781200409,0.3008987307548523,0.19569481909275055,0.23553557693958282
18,S5,LatCrit,local,local,0,BS1,BS1,0,0.4562588930130005,0.4342641234397888,-0.02199476957321167,0.0010952563025057316,0.04398956894874573,0.4562588930130005,0.4342641234397888,0.25326478481292725,0.2692994177341461,0.29047632217407227,0.29643648862838745
18,S5,ComHvy,local,local,0,local,local,0,0.5408505201339722,0.5492013692855835,0.008350849151611328,0.0005087694153189659,0.024771809577941895,0.5408505201339722,0.5492013692855835,0.1933288872241974,0.18094295263290405,0.26582059264183044,0.2698556184768677
18,S5,BWHvy,local,local,0,local,local,0,0.5277957916259766,0.5290261507034302,0.0012303590774536133,5.191737727727741e-06,0.0026107728481292725,0.5277957916259766,0.5290261507034302,0.23029594123363495,0.22899053990840912,0.2419082671403885,0.24198327958583832
18,S6,LatCrit,local,local,0,local,local,0,0.5716264247894287,0.5921375751495361,0.020511150360107422,0.001374517218209803,0.04102224111557007,0.5716264247894287,0.5921375751495361,0.20109912753105164,0.18158413469791412,0.22727440297603607,0.22627830505371094
18,S6,ComHvy,local,local,0,local,local,0,0.5192791223526001,0.5261902809143066,0.006911158561706543,0.0006703520193696022,0.029643312096595764,0.5192791223526001,0.5261902809143066,0.25258752703666687,0.2604980170726776,0.22813335061073303,0.21331168711185455
18,S6,BWHvy,local,local,0,local,local,0,0.5283796191215515,0.5114519596099854,-0.016927659511566162,0.0007813293486833572,0.03385533392429352,0.5283796191215515,0.5114519596099854,0.22426842153072357,0.22508825361728668,0.24735192954540253,0.2634597718715668
18,S7,LatCrit,local,local,0,local,local,0,0.5489608645439148,0.5343097448348999,-0.014651119709014893,0.0005055980291217566,0.029302239418029785,0.5489608645439148,0.5343097448348999,0.20281441509723663,0.21359315514564514,0.24822472035884857,0.25209710001945496
18,S7,ComHvy,local,local,0,local,local,0,0.54351407289505,0.5676560401916504,0.024141967296600342,0.0013203490525484085,0.048283934593200684,0.54351407289505,0.5676560401916504,0.238167405128479,0.23087184131145477,0.21831852197647095,0.20147211849689484
18,S7,BWHvy,local,local,0,local,local,0,0.5762159824371338,0.5677253007888794,-0.008490681648254395,0.002834262326359749,0.05548138916492462,0.5762159824371338,0.5677253007888794,0.28874117136001587,0.3164818584918976,0.13504283130168915,0.11579281091690063
18,S8,LatCrit,local,local,0,local,local,0,0.5253303050994873,0.5420306921005249,0.016700387001037598,0.0010367610957473516,0.03822886943817139,0.5253303050994873,0.5420306921005249,0.2519904375076294,0.2328760027885437,0.2226792871952057,0.22509333491325378
18,S8,ComHvy,local,local,0,local,local,0,0.5092141032218933,0.49716562032699585,-0.012048482894897461,0.00029650330543518066,0.02409699559211731,0.5092141032218933,0.49716562032699585,0.22766774892807007,0.2345154583454132,0.2631181478500366,0.26831895112991333
18,S8,BWHvy,local,local,0,local,local,0,0.5217021703720093,0.5021120309829712,-0.019590139389038086,0.0008068131282925606,0.03918018937110901,0.5217021703720093,0.5021120309829712,0.16288885474205017,0.16655877232551575,0.31540900468826294,0.3313291370868683
19,S1,LatCrit,local,local,0,local,local,0,0.5049822330474854,0.5336740016937256,0.028691768646240234,0.0018844460137188435,0.05738355219364166,0.5049822330474854,0.5336740016937256,0.28272581100463867,0.2592255771160126,0.21229198575019836,0.20710043609142303
19,S1,ComHvy,local,local,0,local,local,0,0.505730926990509,0.494756281375885,-0.010974645614624023,0.00038775213761255145,0.02194930613040924,0.505730926990509,0.494756281375885,0.20860333740711212,0.21933388710021973,0.28566572070121765,0.28590983152389526
19,S1,BWHvy,local,local,0,local,local,0,0.48937147855758667,0.4981684684753418,0.008796989917755127,0.00016710208728909492,0.017593994736671448,0.48937147855758667,0.4981684684753418,0.265366792678833,0.25905805826187134,0.24526172876358032,0.24277345836162567
19,S2,LatCrit,local,local,0,BS2,BS2,0,0.5158258676528931,0.4937174916267395,-0.022108376026153564,0.0010137008503079414,0.04421672224998474,0.5158258676528931,0.4937174916267395,0.18894612789154053,0.20059055089950562,0.2952280342578888,0.3056919574737549
19,S2,ComHvy,local,local,0,local,local,0,0.4928748607635498,0.5126351118087769,0.01976025104522705,0.0008089290931820869,0.03952048718929291,0.4928748607635498,0.5126351118087769,0.2538723349571228,0.24142566323280334,0.2532528340816498,0.24593926966190338
19,S2,BWHvy,local,local,0,local,local,0,0.5215672254562378,0.5041037797927856,-0.01746344566345215,0.0007887507090345025,0.03492693603038788,0.5215672254562378,0.5041037797927856,0.2550891041755676,0.27115049958229065,0.223343625664711,0.2247457206249237
19,S3,LatCrit,local,local,0,local,local,0,0.47514307498931885,0.4602974057197571,-0.014845669269561768,0.0020288843661546707,0.058206841349601746,0.47514307498931885,0.4602974057197571,0.22130489349365234,0.20704711973667145,0.3035520315170288,0.3326554298400879
19,S3,ComHvy,local,local,0,local,local,0,0.526515007019043,0.5235817432403564,-0.0029332637786865234,2.1146057406440377e-05,0.005866512656211853,0.526515007019043,0.5235817432403564,0.24567720293998718,0.2481604963541031,0.22780779004096985,0.22825774550437927
19,S3,BWHvy,local,local,0,local,local,0,0.49072468280792236,0.5072326064109802,0.01650792360305786,0.000609254464507103,0.03301580250263214,0.49072468280792236,0.5072326064109802,0.28206631541252136,0.2768082320690155,0.22720898687839508,0.21595919132232666
19,S4,LatCrit,local,local,0,BS2,BS2,0,0.49798327684402466,0.46288710832595825,-0.035096168518066406,0.0030573587864637375,0.070192351937294,0.49798327684402466,0.46288710832595825,0.23723259568214417,0.2408822625875473,0.2647841274738312,0.29623064398765564
19,S4,ComHvy,local,local,0,BS2,BS2,0,0.47012561559677124,0.47301656007766724,0.002890944480895996,0.0018486715853214264,0.04669773578643799,0.47012561559677124,0.47301656007766724,0.26816365122795105,0.24481478333473206,0.2617107331752777,0.2821686565876007
19,S4,BWHvy,local,local,0,local,local,0,0.49817532300949097,0.5259243249893188,0.02774900197982788,0.0015428531914949417,0.055497974157333374,0.49817532300949097,0.5259243249893188,0.23011766374111176,0.21783126890659332,0.2717069983482361,0.256244421005249
19,S5,LatCrit,local,local,0,local,local,0,0.47553879022598267,0.4851381778717041,0.009599387645721436,0.00019265548326075077,0.019198760390281677,0.47553879022598267,0.4851381778717041,0.30781570076942444,0.3007720112800598,0.2166455239057541,0.21408984065055847
19,S5,ComHvy,local,local,0,local,local,0,0.5159027576446533,0.5100237131118774,-0.005879044532775879,7.377774454653263e-05,0.011758089065551758,0.5159027576446533,0.5100237131118774,0.20901106297969818,0.21260784566402435,0.2750862240791321,0.2773684859275818
19,S5,BWHvy,local,local,0,local,local,0,0.5137741565704346,0.5146973133087158,0.00092315673828125,0.0007564937695860863,0.027994155883789062,0.5137741565704346,0.5146973133087158,0.2690633535385132,0.25506627559661865,0.21716251969337463,0.23023644089698792
19,S6,LatCrit,local,local,0,BS1,BS1,0,0.47732383012771606,0.4799705743789673,0.0026467442512512207,1.419917680323124e-05,0.00529344379901886,0.47732383012771606,0.4799705743789673,0.314472496509552,0.31265607476234436,0.20820362865924835,0.20737335085868835
19,S6,ComHvy,local,local,0,local,local,0,0.5334960222244263,0.5194181203842163,-0.014077901840209961,0.0009323209524154663,0.038044273853302,0.5334960222244263,0.5194181203842163,0.21524114906787872,0.21029694378376007,0.25126275420188904,0.2702849209308624
19,S6,BWHvy,local,local,0,local,local,0,0.5993437170982361,0.5822471976280212,-0.017096519470214844,0.001397445797920227,0.043477609753608704,0.5993437170982361,0.5822471976280212,0.19901949167251587,0.19437721371650696,0.20163679122924805,0.223375603556633
19,S7,LatCrit,local,local,0,local,local,0,0.595089316368103,0.6064090728759766,0.011319756507873535,0.0011550765484571457,0.03739510476589203,0.595089316368103,0.6064090728759766,0.20173446834087372,0.2091122716665268,0.20317617058753967,0.18447862565517426
19,S7,ComHvy,local,local,0,local,local,0,0.5508872270584106,0.5346441864967346,-0.016243040561676025,0.0006346628069877625,0.032486021518707275,0.5508872270584106,0.5346441864967346,0.2080114334821701,0.21055932343006134,0.24110138416290283,0.25479647517204285
19,S7,BWHvy,local,local,0,local,local,0,0.5415774583816528,0.5176564455032349,-0.02392101287841797,0.0032842736691236496,0.07092124223709106,0.5415774583816528,0.5176564455032349,0.2352881282567978,0.27074873447418213,0.22313441336154938,0.21159479022026062
19,S8,LatCrit,local,local,0,local,local,0,0.5316528081893921,0.5244332551956177,-0.007219552993774414,0.00011270446702837944,0.014439135789871216,0.5316528081893921,0.5244332551956177,0.27131304144859314,0.2741047441959381,0.19703415036201477,0.2014620304107666
19,S8,ComHvy,local,local,0,local,local,0,0.5424296855926514,0.5374736785888672,-0.00495600700378418,9.767524898052216e-05,0.012416765093803406,0.5424296855926514,0.5374736785888672,0.18916359543800354,0.18791119754314423,0.2684067487716675,0.2746151089668274
19,S8,BWHvy,local,local,0,local,local,0,0.47380542755126953,0.4700580835342407,-0.0037473440170288086,8.99280421435833e-05,0.012158259749412537,0.47380542755126953,0.4700580835342407,0.2399705946445465,0.23763881623744965,0.2862239480018616,0.29230308532714844
20,S1,LatCrit,local,local,0,local,local,0,0.5371920466423035,0.5397576093673706,0.0025655627250671387,0.0006726998835802078,0.026933059096336365,0.5371920466423035,0.5397576093673706,0.22074370086193085,0.20727716386318207,0.24206428229808807,0.2529652416706085
20,S1,ComHvy,local,local,0,local,local,0,0.5299067497253418,0.49574506282806396,-0.03416168689727783,0.002662675455212593,0.06832335889339447,0.5299067497253418,0.49574506282806396,0.2615105211734772,0.2711392343044281,0.20858274400234222,0.23311570286750793
20,S1,BWHvy,local,local,0,BS2,local,1,0.4702145457267761,0.5214431285858154,0.05122858285903931,0.0052897147834300995,0.10245713591575623,0.4702145457267761,0.5214431285858154,0.23022282123565674,0.2107870876789093,0.29956260323524475,0.26776978373527527
20,S2,LatCrit,local,local,0,local,local,0,0.5537269115447998,0.5528632998466492,-0.0008636116981506348,4.145014099776745e-05,0.006700769066810608,0.5537269115447998,0.5528632998466492,0.13811266422271729,0.13562588393688202,0.3081604242324829,0.3115108013153076
20,S2,ComHvy,local,local,0,local,local,0,0.47305983304977417,0.46235859394073486,-0.010701239109039307,0.0019828230142593384,0.04895688593387604,0.47305983304977417,0.46235859394073486,0.354021281003952,0.3402440845966339,0.1729188710451126,0.19739732146263123
20,S2,BWHvy,local,local,0,local,local,0,0.5205824971199036,0.5066883563995361,-0.013894140720367432,0.0004623774439096451,0.02778834104537964,0.5205824971199036,0.5066883563995361,0.2642095685005188,0.2674890160560608,0.21520793437957764,0.22582268714904785
20,S3,LatCrit,local,local,0,local,local,0,0.513984739780426,0.515033483505249,0.001048743724822998,2.379703801125288e-06,0.002097487449645996,0.513984739780426,0.515033483505249,0.25420355796813965,0.2538565695285797,0.23181167244911194,0.23110991716384888
20,S3,ComHvy,local,local,0,BS2,BS2,0,0.43861621618270874,0.4475541114807129,0.00893789529800415,0.0004124371334910393,0.026644408702850342,0.43861621618270874,0.4475541114807129,0.23871687054634094,0.24310117959976196,0.3226669132709503,0.30934470891952515
20,S3,BWHvy,local,local,0,local,local,0,0.48795878887176514,0.5090272426605225,0.021068453788757324,0.0008963644504547119,0.04213684797286987,0.48795878887176514,0.5090272426605225,0.26556217670440674,0.2560526728630066,0.24647901952266693,0.23492012917995453
20,S4,LatCrit,local,local,0,local,local,0,0.5211664438247681,0.48460906744003296,-0.03655737638473511,0.002997160889208317,0.07311473786830902,0.5211664438247681,0.48460906744003296,0.24877694249153137,0.27722129225730896,0.23005662858486176,0.23816964030265808
20,S4,ComHvy,local,local,0,local,local,0,0.5041275024414062,0.48814553022384644,-0.015981972217559814,0.004939597100019455,0.0844777524471283,0.5041275024414062,0.48814553022384644,0.23628085851669312,0.2100239396095276,0.259591668844223,0.301830530166626
20,S4,BWHvy,local,local,0,local,local,0,0.44722139835357666,0.42306089401245117,-0.02416050434112549,0.0011905292049050331,0.048321038484573364,0.44722139835357666,0.42306089401245117,0.3014257550239563,0.3142978847026825,0.25135284662246704,0.2626412510871887
20,S5,LatCrit,local,local,0,local,local,0,0.5486074686050415,0.5808354020118713,0.032227933406829834,0.002514028921723366,0.06445591151714325,0.5486074686050415,0.5808354020118713,0.23960916697978973,0.2137446105480194,0.21178339421749115,0.20541997253894806
20,S5,ComHvy,local,local,0,local,local,0,0.57439124584198,0.5905965566635132,0.016205310821533203,0.0007260683923959732,0.03341160714626312,0.57439124584198,0.5905965566635132,0.1357509046792984,0.13625138998031616,0.2898578643798828,0.27315205335617065
20,S5,BWHvy,local,local,0,local,local,0,0.5787941217422485,0.5754910707473755,-0.003303050994873047,0.0006434749811887741,0.02627187967300415,0.5787941217422485,0.5754910707473755,0.21577219665050507,0.20593929290771484,0.2054336816072464,0.21856960654258728
20,S6,LatCrit,local,local,0,local,local,0,0.4612593650817871,0.4801786541938782,0.018919289112091064,0.0008032498881220818,0.03783859312534332,0.4612593650817871,0.4801786541938782,0.29067251086235046,0.28507116436958313,0.24806815385818481,0.2347501963376999
20,S6,ComHvy,local,local,0,local,local,0,0.5533772706985474,0.5367519855499268,-0.016625285148620605,0.0006490601226687431,0.03325054049491882,0.5533772706985474,0.5367519855499268,0.18465323746204376,0.1961725801229477,0.26196950674057007,0.26707541942596436
20,S6,BWHvy,local,local,0,local,local,0,0.548359751701355,0.5361429452896118,-0.012216806411743164,0.0003703692927956581,0.024433627724647522,0.548359751701355,0.5361429452896118,0.18950848281383514,0.19061321020126343,0.2621317505836487,0.27324384450912476
20,S7,LatCrit,local,local,0,local,local,0,0.5495761036872864,0.563595175743103,0.01401907205581665,0.001466834917664528,0.039864152669906616,0.5495761036872864,0.563595175743103,0.1751442700624466,0.1552121490240097,0.2752796411514282,0.2811926007270813
20,S7,ComHvy,local,local,0,BS2,BS2,0,0.45162874460220337,0.43004798889160156,-0.021580755710601807,0.0012174304574728012,0.043161481618881226,0.45162874460220337,0.43004798889160156,0.2564219832420349,0.25758790969848633,0.2919493019580841,0.3123641014099121
20,S7,BWHvy,local,local,0,local,local,0,0.5979697704315186,0.609653115272522,0.011683344841003418,0.0013059526681900024,0.0421566367149353,0.5979697704315186,0.609653115272522,0.1368248015642166,0.14621981978416443,0.26520538330078125,0.24412710964679718
20,S8,LatCrit,local,local,0,local,local,0,0.47961264848709106,0.47833216190338135,-0.0012804865837097168,0.0016473699361085892,0.04212719202041626,0.47961264848709106,0.47833216190338135,0.3087168037891388,0.2889336943626404,0.21167054772377014,0.23273414373397827
20,S8,ComHvy,local,local,0,local,local,0,0.5826709270477295,0.5811190009117126,-0.0015519261360168457,0.000241199042648077,0.015693917870521545,0.5826709270477295,0.5811190009117126,0.194960817694664,0.18866579234600067,0.2223682552576065,0.23021522164344788
20,S8,BWHvy,local,local,0,local,local,0,0.586617112159729,0.5901825428009033,0.0035654306411743164,0.0009726202115416527,0.030474409461021423,0.586617112159729,0.5901825428009033,0.18156039714813232,0.1663232296705246,0.23182247579097748,0.24349428713321686
21,S1,LatCrit,local,local,0,local,local,0,0.5000343322753906,0.4856060743331909,-0.014428257942199707,0.0006367741152644157,0.031550049781799316,0.5000343322753906,0.4856060743331909,0.21437646448612213,0.21302969753742218,0.28558918833732605,0.3013642132282257
21,S1,ComHvy,local,local,0,local,local,0,0.4820905923843384,0.46433544158935547,-0.01775515079498291,0.001353548839688301,0.043625518679618835,0.4820905923843384,0.46433544158935547,0.2920127511024475,0.2879551649093628,0.22589662671089172,0.24770940840244293
21,S1,BWHvy,local,local,0,local,local,0,0.4701487421989441,0.4659969210624695,-0.004151821136474609,0.00011510844342410564,0.012686669826507568,0.4701487421989441,0.4659969210624695,0.22226910293102264,0.22861243784427643,0.30758213996887207,0.3053906261920929
21,S2,LatCrit,local,local,0,local,local,0,0.4313046336174011,0.401281476020813,-0.030023157596588135,0.0019570067524909973,0.06004628539085388,0.4313046336174011,0.401281476020813,0.24374401569366455,0.2620420455932617,0.3249513804912567,0.3366764783859253
21,S2,ComHvy,local,local,0,local,local,0,0.4780798554420471,0.48612141609191895,0.008041560649871826,0.0021603889763355255,0.05310589075088501,0.4780798554420471,0.48612141609191895,0.2566816806793213,0.23012873530387878,0.2652384638786316,0.28374984860420227
21,S2,BWHvy,local,local,0,local,local,0,0.44915348291397095,0.472137987613678,0.02298450469970703,0.001536266878247261,0.045969024300575256,0.44915348291397095,0.472137987613678,0.3523607552051544,0.3480844497680664,0.19848574697971344,0.17977753281593323
21,S3,LatCrit,local,local,0,local,local,0,0.46689945459365845,0.46003174781799316,-0.006867706775665283,0.0006821118295192719,0.03283745050430298,0.46689945459365845,0.46003174781799316,0.18427833914756775,0.17472732067108154,0.3488222062587738,0.3652409315109253
21,S3,ComHvy,local,local,0,local,local,0,0.4703282117843628,0.4967809319496155,0.026452720165252686,0.0031695328652858734,0.06839458644390106,0.4703282117843628,0.4967809319496155,0.25650298595428467,0.2642475664615631,0.27316880226135254,0.2389715164899826
21,S3,BWHvy,local,local,0,local,local,0,0.4805448651313782,0.45824962854385376,-0.022295236587524414,0.0014023315161466599,0.04459048807621002,0.4805448651313782,0.45824962854385376,0.2905803322792053,0.29242321848869324,0.2288748025894165,0.2493271678686142
21,S4,LatCrit,local,local,0,local,local,0,0.5264489650726318,0.5327916741371155,0.006342709064483643,8.105114102363586e-05,0.012685373425483704,0.5264489650726318,0.5327916741371155,0.19486095011234283,0.19196444749832153,0.27869006991386414,0.2752439081668854
21,S4,ComHvy,local,local,0,BS2,BS2,0,0.45843249559402466,0.4582769274711609,-0.00015556812286376953,0.00010218285024166107,0.010607436299324036,0.45843249559402466,0.4582769274711609,0.23924042284488678,0.23409229516983032,0.30232706665992737,0.3076308071613312
21,S4,BWHvy,local,local,0,local,local,0,0.4764658808708191,0.47622835636138916,-0.00023752450942993164,0.0013609528541564941,0.037928566336631775,0.4764658808708191,0.47622835636138916,0.258176326751709,0.23944957554340363,0.2653577923774719,0.2843220829963684
21,S5,LatCrit,local,local,0,BS1,BS1,0,0.5380462408065796,0.5203628540039062,-0.01768338680267334,0.0010996069759130478,0.035366758704185486,0.5380462408065796,0.5203628540039062,0.28076374530792236,0.28085553646087646,0.18119001388549805,0.1987815946340561
21,S5,ComHvy,local,local,0,local,local,0,0.5077157616615295,0.5097396373748779,0.0020238757133483887,1.712491939542815e-05,0.004249840974807739,0.5077157616615295,0.5097396373748779,0.17345912754535675,0.17133422195911407,0.3188250958919525,0.3189261555671692
21,S5,BWHvy,local,local,0,local,local,0,0.56385338306427,0.5536386966705322,-0.010214686393737793,0.00043198897037655115,0.02332077920436859,0.56385338306427,0.5536386966705322,0.19579768180847168,0.20745809376239777,0.2403489053249359,0.2389032244682312
21,S6,LatCrit,local,local,0,local,local,0,0.5255287885665894,0.5329926609992981,0.00746387243270874,0.00018172850832343102,0.014927789568901062,0.5255287885665894,0.5329926609992981,0.26999038457870483,0.2697054147720337,0.2044808715581894,0.1973019242286682
21,S6,ComHvy,local,local,0,BS2,BS2,0,0.5004353523254395,0.4891531467437744,-0.011282205581665039,0.0004615036305040121,0.026597008109092712,0.5004353523254395,0.4891531467437744,0.26437637209892273,0.2776748836040497,0.23518826067447662,0.2331719696521759
21,S6,BWHvy,local,local,0,local,local,0,0.5639166831970215,0.5575883388519287,-0.0063283443450927734,0.00021726824343204498,0.017988383769989014,0.5639166831970215,0.5575883388519287,0.24210228025913239,0.2510964870452881,0.19398100674152374,0.1913151741027832
21,S7,LatCrit,local,local,0,local,local,0,0.5430355072021484,0.5520343780517578,0.008998870849609375,0.00018130196258425713,0.017997682094573975,0.5430355072021484,0.5520343780517578,0.25574398040771484,0.2526724338531494,0.20122046768665314,0.19529320299625397
21,S7,ComHvy,local,local,0,local,local,0,0.5418283939361572,0.529758095741272,-0.012070298194885254,0.00029269279912114143,0.024140655994415283,0.5418283939361572,0.529758095741272,0.17029361426830292,0.17479796707630157,0.28787797689437866,0.29544398188591003
21,S7,BWHvy,local,local,0,local,local,0,0.45376312732696533,0.4366261959075928,-0.01713693141937256,0.001124916598200798,0.043230414390563965,0.45376312732696533,0.4366261959075928,0.2961786687374115,0.3177938759326935,0.25005823373794556,0.24557995796203613
21,S8,LatCrit,local,local,0,local,local,0,0.5453029870986938,0.5563820600509644,0.011079072952270508,0.00025047408416867256,0.022158116102218628,0.5453029870986938,0.5563820600509644,0.2212657481431961,0.2165759950876236,0.23343126475811005,0.22704197466373444
21,S8,ComHvy,local,local,0,local,local,0,0.45923614501953125,0.4695909023284912,0.010354757308959961,0.00030757643980905414,0.020709529519081116,0.45923614501953125,0.4695909023284912,0.2532649636268616,0.2435339242219925,0.28749892115592957,0.2868751883506775
21,S8,BWHvy,local,local,0,local,local,0,0.5195783376693726,0.5177952647209167,-0.0017830729484558105,0.0001842794008553028,0.014685720205307007,0.5195783376693726,0.5177952647209167,0.21638745069503784,0.22373029589653015,0.2640342116355896,0.2584744095802307
22,S1,LatCrit,local,local,0,local,local,0,0.4893267750740051,0.4876267910003662,-0.001699984073638916,0.00020517874509096146,0.016077816486358643,0.4893267750740051,0.4876267910003662,0.23904255032539368,0.23270362615585327,0.2716306746006012,0.2796695828437805
22,S1,ComHvy,local,local,0,local,local,0,0.507704496383667,0.5418400168418884,0.034135520458221436,0.002344023436307907,0.06827107071876526,0.507704496383667,0.5418400168418884,0.28231081366539,0.26179274916648865,0.20998471975326538,0.19636723399162292
22,S1,BWHvy,local,local,0,local,local,0,0.5179209113121033,0.5100881457328796,-0.007832765579223633,0.0012001637369394302,0.04114852845668793,0.5179209113121033,0.5100881457328796,0.20240484178066254,0.18966332077980042,0.2796742916107178,0.30024853348731995
22,S2,LatCrit,local,local,0,local,local,0,0.4941648244857788,0.48974931240081787,-0.0044155120849609375,3.916490823030472e-05,0.008831024169921875,0.4941648244857788,0.48974931240081787,0.23510633409023285,0.23735354840755463,0.27072882652282715,0.2728971242904663
22,S2,ComHvy,local,local,0,BS2,BS2,0,0.4159008264541626,0.389320969581604,-0.026579856872558594,0.0014745201915502548,0.05315977334976196,0.4159008264541626,0.389320969581604,0.3033975064754486,0.31748151779174805,0.2807016372680664,0.29319754242897034
22,S2,BWHvy,local,local,0,local,local,0,0.4900532364845276,0.4961804151535034,0.00612717866897583,0.0011592376977205276,0.03793524205684662,0.4900532364845276,0.4961804151535034,0.22739416360855103,0.2084265500307083,0.282552570104599,0.2953930199146271
22,S3,LatCrit,local,local,0,local,local,0,0.47737979888916016,0.48935550451278687,0.011975705623626709,0.0003425329923629761,0.023951396346092224,0.47737979888916016,0.48935550451278687,0.21052783727645874,0.20935918390750885,0.3120923638343811,0.3012853264808655
22,S3,ComHvy,local,local,0,local,local,0,0.5064498782157898,0.4763367176055908,-0.030113160610198975,0.002079250290989876,0.06022632122039795,0.5064498782157898,0.4763367176055908,0.26625165343284607,0.27394822239875793,0.22729846835136414,0.24971505999565125
22,S3,BWHvy,local,local,0,BS1,BS1,0,0.4500315189361572,0.4360664486885071,-0.013965070247650146,0.0003982703201472759,0.027930140495300293,0.4500315189361572,0.4360664486885071,0.2852468490600586,0.2916146218776703,0.2647216320037842,0.27231892943382263
22,S4,LatCrit,local,local,0,local,local,0,0.5217386484146118,0.5208868980407715,-0.000851750373840332,0.00033294782042503357,0.018355295062065125,0.5217386484146118,0.5208868980407715,0.2799018919467926,0.27157601714134216,0.1983594298362732,0.20753709971904755
22,S4,ComHvy,local,local,0,BS1,BS2,1,0.45244014263153076,0.46368199586868286,0.0112418532371521,0.0013036010786890984,0.04408855736255646,0.45244014263153076,0.46368199586868286,0.2669925391674042,0.24494825303554535,0.28056731820106506,0.2913697361946106
22,S4,BWHvy,local,local,0,BS2,BS2,0,0.48036450147628784,0.4919167160987854,0.011552214622497559,0.0005018011434003711,0.02344764769077301,0.48036450147628784,0.4919167160987854,0.1961471438407898,0.1844233125448227,0.32348835468292236,0.3236599564552307
22,S5,LatCrit,local,local,0,BS1,BS1,0,0.49483388662338257,0.5078707933425903,0.013036906719207764,0.0017309021204710007,0.04949173331260681,0.49483388662338257,0.5078707933425903,0.2528478801250458,0.2645568549633026,0.25231823325157166,0.22757238149642944
22,S5,ComHvy,local,local,0,local,local,0,0.5193959474563599,0.5117537379264832,-0.007642209529876709,0.0008008871227502823,0.03177005052566528,0.5193959474563599,0.5117537379264832,0.2890312671661377,0.28078845143318176,0.19157278537750244,0.20745781064033508
22,S5,BWHvy,local,local,0,BS1,BS1,0,0.46617549657821655,0.4715917110443115,0.005416214466094971,0.0009089317172765732,0.035856157541275024,0.46617549657821655,0.4715917110443115,0.30704694986343384,0.28911885619163513,0.2267775684595108,0.23928941786289215
22,S6,LatCrit,local,local,0,local,local,0,0.4593946933746338,0.47706079483032227,0.017666101455688477,0.0008484087884426117,0.03563272953033447,0.4593946933746338,0.47706079483032227,0.22175967693328857,0.22190994024276733,0.31884562969207764,0.3010292649269104
22,S6,ComHvy,local,local,0,local,local,0,0.5543869733810425,0.5461492538452148,-0.008237719535827637,0.00020251155365258455,0.016475439071655273,0.5543869733810425,0.5461492538452148,0.18335817754268646,0.19058369100093842,0.26225483417510986,0.26326704025268555
22,S6,BWHvy,local,local,0,local,local,0,0.4883159399032593,0.4763411283493042,-0.011974811553955078,0.00028875749558210373,0.023949667811393738,0.4883159399032593,0.4763411283493042,0.20923937857151031,0.21350547671318054,0.3024446666240692,0.31015342473983765
22,S7,LatCrit,local,local,0,BS2,BS2,0,0.45426106452941895,0.4298447370529175,-0.024416327476501465,0.0013135280460119247,0.048832669854164124,0.45426106452941895,0.4298447370529175,0.23884673416614532,0.2550213932991028,0.30689218640327454,0.31513386964797974
22,S7,ComHvy,local,local,0,local,local,0,0.5473865270614624,0.5544318556785583,0.007045328617095947,0.0005297185853123665,0.027403876185417175,0.5473865270614624,0.5544318556785583,0.19050617516040802,0.19716279208660126,0.2621072828769684,0.2484053522348404
22,S7,BWHvy,local,local,0,local,local,0,0.44964927434921265,0.4242960214614868,-0.02535325288772583,0.0026035401970148087,0.06397747993469238,0.44964927434921265,0.4242960214614868,0.28437623381614685,0.2777407467365265,0.2659744918346405,0.2979632318019867
22,S8,LatCrit,local,local,0,local,local,0,0.49144846200942993,0.48496901988983154,-0.006479442119598389,0.00035522691905498505,0.022393226623535156,0.49144846200942993,0.48496901988983154,0.28622254729270935,0.28150537610054016,0.2223290055990219,0.2335256189107895
22,S8,ComHvy,local,local,0,local,local,0,0.5325942039489746,0.5245219469070435,-0.008072257041931152,0.00020794221200048923,0.01614449918270111,0.5325942039489746,0.5245219469070435,0.2152605801820755,0.22329005599021912,0.2521452307701111,0.2521879971027374
22,S8,BWHvy,local,local,0,local,local,0,0.47993236780166626,0.48727643489837646,0.007344067096710205,0.0016730837523937225,0.04812617599964142,0.47993236780166626,0.48727643489837646,0.3096453547477722,0.2855822443962097,0.2104223072528839,0.22714130580425262
23,S1,LatCrit,local,local,0,BS1,BS1,0,0.48654288053512573,0.4722079634666443,-0.014334917068481445,0.0005081063136458397,0.028669849038124084,0.48654288053512573,0.4722079634666443,0.2254060059785843,0.2266363799571991,0.2880510985851288,0.3011556565761566
23,S1,ComHvy,local,local,0,local,local,0,0.40654200315475464,0.41230255365371704,0.005760550498962402,8.113845251500607e-05,0.011521071195602417,0.40654200315475464,0.41230255365371704,0.27317339181900024,0.2686157822608948,0.3202846050262451,0.31908169388771057
23,S1,BWHvy,local,local,0,local,local,0,0.5187569856643677,0.507878303527832,-0.010878682136535645,0.0003620367497205734,0.02247774600982666,0.5187569856643677,0.507878303527832,0.23207856714725494,0.23171840608119965,0.2491644024848938,0.2604033052921295
23,S2,LatCrit,local,local,0,local,local,0,0.44880473613739014,0.4122442603111267,-0.03656047582626343,0.0031362567096948624,0.07312101125717163,0.44880473613739014,0.4122442603111267,0.2650205194950104,0.27143317461013794,0.2861747145652771,0.31632259488105774
23,S2,ComHvy,local,local,0,BS2,BS2,0,0.4498075842857361,0.4164789915084839,-0.0333285927772522,0.004605721682310104,0.0928712785243988,0.4498075842857361,0.4164789915084839,0.20498812198638916,0.19188109040260315,0.34520426392555237,0.39163991808891296
23,S2,BWHvy,local,local,0,local,local,0,0.47499561309814453,0.4975913166999817,0.022595703601837158,0.0011766795068979263,0.04519137740135193,0.47499561309814453,0.4975913166999817,0.2593419551849365,0.25428664684295654,0.26566240191459656,0.24812203645706177
23,S3,LatCrit,local,local,0,local,local,0,0.48874711990356445,0.4456043839454651,-0.043142735958099365,0.004622213542461395,0.08628547191619873,0.48874711990356445,0.4456043839454651,0.19340990483760834,0.19417627155780792,0.317842960357666,0.3602193295955658
23,S3,ComHvy,local,local,0,BS1,BS1,0,0.4374133348464966,0.44538480043411255,0.007971465587615967,0.0011284872889518738,0.03929045796394348,0.4374133348464966,0.44538480043411255,0.32248905301094055,0.3341628313064575,0.24009759724140167,0.22045238316059113
23,S3,BWHvy,local,local,0,local,local,0,0.5037954449653625,0.48747193813323975,-0.016323506832122803,0.0015216954052448273,0.04933963716030121,0.5037954449653625,0.48747193813323975,0.2602733373641968,0.2849431335926056,0.23593123257160187,0.22758489847183228
23,S4,LatCrit,local,local,0,local,local,0,0.4334836006164551,0.44098174571990967,0.00749814510345459,0.0001707947812974453,0.01499629020690918,0.4334836006164551,0.44098174571990967,0.2488621175289154,0.24165019392967224,0.3176542818546295,0.3173680603504181
23,S4,ComHvy,local,local,0,local,local,0,0.49679291248321533,0.48623979091644287,-0.010553121566772461,0.00038775833672843874,0.021106213331222534,0.49679291248321533,0.48623979091644287,0.1938161551952362,0.20430666208267212,0.30939096212387085,0.309453547000885
23,S4,BWHvy,local,local,0,local,local,0,0.49307912588119507,0.49340832233428955,0.0003291964530944824,0.00018929876387119293,0.013915389776229858,0.49307912588119507,0.49340832233428955,0.21521440148353577,0.20825669169425964,0.29170647263526917,0.2983349561691284
23,S5,LatCrit,local,local,0,local,local,0,0.5671510100364685,0.5714153051376343,0.0042642951011657715,0.00015409477055072784,0.014369934797286987,0.5671510100364685,0.5714153051376343,0.22365225851535797,0.21646729111671448,0.20919673144817352,0.21211740374565125
23,S5,ComHvy,local,local,0,local,local,0,0.4228993058204651,0.4277026653289795,0.004803359508514404,0.0012794435024261475,0.04045198857784271,0.4228993058204651,0.4277026653289795,0.3392309844493866,0.35465359687805176,0.2378697395324707,0.21764372289180756
23,S5,BWHvy,local,local,0,local,local,0,0.5423728227615356,0.5238603353500366,-0.018512487411499023,0.0007521854713559151,0.037025004625320435,0.5423728227615356,0.5238603353500366,0.21463344991207123,0.22730138897895813,0.24299371242523193,0.24883829057216644
23,S6,LatCrit,local,local,0,local,local,0,0.5106121897697449,0.5440206527709961,0.03340846300125122,0.0022457651793956757,0.06681695580482483,0.5106121897697449,0.5440206527709961,0.267957866191864,0.2504880726337433,0.2214299440383911,0.20549124479293823
23,S6,ComHvy,local,local,0,local,local,0,0.4886566400527954,0.4864961504936218,-0.002160489559173584,6.590224802494049e-05,0.009942382574081421,0.4886566400527954,0.4864961504936218,0.2761220335960388,0.2810932397842407,0.23522131145000458,0.23241062462329865
23,S6,BWHvy,local,local,0,local,local,0,0.5038356781005859,0.49236762523651123,-0.011468052864074707,0.000517415814101696,0.027424708008766174,0.5038356781005859,0.49236762523651123,0.25454041361808777,0.2522961497306824,0.2416238635778427,0.2553362548351288
23,S7,LatCrit,local,local,0,local,local,0,0.5096836090087891,0.5292707085609436,0.01958709955215454,0.0013893824070692062,0.041123196482658386,0.5096836090087891,0.5292707085609436,0.2693828344345093,0.2703573405742645,0.22093354165554047,0.20037195086479187
23,S7,ComHvy,local,local,0,BS2,BS2,0,0.42596668004989624,0.42552828788757324,-0.00043839216232299805,4.6420609578490257e-07,0.0008767992258071899,0.42596668004989624,0.42552828788757324,0.18835105001926422,0.18861037492752075,0.38568225502967834,0.385861337184906
23,S7,BWHvy,local,local,0,local,local,0,0.4467982053756714,0.43568676710128784,-0.011111438274383545,0.0008673593401908875,0.03857213258743286,0.4467982053756714,0.43568676710128784,0.30192071199417114,0.3212067782878876,0.25128108263015747,0.24310645461082458
23,S8,LatCrit,local,local,0,local,local,0,0.4681316018104553,0.4782528281211853,0.01012122631072998,0.0011034691706299782,0.03815513849258423,0.4681316018104553,0.4782528281211853,0.22235362231731415,0.20327605307102203,0.30951476097106934,0.31847110390663147
23,S8,ComHvy,local,local,0,local,local,0,0.4853172302246094,0.4878798723220825,0.0025626420974731445,3.2251758966594934e-05,0.006744265556335449,0.4853172302246094,0.4878798723220825,0.23615653812885284,0.23278440535068512,0.278526246547699,0.27933573722839355
23,S8,BWHvy,local,local,0,local,local,0,0.5005370378494263,0.5127438306808472,0.012206792831420898,0.000298492144793272,0.024413615465164185,0.5005370378494263,0.5127438306808472,0.23846641182899475,0.23235395550727844,0.26099658012390137,0.2549022138118744
24,S1,LatCrit,local,local,0,local,local,0,0.5372512340545654,0.5263988971710205,-0.010852336883544922,0.0003614770248532295,0.02187412977218628,0.5372512340545654,0.5263988971710205,0.23108896613121033,0.23100422322750092,0.23165979981422424,0.2425968497991562
24,S1,ComHvy,local,local,0,local,local,0,0.44932258129119873,0.4705013632774353,0.021178781986236572,0.004756424576044083,0.08483973145484924,0.44932258129119873,0.4705013632774353,0.26152533292770386,0.2827664017677307,0.2891521155834198,0.24673223495483398
24,S1,BWHvy,local,local,0,local,local,0,0.4864124655723572,0.4515761137008667,-0.03483635187149048,0.004811204969882965,0.08882947266101837,0.4864124655723572,0.4515761137008667,0.244676411151886,0.23509801924228668,0.26891112327575684,0.3133258521556854
24,S2,LatCrit,local,local,0,local,local,0,0.5015665292739868,0.45992666482925415,-0.041639864444732666,0.0034786835312843323,0.08327974379062653,0.5015665292739868,0.45992666482925415,0.2557709515094757,0.2770710587501526,0.24266250431537628,0.26300227642059326
24,S2,ComHvy,local,local,0,BS2,BS2,0,0.4240349531173706,0.4076162576675415,-0.0164186954498291,0.0005648089572787285,0.0328374058008194,0.4240349531173706,0.4076162576675415,0.2421853244304657,0.24747122824192047,0.3337797224521637,0.3449125289916992
24,S2,BWHvy,local,local,0,BS1,BS1,0,0.4636843800544739,0.45374220609664917,-0.009942173957824707,0.00019921362400054932,0.019884377717971802,0.4636843800544739,0.45374220609664917,0.2122538983821869,0.21606510877609253,0.32406169176101685,0.3301926851272583
24,S3,LatCrit,local,local,0,local,local,0,0.4959346652030945,0.4872496724128723,-0.008684992790222168,0.0007381606847047806,0.033755138516426086,0.4959346652030945,0.4872496724128723,0.24053508043289185,0.23234249651432037,0.26353025436401367,0.2804078161716461
24,S3,ComHvy,local,local,0,local,local,0,0.5248910188674927,0.5168904066085815,-0.008000612258911133,0.0001991582103073597,0.016001224517822266,0.5248910188674927,0.5168904066085815,0.2609826624393463,0.26121869683265686,0.21412630379199982,0.2218908816576004
24,S3,BWHvy,local,local,0,local,local,0,0.43959349393844604,0.4282763600349426,-0.011317133903503418,0.0022832583636045456,0.060149505734443665,0.43959349393844604,0.4282763600349426,0.29338425397872925,0.3234589993953705,0.2670222818851471,0.24826465547084808
24,S4,LatCrit,local,local,0,local,local,0,0.5014714598655701,0.5072252750396729,0.005753815174102783,0.0008025215938687325,0.03312085568904877,0.5014714598655701,0.5072252750396729,0.2785020172595978,0.2619416117668152,0.22002650797367096,0.23083314299583435
24,S4,ComHvy,local,local,0,local,local,0,0.5170594453811646,0.50812828540802,-0.008931159973144531,0.00034479983150959015,0.022029638290405273,0.5170594453811646,0.50812828540802,0.25526049733161926,0.25317680835723877,0.22768008708953857,0.23869487643241882
24,S4,BWHvy,local,local,0,local,local,0,0.5340112447738647,0.5267927646636963,-0.007218480110168457,0.0017058290541172028,0.046423301100730896,0.5340112447738647,0.5267927646636963,0.1757054477930069,0.1597122848033905,0.2902832627296448,0.3134949207305908
24,S5,LatCrit,local,local,0,local,local,0,0.4706924557685852,0.44929933547973633,-0.021393120288848877,0.000977473333477974,0.042786210775375366,0.4706924557685852,0.44929933547973633,0.2887895107269287,0.3044109344482422,0.24051803350448608,0.2462897002696991
24,S5,ComHvy,local,local,0,local,local,0,0.48889070749282837,0.4722607731819153,-0.016629934310913086,0.0013520903885364532,0.043162256479263306,0.48889070749282837,0.4722607731819153,0.2972802519798279,0.2923290431499481,0.21382905542850494,0.2354101687669754
24,S5,BWHvy,local,local,0,local,local,0,0.4824568033218384,0.5004280805587769,0.017971277236938477,0.0008020540699362755,0.03594256937503815,0.4824568033218384,0.5004280805587769,0.24012959003448486,0.225682333111763,0.27741360664367676,0.27388957142829895
24,S6,LatCrit,local,local,0,local,local,0,0.46708518266677856,0.49819815158843994,0.031112968921661377,0.002261851914227009,0.062225937843322754,0.46708518266677856,0.49819815158843994,0.23468244075775146,0.21231761574745178,0.29823240637779236,0.28948426246643066
24,S6,ComHvy,local,local,0,local,local,0,0.5557217001914978,0.5388669371604919,-0.01685476303100586,0.0007153479382395744,0.03370954096317291,0.5557217001914978,0.5388669371604919,0.21337689459323883,0.22731243073940277,0.23090140521526337,0.23382064700126648
24,S6,BWHvy,local,local,0,local,local,0,0.4414975643157959,0.43061137199401855,-0.010886192321777344,0.00035296473652124405,0.02392350137233734,0.4414975643157959,0.43061137199401855,0.2321043312549591,0.23102878034114838,0.326398104429245,0.33835986256599426
24,S7,LatCrit,local,local,0,local,local,0,0.5218911170959473,0.4976186752319336,-0.024272441864013672,0.004097207449376583,0.07553470134735107,0.5218911170959473,0.4976186752319336,0.1996920257806778,0.23745937645435333,0.27841684222221375,0.2649219334125519
24,S7,ComHvy,local,local,0,local,local,0,0.5029484033584595,0.49984222650527954,-0.0031061768531799316,5.9679499827325344e-05,0.009598895907402039,0.5029484033584595,0.49984222650527954,0.2587266266345978,0.263526052236557,0.23832498490810394,0.23663169145584106
24,S7,BWHvy,local,local,0,local,BS1,1,0.469507098197937,0.4194302558898926,-0.050076842308044434,0.00973101519048214,0.1320071518421173,0.469507098197937,0.4194302558898926,0.30438223481178284,0.3703858256340027,0.22611063718795776,0.21018391847610474
24,S8,LatCrit,local,local,0,local,local,0,0.499847412109375,0.5046589374542236,0.004811525344848633,0.00016106129623949528,0.015314340591430664,0.499847412109375,0.5046589374542236,0.24493736028671265,0.23728016018867493,0.25521525740623474,0.25806087255477905
24,S8,ComHvy,local,local,0,local,local,0,0.5005115866661072,0.4766234755516052,-0.023888111114501953,0.001148679293692112,0.04777620732784271,0.5005115866661072,0.4766234755516052,0.2346758097410202,0.2446027398109436,0.2648126184940338,0.27877378463745117
24,S8,BWHvy,local,local,0,BS2,BS2,0,0.42237067222595215,0.42873889207839966,0.00636821985244751,0.001418624073266983,0.045658260583877563,0.42237067222595215,0.42873889207839966,0.30968987941741943,0.28686073422431946,0.2679394483566284,0.2844003438949585
25,S1,LatCrit,local,local,0,local,local,0,0.5473899245262146,0.5397099256515503,-0.007679998874664307,0.0014666691422462463,0.04335781931877136,0.5473899245262146,0.5397099256515503,0.1622287929058075,0.14822986721992493,0.2903813123703003,0.3120602071285248
25,S1,ComHvy,local,local,0,local,local,0,0.449917197227478,0.4648345708847046,0.014917373657226562,0.0016093850135803223,0.05217382311820984,0.449917197227478,0.4648345708847046,0.2219802439212799,0.23314979672431946,0.32810255885124207,0.30201566219329834
25,S1,BWHvy,local,local,0,local,local,0,0.5039999485015869,0.488674521446228,-0.015325427055358887,0.000997290015220642,0.03706696629524231,0.5039999485015869,0.488674521446228,0.27641332149505615,0.2732052803039551,0.21958670020103455,0.2381201982498169
25,S2,LatCrit,local,local,0,local,local,0,0.5321506261825562,0.49511808156967163,-0.03703254461288452,0.003036211244761944,0.07406508922576904,0.5321506261825562,0.49511808156967163,0.23452578485012054,0.2620037794113159,0.2333235740661621,0.24287812411785126
25,S2,ComHvy,local,local,0,local,BS2,1,0.4363698959350586,0.41573643684387207,-0.020633459091186523,0.0021768081933259964,0.061910003423690796,0.4363698959350586,0.41573643684387207,0.2557074725627899,0.24538591504096985,0.3079226315021515,0.3388776183128357
25,S2,BWHvy,local,local,0,BS2,BS2,0,0.48015159368515015,0.47809720039367676,-0.0020543932914733887,2.2934807930141687e-05,0.005321115255355835,0.48015159368515015,0.47809720039367676,0.1942046582698822,0.1968652307987213,0.32564374804496765,0.3250375986099243
25,S3,LatCrit,local,local,0,BS2,BS2,0,0.427206814289093,0.41387784481048584,-0.013328969478607178,0.0009433533996343613,0.04199175536632538,0.427206814289093,0.41387784481048584,0.21277733147144318,0.20511040091514587,0.360015869140625,0.3810117244720459
25,S3,ComHvy,local,local,0,local,local,0,0.5054820775985718,0.4966464042663574,-0.008835673332214355,0.00019301148131489754,0.0176713764667511,0.5054820775985718,0.4966464042663574,0.31732645630836487,0.3200417757034302,0.17719143629074097,0.1833118200302124
25,S3,BWHvy,local,local,0,local,local,0,0.5159744620323181,0.4982585310935974,-0.017715930938720703,0.002407834865152836,0.05984203517436981,0.5159744620323181,0.4982585310935974,0.22979429364204407,0.25971531867980957,0.2542312443256378,0.2420261651277542
25,S4,LatCrit,local,local,0,local,BS2,1,0.49170631170272827,0.4702509641647339,-0.021455347537994385,0.0009443648159503937,0.04291072487831116,0.49170631170272827,0.4702509641647339,0.2538214325904846,0.2620851397514343,0.2544722557067871,0.2676639258861542
25,S4,ComHvy,local,local,0,local,local,0,0.4787152409553528,0.46912968158721924,-0.009585559368133545,0.0004567245487123728,0.026522815227508545,0.4787152409553528,0.46912968158721924,0.25455594062805176,0.26781734824180603,0.26672881841659546,0.26305297017097473
25,S4,BWHvy,local,local,0,local,BS2,1,0.5124564170837402,0.49142295122146606,-0.02103346586227417,0.00232703797519207,0.062143146991729736,0.5124564170837402,0.49142295122146606,0.21370479464530945,0.20366671681404114,0.27383872866630554,0.3049103319644928
25,S5,LatCrit,local,local,0,local,local,0,0.50127774477005,0.4999762773513794,-0.0013014674186706543,3.894069232046604e-05,0.007203340530395508,0.50127774477005,0.4999762773513794,0.2370198369026184,0.24062150716781616,0.26170241832733154,0.25940221548080444
25,S5,ComHvy,local,local,0,local,local,0,0.5031200647354126,0.5117926597595215,0.008672595024108887,0.0003131439443677664,0.02015097439289093,0.5031200647354126,0.5117926597595215,0.2220662236213684,0.21199075877666473,0.2748136818408966,0.276216596364975
25,S5,BWHvy,local,local,0,local,local,0,0.46157294511795044,0.46113109588623047,-0.0004418492317199707,2.8657028451561928e-05,0.005883708596229553,0.46157294511795044,0.46113109588623047,0.30036041140556335,0.29786041378974915,0.2380666434764862,0.24100850522518158
25,S6,LatCrit,local,local,0,local,local,0,0.45967549085617065,0.46261924505233765,0.002943754196166992,0.0008230684325098991,0.032353341579437256,0.45967549085617065,0.46261924505233765,0.276652067899704,0.26047536730766296,0.26367247104644775,0.276905357837677
25,S6,ComHvy,local,local,0,local,local,0,0.5119591951370239,0.5264427661895752,0.01448357105255127,0.0004308382049202919,0.02896714210510254,0.5119591951370239,0.5264427661895752,0.16578423976898193,0.15939831733703613,0.32225656509399414,0.31415891647338867
25,S6,BWHvy,local,local,0,local,local,0,0.5009775161743164,0.48456817865371704,-0.016409337520599365,0.0010288301855325699,0.04131685197353363,0.5009775161743164,0.48456817865371704,0.21261636912822723,0.20836728811264038,0.28640609979629517,0.3070645332336426
25,S7,LatCrit,local,local,0,local,local,0,0.5196161866188049,0.501731812953949,-0.017884373664855957,0.0009140719193965197,0.03576876223087311,0.5196161866188049,0.501731812953949,0.19517074525356293,0.210738867521286,0.28521305322647095,0.287529319524765
25,S7,ComHvy,local,local,0,local,local,0,0.4835287928581238,0.5048071146011353,0.021278321743011475,0.0016043555224314332,0.04362200200557709,0.4835287928581238,0.5048071146011353,0.22168326377868652,0.19987227022647858,0.2947879433631897,0.29532063007354736
25,S7,BWHvy,local,local,0,local,local,0,0.51491779088974,0.4858664870262146,-0.02905130386352539,0.0019249841570854187,0.058102622628211975,0.51491779088974,0.4858664870262146,0.3156222701072693,0.3268209397792816,0.16945993900299072,0.18731258809566498
25,S8,LatCrit,local,local,0,local,local,0,0.5438412427902222,0.5488519072532654,0.005010664463043213,8.263977360911667e-05,0.010963931679725647,0.5438412427902222,0.5488519072532654,0.25770705938339233,0.2522251009941101,0.1984516829252243,0.1989229917526245
25,S8,ComHvy,local,local,0,local,local,0,0.5229724645614624,0.5093868374824524,-0.01358562707901001,0.002811744809150696,0.06322209537029266,0.5229724645614624,0.5093868374824524,0.24133044481277466,0.2729414999485016,0.23569707572460175,0.21767166256904602
25,S8,BWHvy,local,local,0,local,local,0,0.4425114393234253,0.42399197816848755,-0.018519461154937744,0.0009469329379498959,0.03703892230987549,0.4425114393234253,0.42399197816848755,0.25352364778518677,0.2705017030239105,0.30396491289138794,0.30550631880760193
26,S1,LatCrit,local,local,0,local,local,0,0.5497438907623291,0.5498933792114258,0.0001494884490966797,7.143535185605288e-08,0.0002990216016769409,0.5497438907623291,0.5498933792114258,0.29206809401512146,0.2920086979866028,0.15818801522254944,0.15809787809848785
26,S1,ComHvy,local,local,0,BS2,BS2,0,0.48180484771728516,0.4675905704498291,-0.014214277267456055,0.0024692080914974213,0.056164294481277466,0.48180484771728516,0.4675905704498291,0.18260690569877625,0.21068906784057617,0.3355882167816162,0.3217203617095947
26,S1,BWHvy,local,local,0,local,local,0,0.4668739438056946,0.47029656171798706,0.0034226179122924805,0.0002562589943408966,0.01914072036743164,0.4668739438056946,0.47029656171798706,0.27174705266952515,0.2621766924858093,0.2613790035247803,0.2675267457962036
26,S2,LatCrit,local,local,0,local,local,0,0.5803520679473877,0.5615154504776001,-0.018836617469787598,0.000768482219427824,0.03767329454421997,0.5803520679473877,0.5615154504776001,0.2419293075799942,0.2559747099876404,0.1777186095714569,0.1825098842382431
26,S2,ComHvy,local,local,0,local,local,0,0.4821649193763733,0.48166102170944214,-0.0005038976669311523,1.1685770004987717e-06,0.0013859570026397705,0.4821649193763733,0.48166102170944214,0.2340540736913681,0.23386500775814056,0.2837809920310974,0.2844739854335785
26,S2,BWHvy,local,local,0,local,local,0,0.5031493902206421,0.5157561302185059,0.01260673999786377,0.00042687589302659035,0.02521347999572754,0.5031493902206421,0.5157561302185059,0.24182555079460144,0.23062673211097717,0.25502505898475647,0.25361713767051697
26,S3,LatCrit,local,local,0,local,local,0,0.553550660610199,0.5435025691986084,-0.010048091411590576,0.0018463656306266785,0.04982791841030121,0.553550660610199,0.5435025691986084,0.1935531049966812,0.1786872148513794,0.252896249294281,0.2778101861476898
26,S3,ComHvy,local,local,0,local,local,0,0.5344237089157104,0.5490400195121765,0.014616310596466064,0.0010353196412324905,0.037698403000831604,0.5344237089157104,0.5490400195121765,0.2345084697008133,0.2156592756509781,0.23106779158115387,0.2353006899356842
26,S3,BWHvy,local,local,0,local,local,0,0.517482578754425,0.5499680042266846,0.03248542547225952,0.0024563968181610107,0.06497085094451904,0.517482578754425,0.5499680042266846,0.23369623720645905,0.2263127714395523,0.2488211989402771,0.22371923923492432
26,S4,LatCrit,local,local,0,local,local,0,0.5606603622436523,0.5474263429641724,-0.01323401927947998,0.0007810220122337341,0.03289128839969635,0.5606603622436523,0.5474263429641724,0.22451986372470856,0.22130823135375977,0.2148197442293167,0.2312653809785843
26,S4,ComHvy,local,local,0,local,local,0,0.4337332248687744,0.4632059931755066,0.029472768306732178,0.0017530256882309914,0.058945536613464355,0.4337332248687744,0.4632059931755066,0.2862319052219391,0.27113232016563416,0.2800348699092865,0.26566168665885925
26,S4,BWHvy,local,local,0,local,local,0,0.4430835247039795,0.40406256914138794,-0.03902095556259155,0.0031334906816482544,0.0780419409275055,0.4430835247039795,0.40406256914138794,0.25500229001045227,0.2734018564224243,0.30191415548324585,0.32253557443618774
26,S5,LatCrit,local,local,0,local,local,0,0.5690279006958008,0.5739660263061523,0.0049381256103515625,0.0002811038866639137,0.018929004669189453,0.5690279006958008,0.5739660263061523,0.21396954357624054,0.2184959203004837,0.21700255572795868,0.20753805339336395
26,S5,ComHvy,local,local,0,local,local,0,0.43691444396972656,0.4442610740661621,0.007346630096435547,0.00011109677143394947,0.014693260192871094,0.43691444396972656,0.4442610740661621,0.22615301609039307,0.22253498435020447,0.33693253993988037,0.3332039415836334
26,S5,BWHvy,local,local,0,local,local,0,0.5411652326583862,0.5481292009353638,0.006963968276977539,0.00010627880692481995,0.013927891850471497,0.5411652326583862,0.5481292009353638,0.20471711456775665,0.20024362206459045,0.2541176378726959,0.25162720680236816
26,S6,LatCrit,local,local,0,local,local,0,0.49686193466186523,0.5226080417633057,0.02574610710144043,0.0013744886964559555,0.05149224400520325,0.49686193466186523,0.5226080417633057,0.2783766984939575,0.2608666718006134,0.22476136684417725,0.21652525663375854
26,S6,ComHvy,local,local,0,local,local,0,0.5727499723434448,0.558964729309082,-0.013785243034362793,0.00041523389518260956,0.027570530772209167,0.5727499723434448,0.558964729309082,0.202550008893013,0.20652124285697937,0.22470000386238098,0.234514057636261
26,S6,BWHvy,local,BS2,1,local,BS2,1,0.42600560188293457,0.3936956524848938,-0.03230994939804077,0.009751476347446442,0.1342214047908783,0.42600560188293457,0.3787221312522888,0.24740946292877197,0.22758224606513977,0.32658493518829346,0.3936956524848938
26,S7,LatCrit,local,local,0,local,local,0,0.508406937122345,0.4921615719795227,-0.016245365142822266,0.0011636805720627308,0.04172605276107788,0.508406937122345,0.4921615719795227,0.24060018360614777,0.2614631950855255,0.25099289417266846,0.2463752180337906
26,S7,ComHvy,local,local,0,local,local,0,0.47634172439575195,0.467552125453949,-0.008789598941802979,0.0008153244853019714,0.03459697961807251,0.47634172439575195,0.467552125453949,0.28775614500045776,0.2792472541332245,0.23590213060379028,0.25320062041282654
26,S7,BWHvy,local,local,0,local,local,0,0.5568945407867432,0.5615642070770264,0.004669666290283203,4.4779619202017784e-05,0.009339332580566406,0.5568945407867432,0.5615642070770264,0.27618902921676636,0.2735910415649414,0.16691641509532928,0.16484473645687103
26,S8,LatCrit,local,local,0,BS2,BS2,0,0.5295798778533936,0.5322935581207275,0.0027136802673339844,0.0007879026234149933,0.029764041304588318,0.5295798778533936,0.5322935581207275,0.2038000226020813,0.2159683257341385,0.26662009954452515,0.251738041639328
26,S8,ComHvy,local,local,0,local,local,0,0.519629955291748,0.5239214897155762,0.004291534423828125,0.0005115382373332977,0.0253533273935318,0.519629955291748,0.5239214897155762,0.24440345168113708,0.25278857350349426,0.23596660792827606,0.22328993678092957
26,S8,BWHvy,local,local,0,local,local,0,0.4178818464279175,0.4316864609718323,0.013804614543914795,0.001388651318848133,0.045168548822402954,0.4178818464279175,0.4316864609718323,0.25836142897605896,0.23577716946601868,0.32375672459602356,0.33253639936447144
27,S1,LatCrit,local,local,0,local,local,0,0.5102695822715759,0.500873327255249,-0.009396255016326904,0.00023279525339603424,0.01879255473613739,0.5102695822715759,0.500873327255249,0.261858195066452,0.2631070017814636,0.22787220776081085,0.23601970076560974
27,S1,ComHvy,local,local,0,local,local,0,0.5380847454071045,0.5423789620399475,0.004294216632843018,0.0002046187873929739,0.015602484345436096,0.5380847454071045,0.5423789620399475,0.18936467170715332,0.18156345188617706,0.2725505232810974,0.27605757117271423
27,S1,BWHvy,local,local,0,local,local,0,0.4838111996650696,0.5056308507919312,0.021819651126861572,0.001383129390887916,0.04382851719856262,0.4838111996650696,0.5056308507919312,0.279938280582428,0.2580240070819855,0.23625051975250244,0.236345112323761
27,S2,LatCrit,local,local,0,local,local,0,0.5948571562767029,0.6055020093917847,0.010644853115081787,0.0008104853332042694,0.03174363076686859,0.5948571562767029,0.6055020093917847,0.20051169395446777,0.2057386338710785,0.20463116466999054,0.18875932693481445
27,S2,ComHvy,local,local,0,local,local,0,0.5173167586326599,0.5043767690658569,-0.012939989566802979,0.0003435038961470127,0.025879964232444763,0.5173167586326599,0.5043767690658569,0.29158926010131836,0.30084389448165894,0.19109399616718292,0.19477933645248413
27,S2,BWHvy,local,local,0,local,local,0,0.4562608003616333,0.46302056312561035,0.006759762763977051,0.000878932885825634,0.03561335802078247,0.4562608003616333,0.46302056312561035,0.2713087797164917,0.25350210070610046,0.2724304497241974,0.2834773659706116
27,S3,LatCrit,local,local,0,local,local,0,0.5321386456489563,0.5243104696273804,-0.007828176021575928,0.0004889471456408501,0.02795851230621338,0.5321386456489563,0.5243104696273804,0.16600288450717926,0.1598518341779709,0.30185842514038086,0.31583771109580994
27,S3,ComHvy,local,local,0,local,local,0,0.4707287549972534,0.47203266620635986,0.0013039112091064453,0.0005440553650259972,0.02518436312675476,0.4707287549972534,0.47203266620635986,0.2690078318119049,0.25641563534736633,0.26026344299316406,0.2715516984462738
27,S3,BWHvy,local,local,0,local,local,0,0.5208112001419067,0.5290305614471436,0.008219361305236816,0.00019782021990977228,0.016441434621810913,0.5208112001419067,0.5290305614471436,0.25831088423728943,0.25009018182754517,0.22087791562080383,0.22087928652763367
27,S4,LatCrit,local,local,0,local,local,0,0.5856888294219971,0.5528134107589722,-0.0328754186630249,0.002410298213362694,0.06575079262256622,0.5856888294219971,0.5528134107589722,0.20294314622879028,0.21189436316490173,0.21136805415153503,0.2352922111749649
27,S4,ComHvy,local,local,0,local,local,0,0.3909127116203308,0.40048617124557495,0.00957345962524414,0.00019795773550868034,0.019146859645843506,0.3909127116203308,0.40048617124557495,0.3142668306827545,0.31072819232940674,0.2948204278945923,0.2887856662273407
27,S4,BWHvy,local,local,0,local,local,0,0.5260283946990967,0.4968322515487671,-0.02919614315032959,0.0017801318317651749,0.058392226696014404,0.5260283946990967,0.4968322515487671,0.19883032143115997,0.21549250185489655,0.27514132857322693,0.28767523169517517
27,S5,LatCrit,local,local,0,local,local,0,0.5485463738441467,0.5715956687927246,0.02304929494857788,0.0012076906859874725,0.046098560094833374,0.5485463738441467,0.5715956687927246,0.25668954849243164,0.23853224515914917,0.19476403295993805,0.18987207114696503
27,S5,ComHvy,local,local,0,local,local,0,0.538292646408081,0.5347076654434204,-0.0035849809646606445,2.7151312679052353e-05,0.007169902324676514,0.538292646408081,0.5347076654434204,0.1556723564863205,0.1563638597726822,0.30603504180908203,0.3089284598827362
27,S5,BWHvy,local,local,0,local,local,0,0.6020238399505615,0.6037571430206299,0.0017333030700683594,0.00011785444803535938,0.011272892355918884,0.6020238399505615,0.6037571430206299,0.2238234132528305,0.21818692982196808,0.17415276169776917,0.17805586755275726
27,S6,LatCrit,local,local,0,local,local,0,0.4800224304199219,0.4891729950904846,0.009150564670562744,0.0005930699408054352,0.030746489763259888,0.4800224304199219,0.4891729950904846,0.2885202467441559,0.27314698696136475,0.23145735263824463,0.23768001794815063
27,S6,ComHvy,local,local,0,local,local,0,0.5237648487091064,0.529621958732605,0.005857110023498535,0.00012912694364786148,0.013180002570152283,0.5237648487091064,0.529621958732605,0.2446494996547699,0.2453823983669281,0.23158566653728485,0.2249956727027893
27,S6,BWHvy,local,local,0,local,local,0,0.5876622200012207,0.5529015064239502,-0.03476071357727051,0.004501190036535263,0.08047318458557129,0.5876622200012207,0.5529015064239502,0.19738303124904633,0.19190718233585358,0.21495473384857178,0.2551913559436798
27,S7,LatCrit,local,local,0,BS2,BS2,0,0.5500870943069458,0.5377202033996582,-0.012366890907287598,0.0003704905975610018,0.024733766913414,0.5500870943069458,0.5377202033996582,0.23059165477752686,0.24077706038951874,0.21932125091552734,0.22150272130966187
27,S7,ComHvy,local,local,0,local,local,0,0.4839029908180237,0.5039385557174683,0.02003556489944458,0.0026216721162199974,0.05807763338088989,0.4839029908180237,0.5039385557174683,0.22200247645378113,0.19296368956565857,0.2940945029258728,0.30309778451919556
27,S7,BWHvy,local,local,0,local,local,0,0.5675268173217773,0.5700268745422363,0.0025000572204589844,0.0005341637879610062,0.023077815771102905,0.5675268173217773,0.5700268745422363,0.1907811164855957,0.17924219369888306,0.24169206619262695,0.2507309019565582
27,S8,LatCrit,local,local,0,local,local,0,0.475502610206604,0.4853630065917969,0.009860396385192871,0.0003572329878807068,0.02111862599849701,0.475502610206604,0.4853630065917969,0.2993008494377136,0.29999977350234985,0.22519651055335999,0.21463720500469208
27,S8,ComHvy,local,local,0,local,local,0,0.5267366170883179,0.5297141075134277,0.0029774904251098633,0.0031469762325286865,0.057308971881866455,0.5267366170883179,0.5297141075134277,0.19677887856960297,0.22245585918426514,0.27648454904556274,0.24783004820346832
27,S8,BWHvy,local,local,0,local,local,0,0.5659947991371155,0.5342181921005249,-0.031776607036590576,0.0030079602729529142,0.06362833082675934,0.5659947991371155,0.5342181921005249,0.2222026288509369,0.25401678681373596,0.21180257201194763,0.21176500618457794
28,S1,LatCrit,local,local,0,local,local,0,0.49143534898757935,0.4726935625076294,-0.01874178647994995,0.0015103514306247234,0.04497729241847992,0.49143534898757935,0.4726935625076294,0.21092921495437622,0.23341788351535797,0.29763540625572205,0.29388856887817383
28,S1,ComHvy,local,local,0,local,local,0,0.5055307149887085,0.5002238750457764,-0.005306839942932129,0.000310585368424654,0.02106112241744995,0.5055307149887085,0.5002238750457764,0.23491095006465912,0.2454415112733841,0.2595583200454712,0.25433459877967834
28,S1,BWHvy,local,local,0,local,local,0,0.5426939725875854,0.5330177545547485,-0.009676218032836914,0.0003555258736014366,0.024179518222808838,0.5426939725875854,0.5330177545547485,0.17460064589977264,0.17218710482120514,0.2827053964138031,0.2947951555252075
28,S2,LatCrit,local,local,0,local,local,0,0.5065104365348816,0.5002797842025757,-0.006230652332305908,0.00015343003906309605,0.015467092394828796,0.5065104365348816,0.5002797842025757,0.26741719245910645,0.27515071630477905,0.22607237100601196,0.22456945478916168
28,S2,ComHvy,local,local,0,local,local,0,0.4686153531074524,0.4339331388473511,-0.03468221426010132,0.002755800262093544,0.06936439871788025,0.4686153531074524,0.4339331388473511,0.2901992201805115,0.2993352711200714,0.24118545651435852,0.2667315900325775
28,S2,BWHvy,local,local,0,local,local,0,0.45494115352630615,0.4625762104988098,0.007635056972503662,0.0003199577331542969,0.02349095046520233,0.45494115352630615,0.4625762104988098,0.22248634696006775,0.22659678757190704,0.3225724697113037,0.31082701683044434
28,S3,LatCrit,local,local,0,local,local,0,0.5181785821914673,0.5106407403945923,-0.007537841796875,0.00033995136618614197,0.02367304265499115,0.5181785821914673,0.5106407403945923,0.19269852340221405,0.18839982151985168,0.28912290930747986,0.30095940828323364
28,S3,ComHvy,local,local,0,local,local,0,0.4639585614204407,0.4669068455696106,0.002948284149169922,0.00014316197484731674,0.014481008052825928,0.4639585614204407,0.4669068455696106,0.2669966518878937,0.2597561478614807,0.26904475688934326,0.2733369767665863
28,S3,BWHvy,local,local,0,local,local,0,0.6155515909194946,0.6078622937202454,-0.007689297199249268,0.00022343863383866847,0.015378609299659729,0.6155515909194946,0.6078622937202454,0.14658403396606445,0.15385721623897552,0.23786437511444092,0.2382805049419403
28,S4,LatCrit,local,local,0,local,local,0,0.509057879447937,0.4937205910682678,-0.01533728837966919,0.001565360464155674,0.047894299030303955,0.509057879447937,0.4937205910682678,0.2257973849773407,0.24974453449249268,0.2651447355747223,0.2565348744392395
28,S4,ComHvy,local,local,0,BS2,BS2,0,0.42068660259246826,0.41712892055511475,-0.0035576820373535156,0.0017343387007713318,0.048225969076156616,0.42068660259246826,0.41712892055511475,0.28474196791648865,0.30885493755340576,0.2945714592933655,0.2740161418914795
28,S4,BWHvy,local,local,0,local,local,0,0.45938706398010254,0.4244805574417114,-0.03490650653839111,0.00251154787838459,0.06981298327445984,0.45938706398010254,0.4244805574417114,0.24154597520828247,0.2603273391723633,0.2990669906139374,0.3151921033859253
28,S5,LatCrit,local,local,0,local,local,0,0.6309000253677368,0.647471010684967,0.016570985317230225,0.0006614867597818375,0.033141955733299255,0.6309000253677368,0.647471010684967,0.17747703194618225,0.17279411852359772,0.19162292778491974,0.17973487079143524
28,S5,ComHvy,local,local,0,local,local,0,0.4434892535209656,0.4481731057167053,0.004683852195739746,0.0002078469842672348,0.01835539937019348,0.4434892535209656,0.4481731057167053,0.259467214345932,0.2639610469341278,0.2970435619354248,0.28786584734916687
28,S5,BWHvy,local,local,0,local,local,0,0.47379982471466064,0.47401928901672363,0.00021946430206298828,2.9020709916949272e-05,0.005725473165512085,0.47379982471466064,0.47401928901672363,0.27293428778648376,0.275577574968338,0.2532658874988556,0.25040316581726074
28,S6,LatCrit,local,local,0,local,local,0,0.4982749819755554,0.5230271816253662,0.02475219964981079,0.0012721456587314606,0.04950442910194397,0.4982749819755554,0.5230271816253662,0.2802969813346863,0.263275682926178,0.2214280366897583,0.21369710564613342
28,S6,ComHvy,local,local,0,local,local,0,0.5274970531463623,0.5348683595657349,0.007371306419372559,0.0008373968303203583,0.033691659569740295,0.5274970531463623,0.5348683595657349,0.21985900402069092,0.2293335199356079,0.25264397263526917,0.23579813539981842
28,S6,BWHvy,local,local,0,local,local,0,0.5322983264923096,0.5354669094085693,0.0031685829162597656,0.00028047244995832443,0.017415300011634827,0.5322983264923096,0.5354669094085693,0.1792745143175125,0.1705668568611145,0.2884272038936615,0.29396626353263855
28,S7,LatCrit,local,local,0,BS2,BS2,0,0.4590100049972534,0.44710177183151245,-0.011908233165740967,0.0005799646023660898,0.02996957302093506,0.4590100049972534,0.44710177183151245,0.2669939398765564,0.2819787263870239,0.2739960551261902,0.2709195017814636
28,S7,ComHvy,local,local,0,local,local,0,0.48151785135269165,0.46845555305480957,-0.01306229829788208,0.00307493656873703,0.06813549995422363,0.48151785135269165,0.46845555305480957,0.1963585913181305,0.17535313963890076,0.32212355732917786,0.3561913073062897
28,S7,BWHvy,local,local,0,local,local,0,0.5369359254837036,0.5364072322845459,-0.0005286931991577148,0.0019673779606819153,0.043205589056015015,0.5369359254837036,0.5364072322845459,0.24825043976306915,0.22717633843421936,0.21481366455554962,0.23641645908355713
28,S8,LatCrit,local,local,0,local,local,0,0.5491114854812622,0.5472139120101929,-0.001897573471069336,5.657621659338474e-05,0.008294329047203064,0.5491114854812622,0.5472139120101929,0.1956723928451538,0.19981954991817474,0.255216121673584,0.2529665231704712
28,S8,ComHvy,local,local,0,local,local,0,0.5478419065475464,0.5552158951759338,0.007373988628387451,0.00031217653304338455,0.020890161395072937,0.5478419065475464,0.5552158951759338,0.21953728795051575,0.22260838747024536,0.23262079060077667,0.2221757173538208
28,S8,BWHvy,local,local,0,local,local,0,0.45000797510147095,0.4634714126586914,0.013463437557220459,0.000738026574254036,0.032486021518707275,0.45000797510147095,0.4634714126586914,0.28893592953681946,0.29171550273895264,0.2610560953617096,0.24481308460235596
29,S1,LatCrit,local,local,0,local,local,0,0.5717707872390747,0.5729408860206604,0.0011700987815856934,0.0004896475002169609,0.021557316184043884,0.5717707872390747,0.5729408860206604,0.18067753314971924,0.19028611481189728,0.24755164980888367,0.23677301406860352
29,S1,ComHvy,local,local,0,local,local,0,0.5593096017837524,0.5386976599693298,-0.020611941814422607,0.002299344167113304,0.06010141968727112,0.5593096017837524,0.5386976599693298,0.2509990334510803,0.2810497581958771,0.18969134986400604,0.18025259673595428
29,S1,BWHvy,local,local,0,local,local,0,0.45606178045272827,0.46351397037506104,0.007452189922332764,0.00011568423360586166,0.014904409646987915,0.45606178045272827,0.46351397037506104,0.23407262563705444,0.23187285661697388,0.3098656237125397,0.3046131730079651
29,S2,LatCrit,local,local,0,local,local,0,0.5364471673965454,0.5362550616264343,-0.00019210577011108398,0.0016069915145635605,0.0381796658039093,0.5364471673965454,0.5362550616264343,0.2612573206424713,0.28034716844558716,0.20229551196098328,0.1833977997303009
29,S2,ComHvy,local,local,0,local,local,0,0.43510347604751587,0.4212488532066345,-0.013854622840881348,0.0010536592453718185,0.04005149006843567,0.43510347604751587,0.4212488532066345,0.3168429732322693,0.3106718361377716,0.24805355072021484,0.2680792808532715
29,S2,BWHvy,local,local,0,local,local,0,0.4462190866470337,0.42193204164505005,-0.024287045001983643,0.0012045828625559807,0.04857414960861206,0.4462190866470337,0.42193204164505005,0.27244168519973755,0.2838036119937897,0.28133919835090637,0.29426437616348267
29,S3,LatCrit,local,local,0,local,local,0,0.515902042388916,0.5259441137313843,0.010042071342468262,0.0009985677897930145,0.03761167824268341,0.515902042388916,0.5259441137313843,0.2329169362783432,0.24168069660663605,0.2511810064315796,0.2323751598596573
29,S3,ComHvy,local,local,0,BS2,BS2,0,0.4392241835594177,0.4318242073059082,-0.0073999762535095215,0.002311740070581436,0.05780167877674103,0.4392241835594177,0.4318242073059082,0.26493898034095764,0.24343810975551605,0.29583683609962463,0.32473766803741455
29,S3,BWHvy,local,local,0,local,local,0,0.5724602937698364,0.5803257822990417,0.007865488529205322,0.00016800500452518463,0.01573096215724945,0.5724602937698364,0.5803257822990417,0.19457294046878815,0.18809311091899872,0.23296673595905304,0.23158109188079834
29,S4,LatCrit,local,local,0,local,local,0,0.5448390245437622,0.5211800336837769,-0.02365899085998535,0.0017014151671901345,0.04968114197254181,0.5448390245437622,0.5211800336837769,0.24749477207660675,0.27233535051345825,0.20766620337963104,0.2064846307039261
29,S4,ComHvy,local,local,0,BS1,BS1,0,0.4296160936355591,0.42438191175460815,-0.005234181880950928,0.00043811649084091187,0.026624083518981934,0.4296160936355591,0.42438191175460815,0.3096309304237366,0.32294297218322754,0.26075297594070435,0.2526751160621643
29,S4,BWHvy,local,local,0,local,local,0,0.480343222618103,0.4469238519668579,-0.03341937065124512,0.0027312668971717358,0.06683877110481262,0.480343222618103,0.4469238519668579,0.2629414200782776,0.29174163937568665,0.256715327501297,0.26133450865745544
29,S5,LatCrit,local,local,0,local,local,0,0.5535048842430115,0.5459469556808472,-0.007557928562164307,0.00044919829815626144,0.024146929383277893,0.5535048842430115,0.5459469556808472,0.1968013048171997,0.20887479186058044,0.24969379603862762,0.24517828226089478
29,S5,ComHvy,local,local,0,local,local,0,0.547950267791748,0.5722922086715698,0.024341940879821777,0.001646270975470543,0.048683881759643555,0.547950267791748,0.5722922086715698,0.19528140127658844,0.19415993988513947,0.2567683458328247,0.2335478663444519
29,S5,BWHvy,local,local,0,local,local,0,0.49887973070144653,0.5060118436813354,0.007132112979888916,0.00010352721437811852,0.014264240860939026,0.49887973070144653,0.5060118436813354,0.24519012868404388,0.24235570430755615,0.2559301257133484,0.251632422208786
29,S6,LatCrit,local,local,0,local,local,0,0.5576134920120239,0.5553536415100098,-0.00225985050201416,0.0006744572892785072,0.026201769709587097,0.5576134920120239,0.5553536415100098,0.16713108122348785,0.15629002451896667,0.2752554714679718,0.28835633397102356
29,S6,ComHvy,local,local,0,local,local,0,0.5644373893737793,0.5694944858551025,0.005057096481323242,0.0003427043557167053,0.021221652626991272,0.5644373893737793,0.5694944858551025,0.19713610410690308,0.20268982648849487,0.23842649161815643,0.2278156578540802
29,S6,BWHvy,local,local,0,local,local,0,0.5279926657676697,0.5033582448959351,-0.02463442087173462,0.0023015793412923813,0.06347517669200897,0.5279926657676697,0.5033582448959351,0.16908837854862213,0.16198521852493286,0.302918940782547,0.3346565365791321
29,S7,LatCrit,local,local,0,local,local,0,0.48127347230911255,0.4685777425765991,-0.012695729732513428,0.0003512054681777954,0.025391489267349243,0.48127347230911255,0.4685777425765991,0.24941635131835938,0.2527673840522766,0.2693101763725281,0.27865490317344666
29,S7,ComHvy,local,local,0,local,local,0,0.4952055811882019,0.4813637137413025,-0.013841867446899414,0.0021122992038726807,0.05819404125213623,0.4952055811882019,0.4813637137413025,0.1817549616098404,0.1664998084306717,0.3230394423007965,0.3521364629268646
29,S7,BWHvy,local,local,0,BS1,BS1,0,0.48006147146224976,0.4811980724334717,0.0011366009712219238,5.096243694424629e-05,0.008302554488182068,0.48006147146224976,0.4811980724334717,0.29145193099975586,0.28730061650276184,0.22848662734031677,0.2315012663602829
29,S8,LatCrit,local,local,0,local,local,0,0.47409385442733765,0.46289414167404175,-0.011199712753295898,0.0002520158886909485,0.022399425506591797,0.47409385442733765,0.46289414167404175,0.24359948933124542,0.24888436496257782,0.2823066711425781,0.2882215082645416
29,S8,ComHvy,local,local,0,local,local,0,0.5418566465377808,0.535265326499939,-0.006591320037841797,9.193923324346542e-05,0.01318274438381195,0.5418566465377808,0.535265326499939,0.25181105732917786,0.2543899714946747,0.2063322365283966,0.21034474670886993
29,S8,BWHvy,local,local,0,local,local,0,0.41362279653549194,0.4150392413139343,0.0014164447784423828,0.0005669053643941879,0.027123749256134033,0.41362279653549194,0.4150392413139343,0.26758962869644165,0.2797350585460663,0.3187875747680664,0.3052257001399994
30,S1,LatCrit,local,local,0,local,local,0,0.5047156810760498,0.5119678974151611,0.007252216339111328,0.0002771317958831787,0.02167929708957672,0.5047156810760498,0.5119678974151611,0.178958460688591,0.18254590034484863,0.316325843334198,0.30548620223999023
30,S1,ComHvy,local,local,0,local,local,0,0.6185613870620728,0.6142355799674988,-0.004325807094573975,0.0003434251993894577,0.019910946488380432,0.6185613870620728,0.6142355799674988,0.2012687772512436,0.2112242430448532,0.18016985058784485,0.174540176987648
30,S1,BWHvy,local,local,0,BS1,BS1,0,0.3926658034324646,0.38852494955062866,-0.0041408538818359375,0.0001959698274731636,0.017387688159942627,0.3926658034324646,0.38852494955062866,0.35117307305336,0.346620112657547,0.256161093711853,0.26485496759414673
30,S2,LatCrit,local,local,0,local,local,0,0.5633718967437744,0.5656001567840576,0.002228260040283203,0.00010019214823842049,0.010732218623161316,0.5633718967437744,0.5656001567840576,0.24249480664730072,0.2456326186656952,0.19413332641124725,0.1887671798467636
30,S2,ComHvy,local,local,0,BS2,BS2,0,0.4100448489189148,0.3773556351661682,-0.03268921375274658,0.006185200065374374,0.10583654046058655,0.4100448489189148,0.3773556351661682,0.27766841650009155,0.25743937492370605,0.31228670477867126,0.36520498991012573
30,S2,BWHvy,local,local,0,BS2,BS2,0,0.5038260817527771,0.5242201089859009,0.02039402723312378,0.0008613113313913345,0.04078812897205353,0.5038260817527771,0.5242201089859009,0.21075499057769775,0.20460905134677887,0.28541895747184753,0.27117079496383667
30,S3,LatCrit,local,local,0,local,local,0,0.4796719551086426,0.48861169815063477,0.008939743041992188,0.0021370258182287216,0.0548822283744812,0.4796719551086426,0.48861169815063477,0.20283477008342743,0.22133614122867584,0.3174932897090912,0.2900521755218506
30,S3,ComHvy,local,local,0,local,local,0,0.49395066499710083,0.5091216564178467,0.01517099142074585,0.0007160443929024041,0.0303419828414917,0.49395066499710083,0.5091216564178467,0.21949511766433716,0.20520544052124023,0.286554217338562,0.2856729030609131
30,S3,BWHvy,local,local,0,local,local,0,0.5264996290206909,0.5412572622299194,0.014757633209228516,0.0008941267151385546,0.036499738693237305,0.5264996290206909,0.5412572622299194,0.2636556625366211,0.24540582299232483,0.2098446786403656,0.21333694458007812
30,S4,LatCrit,local,local,0,local,BS1,1,0.6183288097381592,0.5801050662994385,-0.0382237434387207,0.00391794927418232,0.07644754648208618,0.6183288097381592,0.5801050662994385,0.18252065777778625,0.2151385247707367,0.19915050268173218,0.20475643873214722
30,S4,ComHvy,local,local,0,BS1,BS1,0,0.40680044889450073,0.42758268117904663,0.0207822322845459,0.0009008441120386124,0.0415644645690918,0.40680044889450073,0.42758268117904663,0.3491942286491394,0.33893778920173645,0.24400532245635986,0.23347952961921692
30,S4,BWHvy,local,local,0,local,local,0,0.42537999153137207,0.4008849859237671,-0.02449500560760498,0.0026863301172852516,0.0683424174785614,0.42537999153137207,0.4008849859237671,0.30655860900878906,0.34072983264923096,0.2680613696575165,0.25838518142700195
30,S5,LatCrit,local,local,0,local,local,0,0.4478195309638977,0.45992785692214966,0.012108325958251953,0.0004659648984670639,0.02457234263420105,0.4478195309638977,0.45992785692214966,0.2965505123138428,0.29672834277153015,0.2556299865245819,0.2433438003063202
30,S5,ComHvy,local,local,0,local,local,0,0.5897814035415649,0.6646618843078613,0.07488048076629639,0.01709362119436264,0.149760901927948,0.5897814035415649,0.6646618843078613,0.14569959044456482,0.1445568948984146,0.26451894640922546,0.19078122079372406
30,S5,BWHvy,local,local,0,local,local,0,0.5041561126708984,0.48810112476348877,-0.016054987907409668,0.001041274517774582,0.04157525300979614,0.5041561126708984,0.48810112476348877,0.28359460830688477,0.3043822646141052,0.2122492492198944,0.2075166404247284
30,S6,LatCrit,local,local,0,BS2,BS2,0,0.5711738467216492,0.5759668350219727,0.004792988300323486,0.00029175332747399807,0.016997024416923523,0.5711738467216492,0.5759668350219727,0.15171237289905548,0.1432138979434967,0.27711376547813416,0.2808193266391754
30,S6,ComHvy,local,local,0,local,local,0,0.524459719657898,0.5094116926193237,-0.015048027038574219,0.0005507131572812796,0.030096009373664856,0.524459719657898,0.5094116926193237,0.25700685381889343,0.27008137106895447,0.21853339672088623,0.22050686180591583
30,S6,BWHvy,local,local,0,local,local,0,0.5409883856773376,0.5006444454193115,-0.04034394025802612,0.009330511093139648,0.1261449009180069,0.5409883856773376,0.5006444454193115,0.17679248750209808,0.15406399965286255,0.2822191119194031,0.3452915847301483
30,S7,LatCrit,local,local,0,local,local,0,0.527212917804718,0.54384446144104,0.01663154363632202,0.000558188185095787,0.03326307237148285,0.527212917804718,0.54384446144104,0.1945478469133377,0.18830600380897522,0.27823925018310547,0.26784956455230713
30,S7,ComHvy,local,local,0,local,local,0,0.6141259074211121,0.5681817531585693,-0.045944154262542725,0.004544977098703384,0.09188836812973022,0.6141259074211121,0.5681817531585693,0.1352268010377884,0.14474301040172577,0.25064727663993835,0.2870752811431885
30,S7,BWHvy,local,local,0,local,local,0,0.5207973122596741,0.5349832773208618,0.014185965061187744,0.0028126779943704605,0.062434837222099304,0.5207973122596741,0.5349832773208618,0.2683870494365692,0.23716960847377777,0.2108156681060791,0.22784709930419922
30,S8,LatCrit,local,local,0,local,local,0,0.5174208879470825,0.525920033454895,0.0084991455078125,0.0012671323493123055,0.040949344635009766,0.5174208879470825,0.525920033454895,0.24511519074440002,0.22464053332805634,0.23746392130851746,0.24943946301937103
30,S8,ComHvy,local,local,0,local,local,0,0.5551807284355164,0.5773122310638428,0.022131502628326416,0.0009996183216571808,0.04426300525665283,0.5551807284355164,0.5773122310638428,0.2293083220720291,0.21764640510082245,0.21551094949245453,0.20504136383533478
30,S8,BWHvy,local,local,0,local,local,0,0.48677992820739746,0.5084933042526245,0.02171337604522705,0.0010650958865880966,0.043426766991615295,0.48677992820739746,0.5084933042526245,0.24957261979579926,0.2336590588092804,0.2636474668979645,0.2578476369380951
31,S1,LatCrit,local,local,0,local,local,0,0.5186794400215149,0.5214014053344727,0.0027219653129577637,0.0014591868966817856,0.0398196280002594,0.5186794400215149,0.5214014053344727,0.23633596301078796,0.2535237967967987,0.24498462677001953,0.22507479786872864
31,S1,ComHvy,local,local,0,local,local,0,0.604156494140625,0.5961716175079346,-0.00798487663269043,0.0003666616976261139,0.020378246903419495,0.604156494140625,0.5961716175079346,0.2312145084142685,0.22901026904582977,0.1646289974451065,0.17481812834739685
31,S1,BWHvy,local,local,0,local,local,0,0.41552549600601196,0.42823320627212524,0.012707710266113281,0.0006133171264082193,0.03284463286399841,0.41552549600601196,0.42823320627212524,0.353809654712677,0.337387353181839,0.23066484928131104,0.23437947034835815
31,S2,LatCrit,local,local,0,local,local,0,0.5623804330825806,0.5355848073959351,-0.026795625686645508,0.001506030559539795,0.053591251373291016,0.5623804330825806,0.5355848073959351,0.2042560577392578,0.21298429369926453,0.23336350917816162,0.2514308989048004
31,S2,ComHvy,local,local,0,local,local,0,0.5530017018318176,0.5738584995269775,0.020856797695159912,0.0008860062807798386,0.04171355068683624,0.5530017018318176,0.5738584995269775,0.21590206027030945,0.205670565366745,0.23109623789787292,0.22047097980976105
31,S2,BWHvy,local,local,0,local,local,0,0.5398855805397034,0.5396817922592163,-0.00020378828048706055,6.406940519809723e-05,0.007805347442626953,0.5398855805397034,0.5396817922592163,0.25868111848831177,0.25498223304748535,0.20143331587314606,0.20533598959445953
31,S3,LatCrit,local,local,0,local,local,0,0.4314166307449341,0.45363283157348633,0.022216200828552246,0.0012119356542825699,0.044432371854782104,0.4314166307449341,0.45363283157348633,0.3250655233860016,0.3049423396587372,0.24351781606674194,0.2414248287677765
31,S3,ComHvy,local,local,0,local,local,0,0.4773227572441101,0.4752289652824402,-0.002093791961669922,0.0011504776775836945,0.03674253821372986,0.4773227572441101,0.4752289652824402,0.26074445247650146,0.24446699023246765,0.26193276047706604,0.28030404448509216
31,S3,BWHvy,local,local,0,local,local,0,0.5276302695274353,0.5253040194511414,-0.0023262500762939453,0.00022538192570209503,0.016773179173469543,0.5276302695274353,0.5253040194511414,0.2038160264492035,0.19775567948818207,0.2685537040233612,0.2769402861595154
31,S4,LatCrit,local,local,0,local,BS2,1,0.5698096752166748,0.5677093863487244,-0.0021002888679504395,0.0006252964958548546,0.024719074368476868,0.5698096752166748,0.5677093863487244,0.1573936939239502,0.1471344381570816,0.272796630859375,0.28515616059303284
31,S4,ComHvy,local,local,0,local,local,0,0.4394063949584961,0.46727293729782104,0.02786654233932495,0.0016148444265127182,0.055733129382133484,0.4394063949584961,0.46727293729782104,0.35416942834854126,0.3331114947795868,0.20642420649528503,0.19961555302143097
31,S4,BWHvy,local,local,0,BS1,BS1,0,0.559545636177063,0.5509855151176453,-0.008560121059417725,0.0002524452283978462,0.017120331525802612,0.559545636177063,0.5509855151176453,0.27067145705223083,0.27116191387176514,0.1697828471660614,0.177852600812912
31,S5,LatCrit,local,local,0,local,local,0,0.44521600008010864,0.466633677482605,0.021417677402496338,0.0012219473719596863,0.042835354804992676,0.44521600008010864,0.466633677482605,0.25353696942329407,0.2524769604206085,0.3012470304965973,0.2808893620967865
31,S5,ComHvy,local,local,0,local,local,0,0.566787838935852,0.5506839156150818,-0.016103923320770264,0.001278723357245326,0.03933526575565338,0.566787838935852,0.5506839156150818,0.17650936543941498,0.19617700576782227,0.25670281052589417,0.25313910841941833
31,S5,BWHvy,local,local,0,local,local,0,0.5196732878684998,0.5318059921264648,0.012132704257965088,0.0008237897418439388,0.032756879925727844,0.5196732878684998,0.5318059921264648,0.2171909064054489,0.20081248879432678,0.26313579082489014,0.26738154888153076
31,S6,LatCrit,local,local,0,local,local,0,0.5614506006240845,0.5918610095977783,0.030410408973693848,0.002492513507604599,0.060820817947387695,0.5614506006240845,0.5918610095977783,0.20566323399543762,0.20199796557426453,0.2328861802816391,0.20614103972911835
31,S6,ComHvy,local,local,0,local,local,0,0.44477593898773193,0.42517876625061035,-0.019597172737121582,0.0014733141288161278,0.049374401569366455,0.44477593898773193,0.42517876625061035,0.29524898529052734,0.31993618607521057,0.2599750757217407,0.2548850476741791
31,S6,BWHvy,local,local,0,BS2,BS2,0,0.4836995005607605,0.4784574508666992,-0.005242049694061279,0.0004579927772283554,0.026355206966400146,0.4836995005607605,0.4784574508666992,0.20989063382148743,0.20195508003234863,0.3064098656177521,0.31958746910095215
31,S7,LatCrit,local,local,0,local,local,0,0.5515706539154053,0.5706098079681396,0.019039154052734375,0.001157138729467988,0.03839053213596344,0.5515706539154053,0.5706098079681396,0.2333163321018219,0.2141210287809372,0.21511304378509521,0.21526911854743958
31,S7,ComHvy,local,local,0,local,local,0,0.5707522630691528,0.5364574193954468,-0.034294843673706055,0.002469133585691452,0.06858965754508972,0.5707522630691528,0.5364574193954468,0.18510058522224426,0.19508536159992218,0.2441471666097641,0.26845720410346985
31,S7,BWHvy,local,local,0,local,local,0,0.4680628180503845,0.4709938168525696,0.0029309988021850586,0.0001535392366349697,0.015096038579940796,0.4680628180503845,0.4709938168525696,0.24677503108978271,0.25139203667640686,0.28516215085983276,0.27761411666870117
31,S8,LatCrit,local,local,0,local,local,0,0.43208467960357666,0.45419245958328247,0.02210777997970581,0.00221066502854228,0.05711741745471954,0.43208467960357666,0.45419245958328247,0.27511295676231384,0.24655424058437347,0.2928023636341095,0.29925328493118286
31,S8,ComHvy,local,local,0,BS1,BS1,0,0.4940134882926941,0.46655547618865967,-0.027458012104034424,0.0015187468379735947,0.054915979504585266,0.4940134882926941,0.46655547618865967,0.2259611040353775,0.236826092004776,0.280025452375412,0.29661843180656433
31,S8,BWHvy,local,local,0,local,local,0,0.5218597054481506,0.5587591528892517,0.036899447441101074,0.003359102178364992,0.07379889488220215,0.5218597054481506,0.5587591528892517,0.2569468915462494,0.2259705811738968,0.22119340300559998,0.2152702659368515
32,S1,LatCrit,local,local,0,local,local,0,0.5523018836975098,0.5723744034767151,0.020072519779205322,0.0008859578520059586,0.04014505445957184,0.5523018836975098,0.5723744034767151,0.2548397183418274,0.24704104661941528,0.19285841286182404,0.18058454990386963
32,S1,ComHvy,local,local,0,local,local,0,0.5841166973114014,0.570321798324585,-0.013794898986816406,0.0007379595190286636,0.031752198934555054,0.5841166973114014,0.570321798324585,0.2138996720314026,0.22977572679519653,0.20198367536067963,0.19990243017673492
32,S1,BWHvy,local,local,0,local,local,0,0.4050796627998352,0.4246479868888855,0.019568324089050293,0.0007881363853812218,0.0391366183757782,0.4050796627998352,0.4246479868888855,0.321199893951416,0.31007784605026245,0.2737204134464264,0.26527416706085205
32,S2,LatCrit,local,local,0,local,local,0,0.5605677962303162,0.5557276010513306,-0.004840195178985596,5.1797134801745415e-05,0.009680375456809998,0.5605677962303162,0.5557276010513306,0.18589109182357788,0.18696527183055878,0.25354111194610596,0.25730711221694946
32,S2,ComHvy,local,local,0,local,local,0,0.4693654179573059,0.4424261450767517,-0.0269392728805542,0.0015720594674348831,0.05387848615646362,0.4693654179573059,0.4424261450767517,0.30096882581710815,0.31070584058761597,0.22966577112674713,0.24686796963214874
32,S2,BWHvy,local,local,0,local,local,0,0.47866207361221313,0.46809709072113037,-0.010564982891082764,0.0009425710886716843,0.039017871022224426,0.47866207361221313,0.46809709072113037,0.24438528716564178,0.23544132709503174,0.2769526243209839,0.2964615523815155
32,S3,LatCrit,local,local,0,local,local,0,0.45778530836105347,0.44842761754989624,-0.009357690811157227,0.00017922604456543922,0.018715381622314453,0.45778530836105347,0.44842761754989624,0.22747083008289337,0.23058371245861053,0.31474387645721436,0.3209886848926544
32,S3,ComHvy,local,local,0,local,BS2,1,0.4791039228439331,0.4519232511520386,-0.02718067169189453,0.0015343744307756424,0.05436140298843384,0.4791039228439331,0.4519232511520386,0.2561092674732208,0.2657713294029236,0.2647867798805237,0.28230544924736023
32,S3,BWHvy,local,local,0,local,local,0,0.47142475843429565,0.4777163863182068,0.006291627883911133,0.00027338298968970776,0.020173683762550354,0.47142475843429565,0.4777163863182068,0.2539518177509308,0.243864968419075,0.27462342381477356,0.278418630361557
32,S4,LatCrit,local,local,0,local,local,0,0.5437461137771606,0.4929024577140808,-0.050843656063079834,0.005180260166525841,0.10168728232383728,0.5437461137771606,0.4929024577140808,0.2539921700954437,0.28110459446907043,0.20226174592971802,0.22599294781684875
32,S4,ComHvy,local,local,0,local,local,0,0.4795253276824951,0.4935188293457031,0.013993501663208008,0.00041658757254481316,0.027986988425254822,0.4795253276824951,0.4935188293457031,0.33394932746887207,0.327335923910141,0.18652532994747162,0.17914524674415588
32,S4,BWHvy,local,local,0,local,local,0,0.5101863145828247,0.5055444836616516,-0.004641830921173096,0.00029522553086280823,0.01964782178401947,0.5101863145828247,0.5055444836616516,0.20707917213439941,0.21690307557582855,0.2827345132827759,0.27755242586135864
32,S5,LatCrit,local,local,0,BS1,BS1,0,0.44875919818878174,0.49140286445617676,0.04264366626739502,0.003910144791007042,0.08528736233711243,0.44875919818878174,0.49140286445617676,0.2864168584346771,0.2721167504787445,0.26482394337654114,0.23648035526275635
32,S5,ComHvy,local,local,0,local,local,0,0.5233060717582703,0.5411626696586609,0.017856597900390625,0.002396419644355774,0.05993294715881348,0.5233060717582703,0.5411626696586609,0.19917409121990204,0.21128396689891815,0.2775198519229889,0.24755337834358215
32,S5,BWHvy,local,local,0,local,local,0,0.5214529037475586,0.5306026935577393,0.009149789810180664,0.0026574432849884033,0.057678475975990295,0.5214529037475586,0.5306026935577393,0.2566254138946533,0.22778615355491638,0.22192171216011047,0.24161113798618317
32,S6,LatCrit,local,local,0,local,local,0,0.5698117017745972,0.5734115839004517,0.003599882125854492,0.0002944590523838997,0.019101306796073914,0.5698117017745972,0.5734115839004517,0.1791212260723114,0.18507197499275208,0.2510671019554138,0.24151642620563507
32,S6,ComHvy,local,local,0,local,local,0,0.4963504672050476,0.4784201979637146,-0.017930269241333008,0.0012642142828553915,0.04096968472003937,0.4963504672050476,0.4784201979637146,0.21426376700401306,0.23474861681461334,0.28938576579093933,0.28683120012283325
32,S6,BWHvy,local,BS2,1,local,local,0,0.39805734157562256,0.4074685871601105,0.009411245584487915,0.005389094352722168,0.09147694706916809,0.39805734157562256,0.38542550802230835,0.24021252989768982,0.2071058750152588,0.3617301285266876,0.4074685871601105
32,S7,LatCrit,local,local,0,local,local,0,0.5758774280548096,0.5898679494857788,0.013990521430969238,0.00041377730667591095,0.027981102466583252,0.5758774280548096,0.5898679494857788,0.1558111160993576,0.15206794440746307,0.2683115005493164,0.2580640912055969
32,S7,ComHvy,local,local,0,local,local,0,0.5174779891967773,0.4698495864868164,-0.04762840270996094,0.006640158593654633,0.10315297544002533,0.5174779891967773,0.4698495864868164,0.20457687973976135,0.20062877237796783,0.2779451608657837,0.32952162623405457
32,S7,BWHvy,local,local,0,local,local,0,0.5278011560440063,0.5257406234741211,-0.002060532569885254,5.6949444115161896e-05,0.008975356817245483,0.5278011560440063,0.5257406234741211,0.2199549525976181,0.2175278216600418,0.25224384665489197,0.2567315399646759
32,S8,LatCrit,local,local,0,local,local,0,0.4749884009361267,0.49018508195877075,0.015196681022644043,0.0015813354402780533,0.050490304827690125,0.4749884009361267,0.49018508195877075,0.3001556992530823,0.2749105393886566,0.2248559445142746,0.23490440845489502
32,S8,ComHvy,local,local,0,local,local,0,0.5025084614753723,0.4989440441131592,-0.0035644173622131348,0.0003012274391949177,0.020234838128089905,0.5025084614753723,0.4989440441131592,0.24808986485004425,0.2582072615623474,0.24940168857574463,0.24284866452217102
32,S8,BWHvy,local,local,0,local,local,0,0.5489038228988647,0.5681130290031433,0.019209206104278564,0.0008276039734482765,0.03841841220855713,0.5489038228988647,0.5681130290031433,0.25182101130485535,0.23710104823112488,0.1992751657962799,0.1947859227657318
33,S1,LatCrit,local,local,0,local,local,0,0.5624201893806458,0.5679295063018799,0.005509316921234131,9.004521416500211e-05,0.011018604040145874,0.5624201893806458,0.5679295063018799,0.21797823905944824,0.21277789771556854,0.219601571559906,0.21929262578487396
33,S1,ComHvy,local,local,0,local,local,0,0.6438524723052979,0.6421871781349182,-0.0016652941703796387,0.0007581356912851334,0.0247584730386734,0.6438524723052979,0.6421871781349182,0.20305714011192322,0.2154363989830017,0.15309034287929535,0.14237642288208008
33,S1,BWHvy,local,local,0,local,local,0,0.4492042660713196,0.4694012999534607,0.020197033882141113,0.0015849343035370111,0.048236072063446045,0.4492042660713196,0.4694012999534607,0.2767498791217804,0.2526318430900574,0.2740458548069,0.27796685695648193
33,S2,LatCrit,local,local,0,local,local,0,0.4681381583213806,0.4508666396141052,-0.01727151870727539,0.0011877696961164474,0.042892009019851685,0.4681381583213806,0.4508666396141052,0.26342278718948364,0.2848687767982483,0.26843908429145813,0.2642645835876465
33,S2,ComHvy,local,local,0,local,local,0,0.5106793642044067,0.5092871189117432,-0.0013922452926635742,0.0008375486359000206,0.0300121009349823,0.5106793642044067,0.5092871189117432,0.24929358065128326,0.2642996311187744,0.24002705514431,0.22641324996948242
33,S2,BWHvy,local,local,0,local,local,0,0.4852283000946045,0.46097105741500854,-0.024257242679595947,0.001582203432917595,0.048514485359191895,0.4852283000946045,0.46097105741500854,0.2707676291465759,0.27289751172065735,0.24400407075881958,0.2661314308643341
33,S3,LatCrit,local,local,0,BS1,BS1,0,0.4379018545150757,0.44522392749786377,0.007322072982788086,0.0001203073188662529,0.014644205570220947,0.4379018545150757,0.44522392749786377,0.24307669699192047,0.24167568981647491,0.3190214931964874,0.3131003677845001
33,S3,ComHvy,local,local,0,local,local,0,0.43634676933288574,0.40402525663375854,-0.0323215126991272,0.002992156893014908,0.06962774693965912,0.43634676933288574,0.40402525663375854,0.23417465388774872,0.23168230056762695,0.32947856187820435,0.3642924427986145
33,S3,BWHvy,local,local,0,local,local,0,0.4743041396141052,0.4598737955093384,-0.014430344104766846,0.0008049197494983673,0.034732818603515625,0.4743041396141052,0.4598737955093384,0.2702074348926544,0.26727136969566345,0.25548842549324036,0.27285483479499817
33,S4,LatCrit,local,local,0,local,local,0,0.5141618251800537,0.5109597444534302,-0.003202080726623535,0.001966552808880806,0.04688963294029236,0.5141618251800537,0.5109597444534302,0.2410433143377304,0.22080059349536896,0.24479487538337708,0.26823970675468445
33,S4,ComHvy,local,local,0,BS1,local,1,0.44567686319351196,0.4715462923049927,0.025869429111480713,0.0013993550091981888,0.051738858222961426,0.44567686319351196,0.4715462923049927,0.3560529053211212,0.3429393172264099,0.19827023148536682,0.1855143904685974
33,S4,BWHvy,local,local,0,local,local,0,0.601073682308197,0.588514506816864,-0.012559175491333008,0.0003341301344335079,0.025118336081504822,0.601073682308197,0.588514506816864,0.17454609274864197,0.18128517270088196,0.224380224943161,0.23020030558109283
33,S5,LatCrit,local,local,0,local,local,0,0.5025455951690674,0.5145883560180664,0.012042760848999023,0.00045759137719869614,0.024179652333259583,0.5025455951690674,0.5145883560180664,0.2577483654022217,0.25779539346694946,0.23970608413219452,0.22761622071266174
33,S5,ComHvy,local,local,0,local,local,0,0.48932379484176636,0.4767388105392456,-0.012584984302520752,0.0007325783371925354,0.03397783637046814,0.48932379484176636,0.4767388105392456,0.24885675311088562,0.2444528043270111,0.2618194818496704,0.2788083851337433
33,S5,BWHvy,local,local,0,local,local,0,0.4937467575073242,0.5029453039169312,0.009198546409606934,0.0010814350098371506,0.03919583559036255,0.4937467575073242,0.5029453039169312,0.25777435302734375,0.23817643523216248,0.24847888946533203,0.25887826085090637
33,S6,LatCrit,local,local,0,local,local,0,0.5422182083129883,0.5499781370162964,0.0077599287033081055,0.0001587914302945137,0.015519872307777405,0.5422182083129883,0.5499781370162964,0.1903044879436493,0.18991167843341827,0.2674773037433624,0.26011016964912415
33,S6,ComHvy,local,local,0,local,local,0,0.47002243995666504,0.47038573026657104,0.00036329030990600586,0.00043627433478832245,0.021792680025100708,0.47002243995666504,0.47038573026657104,0.23301471769809723,0.24354775249958038,0.2969628572463989,0.2860665023326874
33,S6,BWHvy,local,local,0,local,local,0,0.45357924699783325,0.46636539697647095,0.012786149978637695,0.0004934731405228376,0.025572314858436584,0.45357924699783325,0.46636539697647095,0.21966232359409332,0.2081218659877777,0.326758474111557,0.32551276683807373
33,S7,LatCrit,local,local,0,local,local,0,0.508724570274353,0.5019016265869141,-0.006822943687438965,0.00010074768215417862,0.01364588737487793,0.508724570274353,0.5019016265869141,0.25704190135002136,0.25922179222106934,0.23423351347446442,0.2388765662908554
33,S7,ComHvy,local,local,0,local,local,0,0.5799474716186523,0.5819306373596191,0.001983165740966797,8.834735490381718e-05,0.009999200701713562,0.5799474716186523,0.5819306373596191,0.19590820372104645,0.19090861082077026,0.22414430975914001,0.2271607518196106
33,S7,BWHvy,local,local,0,local,local,0,0.4044313430786133,0.39277154207229614,-0.011659801006317139,0.0009443517774343491,0.03852894902229309,0.4044313430786133,0.39277154207229614,0.3379288613796234,0.3303242325782776,0.25763973593711853,0.27690425515174866
33,S8,LatCrit,local,local,0,BS1,BS1,0,0.4424486756324768,0.46217429637908936,0.01972562074661255,0.0009482093155384064,0.039451271295547485,0.4424486756324768,0.46217429637908936,0.27419722080230713,0.27101242542266846,0.28335410356521606,0.2668132483959198
33,S8,ComHvy,local,local,0,local,local,0,0.5211918354034424,0.49416178464889526,-0.02703005075454712,0.0020671251695603132,0.0562954843044281,0.5211918354034424,0.49416178464889526,0.2774953246116638,0.3056430518627167,0.201312854886055,0.20019514858722687
33,S8,BWHvy,local,local,0,local,local,0,0.446908175945282,0.44827353954315186,0.001365363597869873,8.470145985484123e-06,0.0035464465618133545,0.446908175945282,0.44827353954315186,0.29532957077026367,0.2957374155521393,0.25776228308677673,0.25598904490470886
34,S1,LatCrit,local,local,0,local,local,0,0.5431841611862183,0.5312085151672363,-0.011975646018981934,0.0006427792832255363,0.03080601990222931,0.5431841611862183,0.5312085151672363,0.22087104618549347,0.21744367480278015,0.23594480752944946,0.2513478100299835
34,S1,ComHvy,local,local,0,local,local,0,0.4921569228172302,0.5162497758865356,0.02409285306930542,0.0011661387979984283,0.048185646533966064,0.4921569228172302,0.5162497758865356,0.2235792726278305,0.21192540228366852,0.2842637896537781,0.2718248665332794
34,S1,BWHvy,local,local,0,BS1,BS1,0,0.42682260274887085,0.3971043825149536,-0.029718220233917236,0.00199173204600811,0.05943647027015686,0.42682260274887085,0.3971043825149536,0.2444382905960083,0.2500470280647278,0.32873907685279846,0.3528485894203186
34,S2,LatCrit,local,local,0,local,local,0,0.4975297451019287,0.48481565713882446,-0.012714087963104248,0.0008750241249799728,0.036970630288124084,0.4975297451019287,0.48481565713882446,0.25403088331222534,0.2725161910057068,0.24843937158584595,0.24266813695430756
34,S2,ComHvy,local,local,0,local,BS2,1,0.4746478796005249,0.4271341562271118,-0.047513723373413086,0.005260176956653595,0.09502743184566498,0.4746478796005249,0.4271341562271118,0.21101835370063782,0.21588869392871857,0.3143337666988373,0.3569771349430084
34,S2,BWHvy,local,local,0,local,local,0,0.4603012204170227,0.47996312379837036,0.019661903381347656,0.0007928968407213688,0.039323821663856506,0.4603012204170227,0.47996312379837036,0.2837808132171631,0.2713499069213867,0.2559179663658142,0.24868695437908173
34,S3,LatCrit,local,local,0,local,local,0,0.5410672426223755,0.5255429744720459,-0.01552426815032959,0.0006117383018136024,0.031048521399497986,0.5410672426223755,0.5255429744720459,0.18854321539402008,0.18942758440971375,0.27038952708244324,0.28502941131591797
34,S3,ComHvy,local,local,0,local,local,0,0.4509813189506531,0.44959211349487305,-0.0013892054557800293,3.978097811341286e-05,0.007779836654663086,0.4509813189506531,0.44959211349487305,0.24931800365447998,0.24681729078292847,0.29970064759254456,0.3035905659198761
34,S3,BWHvy,local,local,0,local,local,0,0.49685853719711304,0.47651731967926025,-0.020341217517852783,0.0016114874742925167,0.0514373779296875,0.49685853719711304,0.47651731967926025,0.2788342535495758,0.30455294251441956,0.22430719435214996,0.218929722905159
34,S4,LatCrit,local,local,0,local,local,0,0.4453153610229492,0.4743243455886841,0.029008984565734863,0.0018193386495113373,0.05801796913146973,0.4453153610229492,0.4743243455886841,0.2612963020801544,0.25326159596443176,0.29338836669921875,0.27241408824920654
34,S4,ComHvy,local,local,0,local,local,0,0.4998742938041687,0.48879075050354004,-0.011083543300628662,0.0003315247595310211,0.022167086601257324,0.4998742938041687,0.48879075050354004,0.26056602597236633,0.2616080939769745,0.23955968022346497,0.24960115551948547
34,S4,BWHvy,local,local,0,local,local,0,0.5378495454788208,0.5430803298950195,0.0052307844161987305,7.194699719548225e-05,0.010461688041687012,0.5378495454788208,0.5430803298950195,0.1760452687740326,0.17594429850578308,0.2861052453517914,0.2809753119945526
34,S5,LatCrit,local,local,0,local,local,0,0.5616483688354492,0.5580841302871704,-0.0035642385482788086,2.603628672659397e-05,0.007128402590751648,0.5616483688354492,0.5580841302871704,0.2690637409687042,0.271049439907074,0.16928790509700775,0.17086637020111084
34,S5,ComHvy,local,local,0,local,local,0,0.4798896312713623,0.48999685049057007,0.010107219219207764,0.0002088090404868126,0.02021445333957672,0.4798896312713623,0.48999685049057007,0.2735598683357239,0.26928654313087463,0.246550515294075,0.2407166063785553
34,S5,BWHvy,local,local,0,local,local,0,0.5132447481155396,0.516719400882721,0.0034746527671813965,0.0004913918673992157,0.02467493712902069,0.5132447481155396,0.516719400882721,0.24113644659519196,0.2499992400407791,0.24561884999275208,0.23328135907649994
34,S6,LatCrit,local,local,0,BS2,BS2,0,0.5522288084030151,0.5757677555084229,0.023538947105407715,0.003053917083889246,0.05587895214557648,0.5522288084030151,0.5757677555084229,0.17309798300266266,0.1451585292816162,0.274673193693161,0.2790737450122833
34,S6,ComHvy,local,local,0,local,BS2,1,0.5364298820495605,0.5217267870903015,-0.014703094959259033,0.0004593026824295521,0.029406219720840454,0.5364298820495605,0.5217267870903015,0.20105117559432983,0.2099255621433258,0.2625189423561096,0.26834768056869507
34,S6,BWHvy,local,local,0,local,local,0,0.5204350352287292,0.521517276763916,0.0010822415351867676,0.0002500787377357483,0.016498059034347534,0.5204350352287292,0.521517276763916,0.20489932596683502,0.21206609904766083,0.2746656537055969,0.26641660928726196
34,S7,LatCrit,local,local,0,local,local,0,0.5116811990737915,0.49471229314804077,-0.016968905925750732,0.001641138456761837,0.05034962296485901,0.5116811990737915,0.49471229314804077,0.24482901394367218,0.2700038254261017,0.24348977208137512,0.23528386652469635
34,S7,ComHvy,local,local,0,local,local,0,0.49506598711013794,0.5394773483276367,0.04441136121749878,0.003960940986871719,0.08882272243499756,0.49506598711013794,0.5394773483276367,0.1913262903690338,0.17547324299812317,0.31360769271850586,0.2850493788719177
34,S7,BWHvy,local,local,0,local,local,0,0.4272884726524353,0.4238598346710205,-0.003428637981414795,0.0004211822524666786,0.02497999370098114,0.4272884726524353,0.4238598346710205,0.35048708319664,0.3629770576953888,0.22222447395324707,0.2131630927324295
34,S8,LatCrit,local,local,0,local,local,0,0.5134956240653992,0.541912317276001,0.028416693210601807,0.0033347143325954676,0.0628829151391983,0.5134956240653992,0.541912317276001,0.21434810757637024,0.1829066425561905,0.2721562683582306,0.27518102526664734
34,S8,ComHvy,local,local,0,local,local,0,0.5002133846282959,0.5173792839050293,0.0171658992767334,0.0006189625710248947,0.03433181345462799,0.5002133846282959,0.5173792839050293,0.3091091811656952,0.2959521412849426,0.19067740440368652,0.1866685301065445
34,S8,BWHvy,local,local,0,local,local,0,0.3949856758117676,0.370339572429657,-0.024646103382110596,0.0013135680928826332,0.04929220676422119,0.3949856758117676,0.370339572429657,0.2688201069831848,0.2824605405330658,0.33619424700737,0.3471999168395996
35,S1,LatCrit,local,local,0,local,local,0,0.5670449733734131,0.5569735765457153,-0.010071396827697754,0.00040630996227264404,0.024862870573997498,0.5670449733734131,0.5569735765457153,0.1840636134147644,0.1817035675048828,0.2488914281129837,0.26132285594940186
35,S1,ComHvy,local,local,0,local,local,0,0.5636738538742065,0.5822163820266724,0.01854252815246582,0.0012101922184228897,0.04027639329433441,0.5636738538742065,0.5822163820266724,0.19882430136203766,0.20041993260383606,0.23750188946723938,0.2173636555671692
35,S1,BWHvy,local,local,0,local,local,0,0.41697800159454346,0.4034160375595093,-0.01356196403503418,0.003954779356718063,0.07948511838912964,0.41697800159454346,0.4034160375595093,0.2891632318496704,0.26298263669013977,0.29385876655578613,0.33360132575035095
35,S2,LatCrit,local,local,0,local,local,0,0.6064116954803467,0.5677044987678528,-0.038707196712493896,0.003120279870927334,0.07741440832614899,0.6064116954803467,0.5677044987678528,0.19963489472866058,0.222450390458107,0.19395339488983154,0.20984511077404022
35,S2,ComHvy,local,local,0,BS2,BS2,0,0.4452306032180786,0.42050784826278687,-0.024722754955291748,0.0014585331082344055,0.049445509910583496,0.4452306032180786,0.42050784826278687,0.23078736662864685,0.2332286834716797,0.32398203015327454,0.34626346826553345
35,S2,BWHvy,local,local,0,local,local,0,0.47707444429397583,0.47917401790618896,0.0020995736122131348,9.971344843506813e-05,0.012056872248649597,0.47707444429397583,0.47917401790618896,0.20847512781620026,0.21240398287773132,0.3144504427909851,0.3084219992160797
35,S3,LatCrit,local,local,0,local,local,0,0.524403989315033,0.5278927087783813,0.0034887194633483887,0.0001927078701555729,0.01579815149307251,0.524403989315033,0.5278927087783813,0.22338905930519104,0.21548998355865479,0.252206951379776,0.25661730766296387
35,S3,ComHvy,local,local,0,local,local,0,0.5349572896957397,0.5255218148231506,-0.009435474872589111,0.000710316002368927,0.03303633630275726,0.5349572896957397,0.5255218148231506,0.2029186487197876,0.19583596289157867,0.26212403178215027,0.2786422073841095
35,S3,BWHvy,local,local,0,local,local,0,0.4560590386390686,0.4488068222999573,-0.007252216339111328,0.004071904346346855,0.07309927046298981,0.4560590386390686,0.4488068222999573,0.24652056396007538,0.2830702066421509,0.2974203824996948,0.26812297105789185
35,S4,LatCrit,local,local,0,local,local,0,0.45362579822540283,0.44803082942962646,-0.005594968795776367,0.00022064987570047379,0.018467187881469727,0.45362579822540283,0.44803082942962646,0.290877103805542,0.2872384786605835,0.2554970979690552,0.26473069190979004
35,S4,ComHvy,local,local,0,BS2,BS2,0,0.4820117950439453,0.4875485301017761,0.0055367350578308105,0.000996498391032219,0.03702966868877411,0.4820117950439453,0.4875485301017761,0.30868372321128845,0.2901688814163208,0.20930451154708862,0.22228260338306427
35,S4,BWHvy,local,local,0,local,local,0,0.48210465908050537,0.47014880180358887,-0.011955857276916504,0.0007031336426734924,0.03408174216747284,0.48210465908050537,0.47014880180358887,0.23706139624118805,0.23197636008262634,0.2808339595794678,0.2978748083114624
35,S5,LatCrit,local,local,0,local,local,0,0.5596683025360107,0.5761667490005493,0.016498446464538574,0.0011408515274524689,0.03957889974117279,0.5596683025360107,0.5761667490005493,0.20351934432983398,0.2068103402853012,0.23681238293647766,0.21702292561531067
35,S5,ComHvy,local,local,0,local,local,0,0.5109630227088928,0.5248161554336548,0.013853132724761963,0.0006987210363149643,0.03148409724235535,0.5109630227088928,0.5248161554336548,0.23390793800354004,0.23579680919647217,0.2551290690898895,0.23938697576522827
35,S5,BWHvy,local,local,0,local,local,0,0.5150260925292969,0.5146403908729553,-0.00038570165634155273,8.352939039468765e-05,0.009380176663398743,0.5150260925292969,0.5146403908729553,0.2464149445295334,0.25110504031181335,0.23855896294116974,0.23425458371639252
35,S6,LatCrit,local,local,0,local,local,0,0.5141720771789551,0.533974289894104,0.019802212715148926,0.0008623655885457993,0.03960438072681427,0.5141720771789551,0.533974289894104,0.15041832625865936,0.14050063490867615,0.33540958166122437,0.32552510499954224
35,S6,ComHvy,local,local,0,local,local,0,0.5405479669570923,0.5151997208595276,-0.025348246097564697,0.0013086004182696342,0.05069643259048462,0.5405479669570923,0.5151997208595276,0.16126395761966705,0.17234711349010468,0.29818812012672424,0.31245315074920654
35,S6,BWHvy,local,local,0,BS2,BS2,0,0.4587641954421997,0.45752811431884766,-0.0012360811233520508,0.0004566796123981476,0.02245102822780609,0.4587641954421997,0.45752811431884766,0.18325795233249664,0.17326852679252625,0.35797783732414246,0.3692033588886261
35,S7,LatCrit,local,local,0,local,local,0,0.4721806049346924,0.4512864947319031,-0.020894110202789307,0.0033244555816054344,0.06940443813800812,0.4721806049346924,0.4512864947319031,0.21474313735961914,0.2494453638792038,0.3130762279033661,0.29926812648773193
35,S7,ComHvy,local,local,0,local,local,0,0.5212889313697815,0.5262354612350464,0.004946529865264893,0.0006752591580152512,0.028267070651054382,0.5212889313697815,0.5262354612350464,0.2098388373851776,0.19570530951023102,0.2688722312450409,0.2780592441558838
35,S7,BWHvy,local,local,0,local,local,0,0.481070876121521,0.451063334941864,-0.030007541179656982,0.0018357029184699059,0.06001511216163635,0.481070876121521,0.451063334941864,0.29259851574897766,0.3069283664226532,0.22633059322834015,0.24200831353664398
35,S8,LatCrit,local,local,0,local,local,0,0.4683602452278137,0.48223328590393066,0.013873040676116943,0.0012083826586604118,0.03812527656555176,0.4683602452278137,0.48223328590393066,0.20078662037849426,0.18172398209571838,0.330853134393692,0.33604273200035095
35,S8,ComHvy,local,local,0,local,local,0,0.5398196578025818,0.5299568176269531,-0.009862840175628662,0.000594159122556448,0.030304431915283203,0.5398196578025818,0.5299568176269531,0.25462475419044495,0.26977697014808655,0.20555558800697327,0.20026621222496033
35,S8,BWHvy,local,local,0,local,local,0,0.4282735586166382,0.43014413118362427,0.001870572566986084,0.0014156866818666458,0.041974782943725586,0.4282735586166382,0.43014413118362427,0.3032052218914032,0.282217800617218,0.268521249294281,0.2876380383968353
36,S1,LatCrit,local,local,0,BS1,BS1,0,0.5148444771766663,0.5262146592140198,0.011370182037353516,0.00025909440591931343,0.022740378975868225,0.5148444771766663,0.5262146592140198,0.21703565120697021,0.21202753484249115,0.2681198716163635,0.2617577910423279
36,S1,ComHvy,local,local,0,local,local,0,0.4658582806587219,0.47706568241119385,0.011207401752471924,0.000308147631585598,0.02241484820842743,0.4658582806587219,0.47706568241119385,0.2347552627325058,0.23359820246696472,0.29938647150993347,0.28933608531951904
36,S1,BWHvy,local,local,0,local,local,0,0.5194617509841919,0.5069034099578857,-0.012558341026306152,0.0005249166861176491,0.027743354439735413,0.5194617509841919,0.5069034099578857,0.2274988889694214,0.22618557512760162,0.2530393600463867,0.2669110596179962
36,S2,LatCrit,local,local,0,local,local,0,0.5224980711936951,0.5094627141952515,-0.013035356998443604,0.000380147248506546,0.026070713996887207,0.5224980711936951,0.5094627141952515,0.2189236432313919,0.2217373102903366,0.25857827067375183,0.26879996061325073
36,S2,ComHvy,local,local,0,local,local,0,0.4645951986312866,0.4255863428115845,-0.03900885581970215,0.0039184726774692535,0.0780177116394043,0.4645951986312866,0.4255863428115845,0.22437208890914917,0.2250712811946869,0.3110327124595642,0.34934237599372864
36,S2,BWHvy,local,local,0,local,local,0,0.4966888427734375,0.5111613273620605,0.014472484588623047,0.001389500219374895,0.04174742102622986,0.4966888427734375,0.5111613273620605,0.20961792767047882,0.1887442022562027,0.2936932444572449,0.30009445548057556
36,S3,LatCrit,local,local,0,local,local,0,0.49023574590682983,0.4744929075241089,-0.015742838382720947,0.0006967615336179733,0.03237779438495636,0.49023574590682983,0.4744929075241089,0.22131869196891785,0.22087262570858002,0.2884455621242523,0.3046344518661499
36,S3,ComHvy,local,local,0,local,local,0,0.44508761167526245,0.43939268589019775,-0.005694925785064697,0.00017087487503886223,0.017078831791877747,0.44508761167526245,0.43939268589019775,0.3034650385379791,0.3120044469833374,0.2514473497867584,0.24860285222530365
36,S3,BWHvy,local,local,0,local,local,0,0.4223399758338928,0.4562073349952698,0.03386735916137695,0.0028809010982513428,0.06773464381694794,0.4223399758338928,0.4562073349952698,0.32006070017814636,0.31313493847846985,0.25759926438331604,0.23065774142742157
36,S4,LatCrit,local,local,0,local,local,0,0.4149738550186157,0.39088302850723267,-0.024090826511383057,0.002096455544233322,0.056994110345840454,0.4149738550186157,0.39088302850723267,0.28502872586250305,0.3135257661342621,0.2999974191188812,0.29559117555618286
36,S4,ComHvy,local,local,0,local,local,0,0.5465215444564819,0.5467848777770996,0.0002633333206176758,2.384709659963846e-06,0.0017190724611282349,0.5465215444564819,0.5467848777770996,0.1958635449409485,0.19645975530147552,0.25761494040489197,0.25675541162490845
36,S4,BWHvy,local,local,0,local,local,0,0.47966986894607544,0.4477158784866333,-0.03195399045944214,0.002168796956539154,0.06390796601772308,0.47966986894607544,0.4477158784866333,0.2050887644290924,0.21210311353206635,0.31524136662483215,0.34018099308013916
36,S5,LatCrit,local,local,0,local,local,0,0.5648072361946106,0.5979294776916504,0.033122241497039795,0.00250394269824028,0.06624448299407959,0.5648072361946106,0.5979294776916504,0.1979188472032547,0.18952704966068268,0.2372739166021347,0.21254347264766693
36,S5,ComHvy,local,local,0,local,local,0,0.4349823594093323,0.4631054997444153,0.028123140335083008,0.0036821290850639343,0.07156656682491302,0.4349823594093323,0.4631054997444153,0.3051232099533081,0.3127833306789398,0.2598944306373596,0.22411112487316132
36,S5,BWHvy,local,local,0,BS2,BS2,0,0.517224907875061,0.4928581714630127,-0.02436673641204834,0.0011901715770363808,0.048733457922935486,0.517224907875061,0.4928581714630127,0.24405819177627563,0.2571965157985687,0.23871690034866333,0.24994529783725739
36,S6,LatCrit,local,local,0,BS2,local,1,0.5169722437858582,0.5464431047439575,0.029470860958099365,0.0017475280910730362,0.05894175171852112,0.5169722437858582,0.5464431047439575,0.2317970246076584,0.21726906299591064,0.25123077630996704,0.23628784716129303
36,S6,ComHvy,local,local,0,local,local,0,0.5049823522567749,0.4876410961151123,-0.017341256141662598,0.0007170159369707108,0.03468255698680878,0.5049823522567749,0.4876410961151123,0.23177577555179596,0.23437875509262085,0.26324182748794556,0.27798014879226685
36,S6,BWHvy,local,local,0,local,local,0,0.4671025276184082,0.4393346309661865,-0.02776789665222168,0.005600545555353165,0.09803462028503418,0.4671025276184082,0.4393346309661865,0.24632367491722107,0.22507429122924805,0.28657376766204834,0.3355911076068878
36,S7,LatCrit,local,local,0,local,local,0,0.5215845108032227,0.5395827293395996,0.017998218536376953,0.0013098884373903275,0.044512733817100525,0.5215845108032227,0.5395827293395996,0.20629233121871948,0.21055050194263458,0.27212315797805786,0.2498668134212494
36,S7,ComHvy,local,local,0,BS2,BS2,0,0.44052207469940186,0.4305831789970398,-0.00993889570236206,0.0011308565735816956,0.043291181325912476,0.44052207469940186,0.4305831789970398,0.2590903043746948,0.24738359451293945,0.3003876507282257,0.32203322649002075
36,S7,BWHvy,local,local,0,local,local,0,0.48642027378082275,0.4896496534347534,0.003229379653930664,0.0011022668331861496,0.035296857357025146,0.48642027378082275,0.4896496534347534,0.21979516744613647,0.2021467387676239,0.29378458857536316,0.30820363759994507
36,S8,LatCrit,local,local,0,local,local,0,0.46291375160217285,0.45503902435302734,-0.007874727249145508,0.001661740243434906,0.04927782714366913,0.46291375160217285,0.45503902435302734,0.255249947309494,0.23848573863506317,0.2818363308906555,0.3064752221107483
36,S8,ComHvy,local,local,0,local,local,0,0.48230451345443726,0.492877721786499,0.010573208332061768,0.00039549265056848526,0.02265484631061554,0.48230451345443726,0.492877721786499,0.2812473773956299,0.2820016145706177,0.23644809424877167,0.2251206934452057
36,S8,BWHvy,local,local,0,local,local,0,0.4833186864852905,0.5119310617446899,0.028612375259399414,0.001825819257646799,0.057224810123443604,0.4833186864852905,0.5119310617446899,0.26205506920814514,0.2409580945968628,0.25462624430656433,0.2471107840538025
37,S1,LatCrit,local,local,0,local,local,0,0.551195502281189,0.5542252063751221,0.0030297040939331055,0.0002789134159684181,0.01845952868461609,0.551195502281189,0.5542252063751221,0.2032434195280075,0.20944347977638245,0.24556104838848114,0.2363312840461731
37,S1,ComHvy,local,local,0,local,local,0,0.45817863941192627,0.46923398971557617,0.011055350303649902,0.005931541323661804,0.0875285416841507,0.45817863941192627,0.46923398971557617,0.2711927890777588,0.303901731967926,0.27062857151031494,0.22686432301998138
37,S1,BWHvy,local,local,0,local,local,0,0.5461379885673523,0.5305764675140381,-0.015561521053314209,0.002077357843518257,0.05570858716964722,0.5461379885673523,0.5305764675140381,0.20938697457313538,0.19709420204162598,0.24447503685951233,0.27232933044433594
37,S2,LatCrit,local,local,0,local,local,0,0.4436284899711609,0.3836895227432251,-0.05993896722793579,0.008130192756652832,0.1198779046535492,0.4436284899711609,0.3836895227432251,0.3134464621543884,0.3322650194168091,0.24292507767677307,0.2840454578399658
37,S2,ComHvy,local,local,0,local,BS1,1,0.4825517535209656,0.4962027668952942,0.013651013374328613,0.002856772392988205,0.06522414088249207,0.4825517535209656,0.4962027668952942,0.20893004536628723,0.22789111733436584,0.3085182011127472,0.27590614557266235
37,S2,BWHvy,local,local,0,local,local,0,0.4947959780693054,0.4745982885360718,-0.020197689533233643,0.001020772848278284,0.04039539396762848,0.4947959780693054,0.4745982885360718,0.24996055662631989,0.26741281151771545,0.2552434504032135,0.25798889994621277
37,S3,LatCrit,local,local,0,local,local,0,0.4768277406692505,0.4805232882499695,0.003695547580718994,0.0004427563399076462,0.024757951498031616,0.4768277406692505,0.4805232882499695,0.29470255970954895,0.28232356905937195,0.22846969962120056,0.23715311288833618
37,S3,ComHvy,local,local,0,local,local,0,0.48772507905960083,0.4896535277366638,0.0019284486770629883,0.0021163448691368103,0.048372551798820496,0.48772507905960083,0.4896535277366638,0.2769927680492401,0.25280648469924927,0.23528216779232025,0.2575399875640869
37,S3,BWHvy,local,local,0,local,local,0,0.44003891944885254,0.42806941270828247,-0.011969506740570068,0.001771991141140461,0.05032049119472504,0.44003891944885254,0.42806941270828247,0.21881507337093353,0.24397531151771545,0.3411460220813751,0.3279552757740021
37,S4,LatCrit,local,local,0,local,local,0,0.39039093255996704,0.41649091243743896,0.026099979877471924,0.003850255161523819,0.0809941291809082,0.39039093255996704,0.41649091243743896,0.3370051980018616,0.29650816321372986,0.272603839635849,0.28700095415115356
37,S4,ComHvy,local,local,0,local,local,0,0.52931147813797,0.5346888303756714,0.005377352237701416,0.0014689471572637558,0.041138991713523865,0.52931147813797,0.5346888303756714,0.2418147772550583,0.2570069432258606,0.22887372970581055,0.2083042562007904
37,S4,BWHvy,local,local,0,local,local,0,0.5304486751556396,0.5051413774490356,-0.025307297706604004,0.001747041940689087,0.050614625215530396,0.5304486751556396,0.5051413774490356,0.2143806517124176,0.2149985432624817,0.25517067313194275,0.27986010909080505
37,S5,LatCrit,local,local,0,local,local,0,0.53254234790802,0.533842921257019,0.0013005733489990234,7.896125316619873e-05,0.009739935398101807,0.53254234790802,0.533842921257019,0.16841016709804535,0.17197956144809723,0.29904744029045105,0.29417747259140015
37,S5,ComHvy,local,local,0,local,local,0,0.46481889486312866,0.4347047805786133,-0.03011411428451538,0.0020348590333014727,0.060228243470191956,0.46481889486312866,0.4347047805786133,0.35779914259910583,0.3851281404495239,0.1773819625377655,0.180167093873024
37,S5,BWHvy,local,local,0,BS2,BS2,0,0.4688794016838074,0.4805852770805359,0.011705875396728516,0.000274688471108675,0.023411735892295837,0.4688794016838074,0.4805852770805359,0.2426833063364029,0.23722022771835327,0.28843727707862854,0.28219449520111084
37,S6,LatCrit,local,local,0,local,local,0,0.5096908807754517,0.5491432547569275,0.03945237398147583,0.0035572010092437267,0.07890474796295166,0.5096908807754517,0.5491432547569275,0.2815059423446655,0.24951666593551636,0.20880314707756042,0.20134004950523376
37,S6,ComHvy,local,local,0,local,local,0,0.4534958004951477,0.44184547662734985,-0.011650323867797852,0.0012240922078490257,0.0442909300327301,0.4534958004951477,0.44184547662734985,0.26733633875846863,0.2894818186759949,0.27916786074638367,0.26867273449897766
37,S6,BWHvy,BS2,local,1,local,local,0,0.37024351954460144,0.3876381516456604,0.01739463210105896,0.0015372801572084427,0.05174905061721802,0.3676775097846985,0.3876381516456604,0.2620789706707001,0.26799285411834717,0.37024351954460144,0.34436899423599243
37,S7,LatCrit,local,local,0,local,local,0,0.5138410329818726,0.5165588855743408,0.0027178525924682617,0.0008364086970686913,0.031056910753250122,0.5138410329818726,0.5165588855743408,0.20980988442897797,0.22262047231197357,0.27634909749031067,0.2608206272125244
37,S7,ComHvy,local,local,0,local,local,0,0.48073577880859375,0.49915218353271484,0.018416404724121094,0.0007917971815913916,0.03683282434940338,0.48073577880859375,0.49915218353271484,0.28409379720687866,0.26880353689193726,0.23517043888568878,0.2320442795753479
37,S7,BWHvy,local,local,0,local,local,0,0.47142165899276733,0.44436532258987427,-0.027056336402893066,0.0016864333301782608,0.05411268770694733,0.47142165899276733,0.44436532258987427,0.284414142370224,0.30675530433654785,0.24416418373584747,0.24887937307357788
37,S8,LatCrit,local,local,0,local,local,0,0.48367685079574585,0.48538702726364136,0.0017101764678955078,1.1639116564765573e-05,0.003726586699485779,0.48367685079574585,0.48538702726364136,0.20349514484405518,0.20163185894489288,0.312828004360199,0.31298112869262695
37,S8,ComHvy,local,local,0,BS1,BS1,0,0.5288909077644348,0.4745666980743408,-0.054324209690093994,0.005910433828830719,0.10864841938018799,0.5288909077644348,0.4745666980743408,0.25467267632484436,0.2849799394607544,0.21643641591072083,0.24045336246490479
37,S8,BWHvy,local,local,0,BS1,BS1,0,0.41192811727523804,0.43456602096557617,0.022637903690338135,0.0011008894070982933,0.04527580738067627,0.41192811727523804,0.43456602096557617,0.3241160809993744,0.31542807817459106,0.2639557719230652,0.2500058710575104
38,S1,LatCrit,local,local,0,local,local,0,0.6160153150558472,0.6128593683242798,-0.003155946731567383,0.0003960607573390007,0.01934771239757538,0.6160153150558472,0.6128593683242798,0.23143672943115234,0.22491881251335144,0.15254797041416168,0.16222181916236877
38,S1,ComHvy,local,local,0,local,local,0,0.5297421216964722,0.5455780029296875,0.015835881233215332,0.0005624573677778244,0.031671732664108276,0.5297421216964722,0.5455780029296875,0.14195236563682556,0.1339203417301178,0.32830551266670227,0.3205016851425171
38,S1,BWHvy,local,local,0,local,local,0,0.4522233009338379,0.4711880683898926,0.018964767456054688,0.0007255938835442066,0.03792954981327057,0.4522233009338379,0.4711880683898926,0.3022947907447815,0.29101452231407166,0.24548190832138062,0.23779739439487457
38,S2,LatCrit,local,local,0,local,local,0,0.5441498756408691,0.5822827816009521,0.03813290596008301,0.00302865169942379,0.07626578211784363,0.5441498756408691,0.5822827816009521,0.2394053041934967,0.22281678020954132,0.21644479036331177,0.19490043818950653
38,S2,ComHvy,local,local,0,local,local,0,0.5114443302154541,0.4657716155052185,-0.045672714710235596,0.004773767665028572,0.09134548902511597,0.5114443302154541,0.4657716155052185,0.28524869680404663,0.3248186409473419,0.20330694317817688,0.20940977334976196
38,S2,BWHvy,local,local,0,local,local,0,0.48628008365631104,0.4596380591392517,-0.026642024517059326,0.002393621951341629,0.0655936598777771,0.48628008365631104,0.4596380591392517,0.18408113718032837,0.17792633175849915,0.3296387791633606,0.36243560910224915
38,S3,LatCrit,local,local,0,local,local,0,0.4830282926559448,0.4885118007659912,0.005483508110046387,0.0005743950605392456,0.02884875237941742,0.4830282926559448,0.4885118007659912,0.28872931003570557,0.27430492639541626,0.2282423973083496,0.23718325793743134
38,S3,ComHvy,local,local,0,local,BS1,1,0.47887754440307617,0.4638534188270569,-0.015024125576019287,0.0004565590061247349,0.030048266053199768,0.47887754440307617,0.4638534188270569,0.29093921184539795,0.2983768582344055,0.23018324375152588,0.2377697378396988
38,S3,BWHvy,local,local,0,local,local,0,0.4392077922821045,0.4758446216583252,0.0366368293762207,0.002755438908934593,0.07327361404895782,0.4392077922821045,0.4758446216583252,0.23143449425697327,0.21996255218982697,0.32935768365859985,0.30419284105300903
38,S4,LatCrit,local,local,0,local,local,0,0.4548056125640869,0.4538569450378418,-0.0009486675262451172,0.0013445280492305756,0.038488030433654785,0.4548056125640869,0.4538569450378418,0.3204880952835083,0.3397321105003357,0.2247062772512436,0.20641092956066132
38,S4,ComHvy,local,local,0,local,local,0,0.5246590375900269,0.4733392596244812,-0.051319777965545654,0.005698239430785179,0.10263955593109131,0.5246590375900269,0.4733392596244812,0.22646434605121613,0.26205670833587646,0.24887661635875702,0.26460403203964233
38,S4,BWHvy,local,local,0,local,local,0,0.5553091168403625,0.5381917953491211,-0.017117321491241455,0.0005905432626605034,0.0342346727848053,0.5553091168403625,0.5381917953491211,0.1860383301973343,0.19320212304592133,0.25865256786346436,0.26860612630844116
38,S5,LatCrit,local,local,0,local,local,0,0.4531530737876892,0.4914172887802124,0.03826421499252319,0.0029533449560403824,0.07652841508388519,0.4531530737876892,0.4914172887802124,0.28057217597961426,0.2630455791950226,0.26627472043037415,0.24553711712360382
38,S5,ComHvy,local,local,0,BS2,BS2,0,0.5139815807342529,0.544808566570282,0.030826985836029053,0.0019337264820933342,0.0616539865732193,0.5139815807342529,0.544808566570282,0.23817512392997742,0.22082698345184326,0.24784329533576965,0.23436443507671356
38,S5,BWHvy,local,local,0,local,local,0,0.46064019203186035,0.4611196517944336,0.0004794597625732422,3.763497807085514e-05,0.006804317235946655,0.46064019203186035,0.4611196517944336,0.2689712345600128,0.2655690908432007,0.27038857340812683,0.2733112871646881
38,S6,LatCrit,local,local,0,local,local,0,0.5079222917556763,0.47079014778137207,-0.0371321439743042,0.0027898531407117844,0.0742642730474472,0.5079222917556763,0.47079014778137207,0.2547104060649872,0.2710939943790436,0.23736731708049774,0.25811585783958435
38,S6,ComHvy,local,local,0,local,local,0,0.4751625657081604,0.5067910552024841,0.03162848949432373,0.0031468085944652557,0.0655442327260971,0.4751625657081604,0.5067910552024841,0.2513531744480133,0.2524968087673187,0.2734842598438263,0.24071215093135834
38,S6,BWHvy,local,local,0,BS2,BS2,0,0.41497141122817993,0.42605698108673096,0.011085569858551025,0.0005295434966683388,0.026659905910491943,0.41497141122817993,0.42605698108673096,0.24478842318058014,0.23145847022533417,0.34024015069007874,0.3424845337867737
38,S7,LatCrit,local,local,0,local,local,0,0.57375168800354,0.5437069535255432,-0.030044734477996826,0.0019441377371549606,0.06008945405483246,0.57375168800354,0.5437069535255432,0.1783454269170761,0.19620899856090546,0.24790291488170624,0.2600840628147125
38,S7,ComHvy,local,local,0,BS1,local,1,0.4718888998031616,0.47376614809036255,0.0018772482872009277,0.0009665526449680328,0.033550262451171875,0.4718888998031616,0.47376614809036255,0.31754270195961,0.30076754093170166,0.21056842803955078,0.2254662811756134
38,S7,BWHvy,local,local,0,local,local,0,0.5443729162216187,0.5717170238494873,0.027344107627868652,0.002207120880484581,0.05468812584877014,0.5443729162216187,0.5717170238494873,0.19001689553260803,0.16709086298942566,0.26561012864112854,0.2611921429634094
38,S8,LatCrit,local,local,0,local,local,0,0.4058656096458435,0.4253808856010437,0.019515275955200195,0.002853485755622387,0.07065679132938385,0.4058656096458435,0.4253808856010437,0.35132119059562683,0.3159927725791931,0.24281321465969086,0.2586263120174408
38,S8,ComHvy,local,local,0,local,local,0,0.4650278687477112,0.47597676515579224,0.010948896408081055,0.0003037970745936036,0.02189779281616211,0.4650278687477112,0.47597676515579224,0.2776569426059723,0.26794472336769104,0.2573152184486389,0.2560785412788391
38,S8,BWHvy,local,local,0,BS1,BS1,0,0.464561402797699,0.4644496440887451,-0.00011175870895385742,0.002044985070824623,0.04689997434616089,0.464561402797699,0.4644496440887451,0.25511786341667175,0.2785678505897522,0.2803207337856293,0.2569825053215027
39,S1,LatCrit,local,local,0,BS2,BS2,0,0.4845181107521057,0.47119075059890747,-0.013327360153198242,0.00035967957228422165,0.02665470540523529,0.4845181107521057,0.47119075059890747,0.2723558247089386,0.2803837060928345,0.24312607944011688,0.24842554330825806
39,S1,ComHvy,local,local,0,local,local,0,0.5201634168624878,0.4960102438926697,-0.024153172969818115,0.0011681979522109032,0.04830637574195862,0.5201634168624878,0.4960102438926697,0.18248462677001953,0.19111263751983643,0.2973519265651703,0.3128771185874939
39,S1,BWHvy,local,local,0,local,local,0,0.5376276969909668,0.5703860521316528,0.032758355140686035,0.002285463735461235,0.0655166357755661,0.5376276969909668,0.5703860521316528,0.20809251070022583,0.1979752779006958,0.254279762506485,0.23163871467113495
39,S2,LatCrit,local,local,0,local,local,0,0.46413207054138184,0.4809820055961609,0.016849935054779053,0.0007039518095552921,0.033699825406074524,0.46413207054138184,0.4809820055961609,0.28512194752693176,0.2703435719013214,0.250745952129364,0.2486744374036789
39,S2,ComHvy,local,local,0,local,local,0,0.5557296872138977,0.5645285248756409,0.008798837661743164,0.0009348765015602112,0.034503236413002014,0.5557296872138977,0.5645285248756409,0.22301475703716278,0.23146754503250122,0.22125554084777832,0.2040039300918579
39,S2,BWHvy,local,local,0,local,local,0,0.48659443855285645,0.47437262535095215,-0.012221813201904297,0.00034150038845837116,0.024443626403808594,0.48659443855285645,0.47437262535095215,0.25110742449760437,0.260453999042511,0.2622981369495392,0.26517337560653687
39,S3,LatCrit,local,local,0,local,local,0,0.5167750716209412,0.529471755027771,0.012696683406829834,0.000588318333029747,0.026952624320983887,0.5167750716209412,0.529471755027771,0.21837079524993896,0.2048945128917694,0.2648541331291199,0.26563379168510437
39,S3,ComHvy,local,local,0,local,local,0,0.4327109456062317,0.4299136996269226,-0.002797245979309082,0.0018205530941486359,0.04805183410644531,0.4327109456062317,0.4299136996269226,0.26323381066322327,0.2872597277164459,0.30405524373054504,0.28282657265663147
39,S3,BWHvy,local,local,0,local,local,0,0.5373537540435791,0.5612277984619141,0.02387404441833496,0.0015687509439885616,0.04774811863899231,0.5373537540435791,0.5612277984619141,0.20383577048778534,0.1841200441122055,0.25881052017211914,0.2546521723270416
39,S4,LatCrit,local,local,0,local,local,0,0.47740715742111206,0.49461138248443604,0.017204225063323975,0.00067558279260993,0.03440842032432556,0.47740715742111206,0.49461138248443604,0.20574243366718292,0.19457103312015533,0.3168503940105438,0.3108175992965698
39,S4,ComHvy,local,local,0,local,local,0,0.4896653890609741,0.45954418182373047,-0.030121207237243652,0.0038614608347415924,0.08013275265693665,0.4896653890609741,0.45954418182373047,0.27299702167510986,0.3130634129047394,0.23733755946159363,0.22739240527153015
39,S4,BWHvy,local,local,0,local,local,0,0.5316323041915894,0.538141131401062,0.006508827209472656,0.00011777749750763178,0.013017639517784119,0.5316323041915894,0.538141131401062,0.22650296986103058,0.22063176333904266,0.24186471104621887,0.24122710525989532
39,S5,LatCrit,local,local,0,local,local,0,0.5604052543640137,0.5812952518463135,0.020889997482299805,0.0041512539610266685,0.07333505153656006,0.5604052543640137,0.5812952518463135,0.23544588685035706,0.19877833127975464,0.20414891839027405,0.21992641687393188
39,S5,ComHvy,local,local,0,local,local,0,0.46596628427505493,0.45534950494766235,-0.010616779327392578,0.00047837221063673496,0.02527017891407013,0.46596628427505493,0.45534950494766235,0.220332071185112,0.23296713829040527,0.31370165944099426,0.31168332695961
39,S5,BWHvy,local,local,0,local,local,0,0.5072064399719238,0.48832541704177856,-0.018881022930145264,0.0008109998889267445,0.03776204586029053,0.5072064399719238,0.48832541704177856,0.21006354689598083,0.2231648564338684,0.28273001313209534,0.288509726524353
39,S6,LatCrit,local,local,0,local,local,0,0.49151891469955444,0.4750478267669678,-0.01647108793258667,0.001412704586982727,0.050480782985687256,0.49151891469955444,0.4750478267669678,0.33905652165412903,0.36429691314697266,0.16942454874515533,0.16065524518489838
39,S6,ComHvy,local,local,0,local,local,0,0.43544572591781616,0.4427418112754822,0.007296085357666016,0.00011303729843348265,0.014592170715332031,0.43544572591781616,0.4427418112754822,0.34336724877357483,0.3377772271633148,0.2211870402097702,0.2194809764623642
39,S6,BWHvy,local,local,0,local,local,0,0.4582873582839966,0.4895532727241516,0.03126591444015503,0.002044958993792534,0.06253179907798767,0.4582873582839966,0.4895532727241516,0.2902763783931732,0.27805599570274353,0.2514362633228302,0.23239076137542725
39,S7,LatCrit,local,local,0,local,local,0,0.563460111618042,0.5731786489486694,0.009718537330627441,0.0005095109809190035,0.026876449584960938,0.563460111618042,0.5731786489486694,0.23937468230724335,0.2259364277124405,0.19716522097587585,0.2008848786354065
39,S7,ComHvy,local,local,0,local,local,0,0.4587412476539612,0.4255695343017578,-0.03317171335220337,0.0030675008893013,0.06634342670440674,0.4587412476539612,0.4255695343017578,0.26512834429740906,0.26549601554870605,0.2761303782463074,0.30893442034721375
39,S7,BWHvy,local,local,0,local,local,0,0.5242425799369812,0.5547473430633545,0.03050476312637329,0.0019421279430389404,0.061009541153907776,0.5242425799369812,0.5547473430633545,0.21686185896396637,0.19927452504634857,0.2588955760002136,0.24597813189029694
39,S8,LatCrit,local,local,0,local,local,0,0.489871621131897,0.501812219619751,0.011940598487854004,0.0003581959754228592,0.023881196975708008,0.489871621131897,0.501812219619751,0.21387718617916107,0.21303679049015045,0.29625120759010315,0.28515100479125977
39,S8,ComHvy,local,local,0,local,local,0,0.45883893966674805,0.47784602642059326,0.019007086753845215,0.0010466091334819794,0.03801414370536804,0.45883893966674805,0.47784602642059326,0.28206250071525574,0.26315635442733765,0.25909852981567383,0.2589976191520691
39,S8,BWHvy,local,local,0,local,local,0,0.4805006980895996,0.49509066343307495,0.014589965343475342,0.002686981111764908,0.059490278363227844,0.4805006980895996,0.49509066343307495,0.2871006429195404,0.3022558093070984,0.23239867389202118,0.20265352725982666
40,S1,LatCrit,local,local,0,local,local,0,0.531876266002655,0.5182310342788696,-0.0136452317237854,0.00040684547275304794,0.02729049324989319,0.531876266002655,0.5182310342788696,0.23877018690109253,0.24284103512763977,0.22935353219509125,0.2389279454946518
40,S1,ComHvy,local,local,0,local,local,0,0.5725473165512085,0.5620899200439453,-0.010457396507263184,0.0003617396578192711,0.023335829377174377,0.5725473165512085,0.5620899200439453,0.17425309121608734,0.17304259538650513,0.25319957733154297,0.26486751437187195
40,S1,BWHvy,local,local,0,local,local,0,0.4543364644050598,0.4738048315048218,0.019468367099761963,0.0007681436836719513,0.03893670439720154,0.4543364644050598,0.4738048315048218,0.26060751080513,0.2499977946281433,0.2850559949874878,0.2761973738670349
40,S2,LatCrit,local,local,0,local,local,0,0.4859062433242798,0.5189008712768555,0.032994627952575684,0.0022475970908999443,0.06598924100399017,0.4859062433242798,0.5189008712768555,0.2397296130657196,0.2204071432352066,0.2743641138076782,0.26069197058677673
40,S2,ComHvy,local,local,0,local,local,0,0.5452420115470886,0.5504475831985474,0.00520557165145874,0.0018486399203538895,0.043436288833618164,0.5452420115470886,0.5504475831985474,0.2620996832847595,0.27861225605010986,0.19265832006931305,0.17094017565250397
40,S2,BWHvy,local,local,0,local,local,0,0.47902417182922363,0.4671708941459656,-0.011853277683258057,0.0007783416658639908,0.03564003109931946,0.47902417182922363,0.4671708941459656,0.24728098511695862,0.24131426215171814,0.27369481325149536,0.2915148437023163
40,S3,LatCrit,local,local,0,local,local,0,0.5073689222335815,0.5282995700836182,0.02093064785003662,0.0012348834425210953,0.04186122119426727,0.5073689222335815,0.5282995700836182,0.24560505151748657,0.2441474348306656,0.2470259964466095,0.22755303978919983
40,S3,ComHvy,local,local,0,BS1,BS1,0,0.4958510994911194,0.48139268159866333,-0.014458417892456055,0.0008543701842427254,0.0360056608915329,0.4958510994911194,0.48139268159866333,0.25187450647354126,0.2698773443698883,0.25227436423301697,0.24872995913028717
40,S3,BWHvy,local,local,0,local,local,0,0.4412333369255066,0.46733421087265015,0.026100873947143555,0.0018962756730616093,0.05220171809196472,0.4412333369255066,0.46733421087265015,0.2379535734653473,0.2154838740825653,0.3208130896091461,0.31718194484710693
40,S4,LatCrit,local,local,0,local,local,0,0.5201672315597534,0.5622776746749878,0.042110443115234375,0.0035973526537418365,0.08422097563743591,0.5201672315597534,0.5622776746749878,0.2496483474969864,0.2295176237821579,0.23018446564674377,0.20820465683937073
40,S4,ComHvy,local,local,0,local,local,0,0.5395842790603638,0.5193084478378296,-0.02027583122253418,0.0009555572178214788,0.04055170714855194,0.5395842790603638,0.5193084478378296,0.25707340240478516,0.2740788161754608,0.2033422738313675,0.2066127359867096
40,S4,BWHvy,local,local,0,local,local,0,0.5509288907051086,0.5452840924263,-0.005644798278808594,0.0002514449879527092,0.018934518098831177,0.5509288907051086,0.5452840924263,0.2316780388355255,0.2411452829837799,0.21739310026168823,0.21357062458992004
40,S5,LatCrit,local,local,0,local,local,0,0.49467259645462036,0.49782657623291016,0.003153979778289795,0.0005692038685083389,0.02683831751346588,0.49467259645462036,0.49782657623291016,0.2800406515598297,0.26662150025367737,0.22528675198554993,0.23555193841457367
40,S5,ComHvy,local,local,0,local,local,0,0.5203369855880737,0.5428323149681091,0.0224953293800354,0.0015383772552013397,0.04636722803115845,0.5203369855880737,0.5428323149681091,0.2116478681564331,0.21233613789081573,0.26801514625549316,0.24483151733875275
40,S5,BWHvy,local,local,0,local,local,0,0.4668033719062805,0.45945847034454346,-0.0073449015617370605,0.00013879640027880669,0.014689728617668152,0.4668033719062805,0.45945847034454346,0.23425991833209991,0.23463618755340576,0.29893675446510315,0.3059053122997284
40,S6,LatCrit,local,local,0,local,local,0,0.5154221057891846,0.5086668729782104,-0.006755232810974121,9.338697418570518e-05,0.01351042091846466,0.5154221057891846,0.5086668729782104,0.29279688000679016,0.29756641387939453,0.19178105890750885,0.19376671314239502
40,S6,ComHvy,local,local,0,local,local,0,0.44019752740859985,0.44095706939697266,0.0007595419883728027,0.0014616437256336212,0.040853023529052734,0.44019752740859985,0.44095706939697266,0.2967725098133087,0.3164394795894623,0.26302996277809143,0.24260345101356506
40,S6,BWHvy,local,local,0,local,local,0,0.4564042091369629,0.49374157190322876,0.03733736276626587,0.0030249860137701035,0.07467472553253174,0.4564042091369629,0.49374157190322876,0.26515111327171326,0.25433477759361267,0.27844467759132385,0.25192365050315857
40,S7,LatCrit,local,local,0,local,local,0,0.5740023255348206,0.5806077718734741,0.0066054463386535645,0.0005919858813285828,0.02654118835926056,0.5740023255348206,0.5806077718734741,0.20148830115795135,0.18821768462657928,0.22450938820838928,0.2311745136976242
40,S7,ComHvy,local,local,0,local,local,0,0.4965529441833496,0.4826085567474365,-0.013944387435913086,0.00038981856778264046,0.02788880467414856,0.4965529441833496,0.4826085567474365,0.28174448013305664,0.28911876678466797,0.22170257568359375,0.2282727062702179
40,S7,BWHvy,local,local,0,local,local,0,0.5368123650550842,0.5779253840446472,0.04111301898956299,0.0034398548305034637,0.08222606778144836,0.5368123650550842,0.5779253840446472,0.21004842221736908,0.1909274309873581,0.2531392276287079,0.2311471700668335
40,S8,LatCrit,local,local,0,local,local,0,0.5142025947570801,0.5444879531860352,0.030285358428955078,0.001886463724076748,0.06057076156139374,0.5142025947570801,0.5444879531860352,0.21764637529850006,0.20106884837150574,0.26815104484558105,0.2544431686401367
40,S8,ComHvy,local,local,0,local,local,0,0.52265465259552,0.5508186221122742,0.02816396951675415,0.0020639500580728054,0.056327953934669495,0.52265465259552,0.5508186221122742,0.2479102909564972,0.22335755825042725,0.22943507134914398,0.22582381963729858
40,S8,BWHvy,local,local,0,local,local,0,0.5429681539535522,0.5322325825691223,-0.010735571384429932,0.0006807460449635983,0.03176344931125641,0.5429681539535522,0.5322325825691223,0.23560895025730133,0.25149065256118774,0.2214229553937912,0.21627677977085114
41,S1,LatCrit,local,local,0,local,local,0,0.5051848888397217,0.5113241672515869,0.006139278411865234,0.0007941005751490593,0.03193359076976776,0.5051848888397217,0.5113241672515869,0.23103763163089752,0.21507087349891663,0.2637774348258972,0.27360498905181885
41,S1,ComHvy,local,local,0,local,local,0,0.4992870092391968,0.5058099031448364,0.0065228939056396484,0.0010855915024876595,0.03812609612941742,0.4992870092391968,0.5058099031448364,0.2645241320133209,0.2454610913991928,0.2361888438463211,0.24872900545597076
41,S1,BWHvy,local,local,0,local,local,0,0.5062628984451294,0.524299144744873,0.018036246299743652,0.0014386102557182312,0.04579201340675354,0.5062628984451294,0.524299144744873,0.23455312848091125,0.23941290378570557,0.25918394327163696,0.2362879514694214
41,S2,LatCrit,local,local,0,local,local,0,0.4209209680557251,0.44568008184432983,0.024759113788604736,0.0038054464384913445,0.07233767211437225,0.4209209680557251,0.44568008184432983,0.24905849993228912,0.2128896713256836,0.3300205171108246,0.3414302468299866
41,S2,ComHvy,local,local,0,local,local,0,0.52238929271698,0.5207362174987793,-0.0016530752182006836,0.00013707391917705536,0.012991905212402344,0.52238929271698,0.5207362174987793,0.2615353465080261,0.2680312991142273,0.2160753756761551,0.2112324982881546
41,S2,BWHvy,local,local,0,local,local,0,0.4862826466560364,0.4805269241333008,-0.005755722522735596,0.00016247620806097984,0.0156315416097641,0.4862826466560364,0.4805269241333008,0.26457151770591736,0.2625114619731903,0.24914585053920746,0.2569616138935089
41,S3,LatCrit,local,local,0,local,local,0,0.43322187662124634,0.41110724210739136,-0.02211463451385498,0.0012883283197879791,0.04422926902770996,0.43322187662124634,0.41110724210739136,0.32855701446533203,0.3321550786495209,0.23822110891342163,0.25673767924308777
41,S3,ComHvy,local,local,0,local,local,0,0.47035878896713257,0.44880008697509766,-0.021558701992034912,0.004036325961351395,0.0815352350473404,0.47035878896713257,0.44880008697509766,0.27324730157852173,0.31401491165161133,0.2563939094543457,0.23718498647212982
41,S3,BWHvy,local,local,0,local,local,0,0.4240844249725342,0.4217803478240967,-0.0023040771484375,0.00021903589367866516,0.017822235822677612,0.4240844249725342,0.4217803478240967,0.28445011377334595,0.29336124658584595,0.2914654612541199,0.28485843539237976
41,S4,LatCrit,local,local,0,local,local,0,0.4363222122192383,0.47306370735168457,0.03674149513244629,0.002754317596554756,0.0734829306602478,0.4363222122192383,0.47306370735168457,0.2678420841693878,0.2473703920841217,0.2958356738090515,0.2795659303665161
41,S4,ComHvy,local,local,0,local,local,0,0.5606193542480469,0.5523768663406372,-0.008242487907409668,0.0003348495811223984,0.021832063794136047,0.5606193542480469,0.5523768663406372,0.22471903264522552,0.23563505709171295,0.2146616131067276,0.21198806166648865
41,S4,BWHvy,local,local,0,local,local,0,0.5234717130661011,0.543724536895752,0.02025282382965088,0.0008301315829157829,0.040505677461624146,0.5234717130661011,0.543724536895752,0.23173078894615173,0.22294524312019348,0.2447975128889084,0.23333020508289337
41,S5,LatCrit,local,local,0,local,local,0,0.4655037522315979,0.4594040513038635,-0.006099700927734375,0.00012256018817424774,0.013379693031311035,0.4655037522315979,0.4594040513038635,0.26445701718330383,0.2638668417930603,0.27003929018974304,0.27672910690307617
41,S5,ComHvy,local,local,0,BS1,BS1,0,0.40136831998825073,0.41920197010040283,0.0178336501121521,0.0012728981673717499,0.0415339469909668,0.40136831998825073,0.41920197010040283,0.3383713960647583,0.3413047194480896,0.26026028394699097,0.23949331045150757
41,S5,BWHvy,local,local,0,local,local,0,0.49967437982559204,0.48723071813583374,-0.0124436616897583,0.0008594170212745667,0.03696407377719879,0.49967437982559204,0.48723071813583374,0.23900002241134644,0.23296163976192474,0.2613255977630615,0.2798076272010803
41,S6,LatCrit,local,local,0,local,local,0,0.5008900165557861,0.5086787939071655,0.0077887773513793945,0.0003441302105784416,0.021291092038154602,0.5008900165557861,0.5086787939071655,0.28202831745147705,0.28488510847091675,0.21708162128925323,0.20643609762191772
41,S6,ComHvy,local,local,0,local,BS2,1,0.4355095624923706,0.4265994429588318,-0.008910119533538818,0.00020056497305631638,0.01782020926475525,0.4355095624923706,0.4265994429588318,0.2938762605190277,0.29516682028770447,0.2706142067909241,0.27823373675346375
41,S6,BWHvy,local,local,0,local,local,0,0.4610670804977417,0.4979228377342224,0.03685575723648071,0.0030091963708400726,0.07371152937412262,0.4610670804977417,0.4979228377342224,0.27946069836616516,0.26856234669685364,0.25947222113609314,0.23351480066776276
41,S7,LatCrit,local,local,0,local,local,0,0.5553412437438965,0.6031309366226196,0.047789692878723145,0.006361444480717182,0.09557940065860748,0.5553412437438965,0.6031309366226196,0.19802942872047424,0.1599041074514389,0.24662935733795166,0.23696497082710266
41,S7,ComHvy,local,local,0,local,local,0,0.45981961488723755,0.46949779987335205,0.009678184986114502,0.0004441104829311371,0.02666032314300537,0.45981961488723755,0.46949779987335205,0.2513502836227417,0.2550022602081299,0.28883010149002075,0.27549993991851807
41,S7,BWHvy,local,local,0,local,local,0,0.4391897916793823,0.4605244994163513,0.021334707736968994,0.0012345071882009506,0.042669445276260376,0.4391897916793823,0.4605244994163513,0.2528819441795349,0.25229212641716003,0.30792829394340515,0.28718337416648865
41,S8,LatCrit,local,local,0,local,local,0,0.49293261766433716,0.5235942602157593,0.03066164255142212,0.001958034932613373,0.06132328510284424,0.49293261766433716,0.5235942602157593,0.26392048597335815,0.2520808279514313,0.24314691126346588,0.22432492673397064
41,S8,ComHvy,local,local,0,local,local,0,0.49693143367767334,0.5206711292266846,0.02373969554901123,0.0014273298438638449,0.04747942090034485,0.49693143367767334,0.5206711292266846,0.2733232080936432,0.25217530131340027,0.22974537312984467,0.22715355455875397
41,S8,BWHvy,local,local,0,local,local,0,0.5451200008392334,0.5439773797988892,-0.0011426210403442383,0.00028552161529660225,0.017237842082977295,0.5451200008392334,0.5439773797988892,0.24018898606300354,0.2488079071044922,0.21469104290008545,0.20721474289894104
42,S1,LatCrit,local,local,0,local,local,0,0.4780537486076355,0.4780905246734619,3.6776065826416016e-05,0.0007135346531867981,0.02664509415626526,0.4780537486076355,0.4780905246734619,0.19383187592029572,0.20711766183376312,0.3281143605709076,0.31479182839393616
42,S1,ComHvy,local,local,0,local,local,0,0.5083029270172119,0.515529215335846,0.007226288318634033,0.0010818373411893845,0.03501211106777191,0.5083029270172119,0.515529215335846,0.30170464515686035,0.31198441982269287,0.18999241292476654,0.17248636484146118
42,S1,BWHvy,local,local,0,local,local,0,0.5414100885391235,0.514119565486908,-0.027290523052215576,0.0017998572438955307,0.05458100140094757,0.5414100885391235,0.514119565486908,0.19103243947029114,0.19367803633213043,0.2675575017929077,0.2922023832798004
42,S2,LatCrit,local,local,0,local,local,0,0.44150441884994507,0.41067761182785034,-0.030826807022094727,0.001952899619936943,0.06165368854999542,0.44150441884994507,0.41067761182785034,0.24198941886425018,0.25436118245124817,0.31650611758232117,0.3349612355232239
42,S2,ComHvy,local,local,0,BS2,local,1,0.4643181562423706,0.5097815990447998,0.0454634428024292,0.004155490547418594,0.09092682600021362,0.4643181562423706,0.5097815990447998,0.27636072039604187,0.2549890875816345,0.2593211233615875,0.23522937297821045
42,S2,BWHvy,local,local,0,local,local,0,0.46514594554901123,0.44684267044067383,-0.018303275108337402,0.0008568316698074341,0.03660658001899719,0.46514594554901123,0.44684267044067383,0.26767775416374207,0.2696477770805359,0.2671763002872467,0.28350958228111267
42,S3,LatCrit,local,local,0,local,local,0,0.43655407428741455,0.440581738948822,0.004027664661407471,0.00011933408677577972,0.014003723859786987,0.43655407428741455,0.440581738948822,0.2689244747161865,0.27189868688583374,0.29452142119407654,0.28751957416534424
42,S3,ComHvy,local,local,0,local,local,0,0.46673017740249634,0.4753655195236206,0.008635342121124268,0.00034889765083789825,0.023054808378219604,0.46673017740249634,0.4753655195236206,0.26432177424430847,0.2672138512134552,0.2689480185508728,0.2574206292629242
42,S3,BWHvy,local,local,0,local,local,0,0.46835577487945557,0.4340430498123169,-0.03431272506713867,0.0023852121084928513,0.06862545013427734,0.46835577487945557,0.4340430498123169,0.21413642168045044,0.2286105751991272,0.317507803440094,0.3373463749885559
42,S4,LatCrit,local,local,0,BS2,BS2,0,0.4774152636528015,0.5118775367736816,0.03446227312088013,0.002610752359032631,0.06892456114292145,0.4774152636528015,0.5118775367736816,0.23243474960327148,0.2098528891801834,0.2901499569416046,0.27826952934265137
42,S4,ComHvy,local,local,0,local,local,0,0.47643178701400757,0.4930042028427124,0.016572415828704834,0.0009028509957715869,0.037040576338768005,0.47643178701400757,0.4930042028427124,0.2921812832355499,0.2736610174179077,0.23138689994812012,0.23333479464054108
42,S4,BWHvy,local,local,0,BS1,BS1,0,0.5012400150299072,0.48955661058425903,-0.011683404445648193,0.0015466269105672836,0.048201411962509155,0.5012400150299072,0.48955661058425903,0.24714334309101105,0.23472599685192108,0.2516166865825653,0.2757173478603363
42,S5,LatCrit,local,local,0,local,local,0,0.5064378380775452,0.4652596116065979,-0.041178226470947266,0.004242484457790852,0.08235643804073334,0.5064378380775452,0.4652596116065979,0.2288063019514084,0.26351988315582275,0.26475587487220764,0.27122050523757935
42,S5,ComHvy,local,local,0,local,local,0,0.5654504299163818,0.5443384647369385,-0.02111196517944336,0.0009069265797734261,0.04222393035888672,0.5654504299163818,0.5443384647369385,0.20763550698757172,0.21653804183006287,0.22691404819488525,0.23912347853183746
42,S5,BWHvy,local,local,0,local,local,0,0.4392040967941284,0.4397134780883789,0.0005093812942504883,0.00019692350178956985,0.01535332202911377,0.4392040967941284,0.4397134780883789,0.2974485754966736,0.2897719144821167,0.263347327709198,0.2705146074295044
42,S6,LatCrit,local,local,0,BS1,local,1,0.4992639422416687,0.5413171052932739,0.042053163051605225,0.0035741813480854034,0.08410634100437164,0.4992639422416687,0.5413171052932739,0.25537174940109253,0.23162218928337097,0.24536432325839996,0.2270607054233551
42,S6,ComHvy,local,local,0,local,local,0,0.5017837882041931,0.4788692593574524,-0.022914528846740723,0.0017589791677892208,0.05230635404586792,0.5017837882041931,0.4788692593574524,0.26857054233551025,0.2947237491607666,0.22964565455913544,0.2264070361852646
42,S6,BWHvy,local,local,0,local,local,0,0.47585296630859375,0.5029040575027466,0.027051091194152832,0.0017328504472970963,0.05410216748714447,0.47585296630859375,0.5029040575027466,0.24701590836048126,0.24222323298454285,0.2771311104297638,0.25487270951271057
42,S7,LatCrit,local,local,0,local,local,0,0.513795018196106,0.5230202674865723,0.009225249290466309,0.00026533042546361685,0.018450528383255005,0.513795018196106,0.5230202674865723,0.20747461915016174,0.1988893747329712,0.2787303924560547,0.27809035778045654
42,S7,ComHvy,local,local,0,local,local,0,0.5439103841781616,0.5468791723251343,0.0029687881469726562,0.0003070654347538948,0.019266530871391296,0.5439103841781616,0.5468791723251343,0.21496187150478363,0.22162634134292603,0.24112777411937714,0.2314945012331009
42,S7,BWHvy,local,local,0,local,local,0,0.542397141456604,0.4961479902267456,-0.0462491512298584,0.0054905004799366,0.09249827265739441,0.542397141456604,0.4961479902267456,0.21113978326320648,0.25077560544013977,0.2464631050825119,0.2530764043331146
42,S8,LatCrit,local,local,0,local,local,0,0.4980891942977905,0.5006917715072632,0.0026025772094726562,0.0009796395897865295,0.033635690808296204,0.4980891942977905,0.5006917715072632,0.24506036937236786,0.2592756450176239,0.2568504512310028,0.2400326132774353
42,S8,ComHvy,local,local,0,local,local,0,0.5002151727676392,0.4609110355377197,-0.039304137229919434,0.0033470485359430313,0.07860831916332245,0.5002151727676392,0.4609110355377197,0.23759891092777252,0.24781352281570435,0.2621859014034271,0.2912754714488983
42,S8,BWHvy,local,local,0,local,local,0,0.5378665328025818,0.5417824387550354,0.003915905952453613,0.0015008151531219482,0.04082342982292175,0.5378665328025818,0.5417824387550354,0.25587931275367737,0.2354675978422165,0.20625415444374084,0.2227499634027481
43,S1,LatCrit,local,local,0,BS2,BS2,0,0.4875486493110657,0.48968350887298584,0.002134859561920166,0.000539638102054596,0.02551749348640442,0.4875486493110657,0.48968350887298584,0.22486162185668945,0.2354855239391327,0.2875897288322449,0.27483099699020386
43,S1,ComHvy,local,local,0,local,local,0,0.5154373049736023,0.5049355030059814,-0.01050180196762085,0.0015049166977405548,0.046783581376075745,0.5154373049736023,0.5049355030059814,0.25083914399147034,0.2742308974266052,0.23372358083724976,0.22083355486392975
43,S1,BWHvy,local,local,0,local,local,0,0.5411900877952576,0.531359851360321,-0.009830236434936523,0.0004490707069635391,0.027574747800827026,0.5411900877952576,0.531359851360321,0.16039471328258514,0.15643756091594696,0.2984151840209961,0.3122025430202484
43,S2,LatCrit,local,local,0,BS2,BS2,0,0.3923196792602539,0.38644498586654663,-0.005874693393707275,0.0010214149951934814,0.04043233394622803,0.3923196792602539,0.38644498586654663,0.2703583240509033,0.2560168504714966,0.3373219966888428,0.3575381636619568
43,S2,ComHvy,local,local,0,local,local,0,0.46537184715270996,0.4762451648712158,0.01087331771850586,0.00038489699363708496,0.022901475429534912,0.46537184715270996,0.4762451648712158,0.274051308631897,0.27462872862815857,0.26057684421539307,0.2491261065006256
43,S2,BWHvy,local,local,0,local,local,0,0.49362802505493164,0.4836045503616333,-0.01002347469329834,0.0003284209524281323,0.021168991923332214,0.49362802505493164,0.4836045503616333,0.24233098328113556,0.25291547179222107,0.264041006565094,0.26347997784614563
43,S3,LatCrit,local,local,0,local,local,0,0.48405033349990845,0.48473942279815674,0.000689089298248291,5.3334981203079224e-05,0.007935777306556702,0.48405033349990845,0.48473942279815674,0.2350657880306244,0.23109789192676544,0.28088390827178955,0.284162700176239
43,S3,ComHvy,local,local,0,BS1,BS1,0,0.46628040075302124,0.48278796672821045,0.01650756597518921,0.0028634779155254364,0.06542009115219116,0.46628040075302124,0.48278796672821045,0.25498339533805847,0.27118587493896484,0.2787362039089203,0.2460261583328247
43,S3,BWHvy,local,local,0,local,local,0,0.4683602452278137,0.4497408866882324,-0.0186193585395813,0.0010368243092671037,0.03723868727684021,0.4683602452278137,0.4497408866882324,0.20749753713607788,0.2243841290473938,0.3241422176361084,0.3258749544620514
43,S4,LatCrit,local,local,0,local,local,0,0.42924243211746216,0.4410189986228943,0.011776566505432129,0.0005303565412759781,0.028227299451828003,0.42924243211746216,0.4410189986228943,0.28628474473953247,0.28862181305885315,0.28447282314300537,0.2703591585159302
43,S4,ComHvy,local,local,0,local,local,0,0.5239127278327942,0.5139749050140381,-0.009937822818756104,0.0002086469903588295,0.01987561583518982,0.5239127278327942,0.5139749050140381,0.2228085994720459,0.22909513115882874,0.2532786726951599,0.2569299340248108
43,S4,BWHvy,local,local,0,local,local,0,0.474342942237854,0.47357475757598877,-0.0007681846618652344,0.00016341079026460648,0.013651207089424133,0.474342942237854,0.47357475757598877,0.20563608407974243,0.1995786875486374,0.3200209438800812,0.32684656977653503
43,S5,LatCrit,local,local,0,local,local,0,0.5701431035995483,0.5620883703231812,-0.008054733276367188,0.00013246294111013412,0.01610948145389557,0.5701431035995483,0.5620883703231812,0.23357988893985748,0.2376263588666916,0.19627702236175537,0.20028530061244965
43,S5,ComHvy,local,local,0,local,local,0,0.4546366333961487,0.46670299768447876,0.012066364288330078,0.0002972446382045746,0.02413269877433777,0.4546366333961487,0.46670299768447876,0.2986263930797577,0.29095035791397095,0.24673695862293243,0.2423466593027115
43,S5,BWHvy,local,local,0,local,local,0,0.4687715768814087,0.45403242111206055,-0.014739155769348145,0.0005026292055845261,0.029478341341018677,0.4687715768814087,0.45403242111206055,0.25537556409835815,0.2581900656223297,0.27585285902023315,0.28777754306793213
43,S6,LatCrit,local,local,0,local,local,0,0.5264047384262085,0.5458537936210632,0.019449055194854736,0.001010645180940628,0.03889816999435425,0.5264047384262085,0.5458537936210632,0.2762959599494934,0.2721846401691437,0.19729936122894287,0.1819615662097931
43,S6,ComHvy,local,local,0,local,local,0,0.47757869958877563,0.46953076124191284,-0.008047938346862793,0.00014736107550561428,0.016095876693725586,0.47757869958877563,0.46953076124191284,0.28396767377853394,0.2904994785785675,0.23845364153385162,0.23996977508068085
43,S6,BWHvy,local,local,0,local,local,0,0.46168428659439087,0.4961252808570862,0.03444099426269531,0.0026285257190465927,0.06888195872306824,0.46168428659439087,0.4961252808570862,0.25404688715934753,0.24551764130592346,0.2842687666416168,0.25835704803466797
43,S7,LatCrit,local,local,0,local,local,0,0.5051231980323792,0.5368763208389282,0.03175312280654907,0.002116050571203232,0.06350627541542053,0.5051231980323792,0.5368763208389282,0.23084591329097748,0.21154887974262238,0.2640308737754822,0.2515747547149658
43,S7,ComHvy,local,local,0,local,local,0,0.5018279552459717,0.47973519563674927,-0.022092759609222412,0.0010694023221731186,0.044185519218444824,0.5018279552459717,0.47973519563674927,0.22817879915237427,0.24329710006713867,0.26999324560165405,0.27696770429611206
43,S7,BWHvy,local,local,0,local,local,0,0.5344610214233398,0.5105624198913574,-0.023898601531982422,0.0011529643088579178,0.04779721796512604,0.5344610214233398,0.5105624198913574,0.21861623227596283,0.22832611203193665,0.24692276120185852,0.2611114978790283
43,S8,LatCrit,local,local,0,local,local,0,0.5212568640708923,0.5045875310897827,-0.01666933298110962,0.0009168292745016515,0.03390908241271973,0.5212568640708923,0.5045875310897827,0.21184125542640686,0.22879579663276672,0.2669019103050232,0.26661670207977295
43,S8,ComHvy,local,local,0,local,local,0,0.5092014074325562,0.4959501624107361,-0.013251245021820068,0.002106614410877228,0.05498708784580231,0.5092014074325562,0.4959501624107361,0.261788010597229,0.24754571914672852,0.22901056706905365,0.2565041184425354
43,S8,BWHvy,local,local,0,local,local,0,0.5280523300170898,0.5634082555770874,0.03535592555999756,0.002641834318637848,0.07071185111999512,0.5280523300170898,0.5634082555770874,0.2396688163280487,0.21691453456878662,0.23227888345718384,0.21967723965644836
44,S1,LatCrit,local,local,0,local,local,0,0.48902779817581177,0.49156081676483154,0.0025330185890197754,3.5594217479228973e-05,0.0077314674854278564,0.48902779817581177,0.49156081676483154,0.2076568454504013,0.20898957550525665,0.3033153712749481,0.2994496524333954
44,S1,ComHvy,local,local,0,local,local,0,0.49038034677505493,0.49908655881881714,0.008706212043762207,0.0012636911123991013,0.039149701595306396,0.49038034677505493,0.49908655881881714,0.30445119738578796,0.31531983613967896,0.2051684558391571,0.1855936050415039
44,S1,BWHvy,local,local,0,local,local,0,0.5495924949645996,0.5273839235305786,-0.022208571434020996,0.001050170511007309,0.04441705346107483,0.5495924949645996,0.5273839235305786,0.1752789169549942,0.18020938336849213,0.2751286029815674,0.2924066185951233
44,S2,LatCrit,local,local,0,local,local,0,0.43400251865386963,0.42097753286361694,-0.013024985790252686,0.001935684122145176,0.05397340655326843,0.43400251865386963,0.42097753286361694,0.2365124523639679,0.2634991407394409,0.32948505878448486,0.31552332639694214
44,S2,ComHvy,local,local,0,local,local,0,0.45544856786727905,0.48863649368286133,0.033187925815582275,0.002435848116874695,0.06637588143348694,0.45544856786727905,0.48863649368286133,0.22942034900188446,0.22276552021503448,0.3151310980319977,0.288597971200943
44,S2,BWHvy,local,local,0,BS1,BS1,0,0.4933757781982422,0.4823773503303528,-0.010998427867889404,0.00040277530206367373,0.02337639033794403,0.4933757781982422,0.4823773503303528,0.23843784630298615,0.25012603402137756,0.26818639039993286,0.26749661564826965
44,S3,LatCrit,local,local,0,local,local,0,0.47876834869384766,0.4982615113258362,0.019493162631988525,0.0009647139813750982,0.03898631036281586,0.47876834869384766,0.4982615113258362,0.2823188602924347,0.26474836468696594,0.23891279101371765,0.23699013888835907
44,S3,ComHvy,local,local,0,local,local,0,0.5191112756729126,0.5402675867080688,0.02115631103515625,0.0009597772732377052,0.0423126220703125,0.5191112756729126,0.5402675867080688,0.23444847762584686,0.22778092324733734,0.24644020199775696,0.23195144534111023
44,S3,BWHvy,local,local,0,local,local,0,0.46837955713272095,0.4526033401489258,-0.015776216983795166,0.0006011519581079483,0.03155246376991272,0.46837955713272095,0.4526033401489258,0.2504478394985199,0.2525898814201355,0.28117260336875916,0.2948068082332611
44,S4,LatCrit,local,local,0,BS2,local,1,0.44579213857650757,0.49019771814346313,0.044405579566955566,0.004796498455107212,0.08881111443042755,0.44579213857650757,0.49019771814346313,0.2625194787979126,0.22749526798725128,0.29168838262557983,0.28230705857276917
44,S4,ComHvy,local,local,0,local,local,0,0.5104644894599915,0.5178529024124146,0.007388412952423096,0.0001511306327302009,0.014776840806007385,0.5104644894599915,0.5178529024124146,0.26001858711242676,0.25294697284698486,0.2295168936252594,0.229200080037117
44,S4,BWHvy,local,local,0,local,local,0,0.46383464336395264,0.460746705532074,-0.003087937831878662,0.0032120924443006516,0.06154659390449524,0.46383464336395264,0.460746705532074,0.2971535623073578,0.26946821808815,0.2390117645263672,0.269785076379776
44,S5,LatCrit,local,local,0,local,local,0,0.46988344192504883,0.4563019871711731,-0.013581454753875732,0.0010430430993437767,0.03928793966770172,0.46988344192504883,0.4563019871711731,0.23439212143421173,0.2540360987186432,0.29572442173957825,0.2896619141101837
44,S5,ComHvy,local,local,0,local,local,0,0.5237784385681152,0.5085448026657104,-0.015233635902404785,0.0008963672444224358,0.03845633566379547,0.5237784385681152,0.5085448026657104,0.28115415573120117,0.3003823459148407,0.1950674057006836,0.19107289612293243
44,S5,BWHvy,local,local,0,BS1,BS1,0,0.436600923538208,0.42965203523635864,-0.006948888301849365,0.0007404116913676262,0.0346844345331192,0.436600923538208,0.42965203523635864,0.31439778208732605,0.33174002170562744,0.24900124967098236,0.23860794305801392
44,S6,LatCrit,local,local,0,local,local,0,0.5096411108970642,0.5666545629501343,0.05701345205307007,0.0067106205970048904,0.11402691900730133,0.5096411108970642,0.5666545629501343,0.2316247820854187,0.19943825900554657,0.2587341368198395,0.23390719294548035
44,S6,ComHvy,local,local,0,local,local,0,0.5008790493011475,0.4943356513977051,-0.006543397903442383,0.000584903173148632,0.02954167127609253,0.5008790493011475,0.4943356513977051,0.2691303789615631,0.28390124440193176,0.22999052703380585,0.22176311910152435
44,S6,BWHvy,local,local,0,local,local,0,0.5019506812095642,0.5253043174743652,0.023353636264801025,0.0030846931040287018,0.0682763010263443,0.5019506812095642,0.5253043174743652,0.2221442312002182,0.23292876780033112,0.2759050726890564,0.24176694452762604
44,S7,LatCrit,local,local,0,local,local,0,0.49819135665893555,0.49467533826828003,-0.0035160183906555176,5.670101381838322e-05,0.00884447991847992,0.49819135665893555,0.49467533826828003,0.22586233913898468,0.23028457164764404,0.27594631910324097,0.2750400900840759
44,S7,ComHvy,local,local,0,local,local,0,0.5244778394699097,0.5478664040565491,0.023388564586639404,0.0017745345830917358,0.050658077001571655,0.5244778394699097,0.5478664040565491,0.20368722081184387,0.2056276947259903,0.27183493971824646,0.24650590121746063
44,S7,BWHvy,local,local,0,local,local,0,0.49657851457595825,0.45131146907806396,-0.04526704549789429,0.00490596704185009,0.09053406119346619,0.49657851457595825,0.45131146907806396,0.25002753734588623,0.2878437936306,0.2533939778804779,0.26084473729133606
44,S8,LatCrit,local,local,0,local,local,0,0.5167357921600342,0.5132488012313843,-0.0034869909286499023,2.671428956091404e-05,0.006973952054977417,0.5167357921600342,0.5132488012313843,0.20809781551361084,0.20884931087493896,0.27516642212867737,0.27790188789367676
44,S8,ComHvy,local,local,0,local,local,0,0.4836600422859192,0.4711999297142029,-0.012460112571716309,0.0011039730161428452,0.04257574677467346,0.4836600422859192,0.4711999297142029,0.23693381249904633,0.2281060367822647,0.2794061601161957,0.3006940186023712
44,S8,BWHvy,local,local,0,local,local,0,0.46598607301712036,0.48986881971359253,0.023882746696472168,0.0016532095614820719,0.047765493392944336,0.46598607301712036,0.48986881971359253,0.27598798274993896,0.25248923897743225,0.2580259442329407,0.2576419413089752
45,S1,LatCrit,local,local,0,local,local,0,0.5393995642662048,0.5547419786453247,0.015342414379119873,0.000529048964381218,0.03068476915359497,0.5393995642662048,0.5547419786453247,0.21841216087341309,0.20774629712104797,0.2421882599592209,0.2375117689371109
45,S1,ComHvy,local,local,0,local,local,0,0.46820068359375,0.4737558960914612,0.005555212497711182,0.0024878941476345062,0.05621133744716644,0.46820068359375,0.4737558960914612,0.24646465480327606,0.2690151035785675,0.28533467650413513,0.2572290003299713
45,S1,BWHvy,local,local,0,local,local,0,0.48816633224487305,0.5010241270065308,0.012857794761657715,0.001338236965239048,0.04527784883975983,0.48816633224487305,0.5010241270065308,0.2788352370262146,0.2561962902545929,0.23299841582775116,0.24277952313423157
45,S2,LatCrit,local,local,0,local,local,0,0.5102593898773193,0.46345990896224976,-0.04679948091506958,0.0043908413499593735,0.09359893202781677,0.5102593898773193,0.46345990896224976,0.19733957946300507,0.21660847961902618,0.2924010455608368,0.31993159651756287
45,S2,ComHvy,local,local,0,local,local,0,0.49017226696014404,0.5110923051834106,0.0209200382232666,0.0011462066322565079,0.041840121150016785,0.49017226696014404,0.5110923051834106,0.21516846120357513,0.21423301100730896,0.294659286737442,0.274674654006958
45,S2,BWHvy,local,local,0,local,local,0,0.4553421139717102,0.44173187017440796,-0.013610243797302246,0.0007897838950157166,0.03741845488548279,0.4553421139717102,0.44173187017440796,0.22232134640216827,0.21722234785556793,0.3223365545272827,0.3410457670688629
45,S3,LatCrit,local,local,0,BS1,BS1,0,0.4711701273918152,0.4910110831260681,0.01984095573425293,0.0009235914330929518,0.03968195617198944,0.4711701273918152,0.4910110831260681,0.28881901502609253,0.2722409963607788,0.24001088738441467,0.23674790561199188
45,S3,ComHvy,local,local,0,local,local,0,0.5286630392074585,0.5317126512527466,0.003049612045288086,0.00015204492956399918,0.014538034796714783,0.5286630392074585,0.5317126512527466,0.26976415514945984,0.26249513030052185,0.20157280564308167,0.20579220354557037
45,S3,BWHvy,local,local,0,local,local,0,0.5112509727478027,0.5190757513046265,0.00782477855682373,0.0008651930838823318,0.03471991419792175,0.5112509727478027,0.5190757513046265,0.23223096132278442,0.24176612496376038,0.25651806592941284,0.23915809392929077
45,S4,LatCrit,local,local,0,local,local,0,0.42733412981033325,0.4217749238014221,-0.005559206008911133,0.0013619493693113327,0.04382696747779846,0.42733412981033325,0.4217749238014221,0.31692638993263245,0.30057212710380554,0.2557394802570343,0.2776529788970947
45,S4,ComHvy,local,local,0,local,local,0,0.5042529702186584,0.5044087171554565,0.0001557469367980957,0.00040516071021556854,0.020138069987297058,0.5042529702186584,0.5044087171554565,0.23773038387298584,0.22766132652759552,0.2580166757106781,0.26792994141578674
45,S4,BWHvy,local,local,0,local,local,0,0.47300124168395996,0.4757006764411926,0.002699434757232666,0.0010017044842243195,0.03479097783565521,0.47300124168395996,0.4757006764411926,0.2656077444553375,0.24821226298809052,0.2613909840583801,0.27608704566955566
45,S5,LatCrit,local,local,0,local,local,0,0.3737478256225586,0.3964118957519531,0.02266407012939453,0.0010862424969673157,0.04532814025878906,0.3737478256225586,0.3964118957519531,0.2739396095275879,0.262786328792572,0.3523125648498535,0.34080177545547485
45,S5,ComHvy,local,local,0,local,local,0,0.5764553546905518,0.562105655670166,-0.014349699020385742,0.0009765205904841423,0.03760133683681488,0.5764553546905518,0.562105655670166,0.22501301765441895,0.2438136786222458,0.1985315978527069,0.19408062100410461
45,S5,BWHvy,local,local,0,local,local,0,0.46361565589904785,0.4625518321990967,-0.0010638236999511719,0.00016642175614833832,0.01380552351474762,0.46361565589904785,0.4625518321990967,0.3299601078033447,0.3241211771965027,0.20642423629760742,0.21332700550556183
45,S6,LatCrit,local,local,0,local,local,0,0.4384429454803467,0.4619216322898865,0.023478686809539795,0.0012843445874750614,0.0469573438167572,0.4384429454803467,0.4619216322898865,0.2904583215713501,0.27164962887763977,0.2710987329483032,0.26642876863479614
45,S6,ComHvy,local,local,0,local,local,0,0.4951830506324768,0.47118550539016724,-0.02399754524230957,0.001241086982190609,0.047995105385780334,0.4951830506324768,0.47118550539016724,0.1866232305765152,0.20025435090065002,0.3181937038898468,0.32856014370918274
45,S6,BWHvy,local,local,0,local,local,0,0.4897637963294983,0.47121065855026245,-0.01855313777923584,0.0007058726623654366,0.03710630536079407,0.4897637963294983,0.47121065855026245,0.20270080864429474,0.20802362263202667,0.3075353801250458,0.32076573371887207
45,S7,LatCrit,local,local,0,BS2,BS2,0,0.5777548551559448,0.5780054330825806,0.0002505779266357422,0.00013792980462312698,0.01062735915184021,0.5777548551559448,0.5780054330825806,0.14514194428920746,0.15020506083965302,0.2771032154560089,0.27178955078125
45,S7,ComHvy,local,local,0,local,local,0,0.47655588388442993,0.45362669229507446,-0.02292919158935547,0.0028024837374687195,0.06764401495456696,0.47655588388442993,0.45362669229507446,0.25938141345977783,0.24848859012126923,0.26406270265579224,0.2978847026824951
45,S7,BWHvy,local,local,0,local,local,0,0.5405069589614868,0.5026090145111084,-0.03789794445037842,0.0029993653297424316,0.07579588890075684,0.5405069589614868,0.5026090145111084,0.22564853727817535,0.25001925230026245,0.23384448885917664,0.24737171828746796
45,S8,LatCrit,local,local,0,local,local,0,0.5232785940170288,0.5084477663040161,-0.014830827713012695,0.0014678854495286942,0.04575987160205841,0.5232785940170288,0.5084477663040161,0.25942718982696533,0.2513780891895294,0.21729421615600586,0.24017415940761566
45,S8,ComHvy,local,local,0,local,local,0,0.4572978615760803,0.4328848123550415,-0.02441304922103882,0.0012447088956832886,0.04882609844207764,0.4572978615760803,0.4328848123550415,0.2107096165418625,0.2233654111623764,0.331992506980896,0.3437497615814209
45,S8,BWHvy,local,local,0,local,local,0,0.491970419883728,0.493940532207489,0.0019701123237609863,0.00012216344475746155,0.012774661183357239,0.491970419883728,0.493940532207489,0.2625047266483307,0.25611740350723267,0.24552485346794128,0.24994207918643951
46,S1,LatCrit,local,local,0,local,local,0,0.5344836711883545,0.5729993581771851,0.038515686988830566,0.0030394159257411957,0.0770314484834671,0.5344836711883545,0.5729993581771851,0.2713991105556488,0.25124043226242065,0.1941172480583191,0.1757601648569107
46,S1,ComHvy,local,local,0,local,local,0,0.41119879484176636,0.4136199951171875,0.0024212002754211426,0.0005914801731705666,0.027163386344909668,0.41119879484176636,0.4136199951171875,0.23232968151569366,0.21874795854091644,0.35647153854370117,0.3676320016384125
46,S1,BWHvy,local,local,0,local,local,0,0.4900917410850525,0.49143755435943604,0.001345813274383545,0.0002553807571530342,0.01732894778251648,0.4900917410850525,0.49143755435943604,0.25439441204071045,0.26171308755874634,0.2555138170719147,0.24684935808181763
46,S2,LatCrit,local,local,0,local,local,0,0.5032016038894653,0.4988781213760376,-0.004323482513427734,0.00041713938117027283,0.02359624207019806,0.5032016038894653,0.4988781213760376,0.26579010486602783,0.2583155035972595,0.23100826144218445,0.24280641973018646
46,S2,ComHvy,local,local,0,local,local,0,0.5205421447753906,0.5280880331993103,0.007545888423919678,0.00021016458049416542,0.017227530479431152,0.5205421447753906,0.5280880331993103,0.24747225642204285,0.23885847628116608,0.23198561370372772,0.23305347561836243
46,S2,BWHvy,local,local,0,local,local,0,0.5012228488922119,0.4954489469528198,-0.00577390193939209,0.00010949233546853065,0.01294216513633728,0.5012228488922119,0.4954489469528198,0.22335250675678253,0.2226553112268448,0.27542468905448914,0.2818957567214966
46,S3,LatCrit,local,local,0,local,local,0,0.5392948985099792,0.5694260597229004,0.030131161212921143,0.00192938931286335,0.060262247920036316,0.5392948985099792,0.5694260597229004,0.2712016999721527,0.2493298202753067,0.18950338661670685,0.18124417960643768
46,S3,ComHvy,local,local,0,local,local,0,0.4922751188278198,0.48254525661468506,-0.009729862213134766,0.00040699075907468796,0.02348998188972473,0.4922751188278198,0.48254525661468506,0.2874625623226166,0.2854474186897278,0.220262348651886,0.23200732469558716
46,S3,BWHvy,local,local,0,local,local,0,0.45722806453704834,0.4941544532775879,0.03692638874053955,0.0029711928218603134,0.0738527923822403,0.45722806453704834,0.4941544532775879,0.2742721736431122,0.26312458515167236,0.2684997618198395,0.24272094666957855
46,S4,LatCrit,local,local,0,local,local,0,0.41955995559692383,0.4012613296508789,-0.018298625946044922,0.0014831884764134884,0.04875096678733826,0.41955995559692383,0.4012613296508789,0.27792322635650635,0.3022986948490143,0.3025168180465698,0.2964399456977844
46,S4,ComHvy,local,local,0,local,local,0,0.5365662574768066,0.507543683052063,-0.029022574424743652,0.002329934388399124,0.0580451637506485,0.5365662574768066,0.507543683052063,0.22171880304813385,0.22267401218414307,0.24171489477157593,0.26978227496147156
46,S4,BWHvy,local,local,0,local,local,0,0.44948482513427734,0.47784584760665894,0.028361022472381592,0.0017513222992420197,0.056722089648246765,0.44948482513427734,0.47784584760665894,0.25360220670700073,0.2347625344991684,0.2969129979610443,0.2873916029930115
46,S5,LatCrit,local,local,0,local,local,0,0.44139862060546875,0.4636384844779968,0.022239863872528076,0.0027064047753810883,0.06591680645942688,0.44139862060546875,0.4636384844779968,0.2574876844882965,0.26820623874664307,0.30111369490623474,0.2681553065776825
46,S5,ComHvy,local,local,0,local,local,0,0.47864580154418945,0.5057271718978882,0.02708137035369873,0.0021539349108934402,0.054162800312042236,0.47864580154418945,0.5057271718978882,0.25327184796333313,0.2527998089790344,0.2680824100971222,0.2414730191230774
46,S5,BWHvy,local,local,0,local,local,0,0.47181636095046997,0.47385525703430176,0.002038896083831787,0.0006783166900277138,0.028652623295783997,0.47181636095046997,0.47385525703430176,0.3059127628803253,0.2915864586830139,0.2222708761692047,0.23455829918384552
46,S6,LatCrit,local,local,0,local,local,0,0.45986074209213257,0.4254741072654724,-0.034386634826660156,0.0024458616971969604,0.0687732994556427,0.45986074209213257,0.4254741072654724,0.272819459438324,0.2937730848789215,0.26731979846954346,0.28075283765792847
46,S6,ComHvy,local,local,0,BS2,BS2,0,0.539004921913147,0.5178539752960205,-0.021150946617126465,0.0038562901318073273,0.07732437551021576,0.539004921913147,0.5178539752960205,0.20136496424674988,0.18385370075702667,0.25963014364242554,0.2982923090457916
46,S6,BWHvy,local,local,0,local,local,0,0.5302150845527649,0.5013529062271118,-0.028862178325653076,0.0022702664136886597,0.057864606380462646,0.5302150845527649,0.5013529062271118,0.2012532651424408,0.20118314027786255,0.2685316801071167,0.297463983297348
46,S7,LatCrit,local,local,0,local,local,0,0.5614520311355591,0.5627509951591492,0.0012989640235900879,0.000396043062210083,0.019835159182548523,0.5614520311355591,0.5627509951591492,0.1819360852241516,0.19055472314357758,0.2566118538379669,0.24669429659843445
46,S7,ComHvy,local,local,0,local,local,0,0.4553954005241394,0.42997515201568604,-0.02542024850845337,0.0014315396547317505,0.05084046721458435,0.4553954005241394,0.42997515201568604,0.27022597193717957,0.2768823802471161,0.27437862753868103,0.2931424379348755
46,S7,BWHvy,local,local,0,local,local,0,0.5654165744781494,0.5647531747817993,-0.0006633996963500977,2.823857357725501e-06,0.0018150657415390015,0.5654165744781494,0.5647531747817993,0.17873989045619965,0.17964741587638855,0.25584354996681213,0.25559940934181213
46,S8,LatCrit,local,local,0,BS1,BS1,0,0.4577507972717285,0.44200295209884644,-0.01574784517288208,0.001092415302991867,0.03730666637420654,0.4577507972717285,0.44200295209884644,0.33782947063446045,0.33492398262023926,0.20441973209381104,0.2230730652809143
46,S8,ComHvy,local,local,0,local,local,0,0.45865797996520996,0.4630911350250244,0.004433155059814453,0.00013127783313393593,0.014602482318878174,0.45865797996520996,0.4630911350250244,0.2890831232070923,0.2817818820476532,0.25225892663002014,0.2551270127296448
46,S8,BWHvy,local,local,0,local,local,0,0.369709312915802,0.3794659972190857,0.009756684303283691,0.0003194168384652585,0.020259469747543335,0.369709312915802,0.3794659972190857,0.27298638224601746,0.2628566324710846,0.35730433464050293,0.3576773703098297
47,S1,LatCrit,local,local,0,local,local,0,0.49386298656463623,0.5113387107849121,0.01747572422027588,0.0014350805431604385,0.04516243934631348,0.49386298656463623,0.5113387107849121,0.25547248125076294,0.2605779767036438,0.25066453218460083,0.2280833125114441
47,S1,ComHvy,local,local,0,local,local,0,0.5486845970153809,0.5430614948272705,-0.0056231021881103516,0.0008654575794935226,0.03318382799625397,0.5486845970153809,0.5430614948272705,0.19846563041210175,0.18749681115150452,0.2528497576713562,0.2694416642189026
47,S1,BWHvy,local,local,0,local,local,0,0.5422012805938721,0.5578153133392334,0.015614032745361328,0.0007622515549883246,0.03168201446533203,0.5422012805938721,0.5578153133392334,0.24232587218284607,0.22648485004901886,0.21547283232212067,0.21569979190826416
47,S2,LatCrit,local,local,0,local,local,0,0.6010012626647949,0.5818651914596558,-0.01913607120513916,0.0013506747782230377,0.04293192923069,0.6010012626647949,0.5818651914596558,0.1883915364742279,0.18606163561344147,0.21060717105865479,0.2320731282234192
47,S2,ComHvy,local,local,0,local,local,0,0.48688018321990967,0.5014424324035645,0.014562249183654785,0.0006666462868452072,0.03028140962123871,0.48688018321990967,0.5014424324035645,0.24962680041790009,0.25020524859428406,0.26349303126335144,0.2483523190021515
47,S2,BWHvy,local,local,0,local,local,0,0.5410512685775757,0.5365864634513855,-0.0044648051261901855,6.569774996023625e-05,0.009187474846839905,0.5410512685775757,0.5365864634513855,0.22047293186187744,0.22506669163703918,0.2384757697582245,0.2383468598127365
47,S3,LatCrit,local,local,0,local,local,0,0.46762287616729736,0.480684757232666,0.013061881065368652,0.002421269193291664,0.054482728242874146,0.46762287616729736,0.480684757232666,0.3226874768733978,0.33686694502830505,0.2096896767616272,0.18244829773902893
47,S3,ComHvy,local,local,0,local,local,0,0.550727128982544,0.5473781228065491,-0.003349006175994873,5.730288103222847e-05,0.008683249354362488,0.550727128982544,0.5473781228065491,0.24284696578979492,0.24185433983802795,0.20642590522766113,0.21076752245426178
47,S3,BWHvy,local,local,0,local,local,0,0.47595393657684326,0.5144715309143066,0.03851759433746338,0.004570789635181427,0.07703515887260437,0.47595393657684326,0.5144715309143066,0.17280413210391998,0.14261357486248016,0.35124194622039795,0.3429149389266968
47,S4,LatCrit,local,local,0,BS1,BS1,0,0.4499022960662842,0.43863463401794434,-0.011267662048339844,0.0007397178560495377,0.03357782959938049,0.4499022960662842,0.43863463401794434,0.24734798073768616,0.2641368806362152,0.30274975299835205,0.29722848534584045
47,S4,ComHvy,local,local,0,local,local,0,0.5453192591667175,0.548346996307373,0.0030277371406555176,0.0015003308653831482,0.03972943127155304,0.5453192591667175,0.548346996307373,0.2471780627965927,0.22731336951255798,0.20750266313552856,0.22433966398239136
47,S4,BWHvy,local,local,0,local,local,0,0.49576133489608765,0.5132404565811157,0.017479121685028076,0.001618076115846634,0.05137142539024353,0.49576133489608765,0.5132404565811157,0.3031243085861206,0.27743858098983765,0.20111438632011414,0.20932096242904663
47,S5,LatCrit,local,local,0,local,local,0,0.48739922046661377,0.5454003810882568,0.058001160621643066,0.007440332323312759,0.11600229144096375,0.48739922046661377,0.5454003810882568,0.20367050170898438,0.1922321915626526,0.30893027782440186,0.26236745715141296
47,S5,ComHvy,local,local,0,BS1,BS1,0,0.5094213485717773,0.5040539503097534,-0.005367398262023926,0.005389861762523651,0.07774367928504944,0.5094213485717773,0.5040539503097534,0.2641286551952362,0.30300045013427734,0.22645005583763123,0.19294556975364685
47,S5,BWHvy,local,local,0,local,local,0,0.4726039171218872,0.45086389780044556,-0.02174001932144165,0.0011678468436002731,0.0434800386428833,0.4726039171218872,0.45086389780044556,0.2445463091135025,0.24680586159229279,0.2828497886657715,0.30233025550842285
47,S6,LatCrit,local,local,0,local,local,0,0.5476796627044678,0.5538132190704346,0.006133556365966797,0.0031885262578725815,0.058819591999053955,0.5476796627044678,0.5538132190704346,0.21246369183063507,0.23573990166187286,0.23985667526721954,0.21044684946537018
47,S6,ComHvy,local,local,0,local,local,0,0.46959513425827026,0.4587298631668091,-0.010865271091461182,0.0021366607397794724,0.057118967175483704,0.46959513425827026,0.4587298631668091,0.28717121481895447,0.3157307207584381,0.24323365092277527,0.2255394607782364
47,S6,BWHvy,local,local,0,local,local,0,0.4513862729072571,0.4823833107948303,0.030997037887573242,0.003138624131679535,0.06858773529529572,0.4513862729072571,0.4823833107948303,0.24533864855766296,0.24863548576831818,0.30327504873275757,0.2689811885356903
47,S7,LatCrit,local,local,0,local,local,0,0.5803834199905396,0.5883053541183472,0.007921934127807617,0.00016666296869516373,0.015843912959098816,0.5803834199905396,0.5883053541183472,0.16251829266548157,0.15678106248378754,0.2570982873439789,0.2549135386943817
47,S7,ComHvy,local,local,0,local,local,0,0.5408867597579956,0.5080894231796265,-0.03279733657836914,0.0022462252527475357,0.06559473276138306,0.5408867597579956,0.5080894231796265,0.2504993677139282,0.2732734680175781,0.20861384272575378,0.2186371386051178
47,S7,BWHvy,local,local,0,local,local,0,0.5641850829124451,0.5789146423339844,0.014729559421539307,0.001166501548141241,0.0374094694852829,0.5641850829124451,0.5789146423339844,0.1977519541978836,0.17904721200466156,0.23806296288967133,0.24203813076019287
47,S8,LatCrit,local,local,0,local,local,0,0.4694194197654724,0.4607464075088501,-0.008673012256622314,0.004900701344013214,0.08053675293922424,0.4694194197654724,0.4607464075088501,0.2542988061904907,0.22270342707633972,0.27628180384635925,0.3165501654148102
47,S8,ComHvy,local,local,0,local,BS2,1,0.4893636107444763,0.47774815559387207,-0.011615455150604248,0.0022053010761737823,0.0568891316652298,0.4893636107444763,0.47774815559387207,0.25826677680015564,0.2414376586675644,0.25236964225769043,0.28081420063972473
47,S8,BWHvy,local,local,0,local,local,0,0.4795287251472473,0.5343515872955322,0.05482286214828491,0.007963331416249275,0.10964573919773102,0.4795287251472473,0.5343515872955322,0.2684638798236847,0.22008389234542847,0.2520073652267456,0.24556447565555573
48,S1,LatCrit,local,local,0,local,local,0,0.5163567066192627,0.5436203479766846,0.027263641357421875,0.0015013208612799644,0.05452731251716614,0.5163567066192627,0.5436203479766846,0.23587854206562042,0.2238379716873169,0.2477647364139557,0.23254163563251495
48,S1,ComHvy,local,local,0,local,local,0,0.4854373335838318,0.4716213345527649,-0.013815999031066895,0.00038414448499679565,0.027632027864456177,0.4854373335838318,0.4716213345527649,0.26227810978889465,0.2699635922908783,0.25228455662727356,0.2584151029586792
48,S1,BWHvy,local,local,0,local,local,0,0.4455804228782654,0.46841728687286377,0.02283686399459839,0.0026132389903068542,0.062193065881729126,0.4455804228782654,0.46841728687286377,0.28282415866851807,0.29108381271362305,0.27159544825553894,0.24049890041351318
48,S2,LatCrit,local,local,0,local,local,0,0.4664246439933777,0.44064605236053467,-0.025778591632843018,0.0013433173298835754,0.051557183265686035,0.4664246439933777,0.44064605236053467,0.2754577398300171,0.28902074694633484,0.2581176161766052,0.2703332006931305
48,S2,ComHvy,local,local,0,local,local,0,0.5020517110824585,0.5353764295578003,0.0333247184753418,0.002233976498246193,0.0666494220495224,0.5020517110824585,0.5353764295578003,0.21553456783294678,0.20234133303165436,0.2824137210845947,0.26228225231170654
48,S2,BWHvy,local,local,0,local,local,0,0.5232818126678467,0.5191349983215332,-0.0041468143463134766,0.00107632577419281,0.03600318729877472,0.5232818126678467,0.5191349983215332,0.2506456971168518,0.26864728331565857,0.2260724902153015,0.21221770346164703
48,S3,LatCrit,local,local,0,local,local,0,0.4336916208267212,0.43611079454421997,0.0024191737174987793,2.1498650312423706e-05,0.0057443976402282715,0.4336916208267212,0.43611079454421997,0.2781033217906952,0.27855634689331055,0.2882050573825836,0.2853328585624695
48,S3,ComHvy,local,local,0,local,local,0,0.4975414276123047,0.505508303642273,0.007966876029968262,0.000670483335852623,0.032400816679000854,0.4975414276123047,0.505508303642273,0.3145486116409302,0.29834821820259094,0.18790994584560394,0.1961434930562973
48,S3,BWHvy,local,local,0,local,local,0,0.5372288227081299,0.5568356513977051,0.019606828689575195,0.0008392478339374065,0.039213553071022034,0.5372288227081299,0.5568356513977051,0.20057092607021332,0.18846702575683594,0.2622002065181732,0.25469738245010376
48,S4,LatCrit,local,local,0,local,local,0,0.4687936305999756,0.47324639558792114,0.004452764987945557,0.000202312134206295,0.01735880970954895,0.4687936305999756,0.47324639558792114,0.25873279571533203,0.25005340576171875,0.2724735736846924,0.2767002284526825
48,S4,ComHvy,local,local,0,local,local,0,0.5284383296966553,0.5181452035903931,-0.010293126106262207,0.00042280845809727907,0.024461373686790466,0.5284383296966553,0.5181452035903931,0.23051059246063232,0.24274130165576935,0.24105104804039001,0.23911350965499878
48,S4,BWHvy,local,local,0,BS1,BS1,0,0.43010663986206055,0.43150800466537476,0.001401364803314209,9.951228275895119e-05,0.01131226122379303,0.43010663986206055,0.43150800466537476,0.34040001034736633,0.34465476870536804,0.22949336469173431,0.2238372266292572
48,S5,LatCrit,local,local,0,local,local,0,0.49093079566955566,0.5074954032897949,0.016564607620239258,0.0005492176860570908,0.033129215240478516,0.49093079566955566,0.5074954032897949,0.2052915096282959,0.19831010699272156,0.30377769470214844,0.2941944897174835
48,S5,ComHvy,local,local,0,local,local,0,0.44122159481048584,0.4646703004837036,0.023448705673217773,0.004082862287759781,0.08126324415206909,0.44122159481048584,0.4646703004837036,0.24785944819450378,0.26504236459732056,0.3109189569950104,0.27028733491897583
48,S5,BWHvy,local,local,0,local,local,0,0.5160509347915649,0.515272855758667,-0.0007780790328979492,2.9174843803048134e-05,0.006004661321640015,0.5160509347915649,0.515272855758667,0.23513327538967133,0.23290900886058807,0.24881580471992493,0.25181812047958374
48,S6,LatCrit,local,local,0,local,local,0,0.502704918384552,0.5020831823348999,-0.0006217360496520996,2.5962945073843002e-05,0.005622535943984985,0.502704918384552,0.5020831823348999,0.3129598796367645,0.3157711625099182,0.18433518707752228,0.18214567005634308
48,S6,ComHvy,local,local,0,local,local,0,0.42468053102493286,0.4084092974662781,-0.016271233558654785,0.0005601593293249607,0.03254246711730957,0.42468053102493286,0.4084092974662781,0.302602618932724,0.3132481873035431,0.27271685004234314,0.27834251523017883
48,S6,BWHvy,local,local,0,local,local,0,0.4418269395828247,0.44873857498168945,0.006911635398864746,0.0003526788204908371,0.023499488830566406,0.4418269395828247,0.44873857498168945,0.27514559030532837,0.26339584589004517,0.28302744030952454,0.287865549325943
48,S7,LatCrit,local,local,0,local,local,0,0.5612868070602417,0.5859586000442505,0.02467179298400879,0.0014649648219347,0.049343541264534,0.5612868070602417,0.5859586000442505,0.2329975664615631,0.22638782858848572,0.2057155817747116,0.1876535713672638
48,S7,ComHvy,local,local,0,local,local,0,0.48568570613861084,0.47266775369644165,-0.01301795244216919,0.0011654961854219437,0.04344284534454346,0.48568570613861084,0.47266775369644165,0.24410463869571686,0.2354011982679367,0.2702096104621887,0.29193106293678284
48,S7,BWHvy,local,local,0,local,local,0,0.4837573170661926,0.48627203702926636,0.0025147199630737305,0.0001047295518219471,0.012484580278396606,0.4837573170661926,0.48627203702926636,0.22262679040431976,0.22635434567928314,0.2936159074306488,0.2873736023902893
48,S8,LatCrit,local,local,0,BS1,BS1,0,0.48494410514831543,0.5030717849731445,0.0181276798248291,0.0008479079697281122,0.0362553745508194,0.48494410514831543,0.5030717849731445,0.23542001843452454,0.22041167318820953,0.2796359062194824,0.27651655673980713
48,S8,ComHvy,local,local,0,local,local,0,0.5139390230178833,0.5043435096740723,-0.009595513343811035,0.0001986529678106308,0.019191041588783264,0.5139390230178833,0.5043435096740723,0.2289116531610489,0.23534226417541504,0.2571493685245514,0.26031428575515747
48,S8,BWHvy,local,local,0,local,local,0,0.48199325799942017,0.49277788400650024,0.010784626007080078,0.00042080506682395935,0.02447769045829773,0.48199325799942017,0.49277788400650024,0.2583587169647217,0.2598129212856293,0.25964805483818054,0.24740919470787048
49,S1,LatCrit,local,local,0,local,local,0,0.5330288410186768,0.5487536787986755,0.01572483777999878,0.0006049242801964283,0.03144967555999756,0.5330288410186768,0.5487536787986755,0.20306634902954102,0.19145750999450684,0.2639048099517822,0.2597888112068176
49,S1,ComHvy,local,local,0,local,local,0,0.5943503379821777,0.600771963596344,0.00642162561416626,0.0007663769647479057,0.028669357299804688,0.5943503379821777,0.600771963596344,0.22335679829120636,0.23126986622810364,0.1822928488254547,0.16795818507671356
49,S1,BWHvy,local,local,0,local,local,0,0.5774803757667542,0.5968735218048096,0.01939314603805542,0.0007908307015895844,0.03878632187843323,0.5774803757667542,0.5968735218048096,0.19030016660690308,0.17998453974723816,0.23221945762634277,0.22314190864562988
49,S2,LatCrit,local,local,0,local,local,0,0.5307896137237549,0.5144928693771362,-0.016296744346618652,0.0005864547565579414,0.03259345889091492,0.5307896137237549,0.5144928693771362,0.20712533593177795,0.2179936170578003,0.26208505034446716,0.2675134837627411
49,S2,ComHvy,local,local,0,local,local,0,0.4146702289581299,0.4122687578201294,-0.0024014711380004883,0.00033627450466156006,0.022038191556930542,0.4146702289581299,0.4122687578201294,0.3073592483997345,0.31837835907936096,0.2779705226421356,0.26935291290283203
49,S2,BWHvy,local,local,0,BS2,BS2,0,0.5132297277450562,0.4779137969017029,-0.03531593084335327,0.0026794690638780594,0.07063186168670654,0.5132297277450562,0.4779137969017029,0.176392063498497,0.18234042823314667,0.31037822365760803,0.33974578976631165
49,S3,LatCrit,local,local,0,BS1,BS1,0,0.422171950340271,0.41239553689956665,-0.009776413440704346,0.0012789228931069374,0.04564949870109558,0.422171950340271,0.41239553689956665,0.2870253622531891,0.3098500967025757,0.2908026874065399,0.2777543365955353
49,S3,ComHvy,local,local,0,local,local,0,0.4747776389122009,0.44251835346221924,-0.03225928544998169,0.002741646021604538,0.06451855599880219,0.4747776389122009,0.44251835346221924,0.23357060551643372,0.23428352177143097,0.29165175557136536,0.3231981098651886
49,S3,BWHvy,local,local,0,local,local,0,0.488212525844574,0.48836028575897217,0.00014775991439819336,9.838258847594261e-05,0.010025888681411743,0.488212525844574,0.48836028575897217,0.21803340315818787,0.2130204737186432,0.29375404119491577,0.29861924052238464
49,S4,LatCrit,local,local,0,local,local,0,0.4368335008621216,0.4191570281982422,-0.017676472663879395,0.0012716855853796005,0.0422787070274353,0.4368335008621216,0.4191570281982422,0.32482609152793884,0.3213632106781006,0.23834040760993958,0.2594797611236572
49,S4,ComHvy,local,local,0,local,local,0,0.5145400762557983,0.5132180452346802,-0.001322031021118164,7.158075459301472e-05,0.009532362222671509,0.5145400762557983,0.5132180452346802,0.3008987009525299,0.30566489696502686,0.18456125259399414,0.18111711740493774
49,S4,BWHvy,local,local,0,local,local,0,0.5370818376541138,0.5370016098022461,-8.022785186767578e-05,1.3260054402053356e-05,0.003581807017326355,0.5370818376541138,0.5370016098022461,0.23343990743160248,0.23172922432422638,0.22947829961776733,0.23126919567584991
49,S5,LatCrit,local,local,0,BS2,local,1,0.5153367519378662,0.5574758052825928,0.04213905334472656,0.0036833174526691437,0.08427812159061432,0.5153367519378662,0.5574758052825928,0.17027707397937775,0.15985548496246338,0.31438618898391724,0.28266870975494385
49,S5,ComHvy,local,local,0,local,local,0,0.4828088879585266,0.46621841192245483,-0.016590476036071777,0.0008780385833233595,0.038001298904418945,0.4828088879585266,0.46621841192245483,0.3026023209095001,0.3216029703617096,0.21458877623081207,0.21217860281467438
49,S5,BWHvy,local,local,0,BS1,BS1,0,0.47194164991378784,0.4502224922180176,-0.021719157695770264,0.0021499209105968475,0.05731239914894104,0.47194164991378784,0.4502224922180176,0.2816396653652191,0.27470260858535767,0.24641868472099304,0.27507486939430237
49,S6,LatCrit,local,local,0,local,local,0,0.4536398649215698,0.4616716504096985,0.008031785488128662,0.0002824021503329277,0.02149270474910736,0.4536398649215698,0.4616716504096985,0.2464798241853714,0.24919438362121582,0.29988032579421997,0.2891339659690857
49,S6,ComHvy,local,local,0,local,local,0,0.5128946304321289,0.514157772064209,0.0012631416320800781,0.00014175288379192352,0.012895256280899048,0.5128946304321289,0.514157772064209,0.2350492775440216,0.24023377895355225,0.2520560920238495,0.24560847878456116
49,S6,BWHvy,local,local,0,BS2,BS2,0,0.42471009492874146,0.43654346466064453,0.011833369731903076,0.0002918913960456848,0.023666739463806152,0.42471009492874146,0.43654346466064453,0.22883586585521698,0.22545631229877472,0.34645402431488037,0.33800020813941956
49,S7,LatCrit,local,local,0,local,local,0,0.5116866827011108,0.5155053734779358,0.003818690776824951,9.297963697463274e-05,0.01049456000328064,0.5116866827011108,0.5155053734779358,0.1858864277601242,0.18063916265964508,0.30242684483528137,0.30385544896125793
49,S7,ComHvy,local,local,0,local,local,0,0.5346981287002563,0.5382665395736694,0.003568410873413086,0.0004430469125509262,0.023404374718666077,0.5346981287002563,0.5382665395736694,0.25296974182128906,0.24126757681369781,0.2123321145772934,0.22046591341495514
49,S7,BWHvy,local,local,0,local,local,0,0.49329257011413574,0.4708954691886902,-0.022397100925445557,0.0012728609144687653,0.044794172048568726,0.49329257011413574,0.4708954691886902,0.252070814371109,0.2546187937259674,0.25463664531707764,0.2744857370853424
49,S8,LatCrit,local,local,0,local,local,0,0.4779103398323059,0.47702282667160034,-0.0008875131607055664,0.0009833984076976776,0.032747939229011536,0.4779103398323059,0.47702282667160034,0.23637458682060242,0.220888152718544,0.2857150435447693,0.30208903551101685
49,S8,ComHvy,local,local,0,local,local,0,0.5619691610336304,0.530703067779541,-0.031266093254089355,0.002150606829673052,0.06253209710121155,0.5619691610336304,0.530703067779541,0.239748015999794,0.26357361674308777,0.198282852768898,0.20572325587272644
49,S8,BWHvy,local,local,0,local,local,0,0.5093995332717896,0.5133823156356812,0.0039827823638916016,0.00033641280606389046,0.021676674485206604,0.5093995332717896,0.5133823156356812,0.3006214201450348,0.2897831201553345,0.18997903168201447,0.19683462381362915
50,S1,LatCrit,local,local,0,local,local,0,0.5000448226928711,0.4987935423851013,-0.0012512803077697754,0.00032128114253282547,0.019144311547279358,0.5000448226928711,0.4987935423851013,0.26076364517211914,0.2703357934951782,0.23919154703617096,0.23087066411972046
50,S1,ComHvy,local,local,0,local,local,0,0.577799379825592,0.5871878862380981,0.009388506412506104,0.00038150884211063385,0.02490846812725067,0.577799379825592,0.5871878862380981,0.1259242445230484,0.12898999452590942,0.29627636075019836,0.2838221490383148
50,S1,BWHvy,local,local,0,local,local,0,0.4271242022514343,0.38997459411621094,-0.03714960813522339,0.003031129017472267,0.07429918646812439,0.4271242022514343,0.38997459411621094,0.25162598490715027,0.26079270243644714,0.3212498426437378,0.3492327034473419
50,S2,LatCrit,local,local,0,local,local,0,0.5444091558456421,0.5641181468963623,0.019708991050720215,0.0026311147958040237,0.05764414370059967,0.5444091558456421,0.5641181468963623,0.23964716494083405,0.24876028299331665,0.21594363451004028,0.18712159991264343
50,S2,ComHvy,local,local,0,local,local,0,0.4123178720474243,0.3672339916229248,-0.04508388042449951,0.004319312050938606,0.09016773104667664,0.4123178720474243,0.3672339916229248,0.31396758556365967,0.3359527885913849,0.273714542388916,0.2968131899833679
50,S2,BWHvy,local,local,0,local,local,0,0.4828006625175476,0.4721199870109558,-0.010680675506591797,0.0003703167603816837,0.021361365914344788,0.4828006625175476,0.4721199870109558,0.20351983606815338,0.21377834677696228,0.31367945671081543,0.3141016364097595
50,S3,LatCrit,local,local,0,BS2,BS2,0,0.5263816118240356,0.5082272887229919,-0.0181543231010437,0.001088639721274376,0.0448322668671608,0.5263816118240356,0.5082272887229919,0.12696599960327148,0.1227041706442833,0.34665238857269287,0.3690685033798218
50,S3,ComHvy,local,local,0,local,local,0,0.4851270914077759,0.4895372986793518,0.004410207271575928,9.094411507248878e-05,0.011731445789337158,0.4851270914077759,0.4895372986793518,0.2539669871330261,0.25542253255844116,0.2609058916568756,0.2550401985645294
50,S3,BWHvy,local,local,0,local,local,0,0.5363451838493347,0.5439997911453247,0.00765460729598999,0.00016767962370067835,0.01530921459197998,0.5363451838493347,0.5439997911453247,0.18910370767116547,0.18270759284496307,0.274551123380661,0.2732926309108734
50,S4,LatCrit,local,local,0,local,local,0,0.5009775757789612,0.4682472348213196,-0.0327303409576416,0.007483385503292084,0.10877630114555359,0.5009775757789612,0.4682472348213196,0.23745621740818024,0.29184436798095703,0.2615662217140198,0.23990841209888458
50,S4,ComHvy,local,local,0,local,local,0,0.44357359409332275,0.40872567892074585,-0.034847915172576904,0.0027798498049378395,0.069695845246315,0.44357359409332275,0.40872567892074585,0.32313594222068787,0.3527102768421173,0.23329046368598938,0.23856405913829803
50,S4,BWHvy,local,local,0,local,local,0,0.5408457517623901,0.5229325294494629,-0.017913222312927246,0.0006675608456134796,0.03582650423049927,0.5408457517623901,0.5229325294494629,0.16114172339439392,0.16974392533302307,0.29801249504089355,0.3073235750198364
50,S5,LatCrit,local,local,0,local,local,0,0.5963363647460938,0.6136265397071838,0.017290174961090088,0.0006332984194159508,0.03458033502101898,0.5963363647460938,0.6136265397071838,0.2037339061498642,0.1960730403661728,0.19992972910404205,0.19030043482780457
50,S5,ComHvy,local,local,0,BS2,BS2,0,0.4360402226448059,0.4723861813545227,0.0363459587097168,0.002710975706577301,0.0726919025182724,0.4360402226448059,0.4723861813545227,0.22386154532432556,0.2129238396883011,0.34009823203086853,0.3146899938583374
50,S5,BWHvy,local,local,0,local,BS2,1,0.481431782245636,0.45514148473739624,-0.026290297508239746,0.0020490470342338085,0.053700149059295654,0.481431782245636,0.45514148473739624,0.258804589509964,0.2856546640396118,0.2597636282444,0.25920385122299194
50,S6,LatCrit,local,local,0,local,local,0,0.5550023317337036,0.5306347608566284,-0.024367570877075195,0.001918187364935875,0.05057141184806824,0.5550023317337036,0.5306347608566284,0.22753284871578217,0.22661471366882324,0.2174648642539978,0.24275057017803192
50,S6,ComHvy,local,local,0,local,local,0,0.5099669098854065,0.539985716342926,0.03001880645751953,0.0025194846093654633,0.060037583112716675,0.5099669098854065,0.539985716342926,0.24633456766605377,0.2436176836490631,0.24369849264621735,0.21639660000801086
50,S6,BWHvy,local,local,0,local,local,0,0.4934583902359009,0.4947417378425598,0.0012833476066589355,0.0008227545768022537,0.02883036434650421,0.4934583902359009,0.4947417378425598,0.19915182888507843,0.18473663926124573,0.3073897659778595,0.32052159309387207
50,S7,LatCrit,local,local,0,local,local,0,0.5107901692390442,0.4754236936569214,-0.0353664755821228,0.005650182254612446,0.09689736366271973,0.5107901692390442,0.4754236936569214,0.2636735141277313,0.3121221959590912,0.2255363166332245,0.21245411038398743
50,S7,ComHvy,local,local,0,local,local,0,0.5222069025039673,0.5092322826385498,-0.01297461986541748,0.003138309344649315,0.06601940095424652,0.5222069025039673,0.5092322826385498,0.2374001145362854,0.21736502647399902,0.2403929978609085,0.27340269088745117
50,S7,BWHvy,local,local,0,local,local,0,0.5382938385009766,0.5351244807243347,-0.0031693577766418457,0.0006735213100910187,0.027192190289497375,0.5382938385009766,0.5351244807243347,0.2679620087146759,0.25753527879714966,0.19374415278434753,0.20734025537967682
50,S8,LatCrit,local,local,0,local,local,0,0.5188776254653931,0.5119473338127136,-0.006930291652679443,0.0007790159434080124,0.033052846789360046,0.5188776254653931,0.5119473338127136,0.23471958935260773,0.22512345016002655,0.2464028149843216,0.262929230928421
50,S8,ComHvy,local,local,0,local,local,0,0.548821210861206,0.5593174695968628,0.010496258735656738,0.0002936646342277527,0.020992577075958252,0.548821210861206,0.5593174695968628,0.23295503854751587,0.23142607510089874,0.21822378039360046,0.20925642549991608
50,S8,BWHvy,local,local,0,local,local,0,0.479581356048584,0.48966407775878906,0.010082721710205078,0.0009661633521318436,0.03734445571899414,0.479581356048584,0.48966407775878906,0.2680739164352417,0.2766634225845337,0.2523447275161743,0.23367249965667725
51,S1,LatCrit,local,local,0,local,local,0,0.4977675676345825,0.4683433175086975,-0.02942425012588501,0.0019032899290323257,0.05884850025177002,0.4977675676345825,0.4683433175086975,0.18466953933238983,0.1888897567987442,0.31756287813186646,0.3427669107913971
51,S1,ComHvy,local,local,0,local,local,0,0.6273621916770935,0.6184890270233154,-0.008873164653778076,0.0005914526991546154,0.027292683720588684,0.6273621916770935,0.6184890270233154,0.19161024689674377,0.20525656640529633,0.18102756142616272,0.17625436186790466
51,S1,BWHvy,local,local,0,local,local,0,0.4622623324394226,0.46520060300827026,0.0029382705688476562,4.8432732000947e-05,0.007841020822525024,0.4622623324394226,0.46520060300827026,0.20654137432575226,0.20262087881565094,0.33119627833366394,0.33217853307724
51,S2,LatCrit,local,local,0,local,local,0,0.4679393172264099,0.4766712784767151,0.008731961250305176,0.0022594239562749863,0.05483749508857727,0.4679393172264099,0.4766712784767151,0.2741270065307617,0.29281380772590637,0.25793367624282837,0.23051494359970093
51,S2,ComHvy,local,local,0,local,local,0,0.4535502791404724,0.4765826463699341,0.02303236722946167,0.0011002356186509132,0.04606473445892334,0.4535502791404724,0.4765826463699341,0.28170350193977356,0.2727907598018646,0.26474621891975403,0.2506265938282013
51,S2,BWHvy,local,local,0,BS2,BS2,0,0.4484477639198303,0.4450855851173401,-0.0033621788024902344,0.0009068604558706284,0.03475448489189148,0.4484477639198303,0.4450855851173401,0.2757816016674042,0.2931588292121887,0.2757706344127655,0.2617555558681488
51,S3,LatCrit,local,local,0,local,local,0,0.5090067386627197,0.5319021940231323,0.022895455360412598,0.0014834962785243988,0.04579085111618042,0.5090067386627197,0.5319021940231323,0.21463075280189514,0.21439918875694275,0.27636247873306274,0.2536986470222473
51,S3,ComHvy,local,local,0,BS2,BS2,0,0.506819486618042,0.5234493017196655,0.016629815101623535,0.0009459597640670836,0.03325960040092468,0.506819486618042,0.5234493017196655,0.19227740168571472,0.17658457159996033,0.3009031116962433,0.29996615648269653
51,S3,BWHvy,local,local,0,local,local,0,0.505955696105957,0.4976404905319214,-0.008315205574035645,0.0001430243719369173,0.016630366444587708,0.505955696105957,0.4976404905319214,0.26009929180145264,0.2655726373195648,0.23394504189491272,0.2367868572473526
51,S4,LatCrit,local,local,0,local,local,0,0.5333930253982544,0.5789015293121338,0.045508503913879395,0.004260210320353508,0.09101709723472595,0.5333930253982544,0.5789015293121338,0.19770726561546326,0.17545665800571442,0.26889973878860474,0.24564175307750702
51,S4,ComHvy,local,local,0,local,local,0,0.43907618522644043,0.44246476888656616,0.0033885836601257324,0.00029573962092399597,0.020384877920150757,0.43907618522644043,0.44246476888656616,0.3040832281112671,0.31088709831237793,0.2568405866622925,0.2466481626033783
51,S4,BWHvy,local,local,0,local,local,0,0.4536980986595154,0.41636598110198975,-0.037332117557525635,0.0029726047068834305,0.07466427981853485,0.4536980986595154,0.41636598110198975,0.32118934392929077,0.3369380235671997,0.22511255741119385,0.24669604003429413
51,S5,LatCrit,local,local,0,local,local,0,0.6402789950370789,0.6078137159347534,-0.03246527910232544,0.0025106975808739662,0.06493054330348969,0.6402789950370789,0.6078137159347534,0.16402436792850494,0.1864975094795227,0.1956966370344162,0.20568875968456268
51,S5,ComHvy,local,local,0,local,local,0,0.49623197317123413,0.5130795240402222,0.016847550868988037,0.000811111181974411,0.036709487438201904,0.49623197317123413,0.5130795240402222,0.17051146924495697,0.17201866209506989,0.3332565724849701,0.31490182876586914
51,S5,BWHvy,local,local,0,local,local,0,0.479142963886261,0.4731789231300354,-0.005964040756225586,0.0022402573376893997,0.05381396412849426,0.479142963886261,0.4731789231300354,0.2517333924770355,0.27864038944244385,0.2691236138343811,0.24818068742752075
51,S6,LatCrit,local,local,0,local,local,0,0.5036817193031311,0.5476046800613403,0.04392296075820923,0.005743946880102158,0.08784592151641846,0.5036817193031311,0.5476046800613403,0.23670008778572083,0.19624283909797668,0.25961822271347046,0.25615251064300537
51,S6,ComHvy,local,local,0,local,local,0,0.5181448459625244,0.5262874960899353,0.008142650127410889,0.001234864816069603,0.04117199778556824,0.5181448459625244,0.5262874960899353,0.2071588933467865,0.21960225701332092,0.2746962308883667,0.2541102468967438
51,S6,BWHvy,local,local,0,local,local,0,0.5217638611793518,0.5264030694961548,0.0046392083168029785,0.0005053533241152763,0.026057705283164978,0.5217638611793518,0.5264030694961548,0.16581979393959045,0.17420943081378937,0.31241631507873535,0.29938745498657227
51,S7,LatCrit,local,local,0,local,local,0,0.47086191177368164,0.4619452953338623,-0.008916616439819336,0.00027461256831884384,0.020233243703842163,0.47086191177368164,0.4619452953338623,0.2611907720565796,0.25999075174331665,0.26794734597206116,0.27806395292282104
51,S7,ComHvy,local,local,0,local,local,0,0.5588386058807373,0.5804986953735352,0.02166008949279785,0.0038692383095622063,0.06516481935977936,0.5588386058807373,0.5804986953735352,0.1862826943397522,0.15370027720928192,0.2548786997795105,0.26580101251602173
51,S7,BWHvy,local,local,0,BS1,BS1,0,0.4516788721084595,0.4538162350654602,0.0021373629570007324,0.0008690282702445984,0.032861948013305664,0.4516788721084595,0.4538162350654602,0.29523539543151855,0.2788044214248657,0.253085732460022,0.2673793435096741
51,S8,LatCrit,local,local,0,local,local,0,0.527667760848999,0.5451192855834961,0.01745152473449707,0.0008736085146665573,0.035402342677116394,0.527667760848999,0.5451192855834961,0.1954222470521927,0.19567188620567322,0.27691003680229187,0.2592088580131531
51,S8,ComHvy,local,local,0,local,local,0,0.4979058504104614,0.48864275217056274,-0.009263098239898682,0.0004994263872504234,0.029004842042922974,0.4979058504104614,0.48864275217056274,0.2954988181591034,0.3100012540817261,0.206595316529274,0.20135600864887238
51,S8,BWHvy,local,local,0,local,local,0,0.4806004762649536,0.4568673372268677,-0.023733139038085938,0.0014332644641399384,0.047466278076171875,0.4806004762649536,0.4568673372268677,0.25597721338272095,0.27691787481307983,0.26342231035232544,0.2662147879600525
52,S1,LatCrit,local,local,0,BS1,BS1,0,0.490836501121521,0.47368931770324707,-0.017147183418273926,0.0010625586146488786,0.03534945845603943,0.490836501121521,0.47368931770324707,0.19506017863750458,0.21273492276668549,0.31410330533981323,0.31357577443122864
52,S1,ComHvy,local,local,0,local,local,0,0.5968956351280212,0.5838086009025574,-0.013087034225463867,0.00035405298694968224,0.02617405354976654,0.5968956351280212,0.5838086009025574,0.17694902420043945,0.1830303817987442,0.2261553406715393,0.23316100239753723
52,S1,BWHvy,local,local,0,BS2,BS2,0,0.40500086545944214,0.3898453712463379,-0.015155494213104248,0.0005526980385184288,0.030310988426208496,0.40500086545944214,0.3898453712463379,0.28391072154045105,0.2864023447036743,0.3110884130001068,0.3237522840499878
52,S2,LatCrit,local,local,0,local,local,0,0.6148560047149658,0.6149596571922302,0.0001036524772644043,0.00037576258182525635,0.01708035171031952,0.6148560047149658,0.6149596571922302,0.21134181320667267,0.2028016299009323,0.1738022118806839,0.18223872780799866
52,S2,ComHvy,local,BS2,1,BS2,BS2,0,0.41040170192718506,0.3873235881328583,-0.023078113794326782,0.01305299997329712,0.15089666843414307,0.41040170192718506,0.351686954498291,0.2777230441570282,0.2609894275665283,0.31187528371810913,0.3873235881328583
52,S2,BWHvy,local,local,0,local,local,0,0.5290565490722656,0.5587121248245239,0.0296555757522583,0.002021603286266327,0.059311091899871826,0.5290565490722656,0.5587121248245239,0.2101805955171585,0.20404304563999176,0.2607628107070923,0.2372448444366455
52,S3,LatCrit,local,local,0,BS1,BS1,0,0.514798641204834,0.5015425682067871,-0.013256072998046875,0.0004558966029435396,0.02651210129261017,0.514798641204834,0.5015425682067871,0.18583741784095764,0.19595687091350555,0.29936397075653076,0.30250054597854614
52,S3,ComHvy,local,local,0,BS2,BS2,0,0.4513472318649292,0.47444576025009155,0.023098528385162354,0.001122218556702137,0.04619705677032471,0.4513472318649292,0.47444576025009155,0.26263976097106934,0.25513792037963867,0.28601303696632385,0.27041634917259216
52,S3,BWHvy,local,local,0,local,local,0,0.5777584910392761,0.5940701961517334,0.016311705112457275,0.0008657854050397873,0.03404785692691803,0.5777584910392761,0.5940701961517334,0.18383437395095825,0.1845465898513794,0.238407164812088,0.2213832288980484
52,S4,LatCrit,local,local,0,local,local,0,0.5558044910430908,0.5155062675476074,-0.0402982234954834,0.00522022508084774,0.0805964320898056,0.5558044910430908,0.5155062675476074,0.19173580408096313,0.2318200021982193,0.25245970487594604,0.2526737153530121
52,S4,ComHvy,local,local,0,local,local,0,0.4445580244064331,0.4500732421875,0.0055152177810668945,0.0002380148507654667,0.019305020570755005,0.4445580244064331,0.4500732421875,0.27424976229667664,0.2645972669124603,0.28119218349456787,0.2853294909000397
52,S4,BWHvy,local,local,0,local,local,0,0.4441922903060913,0.4075794816017151,-0.03661280870437622,0.005994380451738834,0.10010811686515808,0.4441922903060913,0.4075794816017151,0.27531784772872925,0.3253718912601471,0.28048989176750183,0.2670486271381378
52,S5,LatCrit,local,local,0,local,local,0,0.5955355167388916,0.5989630222320557,0.0034275054931640625,3.184564411640167e-05,0.006854996085166931,0.5955355167388916,0.5989630222320557,0.2165350615978241,0.21591131389141083,0.1879294365644455,0.1851256936788559
52,S5,ComHvy,local,local,0,local,local,0,0.4725719690322876,0.5407183170318604,0.06814634799957275,0.01393820345401764,0.14451704919338226,0.4725719690322876,0.5407183170318604,0.20080594718456268,0.20491814613342285,0.3266220986843109,0.2543635964393616
52,S5,BWHvy,local,local,0,local,local,0,0.5558328628540039,0.540603518486023,-0.015229344367980957,0.0013637170195579529,0.04243329167366028,0.5558328628540039,0.540603518486023,0.19472455978393555,0.21594122052192688,0.24944256246089935,0.24345527589321136
52,S6,LatCrit,local,local,0,local,local,0,0.5587704181671143,0.5608377456665039,0.0020673274993896484,9.685102850198746e-05,0.011025458574295044,0.5587704181671143,0.5608377456665039,0.19746160507202148,0.20090699195861816,0.24376800656318665,0.23825526237487793
52,S6,ComHvy,local,local,0,BS2,BS2,0,0.5138452053070068,0.48930418491363525,-0.024541020393371582,0.0017667101928964257,0.04908210039138794,0.5138452053070068,0.48930418491363525,0.23314765095710754,0.25719448924064636,0.25300711393356323,0.25350135564804077
52,S6,BWHvy,local,local,0,local,local,0,0.556736946105957,0.5449618697166443,-0.011775076389312744,0.004149306565523148,0.07175938785076141,0.556736946105957,0.5449618697166443,0.17832045257091522,0.15421581268310547,0.26494264602661133,0.30082231760025024
52,S7,LatCrit,local,local,0,local,local,0,0.4573383927345276,0.4682077169418335,0.010869324207305908,0.0003154296427965164,0.021738603711128235,0.4573383927345276,0.4682077169418335,0.2960502803325653,0.2946048080921173,0.24661128222942352,0.2371874749660492
52,S7,ComHvy,local,local,0,local,local,0,0.534220814704895,0.48761290311813354,-0.046607911586761475,0.004463354125618935,0.09321588277816772,0.534220814704895,0.48761290311813354,0.19508393108844757,0.20896358788013458,0.27069520950317383,0.30342352390289307
52,S7,BWHvy,local,local,0,local,local,0,0.46211278438568115,0.4960179328918457,0.03390514850616455,0.002847862895578146,0.06781026721000671,0.46211278438568115,0.4960179328918457,0.24641619622707367,0.21960316598415375,0.291471004486084,0.28437891602516174
52,S8,LatCrit,local,local,0,BS2,BS2,0,0.497628390789032,0.5047906637191772,0.007162272930145264,0.00011998764239251614,0.014324605464935303,0.497628390789032,0.5047906637191772,0.22164146602153778,0.21643944084644318,0.28073015809059143,0.278769850730896
52,S8,ComHvy,local,local,0,local,local,0,0.5679238438606262,0.6045160293579102,0.036592185497283936,0.003368167206645012,0.07318432629108429,0.5679238438606262,0.6045160293579102,0.2202344387769699,0.19120988249778748,0.21184171736240387,0.20427413284778595
52,S8,BWHvy,local,local,0,BS2,BS2,0,0.5161011219024658,0.5537693500518799,0.03766822814941406,0.003264973871409893,0.07533654570579529,0.5161011219024658,0.5537693500518799,0.2539985179901123,0.22508086264133453,0.22990040481090546,0.221149742603302
53,S1,LatCrit,local,local,0,local,local,0,0.49095338582992554,0.5013220906257629,0.010368704795837402,0.002413436770439148,0.0584377646446228,0.49095338582992554,0.5013220906257629,0.17493987083435059,0.19379004836082458,0.3341067433357239,0.3048878610134125
53,S1,ComHvy,local,local,0,local,local,0,0.6073194742202759,0.6017862558364868,-0.0055332183837890625,0.00019851792603731155,0.0164853036403656,0.6073194742202759,0.6017862558364868,0.21807780861854553,0.22632047533988953,0.1746026873588562,0.17189326882362366
53,S1,BWHvy,local,local,0,local,local,0,0.506611704826355,0.48022133111953735,-0.026390373706817627,0.0013938667252659798,0.05278070271015167,0.506611704826355,0.48022133111953735,0.23733089864253998,0.24990826845169067,0.2560574412345886,0.269870400428772
53,S2,LatCrit,local,local,0,local,local,0,0.5070300102233887,0.5051916837692261,-0.0018383264541625977,0.0003292923793196678,0.019579559564590454,0.5070300102233887,0.5051916837692261,0.2646317183971405,0.2566802501678467,0.2283383011817932,0.23812806606292725
53,S2,ComHvy,local,local,0,local,local,0,0.4623628854751587,0.45472604036331177,-0.007636845111846924,0.0003496585413813591,0.02474495768547058,0.4623628854751587,0.45472604036331177,0.21844255924224854,0.21370691061019897,0.31919458508491516,0.33156704902648926
53,S2,BWHvy,local,local,0,local,local,0,0.4956343173980713,0.4951013922691345,-0.0005329251289367676,0.0007534734904766083,0.028096601366996765,0.4956343173980713,0.4951013922691345,0.25058048963546753,0.23706509172916412,0.25378522276878357,0.26783350110054016
53,S3,LatCrit,local,local,0,local,local,0,0.5223009586334229,0.5255776643753052,0.0032767057418823242,4.968512803316116e-05,0.00771370530128479,0.5223009586334229,0.5255776643753052,0.19446545839309692,0.19060856103897095,0.2832336127758026,0.2838137149810791
53,S3,ComHvy,local,local,0,BS1,local,1,0.406218945980072,0.4426211714744568,0.036402225494384766,0.0035911835730075836,0.07280442118644714,0.406218945980072,0.4426211714744568,0.28318116068840027,0.28105857968330383,0.3105998635292053,0.2763202488422394
53,S3,BWHvy,local,local,0,local,local,0,0.5334812998771667,0.5243493318557739,-0.009131968021392822,0.000959751196205616,0.03552982211112976,0.5334812998771667,0.5243493318557739,0.20252037048339844,0.2202852964401245,0.2639983296394348,0.25536540150642395
53,S4,LatCrit,local,local,0,local,local,0,0.4830244183540344,0.45936793088912964,-0.023656487464904785,0.0016613497864454985,0.04731297492980957,0.4830244183540344,0.45936793088912964,0.21707281470298767,0.23922288417816162,0.2999027669429779,0.30140918493270874
53,S4,ComHvy,local,local,0,local,local,0,0.45410287380218506,0.4717321991920471,0.01762932538986206,0.0006256219930946827,0.035258591175079346,0.45410287380218506,0.4717321991920471,0.2930494546890259,0.2830411195755005,0.2528476417064667,0.24522671103477478
53,S4,BWHvy,local,local,0,local,local,0,0.4942012429237366,0.4645887017250061,-0.02961254119873047,0.002422093413770199,0.05922505259513855,0.4942012429237366,0.4645887017250061,0.24458050727844238,0.27260905504226685,0.26121827960014343,0.26280224323272705
53,S5,LatCrit,local,local,0,local,local,0,0.6136504411697388,0.5919853448867798,-0.021665096282958984,0.0009826542809605598,0.04333019256591797,0.6136504411697388,0.5919853448867798,0.17814257740974426,0.18706582486629486,0.20820696651935577,0.22094881534576416
53,S5,ComHvy,local,local,0,local,local,0,0.5088523030281067,0.5280933976173401,0.0192410945892334,0.002306954935193062,0.057848215103149414,0.5088523030281067,0.5280933976173401,0.2335728257894516,0.2432558536529541,0.2575748562812805,0.228650763630867
53,S5,BWHvy,local,local,0,local,local,0,0.4842904210090637,0.46238046884536743,-0.02190995216369629,0.002111974637955427,0.0548415333032608,0.4842904210090637,0.46238046884536743,0.22474516928195953,0.25216594338417053,0.29096442461013794,0.2854536175727844
53,S6,LatCrit,local,local,0,local,local,0,0.552462100982666,0.5814467072486877,0.02898460626602173,0.0018311841413378716,0.05796918272972107,0.552462100982666,0.5814467072486877,0.2534855604171753,0.2323511689901352,0.1940523236989975,0.18620213866233826
53,S6,ComHvy,local,local,0,BS2,BS2,0,0.45138800144195557,0.4205918312072754,-0.030796170234680176,0.0022311171051114798,0.06159234046936035,0.45138800144195557,0.4205918312072754,0.31376782059669495,0.3407803177833557,0.23484419286251068,0.2386278659105301
53,S6,BWHvy,local,local,0,local,local,0,0.5208924412727356,0.5283360481262207,0.007443606853485107,0.002193015068769455,0.05036450922489166,0.5208924412727356,0.5283360481262207,0.22037173807621002,0.19518950581550598,0.2587358355522156,0.2764745056629181
53,S7,LatCrit,local,local,0,local,local,0,0.5383370518684387,0.5846097469329834,0.04627269506454468,0.004778864793479443,0.09254534542560577,0.5383370518684387,0.5846097469329834,0.2629331648349762,0.2278728187084198,0.19872979819774628,0.18751749396324158
53,S7,ComHvy,local,local,0,local,local,0,0.5147412419319153,0.4650864601135254,-0.04965478181838989,0.005692005157470703,0.0993095338344574,0.5147412419319153,0.4650864601135254,0.19632284343242645,0.20191805064678192,0.28893592953681946,0.3329954743385315
53,S7,BWHvy,local,local,0,local,local,0,0.4688076376914978,0.46929675340652466,0.0004891157150268555,0.00010944809764623642,0.010953456163406372,0.4688076376914978,0.46929675340652466,0.21810124814510345,0.21262453496456146,0.31309109926223755,0.3180787265300751
53,S8,LatCrit,local,local,0,local,local,0,0.47072213888168335,0.45424604415893555,-0.016476094722747803,0.0010708385379984975,0.03546261787414551,0.47072213888168335,0.45424604415893555,0.1915643811225891,0.20929569005966187,0.3377135097980499,0.336458295583725
53,S8,ComHvy,local,local,0,local,local,0,0.5450901985168457,0.5323138236999512,-0.012776374816894531,0.001220179721713066,0.04261434078216553,0.5450901985168457,0.5323138236999512,0.21518579125404358,0.20665496587753296,0.2397240698337555,0.26103121042251587
53,S8,BWHvy,local,local,0,local,local,0,0.5648866295814514,0.6119526624679565,0.04706603288650513,0.004762932658195496,0.09413202106952667,0.5648866295814514,0.6119526624679565,0.25756973028182983,0.22453030943870544,0.17754362523555756,0.1635170578956604
54,S1,LatCrit,local,local,0,local,local,0,0.5188807845115662,0.5182994604110718,-0.0005813241004943848,0.00017004553228616714,0.01288372278213501,0.5188807845115662,0.5182994604110718,0.1687646508216858,0.16290411353111267,0.31235456466674805,0.31879642605781555
54,S1,ComHvy,local,local,0,local,local,0,0.5107649564743042,0.49994128942489624,-0.010823667049407959,0.0002774875611066818,0.021647334098815918,0.5107649564743042,0.49994128942489624,0.25391528010368347,0.2562136948108673,0.23531971871852875,0.24384497106075287
54,S1,BWHvy,local,local,0,BS1,BS1,0,0.5208061933517456,0.5189378261566162,-0.0018683671951293945,0.0005907919257879257,0.025589719414711,0.5208061933517456,0.5189378261566162,0.2155602127313614,0.2046337127685547,0.2636336088180542,0.2764284610748291
54,S2,LatCrit,local,local,0,BS2,local,1,0.47735005617141724,0.49018216133117676,0.012832105159759521,0.0007997367065399885,0.03261886537075043,0.47735005617141724,0.49018216133117676,0.22902648150920868,0.21271702647209167,0.2936234772205353,0.2971007823944092
54,S2,ComHvy,local,local,0,local,local,0,0.4523463845252991,0.42701321840286255,-0.025333166122436523,0.001659877598285675,0.05066633224487305,0.4523463845252991,0.42701321840286255,0.276702344417572,0.2791966497898102,0.2709512710571289,0.29379013180732727
54,S2,BWHvy,local,local,0,local,local,0,0.47972285747528076,0.4899042248725891,0.01018136739730835,0.00216766819357872,0.05432307720184326,0.47972285747528076,0.4899042248725891,0.25903603434562683,0.2318744957447052,0.2612411379814148,0.2782213091850281
54,S3,LatCrit,local,local,0,BS1,BS1,0,0.47943949699401855,0.4677870273590088,-0.011652469635009766,0.0002777581103146076,0.02330493927001953,0.47943949699401855,0.4677870273590088,0.26696693897247314,0.2717425525188446,0.2535935640335083,0.2604704201221466
54,S3,ComHvy,local,local,0,local,local,0,0.47460609674453735,0.4868290424346924,0.01222294569015503,0.0031040459871292114,0.06684558093547821,0.47460609674453735,0.4868290424346924,0.224755197763443,0.24595503509044647,0.30063873529434204,0.26721593737602234
54,S3,BWHvy,local,local,0,local,local,0,0.39675968885421753,0.4071504473686218,0.010390758514404297,0.0017852503806352615,0.04960404336452484,0.39675968885421753,0.4071504473686218,0.3624461591243744,0.3768574297428131,0.24079416692256927,0.21599215269088745
54,S4,LatCrit,local,local,0,local,local,0,0.45434653759002686,0.4568309187889099,0.0024843811988830566,0.0009352359920740128,0.0336313396692276,0.45434653759002686,0.4568309187889099,0.2954389452934265,0.30977022647857666,0.25021451711654663,0.23339883983135223
54,S4,ComHvy,local,local,0,BS1,BS1,0,0.5797444581985474,0.5829759240150452,0.0032314658164978027,0.001210973598062992,0.034037888050079346,0.5797444581985474,0.5829759240150452,0.19215086102485657,0.1751319169998169,0.22810469567775726,0.24189217388629913
54,S4,BWHvy,local,local,0,local,local,0,0.49509429931640625,0.47226065397262573,-0.022833645343780518,0.0011101225391030312,0.04566732048988342,0.49509429931640625,0.47226065397262573,0.24573099613189697,0.2525949776172638,0.2591746747493744,0.2751443684101105
54,S5,LatCrit,local,local,0,local,local,0,0.5655861496925354,0.555666446685791,-0.009919703006744385,0.0004132324829697609,0.021291062235832214,0.5655861496925354,0.555666446685791,0.2666988670825958,0.2659730315208435,0.16771498322486877,0.17836050689220428
54,S5,ComHvy,local,local,0,local,local,0,0.5592319965362549,0.5666338205337524,0.007401823997497559,0.0023425277322530746,0.050344884395599365,0.5592319965362549,0.5666338205337524,0.23105618357658386,0.248826801776886,0.20971183478832245,0.18453939259052277
54,S5,BWHvy,local,local,0,local,local,0,0.47654664516448975,0.44916051626205444,-0.027386128902435303,0.0018249242566525936,0.054772257804870605,0.47654664516448975,0.44916051626205444,0.25041764974594116,0.27305859327316284,0.2730357050895691,0.2777808904647827
54,S6,LatCrit,local,local,0,BS1,local,1,0.4437240958213806,0.4803234338760376,0.03659933805465698,0.0041712927632033825,0.0768841803073883,0.4437240958213806,0.4803234338760376,0.2962320148944855,0.2577899098396301,0.2600439190864563,0.2618866562843323
54,S6,ComHvy,local,local,0,local,local,0,0.5420605540275574,0.5275281667709351,-0.014532387256622314,0.0006033787503838539,0.029064789414405823,0.5420605540275574,0.5275281667709351,0.26030874252319336,0.2620064318180084,0.19763068854808807,0.21046540141105652
54,S6,BWHvy,local,local,0,local,local,0,0.530005931854248,0.521686851978302,-0.008319079875946045,0.0008740667253732681,0.035464271903038025,0.530005931854248,0.521686851978302,0.22013501822948456,0.21072198450565338,0.249859020113945,0.2675911784172058
54,S7,LatCrit,local,local,0,local,local,0,0.5983425378799438,0.6223896145820618,0.02404707670211792,0.0015488741919398308,0.048094138503074646,0.5983425378799438,0.6223896145820618,0.1676461100578308,0.15011733770370483,0.23401133716106415,0.2274930477142334
54,S7,ComHvy,local,local,0,local,local,0,0.46877944469451904,0.46605074405670166,-0.002728700637817383,0.00021176226437091827,0.017191678285598755,0.46877944469451904,0.46605074405670166,0.25859659910202026,0.26719245314598083,0.2726239562034607,0.2667568325996399
54,S7,BWHvy,local,local,0,local,local,0,0.5458430051803589,0.5494014024734497,0.0035583972930908203,7.298262789845467e-05,0.01080392301082611,0.5458430051803589,0.5494014024734497,0.1657044142484665,0.16754797101020813,0.2884525954723358,0.28305062651634216
54,S8,LatCrit,local,local,0,local,local,0,0.48069238662719727,0.46223247051239014,-0.01845991611480713,0.0007893508300185204,0.036919862031936646,0.48069238662719727,0.46223247051239014,0.2545243501663208,0.25816619396209717,0.26478323340415955,0.2796013355255127
54,S8,ComHvy,local,local,0,local,local,0,0.558241069316864,0.5706782341003418,0.012437164783477783,0.0008066711015999317,0.033941492438316345,0.558241069316864,0.5706782341003418,0.2440536767244339,0.22708290815353394,0.19770528376102448,0.20223884284496307
54,S8,BWHvy,local,local,0,local,local,0,0.5631371736526489,0.545722484588623,-0.01741468906402588,0.0019008219242095947,0.05103820562362671,0.5631371736526489,0.545722484588623,0.23403316736221313,0.22592876851558685,0.20282962918281555,0.2283487468957901
55,S1,LatCrit,local,local,0,local,local,0,0.5735048651695251,0.5678881406784058,-0.005616724491119385,0.00014022248797118664,0.013817116618156433,0.5735048651695251,0.5678881406784058,0.2152583748102188,0.22216692566871643,0.21123677492141724,0.2099449336528778
55,S1,ComHvy,local,local,0,local,local,0,0.4959371089935303,0.4819861650466919,-0.013950943946838379,0.000397450290620327,0.027901917695999146,0.4959371089935303,0.4819861650466919,0.278534471988678,0.2876904010772705,0.22552840411663055,0.2303234487771988
55,S1,BWHvy,local,local,0,local,local,0,0.4329785704612732,0.424282968044281,-0.008695602416992188,0.0008477792143821716,0.0373208224773407,0.4329785704612732,0.424282968044281,0.2769366502761841,0.2669718563556671,0.29008474946022034,0.3087451756000519
55,S2,LatCrit,local,local,0,local,local,0,0.48544228076934814,0.4607166051864624,-0.024725675582885742,0.0015667937695980072,0.049451351165771484,0.48544228076934814,0.4607166051864624,0.29345813393592834,0.2978358566761017,0.2210995852947235,0.2414475381374359
55,S2,ComHvy,local,local,0,local,local,0,0.5094895362854004,0.5015856027603149,-0.00790393352508545,0.0002464326098561287,0.019192293286323547,0.5094895362854004,0.5015856027603149,0.23889315128326416,0.23720093071460724,0.25161731243133545,0.2612134516239166
55,S2,BWHvy,local,local,0,local,local,0,0.49518710374832153,0.5107999444007874,0.01561284065246582,0.000678623968269676,0.03122568130493164,0.49518710374832153,0.5107999444007874,0.26438775658607483,0.2494848519563675,0.24042512476444244,0.23971518874168396
55,S3,LatCrit,local,local,0,local,local,0,0.5144771337509155,0.5504336357116699,0.035956501960754395,0.0027876384556293488,0.07191306352615356,0.5144771337509155,0.5504336357116699,0.3240188658237457,0.29412728548049927,0.16150404512882233,0.15543906390666962
55,S3,ComHvy,local,local,0,local,local,0,0.5022807121276855,0.5238589644432068,0.02157825231552124,0.0009384471923112869,0.04315654933452606,0.5022807121276855,0.5238589644432068,0.19497588276863098,0.18767140805721283,0.30274343490600586,0.2884696125984192
55,S3,BWHvy,local,local,0,local,local,0,0.42849481105804443,0.43435126543045044,0.005856454372406006,0.0002031167969107628,0.01816919445991516,0.42849481105804443,0.43435126543045044,0.29064154624938965,0.2815569341182709,0.2808636724948883,0.2840918004512787
55,S4,LatCrit,local,local,0,local,local,0,0.48718690872192383,0.5302592515945435,0.04307234287261963,0.004040507599711418,0.08614471554756165,0.48718690872192383,0.5302592515945435,0.2546968162059784,0.22494949400424957,0.2581162750720978,0.24479122459888458
55,S4,ComHvy,local,local,0,local,local,0,0.49364417791366577,0.5120365023612976,0.018392324447631836,0.0033409949392080307,0.06859016418457031,0.49364417791366577,0.5120365023612976,0.2563825249671936,0.22208744287490845,0.24997329711914062,0.26587605476379395
55,S4,BWHvy,local,local,0,local,local,0,0.5125401020050049,0.49348098039627075,-0.01905912160873413,0.0007755458354949951,0.038118258118629456,0.5125401020050049,0.49348098039627075,0.2655161917209625,0.27231740951538086,0.2219436913728714,0.2342016100883484
55,S5,LatCrit,local,local,0,BS2,BS2,0,0.42619699239730835,0.4109765887260437,-0.015220403671264648,0.0008483806159347296,0.037841618061065674,0.42619699239730835,0.4109765887260437,0.3170628547668457,0.33598366379737854,0.25674015283584595,0.25303974747657776
55,S5,ComHvy,local,local,0,local,local,0,0.6402966976165771,0.6498968601226807,0.009600162506103516,0.0015959106385707855,0.04096069931983948,0.6402966976165771,0.6498968601226807,0.16968753933906555,0.18056772649288177,0.1900157928466797,0.16953544318675995
55,S5,BWHvy,local,local,0,local,local,0,0.45204561948776245,0.4662044048309326,0.014158785343170166,0.00047794170677661896,0.028317540884017944,0.45204561948776245,0.4662044048309326,0.2919430732727051,0.2887914180755615,0.25601130723953247,0.24500420689582825
55,S6,LatCrit,local,local,0,BS2,BS2,0,0.4893985986709595,0.5278340578079224,0.03843545913696289,0.0031896457076072693,0.0768708884716034,0.4893985986709595,0.5278340578079224,0.20361514389514923,0.18135781586170197,0.3069862425327301,0.29080814123153687
55,S6,ComHvy,local,local,0,BS2,BS2,0,0.5737746953964233,0.5477904081344604,-0.02598428726196289,0.002148355357348919,0.05391974747180939,0.5737746953964233,0.5477904081344604,0.218284010887146,0.24524392187595367,0.20794126391410828,0.20696571469306946
55,S6,BWHvy,local,local,0,local,local,0,0.45103418827056885,0.4551842212677002,0.004150032997131348,0.0005697496235370636,0.028609499335289,0.45103418827056885,0.4551842212677002,0.20021504163742065,0.2103697508573532,0.3487507998943329,0.3344460427761078
55,S7,LatCrit,local,local,0,local,local,0,0.5699113607406616,0.564102292060852,-0.00580906867980957,7.500313222408295e-05,0.011618167161941528,0.5699113607406616,0.564102292060852,0.16167278587818146,0.16271038353443146,0.2684158384799957,0.2731873393058777
55,S7,ComHvy,local,local,0,local,local,0,0.5381127595901489,0.5384584665298462,0.0003457069396972656,0.0012937355786561966,0.034762218594551086,0.5381127595901489,0.5384584665298462,0.23769927024841309,0.2547346353530884,0.22418799996376038,0.20680685341358185
55,S7,BWHvy,local,local,0,local,local,0,0.5307528972625732,0.5344048738479614,0.0036519765853881836,0.001118723303079605,0.035617902874946594,0.5307528972625732,0.5344048738479614,0.22114808857440948,0.2353050410747528,0.24809901416301727,0.23029004037380219
55,S8,LatCrit,local,local,0,local,local,0,0.47758597135543823,0.49737077951431274,0.01978480815887451,0.0012573690619319677,0.041321560740470886,0.47758597135543823,0.49737077951431274,0.2628953754901886,0.24223460257053375,0.25951868295669556,0.2603946626186371
55,S8,ComHvy,local,local,0,local,local,0,0.500963032245636,0.5103113651275635,0.00934833288192749,0.0015025455504655838,0.04605044424533844,0.500963032245636,0.5103113651275635,0.277910053730011,0.2548848092556,0.2211269587278366,0.23480382561683655
55,S8,BWHvy,local,local,0,local,local,0,0.420254647731781,0.4202467203140259,-7.927417755126953e-06,0.0006598951295018196,0.02765372395515442,0.420254647731781,0.4202467203140259,0.30778253078460693,0.29396358132362366,0.27196282148361206,0.2857896685600281
56,S1,LatCrit,local,local,0,BS1,BS1,0,0.5239123106002808,0.5394403338432312,0.01552802324295044,0.0009817332029342651,0.034307315945625305,0.5239123106002808,0.5394403338432312,0.26873376965522766,0.27035942673683167,0.20735390484333038,0.19020026922225952
56,S1,ComHvy,local,local,0,local,local,0,0.488836407661438,0.5077937841415405,0.01895737648010254,0.002383571118116379,0.05816665291786194,0.488836407661438,0.5077937841415405,0.25022968649864197,0.2211463451385498,0.26093390583992004,0.2710598409175873
56,S1,BWHvy,local,local,0,local,local,0,0.4655073881149292,0.45004624128341675,-0.015461146831512451,0.00048638228327035904,0.03092227876186371,0.4655073881149292,0.45004624128341675,0.3062528073787689,0.3140028715133667,0.22823981940746307,0.23595088720321655
56,S2,LatCrit,local,local,0,BS1,BS1,0,0.44648832082748413,0.44721704721450806,0.0007287263870239258,0.00013575702905654907,0.01295366883277893,0.44648832082748413,0.44721704721450806,0.2916056513786316,0.2851288318634033,0.2619059979915619,0.2676541209220886
56,S2,ComHvy,local,local,0,local,local,0,0.5584882497787476,0.5580093860626221,-0.0004788637161254883,0.0008139088749885559,0.027038678526878357,0.5584882497787476,0.5580093860626221,0.18559041619300842,0.1991097778081894,0.25592130422592163,0.24288085103034973
56,S2,BWHvy,local,local,0,local,local,0,0.4537104368209839,0.44471633434295654,-0.008994102478027344,0.0007965825498104095,0.035135120153427124,0.4537104368209839,0.44471633434295654,0.29056960344314575,0.28199613094329834,0.25571995973587036,0.27328750491142273
56,S3,LatCrit,local,local,0,BS2,BS2,0,0.4645567536354065,0.47679615020751953,0.012239396572113037,0.0009429664351046085,0.03722254931926727,0.4645567536354065,0.47679615020751953,0.2553340196609497,0.23672275245189667,0.2801091969013214,0.2864810824394226
56,S3,ComHvy,local,local,0,local,local,0,0.409932017326355,0.40589380264282227,-0.004038214683532715,0.0005883509293198586,0.029982030391693115,0.409932017326355,0.40589380264282227,0.3410702049732208,0.3560612201690674,0.248997762799263,0.23804496228694916
56,S3,BWHvy,local,local,0,BS2,BS2,0,0.4686969518661499,0.4680067300796509,-0.0006902217864990234,9.9127646535635e-07,0.0013804137706756592,0.4686969518661499,0.4680067300796509,0.21109427511692047,0.2114189714193344,0.3202087879180908,0.3205742835998535
56,S4,LatCrit,local,local,0,BS1,BS1,0,0.4659060835838318,0.47517889738082886,0.00927281379699707,0.00019313558004796505,0.01854562759399414,0.4659060835838318,0.47517889738082886,0.2572561800479889,0.2504860758781433,0.2768377363681793,0.27433502674102783
56,S4,ComHvy,local,local,0,BS1,BS1,0,0.482602596282959,0.46580177545547485,-0.01680082082748413,0.0005680220201611519,0.033601656556129456,0.482602596282959,0.46580177545547485,0.31610020995140076,0.32700803875923157,0.20129719376564026,0.20719020068645477
56,S4,BWHvy,local,local,0,local,local,0,0.6136031150817871,0.6494249105453491,0.03582179546356201,0.0027815960347652435,0.07164351642131805,0.6136031150817871,0.6494249105453491,0.15277288854122162,0.13941271603107452,0.2336239516735077,0.21116240322589874
56,S5,LatCrit,local,local,0,local,local,0,0.44150781631469727,0.4526258111000061,0.011117994785308838,0.00032648409251123667,0.022236019372940063,0.44150781631469727,0.4526258111000061,0.2739579975605011,0.2639726996421814,0.28453418612480164,0.2834014594554901
56,S5,ComHvy,local,local,0,local,local,0,0.5201746225357056,0.49399739503860474,-0.02617722749710083,0.0015438646078109741,0.052354514598846436,0.5201746225357056,0.49399739503860474,0.27399078011512756,0.2821939289569855,0.2058345377445221,0.2238086760044098
56,S5,BWHvy,local,local,0,local,local,0,0.46410101652145386,0.4609375596046448,-0.003163456916809082,0.0006290106102824211,0.02875193953514099,0.46410101652145386,0.4609375596046448,0.27690014243125916,0.26568761467933655,0.2589988708496094,0.2733748257160187
56,S6,LatCrit,local,local,0,local,local,0,0.5567573308944702,0.5405346155166626,-0.016222715377807617,0.0006618790794163942,0.03244553506374359,0.5567573308944702,0.5405346155166626,0.23183177411556244,0.24589402973651886,0.21141083538532257,0.21357139945030212
56,S6,ComHvy,local,local,0,BS1,BS1,0,0.45649540424346924,0.45334529876708984,-0.0031501054763793945,3.834685776382685e-05,0.008169665932655334,0.45649540424346924,0.45334529876708984,0.32717758417129517,0.33126237988471985,0.21632704138755798,0.21539227664470673
56,S6,BWHvy,local,local,0,BS1,BS1,0,0.4476391673088074,0.4663228392601013,0.018683671951293945,0.0010118186473846436,0.03736734390258789,0.4476391673088074,0.4663228392601013,0.27822816371917725,0.2777404189109802,0.2741326689720154,0.25593674182891846
56,S7,LatCrit,local,local,0,local,local,0,0.5888849496841431,0.5942643880844116,0.005379438400268555,0.00016669882461428642,0.014567792415618896,0.5888849496841431,0.5942643880844116,0.20774070918560028,0.20964518189430237,0.20337431132793427,0.196090430021286
56,S7,ComHvy,local,local,0,local,local,0,0.4789670705795288,0.4645122289657593,-0.014454841613769531,0.0007422444177791476,0.031205222010612488,0.4789670705795288,0.4645122289657593,0.22488057613372803,0.24048320949077606,0.2961523234844208,0.29500457644462585
56,S7,BWHvy,local,local,0,local,local,0,0.4992517828941345,0.49429601430892944,-0.004955768585205078,0.0008649108931422234,0.03392830491065979,0.4992517828941345,0.49429601430892944,0.2603244483470917,0.2772885859012604,0.2404237985610962,0.22841539978981018
56,S8,LatCrit,local,local,0,local,local,0,0.45304566621780396,0.45429784059524536,0.0012521743774414062,0.0017444752156734467,0.044254422187805176,0.45304566621780396,0.45429784059524536,0.24976687133312225,0.22763963043689728,0.297187477350235,0.3180624842643738
56,S8,ComHvy,local,local,0,local,local,0,0.47376471757888794,0.4772152900695801,0.0034505724906921387,0.0014981366693973541,0.04199540615081787,0.47376471757888794,0.4772152900695801,0.2428518384695053,0.221854105591774,0.28338348865509033,0.30093058943748474
56,S8,BWHvy,local,local,0,local,local,0,0.46303051710128784,0.46692097187042236,0.0038904547691345215,0.00018337927758693695,0.0156567245721817,0.46303051710128784,0.46692097187042236,0.3173278570175171,0.3212657868862152,0.21964159607887268,0.21181325614452362
57,S1,LatCrit,local,local,0,local,BS2,1,0.5249573588371277,0.5225985050201416,-0.002358853816986084,0.0026935208588838577,0.052541881799697876,0.5249573588371277,0.5225985050201416,0.21259304881095886,0.18868094682693481,0.26244959235191345,0.2887205183506012
57,S1,ComHvy,local,local,0,local,local,0,0.5258345603942871,0.5287238359451294,0.002889275550842285,0.00020174216479063034,0.01618252694606781,0.5258345603942871,0.5287238359451294,0.2260739803314209,0.23127597570419312,0.248091459274292,0.24000020325183868
57,S1,BWHvy,local,local,0,local,local,0,0.500687837600708,0.542364239692688,0.04167640209197998,0.0035135559737682343,0.08335283398628235,0.500687837600708,0.542364239692688,0.2247728854417801,0.20364351570606232,0.2745392918586731,0.2539922297000885
57,S2,LatCrit,local,local,0,local,local,0,0.43354183435440063,0.45692533254623413,0.023383498191833496,0.001263100653886795,0.046766966581344604,0.43354183435440063,0.45692533254623413,0.2628089487552643,0.2583625018596649,0.3036492168903351,0.28471219539642334
57,S2,ComHvy,local,local,0,local,local,0,0.49105268716812134,0.494301974773407,0.0032492876052856445,0.0007510855793952942,0.030601128935813904,0.49105268716812134,0.494301974773407,0.2287735641002655,0.2408248335123062,0.28017374873161316,0.2648731768131256
57,S2,BWHvy,local,local,0,local,local,0,0.4301968216896057,0.4223722815513611,-0.007824540138244629,0.0007155220955610275,0.0341009795665741,0.4301968216896057,0.4223722815513611,0.2849191725254059,0.27569320797920227,0.2848840057849884,0.30193448066711426
57,S3,LatCrit,local,local,0,local,local,0,0.4990360140800476,0.49582433700561523,-0.003211677074432373,0.00016784947365522385,0.014420539140701294,0.4990360140800476,0.49582433700561523,0.1932184100151062,0.20042869448661804,0.3077455461025238,0.3037469685077667
57,S3,ComHvy,local,local,0,local,local,0,0.48219841718673706,0.47549349069595337,-0.006704926490783691,0.0003101471811532974,0.02275639772415161,0.48219841718673706,0.47549349069595337,0.29610663652420044,0.30748483538627625,0.2216949462890625,0.21702167391777039
57,S3,BWHvy,local,local,0,BS1,BS1,0,0.46373236179351807,0.4658939838409424,0.0021616220474243164,0.000237196683883667,0.0167788565158844,0.46373236179351807,0.4658939838409424,0.32825130224227905,0.33447912335395813,0.2080163061618805,0.1996268928050995
57,S4,LatCrit,local,local,0,local,local,0,0.5080207586288452,0.5169142484664917,0.008893489837646484,0.00022670210455544293,0.018463894724845886,0.5080207586288452,0.5169142484664917,0.29131370782852173,0.2820817530155182,0.20066551864147186,0.20100396871566772
57,S4,ComHvy,local,local,0,local,local,0,0.504100501537323,0.49962854385375977,-0.004471957683563232,4.39563300460577e-05,0.008943930268287659,0.504100501537323,0.49962854385375977,0.21148012578487396,0.21240055561065674,0.28441935777664185,0.2879709005355835
57,S4,BWHvy,local,local,0,BS2,BS2,0,0.541009783744812,0.5332762002944946,-0.007733583450317383,0.0001207883469760418,0.01546718180179596,0.541009783744812,0.5332762002944946,0.20768411457538605,0.21081867814064026,0.25130608677864075,0.2559051215648651
57,S5,LatCrit,local,local,0,local,local,0,0.5307112336158752,0.529297947883606,-0.0014132857322692871,0.0003698104992508888,0.019948244094848633,0.5307112336158752,0.529297947883606,0.24262194335460663,0.2340610921382904,0.22666685283184052,0.23664095997810364
57,S5,ComHvy,local,local,0,local,local,0,0.5218913555145264,0.5234702229499817,0.0015788674354553223,0.00016940804198384285,0.014200285077095032,0.5218913555145264,0.5234702229499817,0.20770768821239471,0.21322894096374512,0.2704010009765625,0.2633008360862732
57,S5,BWHvy,local,local,0,local,local,0,0.5042843818664551,0.5117188692092896,0.007434487342834473,0.00014151103096082807,0.014868900179862976,0.5042843818664551,0.5117188692092896,0.2663601040840149,0.2596408724784851,0.22935548424720764,0.22864030301570892
57,S6,LatCrit,local,local,0,local,local,0,0.43621307611465454,0.43936818838119507,0.0031551122665405273,0.0005812384188175201,0.028445854783058167,0.43621307611465454,0.43936818838119507,0.3338789641857147,0.3196560740470886,0.22990792989730835,0.2409757822751999
57,S6,ComHvy,local,local,0,local,local,0,0.46919792890548706,0.4736410975456238,0.004443168640136719,0.0001367335207760334,0.014958783984184265,0.46919792890548706,0.4736410975456238,0.2359660118818283,0.2390022575855255,0.29483604431152344,0.2873566746711731
57,S6,BWHvy,local,local,0,local,local,0,0.5212862491607666,0.5249590873718262,0.0036728382110595703,2.764398232102394e-05,0.007345676422119141,0.5212862491607666,0.5249590873718262,0.27332010865211487,0.2715994119644165,0.20539361238479614,0.20344147086143494
57,S7,LatCrit,local,local,0,local,local,0,0.5758509635925293,0.5893793106079102,0.01352834701538086,0.00040029222145676613,0.027056753635406494,0.5758509635925293,0.5893793106079102,0.21733106672763824,0.2082463651895523,0.20681799948215485,0.20237429440021515
57,S7,ComHvy,local,local,0,local,local,0,0.462669312953949,0.48129063844680786,0.018621325492858887,0.002269347198307514,0.05185297131538391,0.462669312953949,0.48129063844680786,0.20153285562992096,0.1756063848733902,0.33579781651496887,0.34310299158096313
57,S7,BWHvy,local,local,0,local,local,0,0.44477134943008423,0.450408399105072,0.005637049674987793,0.002382855862379074,0.055749669671058655,0.44477134943008423,0.450408399105072,0.2773100733757019,0.24943523108959198,0.27791860699653625,0.3001563847064972
57,S8,LatCrit,local,local,0,local,local,0,0.5109796524047852,0.5116281509399414,0.00064849853515625,0.00026480667293071747,0.01670244336128235,0.5109796524047852,0.5116281509399414,0.2168583869934082,0.22456112504005432,0.27216193079948425,0.2638107240200043
57,S8,ComHvy,local,local,0,local,local,0,0.48888593912124634,0.49593472480773926,0.00704878568649292,0.0004081958904862404,0.024705857038497925,0.48888593912124634,0.49593472480773926,0.2506425082683563,0.25594663619995117,0.2604715824127197,0.24811863899230957
57,S8,BWHvy,local,local,0,local,BS2,1,0.4539775848388672,0.4158477783203125,-0.03812980651855469,0.00592049490660429,0.1009570062160492,0.4539775848388672,0.4158477783203125,0.292402982711792,0.3428814709186554,0.2536194324493408,0.24127072095870972
58,S1,LatCrit,local,local,0,local,local,0,0.5327408313751221,0.526831865310669,-0.005908966064453125,0.00040937867015600204,0.023061007261276245,0.5327408313751221,0.526831865310669,0.2643529176712036,0.2587313652038574,0.20290622115135193,0.21443670988082886
58,S1,ComHvy,local,local,0,local,local,0,0.42377209663391113,0.39263880252838135,-0.031133294105529785,0.0033923254813998938,0.06764453649520874,0.42377209663391113,0.39263880252838135,0.24024173617362976,0.2740640342235565,0.3359861373901367,0.3332971930503845
58,S1,BWHvy,local,local,0,local,local,0,0.5723534822463989,0.6246631145477295,0.052309632301330566,0.005742378532886505,0.10461924970149994,0.5723534822463989,0.6246631145477295,0.20502516627311707,0.17941652238368988,0.22262133657932281,0.19592036306858063
58,S2,LatCrit,local,local,0,BS2,BS2,0,0.4452550411224365,0.44028252363204956,-0.004972517490386963,0.0017890240997076035,0.04868689179420471,0.4452550411224365,0.44028252363204956,0.3069603145122528,0.2875893712043762,0.24778467416763306,0.2721281051635742
58,S2,ComHvy,local,local,0,local,local,0,0.571819007396698,0.5474151968955994,-0.024403810501098633,0.0014168480411171913,0.04880765080451965,0.571819007396698,0.5474151968955994,0.18752147257328033,0.2052707076072693,0.24065950512886047,0.24731411039829254
58,S2,BWHvy,local,local,0,local,local,0,0.4677491784095764,0.48842084407806396,0.02067166566848755,0.0008980329148471355,0.04134330153465271,0.4677491784095764,0.48842084407806396,0.26909732818603516,0.255425363779068,0.2631534934043884,0.25615382194519043
58,S3,LatCrit,local,local,0,local,local,0,0.5445998311042786,0.5501179695129395,0.005518138408660889,0.0001809149980545044,0.015262052416801453,0.5445998311042786,0.5501179695129395,0.24839065968990326,0.2505035400390625,0.20700950920581818,0.19937847554683685
58,S3,ComHvy,local,local,0,local,local,0,0.4937593936920166,0.4763008952140808,-0.01745849847793579,0.0006278129294514656,0.034916967153549194,0.4937593936920166,0.4763008952140808,0.26979637145996094,0.28126558661460876,0.23644423484802246,0.24243348836898804
58,S3,BWHvy,local,local,0,local,local,0,0.5167511701583862,0.5603348016738892,0.04358363151550293,0.0038330070674419403,0.08716729283332825,0.5167511701583862,0.5603348016738892,0.23312819004058838,0.21200577914714813,0.2501206696033478,0.2276594191789627
58,S4,LatCrit,local,local,0,local,local,0,0.4921494722366333,0.47097814083099365,-0.02117133140563965,0.0015354622155427933,0.04317754507064819,0.4921494722366333,0.47097814083099365,0.30358636379241943,0.303168922662735,0.20426417887210846,0.22585295140743256
58,S4,ComHvy,local,local,0,BS2,BS2,0,0.5015777349472046,0.49381130933761597,-0.007766425609588623,0.0004979963414371014,0.02546200156211853,0.5015777349472046,0.49381130933761597,0.1962219625711441,0.20895294845104218,0.3022003173828125,0.29723572731018066
58,S4,BWHvy,local,local,0,local,local,0,0.49821585416793823,0.49494534730911255,-0.0032705068588256836,0.0010642409324645996,0.035212039947509766,0.49821585416793823,0.49494534730911255,0.21561604738235474,0.23322206735610962,0.28616809844970703,0.27183258533477783
58,S5,LatCrit,local,local,0,BS1,local,1,0.5209479928016663,0.5593774318695068,0.038429439067840576,0.004551627207547426,0.07754430174827576,0.5209479928016663,0.5593774318695068,0.26108017563819885,0.22230803966522217,0.2179718315601349,0.21831455826759338
58,S5,ComHvy,local,local,0,local,local,0,0.4963610768318176,0.499639093875885,0.003278017044067383,0.0010342951864004135,0.03368659317493439,0.4963610768318176,0.499639093875885,0.2957500219345093,0.3093152940273285,0.20788893103599548,0.1910456269979477
58,S5,BWHvy,local,local,0,local,local,0,0.5068739652633667,0.5066497325897217,-0.00022423267364501953,0.0002958197146654129,0.017301619052886963,0.5068739652633667,0.5066497325897217,0.24659165740013123,0.23816505074501038,0.24653440713882446,0.25518518686294556
58,S6,LatCrit,BS1,BS1,0,local,local,0,0.40183883905410767,0.4388484060764313,0.03700956702232361,0.00283118337392807,0.07401910424232483,0.3882427215576172,0.3669136166572571,0.40183883905410767,0.4388484060764313,0.20991840958595276,0.19423797726631165
58,S6,ComHvy,local,local,0,BS1,BS1,0,0.5147008299827576,0.5039609670639038,-0.01073986291885376,0.0002545807510614395,0.0214797705411911,0.5147008299827576,0.5039609670639038,0.21830807626247406,0.22069168090820312,0.2669910788536072,0.27534738183021545
58,S6,BWHvy,local,local,0,local,local,0,0.43823665380477905,0.4168386459350586,-0.02139800786972046,0.0014359522610902786,0.04452836513519287,0.43823665380477905,0.4168386459350586,0.29948753118515015,0.29862138628959656,0.2622757852077484,0.28453999757766724
58,S7,LatCrit,local,local,0,local,local,0,0.5185478925704956,0.521437406539917,0.0028895139694213867,8.850381709635258e-05,0.011148378252983093,0.5185478925704956,0.521437406539917,0.24059255421161652,0.23501834273338318,0.24085958302021027,0.24354423582553864
58,S7,ComHvy,local,local,0,local,local,0,0.4037551283836365,0.3734400272369385,-0.030315101146697998,0.0020997431129217148,0.06063017249107361,0.4037551283836365,0.3734400272369385,0.31023433804512024,0.31884944438934326,0.2860105335712433,0.3077104985713959
58,S7,BWHvy,local,local,0,local,local,0,0.5165455937385559,0.5514065027236938,0.03486090898513794,0.004489589482545853,0.07770960032939911,0.5165455937385559,0.5514065027236938,0.2529853284358978,0.21413052082061768,0.23046907782554626,0.23446296155452728
58,S8,LatCrit,local,local,0,local,local,0,0.5611763596534729,0.5349891185760498,-0.026187241077423096,0.0014533894136548042,0.052374497056007385,0.5611763596534729,0.5349891185760498,0.19168712198734283,0.20728212594985962,0.24713650345802307,0.2577287554740906
58,S8,ComHvy,local,local,0,local,local,0,0.5066958069801331,0.5419281125068665,0.0352323055267334,0.0033202688209712505,0.07046462595462799,0.5066958069801331,0.5419281125068665,0.2587376832962036,0.2269914448261261,0.23456653952598572,0.23108045756816864
58,S8,BWHvy,local,local,0,local,local,0,0.4532923698425293,0.4630237817764282,0.009731411933898926,0.00046715233474969864,0.026103094220161438,0.4532923698425293,0.4630237817764282,0.29137566685676575,0.29469579458236694,0.25533196330070496,0.24228040874004364
59,S1,LatCrit,local,local,0,local,local,0,0.5391384363174438,0.5393685102462769,0.0002300739288330078,0.0008481629192829132,0.027612999081611633,0.5391384363174438,0.5393685102462769,0.19518104195594788,0.18137453496456146,0.2656805217266083,0.2792569398880005
59,S1,ComHvy,local,local,0,local,local,0,0.4967554807662964,0.5244458317756653,0.027690351009368896,0.0017743241041898727,0.05538065731525421,0.4967554807662964,0.5244458317756653,0.22512927651405334,0.2200457900762558,0.2781152129173279,0.2555083930492401
59,S1,BWHvy,local,local,0,local,local,0,0.523523211479187,0.5136309862136841,-0.00989222526550293,0.0003585154190659523,0.02249990403652191,0.523523211479187,0.5136309862136841,0.24052488803863525,0.23916715383529663,0.23595187067985535,0.2472018152475357
59,S2,LatCrit,local,local,0,BS2,BS2,0,0.4005098342895508,0.38582944869995117,-0.01468038558959961,0.0010667908936738968,0.04065769910812378,0.4005098342895508,0.38582944869995117,0.26471182703971863,0.2850406765937805,0.3347783386707306,0.3291298747062683
59,S2,ComHvy,local,local,0,local,local,0,0.46792852878570557,0.4806310534477234,0.012702524662017822,0.00045358575880527496,0.025841891765594482,0.46792852878570557,0.4806310534477234,0.2296006679534912,0.22981908917427063,0.3024708032608032,0.289549857378006
59,S2,BWHvy,local,local,0,BS2,BS2,0,0.4141767621040344,0.41049325466156006,-0.0036835074424743652,0.00029872264713048935,0.021481990814208984,0.4141767621040344,0.41049325466156006,0.3024759888648987,0.29541850090026855,0.2833472490310669,0.2940882444381714
59,S3,LatCrit,local,local,0,local,local,0,0.5065721273422241,0.5281777381896973,0.021605610847473145,0.0010764654725790024,0.04321114718914032,0.5065721273422241,0.5281777381896973,0.24488627910614014,0.23980747163295746,0.24854154884815216,0.23201481997966766
59,S3,ComHvy,local,local,0,local,local,0,0.45590633153915405,0.4582212567329407,0.002314925193786621,0.0006498536095023155,0.02874217927455902,0.45590633153915405,0.4582212567329407,0.29945823550224304,0.28508713841438293,0.2446354180574417,0.256691575050354
59,S3,BWHvy,local,local,0,local,local,0,0.444244921207428,0.4432857036590576,-0.0009592175483703613,2.023298293352127e-05,0.005268588662147522,0.444244921207428,0.4432857036590576,0.3245832920074463,0.3229082226753235,0.23117178678512573,0.2338060885667801
59,S4,LatCrit,local,local,0,local,local,0,0.5042479038238525,0.5431548357009888,0.03890693187713623,0.003580375574529171,0.07781380414962769,0.5042479038238525,0.5431548357009888,0.23119474947452545,0.20243315398693085,0.2645573318004608,0.25441205501556396
59,S4,ComHvy,local,local,0,local,local,0,0.4619293808937073,0.44818609952926636,-0.013743281364440918,0.0003920048475265503,0.027486562728881836,0.4619293808937073,0.44818609952926636,0.2612587511539459,0.2696818709373474,0.2768118679523468,0.28213202953338623
59,S4,BWHvy,local,local,0,local,local,0,0.5511402487754822,0.5497249364852905,-0.0014153122901916504,1.1911150068044662e-05,0.00418524444103241,0.5511402487754822,0.5497249364852905,0.20625554025173187,0.20557823777198792,0.24260419607162476,0.24469682574272156
59,S5,LatCrit,local,local,0,local,local,0,0.4287768006324768,0.3877243399620056,-0.04105246067047119,0.004680342972278595,0.08210492134094238,0.4287768006324768,0.3877243399620056,0.3012714385986328,0.30331772565841675,0.269951730966568,0.30895790457725525
59,S5,ComHvy,local,local,0,local,local,0,0.5999581217765808,0.5918810963630676,-0.008077025413513184,0.0001625637523829937,0.016154006123542786,0.5999581217765808,0.5918810963630676,0.2151278406381607,0.2170964628458023,0.18491406738758087,0.19102242588996887
59,S5,BWHvy,local,local,0,local,local,0,0.46271437406539917,0.4524465799331665,-0.010267794132232666,0.001331905834376812,0.04582031071186066,0.46271437406539917,0.4524465799331665,0.27661409974098206,0.2995242476463318,0.26067155599594116,0.2480291873216629
59,S6,LatCrit,local,local,0,local,local,0,0.4523646831512451,0.4430476427078247,-0.00931704044342041,0.003205161541700363,0.0671616792678833,0.4523646831512451,0.4430476427078247,0.29493558406829834,0.2706717550754547,0.2526997923851013,0.2862806022167206
59,S6,ComHvy,local,local,0,local,local,0,0.46861475706100464,0.47234398126602173,0.00372922420501709,0.00022993888705968857,0.01848509907722473,0.46861475706100464,0.47234398126602173,0.28105029463768005,0.2718077600002289,0.2503349184989929,0.2558482587337494
59,S6,BWHvy,local,local,0,local,local,0,0.6180173754692078,0.6047734022140503,-0.01324397325515747,0.0007623978890478611,0.03285983204841614,0.6180173754692078,0.6047734022140503,0.21910034120082855,0.23553025722503662,0.16288229823112488,0.15969635546207428
59,S7,LatCrit,local,local,0,local,local,0,0.5949279069900513,0.5748039484024048,-0.020123958587646484,0.0008574016392230988,0.04024793207645416,0.5949279069900513,0.5748039484024048,0.1925099641084671,0.19970202445983887,0.21256212890148163,0.22549404203891754
59,S7,ComHvy,local,local,0,local,local,0,0.4928896427154541,0.5243165493011475,0.03142690658569336,0.003437049686908722,0.06821116805076599,0.4928896427154541,0.5243165493011475,0.24782322347164154,0.2505019009113312,0.25928714871406555,0.22518156468868256
59,S7,BWHvy,local,local,0,BS1,BS1,0,0.46081632375717163,0.4647015333175659,0.003885209560394287,0.0008104201406240463,0.03263092041015625,0.46081632375717163,0.4647015333175659,0.27107957005500793,0.2835098206996918,0.26810410618782043,0.2517886459827423
59,S8,LatCrit,local,local,0,local,local,0,0.546746551990509,0.541006863117218,-0.005739688873291016,0.00010333776299376041,0.011948227882385254,0.546746551990509,0.541006863117218,0.24093303084373474,0.24690714478492737,0.21232043206691742,0.2120860069990158
59,S8,ComHvy,local,local,0,BS1,BS1,0,0.49851536750793457,0.49305087327957153,-0.005464494228363037,0.00013870361726731062,0.014650359749794006,0.49851536750793457,0.49305087327957153,0.26005738973617554,0.26738256216049194,0.2414272576570511,0.23956656455993652
59,S8,BWHvy,local,local,0,local,local,0,0.4865528345108032,0.43646299839019775,-0.05008983612060547,0.005345270968973637,0.10017967224121094,0.4865528345108032,0.43646299839019775,0.2555825114250183,0.28981873393058777,0.25786465406417847,0.2737182676792145
60,S1,LatCrit,local,local,0,local,local,0,0.5056202411651611,0.49128568172454834,-0.014334559440612793,0.00041974009945988655,0.02866913378238678,0.5056202411651611,0.49128568172454834,0.2518921494483948,0.2607104778289795,0.2424875795841217,0.24800382554531097
60,S1,ComHvy,local,local,0,local,local,0,0.5008424520492554,0.49963581562042236,-0.0012066364288330078,2.9396614991128445e-06,0.0024133026599884033,0.5008424520492554,0.49963581562042236,0.23063690960407257,0.23104055225849152,0.26852062344551086,0.2693236470222473
60,S1,BWHvy,local,local,0,local,local,0,0.5468927621841431,0.5549782514572144,0.008085489273071289,0.00014160387217998505,0.0161709263920784,0.5468927621841431,0.5549782514572144,0.1283647119998932,0.12478437274694443,0.32474252581596375,0.3202374279499054
60,S2,LatCrit,local,local,0,local,local,0,0.43691956996917725,0.41620951890945435,-0.0207100510597229,0.0011493843048810959,0.044280245900154114,0.43691956996917725,0.41620951890945435,0.19311508536338806,0.1916850358247757,0.3699653446674347,0.39210548996925354
60,S2,ComHvy,local,local,0,BS1,BS1,0,0.42305994033813477,0.44261860847473145,0.01955866813659668,0.0008088601753115654,0.039117321372032166,0.42305994033813477,0.44261860847473145,0.36463847756385803,0.3550589680671692,0.212301567196846,0.20232242345809937
60,S2,BWHvy,local,local,0,local,local,0,0.43550050258636475,0.42598313093185425,-0.009517371654510498,0.0008712951093912125,0.0375504195690155,0.43550050258636475,0.42598313093185425,0.2903080880641937,0.2810502350330353,0.2741914391517639,0.2929666340351105
60,S3,LatCrit,local,local,0,BS2,BS2,0,0.4985666871070862,0.47084546089172363,-0.02772122621536255,0.0021487995982170105,0.05820561945438385,0.4985666871070862,0.47084546089172363,0.20550096035003662,0.20411936938762665,0.2959323525428772,0.3250351548194885
60,S3,ComHvy,local,local,0,local,local,0,0.5061215758323669,0.4921761155128479,-0.013945460319519043,0.001964378170669079,0.05501754581928253,0.5061215758323669,0.4921761155128479,0.26021870970726013,0.2877274751663208,0.23365969955921173,0.2200963795185089
60,S3,BWHvy,local,local,0,local,local,0,0.43669891357421875,0.4323207139968872,-0.004378199577331543,0.0003812001086771488,0.023872554302215576,0.43669891357421875,0.4323207139968872,0.263872355222702,0.2758086323738098,0.29942870140075684,0.2918706238269806
60,S4,LatCrit,local,local,0,local,local,0,0.4469708204269409,0.43160080909729004,-0.015370011329650879,0.00048029329627752304,0.030740007758140564,0.4469708204269409,0.43160080909729004,0.3230506479740143,0.3322013318538666,0.229978546500206,0.23619785904884338
60,S4,ComHvy,local,local,0,local,local,0,0.5045065879821777,0.49791377782821655,-0.006592810153961182,0.00012146681547164917,0.013185635209083557,0.5045065879821777,0.49791377782821655,0.20688030123710632,0.21255989372730255,0.28861308097839355,0.2895263135433197
60,S4,BWHvy,local,local,0,BS2,BS2,0,0.48943042755126953,0.48254889249801636,-0.006881535053253174,0.0009845253080129623,0.03780241310596466,0.48943042755126953,0.48254889249801636,0.18619339168071747,0.1741737425327301,0.3243761658668518,0.3432773947715759
60,S5,LatCrit,local,local,0,local,local,0,0.5304077863693237,0.5276368856430054,-0.0027709007263183594,0.0004010312259197235,0.02199360728263855,0.5304077863693237,0.5276368856430054,0.22294668853282928,0.21472075581550598,0.24664555490016937,0.25764232873916626
60,S5,ComHvy,local,local,0,local,local,0,0.4924944043159485,0.4598841071128845,-0.032610297203063965,0.0028192680329084396,0.06522063910961151,0.4924944043159485,0.4598841071128845,0.22079654037952423,0.2211480438709259,0.2867090106010437,0.3189678490161896
60,S5,BWHvy,local,local,0,local,local,0,0.4703105688095093,0.4761086702346802,0.0057981014251708984,0.0006021950393915176,0.02823123335838318,0.4703105688095093,0.4761086702346802,0.2290286272764206,0.2149129956960678,0.30066078901290894,0.30897828936576843
60,S6,LatCrit,local,local,0,local,local,0,0.4609682559967041,0.4607153534889221,-0.0002529025077819824,7.210485637187958e-05,0.008852794766426086,0.4609682559967041,0.4607153534889221,0.3331059515476227,0.3375323414802551,0.2059258222579956,0.20175231993198395
60,S6,ComHvy,local,local,0,local,local,0,0.514286994934082,0.4957088828086853,-0.01857811212539673,0.0011509590549394488,0.03715622425079346,0.514286994934082,0.4957088828086853,0.20055580139160156,0.2190903127193451,0.285157173871994,0.2852007746696472
60,S6,BWHvy,local,local,0,local,local,0,0.4348089098930359,0.4583451747894287,0.023536264896392822,0.0011799074709415436,0.04707251489162445,0.4348089098930359,0.4583451747894287,0.30453407764434814,0.2958136200904846,0.2606569528579712,0.2458411604166031
60,S7,LatCrit,local,local,0,local,local,0,0.5335619449615479,0.5338396430015564,0.0002776980400085449,0.0003667296841740608,0.018759682774543762,0.5335619449615479,0.5338396430015564,0.2175731211900711,0.22667522728443146,0.24886499345302582,0.23948511481285095
60,S7,ComHvy,local,local,0,BS2,BS2,0,0.42051607370376587,0.4038078784942627,-0.016708195209503174,0.0007739681750535965,0.03341639041900635,0.42051607370376587,0.4038078784942627,0.32000797986984253,0.3214987516403198,0.2594759464263916,0.2746933698654175
60,S7,BWHvy,local,local,0,local,local,0,0.5474896430969238,0.5291447639465332,-0.018344879150390625,0.0011718492023646832,0.03920792043209076,0.5474896430969238,0.5291447639465332,0.21198952198028564,0.23159347474575043,0.24052084982395172,0.23926176130771637
60,S8,LatCrit,local,local,0,local,local,0,0.5205976963043213,0.5089876651763916,-0.011610031127929688,0.0006189325358718634,0.02879917621612549,0.5205976963043213,0.5089876651763916,0.20966267585754395,0.2240622341632843,0.26973965764045715,0.2669500708580017
60,S8,ComHvy,local,local,0,local,local,0,0.4979279041290283,0.48532235622406006,-0.012605547904968262,0.000988784246146679,0.03835649788379669,0.4979279041290283,0.48532235622406006,0.23432086408138275,0.2534991204738617,0.26775121688842773,0.26117852330207825
60,S8,BWHvy,local,local,0,local,local,0,0.5817326307296753,0.5600683093070984,-0.021664321422576904,0.0013683885335922241,0.043328627943992615,0.5817326307296753,0.5600683093070984,0.2228100299835205,0.2245909571647644,0.1954573541879654,0.2153407335281372
61,S1,LatCrit,local,local,0,local,local,0,0.5253679752349854,0.5222930908203125,-0.0030748844146728516,0.0008336370810866356,0.031084775924682617,0.5253679752349854,0.5222930908203125,0.21034151315689087,0.1978740096092224,0.2642905116081238,0.2798328995704651
61,S1,ComHvy,local,local,0,local,local,0,0.45158106088638306,0.4286048412322998,-0.022976219654083252,0.002833540551364422,0.0706394761800766,0.45158106088638306,0.4286048412322998,0.30393537878990173,0.33925512433052063,0.2444835752248764,0.23214006423950195
61,S1,BWHvy,local,local,0,local,local,0,0.5559028387069702,0.5981111526489258,0.042208313941955566,0.0036682840436697006,0.08441662788391113,0.5559028387069702,0.5981111526489258,0.16843260824680328,0.1524360477924347,0.2756645679473877,0.24945281445980072
61,S2,LatCrit,local,local,0,BS2,BS2,0,0.4396815896034241,0.40982210636138916,-0.029859483242034912,0.002319882158190012,0.05971895158290863,0.4396815896034241,0.40982210636138916,0.2460256665945053,0.27141132950782776,0.3142927587032318,0.3187665641307831
61,S2,ComHvy,local,local,0,BS1,BS1,0,0.44521594047546387,0.46904367208480835,0.023827731609344482,0.0011430280283093452,0.04765549302101135,0.44521594047546387,0.46904367208480835,0.3077857196331024,0.2948950529098511,0.2469983547925949,0.23606126010417938
61,S2,BWHvy,local,local,0,BS1,BS1,0,0.4084995985031128,0.405207097530365,-0.0032925009727478027,4.302803426980972e-05,0.008041322231292725,0.4084995985031128,0.405207097530365,0.3138831555843353,0.31315499544143677,0.27761727571487427,0.28163793683052063
61,S3,LatCrit,local,local,0,BS2,BS2,0,0.481414258480072,0.46081429719924927,-0.020599961280822754,0.0010501686483621597,0.04119992256164551,0.481414258480072,0.46081429719924927,0.1791902333498001,0.17926965653896332,0.3393954932689667,0.3599160313606262
61,S3,ComHvy,local,local,0,local,local,0,0.4205290675163269,0.42156070470809937,0.001031637191772461,7.329625077545643e-06,0.0033741295337677,0.4205290675163269,0.42156070470809937,0.31330522894859314,0.31396064162254333,0.26616573333740234,0.2644786536693573
61,S3,BWHvy,local,local,0,BS1,BS1,0,0.5072199106216431,0.4868820905685425,-0.020337820053100586,0.0010628551244735718,0.040675580501556396,0.5072199106216431,0.4868820905685425,0.23814472556114197,0.255901038646698,0.25463539361953735,0.25721684098243713
61,S4,LatCrit,local,local,0,local,local,0,0.5092947483062744,0.4874460697174072,-0.021848678588867188,0.0031820572912693024,0.06765954196453094,0.5092947483062744,0.4874460697174072,0.27783462405204773,0.26585349440574646,0.21287068724632263,0.24670042097568512
61,S4,ComHvy,local,local,0,local,local,0,0.41409069299697876,0.4113351106643677,-0.002755582332611084,0.0007942542433738708,0.032079845666885376,0.41409069299697876,0.4113351106643677,0.232621967792511,0.24866187572479248,0.35328736901283264,0.34000301361083984
61,S4,BWHvy,local,local,0,BS1,BS1,0,0.45778799057006836,0.42569708824157715,-0.03209090232849121,0.0021217036992311478,0.0641818642616272,0.45778799057006836,0.42569708824157715,0.23280222713947296,0.24370943009853363,0.3094097375869751,0.3305934965610504
61,S5,LatCrit,local,local,0,local,local,0,0.5542415380477905,0.5505639314651489,-0.0036776065826416016,0.00044565461575984955,0.02321961522102356,0.5542415380477905,0.5505639314651489,0.21659201383590698,0.2086598128080368,0.22916649281978607,0.24077630043029785
61,S5,ComHvy,local,local,0,local,local,0,0.5310690402984619,0.5105260610580444,-0.02054297924041748,0.0010030735284090042,0.04108594357967377,0.5310690402984619,0.5105260610580444,0.20298685133457184,0.20560035109519958,0.26594409346580505,0.2838735580444336
61,S5,BWHvy,local,local,0,local,local,0,0.5293705463409424,0.5261940956115723,-0.003176450729370117,0.0001069074496626854,0.012371227145195007,0.5293705463409424,0.5261940956115723,0.22696702182292938,0.2239578664302826,0.24366238713264465,0.24984800815582275
61,S6,LatCrit,local,local,0,BS1,local,1,0.42839348316192627,0.44584691524505615,0.017453432083129883,0.0006198356859385967,0.03490683436393738,0.42839348316192627,0.44584691524505615,0.3686343729496002,0.3567254841327667,0.20297211408615112,0.19742760062217712
61,S6,ComHvy,local,local,0,local,local,0,0.5183497667312622,0.5187530517578125,0.00040328502655029297,5.415990017354488e-06,0.0026260316371917725,0.5183497667312622,0.5187530517578125,0.24126920104026794,0.23995621502399445,0.24038097262382507,0.24129073321819305
61,S6,BWHvy,local,local,0,local,local,0,0.517427921295166,0.4970439076423645,-0.020384013652801514,0.001346079632639885,0.04271717369556427,0.517427921295166,0.4970439076423645,0.2519403398036957,0.25096580386161804,0.23063169419765472,0.25199031829833984
61,S7,LatCrit,local,local,0,local,local,0,0.4962925314903259,0.502345085144043,0.006052553653717041,0.00019416422583162785,0.016936779022216797,0.4962925314903259,0.502345085144043,0.2510313391685486,0.24256297945976257,0.2526760995388031,0.25509196519851685
61,S7,ComHvy,local,local,0,BS2,BS2,0,0.3984302878379822,0.40794819593429565,0.009517908096313477,0.0034037623554468155,0.06667710840702057,0.3984302878379822,0.40794819593429565,0.24155545234680176,0.20821689069271088,0.36001425981521606,0.3838348984718323
61,S7,BWHvy,local,local,0,local,local,0,0.5319085121154785,0.494897723197937,-0.037010788917541504,0.0033034086227416992,0.07402151823043823,0.5319085121154785,0.494897723197937,0.2428770214319229,0.24970263242721558,0.22521449625492096,0.255399614572525
61,S8,LatCrit,local,local,0,local,local,0,0.5252541303634644,0.5127466917037964,-0.012507438659667969,0.0020698057487607002,0.053648531436920166,0.5252541303634644,0.5127466917037964,0.22283977270126343,0.2496640384197235,0.2519061267375946,0.2375892996788025
61,S8,ComHvy,local,local,0,local,local,0,0.5524128675460815,0.5304239392280579,-0.02198892831802368,0.0027644187211990356,0.06021633744239807,0.5524128675460815,0.5304239392280579,0.1875818967819214,0.21769008040428162,0.2600052058696747,0.2518859803676605
61,S8,BWHvy,local,local,0,local,local,0,0.5740246772766113,0.5500739812850952,-0.023950695991516113,0.0015543517656624317,0.04790143668651581,0.5740246772766113,0.5500739812850952,0.20951169729232788,0.23093286156654358,0.2164635956287384,0.2189931720495224
62,S1,LatCrit,local,local,0,local,local,0,0.5486286878585815,0.5363823175430298,-0.012246370315551758,0.0007612279150635004,0.030766844749450684,0.5486286878585815,0.5363823175430298,0.18578262627124786,0.2011660486459732,0.2655887305736542,0.2624516785144806
62,S1,ComHvy,local,local,0,local,local,0,0.465948224067688,0.44792723655700684,-0.018020987510681152,0.0017888769507408142,0.05375182628631592,0.465948224067688,0.44792723655700684,0.26376134157180786,0.2906372547149658,0.27029046416282654,0.26143553853034973
62,S1,BWHvy,local,local,0,local,local,0,0.48837655782699585,0.47950464487075806,-0.008871912956237793,0.0001583159901201725,0.017743781208992004,0.48837655782699585,0.47950464487075806,0.22965772449970245,0.23405715823173523,0.2819657325744629,0.2864381670951843
62,S2,LatCrit,local,local,0,local,local,0,0.4937659502029419,0.48121631145477295,-0.012549638748168945,0.00040523335337638855,0.025099247694015503,0.4937659502029419,0.48121631145477295,0.2693192660808563,0.2711123824119568,0.23691479861736298,0.24767129123210907
62,S2,ComHvy,local,BS2,1,BS2,BS2,0,0.374093234539032,0.40169036388397217,0.027597129344940186,0.005125690251588821,0.09746906161308289,0.374093234539032,0.3404839038848877,0.2729509174823761,0.25782570242881775,0.3529558479785919,0.40169036388397217
62,S2,BWHvy,local,local,0,local,local,0,0.5002555251121521,0.5119612216949463,0.01170569658279419,0.0005301907658576965,0.02903205156326294,0.5002555251121521,0.5119612216949463,0.21038918197155,0.21319951117038727,0.2893553078174591,0.27483928203582764
62,S3,LatCrit,local,local,0,local,local,0,0.4760010838508606,0.46015357971191406,-0.015847504138946533,0.0005049761384725571,0.031695008277893066,0.4760010838508606,0.46015357971191406,0.2045373171567917,0.2109801322221756,0.3194616138935089,0.32886630296707153
62,S3,ComHvy,local,local,0,local,local,0,0.4476369023323059,0.447376012802124,-0.00026088953018188477,0.0003636162728071213,0.020014688372612,0.4476369023323059,0.447376012802124,0.3197912573814392,0.3297986090183258,0.23257184028625488,0.22282539308071136
62,S3,BWHvy,local,local,0,local,local,0,0.5325946807861328,0.5419750809669495,0.00938040018081665,0.00019059237092733383,0.018760845065116882,0.5325946807861328,0.5419750809669495,0.19354741275310516,0.19137820601463318,0.2738579511642456,0.26664671301841736
62,S4,LatCrit,local,local,0,local,local,0,0.4765291213989258,0.46120160818099976,-0.015327513217926025,0.0015056086704134941,0.04936489462852478,0.4765291213989258,0.46120160818099976,0.2658015489578247,0.2904840111732483,0.2576693296432495,0.24831441044807434
62,S4,ComHvy,local,local,0,local,BS2,1,0.46203678846359253,0.44607287645339966,-0.01596391201019287,0.0011658298317342997,0.03874623775482178,0.46203678846359253,0.44607287645339966,0.20387330651283264,0.22324642539024353,0.33408990502357483,0.3306806981563568
62,S4,BWHvy,local,local,0,BS2,BS2,0,0.4476431608200073,0.4156685471534729,-0.031974613666534424,0.002747530583292246,0.06394919753074646,0.4476431608200073,0.4156685471534729,0.23821210861206055,0.26617002487182617,0.31414473056793213,0.31816139817237854
62,S5,LatCrit,local,local,0,local,local,0,0.5375633239746094,0.5378811359405518,0.0003178119659423828,5.617109127342701e-05,0.007516145706176758,0.5375633239746094,0.5378811359405518,0.23522964119911194,0.23147158324718475,0.2272070199251175,0.23064729571342468
62,S5,ComHvy,local,local,0,local,local,0,0.5384536385536194,0.5780781507492065,0.03962451219558716,0.0038755610585212708,0.07924897968769073,0.5384536385536194,0.5780781507492065,0.2624688446521759,0.25121694803237915,0.19907750189304352,0.1707049310207367
62,S5,BWHvy,local,local,0,local,local,0,0.4649689793586731,0.4547812342643738,-0.010187745094299316,0.0005117645487189293,0.027461111545562744,0.4649689793586731,0.4547812342643738,0.24094635248184204,0.2546769082546234,0.29408466815948486,0.2905418574810028
62,S6,LatCrit,local,local,0,local,local,0,0.4927712678909302,0.5011123418807983,0.008341073989868164,0.00032523274421691895,0.020505204796791077,0.4927712678909302,0.5011123418807983,0.2893424332141876,0.291253924369812,0.2178863286972046,0.20763368904590607
62,S6,ComHvy,local,local,0,local,local,0,0.55069899559021,0.5394162535667419,-0.011282742023468018,0.0012258859351277351,0.041816070675849915,0.55069899559021,0.5394162535667419,0.23202897608280182,0.2529370188713074,0.21727199852466583,0.2076467126607895
62,S6,BWHvy,local,local,0,local,local,0,0.5199760794639587,0.5035223960876465,-0.016453683376312256,0.0028183981776237488,0.06625296175479889,0.5199760794639587,0.5035223960876465,0.1994425505399704,0.1827697455883026,0.28058138489723206,0.3137078583240509
62,S7,LatCrit,local,local,0,BS1,BS1,0,0.4648206830024719,0.47467613220214844,0.009855449199676514,0.00019572628661990166,0.019710898399353027,0.4648206830024719,0.47467613220214844,0.2756405174732208,0.27102363109588623,0.25953879952430725,0.25430023670196533
62,S7,ComHvy,local,local,0,local,local,0,0.4902953505516052,0.43842363357543945,-0.05187171697616577,0.0058254674077034,0.10374346375465393,0.4902953505516052,0.43842363357543945,0.25411051511764526,0.26887625455856323,0.2555941343307495,0.2927001416683197
62,S7,BWHvy,local,local,0,local,local,0,0.4980420470237732,0.5110012292861938,0.012959182262420654,0.00033588707447052,0.025918304920196533,0.4980420470237732,0.5110012292861938,0.26894763112068176,0.26201197504997253,0.23301030695438385,0.2269868403673172
62,S8,LatCrit,local,local,0,local,local,0,0.5219876766204834,0.5255944728851318,0.0036067962646484375,0.0005282489582896233,0.025500714778900146,0.5219876766204834,0.5255944728851318,0.24912773072719574,0.23637734353542328,0.22888462245464325,0.2380281537771225
62,S8,ComHvy,local,local,0,local,local,0,0.5604677796363831,0.5825099349021912,0.022042155265808105,0.0013794689439237118,0.0440843403339386,0.5604677796363831,0.5825099349021912,0.1981268674135208,0.17952248454093933,0.24140536785125732,0.2379675656557083
62,S8,BWHvy,local,local,0,local,local,0,0.49346649646759033,0.5272300243377686,0.03376352787017822,0.0024087056517601013,0.06752705574035645,0.49346649646759033,0.5272300243377686,0.2402094602584839,0.21894055604934692,0.26632407307624817,0.2538294494152069
63,S1,LatCrit,local,local,0,local,local,0,0.5512189865112305,0.5373603105545044,-0.013858675956726074,0.0011888612061738968,0.036900267004966736,0.5512189865112305,0.5373603105545044,0.28631097078323364,0.28171953558921814,0.1624700129032135,0.18092016875743866
63,S1,ComHvy,local,local,0,local,local,0,0.4487892985343933,0.44612157344818115,-0.002667725086212158,0.0007095141336321831,0.03028397262096405,0.4487892985343933,0.44612157344818115,0.22273345291614532,0.21025919914245605,0.32847726345062256,0.3436192572116852
63,S1,BWHvy,local,local,0,local,local,0,0.4295805096626282,0.4202091693878174,-0.009371340274810791,0.0016687056049704552,0.051750898361206055,0.4295805096626282,0.4202091693878174,0.31539538502693176,0.3412708044052124,0.25502413511276245,0.23851999640464783
63,S2,LatCrit,local,local,0,local,local,0,0.4209253787994385,0.4182681441307068,-0.0026572346687316895,0.0003563119098544121,0.022524476051330566,0.4209253787994385,0.4182681441307068,0.30208390951156616,0.29347890615463257,0.27699071168899536,0.28825294971466064
63,S2,ComHvy,local,local,0,local,local,0,0.5404815673828125,0.504202127456665,-0.03627943992614746,0.002745799720287323,0.07255885004997253,0.5404815673828125,0.504202127456665,0.18104422092437744,0.1900583803653717,0.27847421169281006,0.30573946237564087
63,S2,BWHvy,local,local,0,local,local,0,0.4573003649711609,0.4704470634460449,0.013146698474884033,0.0012025684118270874,0.04581855237483978,0.4573003649711609,0.4704470634460449,0.35582131147384644,0.33291205763816833,0.18687830865383148,0.19664090871810913
63,S3,LatCrit,local,local,0,local,local,0,0.44768208265304565,0.4410091042518616,-0.006672978401184082,0.0019869133830070496,0.05294984579086304,0.44768208265304565,0.4410091042518616,0.22938162088394165,0.2095796763896942,0.3229362964630127,0.3494112193584442
63,S3,ComHvy,local,local,0,local,local,0,0.3717617392539978,0.4081494212150574,0.03638768196105957,0.0039461106061935425,0.07277542352676392,0.3717617392539978,0.4081494212150574,0.3393177390098572,0.33764538168907166,0.2889205813407898,0.25420519709587097
63,S3,BWHvy,local,local,0,local,local,0,0.49893057346343994,0.5018299221992493,0.002899348735809326,0.0008631758391857147,0.03197792172431946,0.49893057346343994,0.5018299221992493,0.23952102661132812,0.25261062383651733,0.2615484297275543,0.2455594539642334
63,S4,LatCrit,local,local,0,local,local,0,0.4484996795654297,0.4940602779388428,0.045560598373413086,0.004870613105595112,0.09112122654914856,0.4484996795654297,0.4940602779388428,0.28662109375,0.25011029839515686,0.2648792266845703,0.255829393863678
63,S4,ComHvy,local,local,0,BS2,BS2,0,0.461111843585968,0.45293813943862915,-0.008173704147338867,0.00018826790619641542,0.016347408294677734,0.461111843585968,0.45293813943862915,0.2127240151166916,0.21972836554050446,0.3261641561985016,0.3273335099220276
63,S4,BWHvy,local,local,0,local,local,0,0.6049929261207581,0.6136922836303711,0.008699357509613037,0.0006353156641125679,0.028321579098701477,0.6049929261207581,0.6136922836303711,0.18215292692184448,0.1876143366098404,0.21285416185855865,0.19869334995746613
63,S5,LatCrit,local,local,0,local,local,0,0.5285383462905884,0.5096850395202637,-0.018853306770324707,0.0034751184284687042,0.06910116970539093,0.5285383462905884,0.5096850395202637,0.26935288310050964,0.2536555826663971,0.20210877060890198,0.23665933310985565
63,S5,ComHvy,local,local,0,local,local,0,0.4050329923629761,0.40141308307647705,-0.0036199092864990234,5.518971011042595e-05,0.008963674306869507,0.4050329923629761,0.40141308307647705,0.33254244923591614,0.3316805362701416,0.2624245584011078,0.26690641045570374
63,S5,BWHvy,local,local,0,local,local,0,0.5734729766845703,0.5611315965652466,-0.01234138011932373,0.002980555407702923,0.058377936482429504,0.5734729766845703,0.5611315965652466,0.16838613152503967,0.19757510721683502,0.25814083218574524,0.24129325151443481
63,S6,LatCrit,local,local,0,local,local,0,0.5224936604499817,0.5173989534378052,-0.005094707012176514,0.00022663269191980362,0.016813427209854126,0.5224936604499817,0.5173989534378052,0.2894923985004425,0.28618037700653076,0.188013955950737,0.19642065465450287
63,S6,ComHvy,local,local,0,BS1,BS1,0,0.4876968264579773,0.4747592806816101,-0.012937545776367188,0.0004033053992316127,0.025875091552734375,0.4876968264579773,0.4747592806816101,0.2740615904331207,0.2852465808391571,0.2382415533065796,0.2399941086769104
63,S6,BWHvy,local,local,0,local,local,0,0.5163273215293884,0.5269866585731506,0.010659337043762207,0.0018989089876413345,0.04881252348423004,0.5163273215293884,0.5269866585731506,0.2603833079338074,0.2741302251815796,0.2232893854379654,0.19888311624526978
63,S7,LatCrit,local,local,0,local,local,0,0.48832017183303833,0.48848503828048706,0.00016486644744873047,0.0009369328618049622,0.03011058270931244,0.48832017183303833,0.48848503828048706,0.3319889307022095,0.31693363189697266,0.1796909123659134,0.19458132982254028
63,S7,ComHvy,local,local,0,BS1,BS1,0,0.4234986901283264,0.44070225954055786,0.017203569412231445,0.0009227636037394404,0.03567272424697876,0.4234986901283264,0.44070225954055786,0.2853379547595978,0.2675015926361084,0.2911633551120758,0.29179614782333374
63,S7,BWHvy,BS1,BS1,0,local,local,0,0.41820526123046875,0.4056067168712616,-0.012598544359207153,0.0036711636930704117,0.0762825459241867,0.358123242855072,0.3962644934654236,0.41820526123046875,0.4056067168712616,0.22367151081562042,0.19812875986099243
63,S8,LatCrit,local,local,0,local,local,0,0.4870087504386902,0.5143530368804932,0.02734428644180298,0.001498579978942871,0.054688602685928345,0.4870087504386902,0.5143530368804932,0.27010276913642883,0.25649476051330566,0.24288848042488098,0.22915217280387878
63,S8,ComHvy,local,local,0,local,local,0,0.48371171951293945,0.5113646984100342,0.027652978897094727,0.002652869326993823,0.06043735146522522,0.48371171951293945,0.5113646984100342,0.2634177803993225,0.2331991195678711,0.25287050008773804,0.2554362118244171
63,S8,BWHvy,local,local,0,BS2,BS2,0,0.47360342741012573,0.46817511320114136,-0.005428314208984375,0.001983271911740303,0.048730820417404175,0.47360342741012573,0.46817511320114136,0.19853824377059937,0.22290366888046265,0.3278583288192749,0.3089212477207184
