block_index,block_start,block_stop_exclusive,block_size,block_semantic,block_weight_mean,block_weight_std,block_weight_max,block_weight_min,block_adv_scale_mean,block_adv_scale_std,block_adv_scale_max,block_adv_scale_min,block_value_score_mean,block_value_score_std,block_value_score_max,block_value_score_min,block_value_scale_mean,block_value_scale_std,block_value_scale_max,block_value_scale_min,block_value_pred_mean,block_value_pred_std,block_value_pred_max,block_value_pred_min,block_td_target_mean,block_td_target_std,block_td_target_max,block_td_target_min,block_td_advantage_mean,block_td_advantage_std,block_td_advantage_max,block_td_advantage_min,block_advantage_mean,block_advantage_std,block_advantage_max,block_advantage_min,block_active_rate,block_clip_fraction,block_positive_adv_clip_fraction,block_negative_adv_clip_fraction,block_ratio_mean,block_ratio_std,block_ratio_max,block_surrogate_mean,block_surrogate_std,per_block_selected_action_prob_gain_mean,per_block_selected_action_prob_gain_std,epoch
0,0,3,3,dispatch_decision_block,0.04811685532331467,0.01935862936079502,0.10345274209976196,0.017084548249840736,1.0,0.0,1.0,1.0,0.1703733205795288,0.0675407275557518,0.32817548513412476,-0.04966713860630989,1.0,0.0,1.0,1.0,0.1703733205795288,0.0675407275557518,0.32817548513412476,-0.04966713860630989,0.16921183466911316,0.30576422810554504,1.1973304748535156,-0.6521428823471069,-0.0011614847462624311,0.30408528447151184,0.9441615343093872,-0.7781915068626404,-0.0011614847462624311,0.30408528447151184,0.9441615343093872,-0.7781915068626404,0.3199999928474426,0.5399999618530273,0.5957446694374084,0.49056604504585266,0.887446403503418,0.5648417472839355,4.424420356750488,-0.011781220324337482,0.7660603523254395,-0.11255356669425964,0.5648417472839355,0
1,3,6,3,dispatch_decision_block,0.030378231778740883,0.018147705122828484,0.1010446548461914,9.448179127957701e-08,1.0,0.0,1.0,1.0,-0.018470613285899162,0.0999227836728096,0.2895090878009796,-0.2312651127576828,1.0,0.0,1.0,1.0,-0.018470613285899162,0.0999227836728096,0.2895090878009796,-0.2312651127576828,-0.02103220671415329,0.39596906304359436,0.9973021745681763,-0.9621936678886414,-0.002561591798439622,0.378970742225647,1.0396336317062378,-0.9733797907829285,-0.002561591798439622,0.378970742225647,1.0396336317062378,-0.9733797907829285,0.4899999797344208,0.07000000029802322,0.059405937790870667,0.08080808073282242,0.8938813805580139,0.37987372279167175,2.738615036010742,0.06851278245449066,0.9130634665489197,-0.10611862689256668,0.37987375259399414,0
2,6,9,3,dispatch_decision_block,0.03390970453619957,0.019946085289120674,0.11519429832696915,9.448179127957701e-08,1.0,0.0,1.0,1.0,0.3587038218975067,0.0926891639828682,0.5268154740333557,-0.3140728175640106,1.0,0.0,1.0,1.0,0.3587038218975067,0.0926891639828682,0.5268154740333557,-0.3140728175640106,0.34784984588623047,0.4002600908279419,1.5094802379608154,-0.9386561512947083,-0.010853984393179417,0.3786905109882355,1.03190279006958,-1.1922227144241333,-0.010853984393179417,0.3786905109882355,1.03190279006958,-1.1922227144241333,0.4599999785423279,0.949999988079071,0.9292929172515869,0.9702970385551453,0.7735969424247742,0.4804902970790863,3.2289154529571533,0.055010709911584854,0.9147582650184631,-0.22640302777290344,0.4804902970790863,0
3,9,12,3,dispatch_decision_block,0.052517302334308624,0.01607062667608261,0.10357365012168884,0.014736233279109001,1.0,0.0,1.0,1.0,0.1635100394487381,0.1401454359292984,0.5710110664367676,-0.2357797920703888,1.0,0.0,1.0,1.0,0.1635100394487381,0.1401454359292984,0.5710110664367676,-0.2357797920703888,0.16204775869846344,0.2519974708557129,1.152610421180725,-0.5592688918113708,-0.0014622616581618786,0.21649201214313507,0.9090703725814819,-0.6079487800598145,-0.0014622616581618786,0.21649201214313507,0.9090703725814819,-0.6079487800598145,0.20999999344348907,0.25999999046325684,0.22999998927116394,0.28999999165534973,0.8849748969078064,0.5440654754638672,4.6224775314331055,0.054095812141895294,0.8077375292778015,-0.11502508074045181,0.5440654754638672,0
4,12,15,3,dispatch_decision_block,0.04678230360150337,0.01767626218497753,0.09626877307891846,0.0168270543217659,1.0,0.0,1.0,1.0,-0.2584325075149536,0.10686099529266357,0.0950772687792778,-0.5160819888114929,1.0,0.0,1.0,1.0,-0.2584325075149536,0.10686099529266357,0.0950772687792778,-0.5160819888114929,-0.25755542516708374,0.3015897572040558,0.8831208348274231,-1.140244483947754,0.0008770829299464822,0.2818490266799927,0.9712722301483154,-0.81538987159729,0.0008770829299464822,0.2818490266799927,0.9712722301483154,-0.81538987159729,0.25999999046325684,0.2149999886751175,0.16161616146564484,0.2673267424106598,0.9096746444702148,0.42614978551864624,2.723026990890503,-0.002787073142826557,0.7970880270004272,-0.09032528847455978,0.42614978551864624,0
5,15,18,3,dispatch_decision_block,0.0392768494784832,0.021853148937225342,0.10454211384057999,0.003938736859709024,1.0,0.0,1.0,1.0,0.5152320265769958,0.13133254647254944,0.7648000717163086,-0.10629749298095703,1.0,0.0,1.0,1.0,0.5152320265769958,0.13133254647254944,0.7648000717163086,-0.10629749298095703,0.5014158487319946,0.5247479677200317,1.9645740985870361,-1.0212914943695068,-0.013816139660775661,0.5033711194992065,1.4944243431091309,-1.6512112617492676,-0.013816139660775661,0.5033711194992065,1.4944243431091309,-1.6512112617492676,0.5999999642372131,0.949999988079071,0.9799999594688416,0.9199999570846558,0.811245858669281,0.7317352890968323,7.0966410636901855,-0.030285147950053215,0.8298004269599915,-0.1887541115283966,0.7317352294921875,0
6,18,21,3,dispatch_decision_block,0.03441121429204941,0.021157944574952126,0.11819922178983688,6.584697985090315e-05,1.0,0.0,1.0,1.0,0.2344549000263214,0.10142631083726883,0.46424031257629395,-0.20694223046302795,1.0,0.0,1.0,1.0,0.2344549000263214,0.10142631083726883,0.46424031257629395,-0.20694223046302795,0.2293509989976883,0.47558775544166565,1.6397337913513184,-1.354068636894226,-0.005103916861116886,0.4606233239173889,1.3155603408813477,-1.600072979927063,-0.005103916861116886,0.4606233239173889,1.3155603408813477,-1.600072979927063,0.6100000143051147,0.29999998211860657,0.2525252401828766,0.3465346395969391,0.839163064956665,0.4323427081108093,3.2368617057800293,-0.07911397516727448,0.8610934019088745,-0.16083690524101257,0.4323427081108093,0
7,21,24,3,dispatch_decision_block,0.0473235659301281,0.013687226921319962,0.08980309963226318,0.017675360664725304,1.0,0.0,1.0,1.0,-0.17401088774204254,0.08703262358903885,0.3762536644935608,-0.4066535234451294,1.0,0.0,1.0,1.0,-0.17401088774204254,0.08703262358903885,0.3762536644935608,-0.4066535234451294,-0.17764733731746674,0.214496448636055,0.505553662776947,-0.8261048197746277,-0.003636468667536974,0.20214366912841797,0.6398239135742188,-0.6686235070228577,-0.003636468667536974,0.20214366912841797,0.6398239135742188,-0.6686235070228577,0.13499999046325684,0.29999998211860657,0.2551020383834839,0.343137264251709,0.9082468152046204,0.5152096748352051,3.5216264724731445,-0.08609963953495026,0.9557339549064636,-0.09175318479537964,0.5152096748352051,0
8,24,27,3,dispatch_decision_block,0.048694923520088196,0.02017100155353546,0.11573562771081924,0.014436042867600918,1.0,0.0,1.0,1.0,-0.037807684391736984,0.07209247350692749,0.41941526532173157,-0.2084815949201584,1.0,0.0,1.0,1.0,-0.037807684391736984,0.07209247350692749,0.41941526532173157,-0.2084815949201584,-0.040937650948762894,0.2881346046924591,0.8232358694076538,-0.8766493797302246,-0.0031299700494855642,0.28992465138435364,0.8954975008964539,-0.7997844219207764,-0.0031299700494855642,0.28992465138435364,0.8954975008964539,-0.7997844219207764,0.28999999165534973,0.949999988079071,0.9494949579238892,0.9504950046539307,0.8047603964805603,0.5178581476211548,2.934924840927124,-0.013913056813180447,0.7619653344154358,-0.19523955881595612,0.5178582072257996,0
9,27,30,3,dispatch_decision_block,0.03356780856847763,0.023188570514321327,0.1256733536720276,0.0006407939945347607,1.0,0.0,1.0,1.0,0.07157555222511292,0.10150226205587387,0.2865283489227295,-0.3960537910461426,1.0,0.0,1.0,1.0,0.07157555222511292,0.10150226205587387,0.2865283489227295,-0.3960537910461426,0.06561776250600815,0.5053920149803162,1.685589075088501,-2.1387746334075928,-0.005957796238362789,0.4934774339199066,1.6988458633422852,-2.1731512546539307,-0.005957796238362789,0.4934774339199066,1.6988458633422852,-2.1731512546539307,0.5450000166893005,0.5949999690055847,0.5904762148857117,0.6000000238418579,0.8568443655967712,0.6750072240829468,7.012730598449707,0.06195641681551933,0.805607795715332,-0.14315558969974518,0.675007164478302,0
10,30,33,3,dispatch_decision_block,0.033083684742450714,0.02304358221590519,0.12713682651519775,0.0011455275816842914,1.0,0.0,1.0,1.0,0.04194224625825882,0.05182212218642235,0.1982954889535904,-0.13089759647846222,1.0,0.0,1.0,1.0,0.04194224625825882,0.05182212218642235,0.1982954889535904,-0.13089759647846222,0.037000320851802826,0.5045156478881836,1.671426773071289,-2.0778563022613525,-0.004941926803439856,0.5011159777641296,1.7167774438858032,-2.1270158290863037,-0.004941926803439856,0.5011159777641296,1.7167774438858032,-2.1270158290863037,0.5600000023841858,0.044999998062849045,0.05999999865889549,0.029999999329447746,0.9084362387657166,0.395657479763031,2.960875988006592,0.07454100251197815,1.1448746919631958,-0.09156367927789688,0.395657479763031,0
11,33,36,3,dispatch_decision_block,0.048697128891944885,0.014820300973951817,0.08988013863563538,0.019508780911564827,1.0,0.0,1.0,1.0,0.04949798434972763,0.06742709130048752,0.18340325355529785,-0.4238758385181427,1.0,0.0,1.0,1.0,0.04949798434972763,0.06742709130048752,0.18340325355529785,-0.4238758385181427,0.04658014327287674,0.20275351405143738,0.5750418305397034,-0.6036816835403442,-0.002917841076850891,0.19410833716392517,0.5156778693199158,-0.5151406526565552,-0.002917841076850891,0.19410833716392517,0.5156778693199158,-0.5151406526565552,0.16499999165534973,0.8949999809265137,0.8936169743537903,0.8962264060974121,0.881618082523346,0.7425848841667175,6.267563819885254,-0.030336393043398857,0.836618185043335,-0.11838182806968689,0.7425848841667175,0
12,36,39,3,dispatch_decision_block,0.049254268407821655,0.018676696345210075,0.10568293184041977,0.015143100172281265,1.0,0.0,1.0,1.0,-0.06813322752714157,0.15236778557300568,0.39461979269981384,-0.46301907300949097,1.0,0.0,1.0,1.0,-0.06813322752714157,0.15236778557300568,0.39461979269981384,-0.46301907300949097,-0.06697900593280792,0.305339515209198,0.9122829437255859,-1.0044203996658325,0.0011542224092409015,0.2707090675830841,0.8125410079956055,-0.8306419253349304,0.0011542224092409015,0.2707090675830841,0.8125410079956055,-0.8306419253349304,0.2549999952316284,0.7099999785423279,0.7551020383834839,0.6666666865348816,0.8091325759887695,0.49810150265693665,3.102210760116577,0.07944972813129425,0.8813926577568054,-0.1908673793077469,0.49810150265693665,0
13,39,42,3,dispatch_decision_block,0.03412352502346039,0.02129935845732689,0.10050029307603836,0.00014951663615647703,1.0,0.0,1.0,1.0,-0.34310248494148254,0.11913202702999115,0.41666412353515625,-0.567058265209198,1.0,0.0,1.0,1.0,-0.34310248494148254,0.11913202702999115,0.41666412353515625,-0.567058265209198,-0.340411514043808,0.47409123182296753,0.9659227728843689,-1.8611483573913574,0.002690984634682536,0.45195862650871277,1.2415119409561157,-1.5348478555679321,0.002690984634682536,0.45195862650871277,1.2415119409561157,-1.5348478555679321,0.5049999952316284,0.05999999865889549,0.0357142873108387,0.09090909361839294,0.8992448449134827,0.3794502317905426,2.852135419845581,-0.08522409200668335,0.8802991509437561,-0.10075517743825912,0.3794502317905426,0
14,42,45,3,dispatch_decision_block,0.03776969388127327,0.021488595753908157,0.10270819813013077,0.002051534131169319,1.0,0.0,1.0,1.0,-0.22810493409633636,0.0658324658870697,0.07352602481842041,-0.41272178292274475,1.0,0.0,1.0,1.0,-0.22810493409633636,0.0658324658870697,0.07352602481842041,-0.41272178292274475,-0.22978991270065308,0.47343507409095764,1.2083184719085693,-1.8959591388702393,-0.0016850164392963052,0.46277832984924316,1.4943912029266357,-1.6637976169586182,-0.0016850164392963052,0.46277832984924316,1.4943912029266357,-1.6637976169586182,0.5249999761581421,0.98499995470047,0.9901961088180542,0.9795918464660645,0.8182948231697083,0.6538258194923401,5.982270240783691,0.015102988108992577,0.733217179775238,-0.18170516192913055,0.6538258194923401,0
15,45,48,3,dispatch_decision_block,0.05111260712146759,0.018121197819709778,0.11001554131507874,0.013013185933232307,1.0,0.0,1.0,1.0,0.12433704733848572,0.05799932777881622,0.23762917518615723,-0.2945304214954376,1.0,0.0,1.0,1.0,0.12433704733848572,0.05799932777881622,0.23762917518615723,-0.2945304214954376,0.11875750869512558,0.22891610860824585,1.1712620258331299,-0.6552267074584961,-0.005579534452408552,0.21668681502342224,0.9980454444885254,-0.719914436340332,-0.005579534452408552,0.21668681502342224,0.9980454444885254,-0.719914436340332,0.1899999976158142,0.39499998092651367,0.4019607901573181,0.3877550959587097,0.9322012662887573,0.5946915745735168,4.089482307434082,-0.010049727745354176,0.8113200068473816,-0.06779864430427551,0.5946915745735168,0
16,48,51,3,dispatch_decision_block,0.04633370414376259,0.01876310259103775,0.09818374365568161,0.0152169493958354,1.0,0.0,1.0,1.0,-0.007881672121584415,0.07497446984052658,0.421485960483551,-0.17081218957901,1.0,0.0,1.0,1.0,-0.007881672121584415,0.07497446984052658,0.421485960483551,-0.17081218957901,-0.009378292597830296,0.27774569392204285,0.7667513489723206,-0.8588539361953735,-0.0014966209419071674,0.2620833218097687,0.6666263937950134,-0.7666674852371216,-0.0014966209419071674,0.2620833218097687,0.6666263937950134,-0.7666674852371216,0.23499999940395355,0.1850000023841858,0.1666666716337204,0.20192308723926544,0.8239703178405762,0.36781275272369385,2.625502824783325,0.007289562840014696,0.7317379117012024,-0.17602968215942383,0.36781272292137146,0
17,51,54,3,dispatch_decision_block,0.039196230471134186,0.024005455896258354,0.1533791869878769,0.00201055477373302,1.0,0.0,1.0,1.0,-0.0009015016257762909,0.0750546008348465,0.1759186089038849,-0.3676174283027649,1.0,0.0,1.0,1.0,-0.0009015016257762909,0.0750546008348465,0.1759186089038849,-0.3676174283027649,-0.003487391397356987,0.5681864023208618,2.063378095626831,-1.8045973777770996,-0.002585889073088765,0.5583409070968628,1.9800302982330322,-1.6491284370422363,-0.002585889073088765,0.5583409070968628,1.9800302982330322,-1.6491284370422363,0.5649999976158142,0.9449999928474426,0.9428572058677673,0.9473684430122375,0.7996093034744263,0.514180064201355,3.27380108833313,0.046881213784217834,0.8959411382675171,-0.2003907561302185,0.514180064201355,0
18,54,57,3,dispatch_decision_block,0.036141883581876755,0.024468034505844116,0.13955529034137726,0.0009857849217951298,1.0,0.0,1.0,1.0,0.09981576353311539,0.0978158637881279,0.40724799036979675,-0.17938777804374695,1.0,0.0,1.0,1.0,0.09981576353311539,0.0978158637881279,0.40724799036979675,-0.17938777804374695,0.09687864035367966,0.5905269384384155,2.1395304203033447,-1.5842840671539307,-0.002937126439064741,0.5747390389442444,2.0693671703338623,-1.5917168855667114,-0.002937126439064741,0.5747390389442444,2.0693671703338623,-1.5917168855667114,0.5849999785423279,0.1850000023841858,0.16326530277729034,0.20588235557079315,0.9246276021003723,0.5006568431854248,4.93472957611084,-0.06407033652067184,0.8308703303337097,-0.07537242025136948,0.5006568431854248,0
19,57,60,3,dispatch_decision_block,0.044728949666023254,0.013014904223382473,0.08221255242824554,0.015236791223287582,1.0,0.0,1.0,1.0,-0.2231677621603012,0.07023795694112778,-0.02343551442027092,-0.4936870336532593,1.0,0.0,1.0,1.0,-0.2231677621603012,0.07023795694112778,-0.02343551442027092,-0.4936870336532593,-0.22336137294769287,0.2302524894475937,0.36031198501586914,-1.0837557315826416,-0.00019361435261089355,0.21700844168663025,0.5168473720550537,-0.7388128042221069,-0.00019361435261089355,0.21700844168663025,0.5168473720550537,-0.7388128042221069,0.1850000023841858,0.10999999940395355,0.12121212482452393,0.09900990128517151,0.9018884301185608,0.32269302010536194,2.136319875717163,-0.0188773050904274,0.9135423898696899,-0.0981116071343422,0.3226930499076843,0
20,60,63,3,dispatch_decision_block,0.04824766889214516,0.017834089696407318,0.09777893871068954,0.015932662412524223,1.0,0.0,1.0,1.0,-0.18056967854499817,0.058301717042922974,0.0010229535400867462,-0.46904557943344116,1.0,0.0,1.0,1.0,-0.18056967854499817,0.058301717042922974,0.0010229535400867462,-0.46904557943344116,-0.18071509897708893,0.3151931166648865,0.757724940776825,-1.0871937274932861,-0.00014542281860485673,0.3044639229774475,0.8279736638069153,-0.9225489497184753,-0.00014542281860485673,0.3044639229774475,0.8279736638069153,-0.9225489497184753,0.28999999165534973,0.8849999904632568,0.8888888955116272,0.8811880946159363,0.8053335547447205,0.6586425304412842,4.605013847351074,0.020573129877448082,0.9210487604141235,-0.19466640055179596,0.6586425304412842,0
21,63,66,3,dispatch_decision_block,0.03381968289613724,0.021909328177571297,0.11252132058143616,9.448179127957701e-08,1.0,0.0,1.0,1.0,-0.24035613238811493,0.09143097698688507,0.19714120030403137,-0.40108445286750793,1.0,0.0,1.0,1.0,-0.24035613238811493,0.09143097698688507,0.19714120030403137,-0.40108445286750793,-0.2432403266429901,0.489115446805954,1.4418554306030273,-1.7865248918533325,-0.0028842000756412745,0.47346121072769165,1.6555196046829224,-1.516752004623413,-0.0028842000756412745,0.47346121072769165,1.6555196046829224,-1.516752004623413,0.550000011920929,0.38499999046325684,0.37142857909202576,0.4000000059604645,0.8162283897399902,0.46710699796676636,2.795172929763794,-0.03944207727909088,0.678088903427124,-0.18377161026000977,0.46710696816444397,0
22,66,69,3,dispatch_decision_block,0.03276585415005684,0.021826915442943573,0.10144879668951035,9.448179127957701e-08,1.0,0.0,1.0,1.0,-0.01978474296629429,0.06278061866760254,0.17454765737056732,-0.218919038772583,1.0,0.0,1.0,1.0,-0.01978474296629429,0.06278061866760254,0.17454765737056732,-0.218919038772583,-0.025951892137527466,0.49892929196357727,1.7130192518234253,-1.5271013975143433,-0.006167144514620304,0.49001702666282654,1.6891340017318726,-1.5107231140136719,-0.006167144514620304,0.49001702666282654,1.6891340017318726,-1.5107231140136719,0.5299999713897705,0.10999999940395355,0.0714285671710968,0.14705882966518402,0.9272840619087219,0.4398868680000305,4.024076461791992,-0.07633530348539352,0.8805513978004456,-0.07271590828895569,0.4398868680000305,0
23,69,72,3,dispatch_decision_block,0.0497463159263134,0.014997177757322788,0.10484086722135544,0.01723742112517357,1.0,0.0,1.0,1.0,0.23840346932411194,0.08086435496807098,0.431764155626297,-0.2786083221435547,1.0,0.0,1.0,1.0,0.23840346932411194,0.08086435496807098,0.431764155626297,-0.2786083221435547,0.23121418058872223,0.22502031922340393,0.8983601927757263,-0.6281697750091553,-0.007189296185970306,0.22226393222808838,0.6157649755477905,-0.7472808957099915,-0.007189296185970306,0.22226393222808838,0.6157649755477905,-0.7472808957099915,0.20999999344348907,0.9799999594688416,0.9696969985961914,0.9900990128517151,0.8163999915122986,0.4912722408771515,2.632678747177124,0.10311023145914078,0.6757529973983765,-0.18360000848770142,0.4912722408771515,0
0,0,3,3,dispatch_decision_block,0.0479000099003315,0.017442263662815094,0.10018745064735413,0.01795019581913948,1.0,0.0,1.0,1.0,0.030503684654831886,0.08028721064329147,0.4485706686973572,-0.1530301719903946,1.0,0.0,1.0,1.0,0.030503684654831886,0.08028721064329147,0.4485706686973572,-0.1530301719903946,0.029672440141439438,0.2638015151023865,0.9018639922142029,-0.6419037580490112,-0.0008312475401908159,0.2567058503627777,0.8389993906021118,-0.7065814137458801,-0.0008312475401908159,0.2567058503627777,0.8389993906021118,-0.7065814137458801,0.2549999952316284,0.6349999904632568,0.6494845151901245,0.6213592290878296,0.7551921010017395,0.7049837708473206,5.082676887512207,0.024449888616800308,0.8210368156433105,-0.24480780959129333,0.7049837708473206,1
1,3,6,3,dispatch_decision_block,0.03361230716109276,0.020535936579108238,0.10816874355077744,0.0010031051933765411,1.0,0.0,1.0,1.0,-0.11981955170631409,0.1336914300918579,0.21005010604858398,-0.5343254804611206,1.0,0.0,1.0,1.0,-0.11981955170631409,0.1336914300918579,0.21005010604858398,-0.5343254804611206,-0.1155792772769928,0.4809033274650574,1.647099256515503,-1.8702648878097534,0.004240287002176046,0.45660072565078735,1.6525216102600098,-1.8523783683776855,0.004240287002176046,0.45660072565078735,1.6525216102600098,-1.8523783683776855,0.48499998450279236,0.550000011920929,0.5980392098426819,0.5,0.7795165777206421,0.7418527603149414,6.495955944061279,0.01014671754091978,0.8109046220779419,-0.22048333287239075,0.7418527603149414,1
2,6,9,3,dispatch_decision_block,0.03775974363088608,0.021144157275557518,0.11333531886339188,0.0028302641585469246,1.0,0.0,1.0,1.0,-0.13404923677444458,0.16870467364788055,0.3799152374267578,-0.5779198408126831,1.0,0.0,1.0,1.0,-0.13404923677444458,0.16870467364788055,0.3799152374267578,-0.5779198408126831,-0.13209375739097595,0.5164256691932678,1.4778733253479004,-2.1734769344329834,0.0019554852042347193,0.46152403950691223,1.4230728149414062,-1.7988492250442505,0.0019554852042347193,0.46152403950691223,1.4230728149414062,-1.7988492250442505,0.5149999856948853,0.7649999856948853,0.75,0.7788462042808533,0.7132014036178589,0.9183046817779541,9.107254981994629,0.10719221085309982,1.0083529949188232,-0.28679850697517395,0.9183046817779541,1
3,9,12,3,dispatch_decision_block,0.047355588525533676,0.014846665784716606,0.09066895395517349,0.013364145532250404,1.0,0.0,1.0,1.0,-0.2730778157711029,0.23475290834903717,0.24235470592975616,-0.8162628412246704,1.0,0.0,1.0,1.0,-0.2730778157711029,0.23475290834903717,0.24235470592975616,-0.8162628412246704,-0.275007426738739,0.3441701829433441,0.6059691905975342,-1.2650978565216064,-0.0019295993261039257,0.22903884947299957,0.4727283716201782,-0.6169716119766235,-0.0019295993261039257,0.22903884947299957,0.4727283716201782,-0.6169716119766235,0.25999999046325684,0.6349999904632568,0.6326530575752258,0.6372549533843994,0.7794618606567383,0.61527419090271,3.883516550064087,0.03860986977815628,1.0057467222213745,-0.22053807973861694,0.61527419090271,1
4,12,15,3,dispatch_decision_block,0.04487410932779312,0.016378097236156464,0.09574677050113678,0.017176244407892227,1.0,0.0,1.0,1.0,-0.0717868059873581,0.12190056592226028,0.2543967366218567,-0.3575328588485718,1.0,0.0,1.0,1.0,-0.0717868059873581,0.12190056592226028,0.2543967366218567,-0.3575328588485718,-0.07124355435371399,0.2853970527648926,0.7836007475852966,-0.8660581111907959,0.000543256988748908,0.2538113594055176,0.7639200091362,-0.7781268954277039,0.000543256988748908,0.2538113594055176,0.7639200091362,-0.7781268954277039,0.23499999940395355,0.38499999046325684,0.44897958636283875,0.3235294222831726,0.7761584520339966,0.44475477933883667,2.5279438495635986,-0.007446000352501869,0.7893075942993164,-0.22384153306484222,0.44475477933883667,1
5,15,18,3,dispatch_decision_block,0.03436633571982384,0.022712627425789833,0.11842826753854752,6.170716915221419e-08,1.0,0.0,1.0,1.0,0.4745091497898102,0.17565421760082245,0.8252129554748535,-0.40355920791625977,1.0,0.0,1.0,1.0,0.4745091497898102,0.17565421760082245,0.8252129554748535,-0.40355920791625977,0.4640547037124634,0.5464388728141785,2.2655858993530273,-1.2558283805847168,-0.010454460047185421,0.518157958984375,1.8027710914611816,-1.7915058135986328,-0.010454460047185421,0.518157958984375,1.8027710914611816,-1.7915058135986328,0.5099999904632568,0.85999995470047,0.8265305757522583,0.8921568989753723,0.6625884771347046,0.5850106477737427,3.6265251636505127,-0.08622732758522034,0.6932348608970642,-0.337411493062973,0.5850105881690979,1
6,18,21,3,dispatch_decision_block,0.0325082503259182,0.021613262593746185,0.12082415074110031,6.170716915221419e-08,1.0,0.0,1.0,1.0,0.21326221525669098,0.1039602980017662,0.3896291255950928,-0.23264473676681519,1.0,0.0,1.0,1.0,0.21326221525669098,0.1039602980017662,0.3896291255950928,-0.23264473676681519,0.20739434659481049,0.5218527317047119,2.400033950805664,-1.5104643106460571,-0.005867864936590195,0.5109672546386719,2.1580958366394043,-1.8594814538955688,-0.005867864936590195,0.5109672546386719,2.1580958366394043,-1.8594814538955688,0.550000011920929,0.6399999856948853,0.6190476417541504,0.6631579399108887,0.8425818681716919,0.9883648753166199,8.797770500183105,-0.038455791771411896,0.7019521594047546,-0.1574181765317917,0.9883648753166199,1
7,21,24,3,dispatch_decision_block,0.04696403071284294,0.013998516835272312,0.08760461956262589,0.014432630501687527,1.0,0.0,1.0,1.0,-0.12327542901039124,0.11996059864759445,0.34045085310935974,-0.4595969319343567,1.0,0.0,1.0,1.0,-0.12327542901039124,0.11996059864759445,0.34045085310935974,-0.4595969319343567,-0.11913282424211502,0.2864169776439667,0.7254506945610046,-0.8931726813316345,0.004142599646002054,0.2570421099662781,0.8335251808166504,-0.7174109220504761,0.004142599646002054,0.2570421099662781,0.8335251808166504,-0.7174109220504761,0.29999998211860657,0.45499998331069946,0.4699999988079071,0.4399999976158142,0.8065488338470459,0.5563954710960388,4.128123760223389,-0.09503265470266342,1.218119740486145,-0.1934511661529541,0.5563955307006836,1
8,24,27,3,dispatch_decision_block,0.0494002029299736,0.018070194870233536,0.09417439997196198,0.01695486716926098,1.0,0.0,1.0,1.0,-0.1660522073507309,0.25146037340164185,0.47202086448669434,-0.9276655912399292,1.0,0.0,1.0,1.0,-0.1660522073507309,0.25146037340164185,0.47202086448669434,-0.9276655912399292,-0.16785570979118347,0.45061296224594116,1.2459973096847534,-1.5580339431762695,-0.0018035288667306304,0.31453797221183777,0.9082807302474976,-1.0039665699005127,-0.0018035288667306304,0.31453797221183777,0.9082807302474976,-1.0039665699005127,0.3199999928474426,0.7450000047683716,0.75,0.7395833730697632,0.6876897215843201,0.6127716898918152,3.213141918182373,0.09968656301498413,1.1320713758468628,-0.31231024861335754,0.61277174949646,1
9,27,30,3,dispatch_decision_block,0.03463108092546463,0.021471654996275902,0.10413090139627457,0.0001225578016601503,1.0,0.0,1.0,1.0,-0.33671921491622925,0.07998493313789368,0.22645190358161926,-0.5133230090141296,1.0,0.0,1.0,1.0,-0.33671921491622925,0.07998493313789368,0.22645190358161926,-0.5133230090141296,-0.33102092146873474,0.49438297748565674,1.2018309831619263,-1.88458251953125,0.005698304623365402,0.4779360890388489,1.4713120460510254,-1.428405523300171,0.005698304623365402,0.4779360890388489,1.4713120460510254,-1.428405523300171,0.4949999749660492,0.5849999785423279,0.585106372833252,0.5849056839942932,0.7249229550361633,0.48766759037971497,2.8900113105773926,-0.029938098043203354,0.7531189322471619,-0.2750770151615143,0.48766759037971497,1
10,30,33,3,dispatch_decision_block,0.033715080469846725,0.02167939580976963,0.10110322386026382,0.0007734033279120922,1.0,0.0,1.0,1.0,-0.27712365984916687,0.09742635488510132,0.0918835997581482,-0.4580827057361603,1.0,0.0,1.0,1.0,-0.27712365984916687,0.09742635488510132,0.0918835997581482,-0.4580827057361603,-0.27038127183914185,0.5122470259666443,1.412546157836914,-1.7970085144042969,0.006742385681718588,0.4971790313720703,1.6851212978363037,-1.4872779846191406,0.006742385681718588,0.4971790313720703,1.6851212978363037,-1.4872779846191406,0.5199999809265137,0.4949999749660492,0.5106382966041565,0.4811320900917053,0.7725059390068054,0.542837917804718,3.7273244857788086,0.00874503143131733,1.253226637840271,-0.2274940460920334,0.542837917804718,1
11,33,36,3,dispatch_decision_block,0.04877728968858719,0.017036335542798042,0.11022312194108963,0.003728452604264021,1.0,0.0,1.0,1.0,-0.13590669631958008,0.05168566852807999,0.1509830206632614,-0.3336663842201233,1.0,0.0,1.0,1.0,-0.13590669631958008,0.05168566852807999,0.1509830206632614,-0.3336663842201233,-0.13598056137561798,0.26819053292274475,0.8391634225845337,-0.8681373000144958,-7.386505603790283e-05,0.2632293105125427,0.8972058296203613,-0.7097910642623901,-7.386505603790283e-05,0.2632293105125427,0.8972058296203613,-0.7097910642623901,0.29499998688697815,0.7599999904632568,0.75,0.7692307829856873,0.6985704898834229,0.6215859651565552,3.651904344558716,-0.0541837140917778,0.7981138229370117,-0.30142953991889954,0.6215859651565552,1
12,36,39,3,dispatch_decision_block,0.04778796061873436,0.01897221803665161,0.11449825763702393,0.017563818022608757,1.0,0.0,1.0,1.0,-0.25224757194519043,0.2799055576324463,0.4515608847141266,-1.0222653150558472,1.0,0.0,1.0,1.0,-0.25224757194519043,0.2799055576324463,0.4515608847141266,-1.0222653150558472,-0.25624558329582214,0.4196546971797943,0.6306027770042419,-1.5169432163238525,-0.003998020198196173,0.2680929899215698,0.7789579629898071,-0.8138585090637207,-0.003998020198196173,0.2680929899215698,0.7789579629898071,-0.8138585090637207,0.22999998927116394,0.5600000023841858,0.5299999713897705,0.5899999737739563,0.746186375617981,0.4883810579776764,2.748016119003296,0.04229142889380455,0.729451060295105,-0.25381359457969666,0.4883810579776764,1
13,39,42,3,dispatch_decision_block,0.032543957233428955,0.018045000731945038,0.09371134638786316,0.001648342004045844,1.0,0.0,1.0,1.0,-0.05228957161307335,0.2442304491996765,0.6658551096916199,-0.606870710849762,1.0,0.0,1.0,1.0,-0.05228957161307335,0.2442304491996765,0.6658551096916199,-0.606870710849762,-0.05198407173156738,0.4909430742263794,1.0629849433898926,-1.6581124067306519,0.00030549406073987484,0.38867631554603577,1.041757583618164,-1.2876273393630981,0.00030549406073987484,0.38867631554603577,1.041757583618164,-1.2876273393630981,0.4699999988079071,0.4949999749660492,0.5346534848213196,0.4545454680919647,0.791096031665802,0.5858741402626038,4.055728912353516,-0.16330350935459137,2.3151438236236572,-0.20890399813652039,0.5858741998672485,1
14,42,45,3,dispatch_decision_block,0.036967530846595764,0.01933082565665245,0.09633252769708633,0.0038452933076769114,1.0,0.0,1.0,1.0,-0.03889695554971695,0.07047820091247559,0.16978004574775696,-0.2109541893005371,1.0,0.0,1.0,1.0,-0.03889695554971695,0.07047820091247559,0.16978004574775696,-0.2109541893005371,-0.04336140677332878,0.42474105954170227,1.1168079376220703,-1.3437902927398682,-0.004464450757950544,0.4166901707649231,1.2025866508483887,-1.2847274541854858,-0.004464450757950544,0.4166901707649231,1.2025866508483887,-1.2847274541854858,0.48499998450279236,0.8299999833106995,0.7878788113594055,0.8712871074676514,0.5699682235717773,0.5179696083068848,3.193033456802368,0.05701131746172905,0.7085505723953247,-0.43003177642822266,0.5179696083068848,1
15,45,48,3,dispatch_decision_block,0.04944129288196564,0.01744816266000271,0.10346531122922897,0.01581016555428505,1.0,0.0,1.0,1.0,-0.1470116823911667,0.05000128597021103,0.1381208598613739,-0.284102201461792,1.0,0.0,1.0,1.0,-0.1470116823911667,0.05000128597021103,0.1381208598613739,-0.284102201461792,-0.14724652469158173,0.255985826253891,0.7143832445144653,-0.7838119268417358,-0.0002348354464629665,0.24574486911296844,0.8341587781906128,-0.5901705026626587,-0.0002348354464629665,0.24574486911296844,0.8341587781906128,-0.5901705026626587,0.25999999046325684,0.6349999904632568,0.603960394859314,0.6666666865348816,0.7404059171676636,0.6231534481048584,3.7685985565185547,-0.0481049083173275,1.0077062845230103,-0.2595939636230469,0.6231534481048584,1
16,48,51,3,dispatch_decision_block,0.046620409935712814,0.019931970164179802,0.09862495958805084,0.015711849555373192,1.0,0.0,1.0,1.0,-0.2124921679496765,0.0565791130065918,-0.11266648769378662,-0.45463788509368896,1.0,0.0,1.0,1.0,-0.2124921679496765,0.0565791130065918,-0.11266648769378662,-0.45463788509368896,-0.2128727287054062,0.25579285621643066,0.5299506187438965,-0.9196451902389526,-0.000380561948986724,0.25336727499961853,0.7074528336524963,-0.7652811408042908,-0.000380561948986724,0.25336727499961853,0.7074528336524963,-0.7652811408042908,0.2149999886751175,0.5249999761581421,0.514851450920105,0.5353535413742065,0.7799690365791321,0.5103282928466797,4.2049336433410645,-0.010550673119723797,0.7784149646759033,-0.22003093361854553,0.5103282928466797,1
17,51,54,3,dispatch_decision_block,0.03792733699083328,0.021989047527313232,0.11461108922958374,0.004067366011440754,1.0,0.0,1.0,1.0,0.02293814904987812,0.08928170055150986,0.23834222555160522,-0.2446426898241043,1.0,0.0,1.0,1.0,0.02293814904987812,0.08928170055150986,0.23834222555160522,-0.2446426898241043,0.01901165395975113,0.4504595994949341,1.1996334791183472,-1.1549595594406128,-0.003926497418433428,0.43976759910583496,1.2296502590179443,-1.1992683410644531,-0.003926497418433428,0.43976759910583496,1.2296502590179443,-1.1992683410644531,0.5049999952316284,0.7549999952316284,0.7450980544090271,0.7653061151504517,0.6429666876792908,0.5940040946006775,3.8681442737579346,-0.06083600968122482,0.8070494532585144,-0.35703331232070923,0.5940040946006775,1
18,54,57,3,dispatch_decision_block,0.03307243809103966,0.02141680382192135,0.10114331543445587,5.709638273287965e-08,1.0,0.0,1.0,1.0,0.02682269923388958,0.07244038581848145,0.17339439690113068,-0.3801684081554413,1.0,0.0,1.0,1.0,0.02682269923388958,0.07244038581848145,0.17339439690113068,-0.3801684081554413,0.021035712212324142,0.4587712287902832,1.3302321434020996,-1.270885705947876,-0.005786985158920288,0.4603995978832245,1.3495121002197266,-1.3447191715240479,-0.005786985158920288,0.4603995978832245,1.3495121002197266,-1.3447191715240479,0.5349999666213989,0.6599999666213989,0.6730769276618958,0.6458333730697632,0.6823017597198486,0.5457221269607544,3.1718249320983887,-0.0348021499812603,0.6569474935531616,-0.317698210477829,0.5457221865653992,1
19,57,60,3,dispatch_decision_block,0.04772539809346199,0.017547959461808205,0.10717546194791794,0.01895921304821968,1.0,0.0,1.0,1.0,-0.5448211431503296,0.30942705273628235,0.4072258770465851,-1.3280260562896729,1.0,0.0,1.0,1.0,-0.5448211431503296,0.30942705273628235,0.4072258770465851,-1.3280260562896729,-0.545434296131134,0.4581766724586487,0.5334678888320923,-2.0454211235046387,-0.0006131184054538608,0.2795120179653168,0.6310449242591858,-0.8733792304992676,-0.0006131184054538608,0.2795120179653168,0.6310449242591858,-0.8733792304992676,0.32999998331069946,0.47999998927116394,0.44897958636283875,0.5098039507865906,0.8740061521530151,0.7711774110794067,7.090583801269531,0.16954287886619568,1.3495049476623535,-0.12599383294582367,0.771177351474762,1
20,60,63,3,dispatch_decision_block,0.05263207480311394,0.020169276744127274,0.10294444113969803,0.01679111085832119,1.0,0.0,1.0,1.0,-0.04033263772726059,0.14128123223781586,0.4330641031265259,-0.4356522858142853,1.0,0.0,1.0,1.0,-0.04033263772726059,0.14128123223781586,0.4330641031265259,-0.4356522858142853,-0.03999779000878334,0.34017911553382874,0.9800419211387634,-1.1694376468658447,0.0003348377358634025,0.3011709153652191,0.93593829870224,-1.144133448600769,0.0003348377358634025,0.3011709153652191,0.93593829870224,-1.144133448600769,0.2549999952316284,0.8799999952316284,0.8899999856948853,0.8700000047683716,0.6439915299415588,0.7019507884979248,7.514587879180908,0.018979866057634354,0.7187568545341492,-0.3560084402561188,0.7019507884979248,1
21,63,66,3,dispatch_decision_block,0.037245940417051315,0.022962775081396103,0.11309251934289932,0.0019633127376437187,1.0,0.0,1.0,1.0,0.19091923534870148,0.041586294770240784,0.34584951400756836,0.021687284111976624,1.0,0.0,1.0,1.0,0.19091923534870148,0.041586294770240784,0.34584951400756836,0.021687284111976624,0.18842342495918274,0.5232462882995605,1.426620602607727,-1.888690710067749,-0.002495831111446023,0.516467809677124,1.2354942560195923,-2.0425808429718018,-0.002495831111446023,0.516467809677124,1.2354942560195923,-2.0425808429718018,0.5299999713897705,0.5249999761581421,0.5257731676101685,0.5242718458175659,0.7758534550666809,0.5898637175559998,4.457382678985596,-0.019104549661278725,0.8625795841217041,-0.22414645552635193,0.5898637175559998,1
22,66,69,3,dispatch_decision_block,0.03705180436372757,0.022216543555259705,0.10544798523187637,0.0007947510457597673,1.0,0.0,1.0,1.0,0.2766438126564026,0.07014045119285583,0.4799193739891052,0.10567399114370346,1.0,0.0,1.0,1.0,0.2766438126564026,0.07014045119285583,0.4799193739891052,0.10567399114370346,0.2735536992549896,0.5227254033088684,1.52474844455719,-1.6408812999725342,-0.0030901068821549416,0.5138604640960693,1.2290751934051514,-1.945543646812439,-0.0030901068821549416,0.5138604640960693,1.2290751934051514,-1.945543646812439,0.5600000023841858,0.5149999856948853,0.5268816947937012,0.5046728849411011,0.7234591245651245,0.6238939762115479,6.702517032623291,-0.05027810111641884,1.1416759490966797,-0.2765407860279083,0.6238939166069031,1
23,69,72,3,dispatch_decision_block,0.04911978170275688,0.01608029194176197,0.090793177485466,0.010053198784589767,1.0,0.0,1.0,1.0,-0.10712436586618423,0.08885939419269562,0.21309851109981537,-0.32742077112197876,1.0,0.0,1.0,1.0,-0.10712436586618423,0.08885939419269562,0.21309851109981537,-0.32742077112197876,-0.11257246136665344,0.275889128446579,0.6646326780319214,-0.805151104927063,-0.005448085721582174,0.25900107622146606,0.8416694402694702,-0.7422460913658142,-0.005448085721582174,0.25900107622146606,0.8416694402694702,-0.7422460913658142,0.2800000011920929,0.7749999761581421,0.7604166865348816,0.7884615659713745,0.6780163645744324,0.6439444422721863,4.155387878417969,0.029080530628561974,0.595083475112915,-0.32198360562324524,0.6439444422721863,1
0,0,3,3,dispatch_decision_block,0.04441741853952408,0.018262913450598717,0.0922473669052124,0.014405063353478909,1.0,0.0,1.0,1.0,-0.23265261948108673,0.16502338647842407,0.2152848243713379,-0.7272391319274902,1.0,0.0,1.0,1.0,-0.23265261948108673,0.16502338647842407,0.2152848243713379,-0.7272391319274902,-0.2287873476743698,0.3279818594455719,0.840556263923645,-1.55086350440979,0.0038652741350233555,0.2718024253845215,0.8228590488433838,-0.8908220529556274,0.0038652741350233555,0.2718024253845215,0.8228590488433838,-0.8908220529556274,0.28999999165534973,0.5699999928474426,0.5346534848213196,0.6060606241226196,0.6553057432174683,0.6104846596717834,3.290761947631836,-0.020608749240636826,0.7417953014373779,-0.3446942865848541,0.6104846596717834,2
1,3,6,3,dispatch_decision_block,0.031958892941474915,0.019729260355234146,0.09187932312488556,7.133209578569222e-08,1.0,0.0,1.0,1.0,-0.23310253024101257,0.2381761372089386,0.4136775732040405,-0.8087518215179443,1.0,0.0,1.0,1.0,-0.23310253024101257,0.2381761372089386,0.4136775732040405,-0.8087518215179443,-0.23033450543880463,0.5285294651985168,1.012033462524414,-1.502600908279419,0.0027680217754095793,0.45738375186920166,1.5465583801269531,-1.0875054597854614,0.0027680217754095793,0.45738375186920166,1.5465583801269531,-1.0875054597854614,0.4949999749660492,0.41999998688697815,0.4141414165496826,0.42574256658554077,0.7809194922447205,0.6396351456642151,4.7900824546813965,0.09402310848236084,1.5835617780685425,-0.21908052265644073,0.6396351456642151,2
2,6,9,3,dispatch_decision_block,0.035778921097517014,0.020358743146061897,0.0970195010304451,7.133209578569222e-08,1.0,0.0,1.0,1.0,-0.5091451406478882,0.23479242622852325,0.28950080275535583,-1.0909202098846436,1.0,0.0,1.0,1.0,-0.5091451406478882,0.23479242622852325,0.28950080275535583,-1.0909202098846436,-0.5077536106109619,0.5262884497642517,1.2055989503860474,-1.6956982612609863,0.0013915455201640725,0.4672163724899292,1.5664671659469604,-1.077009677886963,0.0013915455201640725,0.4672163724899292,1.5664671659469604,-1.077009677886963,0.5799999833106995,0.7949999570846558,0.7623762488365173,0.8282828330993652,0.6133208870887756,0.6210922002792358,3.75266432762146,0.009417378343641758,0.8083460927009583,-0.38667911291122437,0.6210922598838806,2
3,9,12,3,dispatch_decision_block,0.04938965290784836,0.015789680182933807,0.11170002818107605,0.009805921465158463,1.0,0.0,1.0,1.0,-0.40182188153266907,0.5080467462539673,0.7384301424026489,-1.703757882118225,1.0,0.0,1.0,1.0,-0.40182188153266907,0.5080467462539673,0.7384301424026489,-1.703757882118225,-0.3988918364048004,0.5777847170829773,1.0946520566940308,-1.9050989151000977,0.002930041402578354,0.23674605786800385,0.7231051921844482,-0.5218313932418823,0.002930041402578354,0.23674605786800385,0.7231051921844482,-0.5218313932418823,0.2149999886751175,0.5550000071525574,0.5918367505073547,0.5196078419685364,0.7291570901870728,0.7526271939277649,5.434153079986572,0.10703782737255096,0.7884255051612854,-0.27084293961524963,0.7526271939277649,2
4,12,15,3,dispatch_decision_block,0.049098510295152664,0.016487866640090942,0.11385968327522278,0.018285628408193588,1.0,0.0,1.0,1.0,0.030980639159679413,0.10472635179758072,0.35268595814704895,-0.2483864277601242,1.0,0.0,1.0,1.0,0.030980639159679413,0.10472635179758072,0.35268595814704895,-0.2483864277601242,0.03555290400981903,0.308845192193985,0.8477935791015625,-0.7374647259712219,0.004572266712784767,0.2827109396457672,0.8600730895996094,-0.7263891696929932,0.004572266712784767,0.2827109396457672,0.8600730895996094,-0.7263891696929932,0.2849999964237213,0.32499998807907104,0.36538463830947876,0.28125,0.9049931764602661,0.6082925200462341,4.275630474090576,-0.08417528867721558,1.1829932928085327,-0.0950067862868309,0.6082925200462341,2
5,15,18,3,dispatch_decision_block,0.03713382035493851,0.021405309438705444,0.10502025485038757,7.133209578569222e-08,1.0,0.0,1.0,1.0,-0.3666735291481018,0.1773100048303604,0.20321933925151825,-0.8448113203048706,1.0,0.0,1.0,1.0,-0.3666735291481018,0.1773100048303604,0.20321933925151825,-0.8448113203048706,-0.36837857961654663,0.5349370241165161,0.8362604975700378,-2.205493927001953,-0.0017050645546987653,0.50728440284729,1.4679323434829712,-1.3606826066970825,-0.0017050645546987653,0.50728440284729,1.4679323434829712,-1.3606826066970825,0.5600000023841858,0.73499995470047,0.7647058963775635,0.7040815949440002,0.6266710758209229,0.7278223633766174,5.650651931762695,0.020528282970190048,0.7745931148529053,-0.37332889437675476,0.7278223633766174,2
6,18,21,3,dispatch_decision_block,0.033916037529706955,0.022607877850532532,0.10035349428653717,7.133209578569222e-08,1.0,0.0,1.0,1.0,-0.4026903510093689,0.12566077709197998,-0.003480181097984314,-0.7136131525039673,1.0,0.0,1.0,1.0,-0.4026903510093689,0.12566077709197998,-0.003480181097984314,-0.7136131525039673,-0.40459463000297546,0.5181097984313965,1.16635000705719,-1.7750298976898193,-0.001904320321045816,0.4941415786743164,1.369161605834961,-1.2347424030303955,-0.001904320321045816,0.4941415786743164,1.369161605834961,-1.2347424030303955,0.6200000047683716,0.4650000035762787,0.5052632093429565,0.4285714328289032,0.7916232943534851,0.724830150604248,4.804115295410156,-0.10349252820014954,0.73170006275177,-0.2083766907453537,0.724830150604248,2
7,21,24,3,dispatch_decision_block,0.05139230564236641,0.017674731090664864,0.1069779321551323,0.009999215602874756,1.0,0.0,1.0,1.0,-0.04196625575423241,0.3812015652656555,0.868945300579071,-0.8358792662620544,1.0,0.0,1.0,1.0,-0.04196625575423241,0.3812015652656555,0.868945300579071,-0.8358792662620544,-0.04237639158964157,0.47455254197120667,1.3679497241973877,-1.1288646459579468,-0.000410134787671268,0.2570755183696747,0.7584190964698792,-0.8652680516242981,-0.000410134787671268,0.2570755183696747,0.7584190964698792,-0.8652680516242981,0.25,0.22999998927116394,0.21568627655506134,0.2448979616165161,0.8786323070526123,0.5183759331703186,3.3145813941955566,-0.06504607200622559,1.2211772203445435,-0.12136760354042053,0.5183759331703186,2
8,24,27,3,dispatch_decision_block,0.05305956304073334,0.021711591631174088,0.11064376682043076,0.01783309504389763,1.0,0.0,1.0,1.0,-0.49273329973220825,0.45002633333206177,0.7397505044937134,-1.5304282903671265,1.0,0.0,1.0,1.0,-0.49273329973220825,0.45002633333206177,0.7397505044937134,-1.5304282903671265,-0.49613475799560547,0.6091607809066772,1.2200706005096436,-2.2395362854003906,-0.0034014368429780006,0.36934641003608704,0.9975413680076599,-1.1965689659118652,-0.0034014368429780006,0.36934641003608704,0.9975413680076599,-1.1965689659118652,0.32499998807907104,0.75,0.7604166865348816,0.7403846383094788,0.6452032327651978,0.7832617163658142,7.197329044342041,0.15375860035419464,1.0554310083389282,-0.3547966778278351,0.7832617163658142,2
9,27,30,3,dispatch_decision_block,0.03669242933392525,0.02325720340013504,0.1216910257935524,0.0001406884111929685,1.0,0.0,1.0,1.0,-0.34514090418815613,0.2918470501899719,0.3750127851963043,-0.9819142818450928,1.0,0.0,1.0,1.0,-0.34514090418815613,0.2918470501899719,0.3750127851963043,-0.9819142818450928,-0.3392494022846222,0.6110467910766602,1.5818740129470825,-2.3805179595947266,0.00589151494204998,0.49453192949295044,1.3341768980026245,-1.5520288944244385,0.00589151494204998,0.49453192949295044,1.3341768980026245,-1.5520288944244385,0.5600000023841858,0.5,0.5399999618530273,0.4599999785423279,0.7467190623283386,0.6386291980743408,3.53471302986145,-0.08304058015346527,0.9291848540306091,-0.25328096747398376,0.6386291980743408,2
10,30,33,3,dispatch_decision_block,0.036453381180763245,0.022675873711705208,0.11554340273141861,0.0003874285612255335,1.0,0.0,1.0,1.0,-0.21795262396335602,0.3018713891506195,0.4918721914291382,-0.8783469796180725,1.0,0.0,1.0,1.0,-0.21795262396335602,0.3018713891506195,0.4918721914291382,-0.8783469796180725,-0.21399739384651184,0.6058210730552673,1.59574294090271,-1.7700986862182617,0.00395521754398942,0.5019363760948181,1.424547553062439,-1.5998121500015259,0.00395521754398942,0.5019363760948181,1.424547553062439,-1.5998121500015259,0.5550000071525574,0.3649999797344208,0.37755101919174194,0.3529411852359772,0.8474478125572205,0.7110205292701721,7.138242244720459,-0.08775568753480911,1.1711630821228027,-0.15255223214626312,0.7110205292701721,2
11,33,36,3,dispatch_decision_block,0.05022113770246506,0.018897969275712967,0.10922205448150635,0.00727763632312417,1.0,0.0,1.0,1.0,-0.3840991258621216,0.1361021250486374,0.07900765538215637,-0.7073615789413452,1.0,0.0,1.0,1.0,-0.3840991258621216,0.1361021250486374,0.07900765538215637,-0.7073615789413452,-0.3830808699131012,0.3009216785430908,0.4399217367172241,-1.4711329936981201,0.0010182446567341685,0.25838783383369446,0.8505262136459351,-0.7738439440727234,0.0010182446567341685,0.25838783383369446,0.8505262136459351,-0.7738439440727234,0.25,0.6949999928474426,0.737864077091217,0.6494845151901245,0.7785881757736206,1.0718578100204468,13.337874412536621,0.007248235866427422,0.7768124341964722,-0.221411794424057,1.0718578100204468,2
12,36,39,3,dispatch_decision_block,0.04268454387784004,0.015967566519975662,0.09856601059436798,0.01678563840687275,1.0,0.0,1.0,1.0,-0.07195520401000977,0.36991867423057556,0.712299108505249,-1.3726228475570679,1.0,0.0,1.0,1.0,-0.07195520401000977,0.36991867423057556,0.712299108505249,-1.3726228475570679,-0.07397780567407608,0.4433293342590332,0.9486491680145264,-1.4331837892532349,-0.0020226030610501766,0.22450420260429382,0.7719581127166748,-0.578813374042511,-0.0020226030610501766,0.22450420260429382,0.7719581127166748,-0.578813374042511,0.19999998807907104,0.5949999690055847,0.5604395866394043,0.6238532066345215,0.6919940114021301,0.5935853123664856,2.9244041442871094,-0.049023356288671494,0.8520830869674683,-0.3080059885978699,0.5935853719711304,2
13,39,42,3,dispatch_decision_block,0.030557431280612946,0.016863802447915077,0.08420635014772415,0.0009533370030112565,1.0,0.0,1.0,1.0,0.19267337024211884,0.33464550971984863,1.1196556091308594,-0.6021976470947266,1.0,0.0,1.0,1.0,0.19267337024211884,0.33464550971984863,1.1196556091308594,-0.6021976470947266,0.18574996292591095,0.5175468921661377,1.5331921577453613,-1.399749994277954,-0.006923418026417494,0.37821242213249207,1.2735929489135742,-1.257723093032837,-0.006923418026417494,0.37821242213249207,1.2735929489135742,-1.257723093032837,0.4749999940395355,0.4650000035762787,0.4693877398967743,0.46078431606292725,0.6955656409263611,0.6446964144706726,3.6479580402374268,-0.38841360807418823,1.278725266456604,-0.3044343888759613,0.6446964144706726,2
14,42,45,3,dispatch_decision_block,0.03519747033715248,0.017735518515110016,0.09239312261343002,0.004248698707669973,1.0,0.0,1.0,1.0,0.02038039080798626,0.09621813148260117,0.34108278155326843,-0.2309870421886444,1.0,0.0,1.0,1.0,0.02038039080798626,0.09621813148260117,0.34108278155326843,-0.2309870421886444,0.013504063710570335,0.3943880498409271,1.2472654581069946,-1.226810336112976,-0.0068763243034482,0.3781045377254486,1.258986473083496,-1.2710062265396118,-0.0068763243034482,0.3781045377254486,1.258986473083496,-1.2710062265396118,0.4350000023841858,0.8149999976158142,0.8199999928474426,0.8100000023841858,0.5622773170471191,0.5979009866714478,4.225922107696533,-0.006162174977362156,0.6803833842277527,-0.4377226233482361,0.5979009866714478,2
15,45,48,3,dispatch_decision_block,0.04596428945660591,0.017555885016918182,0.09603870660066605,0.00334646156989038,1.0,0.0,1.0,1.0,-0.14038868248462677,0.17088355123996735,0.2838152348995209,-0.5132209658622742,1.0,0.0,1.0,1.0,-0.14038868248462677,0.17088355123996735,0.2838152348995209,-0.5132209658622742,-0.14085792005062103,0.3191247880458832,1.078935146331787,-0.9370994567871094,-0.00046923308400437236,0.254737913608551,0.8548863530158997,-0.7118381261825562,-0.00046923308400437236,0.254737913608551,0.8548863530158997,-0.7118381261825562,0.26499998569488525,0.6899999976158142,0.7333333492279053,0.6545454263687134,0.6995924115180969,0.6289753317832947,4.1529669761657715,0.007362421602010727,0.7577376365661621,-0.3004075288772583,0.6289753317832947,2
16,48,51,3,dispatch_decision_block,0.04812135174870491,0.01942642778158188,0.11997619271278381,0.019364476203918457,1.0,0.0,1.0,1.0,0.01842353865504265,0.2427818328142166,0.5646112561225891,-0.5568607449531555,1.0,0.0,1.0,1.0,0.01842353865504265,0.2427818328142166,0.5646112561225891,-0.5568607449531555,0.016047166660428047,0.3861798942089081,1.0265716314315796,-1.1182513236999512,-0.0023763717617839575,0.2784869074821472,0.8845316171646118,-0.7771006226539612,-0.0023763717617839575,0.2784869074821472,0.8845316171646118,-0.7771006226539612,0.2750000059604645,0.3499999940395355,0.34343433380126953,0.356435626745224,0.8427947163581848,0.5283794403076172,3.9478771686553955,-0.0917431116104126,1.0861693620681763,-0.1572052389383316,0.5283794403076172,2
17,51,54,3,dispatch_decision_block,0.03773440793156624,0.02404652163386345,0.13072218000888824,0.0017061763210222125,1.0,0.0,1.0,1.0,0.28027915954589844,0.12940330803394318,0.6239919662475586,-0.22777444124221802,1.0,0.0,1.0,1.0,0.28027915954589844,0.12940330803394318,0.6239919662475586,-0.22777444124221802,0.2755456864833832,0.5166333317756653,1.911725640296936,-1.1697242259979248,-0.004733468405902386,0.49820345640182495,1.7236772775650024,-1.4768975973129272,-0.004733468405902386,0.49820345640182495,1.7236772775650024,-1.4768975973129272,0.5399999618530273,0.7999999523162842,0.9213483333587646,0.7027027010917664,0.5517635345458984,0.8157874345779419,10.357890129089355,0.044443629682064056,0.7854771614074707,-0.4482363760471344,0.8157874345779419,2
18,54,57,3,dispatch_decision_block,0.035921938717365265,0.02475559525191784,0.13072218000888824,0.0017253309488296509,1.0,0.0,1.0,1.0,0.5456451773643494,0.2089703232049942,0.880657970905304,-0.4706592261791229,1.0,0.0,1.0,1.0,0.5456451773643494,0.2089703232049942,0.880657970905304,-0.4706592261791229,0.5390093326568604,0.5861339569091797,2.334458351135254,-0.9919060468673706,-0.006635794881731272,0.529960572719574,1.5483053922653198,-1.611962914466858,-0.006635794881731272,0.529960572719574,1.5483053922653198,-1.611962914466858,0.550000011920929,0.5049999952316284,0.47777777910232544,0.5272727012634277,0.7269204258918762,0.7278898358345032,7.7272467613220215,-0.03368541970849037,1.147533655166626,-0.27307960391044617,0.727889895439148,2
19,57,60,3,dispatch_decision_block,0.051240842789411545,0.017243918031454086,0.09955624490976334,0.01067886408418417,1.0,0.0,1.0,1.0,-0.12619203329086304,0.5206987261772156,1.0223627090454102,-1.6583541631698608,1.0,0.0,1.0,1.0,-0.12619203329086304,0.5206987261772156,1.0223627090454102,-1.6583541631698608,-0.13167738914489746,0.5993894934654236,1.3462705612182617,-2.1436877250671387,-0.005485371220856905,0.2829945981502533,0.6374195218086243,-0.8823429346084595,-0.005485371220856905,0.2829945981502533,0.6374195218086243,-0.8823429346084595,0.32499998807907104,0.3799999952316284,0.38461539149284363,0.375,0.7557041645050049,0.5849531888961792,4.545466423034668,0.1925913244485855,1.2648049592971802,-0.24429573118686676,0.5849531888961792,2
20,60,63,3,dispatch_decision_block,0.05015861243009567,0.020800305530428886,0.11432141810655594,0.018726328387856483,1.0,0.0,1.0,1.0,-0.1550680249929428,0.2542358934879303,0.3406178653240204,-1.0807178020477295,1.0,0.0,1.0,1.0,-0.1550680249929428,0.2542358934879303,0.3406178653240204,-1.0807178020477295,-0.15897929668426514,0.4093351364135742,1.0142958164215088,-1.1911134719848633,-0.003911251667886972,0.301821231842041,0.838703989982605,-0.8788942098617554,-0.003911251667886972,0.301821231842041,0.838703989982605,-0.8788942098617554,0.3050000071525574,0.699999988079071,0.6767676472663879,0.7227722406387329,0.6831935048103333,0.5789369940757751,2.885977268218994,0.017952796071767807,0.7161533236503601,-0.31680652499198914,0.5789369940757751,2
21,63,66,3,dispatch_decision_block,0.03284835442900658,0.02186550572514534,0.10033724457025528,5.896949062389467e-08,1.0,0.0,1.0,1.0,0.27412810921669006,0.16499683260917664,0.6118195652961731,-0.2835400104522705,1.0,0.0,1.0,1.0,0.27412810921669006,0.16499683260917664,0.6118195652961731,-0.2835400104522705,0.27284419536590576,0.49947595596313477,1.8800150156021118,-1.1671555042266846,-0.0012839299160987139,0.457844078540802,1.4659860134124756,-1.412674903869629,-0.0012839299160987139,0.457844078540802,1.4659860134124756,-1.412674903869629,0.5349999666213989,0.4599999785423279,0.42718446254730225,0.49484533071517944,0.7416319847106934,0.7149909734725952,5.897340774536133,-0.06599095463752747,1.0797194242477417,-0.25836801528930664,0.7149909734725952,2
22,66,69,3,dispatch_decision_block,0.03253864869475365,0.021526651456952095,0.09366060793399811,0.0002994718961417675,1.0,0.0,1.0,1.0,0.2601530849933624,0.18506701290607452,0.6809065937995911,-0.3627196252346039,1.0,0.0,1.0,1.0,0.2601530849933624,0.18506701290607452,0.6809065937995911,-0.3627196252346039,0.25438278913497925,0.5114195346832275,1.643679141998291,-1.5086708068847656,-0.0057703289203345776,0.46997663378715515,1.1531175374984741,-1.5120242834091187,-0.0057703289203345776,0.46997663378715515,1.1531175374984741,-1.5120242834091187,0.5,0.3499999940395355,0.35353535413742065,0.3465346395969391,0.8454187512397766,0.688698410987854,5.6678690910339355,0.04588857665657997,1.6183382272720337,-0.1545812040567398,0.688698410987854,2
23,69,72,3,dispatch_decision_block,0.047519996762275696,0.018462294712662697,0.11707589030265808,0.00979296863079071,1.0,0.0,1.0,1.0,-0.6338116526603699,0.2485457956790924,0.25627946853637695,-1.2155654430389404,1.0,0.0,1.0,1.0,-0.6338116526603699,0.2485457956790924,0.25627946853637695,-1.2155654430389404,-0.6317160725593567,0.369729608297348,0.37269583344459534,-1.5487076044082642,0.002095550298690796,0.26590994000434875,0.8423747420310974,-0.8595360517501831,0.002095550298690796,0.26590994000434875,0.8423747420310974,-0.8595360517501831,0.2750000059604645,0.7249999642372131,0.7010309100151062,0.7475728392601013,0.7186412811279297,1.0710442066192627,11.077980995178223,0.010262349620461464,0.7640581727027893,-0.2813587486743927,1.0710442066192627,2
0,0,3,3,dispatch_decision_block,0.04689018055796623,0.018952500075101852,0.09730376303195953,0.014235354028642178,1.0,0.0,1.0,1.0,-0.32932111620903015,0.11919906735420227,0.11191689968109131,-0.5777112245559692,1.0,0.0,1.0,1.0,-0.32932111620903015,0.11919906735420227,0.11191689968109131,-0.5777112245559692,-0.32832542061805725,0.303768128156662,0.44209250807762146,-1.3121311664581299,0.0009957242291420698,0.28066882491111755,0.8101135492324829,-0.8670358061790466,0.0009957242291420698,0.28066882491111755,0.8101135492324829,-0.8670358061790466,0.26999998092651367,0.625,0.5757575631141663,0.6732673048973083,0.6535151600837708,0.9860414862632751,10.305545806884766,-0.052624352276325226,0.8211487531661987,-0.34648483991622925,0.9860414862632751,3
1,3,6,3,dispatch_decision_block,0.03473449498414993,0.02088162861764431,0.10735577344894409,6.257010198851276e-08,1.0,0.0,1.0,1.0,-0.02565144933760166,0.5679554343223572,1.6097815036773682,-1.7221972942352295,1.0,0.0,1.0,1.0,-0.02565144933760166,0.5679554343223572,1.6097815036773682,-1.7221972942352295,-0.027266643941402435,0.7664263844490051,1.9156956672668457,-2.2638158798217773,-0.0016151946038007736,0.44424840807914734,1.2210067510604858,-1.2193437814712524,-0.0016151946038007736,0.44424840807914734,1.2210067510604858,-1.2193437814712524,0.5600000023841858,0.28999999165534973,0.30693069100379944,0.27272728085517883,0.6620846390724182,0.5986436605453491,3.4698774814605713,0.22879725694656372,1.8449487686157227,-0.3379153311252594,0.5986436605453491,3
2,6,9,3,dispatch_decision_block,0.03841651976108551,0.02184303104877472,0.11768391728401184,6.257010198851276e-08,1.0,0.0,1.0,1.0,-0.133244127035141,0.4503162205219269,0.8634954690933228,-1.2899281978607178,1.0,0.0,1.0,1.0,-0.133244127035141,0.4503162205219269,0.8634954690933228,-1.2899281978607178,-0.1402888149023056,0.67079758644104,1.637629508972168,-2.01615834236145,-0.007044673897325993,0.44569507241249084,1.0930001735687256,-1.226736307144165,-0.007044673897325993,0.44569507241249084,1.0930001735687256,-1.226736307144165,0.5849999785423279,0.6549999713897705,0.6315789818763733,0.6761904954910278,0.7456357479095459,0.8736226558685303,4.8594536781311035,0.05642520636320114,0.8140984177589417,-0.2543642222881317,0.8736226558685303,3
3,9,12,3,dispatch_decision_block,0.05008086562156677,0.018154339864850044,0.10353714972734451,0.0127946762368083,1.0,0.0,1.0,1.0,-0.30533450841903687,0.5851925015449524,0.8658151030540466,-1.8485066890716553,1.0,0.0,1.0,1.0,-0.30533450841903687,0.5851925015449524,0.8658151030540466,-1.8485066890716553,-0.3005283772945404,0.6404286623001099,1.068965196609497,-2.042876720428467,0.004806156270205975,0.28409311175346375,0.8249055743217468,-0.7915109395980835,0.004806156270205975,0.28409311175346375,0.8249055743217468,-0.7915109395980835,0.26499998569488525,0.42499998211860657,0.41584157943725586,0.4343434274196625,0.7104986310005188,0.6332609057426453,4.231508255004883,0.0701853558421135,0.7828543186187744,-0.2895013093948364,0.6332609057426453,3
4,12,15,3,dispatch_decision_block,0.049458760768175125,0.016992777585983276,0.09186135977506638,0.020016120746731758,1.0,0.0,1.0,1.0,0.22489020228385925,0.3150409162044525,0.8810907602310181,-0.4627313017845154,1.0,0.0,1.0,1.0,0.22489020228385925,0.3150409162044525,0.8810907602310181,-0.4627313017845154,0.21878303587436676,0.4382812976837158,1.257172703742981,-0.8906221389770508,-0.006107162218540907,0.2728700339794159,0.7669314742088318,-0.6149866580963135,-0.006107162218540907,0.2728700339794159,0.7669314742088318,-0.6149866580963135,0.2750000059604645,0.375,0.4301075339317322,0.32710278034210205,0.8302736282348633,0.5706999897956848,3.5890018939971924,0.15270331501960754,1.461283564567566,-0.16972632706165314,0.5706999897956848,3
5,15,18,3,dispatch_decision_block,0.03790303319692612,0.021442538127303123,0.13167299330234528,0.00268768728710711,1.0,0.0,1.0,1.0,-0.07705052942037582,0.2638232111930847,0.45040205121040344,-0.8466648459434509,1.0,0.0,1.0,1.0,-0.07705052942037582,0.2638232111930847,0.45040205121040344,-0.8466648459434509,-0.07709808647632599,0.5795136094093323,2.442370891571045,-2.2371809482574463,-4.755794725497253e-05,0.5062848925590515,2.1985843181610107,-2.3708629608154297,-4.755794725497253e-05,0.5062848925590515,2.1985843181610107,-2.3708629608154297,0.5699999928474426,0.6399999856948853,0.5961538553237915,0.6875,0.4552236795425415,0.5437986254692078,3.4562997817993164,0.032281629741191864,0.6554008722305298,-0.5447763204574585,0.5437986254692078,3
6,18,21,3,dispatch_decision_block,0.03385075554251671,0.020997093990445137,0.11820609867572784,0.00205454439856112,1.0,0.0,1.0,1.0,-0.220351442694664,0.126988485455513,0.20809905230998993,-0.5632984042167664,1.0,0.0,1.0,1.0,-0.220351442694664,0.126988485455513,0.20809905230998993,-0.5632984042167664,-0.22022439539432526,0.5114412903785706,1.6862338781356812,-2.4016642570495605,0.00012706800771411508,0.48828911781311035,1.8764194250106812,-2.0961523056030273,0.00012706800771411508,0.48828911781311035,1.8764194250106812,-2.0961523056030273,0.6349999904632568,0.47999998927116394,0.5299999713897705,0.429999977350235,0.6603513360023499,0.7264730930328369,4.418078422546387,-0.016919054090976715,0.8413240313529968,-0.33964863419532776,0.7264730930328369,3
7,21,24,3,dispatch_decision_block,0.047581739723682404,0.015946773812174797,0.09180566668510437,0.010414747521281242,1.0,0.0,1.0,1.0,-0.23355548083782196,0.6048972010612488,1.2512528896331787,-1.511427402496338,1.0,0.0,1.0,1.0,-0.23355548083782196,0.6048972010612488,1.2512528896331787,-1.511427402496338,-0.23182326555252075,0.6812029480934143,1.854889154434204,-1.8041932582855225,0.001732207485474646,0.26924529671669006,0.8585168719291687,-0.868063747882843,0.001732207485474646,0.26924529671669006,0.8585168719291687,-0.868063747882843,0.26999998092651367,0.3349999785423279,0.3333333432674408,0.33673468232154846,0.8629608154296875,0.8400875926017761,9.250015258789062,-0.15959756076335907,1.421376347541809,-0.1370391994714737,0.8400875926017761,3
8,24,27,3,dispatch_decision_block,0.051238223910331726,0.019221141934394836,0.11456840485334396,0.02097075991332531,1.0,0.0,1.0,1.0,-0.6486263275146484,0.7236364483833313,0.9591892957687378,-2.6122920513153076,1.0,0.0,1.0,1.0,-0.6486263275146484,0.7236364483833313,0.9591892957687378,-2.6122920513153076,-0.6392172574996948,0.8076005578041077,1.2670990228652954,-3.0916309356689453,0.009409062564373016,0.3166523575782776,0.8316066265106201,-0.7601065635681152,0.009409062564373016,0.3166523575782776,0.8316066265106201,-0.7601065635681152,0.28999999165534973,0.675000011920929,0.6078431606292725,0.7448979616165161,0.45039844512939453,0.6147927641868591,4.960997581481934,0.08755554258823395,0.7670181393623352,-0.5496015548706055,0.6147927641868591,3
9,27,30,3,dispatch_decision_block,0.037584174424409866,0.022898413240909576,0.12659770250320435,0.00042054615914821625,1.0,0.0,1.0,1.0,-0.0699138194322586,0.14932981133460999,0.4612594246864319,-0.4933382272720337,1.0,0.0,1.0,1.0,-0.0699138194322586,0.14932981133460999,0.4612594246864319,-0.4933382272720337,-0.07849253714084625,0.5194966197013855,1.799818515777588,-1.633845567703247,-0.008578713051974773,0.48290589451789856,1.5807338953018188,-1.4815007448196411,-0.008578713051974773,0.48290589451789856,1.5807338953018188,-1.4815007448196411,0.5249999761581421,0.4399999976158142,0.40776699781417847,0.47422680258750916,0.7004690170288086,0.6781448721885681,5.453033447265625,-0.053825002163648605,0.888404905796051,-0.29953089356422424,0.6781448721885681,3
10,30,33,3,dispatch_decision_block,0.03598051890730858,0.022788427770137787,0.11648188531398773,0.000729006074834615,1.0,0.0,1.0,1.0,-0.15389393270015717,0.6856985688209534,1.7075520753860474,-1.6927926540374756,1.0,0.0,1.0,1.0,-0.15389393270015717,0.6856985688209534,1.7075520753860474,-1.6927926540374756,-0.15282951295375824,0.9012998938560486,2.4024271965026855,-2.4239935874938965,0.0010644191643223166,0.49234431982040405,1.5002269744873047,-1.849172592163086,0.0010644191643223166,0.49234431982040405,1.5002269744873047,-1.849172592163086,0.5849999785423279,0.38999998569488525,0.4040403962135315,0.3762376308441162,0.7535096406936646,0.5126525163650513,3.475919008255005,-0.3380114734172821,1.6011605262756348,-0.24649041891098022,0.5126525163650513,3
11,33,36,3,dispatch_decision_block,0.04693148657679558,0.01763422042131424,0.12558206915855408,0.0015711309388279915,1.0,0.0,1.0,1.0,-0.3458239734172821,0.1422232687473297,0.00569993257522583,-0.6732748746871948,1.0,0.0,1.0,1.0,-0.3458239734172821,0.1422232687473297,0.00569993257522583,-0.6732748746871948,-0.3353691101074219,0.2853928506374359,0.4944346845149994,-1.2805790901184082,0.010454864241182804,0.24901096522808075,0.7125802040100098,-0.7511516809463501,0.010454864241182804,0.24901096522808075,0.7125802040100098,-0.7511516809463501,0.25999999046325684,0.6399999856948853,0.625,0.65625,0.622779369354248,0.7161951065063477,5.16928243637085,-0.012584845535457134,0.8396372199058533,-0.37722063064575195,0.7161951065063477,3
12,36,39,3,dispatch_decision_block,0.04821602255105972,0.01862616091966629,0.1010734811425209,0.01865086518228054,1.0,0.0,1.0,1.0,-0.430247038602829,0.5066788196563721,0.6291775107383728,-1.9231081008911133,1.0,0.0,1.0,1.0,-0.430247038602829,0.5066788196563721,0.6291775107383728,-1.9231081008911133,-0.43128249049186707,0.5588552355766296,1.004746437072754,-2.7898073196411133,-0.0010354280238971114,0.24319560825824738,0.9022555351257324,-0.86669921875,-0.0010354280238971114,0.24319560825824738,0.9022555351257324,-0.86669921875,0.20499999821186066,0.5099999904632568,0.48148149251937866,0.54347825050354,0.6848384737968445,0.733429491519928,4.757241249084473,0.05303102731704712,0.7598610520362854,-0.31516149640083313,0.733429491519928,3
13,39,42,3,dispatch_decision_block,0.03151105344295502,0.01969556324183941,0.11135977506637573,0.0002967146865557879,1.0,0.0,1.0,1.0,-0.269576758146286,0.4452308714389801,0.7665063738822937,-1.3687103986740112,1.0,0.0,1.0,1.0,-0.269576758146286,0.4452308714389801,0.7665063738822937,-1.3687103986740112,-0.2705857455730438,0.6396120190620422,1.7867839336395264,-1.848667860031128,-0.0010089862626045942,0.43685421347618103,1.320713996887207,-1.5763359069824219,-0.0010089862626045942,0.43685421347618103,1.320713996887207,-1.5763359069824219,0.4949999749660492,0.3199999928474426,0.3265306055545807,0.3137255012989044,0.7158527970314026,0.7242956161499023,6.304937362670898,-0.23006606101989746,1.425891637802124,-0.284147173166275,0.7242956161499023,3
14,42,45,3,dispatch_decision_block,0.03557427227497101,0.02008712664246559,0.11443421989679337,0.002387672197073698,1.0,0.0,1.0,1.0,-0.696603000164032,0.15135933458805084,-0.09874724596738815,-0.9761490821838379,1.0,0.0,1.0,1.0,-0.696603000164032,0.15135933458805084,-0.09874724596738815,-0.9761490821838379,-0.6930392384529114,0.46742671728134155,1.1450021266937256,-1.7911710739135742,0.0035637831315398216,0.4247814118862152,1.2655820846557617,-1.2013309001922607,0.0035637831315398216,0.4247814118862152,1.2655820846557617,-1.2013309001922607,0.5299999713897705,0.7049999833106995,0.6767676472663879,0.7326732277870178,0.5697262287139893,0.8999854922294617,8.639419555664062,-0.0017444199183955789,0.43423083424568176,-0.4302736818790436,0.8999854922294617,3
15,45,48,3,dispatch_decision_block,0.04794466495513916,0.016630573198199272,0.0975102037191391,0.0089783426374197,1.0,0.0,1.0,1.0,-0.1759234517812729,0.3827373683452606,1.0605436563491821,-0.9493199586868286,1.0,0.0,1.0,1.0,-0.1759234517812729,0.3827373683452606,1.0605436563491821,-0.9493199586868286,-0.1789165884256363,0.46180182695388794,1.5820977687835693,-1.1472530364990234,-0.0029931191820651293,0.22617574036121368,0.7122825384140015,-0.6085454225540161,-0.0029931191820651293,0.22617574036121368,0.7122825384140015,-0.6085454225540161,0.20499999821186066,0.41499999165534973,0.39603960514068604,0.4343434274196625,0.6439489722251892,0.6853702664375305,4.736947536468506,-0.0034508800599724054,0.7962076663970947,-0.356050968170166,0.6853702664375305,3
16,48,51,3,dispatch_decision_block,0.04445715621113777,0.01891169883310795,0.10025174915790558,0.01679809018969536,1.0,0.0,1.0,1.0,-0.11635365337133408,0.6046481132507324,1.5152256488800049,-1.3680580854415894,1.0,0.0,1.0,1.0,-0.11635365337133408,0.6046481132507324,1.5152256488800049,-1.3680580854415894,-0.11749745160341263,0.6865464448928833,1.9459471702575684,-1.7776933908462524,-0.0011437982320785522,0.2441054731607437,0.7347814440727234,-0.8566364049911499,-0.0011437982320785522,0.2441054731607437,0.7347814440727234,-0.8566364049911499,0.1899999976158142,0.4050000011920929,0.44329896569252014,0.3689320385456085,0.8008076548576355,0.5481467247009277,2.961090087890625,-0.21386408805847168,1.0177249908447266,-0.19919231534004211,0.5481467247009277,3
17,51,54,3,dispatch_decision_block,0.03317542001605034,0.022061388939619064,0.11388121545314789,6.257010198851276e-08,1.0,0.0,1.0,1.0,0.006956011988222599,0.16815441846847534,0.5256057381629944,-0.46260255575180054,1.0,0.0,1.0,1.0,0.006956011988222599,0.16815441846847534,0.5256057381629944,-0.46260255575180054,0.007550206035375595,0.4937136173248291,1.4248195886611938,-1.3588132858276367,0.0005941939307376742,0.43530988693237305,1.2519237995147705,-1.1250768899917603,0.0005941939307376742,0.43530988693237305,1.2519237995147705,-1.1250768899917603,0.5399999618530273,0.5999999642372131,0.554347813129425,0.6388888955116272,0.5362051129341125,0.623641312122345,5.283424377441406,-0.004358544480055571,0.7844228744506836,-0.46379488706588745,0.6236412525177002,3
18,54,57,3,dispatch_decision_block,0.03363368287682533,0.02280820906162262,0.12338516861200333,5.5355986461336215e-08,1.0,0.0,1.0,1.0,0.19613520801067352,0.30821841955184937,0.8050499558448792,-0.5008487105369568,1.0,0.0,1.0,1.0,0.19613520801067352,0.30821841955184937,0.8050499558448792,-0.5008487105369568,0.18809056282043457,0.5637615919113159,1.7387337684631348,-1.3456206321716309,-0.00804466474801302,0.4607526957988739,1.3861922025680542,-1.1961246728897095,-0.00804466474801302,0.4607526957988739,1.3861922025680542,-1.1961246728897095,0.5099999904632568,0.29999998211860657,0.2857142686843872,0.3137255012989044,0.6303876042366028,0.5076470375061035,3.0450944900512695,0.02316134423017502,0.931803822517395,-0.3696124255657196,0.5076470971107483,3
19,57,60,3,dispatch_decision_block,0.04827088117599487,0.016581067815423012,0.08815594017505646,0.012012367136776447,1.0,0.0,1.0,1.0,-0.10769511759281158,0.7530558109283447,1.397745132446289,-1.8135640621185303,1.0,0.0,1.0,1.0,-0.10769511759281158,0.7530558109283447,1.397745132446289,-1.8135640621185303,-0.10675418376922607,0.7921954989433289,1.6399948596954346,-2.1689624786376953,0.000940945406910032,0.25192204117774963,0.6951763033866882,-0.7306808233261108,0.000940945406910032,0.25192204117774963,0.6951763033866882,-0.7306808233261108,0.2800000011920929,0.4050000011920929,0.4653465151786804,0.34343433380126953,0.6730058193206787,0.6453863382339478,4.560199737548828,0.167688250541687,1.5453431606292725,-0.3269942104816437,0.645386278629303,3
20,60,63,3,dispatch_decision_block,0.04988088458776474,0.02030443400144577,0.11936765909194946,0.015342306345701218,1.0,0.0,1.0,1.0,-0.5498915910720825,0.5127838253974915,0.5532475113868713,-2.187917470932007,1.0,0.0,1.0,1.0,-0.5498915910720825,0.5127838253974915,0.5532475113868713,-2.187917470932007,-0.5510918498039246,0.6494954228401184,1.245235800743103,-3.659198760986328,-0.0012002825969830155,0.3300881087779999,1.399294137954712,-1.5375046730041504,-0.0012002825969830155,0.3300881087779999,1.399294137954712,-1.5375046730041504,0.26999998092651367,0.6699999570846558,0.6699999570846558,0.6699999570846558,0.48917078971862793,0.7029693126678467,7.7495598793029785,-0.03605279698967934,0.746222734451294,-0.5108291506767273,0.7029693126678467,3
21,63,66,3,dispatch_decision_block,0.034718070179224014,0.022379744797945023,0.10913379490375519,0.0003340419789310545,1.0,0.0,1.0,1.0,0.43545809388160706,0.27321794629096985,1.0679707527160645,-0.3094959557056427,1.0,0.0,1.0,1.0,0.43545809388160706,0.27321794629096985,1.0679707527160645,-0.3094959557056427,0.4290466904640198,0.6155389547348022,2.1546566486358643,-1.4575797319412231,-0.006411412730813026,0.5261383652687073,1.4968888759613037,-1.6638144254684448,-0.006411412730813026,0.5261383652687073,1.4968888759613037,-1.6638144254684448,0.5550000071525574,0.3349999785423279,0.3203883469104767,0.3505154550075531,0.8129629492759705,0.6060211658477783,3.2109453678131104,-0.06768524646759033,1.0699231624603271,-0.18703700602054596,0.6060212254524231,3
22,66,69,3,dispatch_decision_block,0.03340423107147217,0.021887121722102165,0.10550329089164734,0.00043770403135567904,1.0,0.0,1.0,1.0,0.35797208547592163,0.45894762873649597,1.26558256149292,-0.9864288568496704,1.0,0.0,1.0,1.0,0.35797208547592163,0.45894762873649597,1.26558256149292,-0.9864288568496704,0.3484569489955902,0.7230677008628845,2.5924649238586426,-1.885825276374817,-0.009515129029750824,0.5042305588722229,1.7106373310089111,-1.37472403049469,-0.009515129029750824,0.5042305588722229,1.7106373310089111,-1.37472403049469,0.5299999713897705,0.32999998331069946,0.3232323229312897,0.3366336524486542,0.894762396812439,1.7186882495880127,23.727218627929688,0.1127038523554802,1.8096849918365479,-0.10523753613233566,1.7186882495880127,3
23,69,72,3,dispatch_decision_block,0.04856288433074951,0.01708967424929142,0.10235203057527542,0.014899052679538727,1.0,0.0,1.0,1.0,-0.5938716530799866,0.23512034118175507,0.3694939613342285,-1.1967437267303467,1.0,0.0,1.0,1.0,-0.5938716530799866,0.23512034118175507,0.3694939613342285,-1.1967437267303467,-0.5922276377677917,0.343498557806015,0.4257451593875885,-1.6719300746917725,0.0016439947066828609,0.2644818127155304,0.6821706295013428,-0.7889010310173035,0.0016439947066828609,0.2644818127155304,0.6821706295013428,-0.7889010310173035,0.2449999898672104,0.6100000143051147,0.6363636255264282,0.5841584205627441,0.5081071853637695,0.5207908153533936,2.4502217769622803,0.08592694252729416,0.659828245639801,-0.49189284443855286,0.5207908153533936,3
0,0,3,3,dispatch_decision_block,0.050999172031879425,0.018804684281349182,0.10396883636713028,0.01679755002260208,1.0,0.0,1.0,1.0,-0.7208154201507568,0.4533778429031372,0.1177753210067749,-1.9966892004013062,1.0,0.0,1.0,1.0,-0.7208154201507568,0.4533778429031372,0.1177753210067749,-1.9966892004013062,-0.7214678525924683,0.5772759914398193,0.69536292552948,-2.3751988410949707,-0.000652475340757519,0.28468069434165955,0.9110050797462463,-1.0195666551589966,-0.000652475340757519,0.28468069434165955,0.9110050797462463,-1.0195666551589966,0.29499998688697815,0.3499999940395355,0.2924528419971466,0.41489359736442566,0.6634300351142883,0.731923520565033,4.656000137329102,-0.020515598356723785,0.7185092568397522,-0.33656996488571167,0.731923520565033,4
1,3,6,3,dispatch_decision_block,0.03351873159408569,0.021427471190690994,0.12423942238092422,0.0003601597563829273,1.0,0.0,1.0,1.0,-0.06617950648069382,1.1786372661590576,2.7180869579315186,-3.398441791534424,1.0,0.0,1.0,1.0,-0.06617950648069382,1.1786372661590576,2.7180869579315186,-3.398441791534424,-0.05762680992484093,1.3102004528045654,2.713934898376465,-3.7962918281555176,0.008552689105272293,0.4810940623283386,1.6936492919921875,-1.4853228330612183,0.008552689105272293,0.4810940623283386,1.6936492919921875,-1.4853228330612183,0.5199999809265137,0.2449999898672104,0.2680412232875824,0.2233009785413742,0.7813386917114258,0.6612403392791748,4.644799709320068,0.4743601083755493,2.0160274505615234,-0.21866124868392944,0.6612403392791748,4
2,6,9,3,dispatch_decision_block,0.037245601415634155,0.0220518559217453,0.1365477442741394,0.0029280504677444696,1.0,0.0,1.0,1.0,-0.42296889424324036,0.7046142220497131,0.6606096029281616,-2.7087762355804443,1.0,0.0,1.0,1.0,-0.42296889424324036,0.7046142220497131,0.6606096029281616,-2.7087762355804443,-0.4275737702846527,0.9230152368545532,2.1368117332458496,-3.1837210655212402,-0.004604875110089779,0.47131964564323425,1.6838914155960083,-1.4390536546707153,-0.004604875110089779,0.47131964564323425,1.6838914155960083,-1.4390536546707153,0.5399999618530273,0.41499999165534973,0.30927833914756775,0.5145630836486816,0.47781580686569214,0.7236166000366211,6.461493492126465,0.10628102719783783,0.7560218572616577,-0.5221841931343079,0.7236166000366211,4
3,9,12,3,dispatch_decision_block,0.050705090165138245,0.016880357638001442,0.11447829008102417,0.016894428059458733,1.0,0.0,1.0,1.0,-0.7706544995307922,0.8016417026519775,0.48109060525894165,-3.470442533493042,1.0,0.0,1.0,1.0,-0.7706544995307922,0.8016417026519775,0.48109060525894165,-3.470442533493042,-0.7712290287017822,0.8660205602645874,0.7756932973861694,-3.7186601161956787,-0.0005745193338952959,0.27176085114479065,0.655768871307373,-0.7452107071876526,-0.0005745193338952959,0.27176085114479065,0.655768871307373,-0.7452107071876526,0.3149999976158142,0.29999998211860657,0.27835050225257874,0.3203883469104767,0.7311421632766724,0.5045307874679565,2.872112512588501,0.08872856199741364,0.7226551175117493,-0.2688577473163605,0.5045307874679565,4
4,12,15,3,dispatch_decision_block,0.04973481595516205,0.02073173224925995,0.11867401003837585,0.01807090826332569,1.0,0.0,1.0,1.0,0.3956473469734192,0.8160794973373413,1.8363234996795654,-1.6285597085952759,1.0,0.0,1.0,1.0,0.3956473469734192,0.8160794973373413,1.8363234996795654,-1.6285597085952759,0.38691431283950806,0.886168897151947,1.9836251735687256,-2.2935292720794678,-0.00873302761465311,0.24710117280483246,0.8041815757751465,-1.0187978744506836,-0.00873302761465311,0.24710117280483246,0.8041815757751465,-1.0187978744506836,0.20499999821186066,0.26999998092651367,0.25773194432258606,0.28155338764190674,0.8267576694488525,0.6773850321769714,6.613996505737305,0.19463637471199036,1.4668700695037842,-0.1732422560453415,0.6773850321769714,4
5,15,18,3,dispatch_decision_block,0.036024097353219986,0.0255532618612051,0.10852675884962082,1.1355982820759891e-07,1.0,0.0,1.0,1.0,-0.4547121226787567,0.14152869582176208,0.030573543161153793,-0.8055814504623413,1.0,0.0,1.0,1.0,-0.4547121226787567,0.14152869582176208,0.030573543161153793,-0.8055814504623413,-0.4591538906097412,0.5615785121917725,1.2101138830184937,-2.011310577392578,-0.00444177258759737,0.5481712818145752,1.610403299331665,-1.5286674499511719,-0.00444177258759737,0.5481712818145752,1.610403299331665,-1.5286674499511719,0.5649999976158142,0.28999999165534973,0.31683167815208435,0.2626262605190277,0.4875481426715851,0.5788143873214722,4.942453861236572,-0.01545061357319355,0.48148301243782043,-0.5124518275260925,0.5788143277168274,4
6,18,21,3,dispatch_decision_block,0.035880912095308304,0.024397647008299828,0.10300040990114212,1.1355982820759891e-07,1.0,0.0,1.0,1.0,-0.5189971923828125,0.1853945106267929,0.4672390818595886,-0.7665153741836548,1.0,0.0,1.0,1.0,-0.5189971923828125,0.1853945106267929,0.4672390818595886,-0.7665153741836548,-0.5245255827903748,0.5796543955802917,1.4529677629470825,-2.1197009086608887,-0.005528390407562256,0.5434367656707764,1.503999948501587,-1.407036542892456,-0.005528390407562256,0.5434367656707764,1.503999948501587,-1.407036542892456,0.574999988079071,0.3100000023841858,0.37142857909202576,0.24210527539253235,0.6805644035339355,0.6134093999862671,3.4985995292663574,-0.07270029187202454,1.0257976055145264,-0.31943559646606445,0.6134093999862671,4
7,21,24,3,dispatch_decision_block,0.05134112387895584,0.017240850254893303,0.10543261468410492,0.00598504301160574,1.0,0.0,1.0,1.0,-0.08710449934005737,0.7866514921188354,2.0080652236938477,-1.740226149559021,1.0,0.0,1.0,1.0,-0.08710449934005737,0.7866514921188354,2.0080652236938477,-1.740226149559021,-0.09169112890958786,0.849371075630188,2.3767075538635254,-1.9689874649047852,-0.004586632363498211,0.2611871659755707,0.6790062785148621,-0.7422552704811096,-0.004586632363498211,0.2611871659755707,0.6790062785148621,-0.7422552704811096,0.3199999928474426,0.3799999952316284,0.32999998331069946,0.429999977350235,0.682045578956604,0.5644577741622925,2.9781429767608643,-0.03828337788581848,1.6750701665878296,-0.3179544508457184,0.5644577741622925,4
8,24,27,3,dispatch_decision_block,0.05366654321551323,0.020015258342027664,0.10515500605106354,0.020146973431110382,1.0,0.0,1.0,1.0,-0.5160447359085083,0.9025976657867432,0.7368392944335938,-3.063129425048828,1.0,0.0,1.0,1.0,-0.5160447359085083,0.9025976657867432,0.7368392944335938,-3.063129425048828,-0.5208706855773926,0.9816688299179077,1.1637253761291504,-3.1451311111450195,-0.004825937561690807,0.27582892775535583,0.8826192617416382,-0.9285135269165039,-0.004825937561690807,0.27582892775535583,0.8826192617416382,-0.9285135269165039,0.2750000059604645,0.3449999988079071,0.2708333432674408,0.4134615659713745,0.5510615706443787,0.6717695593833923,5.6555891036987305,0.11676919460296631,0.6572758555412292,-0.44893842935562134,0.6717695593833923,4
9,27,30,3,dispatch_decision_block,0.03925337642431259,0.0252529289573431,0.12329810857772827,6.718068590316761e-08,1.0,0.0,1.0,1.0,-0.39816829562187195,0.4064527451992035,0.9684227705001831,-1.8065557479858398,1.0,0.0,1.0,1.0,-0.39816829562187195,0.4064527451992035,0.9684227705001831,-1.8065557479858398,-0.40684831142425537,0.7132329940795898,1.9972350597381592,-2.895261526107788,-0.008680049329996109,0.5134170055389404,1.7231965065002441,-1.6944754123687744,-0.008680049329996109,0.5134170055389404,1.7231965065002441,-1.6944754123687744,0.5699999928474426,0.23999999463558197,0.25999999046325684,0.2199999988079071,0.6837373375892639,0.45820167660713196,2.4736430644989014,-0.14294123649597168,1.0731189250946045,-0.31626269221305847,0.45820167660713196,4
10,30,33,3,dispatch_decision_block,0.0381983257830143,0.025085603818297386,0.1264820545911789,6.718068590316761e-08,1.0,0.0,1.0,1.0,0.05375087633728981,0.7139009237289429,1.5900413990020752,-1.5387850999832153,1.0,0.0,1.0,1.0,0.05375087633728981,0.7139009237289429,1.5900413990020752,-1.5387850999832153,0.04924686625599861,0.8745933175086975,1.9519916772842407,-3.1646883487701416,-0.004504017997533083,0.5175877213478088,1.6637924909591675,-1.6678705215454102,-0.004504017997533083,0.5175877213478088,1.6637924909591675,-1.6678705215454102,0.550000011920929,0.42499998211860657,0.4343434274196625,0.41584157943725586,0.6879509091377258,0.7529211640357971,5.99293851852417,-0.24027054011821747,1.477752923965454,-0.31204909086227417,0.7529212236404419,4
11,33,36,3,dispatch_decision_block,0.04551665112376213,0.01705448515713215,0.10066253691911697,0.011877823621034622,1.0,0.0,1.0,1.0,-0.3710629940032959,0.1346229612827301,0.07762756198644638,-0.8935060501098633,1.0,0.0,1.0,1.0,-0.3710629940032959,0.1346229612827301,0.07762756198644638,-0.8935060501098633,-0.3696640729904175,0.2673802077770233,0.3451458811759949,-1.2367186546325684,0.0013989137951284647,0.23672005534172058,0.6746289730072021,-0.694717288017273,0.0013989137951284647,0.23672005534172058,0.6746289730072021,-0.694717288017273,0.25,0.35999998450279236,0.3762376308441162,0.34343433380126953,0.4996592700481415,0.5804662704467773,4.095428466796875,0.016389865428209305,0.4844341576099396,-0.5003407001495361,0.5804662704467773,4
12,36,39,3,dispatch_decision_block,0.0466885045170784,0.018211238086223602,0.11355993151664734,0.01977095752954483,1.0,0.0,1.0,1.0,-1.044104814529419,0.5301079750061035,-0.023948239162564278,-2.530179500579834,1.0,0.0,1.0,1.0,-1.044104814529419,0.5301079750061035,-0.023948239162564278,-2.530179500579834,-1.0403411388397217,0.6052659153938293,0.3597366511821747,-2.513880968093872,0.003763733431696892,0.2608151435852051,0.8512489199638367,-0.6853418350219727,0.003763733431696892,0.2608151435852051,0.8512489199638367,-0.6853418350219727,0.26999998092651367,0.3149999976158142,0.3020833432674408,0.32692310214042664,0.6674765348434448,0.6891218423843384,6.033662796020508,-0.003970358055084944,0.901772677898407,-0.332523375749588,0.6891218423843384,4
13,39,42,3,dispatch_decision_block,0.03214253485202789,0.019959885627031326,0.09690067172050476,0.00013154176122043282,1.0,0.0,1.0,1.0,-0.39101067185401917,0.830090343952179,1.2067911624908447,-2.983557939529419,1.0,0.0,1.0,1.0,-0.39101067185401917,0.830090343952179,1.2067911624908447,-2.983557939529419,-0.3888320028781891,0.9689750075340271,1.691697120666504,-3.6481900215148926,0.0021786445286124945,0.4160841107368469,1.3899407386779785,-1.1375937461853027,0.0021786445286124945,0.4160841107368469,1.3899407386779785,-1.1375937461853027,0.5,0.35499998927116394,0.38235294818878174,0.3265306055545807,0.5645047426223755,0.7557191252708435,4.964276313781738,-0.3140047490596771,2.1106650829315186,-0.4354952275753021,0.7557191848754883,4
14,42,45,3,dispatch_decision_block,0.03463578224182129,0.019565364345908165,0.09337586164474487,0.0018786870641633868,1.0,0.0,1.0,1.0,-0.8447195291519165,0.1813368946313858,-0.07029816508293152,-1.3525073528289795,1.0,0.0,1.0,1.0,-0.8447195291519165,0.1813368946313858,-0.07029816508293152,-1.3525073528289795,-0.8376620411872864,0.4578050673007965,0.7542717456817627,-1.978952407836914,0.007057523354887962,0.4017954170703888,1.3336644172668457,-1.1301971673965454,0.007057523354887962,0.4017954170703888,1.3336644172668457,-1.1301971673965454,0.5,0.375,0.37142857909202576,0.378947377204895,0.4236779808998108,0.6164537668228149,5.395166873931885,-0.03199739754199982,0.46332448720932007,-0.5763220191001892,0.6164537668228149,4
15,45,48,3,dispatch_decision_block,0.04837116599082947,0.016842810437083244,0.10432015359401703,0.006144383456557989,1.0,0.0,1.0,1.0,-0.8471755981445312,0.5849842429161072,0.8033559322357178,-1.763921856880188,1.0,0.0,1.0,1.0,-0.8471755981445312,0.5849842429161072,0.8033559322357178,-1.763921856880188,-0.848888099193573,0.6670863032341003,1.4382376670837402,-2.0772347450256348,-0.0017124366713687778,0.2619864046573639,1.065958857536316,-0.5906334519386292,-0.0017124366713687778,0.2619864046573639,1.065958857536316,-0.5906334519386292,0.2449999898672104,0.26499998569488525,0.22727273404598236,0.2946428656578064,0.6088402271270752,0.5965803861618042,4.039754867553711,0.008257436566054821,0.6631118655204773,-0.3911597728729248,0.5965803861618042,4
16,48,51,3,dispatch_decision_block,0.04385005310177803,0.018069252371788025,0.11355993151664734,0.014940650202333927,1.0,0.0,1.0,1.0,-0.2948285937309265,1.1541398763656616,3.1467814445495605,-2.303255081176758,1.0,0.0,1.0,1.0,-0.2948285937309265,1.1541398763656616,3.1467814445495605,-2.303255081176758,-0.2948886454105377,1.2222398519515991,3.3689770698547363,-2.621009111404419,-6.002217560308054e-05,0.25557664036750793,0.8390545845031738,-0.6877014636993408,-6.002217560308054e-05,0.25557664036750793,0.8390545845031738,-0.6877014636993408,0.26499998569488525,0.3349999785423279,0.2448979616165161,0.4215686321258545,0.6835689544677734,0.5192188024520874,2.6686131954193115,-0.4959973096847534,1.2552251815795898,-0.31643107533454895,0.5192188024520874,4
17,51,54,3,dispatch_decision_block,0.031926728785037994,0.02071579545736313,0.10938479751348495,0.002614550059661269,1.0,0.0,1.0,1.0,-0.33184942603111267,0.21931123733520508,0.6185944080352783,-0.7344828844070435,1.0,0.0,1.0,1.0,-0.33184942603111267,0.21931123733520508,0.6185944080352783,-0.7344828844070435,-0.3327929973602295,0.532317042350769,1.3285751342773438,-1.7357758283615112,-0.0009435969404876232,0.46505898237228394,1.5334160327911377,-1.3541594743728638,-0.0009435969404876232,0.46505898237228394,1.5334160327911377,-1.3541594743728638,0.4749999940395355,0.26499998569488525,0.27184465527534485,0.25773194432258606,0.47576895356178284,0.625327467918396,4.107794284820557,-0.05271027609705925,0.4601278007030487,-0.5242310166358948,0.625327467918396,4
18,54,57,3,dispatch_decision_block,0.030963556841015816,0.02093885838985443,0.1053980141878128,0.00025808587088249624,1.0,0.0,1.0,1.0,-0.28850337862968445,0.24907420575618744,0.1472218632698059,-1.0596561431884766,1.0,0.0,1.0,1.0,-0.28850337862968445,0.24907420575618744,0.1472218632698059,-1.0596561431884766,-0.29012033343315125,0.5466213226318359,1.2138755321502686,-1.7100238800048828,-0.0016169529408216476,0.4751894474029541,1.330994963645935,-1.434617042541504,-0.0016169529408216476,0.4751894474029541,1.330994963645935,-1.434617042541504,0.5450000166893005,0.22499999403953552,0.17307692766189575,0.28125,0.7868415713310242,0.8538594841957092,7.461755275726318,0.10671886056661606,0.84134840965271,-0.21315841376781464,0.8538594841957092,4
19,57,60,3,dispatch_decision_block,0.046338003128767014,0.015655115246772766,0.09001082181930542,0.012786605395376682,1.0,0.0,1.0,1.0,-0.4830542504787445,1.2090734243392944,1.8824220895767212,-3.191051959991455,1.0,0.0,1.0,1.0,-0.4830542504787445,1.2090734243392944,1.8824220895767212,-3.191051959991455,-0.48093312978744507,1.2595449686050415,1.97642183303833,-3.9149420261383057,0.0021211460698395967,0.25708460807800293,0.7479989528656006,-1.0508275032043457,0.0021211460698395967,0.25708460807800293,0.7479989528656006,-1.0508275032043457,0.25999999046325684,0.2849999964237213,0.28440365195274353,0.2857142984867096,0.7041453123092651,0.8518978953361511,8.810328483581543,0.06904955208301544,1.6077252626419067,-0.2958546280860901,0.8518978953361511,4
20,60,63,3,dispatch_decision_block,0.046143610030412674,0.01899559609591961,0.11403873562812805,0.016941525042057037,1.0,0.0,1.0,1.0,-0.22632941603660583,0.72554612159729,0.9935652017593384,-2.340930700302124,1.0,0.0,1.0,1.0,-0.22632941603660583,0.72554612159729,0.9935652017593384,-2.340930700302124,-0.22946691513061523,0.8275486826896667,1.2482678890228271,-2.313441276550293,-0.0031374720856547356,0.3025014400482178,0.7945932745933533,-0.8622361421585083,-0.0031374720856547356,0.3025014400482178,0.7945932745933533,-0.8622361421585083,0.26999998092651367,0.3400000035762787,0.3047619163990021,0.378947377204895,0.5339803099632263,0.6470174193382263,4.960366725921631,0.07431668043136597,0.617037296295166,-0.4660196602344513,0.6470174193382263,4
21,63,66,3,dispatch_decision_block,0.034937091171741486,0.024222303181886673,0.12075381726026535,1.1355982820759891e-07,1.0,0.0,1.0,1.0,-0.11850282549858093,0.4488857090473175,1.0360159873962402,-1.657724142074585,1.0,0.0,1.0,1.0,-0.11850282549858093,0.4488857090473175,1.0360159873962402,-1.657724142074585,-0.1283421516418457,0.7470747232437134,1.7377970218658447,-2.4813616275787354,-0.009839327074587345,0.530691385269165,1.54194974899292,-2.2764363288879395,-0.009839327074587345,0.530691385269165,1.54194974899292,-2.2764363288879395,0.5600000023841858,0.23499999940395355,0.2233009785413742,0.24742266535758972,0.7697610259056091,0.5812820196151733,3.4006857872009277,-0.3027394115924835,1.5034518241882324,-0.23023900389671326,0.5812820196151733,4
22,66,69,3,dispatch_decision_block,0.03391333669424057,0.023293906822800636,0.10841424763202667,1.1355982820759891e-07,1.0,0.0,1.0,1.0,0.058451928198337555,0.8781309723854065,1.7808635234832764,-2.6245815753936768,1.0,0.0,1.0,1.0,0.058451928198337555,0.8781309723854065,1.7808635234832764,-2.6245815753936768,0.054269302636384964,1.0578798055648804,2.821915626525879,-3.1791834831237793,-0.0041826264932751656,0.5089989900588989,1.3310894966125488,-1.9980789422988892,-0.0041826264932751656,0.5089989900588989,1.3310894966125488,-1.9980789422988892,0.5450000166893005,0.3400000035762787,0.3786407709121704,0.2989690601825714,0.5830795168876648,0.5973581075668335,3.371898651123047,0.42367491126060486,2.3332200050354004,-0.4169204533100128,0.5973581075668335,4
23,69,72,3,dispatch_decision_block,0.04800517484545708,0.015439195558428764,0.1106426864862442,0.014468129724264145,1.0,0.0,1.0,1.0,-0.8767184019088745,0.2797539532184601,0.21778354048728943,-1.622621774673462,1.0,0.0,1.0,1.0,-0.8767184019088745,0.2797539532184601,0.21778354048728943,-1.622621774673462,-0.8777419924736023,0.3898245692253113,0.7258357405662537,-2.2317824363708496,-0.0010236490052193403,0.27110353112220764,1.1814337968826294,-0.6671412587165833,-0.0010236490052193403,0.27110353112220764,1.1814337968826294,-0.6671412587165833,0.29499998688697815,0.29999998211860657,0.2886597812175751,0.3106796145439148,0.4732512831687927,0.5524466037750244,4.994772434234619,-0.016154220327734947,0.4692757725715637,-0.5267486572265625,0.5524466037750244,4
0,0,3,3,dispatch_decision_block,0.04572809115052223,0.018776698037981987,0.09839513897895813,0.01844272017478943,1.0,0.0,1.0,1.0,-0.4590039849281311,0.49986571073532104,0.16536328196525574,-2.176591157913208,1.0,0.0,1.0,1.0,-0.4590039849281311,0.49986571073532104,0.16536328196525574,-2.176591157913208,-0.4600307047367096,0.5795841217041016,0.505374550819397,-2.441225528717041,-0.0010267043253406882,0.2892439663410187,0.7707332372665405,-0.7957304120063782,-0.0010267043253406882,0.2892439663410187,0.7707332372665405,-0.7957304120063782,0.2800000011920929,0.16499999165534973,0.1473684310913086,0.18095238506793976,0.7802160382270813,0.45110517740249634,2.3118577003479004,-0.00020917176152579486,0.4415644109249115,-0.21978391706943512,0.45110517740249634,5
1,3,6,3,dispatch_decision_block,0.031489357352256775,0.02088833414018154,0.10214729607105255,0.0006842317525297403,1.0,0.0,1.0,1.0,-0.11887544393539429,1.7043803930282593,3.659703254699707,-3.8878891468048096,1.0,0.0,1.0,1.0,-0.11887544393539429,1.7043803930282593,3.659703254699707,-3.8878891468048096,-0.11031779646873474,1.7858647108078003,3.8124806880950928,-4.4841814041137695,0.008557653985917568,0.4253624975681305,1.3227992057800293,-1.0825231075286865,0.008557653985917568,0.4253624975681305,1.3227992057800293,-1.0825231075286865,0.4949999749660492,0.3149999976158142,0.4326923191547394,0.1875,0.5182089805603027,0.524623692035675,2.612744092941284,0.3067191541194916,2.1823878288269043,-0.48179101943969727,0.5246236324310303,5
2,6,9,3,dispatch_decision_block,0.031765177845954895,0.02083423361182213,0.10424076020717621,0.001198107609525323,1.0,0.0,1.0,1.0,-0.24688509106636047,0.5786015391349792,0.4674132466316223,-2.674126148223877,1.0,0.0,1.0,1.0,-0.24688509106636047,0.5786015391349792,0.4674132466316223,-2.674126148223877,-0.2506956458091736,0.711394727230072,1.511686086654663,-2.982149124145508,-0.0038105410058051348,0.38911160826683044,1.2898608446121216,-0.9577100276947021,-0.0038105410058051348,0.38911160826683044,1.2898608446121216,-0.9577100276947021,0.4399999976158142,0.08500000089406967,0.06315790116786957,0.10476190596818924,0.7344303727149963,0.43056434392929077,2.565699577331543,0.08370378613471985,0.591526210308075,-0.2655695974826813,0.43056434392929077,5
3,9,12,3,dispatch_decision_block,0.051333751529455185,0.01707378961145878,0.11791262030601501,0.01213048491626978,1.0,0.0,1.0,1.0,-0.6646965146064758,0.9062007069587708,0.5744494199752808,-3.3523871898651123,1.0,0.0,1.0,1.0,-0.6646965146064758,0.9062007069587708,0.5744494199752808,-3.3523871898651123,-0.663317859172821,0.94122713804245,0.8768305778503418,-3.480515956878662,0.0013786896597594023,0.24258707463741302,0.5562912225723267,-0.8662222027778625,0.0013786896597594023,0.24258707463741302,0.5562912225723267,-0.8662222027778625,0.23999999463558197,0.17499999701976776,0.1538461595773697,0.1979166716337204,0.8415742516517639,0.8175159096717834,8.411417961120605,0.11962148547172546,0.8165038824081421,-0.15842567384243011,0.8175158500671387,5
4,12,15,3,dispatch_decision_block,0.04881363734602928,0.020258910953998566,0.10838867723941803,0.01475140918046236,1.0,0.0,1.0,1.0,-0.0572320818901062,1.3821463584899902,2.7296860218048096,-3.9960825443267822,1.0,0.0,1.0,1.0,-0.0572320818901062,1.3821463584899902,2.7296860218048096,-3.9960825443267822,-0.06388403475284576,1.4556653499603271,2.8895983695983887,-4.491855621337891,-0.006651946809142828,0.2947665750980377,0.811492919921875,-0.9357444047927856,-0.006651946809142828,0.2947665750980377,0.811492919921875,-0.9357444047927856,0.3199999928474426,0.2800000011920929,0.3207547068595886,0.23404254019260406,0.6199111938476562,0.5100950598716736,2.595008134841919,0.33566296100616455,2.3635830879211426,-0.380088746547699,0.5100950598716736,5
5,15,18,3,dispatch_decision_block,0.03561779484152794,0.024135924875736237,0.11585917323827744,0.001702301437035203,1.0,0.0,1.0,1.0,-0.19724445044994354,0.13944247364997864,0.2087256759405136,-0.7676839232444763,1.0,0.0,1.0,1.0,-0.19724445044994354,0.13944247364997864,0.2087256759405136,-0.7676839232444763,-0.19469505548477173,0.5495426058769226,1.7234324216842651,-2.019425868988037,0.0025494128931313753,0.5242394804954529,1.8804970979690552,-1.6849849224090576,0.0025494128931313753,0.5242394804954529,1.8804970979690552,-1.6849849224090576,0.5550000071525574,0.08500000089406967,0.08163265138864517,0.0882352963089943,0.7630752325057983,0.4709527790546417,3.0610337257385254,-0.011904999613761902,0.4522668123245239,-0.2369246631860733,0.4709527790546417,5
6,18,21,3,dispatch_decision_block,0.034453000873327255,0.024276606738567352,0.11907631903886795,7.733590479119812e-08,1.0,0.0,1.0,1.0,-0.5717604756355286,0.14329341053962708,0.01004338264465332,-0.8383646607398987,1.0,0.0,1.0,1.0,-0.5717604756355286,0.14329341053962708,0.01004338264465332,-0.8383646607398987,-0.5700893402099609,0.5529582500457764,1.288799524307251,-2.174757480621338,0.0016711348434910178,0.5334399938583374,1.9181220531463623,-1.5165696144104004,0.0016711348434910178,0.5334399938583374,1.9181220531463623,-1.5165696144104004,0.5450000166893005,0.22999998927116394,0.2083333432674408,0.25,0.6534510850906372,0.4928751587867737,2.4642081260681152,-0.08345624804496765,0.5786467790603638,-0.3465489149093628,0.4928751587867737,5
7,21,24,3,dispatch_decision_block,0.048528041690588,0.01786528155207634,0.10026755928993225,0.007581912446767092,1.0,0.0,1.0,1.0,-0.2191070169210434,0.8344753384590149,2.5745632648468018,-1.791921854019165,1.0,0.0,1.0,1.0,-0.2191070169210434,0.8344753384590149,2.5745632648468018,-1.791921854019165,-0.21181686222553253,0.8889044523239136,2.5227906703948975,-2.066455841064453,0.007290179375559092,0.27435168623924255,0.973883330821991,-0.7661070227622986,0.007290179375559092,0.27435168623924255,0.973883330821991,-0.7661070227622986,0.26999998092651367,0.4699999988079071,0.5392156839370728,0.3979591727256775,0.6838214993476868,0.6511601209640503,4.718233585357666,-0.039080265909433365,1.8162784576416016,-0.31617850065231323,0.6511601209640503,5
8,24,27,3,dispatch_decision_block,0.04589065536856651,0.018058650195598602,0.12797337770462036,0.01631668210029602,1.0,0.0,1.0,1.0,0.04474807530641556,0.8499584794044495,1.0491946935653687,-4.33596134185791,1.0,0.0,1.0,1.0,0.04474807530641556,0.8499584794044495,1.0491946935653687,-4.33596134185791,0.042877256870269775,0.9122254848480225,1.5853698253631592,-4.446768283843994,-0.001870818086899817,0.27747130393981934,0.8282985091209412,-0.6842236518859863,-0.001870818086899817,0.27747130393981934,0.8282985091209412,-0.6842236518859863,0.26999998092651367,0.125,0.09677419066429138,0.14953270554542542,0.7237562537193298,0.4376254677772522,2.2456648349761963,0.11315712332725525,0.6676628589630127,-0.27624380588531494,0.4376254677772522,5
9,27,30,3,dispatch_decision_block,0.034897685050964355,0.022783054038882256,0.12144125998020172,5.087096360512078e-05,1.0,0.0,1.0,1.0,-0.1446159929037094,0.6396769881248474,1.8418036699295044,-1.9403636455535889,1.0,0.0,1.0,1.0,-0.1446159929037094,0.6396769881248474,1.8418036699295044,-1.9403636455535889,-0.14416323602199554,0.8338515162467957,2.4020352363586426,-2.5167157649993896,0.00045275507727637887,0.4815042316913605,1.4289634227752686,-1.64180326461792,0.00045275507727637887,0.4815042316913605,1.4289634227752686,-1.64180326461792,0.5199999809265137,0.2449999898672104,0.25,0.23999999463558197,0.8746520280838013,0.8136617541313171,6.259948253631592,0.0038142490666359663,1.109192132949829,-0.1253480166196823,0.8136616945266724,5
10,30,33,3,dispatch_decision_block,0.033529236912727356,0.022879010066390038,0.12283027917146683,0.0007558816578239202,1.0,0.0,1.0,1.0,0.09108782559633255,0.6190885901451111,2.170531749725342,-1.1887983083724976,1.0,0.0,1.0,1.0,0.09108782559633255,0.6190885901451111,2.170531749725342,-1.1887983083724976,0.09365773946046829,0.7992781400680542,1.971727728843689,-2.3761942386627197,0.0025699245743453503,0.49637481570243835,1.261756181716919,-1.762489676475525,0.0025699245743453503,0.49637481570243835,1.261756181716919,-1.762489676475525,0.550000011920929,0.3449999988079071,0.33980584144592285,0.3505154550075531,0.6213343143463135,0.7027419805526733,5.478243827819824,-0.1515350639820099,1.3839763402938843,-0.37866565585136414,0.7027419805526733,5
11,33,36,3,dispatch_decision_block,0.04426814988255501,0.016957879066467285,0.0940280631184578,0.004668470937758684,1.0,0.0,1.0,1.0,-0.25599339604377747,0.15788789093494415,0.3071902394294739,-0.7069598436355591,1.0,0.0,1.0,1.0,-0.25599339604377747,0.15788789093494415,0.3071902394294739,-0.7069598436355591,-0.25208061933517456,0.27883481979370117,0.5776609778404236,-1.1426550149917603,0.0039127725176513195,0.24069032073020935,0.704751193523407,-0.6569474339485168,0.0039127725176513195,0.24069032073020935,0.704751193523407,-0.6569474339485168,0.23999999463558197,0.11499999463558197,0.121495321393013,0.10752688348293304,0.7569991946220398,0.5504785180091858,4.769360542297363,0.00313466670922935,0.3395484387874603,-0.24300077557563782,0.5504785180091858,5
12,36,39,3,dispatch_decision_block,0.04699809104204178,0.01931493915617466,0.09808288514614105,0.015501013956964016,1.0,0.0,1.0,1.0,-0.8379843831062317,0.8221505880355835,0.2241901010274887,-3.7836995124816895,1.0,0.0,1.0,1.0,-0.8379843831062317,0.8221505880355835,0.2241901010274887,-3.7836995124816895,-0.8388053774833679,0.8847843408584595,0.5773888826370239,-4.220968246459961,-0.0008210575324483216,0.2744913697242737,0.8485909700393677,-0.8938063383102417,-0.0008210575324483216,0.2744913697242737,0.8485909700393677,-0.8938063383102417,0.26999998092651367,0.1550000011920929,0.1603773534297943,0.1489361673593521,0.8290367126464844,0.7287834286689758,6.396496772766113,0.08022987097501755,0.7456645369529724,-0.17096330225467682,0.7287834882736206,5
13,39,42,3,dispatch_decision_block,0.030608057975769043,0.01995748281478882,0.1243947222828865,0.00017131735512521118,1.0,0.0,1.0,1.0,-0.33473190665245056,0.8400682210922241,0.9489767551422119,-2.9870963096618652,1.0,0.0,1.0,1.0,-0.33473190665245056,0.8400682210922241,0.9489767551422119,-2.9870963096618652,-0.33735236525535583,0.9156118035316467,1.495851755142212,-3.1185786724090576,-0.002620481187477708,0.36695778369903564,0.9439013600349426,-1.046818494796753,-0.002620481187477708,0.36695778369903564,0.9439013600349426,-1.046818494796753,0.4449999928474426,0.25,0.2448979616165161,0.2549019753932953,0.6219884157180786,0.6824560165405273,4.369451522827148,-0.45722708106040955,1.943163275718689,-0.378011554479599,0.6824560165405273,5
14,42,45,3,dispatch_decision_block,0.031225936487317085,0.020749378949403763,0.1343543380498886,0.0010312258964404464,1.0,0.0,1.0,1.0,-0.44050437211990356,0.1445368379354477,0.12876242399215698,-0.8663207292556763,1.0,0.0,1.0,1.0,-0.44050437211990356,0.1445368379354477,0.12876242399215698,-0.8663207292556763,-0.4344211518764496,0.40350770950317383,0.929946780204773,-1.6645658016204834,0.006083203945308924,0.3753664195537567,0.974617600440979,-1.1468985080718994,0.006083203945308924,0.3753664195537567,0.974617600440979,-1.1468985080718994,0.45499998331069946,0.07999999821186066,0.09900990128517151,0.06060606241226196,0.8064088821411133,0.5679739117622375,3.7254419326782227,-0.016491860151290894,0.3086484968662262,-0.19359104335308075,0.5679739117622375,5
15,45,48,3,dispatch_decision_block,0.047902192920446396,0.01894068904221058,0.12810306251049042,0.003989191260188818,1.0,0.0,1.0,1.0,-0.9751859307289124,0.6872620582580566,1.2352757453918457,-1.9299415349960327,1.0,0.0,1.0,1.0,-0.9751859307289124,0.6872620582580566,1.2352757453918457,-1.9299415349960327,-0.9745179414749146,0.7316414713859558,1.5981963872909546,-2.126713991165161,0.0006679835496470332,0.25419193506240845,0.7018541097640991,-0.6781231164932251,0.0006679835496470332,0.25419193506240845,0.7018541097640991,-0.6781231164932251,0.2199999988079071,0.1850000023841858,0.20952381193637848,0.15789474546909332,0.689429521560669,0.5616145133972168,3.882943868637085,-0.07529714703559875,0.5181194543838501,-0.3105704188346863,0.5616145133972168,5
16,48,51,3,dispatch_decision_block,0.05157753452658653,0.022235244512557983,0.12216458469629288,0.014512396417558193,1.0,0.0,1.0,1.0,-0.15600934624671936,2.0247936248779297,4.612986087799072,-3.5870532989501953,1.0,0.0,1.0,1.0,-0.15600934624671936,2.0247936248779297,4.612986087799072,-3.5870532989501953,-0.16529102623462677,2.069636106491089,4.665898323059082,-4.240947723388672,-0.009281687438488007,0.3213147521018982,0.9959063529968262,-0.8652493953704834,-0.009281687438488007,0.3213147521018982,0.9959063529968262,-0.8652493953704834,0.32999998331069946,0.2549999952316284,0.20792078971862793,0.3030303120613098,0.7178860306739807,0.6546248197555542,5.96063232421875,-0.6785485148429871,1.8392548561096191,-0.28211402893066406,0.6546248197555542,5
17,51,54,3,dispatch_decision_block,0.0389542393386364,0.02812793105840683,0.12604942917823792,0.000296585145406425,1.0,0.0,1.0,1.0,-0.21158793568611145,0.33670520782470703,2.081425666809082,-0.6300616264343262,1.0,0.0,1.0,1.0,-0.21158793568611145,0.33670520782470703,2.081425666809082,-0.6300616264343262,-0.20057590305805206,0.7129544019699097,2.8079519271850586,-2.2451162338256836,0.011012045666575432,0.5622372031211853,1.860257863998413,-1.7679176330566406,0.011012045666575432,0.5622372031211853,1.860257863998413,-1.7679176330566406,0.550000011920929,0.09999999403953552,0.11764706671237946,0.08163265138864517,0.7814839482307434,0.5251800417900085,3.6288702487945557,-0.08032727986574173,0.478819876909256,-0.21851596236228943,0.5251800417900085,5
18,54,57,3,dispatch_decision_block,0.03898033872246742,0.028446892276406288,0.12693266570568085,0.0002964311861433089,1.0,0.0,1.0,1.0,-0.2801596224308014,0.3356744945049286,0.2656399607658386,-1.3789533376693726,1.0,0.0,1.0,1.0,-0.2801596224308014,0.3356744945049286,0.2656399607658386,-1.3789533376693726,-0.2797836661338806,0.6974973082542419,1.6986271142959595,-1.9794352054595947,0.0003759449755307287,0.599726140499115,1.8251028060913086,-1.7707608938217163,0.0003759449755307287,0.599726140499115,1.8251028060913086,-1.7707608938217163,0.5149999856948853,0.26499998569488525,0.24742266535758972,0.28155338764190674,0.6757053732872009,0.7025924324989319,5.60343074798584,0.09928714483976364,0.799023449420929,-0.3242945671081543,0.7025924324989319,5
19,57,60,3,dispatch_decision_block,0.0514901727437973,0.019892599433660507,0.12897911667823792,0.005128126125782728,1.0,0.0,1.0,1.0,0.047045059502124786,1.004754662513733,2.128628969192505,-2.6210265159606934,1.0,0.0,1.0,1.0,0.047045059502124786,1.004754662513733,2.128628969192505,-2.6210265159606934,0.05468718335032463,1.0326693058013916,2.3215436935424805,-2.709083080291748,0.007642131298780441,0.29735398292541504,0.8082983493804932,-0.7947109341621399,0.007642131298780441,0.29735398292541504,0.8082983493804932,-0.7947109341621399,0.3100000023841858,0.35499998927116394,0.38235294818878174,0.3265306055545807,0.5274284482002258,0.6659818887710571,5.461917400360107,0.1445917934179306,2.035451650619507,-0.47257155179977417,0.6659818887710571,5
20,60,63,3,dispatch_decision_block,0.049441415816545486,0.021081604063510895,0.1114746481180191,0.012817894108593464,1.0,0.0,1.0,1.0,-0.0763516053557396,0.6170195937156677,0.6419804096221924,-3.0924954414367676,1.0,0.0,1.0,1.0,-0.0763516053557396,0.6170195937156677,0.6419804096221924,-3.0924954414367676,-0.07325740903615952,0.6721207499504089,1.092095136642456,-2.985604763031006,0.0030942033044993877,0.29314282536506653,0.8847393989562988,-0.9382737874984741,0.0030942033044993877,0.29314282536506653,0.8847393989562988,-0.9382737874984741,0.26999998092651367,0.09999999403953552,0.0882352963089943,0.11224489659070969,0.8186834454536438,1.124354600906372,14.927268028259277,0.05919333174824715,0.5560035705566406,-0.18131648004055023,1.124354600906372,5
21,63,66,3,dispatch_decision_block,0.039617475122213364,0.026218315586447716,0.11895395815372467,4.57324489389066e-08,1.0,0.0,1.0,1.0,-0.48705121874809265,0.7249687314033508,0.947142481803894,-2.8782033920288086,1.0,0.0,1.0,1.0,-0.48705121874809265,0.7249687314033508,0.947142481803894,-2.8782033920288086,-0.4879559874534607,0.9052706360816956,1.7679924964904785,-2.901820182800293,-0.0009047776111401618,0.47966477274894714,1.8633244037628174,-1.5601495504379272,-0.0009047776111401618,0.47966477274894714,1.8633244037628174,-1.5601495504379272,0.48499998450279236,0.23499999940395355,0.28999999165534973,0.17999999225139618,0.7243409752845764,0.7141905426979065,7.410677433013916,-0.19478832185268402,1.1020574569702148,-0.27565905451774597,0.7141905426979065,5
22,66,69,3,dispatch_decision_block,0.03866967931389809,0.02532869204878807,0.1304301917552948,4.57324489389066e-08,1.0,0.0,1.0,1.0,-0.3835787773132324,1.1301777362823486,1.4384523630142212,-3.075087070465088,1.0,0.0,1.0,1.0,-0.3835787773132324,1.1301777362823486,1.4384523630142212,-3.075087070465088,-0.38386017084121704,1.2577718496322632,2.2413644790649414,-3.547543525695801,-0.0002813732426147908,0.4968106150627136,1.8729519844055176,-1.6347694396972656,-0.0002813732426147908,0.4968106150627136,1.8729519844055176,-1.6347694396972656,0.5349999666213989,0.26999998092651367,0.30693069100379944,0.23232322931289673,0.6582061648368835,0.9108511209487915,10.91353702545166,0.44232144951820374,2.718993663787842,-0.34179380536079407,0.9108511209487915,5
23,69,72,3,dispatch_decision_block,0.04822026938199997,0.016212191432714462,0.11657039076089859,0.015500305220484734,1.0,0.0,1.0,1.0,-0.5350508689880371,0.31775298714637756,-0.048356346786022186,-2.0019240379333496,1.0,0.0,1.0,1.0,-0.5350508689880371,0.31775298714637756,-0.048356346786022186,-2.0019240379333496,-0.5354610681533813,0.44295135140419006,0.33558791875839233,-2.755845785140991,-0.0004102101956959814,0.2874521315097809,0.8219810724258423,-0.8902045488357544,-0.0004102101956959814,0.2874521315097809,0.8219810724258423,-0.8902045488357544,0.29999998211860657,0.14499999582767487,0.1603773534297943,0.12765957415103912,0.7652100920677185,0.5826880931854248,4.2177557945251465,0.0395236499607563,0.46296581625938416,-0.2347898930311203,0.5826881527900696,5
0,0,3,3,dispatch_decision_block,0.04490504786372185,0.020464545115828514,0.11215106397867203,0.01634133607149124,1.0,0.0,1.0,1.0,-0.7251971364021301,0.9570625424385071,0.4273613393306732,-3.8178799152374268,1.0,0.0,1.0,1.0,-0.7251971364021301,0.9570625424385071,0.4273613393306732,-3.8178799152374268,-0.7302073240280151,1.0222043991088867,0.8438736200332642,-4.141516208648682,-0.0050101918168365955,0.26518088579177856,0.7600133419036865,-0.8337404727935791,-0.0050101918168365955,0.26518088579177856,0.7600133419036865,-0.8337404727935791,0.2849999964237213,0.17999999225139618,0.22448979318141937,0.13725490868091583,0.7497940063476562,0.6212887763977051,5.2045183181762695,0.06280496716499329,0.5112739205360413,-0.25020602345466614,0.6212887763977051,6
1,3,6,3,dispatch_decision_block,0.030033761635422707,0.0199422724545002,0.08930476009845734,7.948674607405337e-08,1.0,0.0,1.0,1.0,-0.21942195296287537,2.0670089721679688,5.6948370933532715,-3.82330060005188,1.0,0.0,1.0,1.0,-0.21942195296287537,2.0670089721679688,5.6948370933532715,-3.82330060005188,-0.22477729618549347,2.1142773628234863,5.573638916015625,-4.442534446716309,-0.005355322267860174,0.4337501525878906,1.3644227981567383,-1.3251352310180664,-0.005355322267860174,0.4337501525878906,1.3644227981567383,-1.3251352310180664,0.4949999749660492,0.25999999046325684,0.28125,0.24038462340831757,0.6853241324424744,0.8155412077903748,7.838961124420166,0.3434835374355316,1.8159712553024292,-0.31467580795288086,0.8155412077903748,6
2,6,9,3,dispatch_decision_block,0.03158992528915405,0.019934607669711113,0.08886055648326874,7.948674607405337e-08,1.0,0.0,1.0,1.0,-0.3071424067020416,0.569915235042572,0.3671167194843292,-2.6063408851623535,1.0,0.0,1.0,1.0,-0.3071424067020416,0.569915235042572,0.3671167194843292,-2.6063408851623535,-0.31223276257514954,0.7126085758209229,1.6727919578552246,-2.868425130844116,-0.005090379621833563,0.41578564047813416,1.5252571105957031,-1.2890686988830566,-0.005090379621833563,0.41578564047813416,1.5252571105957031,-1.2890686988830566,0.4599999785423279,0.05999999865889549,0.05154639109969139,0.06796116381883621,0.8347361087799072,0.5426456928253174,4.8432512283325195,0.08387705683708191,0.6534287333488464,-0.16526392102241516,0.5426456928253174,6
3,9,12,3,dispatch_decision_block,0.04831603914499283,0.019128898158669472,0.11687975376844406,0.0017654006369411945,1.0,0.0,1.0,1.0,-0.8098417520523071,1.0130194425582886,0.5382291674613953,-3.405757188796997,1.0,0.0,1.0,1.0,-0.8098417520523071,1.0130194425582886,0.5382291674613953,-3.405757188796997,-0.8076813220977783,1.0509724617004395,0.748497486114502,-3.7029945850372314,0.002160336822271347,0.284756600856781,0.81620192527771,-1.0338573455810547,0.002160336822271347,0.284756600856781,0.81620192527771,-1.0338573455810547,0.3149999976158142,0.22999998927116394,0.24468083679676056,0.21698114275932312,0.6805859804153442,0.6876377463340759,5.259906768798828,0.029429597780108452,1.00847327709198,-0.3194139301776886,0.6876376867294312,6
4,12,15,3,dispatch_decision_block,0.049981728196144104,0.02124449424445629,0.10871893167495728,0.01774270460009575,1.0,0.0,1.0,1.0,-0.6398360729217529,1.582526445388794,2.5163204669952393,-5.596620082855225,1.0,0.0,1.0,1.0,-0.6398360729217529,1.582526445388794,2.5163204669952393,-5.596620082855225,-0.637639582157135,1.617227554321289,2.6032605171203613,-5.637293338775635,0.002196474000811577,0.2690221667289734,0.8318778276443481,-0.6932334899902344,0.002196474000811577,0.2690221667289734,0.8318778276443481,-0.6932334899902344,0.26999998092651367,0.3199999928474426,0.31313130259513855,0.32673266530036926,0.6938168406486511,0.7112696170806885,7.169867038726807,0.3471776247024536,2.013320207595825,-0.3061831593513489,0.7112696170806885,6
5,15,18,3,dispatch_decision_block,0.03541809320449829,0.023451540619134903,0.10637469589710236,0.0007040378404781222,1.0,0.0,1.0,1.0,0.023588329553604126,0.20361706614494324,0.4530582129955292,-0.8344685435295105,1.0,0.0,1.0,1.0,0.023588329553604126,0.20361706614494324,0.4530582129955292,-0.8344685435295105,0.02088885009288788,0.5437750220298767,1.14960777759552,-1.6877100467681885,-0.0026994836516678333,0.5006952285766602,1.1125924587249756,-1.7430140972137451,-0.0026994836516678333,0.5006952285766602,1.1125924587249756,-1.7430140972137451,0.6100000143051147,0.06499999761581421,0.06666667014360428,0.06315790116786957,0.7983155846595764,0.5259755253791809,4.5000200271606445,-0.00872456282377243,0.45548269152641296,-0.20168444514274597,0.5259755253791809,6
6,18,21,3,dispatch_decision_block,0.035219378769397736,0.023047691211104393,0.10357040166854858,8.209724455809919e-08,1.0,0.0,1.0,1.0,-0.5511810779571533,0.4112989902496338,0.9180706739425659,-1.7288546562194824,1.0,0.0,1.0,1.0,-0.5511810779571533,0.4112989902496338,0.9180706739425659,-1.7288546562194824,-0.5569040775299072,0.7106034755706787,1.1931966543197632,-2.3928122520446777,-0.005723023321479559,0.5074653625488281,1.156051754951477,-1.708841323852539,-0.005723023321479559,0.5074653625488281,1.156051754951477,-1.708841323852539,0.6150000095367432,0.14999999105930328,0.145454540848732,0.15555556118488312,0.7118831276893616,0.577063798904419,4.414886951446533,-0.13443711400032043,0.7533680200576782,-0.28811684250831604,0.577063798904419,6
7,21,24,3,dispatch_decision_block,0.05007989704608917,0.01759420707821846,0.12728476524353027,0.016770808026194572,1.0,0.0,1.0,1.0,-0.330248087644577,1.0241903066635132,3.5684099197387695,-1.525390386581421,1.0,0.0,1.0,1.0,-0.330248087644577,1.0241903066635132,3.5684099197387695,-1.525390386581421,-0.3230479061603546,1.0723648071289062,3.959834337234497,-2.26145601272583,0.007200194057077169,0.2688153088092804,0.7590060234069824,-0.7767335176467896,0.007200194057077169,0.2688153088092804,0.7590060234069824,-0.7767335176467896,0.32999998331069946,0.3499999940395355,0.3786407709121704,0.3195876181125641,0.7269302010536194,0.6016461253166199,3.3618264198303223,-0.05497128516435623,1.5710656642913818,-0.2730697691440582,0.6016461849212646,6
8,24,27,3,dispatch_decision_block,0.0466853603720665,0.02045893669128418,0.11095055937767029,0.0150295440107584,1.0,0.0,1.0,1.0,-0.1669837087392807,0.8085787296295166,0.5338297486305237,-3.903183937072754,1.0,0.0,1.0,1.0,-0.1669837087392807,0.8085787296295166,0.5338297486305237,-3.903183937072754,-0.17237387597560883,0.841595470905304,1.303404688835144,-3.9003031253814697,-0.005390159320086241,0.24411970376968384,0.8172111511230469,-0.8566340208053589,-0.005390159320086241,0.24411970376968384,0.8172111511230469,-0.8566340208053589,0.20499999821186066,0.07999999821186066,0.07216494530439377,0.08737864345312119,0.7908374071121216,0.43918707966804504,3.1916399002075195,0.1253974884748459,0.5230919718742371,-0.2091626077890396,0.43918710947036743,6
9,27,30,3,dispatch_decision_block,0.040829554200172424,0.025711381807923317,0.12273653596639633,0.00016703715664334595,1.0,0.0,1.0,1.0,0.15113478899002075,0.9466801881790161,4.0032572746276855,-3.128063678741455,1.0,0.0,1.0,1.0,0.15113478899002075,0.9466801881790161,4.0032572746276855,-3.128063678741455,0.14658163487911224,1.122509479522705,4.19862699508667,-3.4572970867156982,-0.0045531499199569225,0.47106310725212097,1.372286081314087,-1.4695680141448975,-0.0045531499199569225,0.47106310725212097,1.372286081314087,-1.4695680141448975,0.5,0.20499999821186066,0.23148147761821747,0.17391304671764374,0.6313844919204712,0.46574610471725464,2.512524127960205,-0.030506283044815063,0.9940056800842285,-0.3686154782772064,0.46574610471725464,6
10,30,33,3,dispatch_decision_block,0.04080574959516525,0.02544543705880642,0.11169879138469696,8.99635924724862e-05,1.0,0.0,1.0,1.0,0.39504122734069824,0.8749416470527649,1.9794126749038696,-1.7302196025848389,1.0,0.0,1.0,1.0,0.39504122734069824,0.8749416470527649,1.9794126749038696,-1.7302196025848389,0.3810255229473114,1.0083669424057007,2.5721499919891357,-2.1010591983795166,-0.014015697874128819,0.48902153968811035,1.314706563949585,-1.3474012613296509,-0.014015697874128819,0.48902153968811035,1.314706563949585,-1.3474012613296509,0.550000011920929,0.3449999988079071,0.4099999964237213,0.2800000011920929,0.7722777128219604,1.0110293626785278,9.177807807922363,-0.1920895129442215,1.705957055091858,-0.22772227227687836,1.0110293626785278,6
11,33,36,3,dispatch_decision_block,0.048886388540267944,0.019628476351499557,0.10358801484107971,0.009378241375088692,1.0,0.0,1.0,1.0,-0.2518408000469208,0.13074737787246704,0.27266353368759155,-0.6480860710144043,1.0,0.0,1.0,1.0,-0.2518408000469208,0.13074737787246704,0.27266353368759155,-0.6480860710144043,-0.24663396179676056,0.2685683071613312,0.851467490196228,-1.1281046867370605,0.005206839181482792,0.23883838951587677,0.6995211243629456,-0.8365099430084229,0.005206839181482792,0.23883838951587677,0.6995211243629456,-0.8365099430084229,0.2449999898672104,0.07000000029802322,0.07692307978868484,0.0625,0.8519771099090576,0.47554367780685425,2.9263243675231934,-0.023638129234313965,0.36986786127090454,-0.1480228751897812,0.47554367780685425,6
12,36,39,3,dispatch_decision_block,0.04811537265777588,0.021209854632616043,0.11214816570281982,0.01553216390311718,1.0,0.0,1.0,1.0,-0.6005630493164062,0.8265995383262634,0.4217340350151062,-3.604398012161255,1.0,0.0,1.0,1.0,-0.6005630493164062,0.8265995383262634,0.4217340350151062,-3.604398012161255,-0.6032703518867493,0.8824999332427979,1.0864062309265137,-3.810540199279785,-0.0027073349338024855,0.2530536651611328,0.856823742389679,-0.786163330078125,-0.0027073349338024855,0.2530536651611328,0.856823742389679,-0.786163330078125,0.22999998927116394,0.11999999731779099,0.10309278219938278,0.13592232763767242,0.7656188607215881,0.5160055756568909,4.117308139801025,0.06234729662537575,0.5846904516220093,-0.23438112437725067,0.5160055756568909,6
13,39,42,3,dispatch_decision_block,0.03456870838999748,0.02204984426498413,0.11410022526979446,0.0010229313047602773,1.0,0.0,1.0,1.0,-0.6893439888954163,1.1342650651931763,1.0457412004470825,-5.066654205322266,1.0,0.0,1.0,1.0,-0.6893439888954163,1.1342650651931763,1.0457412004470825,-5.066654205322266,-0.6878881454467773,1.2656084299087524,1.711654782295227,-6.4187445640563965,0.0014557779068127275,0.43628233671188354,1.5167425870895386,-1.8132100105285645,0.0014557779068127275,0.43628233671188354,1.5167425870895386,-1.8132100105285645,0.4749999940395355,0.3149999976158142,0.29807692766189575,0.3333333432674408,0.6751542687416077,0.7727667689323425,6.448574542999268,-0.2794753313064575,1.7659505605697632,-0.3248457610607147,0.7727667689323425,6
14,42,45,3,dispatch_decision_block,0.035480812191963196,0.022265130653977394,0.11101710051298141,0.0006183998775668442,1.0,0.0,1.0,1.0,-0.5015014410018921,0.16724267601966858,0.06021527200937271,-1.1372488737106323,1.0,0.0,1.0,1.0,-0.5015014410018921,0.16724267601966858,0.06021527200937271,-1.1372488737106323,-0.49664291739463806,0.49376288056373596,0.9198108315467834,-2.1854047775268555,0.004858558066189289,0.4438793361186981,1.302777886390686,-1.6825498342514038,0.004858558066189289,0.4438793361186981,1.302777886390686,-1.6825498342514038,0.4749999940395355,0.06499999761581421,0.06796116381883621,0.06185566633939743,0.8908419013023376,0.5741019248962402,3.6719491481781006,-0.016534702852368355,0.33917179703712463,-0.10915811359882355,0.5741018652915955,6
15,45,48,3,dispatch_decision_block,0.05143051967024803,0.01841440051794052,0.11533574014902115,0.016763247549533844,1.0,0.0,1.0,1.0,-0.6049366593360901,0.7008887529373169,1.3892651796340942,-1.6039485931396484,1.0,0.0,1.0,1.0,-0.6049366593360901,0.7008887529373169,1.3892651796340942,-1.6039485931396484,-0.6052301526069641,0.7436158657073975,1.291771411895752,-1.8665544986724854,-0.0002935169613920152,0.2192993015050888,0.7142431139945984,-0.593010663986206,-0.0002935169613920152,0.2192993015050888,0.7142431139945984,-0.593010663986206,0.22499999403953552,0.1899999976158142,0.19417476654052734,0.1855670064687729,0.8247671127319336,0.8321701884269714,8.998492240905762,-0.001737214275635779,0.7520519495010376,-0.17523281276226044,0.8321702480316162,6
16,48,51,3,dispatch_decision_block,0.047096479684114456,0.019696634262800217,0.11004582792520523,0.017633972689509392,1.0,0.0,1.0,1.0,-0.4686267673969269,2.202829122543335,5.374245643615723,-3.846714496612549,1.0,0.0,1.0,1.0,-0.4686267673969269,2.202829122543335,5.374245643615723,-3.846714496612549,-0.4653715491294861,2.2375779151916504,5.611394882202148,-4.051802158355713,0.003255285555496812,0.2888462245464325,0.7288039922714233,-0.877342700958252,0.003255285555496812,0.2888462245464325,0.7288039922714233,-0.877342700958252,0.32999998331069946,0.3050000071525574,0.2871287167072296,0.3232323229312897,0.6306000351905823,0.5990889072418213,4.277385234832764,-0.7168193459510803,1.7418100833892822,-0.36939993500709534,0.5990889072418213,6
17,51,54,3,dispatch_decision_block,0.0325259231030941,0.024342281743884087,0.1231425479054451,7.948674607405337e-08,1.0,0.0,1.0,1.0,-0.15896302461624146,0.33051347732543945,1.662039041519165,-0.5753452777862549,1.0,0.0,1.0,1.0,-0.15896302461624146,0.33051347732543945,1.662039041519165,-0.5753452777862549,-0.16071534156799316,0.593362033367157,1.820804238319397,-1.4913427829742432,-0.0017523225396871567,0.46740537881851196,1.723036289215088,-1.1475754976272583,-0.0017523225396871567,0.46740537881851196,1.723036289215088,-1.1475754976272583,0.5299999713897705,0.07000000029802322,0.06060606241226196,0.07920791953802109,0.8864945769309998,0.5490119457244873,4.490541934967041,-0.12221886962652206,0.43013930320739746,-0.11350536346435547,0.5490119457244873,6
18,54,57,3,dispatch_decision_block,0.03393791243433952,0.023851601406931877,0.1220012679696083,7.948674607405337e-08,1.0,0.0,1.0,1.0,-0.4431919455528259,0.2905097007751465,0.16185152530670166,-1.672787070274353,1.0,0.0,1.0,1.0,-0.4431919455528259,0.2905097007751465,0.16185152530670166,-1.672787070274353,-0.4504028260707855,0.5715674161911011,1.372185230255127,-2.0436840057373047,-0.007210889831185341,0.47929057478904724,1.9420056343078613,-1.129164457321167,-0.007210889831185341,0.47929057478904724,1.9420056343078613,-1.129164457321167,0.5199999809265137,0.1899999976158142,0.178217813372612,0.20202019810676575,0.7083624601364136,0.6298426389694214,4.416540145874023,0.024693941697478294,0.6576717495918274,-0.29163748025894165,0.6298426389694214,6
19,57,60,3,dispatch_decision_block,0.05048961192369461,0.016595033928751945,0.10414520651102066,0.010487409308552742,1.0,0.0,1.0,1.0,-0.09221889078617096,0.9366084337234497,1.6107326745986938,-2.300781726837158,1.0,0.0,1.0,1.0,-0.09221889078617096,0.9366084337234497,1.6107326745986938,-2.300781726837158,-0.09152977913618088,0.9818806052207947,1.765638828277588,-3.0828683376312256,0.0006891107186675072,0.28030267357826233,0.6911287307739258,-1.412885069847107,0.0006891107186675072,0.28030267357826233,0.6911287307739258,-1.412885069847107,0.3050000071525574,0.29999998211860657,0.2884615361690521,0.3125,0.6466946005821228,0.7677930593490601,6.665266990661621,0.030895603820681572,1.617404818534851,-0.3533053398132324,0.7677930593490601,6
20,60,63,3,dispatch_decision_block,0.04800588637590408,0.019624141976237297,0.10452275723218918,0.016555950045585632,1.0,0.0,1.0,1.0,-0.46174588799476624,0.5710806250572205,0.3721901774406433,-3.2743873596191406,1.0,0.0,1.0,1.0,-0.46174588799476624,0.5710806250572205,0.3721901774406433,-3.2743873596191406,-0.46462759375572205,0.626014232635498,0.5662227869033813,-3.598130702972412,-0.0028816931881010532,0.28899985551834106,0.8232410550117493,-0.8461275100708008,-0.0028816931881010532,0.28899985551834106,0.8232410550117493,-0.8461275100708008,0.3100000023841858,0.07499999552965164,0.08791209012269974,0.06422018259763718,0.812293529510498,0.561305820941925,5.097448825836182,0.06785574555397034,0.36331966519355774,-0.18770642578601837,0.561305820941925,6
21,63,66,3,dispatch_decision_block,0.03492272272706032,0.023144390434026718,0.10963276028633118,0.00016624252020847052,1.0,0.0,1.0,1.0,-0.799293041229248,0.9895278215408325,1.489682674407959,-3.9617526531219482,1.0,0.0,1.0,1.0,-0.799293041229248,0.9895278215408325,1.489682674407959,-3.9617526531219482,-0.7948668003082275,1.1473610401153564,2.0784645080566406,-5.228610992431641,0.004426288418471813,0.4818505346775055,1.5812855958938599,-1.518239140510559,0.004426288418471813,0.4818505346775055,1.5812855958938599,-1.518239140510559,0.5849999785423279,0.19999998807907104,0.21276594698429108,0.18867924809455872,0.8883618116378784,0.7377668023109436,5.508399963378906,-0.16873440146446228,0.9316173195838928,-0.11163820326328278,0.7377668023109436,6
22,66,69,3,dispatch_decision_block,0.0336105152964592,0.02264396846294403,0.10725077241659164,0.0005441972753033042,1.0,0.0,1.0,1.0,-0.7873503565788269,1.7177302837371826,1.9247872829437256,-5.131129741668701,1.0,0.0,1.0,1.0,-0.7873503565788269,1.7177302837371826,1.9247872829437256,-5.131129741668701,-0.7826826572418213,1.885962963104248,3.9835238456726074,-6.616251468658447,0.004667718429118395,0.537141740322113,2.0925331115722656,-1.6613614559173584,0.004667718429118395,0.537141740322113,2.0925331115722656,-1.6613614559173584,0.574999988079071,0.3100000023841858,0.3199999928474426,0.29999998211860657,0.7192085385322571,0.765360951423645,5.635259628295898,0.4933070242404938,2.56579852104187,-0.2807914614677429,0.765360951423645,6
23,69,72,3,dispatch_decision_block,0.04706459119915962,0.016970068216323853,0.10008440166711807,0.0112902307882905,1.0,0.0,1.0,1.0,-0.5095905065536499,0.32663312554359436,0.1388063132762909,-1.9740008115768433,1.0,0.0,1.0,1.0,-0.5095905065536499,0.32663312554359436,0.1388063132762909,-1.9740008115768433,-0.5117160677909851,0.41010668873786926,0.3178252577781677,-1.9683159589767456,-0.00212555518373847,0.2505813241004944,0.6998827457427979,-0.7024253606796265,-0.00212555518373847,0.2505813241004944,0.6998827457427979,-0.7024253606796265,0.26999998092651367,0.05999999865889549,0.04123711213469505,0.0776699036359787,0.9146102666854858,0.5858782529830933,5.567623615264893,0.029682554304599762,0.3803747296333313,-0.08538966625928879,0.5858781933784485,6
0,0,3,3,dispatch_decision_block,0.04872918128967285,0.01807868666946888,0.10635931044816971,0.018233437091112137,1.0,0.0,1.0,1.0,-1.043864369392395,1.1932523250579834,0.3522810935974121,-4.725424766540527,1.0,0.0,1.0,1.0,-1.043864369392395,1.1932523250579834,0.3522810935974121,-4.725424766540527,-1.0343492031097412,1.226917028427124,0.9308334589004517,-4.828128814697266,0.009515278972685337,0.2961730659008026,0.8911266326904297,-0.8296301364898682,0.009515278972685337,0.2961730659008026,0.8911266326904297,-0.8296301364898682,0.26499998569488525,0.14499999582767487,0.11999999731779099,0.17000000178813934,0.6284165382385254,0.5876484513282776,3.9681951999664307,0.006433756090700626,0.5719149708747864,-0.37158340215682983,0.5876483917236328,7
1,3,6,3,dispatch_decision_block,0.031248850747942924,0.020427683368325233,0.10603761672973633,0.0003795575175900012,1.0,0.0,1.0,1.0,-0.5254833102226257,2.37539005279541,4.491962432861328,-5.5276384353637695,1.0,0.0,1.0,1.0,-0.5254833102226257,2.37539005279541,4.491962432861328,-5.5276384353637695,-0.5197844505310059,2.444211483001709,4.923671245574951,-6.446200370788574,0.0056989132426679134,0.42754241824150085,1.3560019731521606,-1.3400077819824219,0.0056989132426679134,0.42754241824150085,1.3560019731521606,-1.3400077819824219,0.4899999797344208,0.29499998688697815,0.29411765933036804,0.29591837525367737,0.6624568104743958,0.8919162154197693,7.478676795959473,0.026559604331851006,1.8769398927688599,-0.3375431299209595,0.8919162154197693,7
2,6,9,3,dispatch_decision_block,0.03136279061436653,0.02041202038526535,0.10032930225133896,0.0002988884807564318,1.0,0.0,1.0,1.0,-0.44026294350624084,0.371650367975235,0.04149308800697327,-2.312941789627075,1.0,0.0,1.0,1.0,-0.44026294350624084,0.371650367975235,0.04149308800697327,-2.312941789627075,-0.4348113536834717,0.5609393119812012,1.0206280946731567,-2.201104164123535,0.005451559089124203,0.3865334093570709,1.0965640544891357,-1.0820651054382324,0.005451559089124203,0.3865334093570709,1.0965640544891357,-1.0820651054382324,0.4350000023841858,0.03500000014901161,0.059405937790870667,0.010101010091602802,0.8561851978302002,0.4301334619522095,2.372211456298828,0.077278271317482,0.47727465629577637,-0.1438148021697998,0.4301334619522095,7
3,9,12,3,dispatch_decision_block,0.049656886607408524,0.015864495187997818,0.10035382956266403,0.0100286565721035,1.0,0.0,1.0,1.0,-0.5977712869644165,0.523041307926178,0.10087734460830688,-2.3769874572753906,1.0,0.0,1.0,1.0,-0.5977712869644165,0.523041307926178,0.10087734460830688,-2.3769874572753906,-0.5917619466781616,0.5496448874473572,0.4788496494293213,-2.8849101066589355,0.006009348668158054,0.23990468680858612,0.6518257260322571,-0.6749160885810852,0.006009348668158054,0.23990468680858612,0.6518257260322571,-0.6749160885810852,0.2549999952316284,0.1599999964237213,0.16161616146564484,0.15841583907604218,0.6930615305900574,0.5532771944999695,2.4233486652374268,0.037702251225709915,0.5320401191711426,-0.30693840980529785,0.5532771944999695,7
4,12,15,3,dispatch_decision_block,0.044721998274326324,0.016304636374115944,0.0918799415230751,0.018462195992469788,1.0,0.0,1.0,1.0,-0.5477747321128845,2.4269661903381348,3.3571062088012695,-8.13235855102539,1.0,0.0,1.0,1.0,-0.5477747321128845,2.4269661903381348,3.3571062088012695,-8.13235855102539,-0.562535285949707,2.503113031387329,3.6477577686309814,-8.507057189941406,-0.014760639518499374,0.26953136920928955,0.8218960762023926,-0.8723282814025879,-0.014760639518499374,0.26953136920928955,0.8218960762023926,-0.8723282814025879,0.2750000059604645,0.2750000059604645,0.3263157904148102,0.22857144474983215,0.7374510765075684,0.6346050500869751,4.125878810882568,0.24142198264598846,1.832275152206421,-0.26254892349243164,0.6346050500869751,7
5,15,18,3,dispatch_decision_block,0.031924933195114136,0.02440732717514038,0.18601731956005096,9.67077724567389e-08,1.0,0.0,1.0,1.0,0.026495151221752167,0.07475600391626358,0.19892500340938568,-0.2925613224506378,1.0,0.0,1.0,1.0,0.026495151221752167,0.07475600391626358,0.19892500340938568,-0.2925613224506378,0.02321317233145237,0.4730704128742218,1.9187980890274048,-1.864329218864441,-0.003281983081251383,0.46983951330184937,1.8715404272079468,-1.8973912000656128,-0.003281983081251383,0.46983951330184937,1.8715404272079468,-1.8973912000656128,0.4599999785423279,0.02499999850988388,0.04210526496171951,0.009523809887468815,0.8118802309036255,0.5193877220153809,3.318035840988159,-0.03624146804213524,0.32121843099594116,-0.18811970949172974,0.5193876624107361,7
6,18,21,3,dispatch_decision_block,0.032867182046175,0.024448787793517113,0.16627147793769836,9.67077724567389e-08,1.0,0.0,1.0,1.0,-0.6032339930534363,0.5454491376876831,0.5176718235015869,-2.005920171737671,1.0,0.0,1.0,1.0,-0.6032339930534363,0.5454491376876831,0.5176718235015869,-2.005920171737671,-0.6054973006248474,0.7355186343193054,1.185434341430664,-2.862517833709717,-0.002263345057144761,0.45914426445961,1.984043836593628,-1.847005009651184,-0.002263345057144761,0.45914426445961,1.984043836593628,-1.847005009651184,0.4749999940395355,0.1550000011920929,0.1827957034111023,0.13084112107753754,0.7061731815338135,0.5726022720336914,3.349790573120117,-0.1212012991309166,0.606584370136261,-0.2938268184661865,0.5726022720336914,7
7,21,24,3,dispatch_decision_block,0.05039329454302788,0.015717102214694023,0.09135108441114426,0.014290050603449345,1.0,0.0,1.0,1.0,-0.11164764314889908,1.2702242136001587,3.7552738189697266,-2.51577091217041,1.0,0.0,1.0,1.0,-0.11164764314889908,1.2702242136001587,3.7552738189697266,-2.51577091217041,-0.11060760170221329,1.3060232400894165,3.48248291015625,-3.1682679653167725,0.0010400533210486174,0.2554320693016052,0.7167401909828186,-0.8415343761444092,0.0010400533210486174,0.2554320693016052,0.7167401909828186,-0.8415343761444092,0.2149999886751175,0.3799999952316284,0.4141414165496826,0.3465346395969391,0.6644413471221924,0.5826452970504761,5.075939655303955,-0.08094558864831924,1.781793475151062,-0.33555862307548523,0.5826452970504761,7
8,24,27,3,dispatch_decision_block,0.047331541776657104,0.02054044045507908,0.1057472825050354,0.01681205816566944,1.0,0.0,1.0,1.0,-0.1607159823179245,0.39247164130210876,0.44131729006767273,-1.9394993782043457,1.0,0.0,1.0,1.0,-0.1607159823179245,0.39247164130210876,0.44131729006767273,-1.9394993782043457,-0.1607443392276764,0.4895749092102051,0.9482212066650391,-1.8244938850402832,-2.8372107408358715e-05,0.3005737066268921,0.8233242034912109,-0.9037192463874817,-2.8372107408358715e-05,0.3005737066268921,0.8233242034912109,-0.9037192463874817,0.25999999046325684,0.014999999664723873,0.019999999552965164,0.009999999776482582,0.8718903064727783,0.47702905535697937,3.4463469982147217,0.092096708714962,0.4967099130153656,-0.12810967862606049,0.47702905535697937,7
9,27,30,3,dispatch_decision_block,0.03695131093263626,0.022963467985391617,0.1143408790230751,0.0015118559822440147,1.0,0.0,1.0,1.0,-0.09198377281427383,1.003997564315796,3.6725521087646484,-2.3786463737487793,1.0,0.0,1.0,1.0,-0.09198377281427383,1.003997564315796,3.6725521087646484,-2.3786463737487793,-0.10616771131753922,1.1439149379730225,3.4444079399108887,-3.291849374771118,-0.014183933846652508,0.48611149191856384,1.2331970930099487,-1.2102476358413696,-0.014183933846652508,0.48611149191856384,1.2331970930099487,-1.2102476358413696,0.5099999904632568,0.23999999463558197,0.2978723347187042,0.18867924809455872,0.6602448225021362,0.5304991602897644,2.978231191635132,0.1460682600736618,1.3966814279556274,-0.33975517749786377,0.5304991602897644,7
10,30,33,3,dispatch_decision_block,0.03532898798584938,0.02285897359251976,0.11884075403213501,0.0009278718498535454,1.0,0.0,1.0,1.0,0.1294306367635727,1.0495150089263916,2.490215301513672,-2.0095720291137695,1.0,0.0,1.0,1.0,0.1294306367635727,1.0495150089263916,2.490215301513672,-2.0095720291137695,0.13758085668087006,1.1897284984588623,3.4419994354248047,-2.417524814605713,0.00815021526068449,0.5178322196006775,1.7256072759628296,-1.3112545013427734,0.00815021526068449,0.5178322196006775,1.7256072759628296,-1.3112545013427734,0.5849999785423279,0.3400000035762787,0.3465346395969391,0.3333333432674408,0.6227299571037292,0.7073904275894165,5.764374732971191,-0.09190750867128372,1.3485674858093262,-0.37727004289627075,0.7073904275894165,7
11,33,36,3,dispatch_decision_block,0.04996109753847122,0.018130214884877205,0.10065016150474548,0.013435142114758492,1.0,0.0,1.0,1.0,-0.1947328895330429,0.15207424759864807,0.4627101719379425,-0.6880621314048767,1.0,0.0,1.0,1.0,-0.1947328895330429,0.15207424759864807,0.4627101719379425,-0.6880621314048767,-0.19426696002483368,0.28920918703079224,0.9280209541320801,-0.8063690662384033,0.00046593902516178787,0.2572784125804901,0.7110152244567871,-0.6962266564369202,0.00046593902516178787,0.2572784125804901,0.7110152244567871,-0.6962266564369202,0.25999999046325684,0.03500000014901161,0.010416666977107525,0.05769231170415878,0.7223707437515259,0.5485787987709045,3.536329746246338,-0.038064129650592804,0.3071040213108063,-0.27762919664382935,0.5485787987709045,7
12,36,39,3,dispatch_decision_block,0.05127542465925217,0.019510511308908463,0.10632769018411636,0.018041333183646202,1.0,0.0,1.0,1.0,-0.7871254086494446,1.1381460428237915,0.5058225393295288,-5.033781051635742,1.0,0.0,1.0,1.0,-0.7871254086494446,1.1381460428237915,0.5058225393295288,-5.033781051635742,-0.7852170467376709,1.1832395792007446,1.0478562116622925,-5.61699104309082,0.0019083195365965366,0.28247323632240295,0.7464356422424316,-0.9327307343482971,0.0019083195365965366,0.28247323632240295,0.7464356422424316,-0.9327307343482971,0.28999999165534973,0.10499999672174454,0.12121212482452393,0.089108906686306,0.7935465574264526,0.463064968585968,2.6212174892425537,0.052281513810157776,0.6777805089950562,-0.20645348727703094,0.463064968585968,7
13,39,42,3,dispatch_decision_block,0.03431243449449539,0.022841865196824074,0.09025337547063828,9.047267468531572e-08,1.0,0.0,1.0,1.0,-0.42290961742401123,1.130120038986206,1.0998278856277466,-6.037688255310059,1.0,0.0,1.0,1.0,-0.42290961742401123,1.130120038986206,1.0998278856277466,-6.037688255310059,-0.4260803461074829,1.2520170211791992,1.8671414852142334,-6.261322975158691,-0.003170762676745653,0.42682307958602905,1.1349140405654907,-1.3173476457595825,-0.003170762676745653,0.42682307958602905,1.1349140405654907,-1.3173476457595825,0.5199999809265137,0.2750000059604645,0.3020833432674408,0.25,0.669765830039978,0.6854994297027588,4.56205415725708,-0.15534672141075134,1.3407236337661743,-0.3302341401576996,0.6854994297027588,7
14,42,45,3,dispatch_decision_block,0.03498286008834839,0.02315293811261654,0.09951610118150711,3.814819865510799e-05,1.0,0.0,1.0,1.0,-0.5399625897407532,0.1302269846200943,0.05861453711986542,-0.8659050464630127,1.0,0.0,1.0,1.0,-0.5399625897407532,0.1302269846200943,0.05861453711986542,-0.8659050464630127,-0.5346972346305847,0.4482410252094269,0.6805390119552612,-2.0356192588806152,0.005265402607619762,0.41553765535354614,1.0963009595870972,-1.3760405778884888,0.005265402607619762,0.41553765535354614,1.0963009595870972,-1.3760405778884888,0.5199999809265137,0.02499999850988388,0.03883495181798935,0.010309278033673763,0.9023376107215881,0.5555792450904846,3.94173264503479,-0.05415404215455055,0.29739323258399963,-0.09766235947608948,0.5555791854858398,7
15,45,48,3,dispatch_decision_block,0.05278734862804413,0.01949385181069374,0.1215108260512352,0.011596783064305782,1.0,0.0,1.0,1.0,-0.4383191168308258,0.8133241534233093,1.6207152605056763,-1.7928235530853271,1.0,0.0,1.0,1.0,-0.4383191168308258,0.8133241534233093,1.6207152605056763,-1.7928235530853271,-0.44146063923835754,0.8630277514457703,1.9460712671279907,-1.9610412120819092,-0.003141524735838175,0.2528599798679352,0.5745465159416199,-0.7024989128112793,-0.003141524735838175,0.2528599798679352,0.5745465159416199,-0.7024989128112793,0.26999998092651367,0.17000000178813934,0.14851485192775726,0.19191919267177582,0.6389356255531311,0.5368752479553223,4.168339252471924,0.061574678868055344,0.8430730700492859,-0.3610643744468689,0.5368751883506775,7
16,48,51,3,dispatch_decision_block,0.05055258050560951,0.021946964785456657,0.11757796257734299,0.019875729456543922,1.0,0.0,1.0,1.0,-0.5546320676803589,2.9527108669281006,7.039985179901123,-4.57492733001709,1.0,0.0,1.0,1.0,-0.5546320676803589,2.9527108669281006,7.039985179901123,-4.57492733001709,-0.5550885200500488,2.9913055896759033,7.041893005371094,-4.602484703063965,-0.000456392765045166,0.2633669376373291,0.6849403381347656,-0.7625539302825928,-0.000456392765045166,0.2633669376373291,0.6849403381347656,-0.7625539302825928,0.29499998688697815,0.32999998331069946,0.291262149810791,0.3711340129375458,0.5662339925765991,0.5678722858428955,3.7940523624420166,-0.9180132746696472,2.447723150253296,-0.4337660074234009,0.5678723454475403,7
17,51,54,3,dispatch_decision_block,0.0358683243393898,0.02518804557621479,0.13175241649150848,0.0005644285120069981,1.0,0.0,1.0,1.0,-0.3517265319824219,0.2643246054649353,0.8110453486442566,-0.7715611457824707,1.0,0.0,1.0,1.0,-0.3517265319824219,0.2643246054649353,0.8110453486442566,-0.7715611457824707,-0.3500450849533081,0.5728083848953247,1.748247742652893,-1.720482587814331,0.0016814403934404254,0.5064537525177002,1.7295403480529785,-1.2787635326385498,0.0016814403934404254,0.5064537525177002,1.7295403480529785,-1.2787635326385498,0.5600000023841858,0.03500000014901161,0.05102040618658066,0.019607843831181526,0.8700390458106995,0.6247004866600037,5.696396827697754,-0.12195050716400146,0.4341731071472168,-0.12996084988117218,0.6247004866600037,7
18,54,57,3,dispatch_decision_block,0.03510639816522598,0.0257563516497612,0.11416814476251602,0.00019688665634021163,1.0,0.0,1.0,1.0,-0.4551119804382324,0.3993278741836548,0.1612078845500946,-2.430187702178955,1.0,0.0,1.0,1.0,-0.4551119804382324,0.3993278741836548,0.1612078845500946,-2.430187702178955,-0.4542348384857178,0.6758648157119751,1.4087750911712646,-3.414287567138672,0.0008771300199441612,0.517272412776947,1.8314476013183594,-1.3683929443359375,0.0008771300199441612,0.517272412776947,1.8314476013183594,-1.3683929443359375,0.574999988079071,0.125,0.10891088843345642,0.14141413569450378,0.8012298345565796,0.7483440041542053,6.066712856292725,0.04358011484146118,0.6337105631828308,-0.19877010583877563,0.7483440041542053,7
19,57,60,3,dispatch_decision_block,0.050674837082624435,0.019016068428754807,0.1077529564499855,0.005732256919145584,1.0,0.0,1.0,1.0,-0.6410424113273621,1.445199728012085,2.3451015949249268,-3.3978099822998047,1.0,0.0,1.0,1.0,-0.6410424113273621,1.445199728012085,2.3451015949249268,-3.3978099822998047,-0.6412527561187744,1.4999353885650635,2.3054275512695312,-3.676252603530884,-0.0002102965081576258,0.31189480423927307,1.6160190105438232,-0.7451262474060059,-0.0002102965081576258,0.31189480423927307,1.6160190105438232,-0.7451262474060059,0.3199999928474426,0.25999999046325684,0.2967033088207245,0.2293577939271927,0.5815414190292358,0.6205527186393738,3.804281711578369,-0.06683336943387985,1.6019728183746338,-0.4184585511684418,0.6205527186393738,7
20,60,63,3,dispatch_decision_block,0.04661871865391731,0.021254034712910652,0.1041756272315979,0.014118490740656853,1.0,0.0,1.0,1.0,-0.34715133905410767,0.37917613983154297,0.215863436460495,-2.786910057067871,1.0,0.0,1.0,1.0,-0.34715133905410767,0.37917613983154297,0.215863436460495,-2.786910057067871,-0.3454427719116211,0.510212242603302,0.959550142288208,-2.7819442749023438,0.0017085598083212972,0.32421571016311646,0.8719565868377686,-0.8151185512542725,0.0017085598083212972,0.32421571016311646,0.8719565868377686,-0.8151185512542725,0.2800000011920929,0.014999999664723873,0.018691588193178177,0.01075268816202879,0.7942703366279602,0.5140469670295715,3.5267093181610107,0.06565311551094055,0.42700543999671936,-0.2057296335697174,0.5140469670295715,7
21,63,66,3,dispatch_decision_block,0.036546893417835236,0.0270286425948143,0.15713709592819214,9.67077724567389e-08,1.0,0.0,1.0,1.0,-0.6699725389480591,1.1127318143844604,0.928400993347168,-4.713101387023926,1.0,0.0,1.0,1.0,-0.6699725389480591,1.1127318143844604,0.928400993347168,-4.713101387023926,-0.6701399683952332,1.2413142919540405,1.494288682937622,-4.851967811584473,-0.00016743778542149812,0.5136117935180664,1.6186485290527344,-1.6537489891052246,-0.00016743778542149812,0.5136117935180664,1.6186485290527344,-1.6537489891052246,0.5199999809265137,0.13499999046325684,0.14432989060878754,0.12621359527111053,0.5842342376708984,0.4888051152229309,2.540214776992798,-0.0760488286614418,0.7929906845092773,-0.4157656729221344,0.4888051152229309,7
22,66,69,3,dispatch_decision_block,0.035353388637304306,0.026771487668156624,0.15264640748500824,9.67077724567389e-08,1.0,0.0,1.0,1.0,-1.4899487495422363,2.7006750106811523,3.652376651763916,-6.853694438934326,1.0,0.0,1.0,1.0,-1.4899487495422363,2.7006750106811523,3.652376651763916,-6.853694438934326,-1.4684327840805054,2.820384979248047,3.9505205154418945,-7.739351749420166,0.021515948697924614,0.5665481686592102,1.917695164680481,-1.563828468322754,0.021515948697924614,0.5665481686592102,1.917695164680481,-1.563828468322754,0.5699999928474426,0.29499998688697815,0.3300970792770386,0.25773194432258606,0.7808318138122559,1.0085006952285767,10.820279121398926,0.3690727949142456,2.999121904373169,-0.21916815638542175,1.0085006952285767,7
23,69,72,3,dispatch_decision_block,0.045442692935466766,0.015898941084742546,0.09146948903799057,0.00984988734126091,1.0,0.0,1.0,1.0,-0.2552070617675781,0.24382349848747253,0.1287713199853897,-1.4695343971252441,1.0,0.0,1.0,1.0,-0.2552070617675781,0.24382349848747253,0.1287713199853897,-1.4695343971252441,-0.25285986065864563,0.3334035873413086,0.3985120952129364,-1.8951433897018433,0.0023472041357308626,0.2255972921848297,0.5205024480819702,-0.7163302898406982,0.0023472041357308626,0.2255972921848297,0.5205024480819702,-0.7163302898406982,0.2149999886751175,0.029999999329447746,0.030612245202064514,0.029411766678094864,0.8652405142784119,0.6902471780776978,8.371203422546387,0.022175094112753868,0.3486579358577728,-0.13475944101810455,0.6902471780776978,7
0,0,3,3,dispatch_decision_block,0.0485222227871418,0.01858426444232464,0.10486198961734772,0.0175396166741848,1.0,0.0,1.0,1.0,-1.2593128681182861,1.608216643333435,1.010254979133606,-5.835721969604492,1.0,0.0,1.0,1.0,-1.2593128681182861,1.608216643333435,1.010254979133606,-5.835721969604492,-1.2536671161651611,1.639890432357788,1.1596126556396484,-6.2506818771362305,0.0056457482278347015,0.2837725877761841,0.9412355422973633,-0.848271369934082,0.0056457482278347015,0.2837725877761841,0.9412355422973633,-0.848271369934082,0.32499998807907104,0.17000000178813934,0.2164948433637619,0.12621359527111053,0.6884033679962158,0.6106080412864685,4.804451942443848,-0.05929141491651535,0.6463434100151062,-0.3115966022014618,0.6106080412864685,8
1,3,6,3,dispatch_decision_block,0.03246108815073967,0.019923578947782516,0.098329097032547,1.0753337420510434e-07,1.0,0.0,1.0,1.0,-0.6454110741615295,2.4258899688720703,4.519974708557129,-5.475705623626709,1.0,0.0,1.0,1.0,-0.6454110741615295,2.4258899688720703,4.519974708557129,-5.475705623626709,-0.6335279941558838,2.4566993713378906,4.736853122711182,-6.287822246551514,0.011883017607033253,0.370539128780365,0.7748973965644836,-1.2731149196624756,0.011883017607033253,0.370539128780365,0.7748973965644836,-1.2731149196624756,0.44999998807907104,0.26499998569488525,0.2641509473323822,0.26595744490623474,0.6240991353988647,0.7305169105529785,7.490683078765869,0.3058099150657654,2.119722843170166,-0.37590086460113525,0.7305169105529785,8
2,6,9,3,dispatch_decision_block,0.03310512378811836,0.019183792173862457,0.09610937535762787,1.0753337420510434e-07,1.0,0.0,1.0,1.0,-0.330617219209671,0.2666797339916229,0.14958247542381287,-1.4598630666732788,1.0,0.0,1.0,1.0,-0.330617219209671,0.2666797339916229,0.14958247542381287,-1.4598630666732788,-0.32927370071411133,0.42680343985557556,0.6489264965057373,-1.9497134685516357,0.0013435184955596924,0.3009902834892273,0.6821689009666443,-0.9026955366134644,0.0013435184955596924,0.3009902834892273,0.6821689009666443,-0.9026955366134644,0.4099999964237213,0.004999999888241291,0.009615384973585606,0.0,0.897967517375946,0.661754310131073,7.47812557220459,0.06296492367982864,0.4762957692146301,-0.10203245282173157,0.6617543697357178,8
3,9,12,3,dispatch_decision_block,0.05445285141468048,0.01907000131905079,0.11431904137134552,0.011083438992500305,1.0,0.0,1.0,1.0,-0.7462820410728455,0.9391955137252808,0.5784543752670288,-2.8853588104248047,1.0,0.0,1.0,1.0,-0.7462820410728455,0.9391955137252808,0.5784543752670288,-2.8853588104248047,-0.7466744184494019,0.984402060508728,0.9971171617507935,-3.362168312072754,-0.0003923925687558949,0.2691637873649597,0.7880973815917969,-0.7034912109375,-0.0003923925687558949,0.2691637873649597,0.7880973815917969,-0.7034912109375,0.2800000011920929,0.1550000011920929,0.1702127605676651,0.14150944352149963,0.7681612372398376,0.8056082725524902,5.489923477172852,0.010285634547472,0.8326495885848999,-0.23183873295783997,0.8056082725524902,8
4,12,15,3,dispatch_decision_block,0.04895913973450661,0.01895759627223015,0.1090846061706543,0.019501304253935814,1.0,0.0,1.0,1.0,-0.95546954870224,3.416797161102295,3.7498557567596436,-11.181389808654785,1.0,0.0,1.0,1.0,-0.95546954870224,3.416797161102295,3.7498557567596436,-11.181389808654785,-0.961317241191864,3.4802193641662598,3.822089433670044,-11.375792503356934,-0.0058478135615587234,0.3383655250072479,1.3717875480651855,-1.1417818069458008,-0.0058478135615587234,0.3383655250072479,1.3717875480651855,-1.1417818069458008,0.3449999988079071,0.3100000023841858,0.3679245412349701,0.24468083679676056,0.5661545991897583,0.5048022866249084,2.841339349746704,0.4591358006000519,2.3128905296325684,-0.4338453710079193,0.5048022866249084,8
5,15,18,3,dispatch_decision_block,0.03599001094698906,0.026383988559246063,0.13397464156150818,0.00040498492307960987,1.0,0.0,1.0,1.0,0.05927249789237976,0.12002059817314148,0.26133719086647034,-0.445922315120697,1.0,0.0,1.0,1.0,0.05927249789237976,0.12002059817314148,0.26133719086647034,-0.445922315120697,0.05655355378985405,0.5581102967262268,1.6922414302825928,-1.8326889276504517,-0.0027189438696950674,0.5407336950302124,1.638359546661377,-1.9207764863967896,-0.0027189438696950674,0.5407336950302124,1.638359546661377,-1.9207764863967896,0.5999999642372131,0.004999999888241291,0.009708737954497337,0.0,0.8558393716812134,0.4350671172142029,3.9619481563568115,-0.046179790049791336,0.3198879361152649,-0.14416056871414185,0.4350671172142029,8
6,18,21,3,dispatch_decision_block,0.038121215999126434,0.02623034082353115,0.1343958079814911,0.001294050714932382,1.0,0.0,1.0,1.0,-0.5158155560493469,0.7184123992919922,2.353893756866455,-2.1868491172790527,1.0,0.0,1.0,1.0,-0.5158155560493469,0.7184123992919922,2.353893756866455,-2.1868491172790527,-0.5185772776603699,0.9127423763275146,2.0198264122009277,-3.247075080871582,-0.0027617625892162323,0.5447019338607788,1.5432106256484985,-1.8434553146362305,-0.0027617625892162323,0.5447019338607788,1.5432106256484985,-1.8434553146362305,0.550000011920929,0.2199999988079071,0.17431192100048065,0.2747252881526947,0.5958412885665894,0.7026289701461792,7.318513870239258,-0.1646958440542221,0.9774038195610046,-0.40415871143341064,0.7026289701461792,8
7,21,24,3,dispatch_decision_block,0.05419944226741791,0.01844020001590252,0.09730060398578644,0.015003660693764687,1.0,0.0,1.0,1.0,-0.547191858291626,1.3576531410217285,2.940580129623413,-3.1592442989349365,1.0,0.0,1.0,1.0,-0.547191858291626,1.3576531410217285,2.940580129623413,-3.1592442989349365,-0.5502539873123169,1.383731484413147,2.834831953048706,-3.305288314819336,-0.003062126925215125,0.2820858061313629,1.0929590463638306,-0.7248204946517944,-0.003062126925215125,0.2820858061313629,1.0929590463638306,-0.7248204946517944,0.32999998331069946,0.3799999952316284,0.35576924681663513,0.40625,0.6126409769058228,0.6213536858558655,4.75684928894043,0.08160068094730377,1.756980299949646,-0.38735899329185486,0.6213536858558655,8
8,24,27,3,dispatch_decision_block,0.05005272105336189,0.021447569131851196,0.10673747211694717,0.013550472445786,1.0,0.0,1.0,1.0,-0.2067708969116211,0.2957041263580322,0.22188135981559753,-1.4422311782836914,1.0,0.0,1.0,1.0,-0.2067708969116211,0.2957041263580322,0.22188135981559753,-1.4422311782836914,-0.20661133527755737,0.39872902631759644,0.9521445631980896,-1.4876108169555664,0.00015953541151247919,0.28054165840148926,0.7827461361885071,-0.7175992727279663,0.00015953541151247919,0.28054165840148926,0.7827461361885071,-0.7175992727279663,0.2750000059604645,0.03500000014901161,0.048543691635131836,0.020618556067347527,0.8534690737724304,0.38010504841804504,2.343475818634033,0.06910894066095352,0.5143571496009827,-0.14653095602989197,0.38010504841804504,8
9,27,30,3,dispatch_decision_block,0.03619544580578804,0.024789342656731606,0.1210346519947052,0.000565439579077065,1.0,0.0,1.0,1.0,-0.25865116715431213,0.9582969546318054,2.1853790283203125,-4.172855854034424,1.0,0.0,1.0,1.0,-0.25865116715431213,0.9582969546318054,2.1853790283203125,-4.172855854034424,-0.26746007800102234,1.034000039100647,2.584463119506836,-4.923354148864746,-0.008808917365968227,0.46540072560310364,1.5625169277191162,-1.3413615226745605,-0.008808917365968227,0.46540072560310364,1.5625169277191162,-1.3413615226745605,0.5099999904632568,0.20999999344348907,0.21568627655506134,0.20408162474632263,0.6964278221130371,0.8070379495620728,8.483454704284668,-0.08703784644603729,0.716118574142456,-0.3035721778869629,0.8070379495620728,8
10,30,33,3,dispatch_decision_block,0.03460937738418579,0.024608014151453972,0.11480586230754852,0.0005607875064015388,1.0,0.0,1.0,1.0,0.3116980195045471,0.6290426254272461,2.0736188888549805,-0.7241379618644714,1.0,0.0,1.0,1.0,0.3116980195045471,0.6290426254272461,2.0736188888549805,-0.7241379618644714,0.3082747459411621,0.7578979134559631,2.4773592948913574,-1.6677676439285278,-0.0034233068581670523,0.4912641644477844,1.4948424100875854,-1.5326201915740967,-0.0034233068581670523,0.4912641644477844,1.4948424100875854,-1.5326201915740967,0.5399999618530273,0.3400000035762787,0.36734694242477417,0.3137255012989044,0.6786817312240601,0.6837977766990662,4.370522975921631,-0.09920921176671982,1.484750747680664,-0.32131820917129517,0.6837977766990662,8
11,33,36,3,dispatch_decision_block,0.04984493926167488,0.017289336770772934,0.11000180244445801,0.013697661459445953,1.0,0.0,1.0,1.0,-0.15603511035442352,0.08833075314760208,0.1934792697429657,-0.37900546193122864,1.0,0.0,1.0,1.0,-0.15603511035442352,0.08833075314760208,0.1934792697429657,-0.37900546193122864,-0.15508651733398438,0.2245432585477829,0.4513690769672394,-0.789897620677948,0.000948588247410953,0.21392516791820526,0.5440536737442017,-0.56892991065979,0.000948588247410953,0.21392516791820526,0.5440536737442017,-0.56892991065979,0.26499998569488525,0.019999999552965164,0.019607843831181526,0.020408162847161293,0.8926951289176941,0.4275544583797455,3.538156509399414,-0.03833375126123428,0.23622311651706696,-0.10730478167533875,0.4275544583797455,8
12,36,39,3,dispatch_decision_block,0.04679654911160469,0.01813662424683571,0.10355468839406967,0.01825832761824131,1.0,0.0,1.0,1.0,-0.7805203199386597,1.1928868293762207,0.5406607985496521,-5.316617488861084,1.0,0.0,1.0,1.0,-0.7805203199386597,1.1928868293762207,0.5406607985496521,-5.316617488861084,-0.7853472828865051,1.2300219535827637,0.6512036323547363,-5.308216571807861,-0.004826944787055254,0.2553139328956604,0.6140849590301514,-0.7907543778419495,-0.004826944787055254,0.2553139328956604,0.6140849590301514,-0.7907543778419495,0.29999998211860657,0.10999999940395355,0.11881187558174133,0.10101009905338287,0.7651995420455933,0.7466794848442078,5.958217620849609,0.03700022026896477,0.7444044351577759,-0.23480047285556793,0.7466794848442078,8
13,39,42,3,dispatch_decision_block,0.029535673558712006,0.019801326096057892,0.09167938679456711,0.0008653367985971272,1.0,0.0,1.0,1.0,-0.583077609539032,1.420699119567871,1.5585813522338867,-5.633290767669678,1.0,0.0,1.0,1.0,-0.583077609539032,1.420699119567871,1.5585813522338867,-5.633290767669678,-0.5764572620391846,1.4644877910614014,2.046780586242676,-5.626292705535889,0.0066203102469444275,0.3576204478740692,0.9591459035873413,-0.9679394960403442,0.0066203102469444275,0.3576204478740692,0.9591459035873413,-0.9679394960403442,0.429999977350235,0.23499999940395355,0.2222222238779068,0.24752475321292877,0.6660981774330139,0.8047857284545898,6.212657928466797,-0.14269058406352997,1.447892427444458,-0.3339017331600189,0.8047857284545898,8
14,42,45,3,dispatch_decision_block,0.02924143522977829,0.0192081518471241,0.10144485533237457,0.0007004398503340781,1.0,0.0,1.0,1.0,-0.4377705752849579,0.10199129581451416,-0.11495567858219147,-0.7359594702720642,1.0,0.0,1.0,1.0,-0.4377705752849579,0.10199129581451416,-0.11495567858219147,-0.7359594702720642,-0.4337552487850189,0.36033880710601807,0.6973047256469727,-1.4956185817718506,0.0040153092704713345,0.33678680658340454,1.102514624595642,-1.0605906248092651,0.0040153092704713345,0.33678680658340454,1.102514624595642,-1.0605906248092651,0.3999999761581421,0.004999999888241291,0.009999999776482582,0.0,0.9229066371917725,0.47353488206863403,3.3093090057373047,-0.06422621011734009,0.24815474450588226,-0.07709334790706635,0.47353485226631165,8
15,45,48,3,dispatch_decision_block,0.049633510410785675,0.019493456929922104,0.10424740612506866,0.0024634459987282753,1.0,0.0,1.0,1.0,-0.2572459280490875,0.5436974763870239,1.335680365562439,-1.6352229118347168,1.0,0.0,1.0,1.0,-0.2572459280490875,0.5436974763870239,1.335680365562439,-1.6352229118347168,-0.2548328638076782,0.5837395787239075,1.4151021242141724,-1.7040742635726929,0.0024130684323608875,0.2434159368276596,0.5433658957481384,-0.6674841046333313,0.0024130684323608875,0.2434159368276596,0.5433658957481384,-0.6674841046333313,0.3400000035762787,0.14999999105930328,0.1599999964237213,0.14000000059604645,0.58916836977005,0.4639698266983032,2.322827100753784,-0.05086606740951538,0.4594522714614868,-0.41083163022994995,0.4639698565006256,8
16,48,51,3,dispatch_decision_block,0.046215057373046875,0.020208289846777916,0.10920825600624084,0.01809280551970005,1.0,0.0,1.0,1.0,-0.9163032174110413,2.5810320377349854,6.149806499481201,-4.82188606262207,1.0,0.0,1.0,1.0,-0.9163032174110413,2.5810320377349854,6.149806499481201,-4.82188606262207,-0.9086546301841736,2.604806661605835,6.640092849731445,-4.679867744445801,0.00764860725030303,0.2932686507701874,0.9386829733848572,-0.8823828101158142,0.00764860725030303,0.2932686507701874,0.9386829733848572,-0.8823828101158142,0.35499998927116394,0.20999999344348907,0.2673267424106598,0.1515151560306549,0.6711239218711853,0.5431257486343384,3.0462138652801514,-0.45717760920524597,2.0122599601745605,-0.3288760781288147,0.5431257486343384,8
17,51,54,3,dispatch_decision_block,0.02878245711326599,0.023835113272070885,0.12533892691135406,0.00015927701315376908,1.0,0.0,1.0,1.0,-0.23459716141223907,0.1788233369588852,0.4776192903518677,-0.5471616983413696,1.0,0.0,1.0,1.0,-0.23459716141223907,0.1788233369588852,0.4776192903518677,-0.5471616983413696,-0.2303275316953659,0.5098248720169067,1.6775615215301514,-1.9506417512893677,0.004269625525921583,0.44726741313934326,1.4578217267990112,-1.5757169723510742,0.004269625525921583,0.44726741313934326,1.4578217267990112,-1.5757169723510742,0.48499998450279236,0.0,0.0,0.0,0.9104408025741577,0.6450662016868591,7.2228922843933105,-0.10989204049110413,0.32706326246261597,-0.08955911546945572,0.6450662016868591,8
18,54,57,3,dispatch_decision_block,0.03200333192944527,0.02475314773619175,0.12294722348451614,6.768342331042732e-08,1.0,0.0,1.0,1.0,-0.38432836532592773,0.8049331307411194,0.6598650217056274,-2.1846494674682617,1.0,0.0,1.0,1.0,-0.38432836532592773,0.8049331307411194,0.6598650217056274,-2.1846494674682617,-0.38348066806793213,0.956555962562561,1.615587830543518,-2.8723340034484863,0.0008476611692458391,0.4526670277118683,1.4161360263824463,-1.6159696578979492,0.0008476611692458391,0.4526670277118683,1.4161360263824463,-1.6159696578979492,0.4749999940395355,0.2449999898672104,0.26213592290878296,0.22680412232875824,0.7797911167144775,0.8678587079048157,7.0503926277160645,-0.09676375240087509,0.9606730937957764,-0.22020888328552246,0.8678587675094604,8
19,57,60,3,dispatch_decision_block,0.05304567515850067,0.018887626007199287,0.12701360881328583,0.011220891028642654,1.0,0.0,1.0,1.0,-0.7200143337249756,1.77383291721344,2.7100703716278076,-4.205423355102539,1.0,0.0,1.0,1.0,-0.7200143337249756,1.77383291721344,2.7100703716278076,-4.205423355102539,-0.7245012521743774,1.8197309970855713,2.8379857540130615,-4.91391658782959,-0.004486854188144207,0.27916520833969116,0.73887038230896,-1.0074794292449951,-0.004486854188144207,0.27916520833969116,0.73887038230896,-1.0074794292449951,0.3400000035762787,0.2849999964237213,0.3499999940395355,0.2199999988079071,0.5474439859390259,0.522167980670929,2.881103515625,-0.057349056005477905,1.4210164546966553,-0.45255598425865173,0.522167980670929,8
20,60,63,3,dispatch_decision_block,0.04650506004691124,0.019269580021500587,0.12309881299734116,0.017069483175873756,1.0,0.0,1.0,1.0,0.09411356598138809,0.3629748523235321,0.7718091607093811,-1.4272782802581787,1.0,0.0,1.0,1.0,0.09411356598138809,0.3629748523235321,0.7718091607093811,-1.4272782802581787,0.09292712062597275,0.4531235098838806,1.1102979183197021,-1.9955847263336182,-0.0011864380212500691,0.23965711891651154,0.8615627288818359,-0.7621880769729614,-0.0011864380212500691,0.23965711891651154,0.8615627288818359,-0.7621880769729614,0.2149999886751175,0.009999999776482582,0.010869565419852734,0.009259259328246117,0.9141046404838562,0.4799962639808655,3.1568126678466797,0.05230103060603142,0.4188315272331238,-0.08589531481266022,0.4799962341785431,8
21,63,66,3,dispatch_decision_block,0.037222400307655334,0.024673057720065117,0.12632650136947632,0.0006199930794537067,1.0,0.0,1.0,1.0,-0.3231765627861023,1.5419585704803467,1.8714749813079834,-4.946314334869385,1.0,0.0,1.0,1.0,-0.3231765627861023,1.5419585704803467,1.8714749813079834,-4.946314334869385,-0.3144570589065552,1.6276204586029053,2.547813892364502,-5.500621795654297,0.008719522505998611,0.43813619017601013,1.4363009929656982,-1.3491038084030151,0.008719522505998611,0.43813619017601013,1.4363009929656982,-1.3491038084030151,0.5600000023841858,0.19499999284744263,0.22549019753932953,0.16326530277729034,0.7103192210197449,0.669075608253479,6.230307102203369,-0.1905611753463745,0.9883049726486206,-0.28968074917793274,0.669075608253479,8
22,66,69,3,dispatch_decision_block,0.036175768822431564,0.02379702404141426,0.1349669247865677,0.000610200222581625,1.0,0.0,1.0,1.0,-1.1578694581985474,2.9396371841430664,4.091174125671387,-7.141801357269287,1.0,0.0,1.0,1.0,-1.1578694581985474,2.9396371841430664,4.091174125671387,-7.141801357269287,-1.1581124067306519,3.0220253467559814,4.080621719360352,-7.650433540344238,-0.00024296580522786826,0.48871341347694397,1.5265436172485352,-1.5986518859863281,-0.00024296580522786826,0.48871341347694397,1.5265436172485352,-1.5986518859863281,0.5649999976158142,0.26499998569488525,0.34020617604255676,0.19417476654052734,0.619877278804779,0.61207515001297,4.840278148651123,0.41332903504371643,2.4253365993499756,-0.38012266159057617,0.61207515001297,8
23,69,72,3,dispatch_decision_block,0.04832950606942177,0.018278712406754494,0.11116926372051239,0.006468856241554022,1.0,0.0,1.0,1.0,-0.1707528680562973,0.14328709244728088,0.08783420920372009,-0.8348865509033203,1.0,0.0,1.0,1.0,-0.1707528680562973,0.14328709244728088,0.08783420920372009,-0.8348865509033203,-0.16911447048187256,0.2756801247596741,0.7282183766365051,-1.0413668155670166,0.0016383948968723416,0.2349075824022293,0.8467510342597961,-0.7255139946937561,0.0016383948968723416,0.2349075824022293,0.8467510342597961,-0.7255139946937561,0.26499998569488525,0.0,0.0,0.0,0.9622804522514343,0.6870777606964111,8.406203269958496,0.006822627503424883,0.32558876276016235,-0.03771951049566269,0.6870777606964111,8
0,0,3,3,dispatch_decision_block,0.05001521110534668,0.021622607484459877,0.14501164853572845,0.017076769843697548,1.0,0.0,1.0,1.0,-1.61012601852417,1.6578747034072876,0.5954470634460449,-5.583891868591309,1.0,0.0,1.0,1.0,-1.61012601852417,1.6578747034072876,0.5954470634460449,-5.583891868591309,-1.612563133239746,1.6775926351547241,1.179287314414978,-6.082231044769287,-0.00243699224665761,0.30098870396614075,0.9061000943183899,-0.9338793754577637,-0.00243699224665761,0.30098870396614075,0.9061000943183899,-0.9338793754577637,0.35999998450279236,0.2149999886751175,0.21568627655506134,0.2142857164144516,0.6652824282646179,0.6162164807319641,5.138739109039307,0.06713572889566422,0.5883129835128784,-0.3347175121307373,0.6162164807319641,9
1,3,6,3,dispatch_decision_block,0.03213729336857796,0.020934320986270905,0.11461862921714783,0.00012210757995489985,1.0,0.0,1.0,1.0,-0.023576144129037857,2.9713313579559326,4.742787837982178,-6.00073766708374,1.0,0.0,1.0,1.0,-0.023576144129037857,2.9713313579559326,4.742787837982178,-6.00073766708374,-0.01949332281947136,3.038118362426758,5.110200881958008,-7.399891376495361,0.00408285204321146,0.4070778489112854,1.2968909740447998,-1.4136972427368164,0.00408285204321146,0.4070778489112854,1.2968909740447998,-1.4136972427368164,0.4749999940395355,0.23499999940395355,0.2380952537059784,0.23157896101474762,0.7451469302177429,0.9833297729492188,12.562252044677734,0.4692746698856354,2.1347169876098633,-0.2548530399799347,0.9833297729492188,9
2,6,9,3,dispatch_decision_block,0.03351606801152229,0.021495439112186432,0.12254287302494049,0.0001791665272321552,1.0,0.0,1.0,1.0,-0.42222943902015686,0.5600543022155762,0.7761572003364563,-3.588310956954956,1.0,0.0,1.0,1.0,-0.42222943902015686,0.5600543022155762,0.7761572003364563,-3.588310956954956,-0.4185730218887329,0.649041473865509,1.0865755081176758,-3.8563387393951416,0.0036564194597303867,0.34978893399238586,1.148889422416687,-1.4383896589279175,0.0036564194597303867,0.34978893399238586,1.148889422416687,-1.4383896589279175,0.375,0.04999999701976776,0.058252427726984024,0.04123711213469505,0.6665995717048645,0.49512654542922974,2.627443552017212,0.07024652510881424,0.47362664341926575,-0.3334004580974579,0.49512654542922974,9
3,9,12,3,dispatch_decision_block,0.049532078206539154,0.01803169958293438,0.10359114408493042,0.014153600670397282,1.0,0.0,1.0,1.0,-0.5307877063751221,0.7719348669052124,0.5513801574707031,-3.0248911380767822,1.0,0.0,1.0,1.0,-0.5307877063751221,0.7719348669052124,0.5513801574707031,-3.0248911380767822,-0.5332995057106018,0.8030203580856323,0.8588179349899292,-3.214710235595703,-0.002511866856366396,0.23069630563259125,0.5859543085098267,-0.753441572189331,-0.002511866856366396,0.23069630563259125,0.5859543085098267,-0.753441572189331,0.2849999964237213,0.17499999701976776,0.1702127605676651,0.17924529314041138,0.7841740250587463,0.5311358571052551,2.820910930633545,0.03459065780043602,0.746371865272522,-0.21582596004009247,0.5311358571052551,9
4,12,15,3,dispatch_decision_block,0.05091286450624466,0.02058842033147812,0.14501164853572845,0.01925334706902504,1.0,0.0,1.0,1.0,-1.3378292322158813,3.563612699508667,3.477991819381714,-12.229121208190918,1.0,0.0,1.0,1.0,-1.3378292322158813,3.563612699508667,3.477991819381714,-12.229121208190918,-1.3423519134521484,3.60086989402771,3.559384822845459,-12.60464096069336,-0.004522579722106457,0.32802310585975647,1.4006212949752808,-1.2688267230987549,-0.004522579722106457,0.32802310585975647,1.4006212949752808,-1.2688267230987549,0.35499998927116394,0.3050000071525574,0.2978723347187042,0.3113207519054413,0.6469382047653198,0.624478280544281,3.4669294357299805,0.6534550189971924,2.658125400543213,-0.3530617952346802,0.624478280544281,9
5,15,18,3,dispatch_decision_block,0.03563550487160683,0.0269622765481472,0.12752202153205872,1.4501151213153207e-07,1.0,0.0,1.0,1.0,-0.2627706229686737,0.11427696794271469,0.2630874812602997,-0.4430764317512512,1.0,0.0,1.0,1.0,-0.2627706229686737,0.11427696794271469,0.2630874812602997,-0.4430764317512512,-0.2661674916744232,0.5270155072212219,1.1530488729476929,-1.7690801620483398,-0.0033968870993703604,0.5138986110687256,1.3935455083847046,-1.4749417304992676,-0.0033968870993703604,0.5138986110687256,1.3935455083847046,-1.4749417304992676,0.5550000071525574,0.05999999865889549,0.0824742242693901,0.03883495181798935,0.5334816575050354,0.48664337396621704,3.056785821914673,-0.0751694068312645,0.36854586005210876,-0.4665183126926422,0.48664331436157227,9
6,18,21,3,dispatch_decision_block,0.035518620163202286,0.0269253458827734,0.12488029897212982,1.4501151213153207e-07,1.0,0.0,1.0,1.0,-0.7417820692062378,0.47320282459259033,0.8764230012893677,-1.9324978590011597,1.0,0.0,1.0,1.0,-0.7417820692062378,0.47320282459259033,0.8764230012893677,-1.9324978590011597,-0.7416765689849854,0.6881784796714783,1.3367303609848022,-2.47464656829834,0.00010553240281296894,0.5081139206886292,1.5155445337295532,-1.4690892696380615,0.00010553240281296894,0.5081139206886292,1.5155445337295532,-1.4690892696380615,0.550000011920929,0.1550000011920929,0.11764706671237946,0.19387754797935486,0.6830688118934631,0.6139969229698181,4.258872985839844,-0.17153671383857727,0.7246846556663513,-0.3169311285018921,0.6139969229698181,9
7,21,24,3,dispatch_decision_block,0.04905489459633827,0.017138000577688217,0.12332240492105484,0.014889911748468876,1.0,0.0,1.0,1.0,-0.2071600705385208,1.5846291780471802,2.319661855697632,-3.880431890487671,1.0,0.0,1.0,1.0,-0.2071600705385208,1.5846291780471802,2.319661855697632,-3.880431890487671,-0.2142445296049118,1.6270277500152588,2.885011672973633,-4.523866653442383,-0.007084455341100693,0.27332836389541626,0.702420711517334,-0.8369858264923096,-0.007084455341100693,0.27332836389541626,0.702420711517334,-0.8369858264923096,0.3050000071525574,0.2750000059604645,0.31683167815208435,0.23232322931289673,0.6812413930892944,0.6093369126319885,4.839109420776367,0.1275024265050888,1.7510405778884888,-0.31875860691070557,0.6093369126319885,9
8,24,27,3,dispatch_decision_block,0.04297145828604698,0.018713543191552162,0.11098925769329071,0.014991960488259792,1.0,0.0,1.0,1.0,-0.08092819154262543,0.649091899394989,0.5243085622787476,-3.6862521171569824,1.0,0.0,1.0,1.0,-0.08092819154262543,0.649091899394989,0.5243085622787476,-3.6862521171569824,-0.08190511167049408,0.72577303647995,1.0329740047454834,-3.8097281455993652,-0.0009769208263605833,0.2532195448875427,0.7111143469810486,-0.7813456058502197,-0.0009769208263605833,0.2532195448875427,0.7111143469810486,-0.7813456058502197,0.22499999403953552,0.07499999552965164,0.07216494530439377,0.0776699036359787,0.7265416383743286,0.5721322894096375,3.0862081050872803,0.10788753628730774,0.45096322894096375,-0.2734582722187042,0.5721322894096375,9
9,27,30,3,dispatch_decision_block,0.03547772392630577,0.02492830529808998,0.12415950745344162,1.4501151213153207e-07,1.0,0.0,1.0,1.0,-0.1391793191432953,0.6759606003761292,1.7943201065063477,-2.725919723510742,1.0,0.0,1.0,1.0,-0.1391793191432953,0.6759606003761292,1.7943201065063477,-2.725919723510742,-0.1391889601945877,0.7860239148139954,2.3050951957702637,-2.5359108448028564,-9.628236512071453e-06,0.4619339406490326,1.4682929515838623,-1.4258977174758911,-9.628236512071453e-06,0.4619339406490326,1.4682929515838623,-1.4258977174758911,0.5199999809265137,0.17999999225139618,0.20588235557079315,0.15306122601032257,0.6899532675743103,0.5645935535430908,3.3503189086914062,-0.10145249217748642,0.7631642818450928,-0.31004664301872253,0.5645935535430908,9
10,30,33,3,dispatch_decision_block,0.03411172330379486,0.024828938767313957,0.11591596156358719,1.4501151213153207e-07,1.0,0.0,1.0,1.0,0.14507585763931274,0.9520707130432129,2.5726420879364014,-1.5291720628738403,1.0,0.0,1.0,1.0,0.14507585763931274,0.9520707130432129,2.5726420879364014,-1.5291720628738403,0.1326657235622406,1.1241105794906616,3.225113868713379,-2.3399720191955566,-0.012410132214426994,0.4860411286354065,1.5337635278701782,-1.4432399272918701,-0.012410132214426994,0.4860411286354065,1.5337635278701782,-1.4432399272918701,0.5450000166893005,0.2800000011920929,0.30392158031463623,0.2551020383834839,0.6849167346954346,0.5728302001953125,4.793174743652344,0.05478108301758766,1.8437349796295166,-0.31508323550224304,0.5728302001953125,9
11,33,36,3,dispatch_decision_block,0.04712873324751854,0.018233928829431534,0.10920830816030502,0.0009738818625919521,1.0,0.0,1.0,1.0,-0.22578716278076172,0.11500906199216843,0.39655616879463196,-0.5517982244491577,1.0,0.0,1.0,1.0,-0.22578716278076172,0.11500906199216843,0.39655616879463196,-0.5517982244491577,-0.22469928860664368,0.2482803761959076,0.5833799242973328,-0.8520000576972961,0.001087864045985043,0.2167564332485199,0.4521183967590332,-0.596836507320404,0.001087864045985043,0.2167564332485199,0.4521183967590332,-0.596836507320404,0.19499999284744263,0.07499999552965164,0.07000000029802322,0.07999999821186066,0.6179335117340088,0.5180738568305969,2.3052756786346436,-0.05999049171805382,0.28895509243011475,-0.3820664882659912,0.5180738568305969,9
12,36,39,3,dispatch_decision_block,0.05081234872341156,0.021719230338931084,0.10867516696453094,0.017560986801981926,1.0,0.0,1.0,1.0,-1.0948539972305298,1.7800607681274414,0.5177843570709229,-7.303298473358154,1.0,0.0,1.0,1.0,-1.0948539972305298,1.7800607681274414,0.5177843570709229,-7.303298473358154,-1.0939048528671265,1.804047703742981,0.9572144746780396,-7.361952304840088,0.0009490316733717918,0.2761983275413513,0.849346399307251,-0.7453581094741821,0.0009490316733717918,0.2761983275413513,0.849346399307251,-0.7453581094741821,0.32999998331069946,0.12999999523162842,0.1650485396385193,0.09278350323438644,0.7747716903686523,0.6299706101417542,4.854384422302246,0.06805137544870377,0.6561220288276672,-0.2252282351255417,0.6299706101417542,9
13,39,42,3,dispatch_decision_block,0.035035744309425354,0.022273104637861252,0.12737013399600983,0.0006596657913178205,1.0,0.0,1.0,1.0,-0.7419568300247192,1.7080703973770142,2.1141605377197266,-6.437750339508057,1.0,0.0,1.0,1.0,-0.7419568300247192,1.7080703973770142,2.1141605377197266,-6.437750339508057,-0.7514260411262512,1.791776180267334,2.518458366394043,-6.235694408416748,-0.00946924090385437,0.4231262803077698,1.4604980945587158,-1.3923780918121338,-0.00946924090385437,0.4231262803077698,1.4604980945587158,-1.3923780918121338,0.5,0.1850000023841858,0.25,0.11999999731779099,0.6187357306480408,0.5754974484443665,4.133773326873779,-0.12138887494802475,1.6992899179458618,-0.3812642991542816,0.5754974484443665,9
14,42,45,3,dispatch_decision_block,0.03544316813349724,0.021997418254613876,0.12671738862991333,0.0008550137281417847,1.0,0.0,1.0,1.0,-0.3546128273010254,0.15731821954250336,0.26530659198760986,-0.6865728497505188,1.0,0.0,1.0,1.0,-0.3546128273010254,0.15731821954250336,0.26530659198760986,-0.6865728497505188,-0.35318705439567566,0.40173548460006714,1.059391736984253,-1.4818209409713745,0.0014257964212447405,0.3606871962547302,1.107017159461975,-1.1471030712127686,0.0014257964212447405,0.3606871962547302,1.107017159461975,-1.1471030712127686,0.38999998569488525,0.054999999701976776,0.032967034727334976,0.07339449226856232,0.737209677696228,1.4181886911392212,17.529434204101562,-0.08817378431558609,0.31321948766708374,-0.2627902626991272,1.4181885719299316,9
15,45,48,3,dispatch_decision_block,0.05209628865122795,0.019864948466420174,0.11248962581157684,0.00803363136947155,1.0,0.0,1.0,1.0,-0.6240073442459106,0.9074206352233887,1.535726547241211,-1.9243028163909912,1.0,0.0,1.0,1.0,-0.6240073442459106,0.9074206352233887,1.535726547241211,-1.9243028163909912,-0.6218051910400391,0.9724442958831787,2.114321708679199,-2.3427889347076416,0.0022021308541297913,0.27684831619262695,0.8544461131095886,-0.7237861752510071,0.0022021308541297913,0.27684831619262695,0.8544461131095886,-0.7237861752510071,0.29499998688697815,0.22999998927116394,0.2142857164144516,0.2450980544090271,0.6126300692558289,0.7157627940177917,6.174916744232178,-0.04191286861896515,0.6370700001716614,-0.38736990094184875,0.7157627940177917,9
16,48,51,3,dispatch_decision_block,0.051216449588537216,0.022726191207766533,0.11907852441072464,0.01739637926220894,1.0,0.0,1.0,1.0,-0.7164655923843384,3.302334785461426,7.510941982269287,-5.30507755279541,1.0,0.0,1.0,1.0,-0.7164655923843384,3.302334785461426,7.510941982269287,-5.30507755279541,-0.725513219833374,3.337451934814453,7.910861968994141,-5.664478302001953,-0.009047596715390682,0.32275891304016113,0.9544625282287598,-0.9304037094116211,-0.009047596715390682,0.32275891304016113,0.9544625282287598,-0.9304037094116211,0.375,0.28999999165534973,0.29906541109085083,0.2795698940753937,0.6112191081047058,0.622083306312561,4.202812194824219,-0.8833847641944885,2.134753942489624,-0.388780802488327,0.622083306312561,9
17,51,54,3,dispatch_decision_block,0.035076454281806946,0.027473706752061844,0.13866545259952545,1.4501151213153207e-07,1.0,0.0,1.0,1.0,-0.41152071952819824,0.5194154381752014,2.3020131587982178,-0.9948044419288635,1.0,0.0,1.0,1.0,-0.41152071952819824,0.5194154381752014,2.3020131587982178,-0.9948044419288635,-0.4091513752937317,0.7715727090835571,2.84224009513855,-2.2152304649353027,0.0023693647235631943,0.5163885354995728,1.7192474603652954,-1.441093921661377,0.0023693647235631943,0.5163885354995728,1.7192474603652954,-1.441093921661377,0.5600000023841858,0.06499999761581421,0.06930693238973618,0.06060606241226196,0.5708104372024536,0.4635328948497772,2.4568545818328857,-0.16209033131599426,0.5163334608078003,-0.429189532995224,0.46353286504745483,9
18,54,57,3,dispatch_decision_block,0.03413810953497887,0.026595735922455788,0.12436480820178986,7.940145252405273e-08,1.0,0.0,1.0,1.0,-0.46464723348617554,0.8624626994132996,0.836600124835968,-3.230835437774658,1.0,0.0,1.0,1.0,-0.46464723348617554,0.8624626994132996,0.836600124835968,-3.230835437774658,-0.4676057696342468,1.024294376373291,1.946005940437317,-3.846827507019043,-0.002958518685773015,0.5316646695137024,1.8295124769210815,-1.4615123271942139,-0.002958518685773015,0.5316646695137024,1.8295124769210815,-1.4615123271942139,0.5699999928474426,0.1550000011920929,0.13131313025951385,0.178217813372612,0.7649575471878052,0.6005672812461853,3.5203776359558105,0.003988457378000021,0.6108214855194092,-0.23504237830638885,0.6005672812461853,9
19,57,60,3,dispatch_decision_block,0.04983372986316681,0.01793278381228447,0.09976214170455933,0.006282075308263302,1.0,0.0,1.0,1.0,-0.890390157699585,2.303079128265381,3.3889338970184326,-5.509609699249268,1.0,0.0,1.0,1.0,-0.890390157699585,2.303079128265381,3.3889338970184326,-5.509609699249268,-0.9011049270629883,2.3425674438476562,3.7641243934631348,-5.867806434631348,-0.01071480754762888,0.2897592782974243,0.851439356803894,-0.8660488128662109,-0.01071480754762888,0.2897592782974243,0.851439356803894,-0.8660488128662109,0.32499998807907104,0.22499999403953552,0.2673267424106598,0.1818181872367859,0.6472194790840149,0.7951374650001526,7.349256992340088,-0.09017406404018402,1.771912932395935,-0.3527805507183075,0.7951374650001526,9
20,60,63,3,dispatch_decision_block,0.04675726965069771,0.02156895585358143,0.13176903128623962,0.015871714800596237,1.0,0.0,1.0,1.0,-0.24620677530765533,0.4867183268070221,0.5235046148300171,-3.2220234870910645,1.0,0.0,1.0,1.0,-0.24620677530765533,0.4867183268070221,0.5235046148300171,-3.2220234870910645,-0.24467067420482635,0.5386551022529602,0.944624662399292,-3.0425329208374023,0.0015360877150669694,0.27326080203056335,0.9690029621124268,-1.007308006286621,0.0015360877150669694,0.27326080203056335,0.9690029621124268,-1.007308006286621,0.22999998927116394,0.09999999403953552,0.10891088843345642,0.09090909361839294,0.4823819696903229,0.5590153336524963,3.157479763031006,0.0335482619702816,0.4147336184978485,-0.5176180005073547,0.5590153336524963,9
21,63,66,3,dispatch_decision_block,0.03370987996459007,0.023519158363342285,0.1127857193350792,5.9010652364577254e-08,1.0,0.0,1.0,1.0,-0.7500767111778259,1.3109968900680542,1.1633325815200806,-4.540173053741455,1.0,0.0,1.0,1.0,-0.7500767111778259,1.3109968900680542,1.1633325815200806,-4.540173053741455,-0.7506840229034424,1.3440756797790527,1.2425475120544434,-5.2253031730651855,-0.0006073450786061585,0.41641417145729065,1.4126224517822266,-1.2485954761505127,-0.0006073450786061585,0.41641417145729065,1.4126224517822266,-1.2485954761505127,0.4749999940395355,0.20499999821186066,0.2604166865348816,0.1538461595773697,0.6831914186477661,0.6332297325134277,3.243220567703247,-0.10665778070688248,0.8367301225662231,-0.3168085515499115,0.6332297325134277,9
22,66,69,3,dispatch_decision_block,0.032950639724731445,0.02259325608611107,0.10087307542562485,1.4501151213153207e-07,1.0,0.0,1.0,1.0,-1.3459560871124268,2.870635747909546,3.2000527381896973,-7.26057767868042,1.0,0.0,1.0,1.0,-1.3459560871124268,2.870635747909546,3.2000527381896973,-7.26057767868042,-1.3339941501617432,2.915635824203491,3.4700050354003906,-7.703149795532227,0.01196192391216755,0.4268636107444763,1.442641258239746,-1.112540602684021,0.01196192391216755,0.4268636107444763,1.442641258239746,-1.112540602684021,0.5049999952316284,0.23999999463558197,0.3047619163990021,0.16842105984687805,0.6306334137916565,0.7353546619415283,5.9083051681518555,0.447111040353775,2.042955160140991,-0.3693665862083435,0.7353546619415283,9
23,69,72,3,dispatch_decision_block,0.046917714178562164,0.0175740085542202,0.136199489235878,0.00401697400957346,1.0,0.0,1.0,1.0,-0.624467134475708,0.2557205855846405,0.11139208823442459,-1.9739716053009033,1.0,0.0,1.0,1.0,-0.624467134475708,0.2557205855846405,0.11139208823442459,-1.9739716053009033,-0.6228275299072266,0.3229016065597534,0.33484071493148804,-2.0791196823120117,0.001639568479731679,0.20693770051002502,0.5248453617095947,-0.5680860877037048,0.001639568479731679,0.20693770051002502,0.5248453617095947,-0.5680860877037048,0.20499999821186066,0.054999999701976776,0.05154639109969139,0.058252427726984024,0.7290119528770447,0.8776116967201233,9.548069953918457,-0.012407439760863781,0.3955022692680359,-0.27098798751831055,0.8776116967201233,9
0,0,3,3,dispatch_decision_block,0.052713535726070404,0.021074121817946434,0.11481310427188873,0.014361980371177197,1.0,0.0,1.0,1.0,-0.8545246720314026,1.5177103281021118,0.8463838696479797,-5.975448131561279,1.0,0.0,1.0,1.0,-0.8545246720314026,1.5177103281021118,0.8463838696479797,-5.975448131561279,-0.8494105339050293,1.552066683769226,1.309780478477478,-6.715907573699951,0.005114140920341015,0.252395361661911,0.688937783241272,-0.9796290397644043,0.005114140920341015,0.252395361661911,0.688937783241272,-0.9796290397644043,0.22499999403953552,0.14000000059604645,0.1682242900133133,0.10752688348293304,0.7146610617637634,0.5690670013427734,3.3766558170318604,0.001150808297097683,0.5427170395851135,-0.2853388786315918,0.5690670609474182,10
1,3,6,3,dispatch_decision_block,0.03418787941336632,0.022878937423229218,0.11327292025089264,6.049298099242151e-05,1.0,0.0,1.0,1.0,0.5219812393188477,2.9998624324798584,5.651865482330322,-6.304444789886475,1.0,0.0,1.0,1.0,0.5219812393188477,2.9998624324798584,5.651865482330322,-6.304444789886475,0.5229105353355408,3.072862386703491,6.064196586608887,-8.006162643432617,0.0009292280301451683,0.46612998843193054,1.5310618877410889,-1.7034215927124023,0.0009292280301451683,0.46612998843193054,1.5310618877410889,-1.7034215927124023,0.5199999809265137,0.25999999046325684,0.2199999988079071,0.29999998211860657,0.6988832950592041,0.5275920629501343,3.5995490550994873,0.3323206901550293,1.7494792938232422,-0.3011167049407959,0.5275920629501343,10
2,6,9,3,dispatch_decision_block,0.0341472290456295,0.02209874987602234,0.11534981429576874,0.00016772100934758782,1.0,0.0,1.0,1.0,-0.11534873396158218,0.4749578833580017,0.3985380530357361,-3.7045679092407227,1.0,0.0,1.0,1.0,-0.11534873396158218,0.4749578833580017,0.3985380530357361,-3.7045679092407227,-0.10873569548130035,0.658381462097168,1.7074161767959595,-3.6651744842529297,0.006613046862185001,0.4276650547981262,1.5188652276992798,-1.4784314632415771,0.006613046862185001,0.4276650547981262,1.5188652276992798,-1.4784314632415771,0.5149999856948853,0.04999999701976776,0.05102040618658066,0.04901960864663124,0.8314944505691528,0.4957069158554077,3.2181079387664795,0.060716960579156876,0.4418911039829254,-0.16850551962852478,0.4957068860530853,10
3,9,12,3,dispatch_decision_block,0.05574103072285652,0.019523635506629944,0.11053144186735153,0.01488331239670515,1.0,0.0,1.0,1.0,-0.6614871025085449,1.1939048767089844,0.7336277365684509,-3.719052791595459,1.0,0.0,1.0,1.0,-0.6614871025085449,1.1939048767089844,0.7336277365684509,-3.719052791595459,-0.6574846506118774,1.230541467666626,1.1581233739852905,-4.026520252227783,0.004002416040748358,0.2364424616098404,0.8313119411468506,-0.64080810546875,0.004002416040748358,0.2364424616098404,0.8313119411468506,-0.64080810546875,0.2449999898672104,0.16499999165534973,0.16190476715564728,0.16842105984687805,0.6709304451942444,0.5050815939903259,3.2649502754211426,-0.10962449014186859,0.7991208434104919,-0.3290695548057556,0.5050816535949707,10
4,12,15,3,dispatch_decision_block,0.05239702761173248,0.01808357983827591,0.12013804912567139,0.02082885429263115,1.0,0.0,1.0,1.0,-0.795521080493927,3.355123519897461,3.942833185195923,-11.18478012084961,1.0,0.0,1.0,1.0,-0.795521080493927,3.355123519897461,3.942833185195923,-11.18478012084961,-0.8058211803436279,3.37302303314209,4.360312461853027,-11.257245063781738,-0.010300109162926674,0.31798866391181946,0.9385213255882263,-1.0359058380126953,-0.010300109162926674,0.31798866391181946,0.9385213255882263,-1.0359058380126953,0.3449999988079071,0.25999999046325684,0.30693069100379944,0.21212121844291687,0.6595878601074219,0.6371394395828247,5.506864070892334,0.42642438411712646,1.7130182981491089,-0.3404121696949005,0.6371394395828247,10
5,15,18,3,dispatch_decision_block,0.03465626761317253,0.024397196248173714,0.13724380731582642,7.108122372301295e-05,1.0,0.0,1.0,1.0,-0.7192415595054626,0.16254036128520966,0.30225011706352234,-0.9948415160179138,1.0,0.0,1.0,1.0,-0.7192415595054626,0.16254036128520966,0.30225011706352234,-0.9948415160179138,-0.7098760008811951,0.5199165940284729,1.0872730016708374,-2.04593563079834,0.009365515783429146,0.47849687933921814,1.6264097690582275,-1.2570548057556152,0.009365515783429146,0.47849687933921814,1.6264097690582275,-1.2570548057556152,0.5849999785423279,0.014999999664723873,0.020202020183205605,0.009900989942252636,0.8110079765319824,0.5585874319076538,3.409320116043091,-0.07221688330173492,0.35518768429756165,-0.1889919638633728,0.5585874319076538,10
6,18,21,3,dispatch_decision_block,0.03454800695180893,0.025838566944003105,0.13203167915344238,7.588485459564254e-06,1.0,0.0,1.0,1.0,-0.889790952205658,0.8377056121826172,1.5953598022460938,-3.4420430660247803,1.0,0.0,1.0,1.0,-0.889790952205658,0.8377056121826172,1.5953598022460938,-3.4420430660247803,-0.8857598900794983,1.0444616079330444,2.1877973079681396,-4.277188301086426,0.0040310281328856945,0.4807981252670288,1.7178353071212769,-1.2249654531478882,0.0040310281328856945,0.4807981252670288,1.7178353071212769,-1.2249654531478882,0.5349999666213989,0.22499999403953552,0.14705882966518402,0.30612245202064514,0.7450685501098633,1.553336262702942,20.40494155883789,-0.13398417830467224,0.7927943468093872,-0.25493136048316956,1.5533361434936523,10
7,21,24,3,dispatch_decision_block,0.052029743790626526,0.01785457879304886,0.10841944068670273,0.01327764056622982,1.0,0.0,1.0,1.0,0.09690604358911514,1.8268107175827026,2.9317855834960938,-4.192812442779541,1.0,0.0,1.0,1.0,0.09690604358911514,1.8268107175827026,2.9317855834960938,-4.192812442779541,0.10361481457948685,1.8549120426177979,3.170595169067383,-4.177435398101807,0.006708752829581499,0.2536660432815552,0.7637508511543274,-0.7206435203552246,0.006708752829581499,0.2536660432815552,0.7637508511543274,-0.7206435203552246,0.3100000023841858,0.26499998569488525,0.2795698940753937,0.25233644247055054,0.568660318851471,0.5374155640602112,4.01160192489624,0.111345574259758,2.1893675327301025,-0.43133971095085144,0.5374155640602112,10
8,24,27,3,dispatch_decision_block,0.04670015349984169,0.019987262785434723,0.10772767663002014,0.016201157122850418,1.0,0.0,1.0,1.0,-0.1874036341905594,0.43979719281196594,0.3352785110473633,-4.04848575592041,1.0,0.0,1.0,1.0,-0.1874036341905594,0.43979719281196594,0.3352785110473633,-4.04848575592041,-0.1870693415403366,0.5084294080734253,0.9538605213165283,-4.017677307128906,0.0003342926502227783,0.2892164885997772,0.8431161046028137,-0.7018346190452576,0.0003342926502227783,0.2892164885997772,0.8431161046028137,-0.7018346190452576,0.2849999964237213,0.02499999850988388,0.04210526496171951,0.009523809887468815,0.7691051363945007,0.4507152736186981,3.210392713546753,0.08426008373498917,0.5039286017417908,-0.23089484870433807,0.4507152736186981,10
9,27,30,3,dispatch_decision_block,0.03743039444088936,0.02509460598230362,0.144810289144516,0.0007847756496630609,1.0,0.0,1.0,1.0,-0.02977645769715309,0.8264461159706116,1.0079855918884277,-4.611799240112305,1.0,0.0,1.0,1.0,-0.02977645769715309,0.8264461159706116,1.0079855918884277,-4.611799240112305,-0.029406705871224403,1.0010371208190918,1.9996364116668701,-4.9597649574279785,0.00036975383409298956,0.48972728848457336,1.9048151969909668,-1.8166753053665161,0.00036975383409298956,0.48972728848457336,1.9048151969909668,-1.8166753053665161,0.5450000166893005,0.20499999821186066,0.20224718749523163,0.20720721781253815,0.728326678276062,0.7935363054275513,8.10922908782959,-0.024608321487903595,0.9686114192008972,-0.271673321723938,0.7935363054275513,10
10,30,33,3,dispatch_decision_block,0.036008547991514206,0.02467574179172516,0.13475298881530762,0.0005512961070053279,1.0,0.0,1.0,1.0,-0.05663422495126724,1.0085982084274292,2.4626104831695557,-1.8975070714950562,1.0,0.0,1.0,1.0,-0.05663422495126724,1.0085982084274292,2.4626104831695557,-1.8975070714950562,-0.06332951039075851,1.1372356414794922,3.619969367980957,-2.3987388610839844,-0.006695272400975227,0.5311741232872009,2.0587081909179688,-1.5405324697494507,-0.006695272400975227,0.5311741232872009,2.0587081909179688,-1.5405324697494507,0.574999988079071,0.3050000071525574,0.2934782803058624,0.31481480598449707,0.6035189628601074,0.6088520884513855,4.865047454833984,-0.02799517847597599,1.7559961080551147,-0.3964810073375702,0.6088520288467407,10
11,33,36,3,dispatch_decision_block,0.049938224256038666,0.018041476607322693,0.10017731785774231,0.01440489199012518,1.0,0.0,1.0,1.0,-0.3153739869594574,0.10766884684562683,0.13068248331546783,-0.7247793078422546,1.0,0.0,1.0,1.0,-0.3153739869594574,0.10766884684562683,0.13068248331546783,-0.7247793078422546,-0.30946284532546997,0.24830728769302368,0.3300619125366211,-0.9499135613441467,0.005911121144890785,0.23499992489814758,0.6253974437713623,-0.648916482925415,0.005911121144890785,0.23499992489814758,0.6253974437713623,-0.648916482925415,0.26999998092651367,0.054999999701976776,0.03669724613428116,0.07692307978868484,0.802664041519165,0.6135467886924744,4.980772018432617,-0.057487666606903076,0.3236190378665924,-0.19733600318431854,0.6135467886924744,10
12,36,39,3,dispatch_decision_block,0.05005193129181862,0.019318634644150734,0.10461662709712982,0.017012055963277817,1.0,0.0,1.0,1.0,-1.104230284690857,1.8565077781677246,0.7697765827178955,-7.048279285430908,1.0,0.0,1.0,1.0,-1.104230284690857,1.8565077781677246,0.7697765827178955,-7.048279285430908,-1.1024727821350098,1.8759108781814575,1.32855224609375,-6.654648303985596,0.0017574559897184372,0.267544150352478,0.9928154945373535,-0.8742190599441528,0.0017574559897184372,0.267544150352478,0.9928154945373535,-0.8742190599441528,0.25,0.125,0.1111111119389534,0.13861386477947235,0.719145655632019,0.5918135046958923,6.63789176940918,0.03931107744574547,0.757175624370575,-0.28085437417030334,0.5918135643005371,10
13,39,42,3,dispatch_decision_block,0.03256650269031525,0.020272521302103996,0.08366069942712784,0.000857153907418251,1.0,0.0,1.0,1.0,-0.3461765646934509,1.7480692863464355,2.5104494094848633,-6.042148590087891,1.0,0.0,1.0,1.0,-0.3461765646934509,1.7480692863464355,2.5104494094848633,-6.042148590087891,-0.34641990065574646,1.7992948293685913,2.845447301864624,-6.871273994445801,-0.00024328708241228014,0.38913848996162415,1.1006362438201904,-1.0227004289627075,-0.00024328708241228014,0.38913848996162415,1.1006362438201904,-1.0227004289627075,0.5249999761581421,0.26499998569488525,0.2857142686843872,0.2450980544090271,0.5936282873153687,0.611805260181427,3.9567558765411377,-0.1483309119939804,1.7501236200332642,-0.40637168288230896,0.6118053197860718,10
14,42,45,3,dispatch_decision_block,0.032647136598825455,0.02031078189611435,0.08503638207912445,0.00033016805537045,1.0,0.0,1.0,1.0,-0.004431139212101698,0.14755024015903473,0.6895931959152222,-0.5130580067634583,1.0,0.0,1.0,1.0,-0.004431139212101698,0.14755024015903473,0.6895931959152222,-0.5130580067634583,-0.005052181892096996,0.3900904357433319,1.046978235244751,-0.9997798204421997,-0.0006210434366948903,0.3384884297847748,0.9543081521987915,-0.8887572884559631,-0.0006210434366948903,0.3384884297847748,0.9543081521987915,-0.8887572884559631,0.4449999928474426,0.02499999850988388,0.030612245202064514,0.019607843831181526,0.7696372866630554,0.43415528535842896,2.749335289001465,-0.0855598971247673,0.32674890756607056,-0.23036271333694458,0.43415528535842896,10
15,45,48,3,dispatch_decision_block,0.05162350460886955,0.017060494050383568,0.10878543555736542,0.008488764055073261,1.0,0.0,1.0,1.0,-0.6611956357955933,0.7541409730911255,1.4761147499084473,-1.5397342443466187,1.0,0.0,1.0,1.0,-0.6611956357955933,0.7541409730911255,1.4761147499084473,-1.5397342443466187,-0.661768913269043,0.7755424380302429,1.7389843463897705,-2.0220718383789062,-0.0005732837016694248,0.24758407473564148,0.7752013802528381,-0.6347434520721436,-0.0005732837016694248,0.24758407473564148,0.7752013802528381,-0.6347434520721436,0.26499998569488525,0.11499999463558197,0.13265305757522583,0.09803921729326248,0.6492239236831665,0.6123594641685486,6.253940105438232,-0.08209311962127686,0.5031681060791016,-0.3507760167121887,0.6123594641685486,10
16,48,51,3,dispatch_decision_block,0.04281539469957352,0.019926201552152634,0.1045919805765152,0.01768314279615879,1.0,0.0,1.0,1.0,-0.747740626335144,2.9853811264038086,6.9603986740112305,-4.644767761230469,1.0,0.0,1.0,1.0,-0.747740626335144,2.9853811264038086,6.9603986740112305,-4.644767761230469,-0.7400384545326233,2.9967458248138428,7.225921630859375,-4.99334192276001,0.007702147588133812,0.2774065434932709,1.2047713994979858,-0.7705812454223633,0.007702147588133812,0.2774065434932709,1.2047713994979858,-0.7705812454223633,0.28999999165534973,0.22999998927116394,0.1764705926179886,0.2857142686843872,0.6814042329788208,0.49916872382164,2.4548659324645996,-0.597246527671814,1.4370026588439941,-0.31859567761421204,0.49916872382164,10
17,51,54,3,dispatch_decision_block,0.028824232518672943,0.022699875757098198,0.10355600714683533,6.970869037559169e-08,1.0,0.0,1.0,1.0,-0.2991810441017151,0.3592374622821808,2.643282175064087,-0.8035567998886108,1.0,0.0,1.0,1.0,-0.2991810441017151,0.3592374622821808,2.643282175064087,-0.8035567998886108,-0.2979869544506073,0.5427548885345459,2.3687894344329834,-1.843871831893921,0.0011940579861402512,0.41092273592948914,1.4924061298370361,-1.4039300680160522,0.0011940579861402512,0.41092273592948914,1.4924061298370361,-1.4039300680160522,0.4749999940395355,0.019999999552965164,0.020202020183205605,0.019801979884505272,0.7816944718360901,0.4665277302265167,2.3693037033081055,-0.1456064134836197,0.5222107172012329,-0.21830548346042633,0.46652770042419434,10
18,54,57,3,dispatch_decision_block,0.03249913454055786,0.023153092712163925,0.10444944351911545,6.970869037559169e-08,1.0,0.0,1.0,1.0,-1.062178134918213,1.3371682167053223,0.7160126566886902,-4.086251735687256,1.0,0.0,1.0,1.0,-1.062178134918213,1.3371682167053223,0.7160126566886902,-4.086251735687256,-1.0674790143966675,1.4305437803268433,1.9189202785491943,-4.734829902648926,-0.005300893448293209,0.4219706654548645,1.3057143688201904,-1.3926231861114502,-0.005300893448293209,0.4219706654548645,1.3057143688201904,-1.3926231861114502,0.429999977350235,0.22499999403953552,0.19417476654052734,0.25773194432258606,0.64711594581604,0.7338670492172241,7.456631660461426,-0.1414612978696823,1.1334316730499268,-0.35288408398628235,0.7338671088218689,10
19,57,60,3,dispatch_decision_block,0.047219231724739075,0.016229011118412018,0.09915740042924881,0.009656415320932865,1.0,0.0,1.0,1.0,-0.824232816696167,2.189204454421997,2.881359100341797,-4.7813401222229,1.0,0.0,1.0,1.0,-0.824232816696167,2.189204454421997,2.881359100341797,-4.7813401222229,-0.8362959027290344,2.2258996963500977,3.137907028198242,-5.300184726715088,-0.01206299290060997,0.3059874475002289,0.7557387351989746,-0.8481836915016174,-0.01206299290060997,0.3059874475002289,0.7557387351989746,-0.8481836915016174,0.3649999797344208,0.25999999046325684,0.2857142984867096,0.23157896101474762,0.6805959939956665,0.7052874565124512,4.750916004180908,-0.004280454944819212,1.7680326700210571,-0.3194040358066559,0.7052874565124512,10
20,60,63,3,dispatch_decision_block,0.045778464525938034,0.020365966483950615,0.1135377362370491,0.015888087451457977,1.0,0.0,1.0,1.0,-0.07656925916671753,0.2061171531677246,0.37275856733322144,-1.3386174440383911,1.0,0.0,1.0,1.0,-0.07656925916671753,0.2061171531677246,0.37275856733322144,-1.3386174440383911,-0.0768294483423233,0.29960212111473083,0.9263725280761719,-1.2626674175262451,-0.00026018856442533433,0.2492402344942093,0.8835325241088867,-0.6746767163276672,-0.00026018856442533433,0.2492402344942093,0.8835325241088867,-0.6746767163276672,0.19999998807907104,0.019999999552965164,0.030927833169698715,0.009708737954497337,0.7791865468025208,0.46128377318382263,2.4237756729125977,-0.009434433653950691,0.3099045157432556,-0.22081348299980164,0.46128377318382263,10
21,63,66,3,dispatch_decision_block,0.03353647142648697,0.022990982979536057,0.10665052384138107,6.970869037559169e-08,1.0,0.0,1.0,1.0,-0.865861177444458,1.5792096853256226,1.0121753215789795,-4.997560024261475,1.0,0.0,1.0,1.0,-0.865861177444458,1.5792096853256226,1.0121753215789795,-4.997560024261475,-0.870107114315033,1.6578460931777954,1.4411892890930176,-5.946347236633301,-0.0042459736578166485,0.45760464668273926,1.325181484222412,-1.362894058227539,-0.0042459736578166485,0.45760464668273926,1.325181484222412,-1.362894058227539,0.5699999928474426,0.17000000178813934,0.1553398072719574,0.1855670064687729,0.6636616587638855,0.5511184930801392,3.11458420753479,-0.08847276121377945,1.3349978923797607,-0.3363383710384369,0.5511184930801392,10
22,66,69,3,dispatch_decision_block,0.032312434166669846,0.02227565087378025,0.09651811420917511,6.970869037559169e-08,1.0,0.0,1.0,1.0,-0.74966961145401,3.143141031265259,3.5884974002838135,-7.035736083984375,1.0,0.0,1.0,1.0,-0.74966961145401,3.143141031265259,3.5884974002838135,-7.035736083984375,-0.760654866695404,3.2022318840026855,4.064075946807861,-7.758680820465088,-0.010985342785716057,0.45184484124183655,1.3362451791763306,-1.1094374656677246,-0.010985342785716057,0.45184484124183655,1.3362451791763306,-1.1094374656677246,0.5799999833106995,0.2549999952316284,0.2330097109079361,0.27835050225257874,0.5428475737571716,0.5227810740470886,2.787954330444336,0.2886493504047394,2.006060838699341,-0.457152396440506,0.5227810740470886,10
23,69,72,3,dispatch_decision_block,0.04962749406695366,0.01922900788486004,0.10753290355205536,0.00723944790661335,1.0,0.0,1.0,1.0,-0.468251496553421,0.1401800960302353,0.2280506193637848,-0.9987565875053406,1.0,0.0,1.0,1.0,-0.468251496553421,0.1401800960302353,0.2280506193637848,-0.9987565875053406,-0.46439093351364136,0.2786305844783783,0.5903279781341553,-1.2712186574935913,0.003860517404973507,0.2591795027256012,0.7950690388679504,-0.7725377678871155,0.003860517404973507,0.2591795027256012,0.7950690388679504,-0.7725377678871155,0.3050000071525574,0.03999999910593033,0.04901960864663124,0.030612245202064514,0.8345251083374023,0.5173130035400391,4.168349266052246,-0.037012241780757904,0.3579711616039276,-0.1654747873544693,0.5173130035400391,10
0,0,3,3,dispatch_decision_block,0.04648033529520035,0.018642883747816086,0.10661338269710541,0.01654639281332493,1.0,0.0,1.0,1.0,-0.4693511426448822,1.7645413875579834,1.4999512434005737,-6.635684490203857,1.0,0.0,1.0,1.0,-0.4693511426448822,1.7645413875579834,1.4999512434005737,-6.635684490203857,-0.4685162603855133,1.810498595237732,2.0400781631469727,-7.387669563293457,0.0008348256233148277,0.262072890996933,0.8411633968353271,-0.7687163949012756,0.0008348256233148277,0.262072890996933,0.8411633968353271,-0.7687163949012756,0.2549999952316284,0.125,0.12999999523162842,0.11999999731779099,0.808630108833313,0.5901075601577759,5.303989887237549,0.06640148907899857,0.5669718384742737,-0.19136984646320343,0.5901076197624207,11
1,3,6,3,dispatch_decision_block,0.03236577287316322,0.021999262273311615,0.09896286576986313,0.0004260670393705368,1.0,0.0,1.0,1.0,0.33311572670936584,3.443125009536743,5.817346572875977,-7.315340995788574,1.0,0.0,1.0,1.0,0.33311572670936584,3.443125009536743,5.817346572875977,-7.315340995788574,0.3176167607307434,3.5048651695251465,6.573953151702881,-7.902111053466797,-0.015498942695558071,0.47679421305656433,1.4898695945739746,-1.3680720329284668,-0.015498942695558071,0.47679421305656433,1.4898695945739746,-1.3680720329284668,0.5199999809265137,0.2549999952316284,0.2929292917251587,0.21782177686691284,0.725836455821991,1.5451511144638062,20.885549545288086,0.45828989148139954,2.578223466873169,-0.27416345477104187,1.5451511144638062,11
2,6,9,3,dispatch_decision_block,0.03343135118484497,0.022168075665831566,0.10516837984323502,0.0005400308291427791,1.0,0.0,1.0,1.0,0.3960902988910675,0.43317079544067383,0.993023157119751,-2.115548610687256,1.0,0.0,1.0,1.0,0.3960902988910675,0.43317079544067383,0.993023157119751,-2.115548610687256,0.3886343240737915,0.6434937119483948,2.0936167240142822,-2.4607667922973633,-0.007455968763679266,0.4263734221458435,1.4586174488067627,-1.4349055290222168,-0.007455968763679266,0.4263734221458435,1.4586174488067627,-1.4349055290222168,0.4949999749660492,0.02499999850988388,0.020618556067347527,0.029126213863492012,0.7779096961021423,0.6402169466018677,4.968909740447998,0.06977095454931259,0.4409511685371399,-0.22209033370018005,0.6402168869972229,11
3,9,12,3,dispatch_decision_block,0.04984733462333679,0.018236873671412468,0.10372184216976166,0.007396257482469082,1.0,0.0,1.0,1.0,-0.7159056663513184,0.9112860560417175,0.42986029386520386,-3.112978458404541,1.0,0.0,1.0,1.0,-0.7159056663513184,0.9112860560417175,0.42986029386520386,-3.112978458404541,-0.717942476272583,0.9586880803108215,0.8120760917663574,-3.7620506286621094,-0.002036863472312689,0.27003660798072815,0.8253054022789001,-0.8886511325836182,-0.002036863472312689,0.27003660798072815,0.8253054022789001,-0.8886511325836182,0.2800000011920929,0.2449999898672104,0.2708333432674408,0.2211538553237915,0.6079043745994568,0.5747109651565552,4.778024196624756,-0.019079692661762238,0.701086699962616,-0.3920956254005432,0.5747109651565552,11
4,12,15,3,dispatch_decision_block,0.047918226569890976,0.019097713753581047,0.10280107706785202,0.017980234697461128,1.0,0.0,1.0,1.0,-0.6262515783309937,3.0078508853912354,3.6569292545318604,-10.087809562683105,1.0,0.0,1.0,1.0,-0.6262515783309937,3.0078508853912354,3.6569292545318604,-10.087809562683105,-0.6370618939399719,3.0435471534729004,3.8040685653686523,-9.902226448059082,-0.010810313746333122,0.33977681398391724,1.8108351230621338,-0.7988739013671875,-0.010810313746333122,0.33977681398391724,1.8108351230621338,-0.7988739013671875,0.3449999988079071,0.28999999165534973,0.30927833914756775,0.27184465527534485,0.633085310459137,0.5608766078948975,5.424220561981201,0.3622733950614929,2.0978386402130127,-0.36691465973854065,0.5608766078948975,11
5,15,18,3,dispatch_decision_block,0.030082497745752335,0.021617673337459564,0.10849491506814957,0.0003950802783947438,1.0,0.0,1.0,1.0,-0.4641185998916626,0.11901719868183136,0.09481319785118103,-0.7001062035560608,1.0,0.0,1.0,1.0,-0.4641185998916626,0.11901719868183136,0.09481319785118103,-0.7001062035560608,-0.4574383497238159,0.44906723499298096,0.9531393051147461,-1.5299506187438965,0.006680302321910858,0.4285702109336853,1.3141591548919678,-1.064887523651123,0.006680302321910858,0.4285702109336853,1.3141591548919678,-1.064887523651123,0.5099999904632568,0.009999999776482582,0.01886792480945587,0.0,0.7448141574859619,0.8068763613700867,9.148759841918945,-0.07435107976198196,0.35361671447753906,-0.2551858425140381,0.8068763613700867,11
6,18,21,3,dispatch_decision_block,0.032462071627378464,0.022112896665930748,0.10018931329250336,8.337978840700089e-08,1.0,0.0,1.0,1.0,-1.025443434715271,0.841053307056427,1.2156577110290527,-3.255039691925049,1.0,0.0,1.0,1.0,-1.025443434715271,0.841053307056427,1.2156577110290527,-3.255039691925049,-1.026139497756958,0.9356705546379089,1.2968887090682983,-3.7471747398376465,-0.0006960594328120351,0.4478469789028168,1.1645704507827759,-1.055771827697754,-0.0006960594328120351,0.4478469789028168,1.1645704507827759,-1.055771827697754,0.5249999761581421,0.1899999976158142,0.17272727191448212,0.21111111342906952,0.6605924367904663,0.6385836005210876,6.674520492553711,-0.2174314707517624,1.0241509675979614,-0.3394075632095337,0.6385836005210876,11
7,21,24,3,dispatch_decision_block,0.05134224146604538,0.019504645839333534,0.12372610718011856,0.0041540153324604034,1.0,0.0,1.0,1.0,-0.5196070671081543,1.988046646118164,2.344137668609619,-4.82835578918457,1.0,0.0,1.0,1.0,-0.5196070671081543,1.988046646118164,2.344137668609619,-4.82835578918457,-0.5250690579414368,2.0191211700439453,2.604943037033081,-5.468867301940918,-0.005461961962282658,0.2735430598258972,0.7334301471710205,-0.7526448965072632,-0.005461961962282658,0.2735430598258972,0.7334301471710205,-0.7526448965072632,0.29999998211860657,0.3349999785423279,0.35849058628082275,0.3085106313228607,0.6624268889427185,1.098539113998413,14.013065338134766,0.24638789892196655,1.9017300605773926,-0.3375730812549591,1.098539113998413,11
8,24,27,3,dispatch_decision_block,0.04798109084367752,0.02339000068604946,0.11718086898326874,0.015130618587136269,1.0,0.0,1.0,1.0,0.03416541963815689,0.3956626057624817,0.5451067686080933,-1.6409871578216553,1.0,0.0,1.0,1.0,0.03416541963815689,0.3956626057624817,0.5451067686080933,-1.6409871578216553,0.03053695522248745,0.4715569019317627,1.038607120513916,-1.9706499576568604,-0.003628463950008154,0.2520079016685486,0.7873329520225525,-0.7394230365753174,-0.003628463950008154,0.2520079016685486,0.7873329520225525,-0.7394230365753174,0.19999998807907104,0.019999999552965164,0.031578950583934784,0.009523809887468815,0.7227187752723694,0.5301540493965149,3.875062942504883,0.06221066415309906,0.5700404644012451,-0.27728113532066345,0.5301540493965149,11
9,27,30,3,dispatch_decision_block,0.035003431141376495,0.026711437851190567,0.15636491775512695,9.394938871309932e-08,1.0,0.0,1.0,1.0,-0.001808501430787146,0.6566820740699768,0.8651321530342102,-4.126019477844238,1.0,0.0,1.0,1.0,-0.001808501430787146,0.6566820740699768,0.8651321530342102,-4.126019477844238,-0.006266431882977486,0.8124430179595947,1.8637487888336182,-5.114646911621094,-0.004457931034266949,0.42142030596733093,1.6401231288909912,-1.4972704648971558,-0.004457931034266949,0.42142030596733093,1.6401231288909912,-1.4972704648971558,0.4449999928474426,0.1850000023841858,0.2448979616165161,0.12745098769664764,0.6437190175056458,0.5267280340194702,2.833087682723999,-0.042932868003845215,0.8537353873252869,-0.35628095269203186,0.5267280340194702,11
10,30,33,3,dispatch_decision_block,0.03432073816657066,0.025146009400486946,0.14615248143672943,0.0005329782143235207,1.0,0.0,1.0,1.0,-0.42683157324790955,1.4472750425338745,2.1509475708007812,-3.549034833908081,1.0,0.0,1.0,1.0,-0.42683157324790955,1.4472750425338745,2.1509475708007812,-3.549034833908081,-0.43480581045150757,1.5478029251098633,2.9927358627319336,-4.469455718994141,-0.007974264211952686,0.43121853470802307,1.319559931755066,-1.7376079559326172,-0.007974264211952686,0.43121853470802307,1.319559931755066,-1.7376079559326172,0.5,0.3050000071525574,0.3636363744735718,0.24752475321292877,0.7780100703239441,1.665390968322754,20.50859832763672,0.06497304886579514,1.8910892009735107,-0.22198985517024994,1.665390968322754,11
11,33,36,3,dispatch_decision_block,0.049538951367139816,0.01741117052733898,0.11633855849504471,0.015066110529005527,1.0,0.0,1.0,1.0,-0.03303913399577141,0.0882723405957222,0.30929118394851685,-0.3813254237174988,1.0,0.0,1.0,1.0,-0.03303913399577141,0.0882723405957222,0.30929118394851685,-0.3813254237174988,-0.03331608697772026,0.23845264315605164,0.7921608686447144,-0.6477873921394348,-0.0002769455313682556,0.2234458327293396,0.6994017362594604,-0.5346766114234924,-0.0002769455313682556,0.2234458327293396,0.6994017362594604,-0.5346766114234924,0.23999999463558197,0.004999999888241291,0.01075268816202879,0.0,0.8172540664672852,0.5829582214355469,4.500823974609375,-0.06784247606992722,0.2320743352174759,-0.18274593353271484,0.5829582214355469,11
12,36,39,3,dispatch_decision_block,0.051178500056266785,0.0215443205088377,0.11446857452392578,0.01557088177651167,1.0,0.0,1.0,1.0,-0.7423127293586731,1.4503352642059326,0.6940057873725891,-6.301966190338135,1.0,0.0,1.0,1.0,-0.7423127293586731,1.4503352642059326,0.6940057873725891,-6.301966190338135,-0.7444753050804138,1.4714657068252563,1.3032933473587036,-6.557741641998291,-0.002162535209208727,0.30588358640670776,0.8186607360839844,-0.9857325553894043,-0.002162535209208727,0.30588358640670776,0.8186607360839844,-0.9857325553894043,0.32999998331069946,0.12999999523162842,0.1827957034111023,0.08411214500665665,0.8128529191017151,0.4909915626049042,2.7479894161224365,-0.03731609135866165,0.6900647878646851,-0.1871471405029297,0.49099159240722656,11
13,39,42,3,dispatch_decision_block,0.0320865660905838,0.023872366175055504,0.14440733194351196,0.00013943176600150764,1.0,0.0,1.0,1.0,-0.24434465169906616,1.8708726167678833,2.358063220977783,-5.081235408782959,1.0,0.0,1.0,1.0,-0.24434465169906616,1.8708726167678833,2.358063220977783,-5.081235408782959,-0.26339593529701233,1.9575258493423462,2.978496551513672,-5.147619247436523,-0.01905127428472042,0.45451775193214417,1.4660184383392334,-1.4945645332336426,-0.01905127428472042,0.45451775193214417,1.4660184383392334,-1.4945645332336426,0.5399999618530273,0.20499999821186066,0.21052631735801697,0.20000000298023224,0.5925130844116211,0.5493283271789551,2.5384132862091064,-0.24230223894119263,1.4672720432281494,-0.4074869155883789,0.5493283271789551,11
14,42,45,3,dispatch_decision_block,0.032375775277614594,0.023510832339525223,0.14446191489696503,0.00017045298591256142,1.0,0.0,1.0,1.0,0.05051029101014137,0.1275845617055893,0.6583214402198792,-0.29928797483444214,1.0,0.0,1.0,1.0,0.05051029101014137,0.1275845617055893,0.6583214402198792,-0.29928797483444214,0.0497138574719429,0.4640800356864929,1.8668608665466309,-1.431154727935791,-0.0007964253309182823,0.41877660155296326,1.611611247062683,-1.5263078212738037,-0.0007964253309182823,0.41877660155296326,1.611611247062683,-1.5263078212738037,0.5,0.009999999776482582,0.010101010091602802,0.009900989942252636,0.7554962038993835,0.5423532128334045,5.555669784545898,-0.09446028620004654,0.2567903995513916,-0.2445037066936493,0.5423532128334045,11
15,45,48,3,dispatch_decision_block,0.05250920355319977,0.02051449939608574,0.11820901185274124,0.010954760015010834,1.0,0.0,1.0,1.0,-0.7430313229560852,0.7407343983650208,1.0893875360488892,-1.7105960845947266,1.0,0.0,1.0,1.0,-0.7430313229560852,0.7407343983650208,1.0893875360488892,-1.7105960845947266,-0.7443202137947083,0.795998215675354,2.3501224517822266,-2.1373543739318848,-0.0012889307690784335,0.2992419898509979,1.3125426769256592,-1.173893690109253,-0.0012889307690784335,0.2992419898509979,1.3125426769256592,-1.173893690109253,0.3100000023841858,0.16499999165534973,0.17592592537403107,0.15217392146587372,0.7504087090492249,1.1448049545288086,15.28416919708252,-0.08561857044696808,0.4494471251964569,-0.24959130585193634,1.1448049545288086,11
16,48,51,3,dispatch_decision_block,0.049649428576231,0.02117352932691574,0.1043630987405777,0.018923476338386536,1.0,0.0,1.0,1.0,-0.6442708969116211,2.830505132675171,5.230809211730957,-4.566505432128906,1.0,0.0,1.0,1.0,-0.6442708969116211,2.830505132675171,5.230809211730957,-4.566505432128906,-0.662648618221283,2.8224070072174072,5.420333385467529,-4.630337715148926,-0.018377680331468582,0.32150888442993164,0.8857377767562866,-1.0856393575668335,-0.018377680331468582,0.32150888442993164,0.8857377767562866,-1.0856393575668335,0.29499998688697815,0.29499998688697815,0.2884615361690521,0.3020833432674408,0.5320096611976624,0.6130034327507019,5.028130531311035,-0.5484030842781067,1.9756401777267456,-0.46799033880233765,0.6130034327507019,11
17,51,54,3,dispatch_decision_block,0.03608546778559685,0.026751317083835602,0.1267137974500656,0.00017475282947998494,1.0,0.0,1.0,1.0,-0.19083724915981293,0.262683242559433,0.9629327058792114,-0.7652938365936279,1.0,0.0,1.0,1.0,-0.19083724915981293,0.262683242559433,0.9629327058792114,-0.7652938365936279,-0.18534472584724426,0.5457517504692078,1.6999037265777588,-1.607480525970459,0.005492529831826687,0.4688868224620819,1.4809856414794922,-1.3610962629318237,0.005492529831826687,0.4688868224620819,1.4809856414794922,-1.3610962629318237,0.5149999856948853,0.014999999664723873,0.009345794096589088,0.02150537632405758,0.7709359526634216,0.47780025005340576,2.2652323246002197,-0.13557372987270355,0.4628392159938812,-0.22906407713890076,0.47780025005340576,11
18,54,57,3,dispatch_decision_block,0.035481709986925125,0.02740578167140484,0.12572081387043,0.0002478088717907667,1.0,0.0,1.0,1.0,-0.6306431293487549,1.405030608177185,0.801457941532135,-4.684886455535889,1.0,0.0,1.0,1.0,-0.6306431293487549,1.405030608177185,0.801457941532135,-4.684886455535889,-0.6336323618888855,1.4978057146072388,1.7115731239318848,-5.152429103851318,-0.0029891496524214745,0.4957594573497772,1.679485559463501,-1.4426312446594238,-0.0029891496524214745,0.4957594573497772,1.679485559463501,-1.4426312446594238,0.5299999713897705,0.16499999165534973,0.20192308723926544,0.125,0.7356367111206055,0.689059317111969,5.3258209228515625,-0.12291952967643738,0.8713120222091675,-0.26436325907707214,0.689059317111969,11
19,57,60,3,dispatch_decision_block,0.05071267858147621,0.016018299385905266,0.097291000187397,0.020540954545140266,1.0,0.0,1.0,1.0,-0.9828639030456543,2.519984006881714,3.2381389141082764,-5.143112659454346,1.0,0.0,1.0,1.0,-0.9828639030456543,2.519984006881714,3.2381389141082764,-5.143112659454346,-0.9874163866043091,2.5473921298980713,3.465937376022339,-5.601810455322266,-0.004552566912025213,0.2705419957637787,0.8250951766967773,-1.0424821376800537,-0.004552566912025213,0.2705419957637787,0.8250951766967773,-1.0424821376800537,0.3050000071525574,0.2849999964237213,0.31313130259513855,0.2574257254600525,0.49165502190589905,0.5195292234420776,2.9990735054016113,0.02052909880876541,1.399186611175537,-0.5083449482917786,0.5195292234420776,11
20,60,63,3,dispatch_decision_block,0.047003086656332016,0.02155693806707859,0.12011533230543137,0.01796070672571659,1.0,0.0,1.0,1.0,-0.10002639889717102,0.1401357352733612,0.1749531626701355,-0.728337287902832,1.0,0.0,1.0,1.0,-0.10002639889717102,0.1401357352733612,0.1749531626701355,-0.728337287902832,-0.09901094436645508,0.29726704955101013,0.7561436891555786,-0.923022985458374,0.0010154526680707932,0.281058669090271,0.8317374587059021,-0.8204375505447388,0.0010154526680707932,0.281058669090271,0.8317374587059021,-0.8204375505447388,0.2449999898672104,0.014999999664723873,0.020202020183205605,0.009900989942252636,0.7765948176383972,0.7458215355873108,6.698241233825684,-0.04939602315425873,0.25207987427711487,-0.2234051525592804,0.7458215355873108,11
21,63,66,3,dispatch_decision_block,0.037767648696899414,0.027387570589780807,0.1494414508342743,6.6210773752573e-08,1.0,0.0,1.0,1.0,-0.6515849232673645,1.7268390655517578,1.37330961227417,-6.520751476287842,1.0,0.0,1.0,1.0,-0.6515849232673645,1.7268390655517578,1.37330961227417,-6.520751476287842,-0.667556881904602,1.8425705432891846,1.8760240077972412,-7.096641540527344,-0.01597204990684986,0.5339945554733276,1.3283710479736328,-1.5460567474365234,-0.01597204990684986,0.5339945554733276,1.3283710479736328,-1.5460567474365234,0.574999988079071,0.1899999976158142,0.22999998927116394,0.14999999105930328,0.6821528673171997,0.6099210381507874,4.338282585144043,-0.07151782512664795,0.9144958853721619,-0.3178471326828003,0.6099210381507874,11
22,66,69,3,dispatch_decision_block,0.03747301176190376,0.02697400003671646,0.15641604363918304,6.6210773752573e-08,1.0,0.0,1.0,1.0,-0.7319287061691284,3.9278500080108643,4.924293041229248,-7.976687431335449,1.0,0.0,1.0,1.0,-0.7319287061691284,3.9278500080108643,4.924293041229248,-7.976687431335449,-0.7371886372566223,4.036560535430908,5.731879234313965,-8.79317569732666,-0.005259884987026453,0.561522364616394,1.3650107383728027,-1.4654531478881836,-0.005259884987026453,0.561522364616394,1.3650107383728027,-1.4654531478881836,0.6049999594688416,0.23999999463558197,0.28282827138900757,0.19801980257034302,0.6162402629852295,0.5804629921913147,3.999462127685547,0.4949793219566345,2.670457363128662,-0.38375967741012573,0.5804629921913147,11
23,69,72,3,dispatch_decision_block,0.046902868896722794,0.016457876190543175,0.0939028337597847,0.008464219979941845,1.0,0.0,1.0,1.0,-0.28586500883102417,0.09885949641466141,0.1827671229839325,-0.583228588104248,1.0,0.0,1.0,1.0,-0.28586500883102417,0.09885949641466141,0.1827671229839325,-0.583228588104248,-0.28399723768234253,0.24828952550888062,0.596505343914032,-0.7464931011199951,0.0018677847692742944,0.2388431578874588,0.6671974658966064,-0.5693132281303406,0.0018677847692742944,0.2388431578874588,0.6671974658966064,-0.5693132281303406,0.22999998927116394,0.009999999776482582,0.019999999552965164,0.0,0.8123849034309387,0.5010278224945068,2.6487858295440674,-0.052231673151254654,0.3045903444290161,-0.18761511147022247,0.5010278224945068,11
