probe_index,sensor_id,task_name,old_top1_choice,new_top1_choice,top1_changed,old_sampled_choice,new_sampled_choice,sampled_changed,old_top1_prob,new_top1_prob,top1_prob_delta,decision_kl,decision_l1,old_local_prob,new_local_prob,old_BS1_prob,new_BS1_prob,old_BS2_prob,new_BS2_prob
0,S1,LatCrit,local,local,0,local,local,0,0.6114832162857056,0.6467883586883545,0.035305142402648926,0.002790907397866249,0.07061028480529785,0.6114832162857056,0.6467883586883545,0.06680005043745041,0.05773290619254112,0.3217167556285858,0.2954787611961365
0,S1,ComHvy,local,local,0,local,local,0,0.7570531368255615,0.7574992179870605,0.00044608116149902344,0.007910413667559624,0.062142662703990936,0.7570531368255615,0.7574992179870605,0.15124915540218353,0.12017784267663956,0.09169767051935196,0.1223229393362999
0,S1,BWHvy,local,local,0,local,local,0,0.8314809799194336,0.9073588252067566,0.075877845287323,0.0287860669195652,0.15175564587116241,0.8314809799194336,0.9073588252067566,0.0648283138871193,0.03939298540353775,0.10369067639112473,0.05324820429086685
0,S2,LatCrit,BS2,BS2,0,BS2,BS2,0,0.47056347131729126,0.5095192193984985,0.038955748081207275,0.01914963498711586,0.1633247286081314,0.23872101306915283,0.28142762184143066,0.2907155156135559,0.2090531438589096,0.47056347131729126,0.5095192193984985
0,S2,ComHvy,local,local,0,local,local,0,0.621019721031189,0.5303456783294678,-0.09067404270172119,0.03236230090260506,0.23780807852745056,0.621019721031189,0.5303456783294678,0.2909396290779114,0.40984368324279785,0.08804062753915787,0.05981064215302467
0,S2,BWHvy,local,local,0,local,local,0,0.6929960250854492,0.7907052040100098,0.09770917892456055,0.035095859318971634,0.19541838765144348,0.6929960250854492,0.7907052040100098,0.22223539650440216,0.17195448279380798,0.0847686231136322,0.037340328097343445
0,S3,LatCrit,local,local,0,local,local,0,0.656804621219635,0.6838806867599487,0.02707606554031372,0.006921784020960331,0.05415207892656326,0.656804621219635,0.6838806867599487,0.03806685283780098,0.020220885053277016,0.3051285147666931,0.2958984673023224
0,S3,ComHvy,BS2,BS2,0,local,local,0,0.41840818524360657,0.5241391062736511,0.10573092103004456,0.07180774211883545,0.2965390682220459,0.28565073013305664,0.3281893730163574,0.2959410846233368,0.14767156541347504,0.41840818524360657,0.5241391062736511
0,S3,BWHvy,local,local,0,local,local,0,0.7236115336418152,0.8557644486427307,0.13215291500091553,0.05849485099315643,0.26430583000183105,0.7236115336418152,0.8557644486427307,0.08442599326372147,0.046047959476709366,0.19196248054504395,0.09818761050701141
0,S4,LatCrit,local,local,0,local,local,0,0.9056328535079956,0.9337705373764038,0.028137683868408203,0.005980190820991993,0.056275349110364914,0.9056328535079956,0.9337705373764038,0.04581138491630554,0.034689296036958694,0.048555757850408554,0.03154018148779869
0,S4,ComHvy,local,local,0,local,local,0,0.7709903120994568,0.7648807764053345,-0.0061095356941223145,0.0006530061364173889,0.023221947252750397,0.7709903120994568,0.7648807764053345,0.07626727968454361,0.07076583802700043,0.152742400765419,0.1643533706665039
0,S4,BWHvy,local,local,0,local,local,0,0.7342103719711304,0.850711464881897,0.1165010929107666,0.045392364263534546,0.23300214111804962,0.7342103719711304,0.850711464881897,0.12128886580467224,0.06516934931278229,0.1445007175207138,0.08411918580532074
0,S5,LatCrit,local,local,0,local,local,0,0.8372372388839722,0.8710070848464966,0.033769845962524414,0.00874784030020237,0.06753969192504883,0.8372372388839722,0.8710070848464966,0.049051884561777115,0.02671714872121811,0.11371086537837982,0.10227575153112411
0,S5,ComHvy,local,local,0,local,local,0,0.6110556721687317,0.6238535642623901,0.012797892093658447,0.002018153201788664,0.025595834478735924,0.6110556721687317,0.6238535642623901,0.3820720314979553,0.3731112480163574,0.006872300524264574,0.003035140922293067
0,S5,BWHvy,local,local,0,local,local,0,0.7898210287094116,0.8895328044891357,0.09971177577972412,0.04159911349415779,0.19942352175712585,0.7898210287094116,0.8895328044891357,0.1508248746395111,0.08190351724624634,0.05935407057404518,0.02856367640197277
0,S6,LatCrit,local,local,0,local,local,0,0.5673907995223999,0.6274806261062622,0.060089826583862305,0.01872674562036991,0.12017969787120819,0.5673907995223999,0.6274806261062622,0.059207722544670105,0.026667922735214233,0.3734015226364136,0.34585145115852356
0,S6,ComHvy,local,BS1,1,local,BS1,1,0.48294782638549805,0.45044904947280884,-0.03249877691268921,0.036053333431482315,0.26040613651275635,0.48294782638549805,0.4021340012550354,0.32024598121643066,0.45044904947280884,0.19680622220039368,0.14741696417331696
0,S6,BWHvy,local,local,0,local,local,0,0.7788863778114319,0.891761839389801,0.11287546157836914,0.05272900313138962,0.22575095295906067,0.7788863778114319,0.891761839389801,0.1271771639585495,0.06445010006427765,0.09393647313117981,0.04378804564476013
0,S7,LatCrit,local,local,0,local,local,0,0.9337235689163208,0.951320469379425,0.017596900463104248,0.00696792546659708,0.03519383817911148,0.9337235689163208,0.951320469379425,0.04184185341000557,0.038122642785310745,0.02443460375070572,0.010556877590715885
0,S7,ComHvy,BS2,BS2,0,local,local,0,0.5342874526977539,0.5289944410324097,-0.005293011665344238,0.01020090002566576,0.055641211569309235,0.4224681258201599,0.4502887725830078,0.0432443805038929,0.020716829225420952,0.5342874526977539,0.5289944410324097
0,S7,BWHvy,local,local,0,local,local,0,0.7089127898216248,0.8505680561065674,0.14165526628494263,0.0658467710018158,0.2833104729652405,0.7089127898216248,0.8505680561065674,0.15807463228702545,0.08696453273296356,0.1330125629901886,0.06246744468808174
0,S8,LatCrit,local,local,0,local,local,0,0.8143582344055176,0.8354487419128418,0.02109050750732422,0.0025910288095474243,0.04218105971813202,0.8143582344055176,0.8354487419128418,0.011189702898263931,0.006326829548925161,0.1744520664215088,0.15822438895702362
0,S8,ComHvy,BS1,BS1,0,BS1,BS1,0,0.7159087061882019,0.7855578064918518,0.0696491003036499,0.015008481219410896,0.139298215508461,0.2584471106529236,0.200903058052063,0.7159087061882019,0.7855578064918518,0.0256442129611969,0.01353914849460125
0,S8,BWHvy,local,local,0,local,local,0,0.8429380059242249,0.9279390573501587,0.08500105142593384,0.043082721531391144,0.17000213265419006,0.8429380059242249,0.9279390573501587,0.048293739557266235,0.02721608430147171,0.1087682768702507,0.0448448546230793
1,S1,LatCrit,local,local,0,local,local,0,0.5504122972488403,0.645548939704895,0.09513664245605469,0.019335493445396423,0.1902732253074646,0.5504122972488403,0.645548939704895,0.17266248166561127,0.1310678869485855,0.2769252061843872,0.22338321805000305
1,S1,ComHvy,local,local,0,local,local,0,0.8966917991638184,0.9103777408599854,0.013685941696166992,0.011887201108038425,0.060445647686719894,0.8966917991638184,0.9103777408599854,0.08249131590127945,0.05226849019527435,0.020816858857870102,0.03735373914241791
1,S1,BWHvy,local,local,0,BS2,local,1,0.3862314224243164,0.46438413858413696,0.07815271615982056,0.013485772535204887,0.1563054621219635,0.3862314224243164,0.46438413858413696,0.31199318170547485,0.25651025772094727,0.30177539587020874,0.2791055738925934
1,S2,LatCrit,BS1,BS1,0,BS1,BS2,1,0.512706458568573,0.39112383127212524,-0.12158262729644775,0.03163459897041321,0.24316518008708954,0.24511563777923584,0.28322869539260864,0.512706458568573,0.39112383127212524,0.24217794835567474,0.3256474435329437
1,S2,ComHvy,local,local,0,local,local,0,0.8614672422409058,0.8085854649543762,-0.05288177728652954,0.012136219069361687,0.11253590136766434,0.8614672422409058,0.8085854649543762,0.12085781991481781,0.1771257519721985,0.017674967646598816,0.01428877655416727
1,S2,BWHvy,BS1,BS1,0,BS1,BS1,0,0.49476364254951477,0.6114548444747925,0.11669120192527771,0.05330248177051544,0.2333824336528778,0.2986546754837036,0.28646647930145264,0.49476364254951477,0.6114548444747925,0.206581711769104,0.10207867622375488
1,S3,LatCrit,local,BS2,1,BS2,BS2,0,0.406924843788147,0.5081673860549927,0.1012425422668457,0.03489118814468384,0.24346545338630676,0.406924843788147,0.3549566864967346,0.20664049685001373,0.1368759423494339,0.3864346444606781,0.5081673860549927
1,S3,ComHvy,local,local,0,local,local,0,0.6760479211807251,0.7667059898376465,0.09065806865692139,0.06724186986684799,0.18131616711616516,0.6760479211807251,0.7667059898376465,0.1228400468826294,0.03698481619358063,0.2011120617389679,0.1963091939687729
1,S3,BWHvy,BS2,local,1,BS2,BS2,0,0.44395220279693604,0.3898032307624817,-0.054148972034454346,0.017055794596672058,0.1787201166152954,0.3296152353286743,0.3898032307624817,0.22643256187438965,0.25560462474823,0.44395220279693604,0.35459214448928833
1,S4,LatCrit,local,local,0,BS1,local,1,0.4785723090171814,0.5713133811950684,0.09274107217788696,0.036846064031124115,0.2549344003200531,0.4785723090171814,0.5713133811950684,0.45424026250839233,0.3267730474472046,0.06718742102384567,0.10191353410482407
1,S4,ComHvy,local,local,0,local,local,0,0.7899796366691589,0.7692341208457947,-0.020745515823364258,0.001438559964299202,0.04338447377085686,0.7899796366691589,0.7692341208457947,0.005979618057608604,0.005032891873270273,0.2040407508611679,0.2257329821586609
1,S4,BWHvy,BS1,local,1,BS1,BS2,1,0.37154722213745117,0.39140284061431885,0.019855618476867676,0.02053857408463955,0.17748677730560303,0.30265945196151733,0.39140284061431885,0.37154722213745117,0.2940426766872406,0.3257933259010315,0.31455448269844055
1,S5,LatCrit,local,local,0,local,local,0,0.45443928241729736,0.5440138578414917,0.08957457542419434,0.04794185236096382,0.1791490763425827,0.45443928241729736,0.5440138578414917,0.11471951007843018,0.04369165003299713,0.4308411777019501,0.41229453682899475
1,S5,ComHvy,BS1,BS1,0,local,local,0,0.6243513822555542,0.6768661141395569,0.052514731884002686,0.01108199916779995,0.10502945631742477,0.3632027506828308,0.3193274140357971,0.6243513822555542,0.6768661141395569,0.012445843778550625,0.003806455060839653
1,S5,BWHvy,local,local,0,BS1,local,1,0.41665321588516235,0.4847455620765686,0.06809234619140625,0.012499228119850159,0.1361847221851349,0.41665321588516235,0.4847455620765686,0.4159221947193146,0.3907928168773651,0.16742461919784546,0.12446161359548569
1,S6,LatCrit,BS2,BS2,0,BS2,BS2,0,0.7188954949378967,0.7626796364784241,0.043784141540527344,0.03000854328274727,0.1389489620923996,0.14151906967163086,0.16720938682556152,0.1395854651927948,0.07011096179485321,0.7188954949378967,0.7626796364784241
1,S6,ComHvy,BS1,BS1,0,BS1,BS1,0,0.6365945935249329,0.715865433216095,0.07927083969116211,0.014721510000526905,0.1585417538881302,0.2996346354484558,0.23355191946029663,0.6365945935249329,0.715865433216095,0.06377080082893372,0.05058259889483452
1,S6,BWHvy,BS1,local,1,BS2,BS1,1,0.46150147914886475,0.4596356153488159,-0.0018658638000488281,0.034880898892879486,0.25328779220581055,0.33299171924591064,0.4596356153488159,0.46150147914886475,0.39164039492607117,0.2055068165063858,0.14872398972511292
1,S7,LatCrit,local,local,0,local,local,0,0.6363217830657959,0.7935770153999329,0.15725523233413696,0.07117025554180145,0.31451043486595154,0.6363217830657959,0.7935770153999329,0.3030581474304199,0.18417595326900482,0.060620080679655075,0.022247055545449257
1,S7,ComHvy,local,local,0,local,local,0,0.6460477709770203,0.6527565121650696,0.006708741188049316,0.004092525225132704,0.01341748982667923,0.6460477709770203,0.6527565121650696,0.010214012116193771,0.0035888587590306997,0.34373822808265686,0.3436546325683594
1,S7,BWHvy,BS2,local,1,BS2,BS1,1,0.3663972020149231,0.4123792052268982,0.0459820032119751,0.030040539801120758,0.20929059386253357,0.31997746229171753,0.4123792052268982,0.31362536549568176,0.3258689045906067,0.3663972020149231,0.2617518901824951
1,S8,LatCrit,local,local,0,local,local,0,0.6262321472167969,0.6471490859985352,0.02091693878173828,0.03459896147251129,0.14004960656166077,0.6262321472167969,0.6471490859985352,0.13177558779716492,0.061750803142786026,0.2419922649860382,0.2911001443862915
1,S8,ComHvy,BS1,BS1,0,BS1,BS1,0,0.9354998469352722,0.9699395895004272,0.03443974256515503,0.016099056228995323,0.06887942552566528,0.03544574975967407,0.01434326171875,0.9354998469352722,0.9699395895004272,0.02905438281595707,0.01571718603372574
1,S8,BWHvy,BS2,local,1,BS2,BS2,0,0.3948143720626831,0.4148010015487671,0.019986629486083984,0.03125404566526413,0.21961233019828796,0.3049948215484619,0.4148010015487671,0.3001907765865326,0.28958362340927124,0.3948143720626831,0.29561537504196167
2,S1,LatCrit,local,local,0,local,local,0,0.7965335845947266,0.8112691640853882,0.014735579490661621,0.0018460731953382492,0.02947114408016205,0.7965335845947266,0.8112691640853882,0.0580880381166935,0.04514317587018013,0.14537836611270905,0.14358766376972198
2,S1,ComHvy,BS1,BS1,0,BS1,BS1,0,0.5438512563705444,0.6822153329849243,0.13836407661437988,0.04254778474569321,0.27672818303108215,0.4357021450996399,0.30738747119903564,0.5438512563705444,0.6822153329849243,0.02044663205742836,0.010397185571491718
2,S1,BWHvy,local,local,0,local,local,0,0.46366965770721436,0.5015647411346436,0.0378950834274292,0.0029054153710603714,0.0757901519536972,0.46366965770721436,0.5015647411346436,0.2982821464538574,0.27986958622932434,0.23804819583892822,0.2185656875371933
2,S2,LatCrit,local,local,0,local,local,0,0.6784572601318359,0.671944797039032,-0.006512463092803955,0.004956889897584915,0.06145729869604111,0.6784572601318359,0.671944797039032,0.12202978134155273,0.09781358391046524,0.19951298832893372,0.23024162650108337
2,S2,ComHvy,local,local,0,local,local,0,0.8478688597679138,0.8800520300865173,0.032183170318603516,0.012869002297520638,0.06436634808778763,0.8478688597679138,0.8800520300865173,0.10928145796060562,0.10171626508235931,0.04284970462322235,0.018231719732284546
2,S2,BWHvy,local,BS1,1,BS1,BS1,0,0.43404215574264526,0.4925781786441803,0.058536022901535034,0.0213322713971138,0.15119631588459015,0.43404215574264526,0.4153646230697632,0.41697999835014343,0.4925781786441803,0.14897781610488892,0.09205721318721771
2,S3,LatCrit,BS2,BS2,0,BS2,BS2,0,0.6382709741592407,0.7318388223648071,0.0935678482055664,0.04394882917404175,0.1871356964111328,0.22644305229187012,0.2099897861480713,0.13528600335121155,0.05817142874002457,0.6382709741592407,0.7318388223648071
2,S3,ComHvy,local,BS2,1,BS1,BS2,1,0.3626794219017029,0.47793683409690857,0.11525741219520569,0.045853085815906525,0.2719348669052124,0.3626794219017029,0.3276051878929138,0.29535120725631714,0.1944580078125,0.34196940064430237,0.47793683409690857
2,S3,BWHvy,local,local,0,local,local,0,0.4798956513404846,0.49776679277420044,0.01787114143371582,0.003981504589319229,0.07260440289974213,0.4798956513404846,0.49776679277420044,0.28153109550476074,0.2999621629714966,0.23857325315475464,0.20227105915546417
2,S4,LatCrit,BS1,local,1,local,local,0,0.4252968430519104,0.5273722410202026,0.10207539796829224,0.03788669407367706,0.25877645611763,0.42219841480255127,0.5273722410202026,0.4252968430519104,0.2959086000919342,0.15250474214553833,0.17671912908554077
2,S4,ComHvy,local,local,0,local,local,0,0.7513211965560913,0.7577300667762756,0.006408870220184326,0.0004021341446787119,0.012817752547562122,0.7513211965560913,0.7577300667762756,0.014762898907065392,0.011778616346418858,0.23391592502593994,0.23049132525920868
2,S4,BWHvy,local,local,0,local,local,0,0.6437972187995911,0.6833958625793457,0.03959864377975464,0.004492451902478933,0.07919727265834808,0.6437972187995911,0.6833958625793457,0.19313152134418488,0.16014990210533142,0.16307124495506287,0.15645423531532288
2,S5,LatCrit,local,local,0,local,local,0,0.7635447978973389,0.7715688943862915,0.008024096488952637,0.00037485623033717275,0.016048215329647064,0.7635447978973389,0.7715688943862915,0.09905815869569778,0.09115752577781677,0.13739706575870514,0.13727357983589172
2,S5,ComHvy,BS1,BS1,0,BS1,BS1,0,0.7105211615562439,0.7759484648704529,0.06542730331420898,0.04243604838848114,0.19845232367515564,0.21610790491104126,0.11688172817230225,0.7105211615562439,0.7759484648704529,0.07337092608213425,0.10716976970434189
2,S5,BWHvy,local,local,0,local,local,0,0.5669211149215698,0.6053265333175659,0.038405418395996094,0.0030608130618929863,0.07681085914373398,0.5669211149215698,0.6053265333175659,0.2979240417480469,0.2723909020423889,0.1351548433303833,0.12228254228830338
2,S6,LatCrit,BS2,BS2,0,BS2,BS2,0,0.4751119613647461,0.46799278259277344,-0.007119178771972656,0.003041340969502926,0.05976231396198273,0.34088343381881714,0.31812143325805664,0.18400464951992035,0.21388578414916992,0.4751119613647461,0.46799278259277344
2,S6,ComHvy,BS1,BS1,0,BS1,BS1,0,0.5938506722450256,0.43151819705963135,-0.1623324751853943,0.05340363830327988,0.3246649503707886,0.11785143613815308,0.15448462963104248,0.5938506722450256,0.43151819705963135,0.2882979214191437,0.41399720311164856
2,S6,BWHvy,local,local,0,BS2,BS2,0,0.4799516201019287,0.5429865121841431,0.06303489208221436,0.01970471814274788,0.17580705881118774,0.4799516201019287,0.5429865121841431,0.3282422423362732,0.2403387427330017,0.1918061077594757,0.2166747748851776
2,S7,LatCrit,local,local,0,local,local,0,0.7429882287979126,0.8049278259277344,0.06193959712982178,0.01385995838791132,0.12387917935848236,0.7429882287979126,0.8049278259277344,0.24377483129501343,0.18992477655410767,0.01323691662400961,0.005147385876625776
2,S7,ComHvy,local,local,0,local,local,0,0.8815685510635376,0.8968353271484375,0.015266776084899902,0.0014932043850421906,0.030533576384186745,0.8815685510635376,0.8968353271484375,0.0006971179391257465,0.00021010969066992402,0.11773435026407242,0.10295455902814865
2,S7,BWHvy,local,local,0,local,local,0,0.5188689827919006,0.5241258144378662,0.005256831645965576,0.007010672241449356,0.07663340121507645,0.5188689827919006,0.5241258144378662,0.16260023415088654,0.12428352981805801,0.318530797958374,0.35159066319465637
2,S8,LatCrit,local,local,0,local,local,0,0.8228510618209839,0.8452237248420715,0.022372663021087646,0.01609143614768982,0.05276928097009659,0.8228510618209839,0.8452237248420715,0.04122511297464371,0.01484046969562769,0.135923832654953,0.13993580639362335
2,S8,ComHvy,BS1,BS1,0,BS1,BS1,0,0.9088227152824402,0.9426276087760925,0.033804893493652344,0.011395761743187904,0.06760979443788528,0.048792123794555664,0.03704780340194702,0.9088227152824402,0.9426276087760925,0.04238511994481087,0.02032453939318657
2,S8,BWHvy,local,local,0,local,local,0,0.5137845277786255,0.5714253187179565,0.057640790939331055,0.007711255922913551,0.11528154462575912,0.5137845277786255,0.5714253187179565,0.14145082235336304,0.11252713948488235,0.3447645902633667,0.3160475194454193
3,S1,LatCrit,local,local,0,local,local,0,0.5774039030075073,0.5565791130065918,-0.020824790000915527,0.0055708810687065125,0.08554549515247345,0.5774039030075073,0.5565791130065918,0.2239181399345398,0.2019701898097992,0.1986779272556305,0.24145068228244781
3,S1,ComHvy,local,local,0,local,local,0,0.6647675633430481,0.5921738743782043,-0.07259368896484375,0.024866707623004913,0.17781378328800201,0.6647675633430481,0.5921738743782043,0.02533411793410778,0.009020905010402203,0.309898316860199,0.3988052010536194
3,S1,BWHvy,local,local,0,local,local,0,0.6203353404998779,0.6755120754241943,0.055176734924316406,0.008606253191828728,0.1103534996509552,0.6203353404998779,0.6755120754241943,0.2020799219608307,0.15672986209392548,0.17758479714393616,0.16775809228420258
3,S2,LatCrit,local,local,0,local,local,0,0.7092345952987671,0.6732889413833618,-0.03594565391540527,0.003599325194954872,0.07189123332500458,0.7092345952987671,0.6732889413833618,0.1466505229473114,0.15427444875240326,0.1441149115562439,0.17243656516075134
3,S2,ComHvy,local,local,0,local,local,0,0.8326761722564697,0.9118227958679199,0.0791466236114502,0.03435984253883362,0.15829326212406158,0.8326761722564697,0.9118227958679199,0.07454489916563034,0.031462159007787704,0.09277890622615814,0.056715015321969986
3,S2,BWHvy,local,local,0,local,local,0,0.5547974109649658,0.5628944635391235,0.008097052574157715,0.00013367971405386925,0.016194045543670654,0.5547974109649658,0.5628944635391235,0.22893351316452026,0.22516001760959625,0.21626903116703033,0.2119455337524414
3,S3,LatCrit,local,local,0,BS1,local,1,0.4728526473045349,0.49911439418792725,0.026261746883392334,0.018310900777578354,0.15761688351631165,0.4728526473045349,0.49911439418792725,0.4027884006500244,0.3239799737930298,0.12435896694660187,0.17690567672252655
3,S3,ComHvy,BS1,BS1,0,BS1,BS1,0,0.7799690365791321,0.7857349514961243,0.0057659149169921875,0.0026941229589283466,0.024090781807899475,0.03655129671096802,0.024505913257598877,0.7799690365791321,0.7857349514961243,0.1834796816110611,0.18975916504859924
3,S3,BWHvy,local,local,0,local,local,0,0.4377078413963318,0.4976111650466919,0.05990332365036011,0.007259093225002289,0.11980661749839783,0.4377078413963318,0.4976111650466919,0.2158609926700592,0.18924134969711304,0.346431165933609,0.31314751505851746
3,S4,LatCrit,local,local,0,local,local,0,0.7710263729095459,0.790856122970581,0.019829750061035156,0.002205018885433674,0.04885013401508331,0.7710263729095459,0.790856122970581,0.19930247962474823,0.17487742006778717,0.02967112325131893,0.03426644578576088
3,S4,ComHvy,local,local,0,local,local,0,0.7696213722229004,0.7351521253585815,-0.03446924686431885,0.02912835031747818,0.15352261066436768,0.7696213722229004,0.7351521253585815,0.111881323158741,0.18864260613918304,0.1184973269701004,0.07620523869991302
3,S4,BWHvy,local,local,0,BS1,local,1,0.44493287801742554,0.49292224645614624,0.0479893684387207,0.009808216243982315,0.11923812329769135,0.44493287801742554,0.49292224645614624,0.289241760969162,0.2296227067708969,0.2658253610134125,0.27745506167411804
3,S5,LatCrit,local,local,0,local,local,0,0.5135220289230347,0.5432753562927246,0.02975332736968994,0.009413067251443863,0.06019541993737221,0.5135220289230347,0.5432753562927246,0.07372462004423141,0.04362689331173897,0.4127533435821533,0.41309770941734314
3,S5,ComHvy,local,local,0,local,local,0,0.5289556980133057,0.5130994915962219,-0.01585620641708374,0.01105390302836895,0.08231131732463837,0.5289556980133057,0.5130994915962219,0.41733884811401367,0.45849448442459106,0.05370548367500305,0.02840600721538067
3,S5,BWHvy,local,local,0,local,local,0,0.6125767230987549,0.640621542930603,0.028044819831848145,0.0017100516706705093,0.056089624762535095,0.6125767230987549,0.640621542930603,0.20739519596099854,0.19055353105068207,0.18002808094024658,0.1688249409198761
3,S6,LatCrit,BS2,BS2,0,BS2,BS2,0,0.5138830542564392,0.6597906351089478,0.14590758085250854,0.06414049863815308,0.2918151617050171,0.2720046043395996,0.2357446551322937,0.2141123265028,0.10446470230817795,0.5138830542564392,0.6597906351089478
3,S6,ComHvy,BS1,BS1,0,BS1,BS1,0,0.6624311804771423,0.7023343443870544,0.03990316390991211,0.03117147833108902,0.13084867596626282,0.21631735563278198,0.2418385148048401,0.6624311804771423,0.7023343443870544,0.12125146389007568,0.05582711100578308
3,S6,BWHvy,local,local,0,local,local,0,0.5200517773628235,0.516222357749939,-0.0038294196128845215,0.0028704367578029633,0.05118173360824585,0.5200517773628235,0.516222357749939,0.34369635581970215,0.3692871928215027,0.13625189661979675,0.11449041962623596
3,S7,LatCrit,local,local,0,local,local,0,0.5247399806976318,0.6199554204940796,0.09521543979644775,0.028024822473526,0.1904308944940567,0.5247399806976318,0.6199554204940796,0.10703429579734802,0.05716676637530327,0.36822572350502014,0.32287779450416565
3,S7,ComHvy,local,local,0,local,local,0,0.7015137076377869,0.6954338550567627,-0.00607985258102417,0.04159637540578842,0.150274395942688,0.7015137076377869,0.6954338550567627,0.1656080186367035,0.24074523150920868,0.13287827372550964,0.06382094323635101
3,S7,BWHvy,local,local,0,local,local,0,0.5783554911613464,0.5832206010818481,0.004865109920501709,0.027909405529499054,0.1344052255153656,0.5783554911613464,0.5832206010818481,0.2702982723712921,0.3326357901096344,0.15134623646736145,0.08414363116025925
3,S8,LatCrit,BS1,BS1,0,BS1,BS1,0,0.45545241236686707,0.4070276618003845,-0.048424750566482544,0.00595488678663969,0.0968494713306427,0.3052820563316345,0.3514246344566345,0.45545241236686707,0.4070276618003845,0.239265576004982,0.24154771864414215
3,S8,ComHvy,local,local,0,local,local,0,0.7651503682136536,0.81730717420578,0.052156805992126465,0.018648488447070122,0.10995789617300034,0.7651503682136536,0.81730717420578,0.12776097655296326,0.0727820172905922,0.10708866268396378,0.10991079360246658
3,S8,BWHvy,local,local,0,BS1,local,1,0.42397385835647583,0.47926002740859985,0.05528616905212402,0.006580490618944168,0.11057232320308685,0.42397385835647583,0.47926002740859985,0.4025716781616211,0.3730084300041199,0.17345446348190308,0.14773155748844147
4,S1,LatCrit,BS2,BS2,0,BS2,BS2,0,0.6352846026420593,0.6699866056442261,0.03470200300216675,0.007207687944173813,0.07937826216220856,0.21127164363861084,0.21625876426696777,0.15344375371932983,0.11375461518764496,0.6352846026420593,0.6699866056442261
4,S1,ComHvy,BS2,BS2,0,BS2,BS2,0,0.5533851385116577,0.7357457280158997,0.18236058950424194,0.11001846194267273,0.3647212088108063,0.33968496322631836,0.23667460680007935,0.10692990571260452,0.027579648420214653,0.5533851385116577,0.7357457280158997
4,S1,BWHvy,local,local,0,local,local,0,0.5240864753723145,0.5603072643280029,0.03622078895568848,0.005381681025028229,0.08550472557544708,0.5240864753723145,0.5603072643280029,0.2235974371433258,0.23012901842594147,0.25231611728668213,0.20956376194953918
4,S2,LatCrit,local,local,0,local,local,0,0.7096714973449707,0.7677692174911499,0.0580977201461792,0.009034857153892517,0.11619540303945541,0.7096714973449707,0.7677692174911499,0.0854223370552063,0.0703415647149086,0.2049061506986618,0.1618892401456833
4,S2,ComHvy,local,local,0,BS1,BS1,0,0.4761926531791687,0.48604851961135864,0.009855866432189941,0.05004151910543442,0.15352201461791992,0.4761926531791687,0.48604851961135864,0.40273040533065796,0.469635546207428,0.12107690423727036,0.04431590437889099
4,S2,BWHvy,local,local,0,local,BS1,1,0.5664870738983154,0.5578715801239014,-0.008615493774414062,0.017481941729784012,0.11103515326976776,0.5664870738983154,0.5578715801239014,0.31662097573280334,0.3721385598182678,0.11689191311597824,0.06998983770608902
4,S3,LatCrit,BS2,BS2,0,BS2,BS2,0,0.5343431234359741,0.46815335750579834,-0.06618976593017578,0.016718022525310516,0.1638268530368805,0.23381954431533813,0.3157329559326172,0.23183734714984894,0.21611367166042328,0.5343431234359741,0.46815335750579834
4,S3,ComHvy,local,local,0,local,local,0,0.4735446572303772,0.5386808514595032,0.06513619422912598,0.01137782633304596,0.13027240335941315,0.4735446572303772,0.5386808514595032,0.33056187629699707,0.31247514486312866,0.19589345157146454,0.14884397387504578
4,S3,BWHvy,local,local,0,local,local,0,0.5375545024871826,0.5834558010101318,0.04590129852294922,0.007945630699396133,0.09584055840969086,0.5375545024871826,0.5834558010101318,0.24107326567173004,0.24309225380420685,0.22137223184108734,0.1734519600868225
4,S4,LatCrit,local,local,0,local,local,0,0.7692070007324219,0.8474345207214355,0.07822751998901367,0.029885023832321167,0.15645499527454376,0.7692070007324219,0.8474345207214355,0.1562226265668869,0.08250832557678223,0.07457033544778824,0.07005716115236282
4,S4,ComHvy,local,local,0,local,local,0,0.6206081509590149,0.6050518751144409,-0.015556275844573975,0.007043585181236267,0.08791519701480865,0.6206081509590149,0.6050518751144409,0.18215709924697876,0.22611470520496368,0.19723474979400635,0.1688334345817566
4,S4,BWHvy,local,local,0,local,local,0,0.5383714437484741,0.5688953399658203,0.03052389621734619,0.0026487261056900024,0.06104782223701477,0.5383714437484741,0.5688953399658203,0.15960514545440674,0.13745012879371643,0.30202341079711914,0.29365450143814087
4,S5,LatCrit,BS2,BS2,0,BS2,BS2,0,0.803152322769165,0.8551082611083984,0.0519559383392334,0.030022431164979935,0.10391182452440262,0.12856268882751465,0.12147247791290283,0.06828496605157852,0.023419290781021118,0.803152322769165,0.8551082611083984
4,S5,ComHvy,local,local,0,BS1,local,1,0.5981813669204712,0.6289541721343994,0.030772805213928223,0.0023814153391867876,0.06154562532901764,0.5981813669204712,0.6289541721343994,0.3968352973461151,0.36799782514572144,0.004983318503946066,0.003047971986234188
4,S5,BWHvy,local,local,0,local,local,0,0.5510646104812622,0.5963258743286133,0.045261263847351074,0.005071256309747696,0.09052252769470215,0.5510646104812622,0.5963258743286133,0.2710956633090973,0.2558721601963043,0.1778397560119629,0.14780199527740479
4,S6,LatCrit,local,local,0,local,local,0,0.629511296749115,0.7003582715988159,0.07084697484970093,0.012205637991428375,0.14169391989707947,0.629511296749115,0.7003582715988159,0.06772636622190475,0.062188878655433655,0.30276232957839966,0.23745286464691162
4,S6,ComHvy,local,local,0,local,local,0,0.7987605333328247,0.7640997171401978,-0.03466081619262695,0.004958161152899265,0.06932162493467331,0.7987605333328247,0.7640997171401978,0.08210315555334091,0.11057477444410324,0.11913629621267319,0.12532548606395721
4,S6,BWHvy,BS1,BS1,0,BS1,BS1,0,0.4294191002845764,0.4421088397502899,0.012689739465713501,0.0024810172617435455,0.04898732900619507,0.4133017659187317,0.4251056909561157,0.4294191002845764,0.4421088397502899,0.1572791039943695,0.13278543949127197
4,S7,LatCrit,local,local,0,local,local,0,0.5815870761871338,0.5492013692855835,-0.03238570690155029,0.012622712180018425,0.11603745818138123,0.5815870761871338,0.5492013692855835,0.1227475255727768,0.1807662397623062,0.2956653833389282,0.2700323462486267
4,S7,ComHvy,local,local,0,local,local,0,0.7038520574569702,0.6906530857086182,-0.01319897174835205,0.0035484712570905685,0.05748544633388519,0.7038520574569702,0.6906530857086182,0.08460287749767303,0.06905911862850189,0.21154506504535675,0.24028778076171875
4,S7,BWHvy,local,local,0,local,local,0,0.5819786190986633,0.6041887998580933,0.02221018075942993,0.009805060923099518,0.08442188799381256,0.5819786190986633,0.6041887998580933,0.28685685992240906,0.3068575859069824,0.1311645358800888,0.08895355463027954
4,S8,LatCrit,BS2,BS2,0,BS2,BS2,0,0.5765779614448547,0.6110790967941284,0.03450113534927368,0.006301224231719971,0.06983935832977295,0.13870662450790405,0.10378694534301758,0.2847154438495636,0.2851339876651764,0.5765779614448547,0.6110790967941284
4,S8,ComHvy,local,local,0,local,local,0,0.5905778408050537,0.5872252583503723,-0.0033525824546813965,0.00029908050782978535,0.007868140935897827,0.5905778408050537,0.5872252583503723,0.385242223739624,0.3846607208251953,0.024179944768548012,0.02811400033533573
4,S8,BWHvy,local,local,0,local,local,0,0.5721209645271301,0.6216954588890076,0.04957449436187744,0.01189015805721283,0.11995016038417816,0.5721209645271301,0.6216954588890076,0.19946548342704773,0.20986607670783997,0.22841353714466095,0.16843846440315247
5,S1,LatCrit,BS2,BS2,0,BS2,BS2,0,0.6610579490661621,0.6901774406433105,0.029119491577148438,0.00200485996901989,0.05823895335197449,0.2511061429977417,0.231947124004364,0.08783592283725739,0.07787548005580902,0.6610579490661621,0.6901774406433105
5,S1,ComHvy,BS2,BS2,0,BS2,BS2,0,0.7114137411117554,0.7668640613555908,0.05545032024383545,0.0677109956741333,0.11090067774057388,0.2366747260093689,0.22705066204071045,0.05191156268119812,0.006085267756134272,0.7114137411117554,0.7668640613555908
5,S1,BWHvy,local,local,0,local,local,0,0.6295857429504395,0.6453381776809692,0.015752434730529785,0.00261812936514616,0.0545215904712677,0.6295857429504395,0.6453381776809692,0.19932042062282562,0.17205962538719177,0.17109385132789612,0.18260221183300018
5,S2,LatCrit,local,local,0,local,local,0,0.5853675603866577,0.6392831802368164,0.05391561985015869,0.05519583821296692,0.18695643544197083,0.5853675603866577,0.6392831802368164,0.15437471866607666,0.06089648976922035,0.2602577209472656,0.29982030391693115
5,S2,ComHvy,local,local,0,local,local,0,0.5284979343414307,0.5064256191253662,-0.022072315216064453,0.01722283661365509,0.12683440744876862,0.5284979343414307,0.5064256191253662,0.37106332182884216,0.3297184407711029,0.1004386842250824,0.1638558954000473
5,S2,BWHvy,local,local,0,local,local,0,0.7447161674499512,0.6875400543212891,-0.05717611312866211,0.014521720819175243,0.14151756465435028,0.7447161674499512,0.6875400543212891,0.1937284767627716,0.26448726654052734,0.06155531853437424,0.0479726567864418
5,S3,LatCrit,BS2,BS2,0,BS2,BS2,0,0.4766858220100403,0.5024011731147766,0.025715351104736328,0.00283103808760643,0.051430679857730865,0.4092135429382324,0.404147744178772,0.11410064995288849,0.0934511199593544,0.4766858220100403,0.5024011731147766
5,S3,ComHvy,local,local,0,local,local,0,0.7907003164291382,0.9034554958343506,0.1127551794052124,0.06291799992322922,0.22551041841506958,0.7907003164291382,0.9034554958343506,0.0792609304189682,0.025637688115239143,0.130038782954216,0.07090679556131363
5,S3,BWHvy,local,local,0,local,local,0,0.8201887607574463,0.8199928402900696,-0.00019592046737670898,0.005469290539622307,0.044334299862384796,0.8201887607574463,0.8199928402900696,0.08301036804914474,0.10517753660678864,0.09680086374282837,0.07482965290546417
5,S4,LatCrit,local,local,0,local,local,0,0.5229148864746094,0.5834705829620361,0.06055569648742676,0.024127576500177383,0.1942541003227234,0.5229148864746094,0.5834705829620361,0.35748499631881714,0.26035797595977783,0.11960006505250931,0.15617144107818604
5,S4,ComHvy,local,BS1,1,BS1,BS1,0,0.4895033836364746,0.5569870471954346,0.06748366355895996,0.13269290328025818,0.45034950971603394,0.4895033836364746,0.376137912273407,0.3318122923374176,0.5569870471954346,0.1786843091249466,0.06687504053115845
5,S4,BWHvy,local,local,0,local,local,0,0.8527958393096924,0.8570563197135925,0.0042604804039001465,7.843668572604656e-05,0.008520986884832382,0.8527958393096924,0.8570563197135925,0.057909827679395676,0.05680594593286514,0.08929436653852463,0.08613774180412292
5,S5,LatCrit,BS2,BS2,0,BS2,BS2,0,0.6786856651306152,0.6780238747596741,-0.0006617903709411621,0.005822634790092707,0.05312685668468475,0.22698450088500977,0.25354790687561035,0.09432986378669739,0.06842820346355438,0.6786856651306152,0.6780238747596741
5,S5,ComHvy,BS1,BS1,0,BS1,BS1,0,0.7827839255332947,0.8355677127838135,0.0527837872505188,0.016472743824124336,0.10556760430335999,0.1959170699119568,0.1579563021659851,0.7827839255332947,0.8355677127838135,0.02129899151623249,0.0064759450033307076
5,S5,BWHvy,local,local,0,local,local,0,0.7940948605537415,0.8000822067260742,0.005987346172332764,0.001191780436784029,0.027684077620506287,0.7940948605537415,0.8000822067260742,0.13318490982055664,0.1193428635597229,0.07272020727396011,0.0805748924612999
5,S6,LatCrit,local,local,0,local,local,0,0.7281190156936646,0.7954339981079102,0.0673149824142456,0.027770236134529114,0.15663069486618042,0.7281190156936646,0.7954339981079102,0.18131889402866364,0.10300350934267044,0.0905621200799942,0.10156246274709702
5,S6,ComHvy,local,local,0,local,local,0,0.91390460729599,0.8573541641235352,-0.056550443172454834,0.017787691205739975,0.11310093104839325,0.91390460729599,0.8573541641235352,0.02656763792037964,0.028422627598047256,0.05952772870659828,0.11422322690486908
5,S6,BWHvy,local,local,0,local,local,0,0.6411353945732117,0.6559633016586304,0.014827907085418701,0.0036110486835241318,0.05021549016237259,0.6411353945732117,0.6559633016586304,0.24424517154693604,0.25452500581741333,0.11461944133043289,0.0895116925239563
5,S7,LatCrit,local,local,0,local,local,0,0.5223397612571716,0.6127811670303345,0.09044140577316284,0.016958195716142654,0.1808827817440033,0.5223397612571716,0.6127811670303345,0.3644980490207672,0.298904150724411,0.11316217482089996,0.08831469714641571
5,S7,ComHvy,local,local,0,local,local,0,0.5669327974319458,0.6890444159507751,0.12211161851882935,0.0918850302696228,0.3529919981956482,0.5669327974319458,0.6890444159507751,0.07627124339342117,0.13065561652183533,0.3567959666252136,0.18029996752738953
5,S7,BWHvy,local,local,0,local,local,0,0.7426290512084961,0.7309097647666931,-0.011719286441802979,0.027237705886363983,0.12393034994602203,0.7426290512084961,0.7309097647666931,0.14750570058822632,0.20947086811065674,0.10986526310443878,0.059619370847940445
5,S8,LatCrit,local,local,0,local,local,0,0.759446382522583,0.7712292671203613,0.01178288459777832,0.0015760557726025581,0.031206540763378143,0.759446382522583,0.7712292671203613,0.09531626105308533,0.07971297949552536,0.14523738622665405,0.1490577608346939
5,S8,ComHvy,BS1,BS1,0,BS1,BS1,0,0.7194286584854126,0.7636319994926453,0.044203341007232666,0.005337992217391729,0.08840674161911011,0.2521657347679138,0.21459555625915527,0.7194286584854126,0.7636319994926453,0.028405632823705673,0.021772414445877075
5,S8,BWHvy,local,local,0,local,local,0,0.7937726378440857,0.7911190986633301,-0.0026535391807556152,0.0076844897121191025,0.05828014761209488,0.7937726378440857,0.7911190986633301,0.07235550880432129,0.10149558633565903,0.1338718831539154,0.10738535225391388
6,S1,LatCrit,BS2,BS2,0,BS2,BS2,0,0.6491534113883972,0.7491260170936584,0.09997260570526123,0.0275629460811615,0.19994516670703888,0.09451782703399658,0.08240664005279541,0.2563287913799286,0.1684674173593521,0.6491534113883972,0.7491260170936584
6,S1,ComHvy,BS2,BS2,0,BS2,BS2,0,0.45374318957328796,0.4892432391643524,0.03550004959106445,0.013539101928472519,0.11820065975189209,0.3533059358596802,0.37690621614456177,0.19295085966587067,0.13385052978992462,0.45374318957328796,0.4892432391643524
6,S1,BWHvy,BS2,BS2,0,local,local,0,0.3834756910800934,0.39389660954475403,0.010420918464660645,0.010319916531443596,0.11654803156852722,0.27967172861099243,0.22139769792556763,0.3368526101112366,0.38470569252967834,0.3834756910800934,0.39389660954475403
6,S2,LatCrit,local,local,0,local,local,0,0.593427300453186,0.6876637935638428,0.09423649311065674,0.05454990640282631,0.18847301602363586,0.593427300453186,0.6876637935638428,0.13640862703323364,0.05171925202012062,0.2701640725135803,0.2606169283390045
6,S2,ComHvy,local,local,0,local,local,0,0.4844083786010742,0.579056978225708,0.09464859962463379,0.023410167545080185,0.18929719924926758,0.4844083786010742,0.579056978225708,0.3608214259147644,0.32095563411712646,0.15477021038532257,0.09998740255832672
6,S2,BWHvy,BS1,BS1,0,BS1,BS1,0,0.44208061695098877,0.6039398312568665,0.16185921430587769,0.06262247264385223,0.323718398809433,0.37577950954437256,0.29901498556137085,0.44208061695098877,0.6039398312568665,0.18213987350463867,0.09704521298408508
6,S3,LatCrit,BS2,BS2,0,BS2,BS2,0,0.5666720271110535,0.6194137930870056,0.05274176597595215,0.030306551605463028,0.16529631614685059,0.24571877717971802,0.27562516927719116,0.18760916590690613,0.10496101528406143,0.5666720271110535,0.6194137930870056
6,S3,ComHvy,local,local,0,local,local,0,0.8013095259666443,0.8558812141418457,0.054571688175201416,0.011142605915665627,0.10914336889982224,0.8013095259666443,0.8558812141418457,0.06190008670091629,0.04246584698557854,0.13679037988185883,0.10165294259786606
6,S3,BWHvy,local,BS1,1,local,local,0,0.4554479718208313,0.4367862343788147,-0.0186617374420166,0.03821972757577896,0.2688504457473755,0.4554479718208313,0.36290037631988525,0.30236101150512695,0.4367862343788147,0.24219101667404175,0.20031340420246124
6,S4,LatCrit,local,local,0,local,local,0,0.6274038553237915,0.6575609445571899,0.030157089233398438,0.02428491786122322,0.15696939826011658,0.6274038553237915,0.6575609445571899,0.2962508201599121,0.2177661508321762,0.0763453021645546,0.12467294186353683
6,S4,ComHvy,local,local,0,local,local,0,0.638229489326477,0.6204026341438293,-0.017826855182647705,0.01827704906463623,0.1316785216331482,0.638229489326477,0.6204026341438293,0.1384594440460205,0.20429867506027222,0.22331111133098602,0.17529867589473724
6,S4,BWHvy,local,local,0,local,local,0,0.553817093372345,0.4613237977027893,-0.09249329566955566,0.017796456813812256,0.18498660624027252,0.553817093372345,0.4613237977027893,0.16539084911346436,0.18578259646892548,0.2807920575141907,0.3528936207294464
6,S5,LatCrit,local,local,0,local,local,0,0.4592278003692627,0.4945243000984192,0.035296499729156494,0.0033414456993341446,0.07059299945831299,0.4592278003692627,0.4945243000984192,0.0899355560541153,0.07389335334300995,0.4508366584777832,0.43158236145973206
6,S5,ComHvy,BS1,BS1,0,BS1,BS1,0,0.8341153860092163,0.8638176918029785,0.029702305793762207,0.0039459457620978355,0.05940461531281471,0.15763318538665771,0.13127613067626953,0.8341153860092163,0.8638176918029785,0.008251432329416275,0.004906176123768091
6,S5,BWHvy,local,local,0,local,local,0,0.4442102313041687,0.37573492527008057,-0.06847530603408813,0.010393869131803513,0.13695064187049866,0.4442102313041687,0.37573492527008057,0.3209070861339569,0.374711275100708,0.234882652759552,0.24955379962921143
6,S6,LatCrit,local,local,0,local,local,0,0.5829957723617554,0.62859046459198,0.04559469223022461,0.005349971354007721,0.09118929505348206,0.5829957723617554,0.62859046459198,0.12498731166124344,0.12311013787984848,0.292016863822937,0.24829943478107452
6,S6,ComHvy,local,local,0,local,local,0,0.6971077919006348,0.6324313879013062,-0.06467640399932861,0.01796913892030716,0.15620912611484528,0.6971077919006348,0.6324313879013062,0.025991452857851982,0.012563284486532211,0.2769007682800293,0.35500532388687134
6,S6,BWHvy,BS1,BS1,0,BS1,BS2,1,0.44927549362182617,0.45454466342926025,0.005269169807434082,0.00923905149102211,0.10261407494544983,0.25619882345199585,0.20489180088043213,0.44927549362182617,0.45454466342926025,0.294525682926178,0.34056356549263
6,S7,LatCrit,local,local,0,local,local,0,0.5384120345115662,0.5835020542144775,0.04509001970291138,0.01553025096654892,0.09018001705408096,0.5384120345115662,0.5835020542144775,0.3683759570121765,0.36516672372817993,0.09321200847625732,0.05133124440908432
6,S7,ComHvy,local,local,0,local,local,0,0.7899637222290039,0.8308210968971252,0.04085737466812134,0.010400766506791115,0.08171479403972626,0.7899637222290039,0.8308210968971252,0.025625355541706085,0.01077323593199253,0.184410959482193,0.15840566158294678
6,S7,BWHvy,local,BS1,1,local,BS1,1,0.4393550157546997,0.4262918531894684,-0.013063162565231323,0.01897137239575386,0.17558136582374573,0.4393550157546997,0.35545432567596436,0.3385011553764343,0.4262918531894684,0.22214381396770477,0.21825383603572845
6,S8,LatCrit,BS2,BS2,0,BS2,BS2,0,0.6458418965339661,0.7332777380943298,0.08743584156036377,0.03455419838428497,0.17487162351608276,0.21148896217346191,0.19637125730514526,0.14266908168792725,0.0703510046005249,0.6458418965339661,0.7332777380943298
6,S8,ComHvy,BS1,BS1,0,BS1,BS1,0,0.6222823262214661,0.7211449146270752,0.09886258840560913,0.028192199766635895,0.19772520661354065,0.3388335108757019,0.2622945308685303,0.6222823262214661,0.7211449146270752,0.038884151726961136,0.0165605116635561
6,S8,BWHvy,local,local,0,local,local,0,0.562060534954071,0.4311489462852478,-0.13091158866882324,0.03542288392782211,0.2618231177330017,0.562060534954071,0.4311489462852478,0.1261187642812729,0.18090203404426575,0.31182071566581726,0.38794898986816406
7,S1,LatCrit,local,local,0,BS2,local,1,0.39868324995040894,0.5120300054550171,0.11334675550460815,0.03882291167974472,0.22669348120689392,0.39868324995040894,0.5120300054550171,0.2727273404598236,0.2719086706638336,0.32858937978744507,0.2160613238811493
7,S1,ComHvy,local,local,0,local,BS2,1,0.5323277115821838,0.49520790576934814,-0.03711980581283569,0.024624980986118317,0.14656701683998108,0.5323277115821838,0.49520790576934814,0.06355255842208862,0.027388866990804672,0.40411970019340515,0.4774032235145569
7,S1,BWHvy,BS2,BS2,0,BS2,BS2,0,0.5358753204345703,0.5492275357246399,0.01335221529006958,0.00038392189890146255,0.026704490184783936,0.2955080270767212,0.28477907180786133,0.1686166673898697,0.1659933477640152,0.5358753204345703,0.5492275357246399
7,S2,LatCrit,BS1,BS1,0,BS1,BS1,0,0.5320838689804077,0.5346668362617493,0.0025829672813415527,0.020211592316627502,0.13705284893512726,0.228415846824646,0.2943592667579651,0.5320838689804077,0.5346668362617493,0.23950032889842987,0.17097386717796326
7,S2,ComHvy,local,local,0,local,local,0,0.6352084875106812,0.670974850654602,0.0357663631439209,0.032299451529979706,0.07685814797878265,0.6352084875106812,0.670974850654602,0.052071262151002884,0.013642195612192154,0.31272026896476746,0.3153829872608185
7,S2,BWHvy,local,local,0,local,BS1,1,0.3702198266983032,0.35831981897354126,-0.011900007724761963,0.0005265367217361927,0.027731597423553467,0.3702198266983032,0.35831981897354126,0.286214143037796,0.30007994174957275,0.34356603026390076,0.341600239276886
7,S3,LatCrit,local,local,0,local,local,0,0.6212013959884644,0.7534856796264648,0.1322842836380005,0.04587946832180023,0.264568567276001,0.6212013959884644,0.7534856796264648,0.120598703622818,0.09355328232049942,0.25819990038871765,0.15296104550361633
7,S3,ComHvy,local,local,0,local,local,0,0.643939733505249,0.728074848651886,0.08413511514663696,0.017692863941192627,0.16827023029327393,0.643939733505249,0.728074848651886,0.053050361573696136,0.03437471762299538,0.30300989747047424,0.23755042254924774
7,S3,BWHvy,local,local,0,BS2,local,1,0.43605154752731323,0.48736900091171265,0.051317453384399414,0.006555486470460892,0.10263490676879883,0.43605154752731323,0.48736900091171265,0.26581329107284546,0.2588006556034088,0.2981351613998413,0.25383034348487854
7,S4,LatCrit,local,local,0,local,local,0,0.7023822665214539,0.8110220432281494,0.10863977670669556,0.034482717514038086,0.21727952361106873,0.7023822665214539,0.8110220432281494,0.23761387169361115,0.1472492665052414,0.0600038543343544,0.041728705167770386
7,S4,ComHvy,local,BS1,1,local,local,0,0.5272252559661865,0.4504173696041107,-0.0768078863620758,0.047621771693229675,0.28389132022857666,0.5272252559661865,0.38803017139434814,0.3084717392921448,0.4504173696041107,0.1643030196428299,0.16155242919921875
7,S4,BWHvy,local,local,0,BS1,local,1,0.39851486682891846,0.43409353494644165,0.03557866811752319,0.002966400235891342,0.07115739583969116,0.39851486682891846,0.43409353494644165,0.2799473702907562,0.273316353559494,0.3215377926826477,0.29259008169174194
7,S5,LatCrit,local,local,0,local,local,0,0.7505743503570557,0.7983555793762207,0.04778122901916504,0.011294450610876083,0.10837636142969131,0.7505743503570557,0.7983555793762207,0.057818032801151276,0.064224973320961,0.19160762429237366,0.1374194324016571
7,S5,ComHvy,BS1,BS1,0,BS1,BS1,0,0.8010286688804626,0.8230507373809814,0.0220220685005188,0.0018624018412083387,0.044044129550457,0.19479584693908691,0.17436552047729492,0.8010286688804626,0.8230507373809814,0.004175493028014898,0.0025837591383606195
7,S5,BWHvy,local,local,0,local,local,0,0.39820611476898193,0.4416610598564148,0.04345494508743286,0.0049366578459739685,0.08690989017486572,0.39820611476898193,0.4416610598564148,0.2529048025608063,0.21828028559684753,0.3488890826702118,0.34005865454673767
7,S6,LatCrit,BS2,local,1,BS2,local,1,0.5595051646232605,0.549702525138855,-0.009802639484405518,0.04761528968811035,0.30652347207069397,0.3964408040046692,0.549702525138855,0.044054046273231506,0.037233009934425354,0.5595051646232605,0.41306445002555847
7,S6,ComHvy,BS2,BS2,0,BS2,BS2,0,0.7445936799049377,0.8148113489151001,0.07021766901016235,0.015260770916938782,0.1404353678226471,0.08891326189041138,0.06843715906143188,0.1664930284023285,0.11675143986940384,0.7445936799049377,0.8148113489151001
7,S6,BWHvy,BS1,BS1,0,BS1,BS1,0,0.4041736423969269,0.42490196228027344,0.020728319883346558,0.007767423987388611,0.10598771274089813,0.31348055601119995,0.34574609994888306,0.4041736423969269,0.42490196228027344,0.28234580159187317,0.2293519526720047
7,S7,LatCrit,local,local,0,local,local,0,0.7455347180366516,0.7248225212097168,-0.020712196826934814,0.02306249737739563,0.1297849714756012,0.7455347180366516,0.7248225212097168,0.12166465818881989,0.07748439162969589,0.1328006237745285,0.1976931393146515
7,S7,ComHvy,local,local,0,local,local,0,0.7030079364776611,0.7512363195419312,0.04822838306427002,0.0077703893184661865,0.09645674377679825,0.7030079364776611,0.7512363195419312,0.2865433096885681,0.24414774775505066,0.010448750108480453,0.0046159494668245316
7,S7,BWHvy,BS1,BS1,0,BS1,BS1,0,0.41278380155563354,0.46359220147132874,0.05080839991569519,0.021886132657527924,0.16076523065567017,0.35038238763809204,0.37995660305023193,0.41278380155563354,0.46359220147132874,0.23683379590511322,0.15645118057727814
7,S8,LatCrit,BS2,BS2,0,BS2,BS2,0,0.6739087700843811,0.7234485745429993,0.049539804458618164,0.006903722882270813,0.09907965362071991,0.07458740472793579,0.054588377475738525,0.2515038251876831,0.22196300327777863,0.6739087700843811,0.7234485745429993
7,S8,ComHvy,local,BS1,1,local,local,0,0.4581242799758911,0.4271424114704132,-0.030981868505477905,0.020055875182151794,0.13705721497535706,0.4581242799758911,0.39769405126571655,0.435240775346756,0.4271424114704132,0.1066349446773529,0.17516356706619263
7,S8,BWHvy,local,local,0,local,local,0,0.5004963874816895,0.5060653686523438,0.005568981170654297,0.0009026862680912018,0.034708887338638306,0.5004963874816895,0.5060653686523438,0.22584080696105957,0.23762628436088562,0.27366283535957336,0.2563084065914154
8,S1,LatCrit,BS1,BS1,0,BS1,BS1,0,0.5109550356864929,0.574034571647644,0.06307953596115112,0.011142075061798096,0.12615911662578583,0.2953673005104065,0.28022968769073486,0.5109550356864929,0.574034571647644,0.19367770850658417,0.1457357406616211
8,S1,ComHvy,local,local,0,local,local,0,0.7575158476829529,0.8137669563293457,0.05625110864639282,0.011035174131393433,0.11250221729278564,0.7575158476829529,0.8137669563293457,0.21254096925258636,0.1564134657382965,0.029943173751235008,0.02981957048177719
8,S1,BWHvy,BS1,BS1,0,BS1,BS1,0,0.4223393201828003,0.4238981306552887,0.0015588104724884033,0.014479383826255798,0.12983767688274384,0.36585134267807007,0.30093246698379517,0.4223393201828003,0.4238981306552887,0.21180938184261322,0.27516937255859375
8,S2,LatCrit,BS1,BS1,0,BS1,BS1,0,0.8630911707878113,0.8803589344024658,0.01726776361465454,0.0025025829672813416,0.034535400569438934,0.06940734386444092,0.06833821535110474,0.8630911707878113,0.8803589344024658,0.06750144809484482,0.051302939653396606
8,S2,ComHvy,local,local,0,local,local,0,0.7402946949005127,0.7401061058044434,-0.00018858909606933594,0.03963617607951164,0.1387433111667633,0.7402946949005127,0.7401061058044434,0.14697293937206268,0.07778988778591156,0.11273235082626343,0.18210402131080627
8,S2,BWHvy,local,BS2,1,BS2,BS2,0,0.39897066354751587,0.3859833776950836,-0.012987285852432251,0.008976511657238007,0.11928191781044006,0.39897066354751587,0.3447451591491699,0.27468690276145935,0.26927146315574646,0.3263424038887024,0.3859833776950836
8,S3,LatCrit,local,local,0,local,local,0,0.6990876197814941,0.7699824571609497,0.07089483737945557,0.018894702196121216,0.14178968966007233,0.6990876197814941,0.7699824571609497,0.23499201238155365,0.19623249769210815,0.0659203976392746,0.03378506377339363
8,S3,ComHvy,BS1,BS1,0,BS1,BS1,0,0.47451597452163696,0.5217428803443909,0.047226905822753906,0.005571251269429922,0.1042359322309494,0.4608341455459595,0.40871620178222656,0.47451597452163696,0.5217428803443909,0.06464986503124237,0.06954094767570496
8,S3,BWHvy,local,local,0,local,local,0,0.43464356660842896,0.4179866909980774,-0.016656875610351562,0.0006431108340620995,0.033313751220703125,0.43464356660842896,0.4179866909980774,0.33511921763420105,0.34032949805259705,0.23023721575737,0.24168381094932556
8,S4,LatCrit,local,local,0,local,local,0,0.5972111225128174,0.6346028447151184,0.037391722202301025,0.008936256170272827,0.07478339970111847,0.5972111225128174,0.6346028447151184,0.30903974175453186,0.30484747886657715,0.09374911338090897,0.060549695044755936
8,S4,ComHvy,BS2,BS2,0,local,local,0,0.4958641529083252,0.5092357397079468,0.013371586799621582,0.011879734694957733,0.07616575062274933,0.41162532567977905,0.4363366365432739,0.09251049160957336,0.05442763492465019,0.4958641529083252,0.5092357397079468
8,S4,BWHvy,BS1,BS1,0,BS1,BS1,0,0.38429543375968933,0.391970694065094,0.007675260305404663,0.001990562304854393,0.05544719099998474,0.32528769969940186,0.2975640892982483,0.38429543375968933,0.391970694065094,0.2904168665409088,0.3104651868343353
8,S5,LatCrit,local,local,0,local,local,0,0.6534460783004761,0.723905086517334,0.07045900821685791,0.012064957991242409,0.14091801643371582,0.6534460783004761,0.723905086517334,0.21792671084403992,0.1689656376838684,0.1286272406578064,0.10712930560112
8,S5,ComHvy,BS2,BS2,0,BS2,BS2,0,0.6660271883010864,0.6276960372924805,-0.03833115100860596,0.023534119129180908,0.16400930285453796,0.13621896505355835,0.0925455093383789,0.19775378704071045,0.279758483171463,0.6660271883010864,0.6276960372924805
8,S5,BWHvy,local,BS1,1,local,local,0,0.40595608949661255,0.3811738193035126,-0.024782270193099976,0.004686400294303894,0.08348631858825684,0.40595608949661255,0.36421293020248413,0.3727918565273285,0.3811738193035126,0.22125205397605896,0.2546132504940033
8,S6,LatCrit,BS1,BS1,0,BS1,BS2,1,0.510844886302948,0.4515049159526825,-0.0593399703502655,0.007131872698664665,0.118679940700531,0.2580649256706238,0.29367536306381226,0.510844886302948,0.4515049159526825,0.23109018802642822,0.25481972098350525
8,S6,ComHvy,BS1,BS2,1,BS1,BS2,1,0.3646692931652069,0.5285661220550537,0.1638968288898468,0.06305785477161407,0.3436453938484192,0.278587281703949,0.18040388822555542,0.3646692931652069,0.29102998971939087,0.3567434251308441,0.5285661220550537
8,S6,BWHvy,local,local,0,BS1,BS1,0,0.3894885778427124,0.3672264814376831,-0.022262096405029297,0.0011962249409407377,0.04452422261238098,0.3894885778427124,0.3672264814376831,0.3334757685661316,0.3523348867893219,0.2770356237888336,0.280438631772995
8,S7,LatCrit,local,local,0,BS2,BS2,0,0.5788253545761108,0.5570547580718994,-0.021770596504211426,0.0014993716031312943,0.052433766424655914,0.5788253545761108,0.5570547580718994,0.06562328338623047,0.061176978051662445,0.3555513620376587,0.38176822662353516
8,S7,ComHvy,local,local,0,local,local,0,0.8506017923355103,0.8878458142280579,0.03724402189254761,0.008173283189535141,0.07469408214092255,0.8506017923355103,0.8878458142280579,0.029231537133455276,0.029334543272852898,0.12016669660806656,0.08281964063644409
8,S7,BWHvy,BS2,BS2,0,BS2,BS2,0,0.4075346887111664,0.41135174036026,0.003817051649093628,9.562144987285137e-05,0.012153923511505127,0.3246649503707886,0.3269248604774475,0.26780039072036743,0.26172342896461487,0.4075346887111664,0.41135174036026
8,S8,LatCrit,BS1,BS1,0,BS1,BS1,0,0.6439731121063232,0.5779865384101868,-0.06598657369613647,0.017660051584243774,0.17109709978103638,0.10568487644195557,0.08612287044525146,0.6439731121063232,0.5779865384101868,0.2503420114517212,0.335890531539917
8,S8,ComHvy,local,local,0,local,local,0,0.5655049085617065,0.6760231852531433,0.11051827669143677,0.029228921979665756,0.22103656828403473,0.5655049085617065,0.6760231852531433,0.21584349870681763,0.14312592148780823,0.21865162253379822,0.18085090816020966
8,S8,BWHvy,local,BS2,1,local,local,0,0.4162334203720093,0.3990510106086731,-0.01718240976333618,0.004864245653152466,0.09500542283058167,0.4162334203720093,0.3809877038002014,0.23221825063228607,0.2199612706899643,0.35154828429222107,0.3990510106086731
9,S1,LatCrit,BS1,BS1,0,BS1,BS1,0,0.4534152150154114,0.5690786838531494,0.11566346883773804,0.04436015337705612,0.278243750333786,0.42099666595458984,0.28187477588653564,0.4534152150154114,0.5690786838531494,0.12558816373348236,0.14904655516147614
9,S1,ComHvy,local,local,0,local,local,0,0.46477431058883667,0.5410710573196411,0.07629674673080444,0.0507599413394928,0.24379432201385498,0.46477431058883667,0.5410710573196411,0.2713705599308014,0.31697097420692444,0.26385512948036194,0.14195796847343445
9,S1,BWHvy,local,local,0,local,local,0,0.6927202343940735,0.6165679693222046,-0.0761522650718689,0.013358639553189278,0.15230455994606018,0.6927202343940735,0.6165679693222046,0.17043045163154602,0.2256235033273697,0.1368493139743805,0.1578085571527481
9,S2,LatCrit,BS1,BS1,0,BS1,BS1,0,0.5649840831756592,0.5118749737739563,-0.05310910940170288,0.007765793241560459,0.11980203539133072,0.32865244150161743,0.3885534405708313,0.5649840831756592,0.5118749737739563,0.10636348277330399,0.09957155585289001
9,S2,ComHvy,local,local,0,local,local,0,0.7445473670959473,0.8667492270469666,0.12220185995101929,0.05901886522769928,0.24440374970436096,0.7445473670959473,0.8667492270469666,0.09861607104539871,0.06571374833583832,0.1568365842103958,0.06753701716661453
9,S2,BWHvy,local,local,0,local,BS1,1,0.6956472396850586,0.5216777324676514,-0.17396950721740723,0.06551352888345718,0.34793901443481445,0.6956472396850586,0.5216777324676514,0.11165603250265121,0.20800870656967163,0.1926967054605484,0.2703135311603546
9,S3,LatCrit,local,local,0,local,local,0,0.7422440052032471,0.8123834133148193,0.07013940811157227,0.014859521761536598,0.14027878642082214,0.7422440052032471,0.8123834133148193,0.1811935305595398,0.1327589899301529,0.07656243443489075,0.054857589304447174
9,S3,ComHvy,BS2,BS2,0,BS2,BS2,0,0.48865023255348206,0.5773507952690125,0.0887005627155304,0.016483306884765625,0.1774011254310608,0.16790908575057983,0.12949347496032715,0.3434406816959381,0.2931557297706604,0.48865023255348206,0.5773507952690125
9,S3,BWHvy,local,local,0,local,local,0,0.6091092824935913,0.4928126931190491,-0.11629658937454224,0.027257099747657776,0.23259316384792328,0.6091092824935913,0.4928126931190491,0.20327498018741608,0.2659252882003784,0.1876157522201538,0.2412620186805725
9,S4,LatCrit,local,local,0,local,local,0,0.9371328949928284,0.9514875411987305,0.0143546462059021,0.002052572788670659,0.02870931848883629,0.9371328949928284,0.9514875411987305,0.05118962749838829,0.03968637436628342,0.011677496135234833,0.008826076053082943
9,S4,ComHvy,local,local,0,local,local,0,0.7885977029800415,0.8829978108406067,0.09440010786056519,0.05578459054231644,0.18880018591880798,0.7885977029800415,0.8829978108406067,0.04052412137389183,0.007360643707215786,0.17087817192077637,0.10964155942201614
9,S4,BWHvy,local,local,0,local,local,0,0.5442872047424316,0.39140939712524414,-0.1528778076171875,0.047905437648296356,0.3057556748390198,0.5442872047424316,0.39140939712524414,0.266909658908844,0.34606441855430603,0.18880310654640198,0.2625262141227722
9,S5,LatCrit,local,local,0,local,local,0,0.4746379852294922,0.585287868976593,0.11064988374710083,0.026775646954774857,0.22129976749420166,0.4746379852294922,0.585287868976593,0.28634318709373474,0.20801308751106262,0.23901881277561188,0.20669902861118317
9,S5,ComHvy,BS1,BS1,0,BS1,BS1,0,0.4835702180862427,0.5994499325752258,0.11587971448898315,0.0356803759932518,0.2317594587802887,0.24153131246566772,0.22322815656661987,0.4835702180862427,0.5994499325752258,0.274898499250412,0.1773219108581543
9,S5,BWHvy,local,local,0,local,local,0,0.6700058579444885,0.5862319469451904,-0.0837739109992981,0.015686066821217537,0.1675478219985962,0.6700058579444885,0.5862319469451904,0.1914314180612564,0.25453314185142517,0.13856272399425507,0.1592349112033844
9,S6,LatCrit,local,local,0,local,local,0,0.5648640394210815,0.5485243201255798,-0.01633971929550171,0.0006519556045532227,0.03267940878868103,0.5648640394210815,0.5485243201255798,0.18972451984882355,0.19178858399391174,0.2454114705324173,0.2596870958805084
9,S6,ComHvy,local,local,0,local,local,0,0.9188723564147949,0.8549245595932007,-0.06394779682159424,0.02032836154103279,0.12789559364318848,0.9188723564147949,0.8549245595932007,0.06334817409515381,0.10222236812114716,0.017779476940631866,0.042853087186813354
9,S6,BWHvy,local,local,0,local,local,0,0.6854438781738281,0.5187809467315674,-0.16666293144226074,0.05724463239312172,0.3333257734775543,0.6854438781738281,0.5187809467315674,0.1835341602563858,0.2776665985584259,0.13102199137210846,0.20355241000652313
9,S7,LatCrit,local,local,0,local,local,0,0.7754853963851929,0.7400018572807312,-0.03548353910446167,0.038257893174886703,0.16954201459884644,0.7754853963851929,0.7400018572807312,0.11458040773868561,0.19935140013694763,0.10993422567844391,0.060646746307611465
9,S7,ComHvy,local,local,0,local,local,0,0.5353246331214905,0.4935731291770935,-0.04175150394439697,0.21791505813598633,0.48379966616630554,0.5353246331214905,0.4935731291770935,0.3135545551776886,0.1134062260389328,0.15112079679965973,0.3930206298828125
9,S7,BWHvy,local,BS1,1,local,BS1,1,0.4039544463157654,0.4203709661960602,0.0164165198802948,0.049125928431749344,0.2878364026546478,0.4039544463157654,0.2600362300872803,0.33301842212677,0.4203709661960602,0.263027161359787,0.31959280371665955
9,S8,LatCrit,local,local,0,local,local,0,0.6026788949966431,0.5095796585083008,-0.09309923648834229,0.022400856018066406,0.18619845807552338,0.6026788949966431,0.5095796585083008,0.3734714984893799,0.43907833099365234,0.02384961023926735,0.05134199932217598
9,S8,ComHvy,local,local,0,local,local,0,0.577944278717041,0.6459893584251404,0.06804507970809937,0.015672896057367325,0.1360902041196823,0.577944278717041,0.6459893584251404,0.20096056163311005,0.197824627161026,0.22109520435333252,0.15618601441383362
9,S8,BWHvy,local,local,0,local,BS1,1,0.6775291562080383,0.5341103076934814,-0.14341884851455688,0.04684752970933914,0.28683775663375854,0.6775291562080383,0.5341103076934814,0.21779704093933105,0.27761778235435486,0.10467381030321121,0.18827198445796967
10,S1,LatCrit,BS2,BS2,0,BS2,BS2,0,0.527942955493927,0.6684132814407349,0.14047032594680786,0.04280523955821991,0.2809406518936157,0.41872334480285645,0.28851455450057983,0.053333673626184464,0.043072137981653214,0.527942955493927,0.6684132814407349
10,S1,ComHvy,BS2,local,1,BS2,local,1,0.4773300886154175,0.43729615211486816,-0.040033936500549316,0.037052370607852936,0.25329074263572693,0.3790696859359741,0.43729615211486816,0.1436002254486084,0.212019145488739,0.4773300886154175,0.3506847321987152
10,S1,BWHvy,local,local,0,local,local,0,0.8191550970077515,0.7475405931472778,-0.07161450386047363,0.01478690654039383,0.14322902262210846,0.8191550970077515,0.7475405931472778,0.0939345732331276,0.13672718405723572,0.08691031485795975,0.11573222279548645
10,S2,LatCrit,local,local,0,local,local,0,0.8626881241798401,0.9047767519950867,0.04208862781524658,0.05174960568547249,0.11781328171491623,0.8626881241798401,0.9047767519950867,0.07935332506895065,0.02044668048620224,0.057958535850048065,0.0747765451669693
10,S2,ComHvy,local,local,0,local,local,0,0.7733403444290161,0.8753798604011536,0.10203951597213745,0.04026404768228531,0.2040790468454361,0.7733403444290161,0.8753798604011536,0.10681286454200745,0.06297792494297028,0.11984682083129883,0.061642229557037354
10,S2,BWHvy,local,local,0,local,local,0,0.8562529683113098,0.7219754457473755,-0.13427752256393433,0.0728159099817276,0.28635668754577637,0.8562529683113098,0.7219754457473755,0.08204573392868042,0.2252240777015686,0.061701297760009766,0.052800487726926804
10,S3,LatCrit,BS2,BS2,0,BS2,BS2,0,0.5476816892623901,0.6203345656394958,0.07265287637710571,0.03477881848812103,0.1453057825565338,0.3806265592575073,0.3549876809120178,0.07169175148010254,0.024677732959389687,0.5476816892623901,0.6203345656394958
10,S3,ComHvy,local,local,0,local,local,0,0.3815702199935913,0.513161301612854,0.1315910816192627,0.03803769126534462,0.26318222284317017,0.3815702199935913,0.513161301612854,0.3115929365158081,0.22083024680614471,0.3068368434906006,0.2660084068775177
10,S3,BWHvy,local,local,0,local,local,0,0.8100472688674927,0.6993122696876526,-0.11073499917984009,0.03903060406446457,0.22146998345851898,0.8100472688674927,0.6993122696876526,0.0739055871963501,0.15827107429504395,0.11604715883731842,0.14241665601730347
10,S4,LatCrit,local,local,0,local,local,0,0.630571722984314,0.6272419095039368,-0.0033298134803771973,0.0027419794350862503,0.047698453068733215,0.630571722984314,0.6272419095039368,0.15382933616638184,0.13330990076065063,0.21559898555278778,0.2394481897354126
10,S4,ComHvy,local,local,0,local,local,0,0.561427116394043,0.584321916103363,0.02289479970932007,0.0011940182885155082,0.04578963667154312,0.561427116394043,0.584321916103363,0.3696669936180115,0.34677502512931824,0.06890591233968735,0.06890304386615753
10,S4,BWHvy,local,local,0,local,local,0,0.8717671036720276,0.7875133156776428,-0.08425378799438477,0.023906685411930084,0.16850754618644714,0.8717671036720276,0.7875133156776428,0.041438210755586624,0.07173001021146774,0.08679469674825668,0.14075665175914764
10,S5,LatCrit,local,local,0,local,local,0,0.5080031156539917,0.4493297338485718,-0.05867338180541992,0.010971018113195896,0.11734674870967865,0.5080031156539917,0.4493297338485718,0.14731600880622864,0.1983458548784256,0.34468087553977966,0.35232439637184143
10,S5,ComHvy,BS1,BS1,0,BS1,BS1,0,0.7012338638305664,0.7142269611358643,0.012993097305297852,0.0034045600332319736,0.025986116379499435,0.2841319441795349,0.2788439989089966,0.7012338638305664,0.7142269611358643,0.014634164050221443,0.006929089315235615
10,S5,BWHvy,local,local,0,local,local,0,0.8733332753181458,0.8050881624221802,-0.06824511289596558,0.016904372721910477,0.13649018108844757,0.8733332753181458,0.8050881624221802,0.0810757428407669,0.13239037990570068,0.04559098929166794,0.06252142041921616
10,S6,LatCrit,local,local,0,local,local,0,0.7471449375152588,0.6755954623222351,-0.07154947519302368,0.012232013046741486,0.14309895038604736,0.7471449375152588,0.6755954623222351,0.05898473411798477,0.07372020184993744,0.19387035071849823,0.25068435072898865
10,S6,ComHvy,local,local,0,local,local,0,0.8229172825813293,0.728827953338623,-0.0940893292427063,0.03579765558242798,0.2111699879169464,0.8229172825813293,0.728827953338623,0.021419545635581017,0.009923860430717468,0.15566319227218628,0.2612481713294983
10,S6,BWHvy,local,local,0,local,local,0,0.8162968158721924,0.6932690143585205,-0.12302780151367188,0.039291948080062866,0.24605557322502136,0.8162968158721924,0.6932690143585205,0.08466988801956177,0.13592559099197388,0.09903328865766525,0.17080536484718323
10,S7,LatCrit,local,local,0,local,local,0,0.9273970127105713,0.9284698367118835,0.0010728240013122559,0.003936638589948416,0.012803545221686363,0.9273970127105713,0.9284698367118835,0.062468837946653366,0.06779778003692627,0.010134180076420307,0.0037324009463191032
10,S7,ComHvy,local,local,0,local,local,0,0.8128965497016907,0.8513057231903076,0.03840917348861694,0.030948929488658905,0.07681839168071747,0.8128965497016907,0.8513057231903076,0.029348881915211678,0.004637883976101875,0.157754585146904,0.14405636489391327
10,S7,BWHvy,local,local,0,local,local,0,0.7227860689163208,0.5849446058273315,-0.13784146308898926,0.04111209139227867,0.2756829261779785,0.7227860689163208,0.5849446058273315,0.15004171431064606,0.22023020684719086,0.12717223167419434,0.1948251873254776
10,S8,LatCrit,local,local,0,local,local,0,0.736223042011261,0.5873197317123413,-0.14890331029891968,0.06800797581672668,0.3327302932739258,0.736223042011261,0.5873197317123413,0.027700014412403107,0.010238170623779297,0.2360769361257553,0.402442067861557
10,S8,ComHvy,BS1,BS1,0,BS1,BS1,0,0.756943941116333,0.9193040132522583,0.1623600721359253,0.20221281051635742,0.3247201144695282,0.11525452136993408,0.0671771764755249,0.756943941116333,0.9193040132522583,0.1278015524148941,0.013518848456442356
10,S8,BWHvy,local,local,0,local,local,0,0.805599570274353,0.6832150220870972,-0.12238454818725586,0.03824016451835632,0.2447691112756729,0.805599570274353,0.6832150220870972,0.061083126813173294,0.09002812951803207,0.1333172768354416,0.22675684094429016
11,S1,LatCrit,local,BS2,1,BS2,BS2,0,0.455192506313324,0.40464964509010315,-0.050542861223220825,0.037911564111709595,0.2510606348514557,0.455192506313324,0.3296622037887573,0.1839267909526825,0.2656881511211395,0.36088067293167114,0.40464964509010315
11,S1,ComHvy,BS1,BS1,0,BS1,BS1,0,0.7394938468933105,0.7756897211074829,0.03619587421417236,0.13982681930065155,0.16351303458213806,0.17056041955947876,0.21612107753753662,0.7394938468933105,0.7756897211074829,0.0899457111954689,0.008189213462173939
11,S1,BWHvy,local,local,0,local,local,0,0.6098369359970093,0.5052812695503235,-0.10455566644668579,0.02217666059732437,0.2091113030910492,0.6098369359970093,0.5052812695503235,0.2249135822057724,0.2911064624786377,0.1652495414018631,0.2036122977733612
11,S2,LatCrit,local,local,0,local,local,0,0.7299460172653198,0.6962223649024963,-0.033723652362823486,0.010297741740942001,0.09771349281072617,0.7299460172653198,0.6962223649024963,0.16529236733913422,0.15015926957130432,0.10476160794496536,0.15361835062503815
11,S2,ComHvy,local,local,0,local,local,0,0.8100770711898804,0.8623456954956055,0.0522686243057251,0.01047958992421627,0.10453721135854721,0.8100770711898804,0.8623456954956055,0.09405677020549774,0.0680704265832901,0.0958661213517189,0.06958387792110443
11,S2,BWHvy,local,local,0,local,local,0,0.605308473110199,0.43608278036117554,-0.16922569274902344,0.06523602455854416,0.33845141530036926,0.605308473110199,0.43608278036117554,0.21924476325511932,0.3668486177921295,0.1754467636346817,0.19706861674785614
11,S3,LatCrit,BS2,BS2,0,BS2,BS2,0,0.601016104221344,0.6326383948326111,0.03162229061126709,0.004140643402934074,0.06324463337659836,0.29538029432296753,0.28752249479293823,0.10360360145568848,0.0798390582203865,0.601016104221344,0.6326383948326111
11,S3,ComHvy,BS2,BS2,0,BS2,BS2,0,0.4856114685535431,0.5943343639373779,0.10872289538383484,0.0368516743183136,0.21744580566883087,0.3404921889305115,0.30871760845184326,0.17389632761478424,0.09694799780845642,0.4856114685535431,0.5943343639373779
11,S3,BWHvy,local,local,0,local,local,0,0.5729221105575562,0.43008315563201904,-0.1428389549255371,0.04269036650657654,0.2856779396533966,0.5729221105575562,0.43008315563201904,0.23595629632472992,0.3393218219280243,0.19112156331539154,0.23059502243995667
11,S4,LatCrit,local,local,0,local,local,0,0.6080693006515503,0.6076933145523071,-0.00037598609924316406,0.0019023362547159195,0.038375481963157654,0.6080693006515503,0.6076933145523071,0.22006523609161377,0.2392529994249344,0.17186544835567474,0.15305371582508087
11,S4,ComHvy,local,local,0,local,local,0,0.45541512966156006,0.5091148614883423,0.05369973182678223,0.1155470535159111,0.30281180143356323,0.45541512966156006,0.5091148614883423,0.22487133741378784,0.07346543669700623,0.3197135627269745,0.4174197316169739
11,S4,BWHvy,local,local,0,local,local,0,0.664201557636261,0.525054931640625,-0.139146625995636,0.042645856738090515,0.278293251991272,0.664201557636261,0.525054931640625,0.17896804213523865,0.28406527638435364,0.15683040022850037,0.19087980687618256
11,S5,LatCrit,local,local,0,local,local,0,0.7369034290313721,0.7450342178344727,0.008130788803100586,0.009794872254133224,0.07023102790117264,0.7369034290313721,0.7450342178344727,0.15866819024085999,0.18565291166305542,0.10442839562892914,0.06931287795305252
11,S5,ComHvy,BS1,BS2,1,BS1,BS2,1,0.47042316198349,0.5076259970664978,0.03720283508300781,0.05387444049119949,0.29462623596191406,0.16926395893096924,0.09461843967437744,0.47042316198349,0.39775559306144714,0.3603128492832184,0.5076259970664978
11,S5,BWHvy,local,local,0,local,local,0,0.6675084829330444,0.512169361114502,-0.15533912181854248,0.049515169113874435,0.31067827343940735,0.6675084829330444,0.512169361114502,0.2183360606431961,0.3273952305316925,0.11415541917085648,0.16043542325496674
11,S6,LatCrit,local,BS2,1,local,BS2,1,0.3907865881919861,0.4080316126346588,0.01724502444267273,0.011906623840332031,0.1431879699230194,0.3907865881919861,0.3320809006690979,0.2727757692337036,0.2598874568939209,0.3364376425743103,0.4080316126346588
11,S6,ComHvy,local,local,0,local,local,0,0.7017978429794312,0.632844090461731,-0.0689537525177002,0.01057082787156105,0.1379074901342392,0.7017978429794312,0.632844090461731,0.23481211066246033,0.29085907340049744,0.06339003145694733,0.07629680633544922
11,S6,BWHvy,local,local,0,local,local,0,0.5970333814620972,0.4594571590423584,-0.13757622241973877,0.04052797704935074,0.2751525044441223,0.5970333814620972,0.4594571590423584,0.19703446328639984,0.2342999130487442,0.2059321254491806,0.3062429428100586
11,S7,LatCrit,local,local,0,local,local,0,0.9222995638847351,0.952323317527771,0.03002375364303589,0.014208808541297913,0.060047537088394165,0.9222995638847351,0.952323317527771,0.06771808862686157,0.045944854617118835,0.009982344694435596,0.0017317947931587696
11,S7,ComHvy,local,local,0,local,local,0,0.9539740681648254,0.9499552249908447,-0.004018843173980713,0.00935073010623455,0.022669408470392227,0.9539740681648254,0.9499552249908447,0.00895234476774931,0.0016364636830985546,0.037073612213134766,0.04840829595923424
11,S7,BWHvy,local,BS2,1,local,BS2,1,0.4336298704147339,0.4402262568473816,0.006596386432647705,0.054244302213191986,0.30687403678894043,0.4336298704147339,0.3096725344657898,0.2795809209346771,0.250101238489151,0.2867892384529114,0.4402262568473816
11,S8,LatCrit,local,local,0,local,local,0,0.6254967451095581,0.5399629473686218,-0.08553379774093628,0.041326649487018585,0.23481903970241547,0.6254967451095581,0.5399629473686218,0.2369588017463684,0.20508307218551636,0.1375444382429123,0.25495395064353943
11,S8,ComHvy,BS1,BS1,0,BS1,BS1,0,0.6644735336303711,0.717707097530365,0.053233563899993896,0.021532565355300903,0.11088590323925018,0.2177479863166809,0.2199573516845703,0.6644735336303711,0.717707097530365,0.117778480052948,0.062335509806871414
11,S8,BWHvy,local,local,0,local,local,0,0.6526367664337158,0.4885355234146118,-0.164101243019104,0.05560764670372009,0.328202486038208,0.6526367664337158,0.4885355234146118,0.14248453080654144,0.1909504234790802,0.20487868785858154,0.320514053106308
12,S1,LatCrit,local,local,0,local,local,0,0.6872603893280029,0.5125713348388672,-0.17468905448913574,0.07192103564739227,0.3493781089782715,0.6872603893280029,0.5125713348388672,0.10879635810852051,0.11702068895101547,0.20394323766231537,0.37040796875953674
12,S1,ComHvy,BS1,BS1,0,BS1,BS1,0,0.4435449242591858,0.5580625534057617,0.11451762914657593,0.031735338270664215,0.22903522849082947,0.1630740761756897,0.15855717658996582,0.4435449242591858,0.5580625534057617,0.3933809995651245,0.28338029980659485
12,S1,BWHvy,local,local,0,local,local,0,0.6918535232543945,0.5494260787963867,-0.1424274444580078,0.04411231353878975,0.28485482931137085,0.6918535232543945,0.5494260787963867,0.10392571240663528,0.17494815587997437,0.20422078669071198,0.27562573552131653
12,S2,LatCrit,local,local,0,local,local,0,0.7131727933883667,0.7052396535873413,-0.00793313980102539,0.020411666482686996,0.11183394491672516,0.7131727933883667,0.7052396535873413,0.12576226890087128,0.07777842879295349,0.16106493771076202,0.216981902718544
12,S2,ComHvy,BS2,local,1,BS2,local,1,0.48484310507774353,0.46478432416915894,-0.020058780908584595,0.003777511417865753,0.08597588539123535,0.42179638147354126,0.46478432416915894,0.0933605283498764,0.08884869515895844,0.48484310507774353,0.4463669955730438
12,S2,BWHvy,local,local,0,local,local,0,0.7908933162689209,0.6436245441436768,-0.14726877212524414,0.06534954905509949,0.29453760385513306,0.7908933162689209,0.6436245441436768,0.11506089568138123,0.2570735514163971,0.09404575824737549,0.09930192679166794
12,S3,LatCrit,BS2,BS2,0,BS2,BS2,0,0.6021788120269775,0.7497748136520386,0.14759600162506104,0.0875997245311737,0.2951919436454773,0.2893773317337036,0.2207525372505188,0.10844384878873825,0.02947269007563591,0.6021788120269775,0.7497748136520386
12,S3,ComHvy,BS2,BS2,0,BS2,BS2,0,0.7112007141113281,0.7643537521362305,0.053153038024902344,0.022630605846643448,0.12305619567632675,0.15342819690704346,0.1618032455444336,0.13537105917930603,0.07384295016527176,0.7112007141113281,0.7643537521362305
12,S3,BWHvy,local,local,0,local,local,0,0.6606335043907166,0.5128725171089172,-0.14776098728179932,0.048007071018218994,0.29552197456359863,0.6606335043907166,0.5128725171089172,0.13362149894237518,0.22609226405620575,0.20574498176574707,0.2610352039337158
12,S4,LatCrit,local,local,0,local,local,0,0.7231135368347168,0.6373053193092346,-0.08580821752548218,0.01740429364144802,0.17161643505096436,0.7231135368347168,0.6373053193092346,0.2315090298652649,0.29252690076828003,0.0453774556517601,0.07016779482364655
12,S4,ComHvy,local,local,0,local,local,0,0.7187256217002869,0.7478045225143433,0.029078900814056396,0.0036590732634067535,0.05924414098262787,0.7187256217002869,0.7478045225143433,0.11897740513086319,0.11952059715986252,0.16229696571826935,0.1326749175786972
12,S4,BWHvy,local,local,0,local,local,0,0.7522463202476501,0.5977591872215271,-0.15448713302612305,0.05293218418955803,0.3089742958545685,0.7522463202476501,0.5977591872215271,0.12573085725307465,0.19920603930950165,0.12202278524637222,0.20303477346897125
12,S5,LatCrit,local,local,0,local,local,0,0.5324050188064575,0.4657764434814453,-0.06662857532501221,0.021758122369647026,0.17527638375759125,0.5324050188064575,0.4657764434814453,0.17758433520793915,0.2652225196361542,0.2900106608867645,0.2690010368824005
12,S5,ComHvy,BS1,BS1,0,BS1,BS1,0,0.8907000422477722,0.9390168786048889,0.0483168363571167,0.016739051789045334,0.09663370996713638,0.10038447380065918,0.0557326078414917,0.8907000422477722,0.9390168786048889,0.008915497921407223,0.005250490270555019
12,S5,BWHvy,local,local,0,local,local,0,0.7399357557296753,0.5885298252105713,-0.151405930519104,0.05291487276554108,0.3028118908405304,0.7399357557296753,0.5885298252105713,0.125328928232193,0.22860345244407654,0.13473527133464813,0.18286670744419098
12,S6,LatCrit,local,local,0,local,local,0,0.6382263898849487,0.5222232341766357,-0.11600315570831299,0.027573920786380768,0.23200635612010956,0.6382263898849487,0.5222232341766357,0.027054104954004288,0.032052867114543915,0.3347194790840149,0.44572392106056213
12,S6,ComHvy,local,local,0,local,local,0,0.8346804976463318,0.8201013207435608,-0.014579176902770996,0.006009265780448914,0.05926503986120224,0.8346804976463318,0.8201013207435608,0.05638574808835983,0.04133240878582001,0.10893374681472778,0.1385662704706192
12,S6,BWHvy,local,local,0,local,local,0,0.7440773248672485,0.5811320543289185,-0.16294527053833008,0.05809072405099869,0.3258904814720154,0.7440773248672485,0.5811320543289185,0.1475214809179306,0.23194606602191925,0.10840123891830444,0.1869218796491623
12,S7,LatCrit,local,local,0,local,local,0,0.8909693360328674,0.9043170809745789,0.013347744941711426,0.005432012025266886,0.02669549733400345,0.8909693360328674,0.9043170809745789,0.09882016479969025,0.09261277318000793,0.010210524313151836,0.0030701644718647003
12,S7,ComHvy,local,local,0,local,local,0,0.9377688765525818,0.9438402056694031,0.006071329116821289,0.01547397393733263,0.04117044806480408,0.9377688765525818,0.9438402056694031,0.031464364379644394,0.010879144072532654,0.030766764655709267,0.045280665159225464
12,S7,BWHvy,local,local,0,local,local,0,0.6806955337524414,0.5464048385620117,-0.1342906951904297,0.03795280680060387,0.26858142018318176,0.6806955337524414,0.5464048385620117,0.1888243556022644,0.28013983368873596,0.1304800808429718,0.17345532774925232
12,S8,LatCrit,local,BS2,1,local,BS2,1,0.5303013324737549,0.5481746196746826,0.017873287200927734,0.06560726463794708,0.33052271604537964,0.5303013324737549,0.4136282205581665,0.08678541332483292,0.038197148591279984,0.3829132616519928,0.5481746196746826
12,S8,ComHvy,BS1,local,1,BS1,BS1,0,0.48829516768455505,0.5343672037124634,0.046072036027908325,0.039611320942640305,0.1281527280807495,0.4702908396720886,0.5343672037124634,0.48829516768455505,0.45761409401893616,0.04141402617096901,0.008018733002245426
12,S8,BWHvy,local,local,0,local,local,0,0.7394476532936096,0.5642990469932556,-0.175148606300354,0.06668653339147568,0.35029715299606323,0.7394476532936096,0.5642990469932556,0.10775506496429443,0.16393734514713287,0.15279728174209595,0.27176356315612793
13,S1,LatCrit,local,local,0,local,local,0,0.6418271660804749,0.6262925863265991,-0.015534579753875732,0.0027881478890776634,0.05670490860939026,0.6418271660804749,0.6262925863265991,0.16896934807300568,0.19732177257537842,0.18920348584651947,0.17638558149337769
13,S1,ComHvy,BS1,BS1,0,BS1,BS1,0,0.5282914638519287,0.44133996963500977,-0.08695149421691895,0.02488839626312256,0.17631468176841736,0.2976645231246948,0.2964586615562439,0.5282914638519287,0.44133996963500977,0.17404407262802124,0.2622013986110687
13,S1,BWHvy,local,local,0,local,local,0,0.7266445159912109,0.6692686676979065,-0.05737584829330444,0.007855996489524841,0.1147516742348671,0.7266445159912109,0.6692686676979065,0.08237239718437195,0.09434323757886887,0.1909831017255783,0.23638808727264404
13,S2,LatCrit,local,local,0,local,local,0,0.7816898226737976,0.8336416482925415,0.051951825618743896,0.009753875434398651,0.10390360653400421,0.7816898226737976,0.8336416482925415,0.182149738073349,0.13353584706783295,0.0361604243516922,0.03282253444194794
13,S2,ComHvy,BS2,BS2,0,BS2,BS2,0,0.5461384654045105,0.6749426126480103,0.12880414724349976,0.056040115654468536,0.2576082944869995,0.3300250768661499,0.274461567401886,0.12383642047643661,0.05059579387307167,0.5461384654045105,0.6749426126480103
13,S2,BWHvy,local,local,0,local,local,0,0.785071611404419,0.722898006439209,-0.06217360496520996,0.01785677671432495,0.1413959413766861,0.785071611404419,0.722898006439209,0.12307816743850708,0.19377614557743073,0.09185021370649338,0.08332585543394089
13,S3,LatCrit,local,local,0,local,local,0,0.49493342638015747,0.48032480478286743,-0.014608621597290039,0.01813621073961258,0.14230117201805115,0.49493342638015747,0.48032480478286743,0.1836668848991394,0.12712490558624268,0.3213997185230255,0.3925502896308899
13,S3,ComHvy,local,local,0,local,local,0,0.7491483688354492,0.8808125853538513,0.1316642165184021,0.06874975562095642,0.2633284330368042,0.7491483688354492,0.8808125853538513,0.03048093244433403,0.008918327279388905,0.22037069499492645,0.11026907712221146
13,S3,BWHvy,local,local,0,local,local,0,0.7753905057907104,0.760136067867279,-0.015254437923431396,0.0019201179966330528,0.03961333632469177,0.7753905057907104,0.760136067867279,0.10373463481664658,0.12354128062725067,0.12087488919496536,0.11632263660430908
13,S4,LatCrit,BS1,BS1,0,BS1,BS1,0,0.6074007153511047,0.5440446734428406,-0.06335604190826416,0.011488568037748337,0.1267121136188507,0.23489677906036377,0.2433786392211914,0.6074007153511047,0.5440446734428406,0.1577025204896927,0.2125767320394516
13,S4,ComHvy,BS2,BS2,0,BS2,BS2,0,0.5976975560188293,0.7357013821601868,0.13800382614135742,0.04596130549907684,0.27600762248039246,0.36035335063934326,0.23035871982574463,0.041949059814214706,0.03393988683819771,0.5976975560188293,0.7357013821601868
13,S4,BWHvy,local,local,0,local,local,0,0.8075866103172302,0.8033329248428345,-0.004253685474395752,0.00033593829721212387,0.013562671840190887,0.8075866103172302,0.8033329248428345,0.11964482069015503,0.11711717396974564,0.07276857644319534,0.07954991608858109
13,S5,LatCrit,local,local,0,local,local,0,0.7270070314407349,0.7137040495872498,-0.013302981853485107,0.0004813363775610924,0.0266060009598732,0.7270070314407349,0.7137040495872498,0.08410625904798508,0.08583922684192657,0.18888668715953827,0.20045673847198486
13,S5,ComHvy,BS1,BS1,0,BS1,BS1,0,0.5141023397445679,0.537293553352356,0.023191213607788086,0.005102420225739479,0.04638244956731796,0.47931843996047974,0.4610788822174072,0.5141023397445679,0.537293553352356,0.006579226348549128,0.0016275475500151515
13,S5,BWHvy,local,local,0,local,local,0,0.7735631465911865,0.7356404066085815,-0.03792273998260498,0.004293628502637148,0.07584542781114578,0.7735631465911865,0.7356404066085815,0.14078573882579803,0.17254497110843658,0.08565113693475723,0.09181459248065948
13,S6,LatCrit,local,local,0,local,local,0,0.5356442928314209,0.5684328079223633,0.03278851509094238,0.0037311315536499023,0.06557701528072357,0.5356442928314209,0.5684328079223633,0.02418377250432968,0.015485143288969994,0.4401719272136688,0.4160820543766022
13,S6,ComHvy,local,BS1,1,local,local,0,0.4857211709022522,0.4386812150478363,-0.047039955854415894,0.004833759739995003,0.09776884317398071,0.4857211709022522,0.43683671951293945,0.3993183374404907,0.4386812150478363,0.11496052145957947,0.12448203563690186
13,S6,BWHvy,local,local,0,local,local,0,0.7657403945922852,0.7266342639923096,-0.039106130599975586,0.008727642707526684,0.09914419054985046,0.7657403945922852,0.7266342639923096,0.14203250408172607,0.1916045844554901,0.09222711622714996,0.08176113665103912
13,S7,LatCrit,local,local,0,local,local,0,0.9420629143714905,0.9426198601722717,0.00055694580078125,0.0012475242838263512,0.010548082180321217,0.9420629143714905,0.9426198601722717,0.04916669428348541,0.04389265924692154,0.008770368061959743,0.013487469404935837
13,S7,ComHvy,local,local,0,local,local,0,0.6080934405326843,0.6300923824310303,0.021998941898345947,0.028134115040302277,0.1537109613418579,0.6080934405326843,0.6300923824310303,0.19163252413272858,0.11477705091238022,0.2002740502357483,0.2551305890083313
13,S7,BWHvy,local,local,0,local,local,0,0.689145028591156,0.6989235877990723,0.00977855920791626,0.004556834697723389,0.06165130436420441,0.689145028591156,0.6989235877990723,0.12709960341453552,0.14814670383930206,0.18375535309314728,0.15292970836162567
13,S8,LatCrit,local,BS2,1,BS2,BS2,0,0.41585785150527954,0.6150490045547485,0.199191153049469,0.08960910141468048,0.41832470893859863,0.41585785150527954,0.27652275562286377,0.17825549840927124,0.10842825472354889,0.40588662028312683,0.6150490045547485
13,S8,ComHvy,BS1,BS1,0,BS1,BS1,0,0.6639516949653625,0.7850425243377686,0.121090829372406,0.046327561140060425,0.24218155443668365,0.2623807191848755,0.18459641933441162,0.6639516949653625,0.7850425243377686,0.07366754859685898,0.030361123383045197
13,S8,BWHvy,local,local,0,local,local,0,0.7209295034408569,0.6994836926460266,-0.021445810794830322,0.0012396406382322311,0.042891621589660645,0.7209295034408569,0.6994836926460266,0.14366640150547028,0.15928864479064941,0.1354040801525116,0.14122764766216278
14,S1,LatCrit,local,local,0,local,BS2,1,0.6303784847259521,0.5524774789810181,-0.07790100574493408,0.015542592853307724,0.15580201148986816,0.6303784847259521,0.5524774789810181,0.18475212156772614,0.19492477178573608,0.1848694235086441,0.25259777903556824
14,S1,ComHvy,BS1,local,1,local,local,0,0.46615979075431824,0.5092133283615112,0.04305353760719299,0.04596532881259918,0.1436409056186676,0.4373928904533386,0.5092133283615112,0.46615979075431824,0.4580872058868408,0.09644734114408493,0.03269946575164795
14,S1,BWHvy,local,BS1,1,local,BS1,1,0.5782910585403442,0.43860554695129395,-0.1396855115890503,0.06817236542701721,0.3659604787826538,0.5782910585403442,0.39531081914901733,0.3004947602748871,0.43860554695129395,0.12121421098709106,0.16608364880084991
14,S2,LatCrit,local,local,0,local,local,0,0.7300092577934265,0.6836235523223877,-0.04638570547103882,0.007955331355333328,0.09277141839265823,0.7300092577934265,0.6836235523223877,0.17414814233779907,0.18159621953964233,0.09584259241819382,0.13478022813796997
14,S2,ComHvy,local,local,0,local,local,0,0.658483624458313,0.6993317604064941,0.04084813594818115,0.023022912442684174,0.13597485423088074,0.658483624458313,0.6993317604064941,0.17815715074539185,0.20529641211032867,0.16335925459861755,0.0953718051314354
14,S2,BWHvy,local,BS1,1,local,BS1,1,0.550984263420105,0.40382400155067444,-0.14716026186943054,0.09343627840280533,0.3802739977836609,0.550984263420105,0.36845874786376953,0.2136870175600052,0.40382400155067444,0.2353287637233734,0.22771726548671722
14,S3,LatCrit,local,local,0,local,local,0,0.6891191005706787,0.6438044309616089,-0.045314669609069824,0.010887451469898224,0.1249651089310646,0.6891191005706787,0.6438044309616089,0.0851186066865921,0.06795068830251694,0.22576232254505157,0.2882448434829712
14,S3,ComHvy,local,local,0,local,local,0,0.6319531798362732,0.617609977722168,-0.014343202114105225,0.005248371511697769,0.06060364842414856,0.6319531798362732,0.617609977722168,0.3230118155479431,0.3533136248588562,0.045035019516944885,0.029076382517814636
14,S3,BWHvy,local,local,0,local,local,0,0.6373987197875977,0.475294291973114,-0.16210442781448364,0.05437648296356201,0.32420891523361206,0.6373987197875977,0.475294291973114,0.2343142181634903,0.3600504398345947,0.12828700244426727,0.16465523838996887
14,S4,LatCrit,local,local,0,local,local,0,0.49839264154434204,0.4262632131576538,-0.07212942838668823,0.010598350316286087,0.14425885677337646,0.49839264154434204,0.4262632131576538,0.28979939222335815,0.3265126049518585,0.2118079662322998,0.24722418189048767
14,S4,ComHvy,local,BS2,1,local,local,0,0.5293434262275696,0.5180870890617371,-0.01125633716583252,0.07885752618312836,0.3647289574146271,0.5293434262275696,0.41637569665908813,0.13493399322032928,0.0655372366309166,0.3357226252555847,0.5180870890617371
14,S4,BWHvy,local,local,0,local,BS2,1,0.700285017490387,0.5491703152656555,-0.15111470222473145,0.04786492511630058,0.3022294044494629,0.700285017490387,0.5491703152656555,0.15977928042411804,0.23964984714984894,0.1399357169866562,0.21117983758449554
14,S5,LatCrit,local,local,0,local,local,0,0.8954381346702576,0.8611018657684326,-0.03433626890182495,0.006024746224284172,0.06867258250713348,0.8954381346702576,0.8611018657684326,0.04562082514166832,0.052711937576532364,0.05894102528691292,0.08618622273206711
14,S5,ComHvy,BS1,BS1,0,BS1,BS1,0,0.41644883155822754,0.6096751689910889,0.19322633743286133,0.12305581569671631,0.3967987298965454,0.36344897747039795,0.16504967212677002,0.41644883155822754,0.6096751689910889,0.22010216116905212,0.22527523338794708
14,S5,BWHvy,local,local,0,local,BS1,1,0.6477164030075073,0.42573511600494385,-0.22198128700256348,0.10331347584724426,0.44396257400512695,0.6477164030075073,0.42573511600494385,0.21726101636886597,0.3932484984397888,0.1350225806236267,0.18101637065410614
14,S6,LatCrit,BS2,BS2,0,BS2,BS2,0,0.580206036567688,0.6006048917770386,0.020398855209350586,0.0037242062389850616,0.07034070789813995,0.24634385108947754,0.21117353439331055,0.1734500527381897,0.18822158873081207,0.580206036567688,0.6006048917770386
14,S6,ComHvy,BS2,BS2,0,BS2,BS2,0,0.6545279622077942,0.6127954721450806,-0.04173249006271362,0.0043239593505859375,0.08346496522426605,0.20996123552322388,0.24635779857635498,0.13551080226898193,0.14084671437740326,0.6545279622077942,0.6127954721450806
14,S6,BWHvy,local,local,0,local,local,0,0.5991870164871216,0.414864718914032,-0.1843222975730896,0.0698796808719635,0.3686446249485016,0.5991870164871216,0.414864718914032,0.20256257057189941,0.31879523396492004,0.19825038313865662,0.266340047121048
14,S7,LatCrit,local,local,0,local,local,0,0.8769371509552002,0.9149010181427002,0.0379638671875,0.010660856030881405,0.07592770457267761,0.8769371509552002,0.9149010181427002,0.10768827050924301,0.07920752465724945,0.01537456177175045,0.005891471169888973
14,S7,ComHvy,local,local,0,local,local,0,0.945820152759552,0.9396435618400574,-0.006176590919494629,0.004387455992400646,0.020259223878383636,0.945820152759552,0.9396435618400574,0.0052159493789076805,0.001262931851670146,0.04896387830376625,0.05909349396824837
14,S7,BWHvy,local,local,0,local,local,0,0.5563300848007202,0.3919064998626709,-0.16442358493804932,0.06078914552927017,0.32884716987609863,0.5563300848007202,0.3919064998626709,0.2218691110610962,0.2554524838924408,0.22180084884166718,0.3526410460472107
14,S8,LatCrit,local,BS2,1,local,BS2,1,0.4629812240600586,0.43649235367774963,-0.02648887038230896,0.041841208934783936,0.2798847556114197,0.4629812240600586,0.36137741804122925,0.240468829870224,0.2021302431821823,0.2965499758720398,0.43649235367774963
14,S8,ComHvy,BS1,BS1,0,BS1,BS1,0,0.3995722830295563,0.6381571888923645,0.23858490586280823,0.2755510210990906,0.5084116458892822,0.2662118077278137,0.2818326950073242,0.3995722830295563,0.6381571888923645,0.3342159390449524,0.08001010864973068
14,S8,BWHvy,local,local,0,local,local,0,0.6947310566902161,0.5035973787307739,-0.19113367795944214,0.0753326565027237,0.3822672963142395,0.6947310566902161,0.5035973787307739,0.15094952285289764,0.2359502911567688,0.1543194204568863,0.2604523003101349
15,S1,LatCrit,local,BS1,1,local,BS1,1,0.5255580544471741,0.5544716119766235,0.028913557529449463,0.04649251699447632,0.29879525303840637,0.5255580544471741,0.3761604428291321,0.41401517391204834,0.5544716119766235,0.06042679399251938,0.06936799734830856
15,S1,ComHvy,BS1,BS1,0,BS1,BS1,0,0.7422556281089783,0.8297587037086487,0.08750307559967041,0.059545814990997314,0.1879902482032776,0.10886675119400024,0.11535876989364624,0.7422556281089783,0.8297587037086487,0.14887768030166626,0.05488252267241478
15,S1,BWHvy,BS2,BS2,0,BS1,BS1,0,0.3650010824203491,0.44377341866493225,0.07877233624458313,0.0507955327630043,0.24617844820022583,0.27169084548950195,0.14860159158706665,0.3633081018924713,0.4076249599456787,0.3650010824203491,0.44377341866493225
15,S2,LatCrit,local,local,0,local,local,0,0.7476353645324707,0.6936818361282349,-0.05395352840423584,0.007412508130073547,0.10790707916021347,0.7476353645324707,0.6936818361282349,0.17627349495887756,0.22080837190151215,0.07609114050865173,0.08550981432199478
15,S2,ComHvy,local,local,0,BS2,local,1,0.5394246578216553,0.7079193592071533,0.16849470138549805,0.06758420914411545,0.3369893729686737,0.5394246578216553,0.7079193592071533,0.09398813545703888,0.044411588460206985,0.36658722162246704,0.24766910076141357
15,S2,BWHvy,BS1,BS1,0,BS2,BS2,0,0.4398476183414459,0.47174936532974243,0.03190174698829651,0.03447102755308151,0.17223381996154785,0.18491464853286743,0.0987977385520935,0.4398476183414459,0.47174936532974243,0.37523773312568665,0.42945289611816406
15,S3,LatCrit,local,local,0,local,local,0,0.5339685678482056,0.5192816257476807,-0.014686942100524902,0.02223699539899826,0.15596844255924225,0.5339685678482056,0.5192816257476807,0.30490642786026,0.241609126329422,0.16112501919269562,0.23910921812057495
15,S3,ComHvy,local,local,0,local,local,0,0.7807076573371887,0.7955337762832642,0.01482611894607544,0.009788819588720798,0.055905524641275406,0.7807076573371887,0.7955337762832642,0.062362104654312134,0.03440934047102928,0.15693025290966034,0.17005689442157745
15,S3,BWHvy,BS1,BS1,0,BS1,BS1,0,0.4249224364757538,0.46853211522102356,0.043609678745269775,0.06317166239023209,0.2905920743942261,0.34272301197052,0.19742697477340698,0.4249224364757538,0.46853211522102356,0.2323545664548874,0.33404091000556946
15,S4,LatCrit,BS1,BS1,0,BS1,BS1,0,0.6051782965660095,0.6564553380012512,0.0512770414352417,0.027020908892154694,0.1848880797624588,0.3161289691925049,0.22368496656417847,0.6051782965660095,0.6564553380012512,0.07869268953800201,0.1198597252368927
15,S4,ComHvy,BS2,BS2,0,BS2,BS2,0,0.8047573566436768,0.8908204436302185,0.08606308698654175,0.03178085386753082,0.17212627828121185,0.1170772910118103,0.06680244207382202,0.07816540449857712,0.042377058416604996,0.8047573566436768,0.8908204436302185
15,S4,BWHvy,BS1,BS1,0,local,BS1,1,0.4371642768383026,0.5695899724960327,0.1324256956577301,0.07562284171581268,0.3563094139099121,0.4258815050125122,0.24772679805755615,0.4371642768383026,0.5695899724960327,0.13695424795150757,0.18268324434757233
15,S5,LatCrit,local,local,0,local,local,0,0.6610924005508423,0.6158658266067505,-0.0452265739440918,0.004797976929694414,0.09045320749282837,0.6610924005508423,0.6158658266067505,0.2490358203649521,0.29039236903190613,0.08987174928188324,0.09374183416366577
15,S5,ComHvy,local,local,0,BS2,BS2,0,0.49639981985092163,0.4171730875968933,-0.07922673225402832,0.013305902481079102,0.15845350921154022,0.49639981985092163,0.4171730875968933,0.16105954349040985,0.1736122965812683,0.3425406217575073,0.40921464562416077
15,S5,BWHvy,BS1,BS1,0,BS2,BS2,0,0.4013182520866394,0.49943509697914124,0.09811684489250183,0.06732596457004547,0.25272566080093384,0.23250889778137207,0.10614609718322754,0.4013182520866394,0.49943509697914124,0.36617282032966614,0.3944188356399536
15,S6,LatCrit,BS1,BS2,1,BS2,BS2,0,0.4444475471973419,0.46573489904403687,0.021287351846694946,0.09107199311256409,0.41161853075027466,0.29562681913375854,0.23024094104766846,0.4444475471973419,0.3040241599082947,0.25992563366889954,0.46573489904403687
15,S6,ComHvy,BS1,BS1,0,BS1,BS1,0,0.6859755516052246,0.7745829820632935,0.08860743045806885,0.08863241970539093,0.1772148311138153,0.2228074073791504,0.20928263664245605,0.6859755516052246,0.7745829820632935,0.0912170559167862,0.016134433448314667
15,S6,BWHvy,BS1,BS1,0,BS1,BS1,0,0.4473011791706085,0.5682087540626526,0.12090757489204407,0.06606172025203705,0.27070164680480957,0.2722506523132324,0.13689982891082764,0.4473011791706085,0.5682087540626526,0.28044816851615906,0.2948914170265198
15,S7,LatCrit,local,local,0,local,local,0,0.6317154169082642,0.5832229852676392,-0.048492431640625,0.0051545631140470505,0.09698489308357239,0.6317154169082642,0.5832229852676392,0.1819358766078949,0.19814352691173553,0.18634869158267975,0.2186335027217865
15,S7,ComHvy,local,local,0,local,local,0,0.7522847652435303,0.737768292427063,-0.014516472816467285,0.0025988388806581497,0.045590534806251526,0.7522847652435303,0.737768292427063,0.14517614245414734,0.13689732551574707,0.10253909230232239,0.12533433735370636
15,S7,BWHvy,BS2,BS1,1,BS2,BS1,1,0.3984595835208893,0.43158629536628723,0.03312671184539795,0.08109862357378006,0.3010258376598358,0.3068879246711731,0.156374990940094,0.2946524918079376,0.43158629536628723,0.3984595835208893,0.4120386838912964
15,S8,LatCrit,local,local,0,local,local,0,0.8113328218460083,0.7888854146003723,-0.022447407245635986,0.0018001376884058118,0.04592423141002655,0.8113328218460083,0.7888854146003723,0.16316638886928558,0.18612852692604065,0.02550075761973858,0.02498606964945793
15,S8,ComHvy,local,local,0,local,local,0,0.759236752986908,0.8229917287826538,0.06375497579574585,0.013125194236636162,0.1275099813938141,0.759236752986908,0.8229917287826538,0.19513092935085297,0.14002183079719543,0.045632340013980865,0.03698642551898956
15,S8,BWHvy,BS1,BS1,0,BS2,BS1,1,0.4206783175468445,0.5650684833526611,0.14439016580581665,0.0912119448184967,0.3305151164531708,0.3117596507072449,0.1465020775794983,0.4206783175468445,0.5650684833526611,0.26756203174591064,0.2884294092655182
16,S1,LatCrit,local,local,0,local,local,0,0.6270530819892883,0.6832948327064514,0.056241750717163086,0.009347785264253616,0.11248348653316498,0.6270530819892883,0.6832948327064514,0.1869656890630722,0.17609000205993652,0.18598121404647827,0.14061516523361206
16,S1,ComHvy,BS1,BS1,0,BS1,BS1,0,0.889306366443634,0.9355883002281189,0.04628193378448486,0.01748184859752655,0.09256387501955032,0.10160768032073975,0.06215733289718628,0.889306366443634,0.9355883002281189,0.009085957892239094,0.0022543619852513075
16,S1,BWHvy,local,local,0,local,local,0,0.4596865177154541,0.5052963495254517,0.04560983180999756,0.004409335553646088,0.09121966361999512,0.4596865177154541,0.5052963495254517,0.2616506516933441,0.2321208119392395,0.2786628007888794,0.26258280873298645
16,S2,LatCrit,local,local,0,local,local,0,0.5526235103607178,0.6708460450172424,0.11822253465652466,0.033441368490457535,0.23644503951072693,0.5526235103607178,0.6708460450172424,0.3381621837615967,0.26506343483924866,0.10921429842710495,0.0640905350446701
16,S2,ComHvy,local,local,0,BS2,BS2,0,0.5538257360458374,0.5563980340957642,0.002572298049926758,0.013045743107795715,0.06211719661951065,0.5538257360458374,0.5563980340957642,0.062002263963222504,0.030943674966692924,0.3841719925403595,0.41265830397605896
16,S2,BWHvy,local,local,0,local,local,0,0.5525796413421631,0.5876941680908203,0.03511452674865723,0.0062823183834552765,0.09618015587329865,0.5525796413421631,0.5876941680908203,0.2763659656047821,0.228275865316391,0.1710544228553772,0.1840299516916275
16,S3,LatCrit,local,local,0,local,local,0,0.8048295974731445,0.8041141033172607,-0.0007154941558837891,0.004211438819766045,0.04117531329393387,0.8048295974731445,0.8041141033172607,0.09211914986371994,0.11270681023597717,0.10305123031139374,0.08317907154560089
16,S3,ComHvy,local,local,0,local,local,0,0.9088770151138306,0.9306045174598694,0.02172750234603882,0.00782364048063755,0.04345502331852913,0.9088770151138306,0.9306045174598694,0.05227535218000412,0.04998460039496422,0.038847632706165314,0.019410863518714905
16,S3,BWHvy,local,local,0,local,local,0,0.6398664712905884,0.6845945119857788,0.04472804069519043,0.005388009827584028,0.08945607393980026,0.6398664712905884,0.6845945119857788,0.27055302262306213,0.2272706776857376,0.08958052098751068,0.08813483268022537
16,S4,LatCrit,BS2,BS2,0,local,local,0,0.476510614156723,0.46374979615211487,-0.012760818004608154,0.0037980424240231514,0.06877530366182327,0.4044307470321655,0.43881839513778687,0.11905863136053085,0.09743179380893707,0.476510614156723,0.46374979615211487
16,S4,ComHvy,BS2,BS2,0,BS2,BS2,0,0.7437189221382141,0.8031917214393616,0.05947279930114746,0.011988826096057892,0.11894557625055313,0.1729356050491333,0.14258861541748047,0.08334547281265259,0.05421968549489975,0.7437189221382141,0.8031917214393616
16,S4,BWHvy,local,local,0,local,local,0,0.6828804016113281,0.7277870178222656,0.0449066162109375,0.006904855836182833,0.08981327712535858,0.6828804016113281,0.7277870178222656,0.20978905260562897,0.16538715362548828,0.10733059793710709,0.10682583600282669
16,S5,LatCrit,local,local,0,local,local,0,0.8266546130180359,0.8504156470298767,0.02376103401184082,0.0022387015633285046,0.04752204939723015,0.8266546130180359,0.8504156470298767,0.1433519721031189,0.1256684958934784,0.029993394389748573,0.023915855213999748
16,S5,ComHvy,local,local,0,local,local,0,0.8530216813087463,0.885503351688385,0.03248167037963867,0.011277352459728718,0.06496332585811615,0.8530216813087463,0.885503351688385,0.031665537506341934,0.012811753898859024,0.11531275510787964,0.10168488323688507
16,S5,BWHvy,local,local,0,local,local,0,0.6913324594497681,0.7383148074150085,0.04698234796524048,0.006246726959943771,0.09396470338106155,0.6913324594497681,0.7383148074150085,0.2179187536239624,0.176368847489357,0.09074878692626953,0.08531633764505386
16,S6,LatCrit,local,local,0,local,local,0,0.7272617816925049,0.7533779144287109,0.026116132736206055,0.0043462663888931274,0.060921065509319305,0.7272617816925049,0.7533779144287109,0.1304939240217209,0.1348382979631424,0.14224432408809662,0.11178376525640488
16,S6,ComHvy,BS1,BS2,1,BS1,BS2,1,0.5231518149375916,0.5560755729675293,0.032923758029937744,0.06172280013561249,0.35011640191078186,0.09583079814910889,0.06943655014038086,0.5231518149375916,0.37448787689208984,0.3810173571109772,0.5560755729675293
16,S6,BWHvy,local,local,0,local,local,0,0.5903252363204956,0.6652939319610596,0.07496869564056396,0.018089309334754944,0.14993734657764435,0.5903252363204956,0.6652939319610596,0.18722489476203918,0.12522011995315552,0.2224498689174652,0.2094859927892685
16,S7,LatCrit,BS2,BS2,0,local,BS2,1,0.35240238904953003,0.5144824981689453,0.16208010911941528,0.08705049753189087,0.32416021823883057,0.310413658618927,0.3098229765892029,0.3371839225292206,0.1756945103406906,0.35240238904953003,0.5144824981689453
16,S7,ComHvy,BS2,local,1,local,local,0,0.5523536205291748,0.5977581739425659,0.04540455341339111,0.08419041335582733,0.40246617794036865,0.39652514457702637,0.5977581739425659,0.051121290773153305,0.025424884632229805,0.5523536205291748,0.37681689858436584
16,S7,BWHvy,local,local,0,local,local,0,0.5907221436500549,0.6328684091567993,0.042146265506744385,0.016547856852412224,0.084292471408844,0.5907221436500549,0.6328684091567993,0.0824081227183342,0.042029764503240585,0.3268697261810303,0.3251018822193146
16,S8,LatCrit,local,local,0,local,local,0,0.7835443615913391,0.7429323196411133,-0.04061204195022583,0.008378710597753525,0.09866763651371002,0.7835443615913391,0.7429323196411133,0.06563601642847061,0.05691424757242203,0.15081961452960968,0.2001534402370453
16,S8,ComHvy,local,BS1,1,local,local,0,0.4133869409561157,0.36489835381507874,-0.04848858714103699,0.023700259625911713,0.18566656112670898,0.4133869409561157,0.3618667721748352,0.4062114655971527,0.36489835381507874,0.18040159344673157,0.27323487401008606
16,S8,BWHvy,local,local,0,local,local,0,0.6886364817619324,0.7289441823959351,0.040307700634002686,0.009120836853981018,0.08402381837368011,0.6886364817619324,0.7289441823959351,0.13948453962802887,0.09747263789176941,0.17187899351119995,0.17358320951461792
17,S1,LatCrit,BS1,BS1,0,BS1,local,1,0.5004907846450806,0.43489688634872437,-0.0655938982963562,0.010915649123489857,0.13118773698806763,0.25280749797821045,0.3126639723777771,0.5004907846450806,0.43489688634872437,0.24670177698135376,0.25243914127349854
17,S1,ComHvy,BS1,BS1,0,BS1,BS1,0,0.7862529754638672,0.8244689702987671,0.0382159948348999,0.0318552628159523,0.07643204927444458,0.1911221742630005,0.17307204008102417,0.7862529754638672,0.8244689702987671,0.022624924778938293,0.0024590054526925087
17,S1,BWHvy,BS1,BS1,0,BS1,BS1,0,0.7253894209861755,0.7058529853820801,-0.01953643560409546,0.006957065314054489,0.0801430493593216,0.08497577905654907,0.06444072723388672,0.7253894209861755,0.7058529853820801,0.18963481485843658,0.22970637679100037
17,S2,LatCrit,BS1,BS1,0,BS1,BS1,0,0.6611475944519043,0.6578800678253174,-0.003267526626586914,0.00016904063522815704,0.01374664157629013,0.22053390741348267,0.2274072766304016,0.6611475944519043,0.6578800678253174,0.11831846088171005,0.11471271514892578
17,S2,ComHvy,local,local,0,local,local,0,0.6634786128997803,0.6823104023933411,0.01883178949356079,0.02390775829553604,0.11542215198278427,0.6634786128997803,0.6823104023933411,0.21473051607608795,0.2536098062992096,0.12179086357355118,0.06407979130744934
17,S2,BWHvy,BS2,BS1,1,BS1,BS1,0,0.47544750571250916,0.4656418263912201,-0.009805679321289062,0.0022213980555534363,0.049072712659835815,0.08344703912734985,0.06879961490631104,0.441105455160141,0.4656418263912201,0.47544750571250916,0.46555858850479126
17,S3,LatCrit,local,local,0,local,local,0,0.5021909475326538,0.44684314727783203,-0.05534780025482178,0.017470065504312515,0.14484243094921112,0.5021909475326538,0.44684314727783203,0.3537572920322418,0.33668389916419983,0.14405173063278198,0.21647296845912933
17,S3,ComHvy,local,local,0,local,local,0,0.8702216148376465,0.8317399621009827,-0.03848165273666382,0.006706899963319302,0.07696329057216644,0.8702216148376465,0.8317399621009827,0.1239919364452362,0.1555006206035614,0.005786441266536713,0.012759397737681866
17,S3,BWHvy,BS1,BS1,0,BS1,BS1,0,0.5714489817619324,0.5790541768074036,0.007605195045471191,0.007085595279932022,0.06041434407234192,0.09314632415771484,0.06293916702270508,0.5714489817619324,0.5790541768074036,0.335404634475708,0.35800662636756897
17,S4,LatCrit,local,local,0,local,local,0,0.5968493223190308,0.6191986799240112,0.02234935760498047,0.00157887302339077,0.04469867795705795,0.5968493223190308,0.6191986799240112,0.12460456788539886,0.10882966965436935,0.2785460650920868,0.2719716429710388
17,S4,ComHvy,local,local,0,local,local,0,0.6302567720413208,0.7420205473899841,0.11176377534866333,0.03874756395816803,0.22352756559848785,0.6302567720413208,0.7420205473899841,0.02455422654747963,0.006639464758336544,0.34518900513648987,0.25133997201919556
17,S4,BWHvy,BS1,BS1,0,BS1,BS1,0,0.5525162220001221,0.545809805393219,-0.006706416606903076,0.0055816881358623505,0.06812754273414612,0.11438435316085815,0.08702695369720459,0.5525162220001221,0.545809805393219,0.33309945464134216,0.36716318130493164
17,S5,LatCrit,local,local,0,local,local,0,0.6502729654312134,0.6689916253089905,0.0187186598777771,0.008567225188016891,0.09217536449432373,0.6502729654312134,0.6689916253089905,0.21095450222492218,0.1648668497800827,0.13877248764038086,0.166141539812088
17,S5,ComHvy,local,local,0,local,local,0,0.8619036078453064,0.8985728025436401,0.03666919469833374,0.009269541129469872,0.07333841174840927,0.8619036078453064,0.8985728025436401,0.0075606694445014,0.002177080838009715,0.13053572177886963,0.09925009310245514
17,S5,BWHvy,BS1,BS1,0,BS1,BS1,0,0.5598999857902527,0.5858412384986877,0.02594125270843506,0.005456673912703991,0.07507643103599548,0.17787742614746094,0.140339195728302,0.5598999857902527,0.5858412384986877,0.26222261786460876,0.27381956577301025
17,S6,LatCrit,BS1,local,1,BS1,BS1,0,0.3750816285610199,0.4098069667816162,0.034725338220596313,0.010111622512340546,0.13675442337989807,0.34142976999282837,0.4098069667816162,0.3750816285610199,0.3440738022327423,0.28348860144615173,0.2461192011833191
17,S6,ComHvy,BS1,BS1,0,BS1,BS1,0,0.5603138208389282,0.6442660093307495,0.08395218849182129,0.025341691449284554,0.204330712556839,0.36468505859375,0.2625197172164917,0.5603138208389282,0.6442660093307495,0.07500111311674118,0.09321429580450058
17,S6,BWHvy,BS1,BS2,1,BS1,BS1,0,0.5080643892288208,0.5060586929321289,-0.0020056962966918945,0.021682679653167725,0.2039044201374054,0.0878291130065918,0.08205962181091309,0.5080643892288208,0.411881685256958,0.404106467962265,0.5060586929321289
17,S7,LatCrit,BS2,BS2,0,BS2,BS2,0,0.6727919578552246,0.43128490447998047,-0.24150705337524414,0.13192211091518402,0.48301419615745544,0.13135993480682373,0.15250468254089355,0.19584807753562927,0.41621047258377075,0.6727919578552246,0.43128490447998047
17,S7,ComHvy,local,local,0,local,local,0,0.767429769039154,0.8240069150924683,0.05657714605331421,0.014154434204101562,0.11315427720546722,0.767429769039154,0.8240069150924683,0.011926135048270226,0.0035955922212451696,0.22064411640167236,0.17239752411842346
17,S7,BWHvy,BS2,BS2,0,BS2,BS2,0,0.5489248037338257,0.7154872417449951,0.16656243801116943,0.06427989900112152,0.3331248164176941,0.045276105403900146,0.03695511817932129,0.40579909086227417,0.24755769968032837,0.5489248037338257,0.7154872417449951
17,S8,LatCrit,local,local,0,local,local,0,0.659583568572998,0.6308610439300537,-0.028722524642944336,0.015299990773200989,0.11214730888605118,0.659583568572998,0.6308610439300537,0.256072461605072,0.22872133553028107,0.08434394747018814,0.14041760563850403
17,S8,ComHvy,BS2,BS2,0,BS2,BS2,0,0.4418182373046875,0.49874192476272583,0.05692368745803833,0.01847902685403824,0.14944767951965332,0.24237370491027832,0.16764986515045166,0.3158080279827118,0.3336081802845001,0.4418182373046875,0.49874192476272583
17,S8,BWHvy,BS1,BS1,0,BS1,BS1,0,0.5351534485816956,0.45539921522140503,-0.07975423336029053,0.028051763772964478,0.22720810770988464,0.17172735929489136,0.13787752389907837,0.5351534485816956,0.45539921522140503,0.2931192219257355,0.4067232608795166
18,S1,LatCrit,local,local,0,local,local,0,0.5126637816429138,0.48932886123657227,-0.023334920406341553,0.001219058409333229,0.0466698557138443,0.5126637816429138,0.48932886123657227,0.1901971697807312,0.19357354938983917,0.297139048576355,0.31709760427474976
18,S1,ComHvy,BS1,BS1,0,BS1,BS1,0,0.8159722685813904,0.8756147027015686,0.05964243412017822,0.014738637022674084,0.11928492784500122,0.1549195647239685,0.10685151815414429,0.8159722685813904,0.8756147027015686,0.029108192771673203,0.017533741891384125
18,S1,BWHvy,local,local,0,local,local,0,0.6056393384933472,0.5517562627792358,-0.05388307571411133,0.006255977787077427,0.10776612162590027,0.6056393384933472,0.5517562627792358,0.2607276737689972,0.30494457483291626,0.13363300263881683,0.1432991474866867
18,S2,LatCrit,local,local,0,local,local,0,0.5130195021629333,0.41473400592803955,-0.0982854962348938,0.028085976839065552,0.2163192182779312,0.5130195021629333,0.41473400592803955,0.2733613848686218,0.38152098655700684,0.21361911296844482,0.20374499261379242
18,S2,ComHvy,local,local,0,local,local,0,0.4548379182815552,0.42393767833709717,-0.030900239944458008,0.05006486922502518,0.26508426666259766,0.4548379182815552,0.42393767833709717,0.23791027069091797,0.3704524040222168,0.30725181102752686,0.20560991764068604
18,S2,BWHvy,local,local,0,local,local,0,0.7894723415374756,0.7204630374908447,-0.06900930404663086,0.015809033066034317,0.13932166993618011,0.7894723415374756,0.7204630374908447,0.14757469296455383,0.21723556518554688,0.062952920794487,0.06230142340064049
18,S3,LatCrit,local,local,0,BS2,BS2,0,0.4855479598045349,0.41839438676834106,-0.06715357303619385,0.010174829512834549,0.1343071460723877,0.4855479598045349,0.41839438676834106,0.18056455254554749,0.22180530428886414,0.3338874876499176,0.3598003089427948
18,S3,ComHvy,local,local,0,local,local,0,0.8245420455932617,0.8528869152069092,0.02834486961364746,0.009204997681081295,0.056689754128456116,0.8245420455932617,0.8528869152069092,0.14691177010536194,0.13514047861099243,0.02854616940021515,0.011972574517130852
18,S3,BWHvy,local,local,0,local,local,0,0.708675742149353,0.6237986087799072,-0.0848771333694458,0.01634938269853592,0.1697542816400528,0.708675742149353,0.6237986087799072,0.18645627796649933,0.23085737228393555,0.10486799478530884,0.14534404873847961
18,S4,LatCrit,local,BS2,1,local,local,0,0.4338109493255615,0.43711528182029724,0.0033043324947357178,0.023744918406009674,0.2120068073272705,0.4338109493255615,0.3570084571838379,0.2350771725177765,0.20587623119354248,0.3311119079589844,0.43711528182029724
18,S4,ComHvy,local,local,0,local,local,0,0.684151291847229,0.7070952653884888,0.022943973541259766,0.006148671731352806,0.045887935906648636,0.684151291847229,0.7070952653884888,0.014193846844136715,0.005094344262033701,0.3016549050807953,0.28781044483184814
18,S4,BWHvy,local,local,0,local,local,0,0.7592991590499878,0.6935147047042847,-0.06578445434570312,0.014832891523838043,0.13156896829605103,0.7592991590499878,0.6935147047042847,0.1479341685771942,0.1599966138601303,0.09276663511991501,0.1464887112379074
18,S5,LatCrit,local,local,0,local,local,0,0.6633501052856445,0.5676593780517578,-0.09569072723388672,0.07875265926122665,0.32673507928848267,0.6633501052856445,0.5676593780517578,0.20180703699588776,0.13413019478321075,0.1348428875207901,0.29821041226387024
18,S5,ComHvy,local,local,0,local,local,0,0.8425282835960388,0.8560470342636108,0.013518750667572021,0.0007382826879620552,0.027037471532821655,0.8425282835960388,0.8560470342636108,0.07398515194654465,0.06663582473993301,0.08348654955625534,0.07731715589761734
18,S5,BWHvy,local,local,0,local,local,0,0.7848796844482422,0.7274088859558105,-0.05747079849243164,0.009028265252709389,0.1149415522813797,0.7848796844482422,0.7274088859558105,0.167400524020195,0.21776540577411652,0.047719817608594894,0.05482569336891174
18,S6,LatCrit,local,BS2,1,local,BS2,1,0.43905001878738403,0.4215504229068756,-0.017499595880508423,0.023558203130960464,0.20690956711769104,0.43905001878738403,0.3355952501296997,0.1933627724647522,0.24285432696342468,0.3675871789455414,0.4215504229068756
18,S6,ComHvy,local,local,0,local,local,0,0.6983169317245483,0.7343358993530273,0.036018967628479004,0.004945681430399418,0.07203793525695801,0.6983169317245483,0.7343358993530273,0.27021464705467224,0.24579988420009613,0.03146839141845703,0.019864188507199287
18,S6,BWHvy,local,local,0,local,local,0,0.726080060005188,0.6712908744812012,-0.054789185523986816,0.00703092198818922,0.10957838594913483,0.726080060005188,0.6712908744812012,0.18210674822330475,0.2198648750782013,0.09181321412324905,0.10884428769350052
18,S7,LatCrit,BS1,BS2,1,BS1,BS2,1,0.505890965461731,0.49380138516426086,-0.012089580297470093,0.04999189078807831,0.31242650747299194,0.15652090311050415,0.12517863512039185,0.505890965461731,0.3810199499130249,0.3375881612300873,0.49380138516426086
18,S7,ComHvy,local,local,0,BS2,BS2,0,0.5481066703796387,0.5539864301681519,0.005879759788513184,0.005168083123862743,0.01239826250821352,0.5481066703796387,0.5539864301681519,0.008343442343175411,0.0021443308796733618,0.44354987144470215,0.4438692629337311
18,S7,BWHvy,local,local,0,local,local,0,0.7803317308425903,0.718190610408783,-0.06214112043380737,0.01604212075471878,0.14061634242534637,0.7803317308425903,0.718190610408783,0.07404368370771408,0.06587664037942886,0.1456245630979538,0.21593274176120758
18,S8,LatCrit,local,local,0,local,local,0,0.6129764318466187,0.6047910451889038,-0.008185386657714844,0.03242845833301544,0.16684211790561676,0.6129764318466187,0.6047910451889038,0.2389216423034668,0.16368600726127625,0.14810188114643097,0.23152297735214233
18,S8,ComHvy,BS1,BS1,0,BS1,BS1,0,0.6914255619049072,0.7794076204299927,0.08798205852508545,0.02138986811041832,0.17596405744552612,0.23433440923690796,0.16131383180618286,0.6914255619049072,0.7794076204299927,0.07423999160528183,0.059278570115566254
18,S8,BWHvy,local,local,0,local,local,0,0.7293318510055542,0.7021145820617676,-0.02721726894378662,0.003036344423890114,0.054434530436992645,0.7293318510055542,0.7021145820617676,0.15497995913028717,0.1564023494720459,0.11568819731473923,0.14148306846618652
19,S1,LatCrit,local,local,0,local,local,0,0.80085289478302,0.8536730408668518,0.05282014608383179,0.010600941255688667,0.10564031451940536,0.80085289478302,0.8536730408668518,0.11544825881719589,0.0803699791431427,0.08369885385036469,0.0659569650888443
19,S1,ComHvy,local,local,0,local,local,0,0.7807693481445312,0.8080320954322815,0.027262747287750244,0.018289553001523018,0.05452551320195198,0.7807693481445312,0.8080320954322815,0.01511302124708891,0.002021988620981574,0.20411765575408936,0.18994592130184174
19,S1,BWHvy,local,local,0,local,local,0,0.6865293979644775,0.6756972074508667,-0.01083219051361084,0.0036913352087140083,0.05742642283439636,0.6865293979644775,0.6756972074508667,0.13813529908657074,0.16684848070144653,0.1753353327512741,0.15745428204536438
19,S2,LatCrit,local,local,0,local,local,0,0.6768937110900879,0.7256848812103271,0.04879117012023926,0.006460161879658699,0.09758240729570389,0.6768937110900879,0.7256848812103271,0.2501288652420044,0.20471595227718353,0.0729774609208107,0.06959913671016693
19,S2,ComHvy,BS2,BS2,0,local,local,0,0.4294010400772095,0.4615846574306488,0.03218361735343933,0.022141335532069206,0.18249893188476562,0.3597016930580139,0.2684522271156311,0.210897296667099,0.2699631452560425,0.4294010400772095,0.4615846574306488
19,S2,BWHvy,local,local,0,local,local,0,0.6952637434005737,0.7225168943405151,0.027253150939941406,0.00308513012714684,0.05450624227523804,0.6952637434005737,0.7225168943405151,0.15123602747917175,0.12508603930473328,0.15350021421909332,0.15239711105823517
19,S3,LatCrit,local,local,0,local,local,0,0.8510692715644836,0.83156418800354,-0.019505083560943604,0.008331714197993279,0.06744895875453949,0.8510692715644836,0.83156418800354,0.11309418827295303,0.14681868255138397,0.03583652526140213,0.021617144346237183
19,S3,ComHvy,BS1,BS1,0,local,local,0,0.4526776373386383,0.488077312707901,0.035399675369262695,0.10947097837924957,0.20244362950325012,0.42124003171920776,0.48706215620040894,0.4526776373386383,0.488077312707901,0.12608234584331512,0.024860525503754616
19,S3,BWHvy,local,local,0,local,local,0,0.7819445133209229,0.7882183790206909,0.006273865699768066,0.00024512322852388024,0.013490654528141022,0.7819445133209229,0.7882183790206909,0.10840027034282684,0.10165493190288544,0.10965524613857269,0.11012669652700424
19,S4,LatCrit,local,local,0,local,local,0,0.6734554171562195,0.6568077802658081,-0.016647636890411377,0.0006238389760255814,0.033295243978500366,0.6734554171562195,0.6568077802658081,0.04884025827050209,0.05194500461220741,0.2777043581008911,0.2912472188472748
19,S4,ComHvy,BS1,BS1,0,BS1,BS1,0,0.506257176399231,0.5503436923027039,0.0440865159034729,0.025773100554943085,0.1097991019487381,0.39147835969924927,0.40229135751724243,0.506257176399231,0.5503436923027039,0.10226453095674515,0.04736494645476341
19,S4,BWHvy,local,local,0,local,local,0,0.6406031847000122,0.6577219367027283,0.017118752002716064,0.004294855520129204,0.06267455220222473,0.6406031847000122,0.6577219367027283,0.15803200006484985,0.1266947090625763,0.20136484503746033,0.21558335423469543
19,S5,LatCrit,local,local,0,local,local,0,0.533916711807251,0.5302349328994751,-0.003681778907775879,0.02440512925386429,0.1293245553970337,0.533916711807251,0.5302349328994751,0.14206910133361816,0.0810886099934578,0.32401415705680847,0.3886764347553253
19,S5,ComHvy,local,local,0,BS1,BS1,0,0.4301793575286865,0.4598352909088135,0.029655933380126953,0.0032128728926181793,0.07792505621910095,0.4301793575286865,0.4598352909088135,0.4108993709087372,0.3719368577003479,0.1589212417602539,0.16822785139083862
19,S5,BWHvy,local,local,0,local,local,0,0.7133401036262512,0.7216309309005737,0.00829082727432251,0.0006140866316854954,0.023925289511680603,0.7133401036262512,0.7216309309005737,0.14584766328334808,0.13388501107692719,0.1408122479915619,0.14448405802249908
19,S6,LatCrit,local,local,0,local,local,0,0.8991138339042664,0.9105929732322693,0.01147913932800293,0.0035473881289362907,0.02530621364712715,0.8991138339042664,0.9105929732322693,0.06898792088031769,0.07016187906265259,0.03189824894070625,0.01924513280391693
19,S6,ComHvy,local,local,0,local,local,0,0.5622629523277283,0.509373664855957,-0.05288928747177124,0.010558545589447021,0.13841909170150757,0.5622629523277283,0.509373664855957,0.07786441594362259,0.061544157564640045,0.35987263917922974,0.4290821850299835
19,S6,BWHvy,local,local,0,local,local,0,0.6705193519592285,0.6858546733856201,0.015335321426391602,0.0018093325197696686,0.039336517453193665,0.6705193519592285,0.6858546733856201,0.194476917386055,0.19880987703800201,0.1350037008523941,0.11533546447753906
19,S7,LatCrit,BS2,BS2,0,BS2,BS2,0,0.9036881327629089,0.94672030210495,0.043032169342041016,0.0163746140897274,0.08606433868408203,0.09044551849365234,0.051764488220214844,0.00586636271327734,0.001515220501460135,0.9036881327629089,0.94672030210495
19,S7,ComHvy,BS1,BS1,0,BS1,BS1,0,0.7800374031066895,0.8367502689361572,0.05671286582946777,0.02566375583410263,0.12877590954303741,0.0859786868095398,0.09365373849868774,0.7800374031066895,0.8367502689361572,0.13398392498493195,0.06959593296051025
19,S7,BWHvy,local,local,0,local,local,0,0.7021272778511047,0.6943706274032593,-0.007756650447845459,0.006917852908372879,0.07183215022087097,0.7021272778511047,0.6943706274032593,0.16220591962337494,0.19812199473381042,0.13566680252552032,0.1075073778629303
19,S8,LatCrit,local,local,0,local,local,0,0.7122496366500854,0.7422522902488708,0.0300026535987854,0.0036078765988349915,0.06000535935163498,0.7122496366500854,0.7422522902488708,0.1688140332698822,0.1631655991077423,0.11893637478351593,0.09458210319280624
19,S8,ComHvy,local,local,0,local,local,0,0.741970419883728,0.7223402857780457,-0.019630134105682373,0.011890370398759842,0.0887712836265564,0.741970419883728,0.7223402857780457,0.05920809134840965,0.03445258364081383,0.19882148504257202,0.24320712685585022
19,S8,BWHvy,local,local,0,local,local,0,0.6641630530357361,0.6846256256103516,0.02046257257461548,0.0009590210393071175,0.04092514514923096,0.6641630530357361,0.6846256256103516,0.16163809597492218,0.15194520354270935,0.17419885098934174,0.1634291708469391
20,S1,LatCrit,local,local,0,local,local,0,0.6863820552825928,0.6335704326629639,-0.052811622619628906,0.006409571971744299,0.10562323778867722,0.6863820552825928,0.6335704326629639,0.24918153882026672,0.29709646105766296,0.06443643569946289,0.06933312863111496
20,S1,ComHvy,local,local,0,local,local,0,0.8991314172744751,0.9433269500732422,0.04419553279876709,0.017904341220855713,0.08839107304811478,0.8991314172744751,0.9433269500732422,0.006496465764939785,0.0012186748208478093,0.09437210112810135,0.055454351007938385
20,S1,BWHvy,local,local,0,local,BS1,1,0.5658114552497864,0.4024392366409302,-0.1633722186088562,0.0544380284845829,0.3267444968223572,0.5658114552497864,0.4024392366409302,0.2230367362499237,0.3185276389122009,0.21115179359912872,0.2790331542491913
20,S2,LatCrit,BS1,BS1,0,BS1,BS1,0,0.6100963354110718,0.68271404504776,0.07261770963668823,0.04145261272788048,0.22989565134048462,0.30278563499450684,0.18783783912658691,0.6100963354110718,0.68271404504776,0.0871179923415184,0.12944813072681427
20,S2,ComHvy,local,local,0,local,local,0,0.7583547234535217,0.7237085103988647,-0.03464621305465698,0.009877094998955727,0.09824491292238235,0.7583547234535217,0.7237085103988647,0.11613806337118149,0.16526050865650177,0.125507190823555,0.1110309362411499
20,S2,BWHvy,local,BS1,1,local,BS1,1,0.5093010663986206,0.4196445941925049,-0.08965647220611572,0.072537362575531,0.346698135137558,0.5093010663986206,0.35462087392807007,0.2462955266237259,0.4196445941925049,0.2444033920764923,0.22573453187942505
20,S3,LatCrit,local,local,0,local,local,0,0.8047448396682739,0.7566049098968506,-0.04813992977142334,0.007806291338056326,0.10102829337120056,0.8047448396682739,0.7566049098968506,0.17406849563121796,0.22458264231681824,0.021186649799346924,0.018812434747815132
20,S3,ComHvy,BS1,BS1,0,local,local,0,0.5843727588653564,0.5769367814064026,-0.007435977458953857,0.01161826029419899,0.08666892349720001,0.3180602192878723,0.3613947033882141,0.5843727588653564,0.5769367814064026,0.09756702184677124,0.06166856363415718
20,S3,BWHvy,local,local,0,local,local,0,0.6147288680076599,0.39569395780563354,-0.21903491020202637,0.09912294149398804,0.43806982040405273,0.6147288680076599,0.39569395780563354,0.1672539860010147,0.2909296751022339,0.21801716089248657,0.31337636709213257
20,S4,LatCrit,local,BS2,1,local,local,0,0.42362892627716064,0.47802963852882385,0.05440071225166321,0.0463302806019783,0.28339728713035583,0.42362892627716064,0.28193026781082153,0.18113401532173157,0.24004006385803223,0.3952370584011078,0.47802963852882385
20,S4,ComHvy,BS2,BS2,0,BS2,BS2,0,0.5688450336456299,0.633086621761322,0.06424158811569214,0.021635588258504868,0.1791638731956482,0.11659592390060425,0.14193624258041382,0.31455907225608826,0.22497710585594177,0.5688450336456299,0.633086621761322
20,S4,BWHvy,local,BS2,1,local,local,0,0.457435667514801,0.346222460269928,-0.11121320724487305,0.04533562809228897,0.2772686183452606,0.457435667514801,0.3188013434410095,0.2981615364551544,0.3349761664867401,0.24440279603004456,0.346222460269928
20,S5,LatCrit,BS2,BS2,0,BS2,BS2,0,0.5713453888893127,0.6848180294036865,0.11347264051437378,0.045061297714710236,0.22694528102874756,0.2989720106124878,0.25642722845077515,0.12968257069587708,0.05875471606850624,0.5713453888893127,0.6848180294036865
20,S5,ComHvy,BS1,BS1,0,BS1,BS1,0,0.49411648511886597,0.592714250087738,0.09859776496887207,0.04048706591129303,0.20721931755542755,0.2644520401954651,0.2694639563560486,0.49411648511886597,0.592714250087738,0.24143145978450775,0.13782182335853577
20,S5,BWHvy,local,BS1,1,local,local,0,0.548322319984436,0.3768291771411896,-0.17149314284324646,0.06758909672498703,0.36083316802978516,0.548322319984436,0.36790573596954346,0.25797080993652344,0.3768291771411896,0.19370685517787933,0.25526508688926697
20,S6,LatCrit,local,local,0,local,local,0,0.6768763065338135,0.6037527322769165,-0.07312357425689697,0.016244912520051003,0.1528249979019165,0.6768763065338135,0.6037527322769165,0.19490168988704681,0.27131420373916626,0.12822198867797852,0.12493308633565903
20,S6,ComHvy,local,local,0,local,local,0,0.602797269821167,0.5455900430679321,-0.05720722675323486,0.018401160836219788,0.13169780373573303,0.602797269821167,0.5455900430679321,0.2982577383518219,0.28961604833602905,0.0989450216293335,0.16479390859603882
20,S6,BWHvy,local,BS1,1,local,local,0,0.48769915103912354,0.4766594171524048,-0.01103973388671875,0.03632837533950806,0.2579524517059326,0.48769915103912354,0.3587229251861572,0.36303210258483887,0.4766594171524048,0.1492687463760376,0.16461767256259918
20,S7,LatCrit,BS2,BS2,0,BS2,BS2,0,0.6606741547584534,0.6328423023223877,-0.027831852436065674,0.0034056715667247772,0.06667280197143555,0.322812557220459,0.35614895820617676,0.01651333086192608,0.011008786968886852,0.6606741547584534,0.6328423023223877
20,S7,ComHvy,BS2,BS2,0,BS2,BS2,0,0.49410921335220337,0.6480820178985596,0.1539728045463562,0.05003255605697632,0.3079456388950348,0.04228776693344116,0.025417447090148926,0.46360301971435547,0.3265005052089691,0.49410921335220337,0.6480820178985596
20,S7,BWHvy,local,BS1,1,local,BS1,1,0.46844929456710815,0.4986221492290497,0.03017285466194153,0.07592102140188217,0.36124587059020996,0.46844929456710815,0.2878263592720032,0.3448498249053955,0.4986221492290497,0.18670089542865753,0.21355152130126953
20,S8,LatCrit,local,local,0,local,local,0,0.7661427855491638,0.7922241687774658,0.026081383228302002,0.006816518492996693,0.07854044437408447,0.7661427855491638,0.7922241687774658,0.18547217547893524,0.1462019383907318,0.04838506132364273,0.06157388538122177
20,S8,ComHvy,local,local,0,local,local,0,0.6032412648200989,0.6201517581939697,0.01691049337387085,0.004945762455463409,0.07088657468557358,0.6032412648200989,0.6201517581939697,0.050009265542030334,0.06854207068681717,0.3467494547367096,0.3113061785697937
20,S8,BWHvy,local,BS1,1,local,BS1,1,0.4082401990890503,0.4526730477809906,0.04443284869194031,0.054555512964725494,0.2891237437725067,0.4082401990890503,0.26367831230163574,0.40237540006637573,0.4526730477809906,0.18938440084457397,0.28364861011505127
21,S1,LatCrit,BS2,BS2,0,local,BS2,1,0.46185579895973206,0.5090736150741577,0.04721781611442566,0.006464485079050064,0.0944356620311737,0.3917778730392456,0.3756624460220337,0.14636635780334473,0.1152639389038086,0.46185579895973206,0.5090736150741577
21,S1,ComHvy,local,local,0,local,local,0,0.8015879392623901,0.8855800032615662,0.08399206399917603,0.031704775989055634,0.16798417270183563,0.8015879392623901,0.8855800032615662,0.0020090125035494566,0.00015035962860565633,0.19640307128429413,0.11426961421966553
21,S1,BWHvy,BS1,BS2,1,BS2,BS2,0,0.4038862884044647,0.4898589849472046,0.08597269654273987,0.03751111030578613,0.18587470054626465,0.19919204711914062,0.11129981279373169,0.4038862884044647,0.39884117245674133,0.39692163467407227,0.4898589849472046
21,S2,LatCrit,local,local,0,local,local,0,0.6346295475959778,0.613062858581543,-0.021566689014434814,0.07610217481851578,0.25802046060562134,0.6346295475959778,0.613062858581543,0.23019418120384216,0.12275061756372452,0.13517627120018005,0.26418647170066833
21,S2,ComHvy,local,local,0,BS1,BS1,0,0.5525914430618286,0.5341034531593323,-0.018487989902496338,0.0026160310953855515,0.046173930168151855,0.5525914430618286,0.5341034531593323,0.3450745642185211,0.34047558903694153,0.10233399271965027,0.1254209578037262
21,S2,BWHvy,BS1,BS1,0,BS1,BS1,0,0.6469117999076843,0.7952158451080322,0.1483040452003479,0.059189073741436005,0.296608030796051,0.11814963817596436,0.07296431064605713,0.6469117999076843,0.7952158451080322,0.23493853211402893,0.13181985914707184
21,S3,LatCrit,local,local,0,local,local,0,0.5251809358596802,0.4433264136314392,-0.08185452222824097,0.04349862039089203,0.27719801664352417,0.5251809358596802,0.4433264136314392,0.19978366792201996,0.14303919672966003,0.27503541111946106,0.41363441944122314
21,S3,ComHvy,local,local,0,local,local,0,0.7791764736175537,0.8015856146812439,0.022409141063690186,0.016301730647683144,0.10174895823001862,0.7791764736175537,0.8015856146812439,0.18310806155204773,0.13223357498645782,0.03771546110510826,0.06618078798055649
21,S3,BWHvy,BS2,BS2,0,BS2,BS1,1,0.4805246889591217,0.43679195642471313,-0.04373273253440857,0.08335143327713013,0.33496421575546265,0.269195556640625,0.14544618129730225,0.2502797544002533,0.4177618622779846,0.4805246889591217,0.43679195642471313
21,S4,LatCrit,BS2,BS2,0,BS2,BS2,0,0.48762595653533936,0.5346916913986206,0.04706573486328125,0.006621841341257095,0.10908418893814087,0.3846784830093384,0.33013635873794556,0.12769557535648346,0.13517190515995026,0.48762595653533936,0.5346916913986206
21,S4,ComHvy,BS1,BS1,0,BS1,BS1,0,0.5353655219078064,0.6138240694999695,0.07845854759216309,0.06347799301147461,0.1758340299129486,0.3339982032775879,0.3434566855430603,0.5353655219078064,0.6138240694999695,0.13063623011112213,0.04271922633051872
21,S4,BWHvy,BS2,BS2,0,BS2,BS2,0,0.5994162559509277,0.6424315571784973,0.04301530122756958,0.017865940928459167,0.10119375586509705,0.11395835876464844,0.06336146593093872,0.28662538528442383,0.2942069470882416,0.5994162559509277,0.6424315571784973
21,S5,LatCrit,local,local,0,BS2,local,1,0.4982603192329407,0.5250120759010315,0.02675175666809082,0.004240686073899269,0.053503502160310745,0.4982603192329407,0.5250120759010315,0.04084620997309685,0.02640213817358017,0.460893452167511,0.44858577847480774
21,S5,ComHvy,BS1,BS1,0,BS1,BS1,0,0.8169338703155518,0.9025413990020752,0.08560752868652344,0.04824034124612808,0.17121511697769165,0.14080584049224854,0.08807188272476196,0.8169338703155518,0.9025413990020752,0.04226035624742508,0.009386727586388588
21,S5,BWHvy,BS1,BS1,0,BS1,BS1,0,0.49799832701683044,0.5226306319236755,0.024632304906845093,0.05396560579538345,0.22496533393859863,0.23123842477798462,0.1187557578086853,0.49799832701683044,0.5226306319236755,0.2707632780075073,0.35861364006996155
21,S6,LatCrit,local,local,0,local,local,0,0.47612541913986206,0.4676936864852905,-0.008431732654571533,0.018127158284187317,0.1446843445301056,0.47612541913986206,0.4676936864852905,0.33290281891822815,0.2689923942089081,0.1909717619419098,0.2633139491081238
21,S6,ComHvy,local,local,0,local,local,0,0.7153118848800659,0.722165584564209,0.006853699684143066,0.017308052629232407,0.09194987267255783,0.7153118848800659,0.722165584564209,0.11065360903739929,0.06467869132757187,0.1740344613790512,0.21315571665763855
21,S6,BWHvy,BS1,BS1,0,BS1,BS1,0,0.5973331332206726,0.6806619167327881,0.08332878351211548,0.02206561528146267,0.16665752232074738,0.13938546180725098,0.0841054916381836,0.5973331332206726,0.6806619167327881,0.26328137516975403,0.23523260653018951
21,S7,LatCrit,BS2,BS2,0,BS2,BS2,0,0.7014631628990173,0.6413004398345947,-0.06016272306442261,0.00809255987405777,0.12032535672187805,0.2747430205345154,0.3303527235984802,0.023793866857886314,0.028346801176667213,0.7014631628990173,0.6413004398345947
21,S7,ComHvy,local,local,0,local,local,0,0.6330208778381348,0.597973108291626,-0.03504776954650879,0.04817762225866318,0.22370441257953644,0.6330208778381348,0.597973108291626,0.13001734018325806,0.24186952412128448,0.23696178197860718,0.16015732288360596
21,S7,BWHvy,BS1,BS1,0,BS1,BS1,0,0.6376711130142212,0.7915117740631104,0.15384066104888916,0.06251759082078934,0.3076813220977783,0.11896568536758423,0.07057654857635498,0.6376711130142212,0.7915117740631104,0.24336320161819458,0.13791169226169586
21,S8,LatCrit,local,local,0,local,local,0,0.5609868764877319,0.5406873226165771,-0.020299553871154785,0.01155499741435051,0.1145932599902153,0.5609868764877319,0.5406873226165771,0.13201454281806946,0.09501750022172928,0.30699852108955383,0.36429518461227417
21,S8,ComHvy,BS1,BS1,0,BS1,BS1,0,0.4106733798980713,0.47960221767425537,0.06892883777618408,0.07358105480670929,0.2423611730337143,0.3894927501678467,0.44174450635910034,0.4106733798980713,0.47960221767425537,0.19983386993408203,0.07865329086780548
21,S8,BWHvy,BS2,BS1,1,BS2,BS2,0,0.4231182932853699,0.4685068726539612,0.04538857936859131,0.037900589406490326,0.17127203941345215,0.1722049117088318,0.08656889200210571,0.40467679500579834,0.4685068726539612,0.4231182932853699,0.4449242353439331
22,S1,LatCrit,BS2,BS2,0,BS2,BS2,0,0.8116149306297302,0.8733198642730713,0.061704933643341064,0.01853766292333603,0.12340995669364929,0.13391852378845215,0.10003674030303955,0.05446657910943031,0.026643335819244385,0.8116149306297302,0.8733198642730713
22,S1,ComHvy,BS1,BS1,0,BS1,BS1,0,0.8511336445808411,0.860405445098877,0.009271800518035889,0.00039729243144392967,0.01854359358549118,0.1111898422241211,0.10575664043426514,0.8511336445808411,0.860405445098877,0.03767649456858635,0.033837903290987015
22,S1,BWHvy,local,local,0,local,local,0,0.5223840475082397,0.5091676115989685,-0.01321643590927124,0.0017464067786931992,0.05071517825126648,0.5223840475082397,0.5091676115989685,0.23911941051483154,0.264477014541626,0.23849651217460632,0.22635537385940552
22,S2,LatCrit,local,local,0,local,local,0,0.6191465854644775,0.7170602083206177,0.09791362285614014,0.03464695066213608,0.19582726061344147,0.6191465854644775,0.7170602083206177,0.10288593918085098,0.047629475593566895,0.2779674828052521,0.23531030118465424
22,S2,ComHvy,BS1,BS1,0,BS2,BS1,1,0.38206392526626587,0.44794324040412903,0.06587931513786316,0.012334860861301422,0.13175860047340393,0.35138368606567383,0.3424551486968994,0.38206392526626587,0.44794324040412903,0.2665523886680603,0.20960164070129395
22,S2,BWHvy,local,local,0,local,local,0,0.5901575088500977,0.6302057504653931,0.04004824161529541,0.004342472180724144,0.08009647578001022,0.5901575088500977,0.6302057504653931,0.29676514863967896,0.2787410616874695,0.11307733505964279,0.09105318784713745
22,S3,LatCrit,BS2,BS2,0,BS2,BS2,0,0.7752506136894226,0.768821656703949,-0.006428956985473633,0.0043610986322164536,0.0283979382365942,0.21140360832214355,0.22560256719589233,0.013345793820917606,0.005575771909207106,0.7752506136894226,0.768821656703949
22,S3,ComHvy,local,local,0,local,local,0,0.7599735856056213,0.7086080312728882,-0.051365554332733154,0.01009560376405716,0.10529477894306183,0.7599735856056213,0.7086080312728882,0.10657777637243271,0.10529594868421555,0.13344863057136536,0.18609602749347687
22,S3,BWHvy,local,local,0,local,local,0,0.5850921273231506,0.5973515510559082,0.012259423732757568,0.0008541429415345192,0.03595024347305298,0.5850921273231506,0.5973515510559082,0.2754139304161072,0.2574387788772583,0.13949397206306458,0.1452096402645111
22,S4,LatCrit,local,local,0,local,local,0,0.7201147079467773,0.7881680130958557,0.06805330514907837,0.013609789311885834,0.13610661029815674,0.7201147079467773,0.7881680130958557,0.039264433085918427,0.024892088025808334,0.24062086641788483,0.18693991005420685
22,S4,ComHvy,local,local,0,local,local,0,0.7175438404083252,0.8017252683639526,0.08418142795562744,0.03416373208165169,0.16836285591125488,0.7175438404083252,0.8017252683639526,0.24183598160743713,0.1867850422859192,0.04062020406126976,0.011489715427160263
22,S4,BWHvy,local,local,0,local,local,0,0.5719479322433472,0.5437273979187012,-0.028220534324645996,0.003161013126373291,0.07033322751522064,0.5719479322433472,0.5437273979187012,0.18307040631771088,0.17612434923648834,0.24498163163661957,0.2801482677459717
22,S5,LatCrit,local,local,0,local,local,0,0.7457330822944641,0.7875686883926392,0.04183560609817505,0.006332273129373789,0.08406814187765121,0.7457330822944641,0.7875686883926392,0.1984524130821228,0.1564183533191681,0.05581451579928398,0.056012991815805435
22,S5,ComHvy,local,local,0,local,local,0,0.5752319693565369,0.6406055092811584,0.06537353992462158,0.02143757790327072,0.17976734042167664,0.5752319693565369,0.6406055092811584,0.10127193480730057,0.1257820576429367,0.32349610328674316,0.23361243307590485
22,S5,BWHvy,local,local,0,BS1,local,1,0.539208173751831,0.5470808744430542,0.007872700691223145,0.0011912072077393532,0.039975523948669434,0.539208173751831,0.5470808744430542,0.2857477068901062,0.26575997471809387,0.17504408955574036,0.18715918064117432
22,S6,LatCrit,local,local,0,local,local,0,0.6490309238433838,0.6924285888671875,0.04339766502380371,0.006946405861526728,0.09386076778173447,0.6490309238433838,0.6924285888671875,0.23189808428287506,0.18496768176555634,0.11907100677490234,0.12260370701551437
22,S6,ComHvy,local,local,0,local,local,0,0.6941440105438232,0.683890700340271,-0.010253310203552246,0.027529001235961914,0.0914277732372284,0.6941440105438232,0.683890700340271,0.05234328284859657,0.01688266545534134,0.25351274013519287,0.2992265820503235
22,S6,BWHvy,local,local,0,local,local,0,0.5528959035873413,0.5279687643051147,-0.024927139282226562,0.005543950945138931,0.09262783825397491,0.5528959035873413,0.5279687643051147,0.1485481858253479,0.1271613985300064,0.2985558807849884,0.34486979246139526
22,S7,LatCrit,local,BS1,1,local,local,0,0.43961262702941895,0.5525283217430115,0.11291569471359253,0.06765934079885483,0.3435160219669342,0.43961262702941895,0.3489835262298584,0.38077032566070557,0.5525283217430115,0.17961707711219788,0.09848815947771072
22,S7,ComHvy,BS2,BS2,0,BS2,BS2,0,0.5786706209182739,0.51603764295578,-0.0626329779624939,0.017499681562185287,0.17490056157112122,0.32305073738098145,0.41050100326538086,0.09827863425016403,0.07346130907535553,0.5786706209182739,0.51603764295578
22,S7,BWHvy,local,local,0,local,local,0,0.6489791870117188,0.6266096830368042,-0.02236950397491455,0.004126362502574921,0.07414083182811737,0.6489791870117188,0.6266096830368042,0.13691231608390808,0.12221141159534454,0.21410852670669556,0.25117895007133484
22,S8,LatCrit,local,local,0,local,local,0,0.6074606776237488,0.6223517656326294,0.014891088008880615,0.01570720784366131,0.06362083554267883,0.6074606776237488,0.6223517656326294,0.05617307126522064,0.02436264231801033,0.3363662660121918,0.3532855808734894
22,S8,ComHvy,local,local,0,local,local,0,0.7470536231994629,0.8254667520523071,0.07841312885284424,0.024136457592248917,0.1568261981010437,0.7470536231994629,0.8254667520523071,0.2283889651298523,0.1659146100282669,0.024557385593652725,0.008618676103651524
22,S8,BWHvy,local,local,0,local,local,0,0.7374441623687744,0.7267637252807617,-0.010680437088012695,0.0002996213734149933,0.021360885351896286,0.7374441623687744,0.7267637252807617,0.05174224451184273,0.05290044844150543,0.21081362664699554,0.22033587098121643
23,S1,LatCrit,BS2,BS2,0,BS2,BS2,0,0.6315613389015198,0.7931177616119385,0.1615564227104187,0.06879638135433197,0.3231128752231598,0.2877650260925293,0.16077381372451782,0.08067364990711212,0.046108417212963104,0.6315613389015198,0.7931177616119385
23,S1,ComHvy,BS1,local,1,BS1,BS1,0,0.5469768643379211,0.5166308879852295,-0.03034597635269165,0.015372207388281822,0.16876249015331268,0.43224966526031494,0.5166308879852295,0.5469768643379211,0.47076737880706787,0.020773492753505707,0.012601709924638271
23,S1,BWHvy,local,local,0,local,local,0,0.8373928070068359,0.770943284034729,-0.06644952297210693,0.014036193490028381,0.13289907574653625,0.8373928070068359,0.770943284034729,0.08666304498910904,0.1311383694410324,0.07594415545463562,0.09791837632656097
23,S2,LatCrit,local,local,0,local,local,0,0.6154302358627319,0.6255114674568176,0.010081231594085693,0.01060202345252037,0.08840595930814743,0.6154302358627319,0.6255114674568176,0.14849121868610382,0.1042882427573204,0.23607853055000305,0.27020028233528137
23,S2,ComHvy,BS1,BS1,0,BS2,BS1,1,0.6220934987068176,0.7322249412536621,0.11013144254684448,0.028816699981689453,0.2202628254890442,0.053117215633392334,0.036518216133117676,0.6220934987068176,0.7322249412536621,0.32478922605514526,0.23125684261322021
23,S2,BWHvy,local,local,0,local,local,0,0.8228592872619629,0.7724456787109375,-0.05041360855102539,0.010641162283718586,0.10082720220088959,0.8228592872619629,0.7724456787109375,0.10772442817687988,0.15804876387119293,0.06941628456115723,0.06950554251670837
23,S3,LatCrit,local,BS2,1,BS2,BS2,0,0.49875521659851074,0.5940433144569397,0.09528809785842896,0.022290930151939392,0.20799565315246582,0.49875521659851074,0.39475739002227783,0.011044098064303398,0.011199312284588814,0.4902006983757019,0.5940433144569397
23,S3,ComHvy,local,local,0,local,local,0,0.7408195734024048,0.8617690801620483,0.12094950675964355,0.06306122988462448,0.24189899861812592,0.7408195734024048,0.8617690801620483,0.12514400482177734,0.08757345378398895,0.13403642177581787,0.0506574846804142
23,S3,BWHvy,local,local,0,local,local,0,0.8569919466972351,0.8256182670593262,-0.031373679637908936,0.0036442577838897705,0.0627472996711731,0.8569919466972351,0.8256182670593262,0.10698401182889938,0.13237369060516357,0.0360240638256073,0.04200800880789757
23,S4,LatCrit,local,local,0,local,local,0,0.785194993019104,0.712444543838501,-0.07275044918060303,0.015338778495788574,0.15027853846549988,0.785194993019104,0.712444543838501,0.019972171634435654,0.017583351582288742,0.19483284652233124,0.2699721157550812
23,S4,ComHvy,local,local,0,local,local,0,0.5331551432609558,0.4994778037071228,-0.03367733955383301,0.01123540848493576,0.11280599236488342,0.5331551432609558,0.4994778037071228,0.4117826819419861,0.468185693025589,0.055062185972929,0.03233654424548149
23,S4,BWHvy,local,local,0,local,local,0,0.8232723474502563,0.7665390372276306,-0.05673331022262573,0.009615881368517876,0.11346661299467087,0.8232723474502563,0.7665390372276306,0.07099590450525284,0.09151934087276459,0.1057317852973938,0.14194165170192719
23,S5,LatCrit,local,local,0,local,local,0,0.8841988444328308,0.8385010361671448,-0.045697808265686035,0.008553396910429,0.09139563143253326,0.8841988444328308,0.8385010361671448,0.07288023084402084,0.09762828052043915,0.042920924723148346,0.06387069821357727
23,S5,ComHvy,local,local,0,local,local,0,0.8241251111030579,0.8296736478805542,0.005548536777496338,0.00011449959129095078,0.011097066104412079,0.8241251111030579,0.8296736478805542,0.05046626552939415,0.049536656588315964,0.1254086047410965,0.12078968435525894
23,S5,BWHvy,local,local,0,local,local,0,0.8352020978927612,0.7408568859100342,-0.09434521198272705,0.025520429015159607,0.18869048357009888,0.8352020978927612,0.7408568859100342,0.09034714847803116,0.14102625846862793,0.07445072382688522,0.11811687797307968
23,S6,LatCrit,local,local,0,local,local,0,0.84490567445755,0.8063212037086487,-0.03858447074890137,0.02208898589015007,0.1224362701177597,0.84490567445755,0.8063212037086487,0.06765136867761612,0.12886950373649597,0.08744297176599503,0.06480930745601654
23,S6,ComHvy,BS2,BS2,0,BS2,BS2,0,0.5617997646331787,0.6139139533042908,0.05211418867111206,0.016409479081630707,0.1042284369468689,0.422524631023407,0.3828098773956299,0.015675634145736694,0.0032761378679424524,0.5617997646331787,0.6139139533042908
23,S6,BWHvy,local,local,0,local,local,0,0.903512716293335,0.8390462398529053,-0.06446647644042969,0.017853163182735443,0.12893299758434296,0.903512716293335,0.8390462398529053,0.023345444351434708,0.03332555666565895,0.07314181327819824,0.12762822210788727
23,S7,LatCrit,local,local,0,local,local,0,0.8391505479812622,0.8642675876617432,0.025117039680480957,0.005220333114266396,0.050234146416187286,0.8391505479812622,0.8642675876617432,0.13171866536140442,0.11965721845626831,0.029130812734365463,0.016075152903795242
23,S7,ComHvy,BS2,BS2,0,BS2,BS2,0,0.4805472791194916,0.6399123072624207,0.15936502814292908,0.05292484164237976,0.31873002648353577,0.2871970534324646,0.19393599033355713,0.23225566744804382,0.1661517322063446,0.4805472791194916,0.6399123072624207
23,S7,BWHvy,local,local,0,local,local,0,0.8412309885025024,0.7932294607162476,-0.04800152778625488,0.013860136270523071,0.11183193325996399,0.8412309885025024,0.7932294607162476,0.06322034448385239,0.05530588701367378,0.09554868191480637,0.15146462619304657
23,S8,LatCrit,local,local,0,local,local,0,0.604123055934906,0.5928685665130615,-0.011254489421844482,0.0052146706730127335,0.05628342926502228,0.604123055934906,0.5928685665130615,0.04705408215522766,0.030166851356625557,0.34882286190986633,0.3769645690917969
23,S8,ComHvy,local,local,0,local,local,0,0.6334760189056396,0.6726837158203125,0.03920769691467285,0.059209614992141724,0.20692051947116852,0.6334760189056396,0.6726837158203125,0.18319812417030334,0.24745072424411774,0.18332582712173462,0.07986560463905334
23,S8,BWHvy,local,local,0,local,local,0,0.934943675994873,0.9050613641738892,-0.029882311820983887,0.005861120298504829,0.05976468324661255,0.934943675994873,0.9050613641738892,0.01709313690662384,0.022901711985468864,0.047963157296180725,0.07203695178031921
24,S1,LatCrit,BS2,BS2,0,BS2,BS2,0,0.39689069986343384,0.5371481776237488,0.14025747776031494,0.05522679537534714,0.2805149257183075,0.33859890699386597,0.31060880422592163,0.2645103633403778,0.1522430181503296,0.39689069986343384,0.5371481776237488
24,S1,ComHvy,local,local,0,local,local,0,0.7635170817375183,0.8492128252983093,0.08569574356079102,0.08945593237876892,0.17139148712158203,0.7635170817375183,0.8492128252983093,0.052113987505435944,0.004464112687855959,0.18436893820762634,0.1463230699300766
24,S1,BWHvy,BS2,BS2,0,BS1,BS1,0,0.5020347237586975,0.48393428325653076,-0.018100440502166748,0.009056223556399345,0.09901344776153564,0.10606789588928223,0.07466161251068115,0.3918973505496979,0.4414040744304657,0.5020347237586975,0.48393428325653076
24,S2,LatCrit,BS2,BS2,0,local,BS2,1,0.3836134672164917,0.5135617256164551,0.12994825839996338,0.043544523417949677,0.25989651679992676,0.3149620294570923,0.2908599376678467,0.30142447352409363,0.19557832181453705,0.3836134672164917,0.5135617256164551
24,S2,ComHvy,BS2,BS2,0,BS2,BS2,0,0.6397590637207031,0.5762041211128235,-0.06355494260787964,0.010892640799283981,0.1395496129989624,0.02043384313583374,0.014213979244232178,0.33980709314346313,0.40958189964294434,0.6397590637207031,0.5762041211128235
24,S2,BWHvy,BS1,BS1,0,BS1,BS1,0,0.4596520662307739,0.5100259780883789,0.05037391185760498,0.006947126239538193,0.11417311429977417,0.112010657787323,0.11872333288192749,0.4596520662307739,0.5100259780883789,0.4283372461795807,0.371250718832016
24,S3,LatCrit,BS2,BS2,0,BS2,BS2,0,0.6554476022720337,0.6854250431060791,0.02997744083404541,0.004440536722540855,0.07899535447359085,0.2686297297477722,0.2291320562362671,0.07592262327671051,0.08544286340475082,0.6554476022720337,0.6854250431060791
24,S3,ComHvy,local,local,0,local,local,0,0.738102912902832,0.6841498613357544,-0.05395305156707764,0.06631923466920853,0.24714598059654236,0.738102912902832,0.6841498613357544,0.10845287144184113,0.2320258617401123,0.15344421565532684,0.0838242769241333
24,S3,BWHvy,BS1,BS1,0,BS1,BS1,0,0.6359029412269592,0.6445705890655518,0.00866764783859253,0.009620944038033485,0.0844472348690033,0.153753399848938,0.11152976751327515,0.6359029412269592,0.6445705890655518,0.21034371852874756,0.24389967322349548
24,S4,LatCrit,local,local,0,local,local,0,0.7271643280982971,0.7210513949394226,-0.006112933158874512,0.0016503836959600449,0.03029860556125641,0.7271643280982971,0.7210513949394226,0.041686803102493286,0.03265044093132019,0.2311488687992096,0.2462981790304184
24,S4,ComHvy,local,local,0,local,local,0,0.7065905332565308,0.8018465042114258,0.09525597095489502,0.03543032705783844,0.19051188230514526,0.7065905332565308,0.8018465042114258,0.2820523679256439,0.19666600227355957,0.011357062496244907,0.0014875100459903479
24,S4,BWHvy,BS2,BS2,0,BS1,BS1,0,0.4965551495552063,0.5780027508735657,0.08144760131835938,0.018139727413654327,0.16289520263671875,0.11881834268569946,0.07655376195907593,0.384626567363739,0.3454435467720032,0.4965551495552063,0.5780027508735657
24,S5,LatCrit,BS2,BS2,0,BS2,BS2,0,0.4165557622909546,0.48259302973747253,0.06603726744651794,0.011341311037540436,0.13207456469535828,0.28200697898864746,0.2742879390716553,0.30143725872039795,0.2431190013885498,0.4165557622909546,0.48259302973747253
24,S5,ComHvy,local,local,0,BS2,local,1,0.41610729694366455,0.4708539843559265,0.05474668741226196,0.06924457848072052,0.2941765785217285,0.41610729694366455,0.4708539843559265,0.2774747312068939,0.3698163628578186,0.30641794204711914,0.15932966768741608
24,S5,BWHvy,BS2,BS2,0,BS1,BS1,0,0.5005143880844116,0.5250402688980103,0.024525880813598633,0.005315219983458519,0.056062906980514526,0.10246306657791138,0.0744316577911377,0.3970225155353546,0.4005281329154968,0.5005143880844116,0.5250402688980103
24,S6,LatCrit,local,local,0,local,local,0,0.5885336995124817,0.6454933285713196,0.05695962905883789,0.03046560287475586,0.18410395085811615,0.5885336995124817,0.6454933285713196,0.1766284704208374,0.21172082424163818,0.23483781516551971,0.14278584718704224
24,S6,ComHvy,local,local,0,local,local,0,0.5486454963684082,0.5721772909164429,0.023531794548034668,0.013855934143066406,0.04706360027194023,0.5486454963684082,0.5721772909164429,0.023521874099969864,0.006467483472079039,0.42783263325691223,0.4213552176952362
24,S6,BWHvy,BS2,BS2,0,BS2,BS1,1,0.505389928817749,0.4575822055339813,-0.0478077232837677,0.030321728438138962,0.2154141366481781,0.1819780468940735,0.12207871675491333,0.3126319944858551,0.42033907771110535,0.505389928817749,0.4575822055339813
24,S7,LatCrit,local,local,0,local,local,0,0.5250513553619385,0.6079894304275513,0.08293807506561279,0.05635950714349747,0.1658761352300644,0.5250513553619385,0.6079894304275513,0.11434130370616913,0.03762713074684143,0.360607385635376,0.3543834984302521
24,S7,ComHvy,BS1,BS1,0,local,BS1,1,0.5049474835395813,0.6069012880325317,0.10195380449295044,0.022332705557346344,0.20390763878822327,0.4725058674812317,0.3800102472305298,0.5049474835395813,0.6069012880325317,0.0225466750562191,0.013088456355035305
24,S7,BWHvy,BS1,BS1,0,BS1,BS1,0,0.5978333353996277,0.6960514187812805,0.09821808338165283,0.022169634699821472,0.19643616676330566,0.1139325499534607,0.09302198886871338,0.5978333353996277,0.6960514187812805,0.28823408484458923,0.21092656254768372
24,S8,LatCrit,BS1,BS1,0,BS2,BS2,0,0.3924306631088257,0.40342625975608826,0.010995596647262573,0.0004785332130268216,0.02532583475112915,0.25647908449172974,0.24381613731384277,0.3924306631088257,0.40342625975608826,0.35109028220176697,0.3527575731277466
24,S8,ComHvy,local,local,0,local,local,0,0.7208734750747681,0.7626111507415771,0.04173767566680908,0.016528069972991943,0.12922318279743195,0.7208734750747681,0.7626111507415771,0.055795297026634216,0.0786692202091217,0.22333121299743652,0.15871962904930115
24,S8,BWHvy,BS1,BS1,0,local,BS2,1,0.3630460798740387,0.4086052477359772,0.04555916786193848,0.025258280336856842,0.18996763229370117,0.29880088567733765,0.20381706953048706,0.3630460798740387,0.4086052477359772,0.33815309405326843,0.38757774233818054
25,S1,LatCrit,local,local,0,local,local,0,0.7528263330459595,0.7727308869361877,0.01990455389022827,0.00129980081692338,0.03980914503335953,0.7528263330459595,0.7727308869361877,0.20969869196414948,0.19595706462860107,0.03747499734163284,0.03131203353404999
25,S1,ComHvy,local,local,0,BS2,BS2,0,0.4644243121147156,0.46624910831451416,0.001824796199798584,0.052403248846530914,0.2074759602546692,0.4644243121147156,0.46624910831451416,0.21062539517879486,0.10688739269971848,0.32495030760765076,0.4268634617328644
25,S1,BWHvy,local,BS2,1,local,local,0,0.3954100012779236,0.362101286649704,-0.033308714628219604,0.005201131105422974,0.09280851483345032,0.3954100012779236,0.3490057587623596,0.2811286747455597,0.2888929843902588,0.3234613239765167,0.362101286649704
25,S2,LatCrit,local,local,0,local,local,0,0.4690624475479126,0.48217087984085083,0.013108432292938232,0.0003924958873540163,0.026216834783554077,0.4690624475479126,0.48217087984085083,0.2937301993370056,0.2830067276954651,0.2372073233127594,0.23482239246368408
25,S2,ComHvy,local,local,0,local,local,0,0.6754637956619263,0.6396102905273438,-0.03585350513458252,0.002873998135328293,0.07170707732439041,0.6754637956619263,0.6396102905273438,0.08375835418701172,0.09555455297231674,0.24077780544757843,0.2648351788520813
25,S2,BWHvy,BS1,BS1,0,BS2,BS1,1,0.42717245221138,0.5544366836547852,0.12726423144340515,0.04042693227529526,0.2545284628868103,0.2588126063346863,0.23827582597732544,0.42717245221138,0.5544366836547852,0.3140149414539337,0.2072874903678894
25,S3,LatCrit,local,local,0,local,local,0,0.8821471929550171,0.8523530960083008,-0.02979409694671631,0.003775316756218672,0.05958816036581993,0.8821471929550171,0.8523530960083008,0.09776201844215393,0.12123081833124161,0.02009081095457077,0.026416074484586716
25,S3,ComHvy,BS2,BS2,0,BS2,BS2,0,0.6133949160575867,0.6551885008811951,0.0417935848236084,0.011257708072662354,0.09754876792430878,0.1550191044807434,0.10624474287033081,0.23158597946166992,0.2385668009519577,0.6133949160575867,0.6551885008811951
25,S3,BWHvy,local,local,0,local,local,0,0.5277315378189087,0.4201592803001404,-0.10757225751876831,0.023420702666044235,0.21514451503753662,0.5277315378189087,0.4201592803001404,0.23239615559577942,0.2888336181640625,0.2398723065853119,0.2910071015357971
25,S4,LatCrit,local,local,0,local,local,0,0.8576861023902893,0.8828648924827576,0.02517879009246826,0.005049330648034811,0.05227123200893402,0.8576861023902893,0.8828648924827576,0.09092826396226883,0.06479264795780182,0.05138561874628067,0.05234244465827942
25,S4,ComHvy,BS2,BS2,0,BS2,BS2,0,0.771205723285675,0.7801403999328613,0.00893467664718628,0.007884115912020206,0.0507209375500679,0.16566145420074463,0.182087242603302,0.06313282996416092,0.03777235746383667,0.771205723285675,0.7801403999328613
25,S4,BWHvy,local,local,0,BS1,BS1,0,0.44428354501724243,0.41996514797210693,-0.024318397045135498,0.008211176842451096,0.1066821962594986,0.44428354501724243,0.41996514797210693,0.3647576570510864,0.3357349634170532,0.19095876812934875,0.24429987370967865
25,S5,LatCrit,local,local,0,local,local,0,0.6452630758285522,0.6791999340057373,0.03393685817718506,0.028952766209840775,0.13585448265075684,0.6452630758285522,0.6791999340057373,0.13772885501384735,0.06980162858963013,0.21700803935527802,0.25099843740463257
25,S5,ComHvy,BS1,BS1,0,BS1,BS1,0,0.9315451383590698,0.9630329012870789,0.03148776292800903,0.013388784602284431,0.06297557801008224,0.029985010623931885,0.020842134952545166,0.9315451383590698,0.9630329012870789,0.038469817489385605,0.016124876216053963
25,S5,BWHvy,BS1,BS1,0,local,local,0,0.3899003863334656,0.428877055644989,0.03897666931152344,0.003464948385953903,0.07795333862304688,0.38121527433395386,0.34762197732925415,0.3899003863334656,0.428877055644989,0.22888435423374176,0.22350098192691803
25,S6,LatCrit,local,local,0,local,local,0,0.5038098692893982,0.5470279455184937,0.04321807622909546,0.003922756761312485,0.08643607795238495,0.5038098692893982,0.5470279455184937,0.037456411868333817,0.031152009963989258,0.4587336778640747,0.4218200743198395
25,S6,ComHvy,local,local,0,local,local,0,0.6375484466552734,0.7197149395942688,0.08216649293899536,0.026561692357063293,0.16433297097682953,0.6375484466552734,0.7197149395942688,0.3198435604572296,0.26500317454338074,0.04260796308517456,0.015281867235898972
25,S6,BWHvy,BS1,BS1,0,BS1,BS1,0,0.46096426248550415,0.5188992619514465,0.05793499946594238,0.008155114948749542,0.11587002873420715,0.35758084058761597,0.3354499340057373,0.46096426248550415,0.5188992619514465,0.18145489692687988,0.14565077424049377
25,S7,LatCrit,local,local,0,BS2,local,1,0.4614161252975464,0.6040382385253906,0.14262211322784424,0.09709367156028748,0.2852441966533661,0.4614161252975464,0.6040382385253906,0.15689465403556824,0.04789119213819504,0.3816892206668854,0.34807059168815613
25,S7,ComHvy,local,local,0,local,local,0,0.48538511991500854,0.5681846141815186,0.08279949426651001,0.02029583230614662,0.16559897363185883,0.48538511991500854,0.5681846141815186,0.08645671606063843,0.04943021014332771,0.42815813422203064,0.38238516449928284
25,S7,BWHvy,BS1,BS1,0,BS1,BS1,0,0.5246975421905518,0.6249392032623291,0.10024166107177734,0.024328412488102913,0.20048338174819946,0.26235485076904297,0.1843438744544983,0.5246975421905518,0.6249392032623291,0.21294760704040527,0.19071686267852783
25,S8,LatCrit,local,local,0,local,local,0,0.8129329681396484,0.8635686039924622,0.05063563585281372,0.0111976508051157,0.10127127915620804,0.8129329681396484,0.8635686039924622,0.11229252070188522,0.07400567084550858,0.07477451115846634,0.06242571771144867
25,S8,ComHvy,local,local,0,local,local,0,0.8070703744888306,0.8158705234527588,0.008800148963928223,0.0011468036100268364,0.025554552674293518,0.8070703744888306,0.8158705234527588,0.10470234602689743,0.10867946594953537,0.088227279484272,0.07544999569654465
25,S8,BWHvy,BS1,BS1,0,BS1,BS1,0,0.4430372416973114,0.5016999244689941,0.05866268277168274,0.012655585072934628,0.1476087123155594,0.370525062084198,0.2967206835746765,0.4430372416973114,0.5016999244689941,0.1864377111196518,0.20157936215400696
26,S1,LatCrit,local,local,0,local,local,0,0.7423178553581238,0.6372376680374146,-0.10508018732070923,0.025821011513471603,0.21016035974025726,0.7423178553581238,0.6372376680374146,0.2178477644920349,0.31557172536849976,0.03983437642455101,0.0471905842423439
26,S1,ComHvy,local,local,0,local,local,0,0.6269771456718445,0.6598564386367798,0.0328792929649353,0.0048920996487140656,0.06575851142406464,0.6269771456718445,0.6598564386367798,0.007296028081327677,0.0025532101280987263,0.3657267987728119,0.33759039640426636
26,S1,BWHvy,local,local,0,local,local,0,0.7863737940788269,0.6578748226165771,-0.12849897146224976,0.03986775502562523,0.2569979131221771,0.7863737940788269,0.6578748226165771,0.10875099152326584,0.16730451583862305,0.10487522929906845,0.1748206466436386
26,S2,LatCrit,local,local,0,local,local,0,0.7508118748664856,0.6183634400367737,-0.13244843482971191,0.04422611743211746,0.27371692657470703,0.7508118748664856,0.6183634400367737,0.21834136545658112,0.3551998436450958,0.030846750363707542,0.026436734944581985
26,S2,ComHvy,local,local,0,local,local,0,0.596431314945221,0.6859551072120667,0.0895237922668457,0.018161050975322723,0.1790475845336914,0.596431314945221,0.6859551072120667,0.15491989254951477,0.12696793675422668,0.2486487776041031,0.18707694113254547
26,S2,BWHvy,local,local,0,local,local,0,0.8381673097610474,0.7548376321792603,-0.08332967758178711,0.020567376166582108,0.16665932536125183,0.8381673097610474,0.7548376321792603,0.07199053466320038,0.10729356110095978,0.08984215557575226,0.13786877691745758
26,S3,LatCrit,local,local,0,local,local,0,0.6251441240310669,0.4994167685508728,-0.1257273554801941,0.03427738696336746,0.2582865357398987,0.6251441240310669,0.4994167685508728,0.34560832381248474,0.4747515916824341,0.02924751490354538,0.02583160065114498
26,S3,ComHvy,BS1,BS1,0,BS1,BS1,0,0.8420019149780273,0.8881129026412964,0.04611098766326904,0.01774732954800129,0.09222197532653809,0.10855597257614136,0.09172660112380981,0.8420019149780273,0.8881129026412964,0.049442145973443985,0.020160529762506485
26,S3,BWHvy,local,local,0,local,local,0,0.844477117061615,0.6702413558959961,-0.1742357611656189,0.07827118039131165,0.348471462726593,0.844477117061615,0.6702413558959961,0.06976508349180222,0.1456042230129242,0.08575781434774399,0.18415437638759613
26,S4,LatCrit,BS2,BS2,0,BS2,BS2,0,0.45779043436050415,0.6124647259712219,0.15467429161071777,0.06814327836036682,0.30934861302375793,0.31510084867477417,0.1736239194869995,0.22710873186588287,0.21391133964061737,0.45779043436050415,0.6124647259712219
26,S4,ComHvy,BS2,BS2,0,BS2,BS2,0,0.5020473599433899,0.5896706581115723,0.08762329816818237,0.015846967697143555,0.17524650692939758,0.1817287802696228,0.15585416555404663,0.31622380018234253,0.2544752061367035,0.5020473599433899,0.5896706581115723
26,S4,BWHvy,local,local,0,local,local,0,0.8064892292022705,0.6859854459762573,-0.12050378322601318,0.037304624915122986,0.24100753664970398,0.8064892292022705,0.6859854459762573,0.09032396972179413,0.13573461771011353,0.10318683832883835,0.17827995121479034
26,S5,LatCrit,local,BS2,1,local,BS2,1,0.5379205942153931,0.5117545127868652,-0.026166081428527832,0.027347490191459656,0.21457111835479736,0.5379205942153931,0.4563242793083191,0.057610440999269485,0.03192120045423508,0.40446895360946655,0.5117545127868652
26,S5,ComHvy,BS1,BS1,0,BS1,BS1,0,0.6764348745346069,0.7411723136901855,0.06473743915557861,0.011506125330924988,0.12947490811347961,0.09243506193161011,0.06457298994064331,0.6764348745346069,0.7411723136901855,0.23113007843494415,0.19425468146800995
26,S5,BWHvy,local,local,0,local,local,0,0.767496645450592,0.6202137470245361,-0.1472828984260559,0.049440354108810425,0.2945657968521118,0.767496645450592,0.6202137470245361,0.12489598244428635,0.2037685364484787,0.1076073870062828,0.17601771652698517
26,S6,LatCrit,local,local,0,local,local,0,0.7879011631011963,0.6716468334197998,-0.11625432968139648,0.03357521444559097,0.23250865936279297,0.7879011631011963,0.6716468334197998,0.15801197290420532,0.23465628921985626,0.0540868379175663,0.09369684755802155
26,S6,ComHvy,local,local,0,local,local,0,0.6135473251342773,0.7843465805053711,0.17079925537109375,0.08032938092947006,0.3415985405445099,0.6135473251342773,0.7843465805053711,0.2637741267681122,0.16338881850242615,0.12267860025167465,0.05226461589336395
26,S6,BWHvy,local,local,0,local,local,0,0.7721538543701172,0.6407816410064697,-0.13137221336364746,0.04142580181360245,0.2627444267272949,0.7721538543701172,0.6407816410064697,0.1723562628030777,0.28658708930015564,0.05548987537622452,0.07263126969337463
26,S7,LatCrit,BS2,BS2,0,BS2,BS2,0,0.7403123378753662,0.8588615655899048,0.11854922771453857,0.04931411147117615,0.23709842562675476,0.2503451108932495,0.13798558712005615,0.009342525154352188,0.003152856370434165,0.7403123378753662,0.8588615655899048
26,S7,ComHvy,BS1,BS1,0,BS1,BS1,0,0.7321268916130066,0.7232932448387146,-0.008833646774291992,0.013120677322149277,0.09316010028123856,0.123879075050354,0.1704590916633606,0.7321268916130066,0.7232932448387146,0.14399409294128418,0.10624765604734421
26,S7,BWHvy,local,local,0,local,local,0,0.7957984209060669,0.5893065333366394,-0.2064918875694275,0.10227060317993164,0.4129837453365326,0.7957984209060669,0.5893065333366394,0.12512660026550293,0.29731324315071106,0.07907500863075256,0.11338021606206894
26,S8,LatCrit,local,local,0,local,local,0,0.6892431974411011,0.7338876724243164,0.04464447498321533,0.004971264861524105,0.08928894251585007,0.6892431974411011,0.7338876724243164,0.28006428480148315,0.24097934365272522,0.03069251775741577,0.02513298951089382
26,S8,ComHvy,local,local,0,local,local,0,0.7084701657295227,0.8278272747993469,0.11935710906982422,0.051165930926799774,0.23871423304080963,0.7084701657295227,0.8278272747993469,0.05320781096816063,0.017997924238443375,0.23832201957702637,0.1541747897863388
26,S8,BWHvy,local,local,0,local,BS1,1,0.7174901366233826,0.5072566866874695,-0.21023344993591309,0.0928688794374466,0.42046692967414856,0.7174901366233826,0.5072566866874695,0.2113363891839981,0.34790417551994324,0.07117345184087753,0.14483915269374847
27,S1,LatCrit,local,BS1,1,local,BS1,1,0.44920259714126587,0.4755457937717438,0.026343196630477905,0.07509945333003998,0.35616815090179443,0.44920259714126587,0.27111852169036865,0.3336719274520874,0.4755457937717438,0.21712549030780792,0.2533356845378876
27,S1,ComHvy,local,local,0,local,local,0,0.7665970325469971,0.8248042464256287,0.05820721387863159,0.010941781103610992,0.116414375603199,0.7665970325469971,0.8248042464256287,0.01169370487332344,0.00988293718546629,0.2217092365026474,0.16531284153461456
27,S1,BWHvy,local,local,0,local,local,0,0.7774944305419922,0.6430782079696655,-0.13441622257232666,0.042489200830459595,0.26883241534233093,0.7774944305419922,0.6430782079696655,0.15825459361076355,0.2576189339160919,0.06425099074840546,0.09930284321308136
27,S2,LatCrit,local,local,0,local,local,0,0.7665691375732422,0.6643613576889038,-0.10220777988433838,0.029800904914736748,0.21633556485176086,0.7665691375732422,0.6643613576889038,0.19988544285297394,0.30805322527885437,0.03354546055197716,0.027585454285144806
27,S2,ComHvy,BS1,local,1,BS1,BS1,0,0.4749886989593506,0.5615051984786987,0.08651649951934814,0.04124189913272858,0.23867595195770264,0.4421672224998474,0.5615051984786987,0.4749886989593506,0.40174901485443115,0.08284406363964081,0.03674577921628952
27,S2,BWHvy,local,local,0,local,local,0,0.78096604347229,0.689673662185669,-0.0912923812866211,0.024606339633464813,0.18258479237556458,0.78096604347229,0.689673662185669,0.10123740881681442,0.11500962823629379,0.11779654026031494,0.19531673192977905
27,S3,LatCrit,local,local,0,local,local,0,0.8406625986099243,0.8310641646385193,-0.00959843397140503,0.004268399439752102,0.03584762662649155,0.8406625986099243,0.8310641646385193,0.14254318177700043,0.1604669839143753,0.016794241964817047,0.008468850515782833
27,S3,ComHvy,BS1,BS1,0,BS1,BS1,0,0.5966712832450867,0.6772382855415344,0.08056700229644775,0.021624337881803513,0.16113412380218506,0.38417041301727295,0.3171602487564087,0.5966712832450867,0.6772382855415344,0.019158348441123962,0.0056013991124928
27,S3,BWHvy,local,local,0,local,local,0,0.8569430112838745,0.7191119194030762,-0.13783109188079834,0.054199762642383575,0.2756621837615967,0.8569430112838745,0.7191119194030762,0.046260327100753784,0.10148582607507706,0.0967966839671135,0.17940227687358856
27,S4,LatCrit,BS1,BS1,0,BS1,BS1,0,0.44760236144065857,0.4620385468006134,0.014436185359954834,0.05338096618652344,0.22142651677131653,0.22664564847946167,0.1159324049949646,0.44760236144065857,0.4620385468006134,0.32575199007987976,0.4220290780067444
27,S4,ComHvy,BS1,BS1,0,BS1,BS1,0,0.5776255130767822,0.5947820544242859,0.017156541347503662,0.005273413844406605,0.05708950757980347,0.10398387908935547,0.07543915510177612,0.5776255130767822,0.5947820544242859,0.31839054822921753,0.329778790473938
27,S4,BWHvy,local,local,0,local,local,0,0.7418943643569946,0.5797299742698669,-0.16216439008712769,0.05728680640459061,0.3243287205696106,0.7418943643569946,0.5797299742698669,0.10241062939167023,0.17347057163715363,0.15569503605365753,0.24679943919181824
27,S5,LatCrit,local,BS2,1,local,BS2,1,0.6094996929168701,0.5098713040351868,-0.09962838888168335,0.08015066385269165,0.3963029980659485,0.6094996929168701,0.4113481640815735,0.06073716655373573,0.07878051698207855,0.32976317405700684,0.5098713040351868
27,S5,ComHvy,local,local,0,local,local,0,0.7310207486152649,0.7914002537727356,0.0603795051574707,0.07373965531587601,0.1739060878753662,0.7310207486152649,0.7914002537727356,0.11892714351415634,0.03197409212589264,0.15005211532115936,0.17662565410137177
27,S5,BWHvy,local,local,0,local,local,0,0.8090660572052002,0.6654616594314575,-0.14360439777374268,0.051475074142217636,0.2872087359428406,0.8090660572052002,0.6654616594314575,0.09672914445400238,0.1578238159418106,0.09420483559370041,0.17671450972557068
27,S6,LatCrit,local,local,0,local,local,0,0.7233646512031555,0.591633677482605,-0.13173097372055054,0.038061339408159256,0.26346197724342346,0.7233646512031555,0.591633677482605,0.2628542184829712,0.3923776149749756,0.013781103305518627,0.015988722443580627
27,S6,ComHvy,local,local,0,local,local,0,0.5857033729553223,0.6816781759262085,0.09597480297088623,0.02050596848130226,0.19194957613945007,0.5857033729553223,0.6816781759262085,0.09928121417760849,0.07203330099582672,0.31501540541648865,0.24628855288028717
27,S6,BWHvy,local,local,0,local,local,0,0.7942803502082825,0.6322951316833496,-0.16198521852493286,0.06324262917041779,0.32397037744522095,0.7942803502082825,0.6322951316833496,0.11798208951950073,0.18831253051757812,0.08773757517337799,0.17939230799674988
27,S7,LatCrit,BS2,BS2,0,BS2,BS2,0,0.5008881688117981,0.6892056465148926,0.18831747770309448,0.07698167860507965,0.37663495540618896,0.48355841636657715,0.2987440228462219,0.015553472563624382,0.01205037347972393,0.5008881688117981,0.6892056465148926
27,S7,ComHvy,BS2,BS1,1,BS2,BS2,0,0.6348814368247986,0.48179587721824646,-0.15308555960655212,0.0628824234008789,0.34363847970962524,0.05332833528518677,0.05514192581176758,0.31179019808769226,0.48179587721824646,0.6348814368247986,0.46306222677230835
27,S7,BWHvy,local,local,0,local,local,0,0.8136802911758423,0.6447558403015137,-0.1689244508743286,0.06913497298955917,0.33784887194633484,0.8136802911758423,0.6447558403015137,0.07712029665708542,0.15042704343795776,0.1091994121670723,0.20481710135936737
27,S8,LatCrit,local,local,0,local,local,0,0.7539593577384949,0.7359553575515747,-0.018004000186920166,0.006999295204877853,0.07663945853710175,0.7539593577384949,0.7359553575515747,0.15731346607208252,0.195633202791214,0.08872716873884201,0.0684114471077919
27,S8,ComHvy,local,local,0,local,local,0,0.6293637752532959,0.7227036952972412,0.09333992004394531,0.06211032718420029,0.18667982518672943,0.6293637752532959,0.7227036952972412,0.09814170747995377,0.027264650911092758,0.27249449491500854,0.25003165006637573
27,S8,BWHvy,local,local,0,local,local,0,0.7558668851852417,0.5726302266120911,-0.18323665857315063,0.07325688004493713,0.36647331714630127,0.7558668851852417,0.5726302266120911,0.10036254674196243,0.16945575177669525,0.14377053081989288,0.2579140067100525
28,S1,LatCrit,local,local,0,local,local,0,0.8075606226921082,0.5779820680618286,-0.22957855463027954,0.120359405875206,0.45915713906288147,0.8075606226921082,0.5779820680618286,0.04981633648276329,0.13216789066791534,0.14262303709983826,0.28985005617141724
28,S1,ComHvy,local,local,0,local,local,0,0.51774001121521,0.5319325923919678,0.014192581176757812,0.2590958774089813,0.22410166263580322,0.51774001121521,0.5319325923919678,0.3646993935108185,0.46255767345428467,0.11756058037281036,0.00550977885723114
28,S1,BWHvy,local,local,0,local,local,0,0.8563379049301147,0.7011659145355225,-0.15517199039459229,0.06624539196491241,0.3103439211845398,0.8563379049301147,0.7011659145355225,0.0827864408493042,0.1811518520116806,0.06087568402290344,0.11768219619989395
28,S2,LatCrit,local,local,0,local,local,0,0.8943289518356323,0.9105924963951111,0.01626354455947876,0.00157178845256567,0.032527126371860504,0.8943289518356323,0.9105924963951111,0.015524586662650108,0.013885408639907837,0.09014647454023361,0.07552207261323929
28,S2,ComHvy,BS2,BS2,0,BS2,BS2,0,0.5216037034988403,0.43788573145866394,-0.08371797204017639,0.015650659799575806,0.1674359142780304,0.22305458784103394,0.2846696376800537,0.25534167885780334,0.2774445712566376,0.5216037034988403,0.43788573145866394
28,S2,BWHvy,local,local,0,local,local,0,0.8398832082748413,0.6929773688316345,-0.1469058394432068,0.05790502578020096,0.29381170868873596,0.8398832082748413,0.6929773688316345,0.10709498822689056,0.21819546818733215,0.053021788597106934,0.08882715553045273
28,S3,LatCrit,local,local,0,local,local,0,0.9541374444961548,0.943439245223999,-0.010698199272155762,0.0022001275792717934,0.024347074329853058,0.9541374444961548,0.943439245223999,0.01804226264357567,0.016566941514611244,0.027820276096463203,0.039993830025196075
28,S3,ComHvy,BS1,BS1,0,BS1,BS1,0,0.7405716180801392,0.7719283699989319,0.031356751918792725,0.005044880323112011,0.06271348893642426,0.10604387521743774,0.07849454879760742,0.7405716180801392,0.7719283699989319,0.1533844918012619,0.1495770812034607
28,S3,BWHvy,local,local,0,local,local,0,0.8863472938537598,0.7421326041221619,-0.1442146897315979,0.06598326563835144,0.2884294092655182,0.8863472938537598,0.7421326041221619,0.048888955265283585,0.13320201635360718,0.06476373225450516,0.12466539442539215
28,S4,LatCrit,local,local,0,local,local,0,0.910260796546936,0.8935484290122986,-0.01671236753463745,0.008127930574119091,0.04997330531477928,0.910260796546936,0.8935484290122986,0.026541462168097496,0.05152813717722893,0.06319771707057953,0.05492345616221428
28,S4,ComHvy,BS1,BS2,1,BS1,BS2,1,0.42232760787010193,0.5917229056358337,0.1693952977657318,0.13365741074085236,0.47938764095306396,0.22564327716827393,0.18855589628219604,0.42232760787010193,0.21972118318080902,0.35202908515930176,0.5917229056358337
28,S4,BWHvy,local,local,0,local,BS2,1,0.7881760597229004,0.5595159530639648,-0.22866010665893555,0.1163044199347496,0.4573201835155487,0.7881760597229004,0.5595159530639648,0.07917923480272293,0.1887996792793274,0.13264474272727966,0.25168436765670776
28,S5,LatCrit,local,local,0,local,local,0,0.9235498905181885,0.8728761672973633,-0.050673723220825195,0.01753699593245983,0.10134746879339218,0.9235498905181885,0.8728761672973633,0.04088287800550461,0.08833765238523483,0.03556722402572632,0.03878619521856308
28,S5,ComHvy,local,local,0,local,local,0,0.7243410348892212,0.7547134160995483,0.03037238121032715,0.06465025246143341,0.20623789727687836,0.7243410348892212,0.7547134160995483,0.19755032658576965,0.09443140774965286,0.07810860872268677,0.1508551985025406
28,S5,BWHvy,local,local,0,local,local,0,0.91426682472229,0.7772765755653381,-0.1369902491569519,0.06665951013565063,0.2739804983139038,0.91426682472229,0.7772765755653381,0.05828503519296646,0.1463727205991745,0.02744811214506626,0.07635069638490677
28,S6,LatCrit,local,local,0,local,local,0,0.9109755754470825,0.8551429510116577,-0.055832624435424805,0.014781283214688301,0.111665278673172,0.9109755754470825,0.8551429510116577,0.025377077981829643,0.04847340285778046,0.0636473149061203,0.09638364613056183
28,S6,ComHvy,local,local,0,BS2,BS2,0,0.4829034209251404,0.5360671281814575,0.05316370725631714,0.030393850058317184,0.18769770860671997,0.4829034209251404,0.5360671281814575,0.24182923138141632,0.14798037707805634,0.2752673625946045,0.31595250964164734
28,S6,BWHvy,local,local,0,local,local,0,0.9156382083892822,0.7893823385238647,-0.12625586986541748,0.06277197599411011,0.25251173973083496,0.9156382083892822,0.7893823385238647,0.04250391200184822,0.07400280237197876,0.04185790196061134,0.1366148740053177
28,S7,LatCrit,local,local,0,local,local,0,0.8167485594749451,0.8259940147399902,0.009245455265045166,0.009489001706242561,0.06229454651474953,0.8167485594749451,0.8259940147399902,0.09470969438552856,0.11661151051521301,0.08854174613952637,0.057394471019506454
28,S7,ComHvy,BS2,local,1,BS2,BS2,0,0.5895062685012817,0.5380239486694336,-0.051482319831848145,0.04454074800014496,0.27562105655670166,0.40021342039108276,0.5380239486694336,0.010280337184667587,0.002033205470070243,0.5895062685012817,0.45994287729263306
28,S7,BWHvy,local,local,0,local,local,0,0.7848676443099976,0.5331838130950928,-0.2516838312149048,0.1572187840938568,0.50336754322052,0.7848676443099976,0.5331838130950928,0.09691272675991058,0.11647707223892212,0.11821966618299484,0.3503390848636627
28,S8,LatCrit,local,local,0,local,local,0,0.8815361857414246,0.8228907585144043,-0.058645427227020264,0.014438826590776443,0.11982300877571106,0.8815361857414246,0.8228907585144043,0.011283589527010918,0.010017508640885353,0.10718023777008057,0.1670917421579361
28,S8,ComHvy,local,local,0,local,local,0,0.43745267391204834,0.5895372629165649,0.1520845890045166,0.07085104286670685,0.304169237613678,0.43745267391204834,0.5895372629165649,0.33487457036972046,0.299879252910614,0.2276727557182312,0.11058342456817627
28,S8,BWHvy,local,local,0,local,local,0,0.8869715332984924,0.7116611003875732,-0.1753104329109192,0.09320424497127533,0.35062089562416077,0.8869715332984924,0.7116611003875732,0.044158030301332474,0.07842360436916351,0.0688704252243042,0.20991531014442444
29,S1,LatCrit,local,BS2,1,local,BS2,1,0.4896382689476013,0.5042837858200073,0.014645516872406006,0.007795553654432297,0.11501426994800568,0.4896382689476013,0.44848501682281494,0.0635850802063942,0.047231223434209824,0.4467766284942627,0.5042837858200073
29,S1,ComHvy,BS1,BS1,0,BS1,BS1,0,0.6662360429763794,0.7133445739746094,0.04710853099822998,0.006721654906868935,0.09421707689762115,0.3133903741836548,0.27484554052352905,0.6662360429763794,0.7133445739746094,0.020373575389385223,0.01180986501276493
29,S1,BWHvy,local,local,0,local,local,0,0.8377072811126709,0.8188878297805786,-0.018819451332092285,0.0012753615155816078,0.03763895481824875,0.8377072811126709,0.8188878297805786,0.08774558454751968,0.10009561479091644,0.07454709708690643,0.08101657032966614
29,S2,LatCrit,local,local,0,local,local,0,0.809293270111084,0.8769998550415039,0.06770658493041992,0.02253767102956772,0.13541316986083984,0.809293270111084,0.8769998550415039,0.07322967797517776,0.03559991717338562,0.11747708916664124,0.08740025758743286
29,S2,ComHvy,BS2,BS2,0,local,BS1,1,0.3718808591365814,0.458790123462677,0.08690926432609558,0.01643373817205429,0.17381855845451355,0.27405881881713867,0.22111809253692627,0.3540602922439575,0.32009172439575195,0.3718808591365814,0.458790123462677
29,S2,BWHvy,local,local,0,local,local,0,0.8486709594726562,0.8304073214530945,-0.018263638019561768,0.002590055111795664,0.04472725838422775,0.8486709594726562,0.8304073214530945,0.09771392494440079,0.12007754296064377,0.05361515283584595,0.04951515048742294
29,S3,LatCrit,local,local,0,local,local,0,0.7498478293418884,0.7221388816833496,-0.02770894765853882,0.00221855565905571,0.0568932369351387,0.7498478293418884,0.7221388816833496,0.028661511838436127,0.02792385220527649,0.22149066627025604,0.2499372959136963
29,S3,ComHvy,local,local,0,local,local,0,0.5335022211074829,0.6011901497840881,0.06768792867660522,0.014652181416749954,0.13537584245204926,0.5335022211074829,0.6011901497840881,0.2727380096912384,0.2619713544845581,0.19375978410243988,0.13683852553367615
29,S3,BWHvy,local,local,0,local,local,0,0.8640257120132446,0.8640257120132446,0.0,2.0416919142007828e-05,0.0023233890533447266,0.8640257120132446,0.8640257120132446,0.08002789318561554,0.07886619865894318,0.05594639852643013,0.05710809305310249
29,S4,LatCrit,local,local,0,local,local,0,0.7733933925628662,0.7811837196350098,0.007790327072143555,0.0002069436013698578,0.015580680221319199,0.7733933925628662,0.7811837196350098,0.034818172454833984,0.03233306482434273,0.191788449883461,0.1864832043647766
29,S4,ComHvy,local,local,0,local,local,0,0.6217096447944641,0.6354816555976868,0.013772010803222656,0.0006026428891345859,0.028795644640922546,0.6217096447944641,0.6354816555976868,0.23948407173156738,0.2250862568616867,0.1388062685728073,0.13943208754062653
29,S4,BWHvy,local,local,0,local,local,0,0.8135903477668762,0.7915631532669067,-0.022027194499969482,0.0021423306316137314,0.04405440390110016,0.8135903477668762,0.7915631532669067,0.09158726781606674,0.09385562688112259,0.09482238441705704,0.11458123475313187
29,S5,LatCrit,local,local,0,local,local,0,0.8086344003677368,0.8228564262390137,0.014222025871276855,0.0011346102692186832,0.03178897500038147,0.8086344003677368,0.8228564262390137,0.13897372782230377,0.12307921797037125,0.052391886711120605,0.054064325988292694
29,S5,ComHvy,local,local,0,local,local,0,0.6273903846740723,0.5696988105773926,-0.05769157409667969,0.018216248601675034,0.13531693816184998,0.6273903846740723,0.5696988105773926,0.1073041781783104,0.17496263980865479,0.26530545949935913,0.25533854961395264
29,S5,BWHvy,local,local,0,local,local,0,0.8834636211395264,0.8729952573776245,-0.010468363761901855,0.0005271029658615589,0.020936734974384308,0.8834636211395264,0.8729952573776245,0.07836683094501495,0.08652766793966293,0.038169510662555695,0.04047704488039017
29,S6,LatCrit,local,local,0,local,local,0,0.8701353073120117,0.8718075752258301,0.0016722679138183594,0.0006891200318932533,0.014639899134635925,0.8701353073120117,0.8718075752258301,0.06294666975736618,0.055626705288887024,0.0669180378317833,0.0725657045841217
29,S6,ComHvy,local,local,0,local,local,0,0.7473031282424927,0.7041534185409546,-0.043149709701538086,0.011663123965263367,0.11802656948566437,0.7473031282424927,0.7041534185409546,0.09465218335390091,0.07878860086202621,0.15804468095302582,0.2170579582452774
29,S6,BWHvy,local,local,0,local,local,0,0.8770896196365356,0.8601378202438354,-0.016951799392700195,0.001394391991198063,0.03390360251069069,0.8770896196365356,0.8601378202438354,0.048637960106134415,0.05191735923290253,0.07427242398262024,0.08794482797384262
29,S7,LatCrit,BS1,BS1,0,BS1,BS1,0,0.4413083493709564,0.5119650363922119,0.0706566870212555,0.027294952422380447,0.20104728639125824,0.31588852405548096,0.21536493301391602,0.4413083493709564,0.5119650363922119,0.24280311167240143,0.27267012000083923
29,S7,ComHvy,BS2,local,1,BS2,local,1,0.5640333890914917,0.5689266920089722,0.004893302917480469,0.06676338613033295,0.3330433964729309,0.4024049639701843,0.5689266920089722,0.033561643213033676,0.009706714190542698,0.5640333890914917,0.4213666319847107
29,S7,BWHvy,local,local,0,local,local,0,0.8126845359802246,0.7939594984054565,-0.018725037574768066,0.006345152854919434,0.06777409464120865,0.8126845359802246,0.7939594984054565,0.06158774346113205,0.04642572999000549,0.12572769820690155,0.15961474180221558
29,S8,LatCrit,local,local,0,local,local,0,0.8238140344619751,0.801748514175415,-0.02206552028656006,0.011443085968494415,0.0823475793004036,0.8238140344619751,0.801748514175415,0.04491475969552994,0.025806473568081856,0.13127122819423676,0.17244499921798706
29,S8,ComHvy,BS1,BS1,0,BS1,BS1,0,0.42002904415130615,0.4700034558773041,0.049974411725997925,0.05481725186109543,0.20936883985996246,0.39255064725875854,0.44726061820983887,0.42002904415130615,0.4700034558773041,0.1874203383922577,0.08273588120937347
29,S8,BWHvy,local,local,0,local,local,0,0.8845116496086121,0.8750694990158081,-0.009442150592803955,0.0005758590996265411,0.018884260207414627,0.8845116496086121,0.8750694990158081,0.03721248358488083,0.03723480924963951,0.0782758817076683,0.0876956656575203
30,S1,LatCrit,BS2,BS2,0,BS2,BS2,0,0.8128083944320679,0.8964710831642151,0.08366268873214722,0.03191951662302017,0.16732537746429443,0.12491577863693237,0.07315552234649658,0.062275826930999756,0.030373387038707733,0.8128083944320679,0.8964710831642151
30,S1,ComHvy,BS1,BS1,0,BS1,BS1,0,0.8053426146507263,0.823005199432373,0.01766258478164673,0.005754983052611351,0.056676238775253296,0.09502303600311279,0.1056985855102539,0.8053426146507263,0.823005199432373,0.09963434934616089,0.07129624485969543
30,S1,BWHvy,BS1,BS1,0,BS1,BS1,0,0.4853329062461853,0.6095698475837708,0.12423694133758545,0.09364300966262817,0.35190266370773315,0.3345188498497009,0.15856754779815674,0.4853329062461853,0.6095698475837708,0.18014821410179138,0.2318626344203949
30,S2,LatCrit,local,local,0,local,local,0,0.7255327701568604,0.7089362144470215,-0.016596555709838867,0.03526655212044716,0.14708212018013,0.7255327701568604,0.7089362144470215,0.11355769634246826,0.056613195687532425,0.1609095335006714,0.2344505935907364
30,S2,ComHvy,local,local,0,local,local,0,0.6224785447120667,0.573633074760437,-0.04884546995162964,0.015296688303351402,0.13925988972187042,0.6224785447120667,0.573633074760437,0.3314104378223419,0.40104037523269653,0.04611101374030113,0.02532653510570526
30,S2,BWHvy,BS1,BS1,0,BS1,BS1,0,0.49790331721305847,0.7252095937728882,0.2273062765598297,0.11941754072904587,0.4546125531196594,0.30121415853500366,0.14763164520263672,0.49790331721305847,0.7252095937728882,0.20088253915309906,0.1271587759256363
30,S3,LatCrit,local,local,0,local,local,0,0.7638779878616333,0.7038284540176392,-0.06004953384399414,0.025275819003582,0.16426940262317657,0.7638779878616333,0.7038284540176392,0.042368728667497635,0.02028357982635498,0.19375327229499817,0.27588799595832825
30,S3,ComHvy,local,local,0,local,local,0,0.8673495650291443,0.8978963494300842,0.03054678440093994,0.014021948911249638,0.08499415963888168,0.8673495650291443,0.8978963494300842,0.11993451416492462,0.07743742316961288,0.012715940363705158,0.02466622181236744
30,S3,BWHvy,local,BS1,1,local,BS2,1,0.4928125739097595,0.4728689193725586,-0.019943654537200928,0.17184710502624512,0.5157895684242249,0.4928125739097595,0.23491781949996948,0.25219064950942993,0.4728689193725586,0.25499674677848816,0.2922132909297943
30,S4,LatCrit,BS2,BS2,0,BS2,BS2,0,0.5323137044906616,0.5550090074539185,0.022695302963256836,0.006361570209264755,0.08968320488929749,0.4057873487472534,0.36094576120376587,0.061898935586214066,0.08404525369405746,0.5323137044906616,0.5550090074539185
30,S4,ComHvy,local,local,0,local,local,0,0.5474112629890442,0.5294931530952454,-0.017918109893798828,0.013805825263261795,0.12918712198734283,0.5474112629890442,0.5294931530952454,0.20338155329227448,0.2679750919342041,0.24920719861984253,0.20253172516822815
30,S4,BWHvy,BS2,BS2,0,BS2,BS2,0,0.4080764353275299,0.5374230146408081,0.1293465793132782,0.09941036254167557,0.3525908589363098,0.32270658016204834,0.14641118049621582,0.26921695470809937,0.31616583466529846,0.4080764353275299,0.5374230146408081
30,S5,LatCrit,local,local,0,local,local,0,0.8087300062179565,0.7123858332633972,-0.09634417295455933,0.030857965350151062,0.19268837571144104,0.8087300062179565,0.7123858332633972,0.06602334976196289,0.0666443258523941,0.12524662911891937,0.22096985578536987
30,S5,ComHvy,local,local,0,local,local,0,0.6134179830551147,0.6168742775917053,0.003456294536590576,0.00893796980381012,0.07659702003002167,0.6134179830551147,0.6168742775917053,0.2510959804058075,0.28593817353248596,0.13548608124256134,0.09718754887580872
30,S5,BWHvy,local,BS1,1,local,BS2,1,0.527572512626648,0.5187665820121765,-0.008805930614471436,0.1733635663986206,0.5477965474128723,0.527572512626648,0.2536742091178894,0.352811723947525,0.5187665820121765,0.11961578577756882,0.2275591790676117
30,S6,LatCrit,local,local,0,local,local,0,0.41633379459381104,0.3780743479728699,-0.03825944662094116,0.0030764099210500717,0.07651889324188232,0.41633379459381104,0.3780743479728699,0.3162952661514282,0.3376167118549347,0.26737093925476074,0.28430894017219543
30,S6,ComHvy,local,local,0,local,local,0,0.41397207975387573,0.5194488763809204,0.10547679662704468,0.10519886761903763,0.2806358337402344,0.41397207975387573,0.5194488763809204,0.20911097526550293,0.06879305839538574,0.37691694498062134,0.41175806522369385
30,S6,BWHvy,local,BS2,1,local,BS2,1,0.3769587278366089,0.46452006697654724,0.08756133913993835,0.08732303977012634,0.3456038534641266,0.3769587278366089,0.2041568160057068,0.3109774887561798,0.33132314682006836,0.3120637834072113,0.46452006697654724
30,S7,LatCrit,BS1,BS1,0,BS1,BS1,0,0.4758688807487488,0.667096734046936,0.19122785329818726,0.20981259644031525,0.3967888057231903,0.2659187316894531,0.2730852961540222,0.4758688807487488,0.667096734046936,0.2582123875617981,0.05981799587607384
30,S7,ComHvy,local,local,0,local,local,0,0.7968699336051941,0.8217348456382751,0.024864912033081055,0.0022169314324855804,0.0497298464179039,0.7968699336051941,0.8217348456382751,0.001028293976560235,0.0004704336170107126,0.20210179686546326,0.17779472470283508
30,S7,BWHvy,BS2,BS2,0,BS2,BS2,0,0.44413214921951294,0.6166789531707764,0.17254680395126343,0.11036926507949829,0.34509360790252686,0.28358542919158936,0.11768323183059692,0.2722824215888977,0.2656378149986267,0.44413214921951294,0.6166789531707764
30,S8,LatCrit,local,local,0,local,BS2,1,0.6134280562400818,0.5252577662467957,-0.08817028999328613,0.03373265266418457,0.22551560401916504,0.6134280562400818,0.5252577662467957,0.04396091401576996,0.01937340386211872,0.34261104464530945,0.45536884665489197
30,S8,ComHvy,BS1,BS1,0,BS1,BS1,0,0.4599347710609436,0.5435566902160645,0.08362191915512085,0.07985633611679077,0.1672438383102417,0.44741350412368774,0.4373931288719177,0.4599347710609436,0.5435566902160645,0.09265171736478806,0.019050169736146927
30,S8,BWHvy,local,BS2,1,BS2,BS2,0,0.41327911615371704,0.5708566904067993,0.15757757425308228,0.11555355787277222,0.4179030656814575,0.41327911615371704,0.20432758331298828,0.19370394945144653,0.2248157262802124,0.3930169343948364,0.5708566904067993
31,S1,LatCrit,BS2,BS2,0,BS2,BS2,0,0.6548073887825012,0.7017332315444946,0.04692584276199341,0.007528398185968399,0.09385167062282562,0.12041336297988892,0.08771532773971558,0.2247791737318039,0.21055138111114502,0.6548073887825012,0.7017332315444946
31,S1,ComHvy,local,local,0,BS1,local,1,0.5965076684951782,0.6802831888198853,0.08377552032470703,0.0646708756685257,0.2748417854309082,0.5965076684951782,0.6802831888198853,0.28620970249176025,0.14878883957862854,0.11728259176015854,0.1709280014038086
31,S1,BWHvy,local,BS1,1,local,BS1,1,0.39489179849624634,0.3374880254268646,-0.057403773069381714,0.00944485142827034,0.13036513328552246,0.39489179849624634,0.3297092318534851,0.3104707896709442,0.3374880254268646,0.29463738203048706,0.3328027129173279
31,S2,LatCrit,local,local,0,local,local,0,0.7512893080711365,0.8502870202064514,0.09899771213531494,0.04425305500626564,0.19799545407295227,0.7512893080711365,0.8502870202064514,0.08794867247343063,0.033344779163599014,0.16076204180717468,0.11636818200349808
31,S2,ComHvy,local,BS2,1,BS2,BS2,0,0.47536641359329224,0.5353777408599854,0.060011327266693115,0.04929271340370178,0.28937777876853943,0.47536641359329224,0.389884889125824,0.13394474983215332,0.07473740726709366,0.39068883657455444,0.5353777408599854
31,S2,BWHvy,BS1,BS1,0,BS1,BS1,0,0.46283796429634094,0.4957505762577057,0.032912611961364746,0.006533217616379261,0.09191301465034485,0.23661679029464722,0.190660297870636,0.46283796429634094,0.4957505762577057,0.30054521560668945,0.3135891258716583
31,S3,LatCrit,local,local,0,local,local,0,0.7114421129226685,0.7236675024032593,0.01222538948059082,0.004177470225840807,0.032465606927871704,0.7114421129226685,0.7236675024032593,0.043846480548381805,0.02761366032063961,0.24471139907836914,0.24871879816055298
31,S3,ComHvy,local,local,0,local,local,0,0.6417406797409058,0.6714171171188354,0.029676437377929688,0.004136471077799797,0.05935279279947281,0.6417406797409058,0.6714171171188354,0.10196617245674133,0.07781698554754257,0.2562931180000305,0.25076594948768616
31,S3,BWHvy,local,local,0,local,local,0,0.5265512466430664,0.4617342948913574,-0.06481695175170898,0.008827395737171173,0.12963394820690155,0.5265512466430664,0.4617342948913574,0.28858211636543274,0.3171294033527374,0.18486657738685608,0.22113628685474396
31,S4,LatCrit,local,local,0,local,local,0,0.5193120837211609,0.5796871185302734,0.06037503480911255,0.007406942546367645,0.12075003981590271,0.5193120837211609,0.5796871185302734,0.3191462755203247,0.2781202495098114,0.1615416407585144,0.14219266176223755
31,S4,ComHvy,local,local,0,local,local,0,0.7581510543823242,0.7374107241630554,-0.0207403302192688,0.03419533371925354,0.14847999811172485,0.7581510543823242,0.7374107241630554,0.07261092215776443,0.14685092866420746,0.16923803091049194,0.11573836207389832
31,S4,BWHvy,BS1,BS1,0,BS1,BS1,0,0.43075719475746155,0.4451262652873993,0.014369070529937744,0.015064958482980728,0.1429298222064972,0.34822070598602295,0.27675580978393555,0.43075719475746155,0.4451262652873993,0.2210221290588379,0.27811798453330994
31,S5,LatCrit,local,local,0,local,local,0,0.7686318755149841,0.7752367258071899,0.0066048502922058105,0.00028220401145517826,0.016234643757343292,0.7686318755149841,0.7752367258071899,0.14188933372497559,0.13377204537391663,0.0894787609577179,0.09099126607179642
31,S5,ComHvy,BS1,BS1,0,local,BS1,1,0.535147488117218,0.6555230021476746,0.12037551403045654,0.037584565579891205,0.24075107276439667,0.36635327339172363,0.2935790419578552,0.535147488117218,0.6555230021476746,0.09849925339221954,0.050897929817438126
31,S5,BWHvy,BS1,BS1,0,BS1,BS1,0,0.4717390537261963,0.49618348479270935,0.02444443106651306,0.016341108828783035,0.15007874369621277,0.3227844834327698,0.2477450966835022,0.4717390537261963,0.49618348479270935,0.20547643303871155,0.2560713589191437
31,S6,LatCrit,BS2,BS2,0,BS2,BS2,0,0.7791311144828796,0.8359711766242981,0.05684006214141846,0.03097013756632805,0.1136801615357399,0.12581539154052734,0.1252804398536682,0.09505347907543182,0.03874833136796951,0.7791311144828796,0.8359711766242981
31,S6,ComHvy,BS1,BS1,0,BS1,BS1,0,0.6222038865089417,0.6183190941810608,-0.0038847923278808594,0.045947764068841934,0.14429673552513123,0.26673412322998047,0.3388825058937073,0.6222038865089417,0.6183190941810608,0.11106197535991669,0.042798418551683426
31,S6,BWHvy,BS1,BS1,0,BS1,BS1,0,0.4054532051086426,0.5267868041992188,0.12133359909057617,0.03069208189845085,0.24266718327999115,0.3915609121322632,0.2976492643356323,0.4054532051086426,0.5267868041992188,0.20298589766025543,0.1755639612674713
31,S7,LatCrit,local,local,0,local,local,0,0.6488659381866455,0.6771869659423828,0.028321027755737305,0.008444337174296379,0.0959988534450531,0.6488659381866455,0.6771869659423828,0.31176021695137024,0.2637607753276825,0.03937385231256485,0.0590522326529026
31,S7,ComHvy,local,local,0,local,local,0,0.6027513742446899,0.6109398007392883,0.008188426494598389,0.027147047221660614,0.1531953513622284,0.6027513742446899,0.6109398007392883,0.13115909695625305,0.19956836104393005,0.2660894989967346,0.18949183821678162
31,S7,BWHvy,BS1,BS1,0,BS1,BS1,0,0.41620615124702454,0.5718993544578552,0.1556932032108307,0.055394820868968964,0.3113864064216614,0.2969639301300049,0.24964171648025513,0.41620615124702454,0.5718993544578552,0.2868299186229706,0.17845894396305084
31,S8,LatCrit,local,local,0,local,local,0,0.7115540504455566,0.6867154836654663,-0.024838566780090332,0.0016436176374554634,0.04967718571424484,0.7115540504455566,0.6867154836654663,0.18544705212116241,0.20679521560668945,0.10299886018037796,0.10648931562900543
31,S8,ComHvy,local,local,0,local,local,0,0.48995333909988403,0.5479167103767395,0.05796337127685547,0.00683274632319808,0.11592672020196915,0.48995333909988403,0.5479167103767395,0.48040875792503357,0.42771202325820923,0.029637884348630905,0.02437126822769642
31,S8,BWHvy,local,BS1,1,local,BS1,1,0.42042338848114014,0.4986308515071869,0.07820746302604675,0.021985478699207306,0.2081829011440277,0.42042338848114014,0.34301429986953735,0.39453938603401184,0.4986308515071869,0.18503719568252563,0.15835484862327576
32,S1,LatCrit,BS1,BS2,1,BS1,BS1,0,0.4319795072078705,0.5104095339775085,0.07843002676963806,0.03153633326292038,0.24615487456321716,0.18068838119506836,0.13173902034759521,0.4319795072078705,0.35785141587257385,0.38733211159706116,0.5104095339775085
32,S1,ComHvy,local,local,0,local,local,0,0.7157003879547119,0.7907117605209351,0.07501137256622314,0.028987225145101547,0.1500227153301239,0.7157003879547119,0.7907117605209351,0.22182296216487885,0.1857268363237381,0.062476638704538345,0.023561421781778336
32,S1,BWHvy,BS1,BS1,0,local,BS1,1,0.38325607776641846,0.47450682520866394,0.09125074744224548,0.049311067909002304,0.2749735713005066,0.3562276363372803,0.2187408208847046,0.38325607776641846,0.47450682520866394,0.26051628589630127,0.3067522943019867
32,S2,LatCrit,local,local,0,local,local,0,0.6265063881874084,0.6499288082122803,0.023422420024871826,0.0021280981600284576,0.04818321764469147,0.6265063881874084,0.6499288082122803,0.18698430061340332,0.16289269924163818,0.18650931119918823,0.18717850744724274
32,S2,ComHvy,local,local,0,local,local,0,0.8685594797134399,0.8867301940917969,0.018170714378356934,0.004003874957561493,0.03634142875671387,0.8685594797134399,0.8867301940917969,0.07761330157518387,0.07725007832050323,0.053827207535505295,0.036019716411828995
32,S2,BWHvy,BS2,BS2,0,BS2,BS2,0,0.47241121530532837,0.4638528823852539,-0.008558332920074463,0.044112034142017365,0.206369549036026,0.21539342403411865,0.12076699733734131,0.3121953308582306,0.4153801202774048,0.47241121530532837,0.4638528823852539
32,S3,LatCrit,local,local,0,local,local,0,0.7596869468688965,0.6873495578765869,-0.07233738899230957,0.030026264488697052,0.18410566449165344,0.7596869468688965,0.6873495578765869,0.12672922015190125,0.10701379179954529,0.11358382552862167,0.205636665225029
32,S3,ComHvy,BS1,BS2,1,BS2,BS2,0,0.3693925142288208,0.39986440539360046,0.030471891164779663,0.009106729179620743,0.11962392926216125,0.2829616665840149,0.29055505990982056,0.3693925142288208,0.309580534696579,0.3476458489894867,0.39986440539360046
32,S3,BWHvy,local,BS1,1,local,BS1,1,0.423395574092865,0.3965030908584595,-0.026892483234405518,0.06956985592842102,0.3404041826725006,0.423395574092865,0.2531934976577759,0.2890198528766632,0.3965030908584595,0.2875845730304718,0.35030344128608704
32,S4,LatCrit,local,local,0,local,local,0,0.7101041078567505,0.754559338092804,0.04445523023605347,0.005381427705287933,0.08891044557094574,0.7101041078567505,0.754559338092804,0.21449221670627594,0.1771308034658432,0.07540366798639297,0.06830986589193344
32,S4,ComHvy,local,local,0,local,local,0,0.6375442147254944,0.6959701180458069,0.0584259033203125,0.008254330605268478,0.11685177683830261,0.6375442147254944,0.6959701180458069,0.14961524307727814,0.1329541653394699,0.21284054219722748,0.1710757464170456
32,S4,BWHvy,BS2,BS2,0,BS2,BS2,0,0.41917678713798523,0.49857577681541443,0.0793989896774292,0.03375896066427231,0.18677690625190735,0.22773128747940063,0.13434284925460815,0.35309192538261414,0.3670814037322998,0.41917678713798523,0.49857577681541443
32,S5,LatCrit,local,local,0,local,local,0,0.7485874891281128,0.7225357294082642,-0.026051759719848633,0.00195932574570179,0.052103474736213684,0.7485874891281128,0.7225357294082642,0.0786849856376648,0.09242725372314453,0.1727275252342224,0.18503697216510773
32,S5,ComHvy,BS1,BS1,0,BS1,BS1,0,0.6514874696731567,0.6462875604629517,-0.005199909210205078,0.0018382463604211807,0.03461265563964844,0.261913001537323,0.24980658292770386,0.6514874696731567,0.6462875604629517,0.08659953624010086,0.10390586405992508
32,S5,BWHvy,BS2,BS2,0,BS2,BS2,0,0.34238216280937195,0.4112716019153595,0.06888943910598755,0.06656719744205475,0.30356016755104065,0.3303585648536682,0.17857849597930908,0.32725924253463745,0.4101499021053314,0.34238216280937195,0.4112716019153595
32,S6,LatCrit,BS2,BS2,0,BS2,BS2,0,0.87479168176651,0.8893391489982605,0.014547467231750488,0.0023251213133335114,0.03443145379424095,0.08135849237442017,0.06414282321929932,0.04384974017739296,0.04651805758476257,0.87479168176651,0.8893391489982605
32,S6,ComHvy,BS2,BS1,1,BS2,BS2,0,0.4334813058376312,0.4204676151275635,-0.013013690710067749,0.0020125247538089752,0.062279313802719116,0.17719072103500366,0.1668148636817932,0.38932791352272034,0.4204676151275635,0.4334813058376312,0.4127175509929657
32,S6,BWHvy,BS2,BS2,0,BS1,BS1,0,0.37409713864326477,0.47746551036834717,0.1033683717250824,0.06237773597240448,0.26690399646759033,0.27545303106307983,0.14200103282928467,0.3504498600959778,0.38053348660469055,0.37409713864326477,0.47746551036834717
32,S7,LatCrit,local,local,0,local,local,0,0.5021145343780518,0.5554055571556091,0.05329102277755737,0.033433377742767334,0.20856919884681702,0.5021145343780518,0.5554055571556091,0.21248356997966766,0.2634771466255188,0.2854019105434418,0.18111731112003326
32,S7,ComHvy,local,BS2,1,local,BS2,1,0.4735865592956543,0.4124900996685028,-0.06109645962715149,0.026353225111961365,0.22104910016059875,0.4735865592956543,0.3917943239212036,0.22444790601730347,0.19571557641029358,0.3019655644893646,0.4124900996685028
32,S7,BWHvy,BS1,BS1,0,BS1,BS1,0,0.5197084546089172,0.5708072185516357,0.051098763942718506,0.045750923454761505,0.22216631472110748,0.24533534049987793,0.13425219058990479,0.5197084546089172,0.5708072185516357,0.23495618999004364,0.2949405908584595
32,S8,LatCrit,local,local,0,local,local,0,0.557865560054779,0.5159382820129395,-0.0419272780418396,0.0074645839631557465,0.11127692461013794,0.557865560054779,0.5159382820129395,0.18495462834835052,0.17124344408512115,0.2571798264980316,0.3128182888031006
32,S8,ComHvy,local,local,0,local,local,0,0.7315551042556763,0.7508381009101868,0.019282996654510498,0.0011476054787635803,0.0385659858584404,0.7315551042556763,0.7508381009101868,0.08680872619152069,0.08475930243730545,0.18163613975048065,0.164402574300766
32,S8,BWHvy,BS1,BS2,1,BS2,BS2,0,0.3621863126754761,0.4466978907585144,0.08451157808303833,0.05167088657617569,0.2507734000682831,0.2875325083732605,0.16214579343795776,0.3621863126754761,0.39115628600120544,0.3502811789512634,0.4466978907585144
33,S1,LatCrit,local,local,0,BS2,BS2,0,0.45002108812332153,0.44635701179504395,-0.003664076328277588,0.008232560008764267,0.08243006467819214,0.45002108812332153,0.44635701179504395,0.10303734242916107,0.14425237476825714,0.4469415545463562,0.4093905985355377
33,S1,ComHvy,local,local,0,local,local,0,0.6806704998016357,0.7139052152633667,0.03323471546173096,0.01801430806517601,0.06646941602230072,0.6806704998016357,0.7139052152633667,0.05377963185310364,0.021367892622947693,0.2655498683452606,0.2647269070148468
33,S1,BWHvy,local,local,0,local,local,0,0.470054566860199,0.4084818363189697,-0.06157273054122925,0.00806402787566185,0.12314547598361969,0.470054566860199,0.4084818363189697,0.3236554265022278,0.35121139883995056,0.20628997683525085,0.24030674993991852
33,S2,LatCrit,BS1,BS1,0,BS1,local,1,0.5402626991271973,0.5188164710998535,-0.02144622802734375,0.007671540603041649,0.10345770418643951,0.2937632203102112,0.34549206495285034,0.5402626991271973,0.5188164710998535,0.16597406566143036,0.13569143414497375
33,S2,ComHvy,local,local,0,local,local,0,0.8309708833694458,0.8308199048042297,-0.00015097856521606445,0.0008262079209089279,0.014452643692493439,0.8309708833694458,0.8308199048042297,0.1323333978652954,0.12525807321071625,0.036695696413517,0.04392203688621521
33,S2,BWHvy,local,local,0,BS1,BS1,0,0.41686177253723145,0.3666243553161621,-0.050237417221069336,0.005545778200030327,0.10047483444213867,0.41686177253723145,0.3666243553161621,0.3412432372570038,0.36236587166786194,0.24189499020576477,0.27100977301597595
33,S3,LatCrit,local,local,0,local,local,0,0.8400522470474243,0.8785418272018433,0.038489580154418945,0.01445920579135418,0.0769791454076767,0.8400522470474243,0.8785418272018433,0.12069743871688843,0.1058896854519844,0.03925030678510666,0.015568493865430355
33,S3,ComHvy,BS1,BS1,0,BS1,BS1,0,0.7336935997009277,0.7992562651634216,0.0655626654624939,0.0243171826004982,0.1448008418083191,0.17344754934310913,0.1010470986366272,0.7336935997009277,0.7992562651634216,0.09285888075828552,0.09969661384820938
33,S3,BWHvy,local,local,0,local,local,0,0.6042664051055908,0.5244080424308777,-0.07985836267471313,0.016154641285538673,0.15971675515174866,0.6042664051055908,0.5244080424308777,0.16502057015895844,0.22866564989089966,0.23071299493312836,0.24692630767822266
33,S4,LatCrit,local,local,0,local,local,0,0.6516202688217163,0.7134679555892944,0.061847686767578125,0.018912464380264282,0.1458679735660553,0.6516202688217163,0.7134679555892944,0.12868985533714294,0.13977617025375366,0.21968984603881836,0.1467558741569519
33,S4,ComHvy,BS1,local,1,BS1,BS1,0,0.41616907715797424,0.4150680899620056,-0.001100987195968628,0.02373824641108513,0.20323769748210907,0.31344926357269287,0.4150680899620056,0.41616907715797424,0.3749180734157562,0.2703816592693329,0.21001379191875458
33,S4,BWHvy,local,BS2,1,local,BS2,1,0.43262434005737305,0.4030408263206482,-0.029583513736724854,0.008273638784885406,0.12473179399967194,0.43262434005737305,0.3702584505081177,0.20932315289974213,0.22670072317123413,0.35805249214172363,0.4030408263206482
33,S5,LatCrit,BS2,BS2,0,BS2,BS2,0,0.47266462445259094,0.5153567790985107,0.0426921546459198,0.006169892847537994,0.08538433909416199,0.462920606136322,0.43978869915008545,0.06441476941108704,0.04485449194908142,0.47266462445259094,0.5153567790985107
33,S5,ComHvy,BS1,BS1,0,BS1,BS1,0,0.8144897818565369,0.8271122574806213,0.012622475624084473,0.008240558207035065,0.046550601720809937,0.05129498243331909,0.02801966667175293,0.8144897818565369,0.8271122574806213,0.13421523571014404,0.14486804604530334
33,S5,BWHvy,local,local,0,local,local,0,0.5282171964645386,0.4722617268562317,-0.055955469608306885,0.011919505894184113,0.12151630222797394,0.5282171964645386,0.4722617268562317,0.29886314272880554,0.29406046867370605,0.17291967570781708,0.23367783427238464
33,S6,LatCrit,local,local,0,local,BS1,1,0.4907662272453308,0.4781067371368408,-0.01265949010848999,0.0007628356106579304,0.03533020615577698,0.4907662272453308,0.4781067371368408,0.2760392725467682,0.29370439052581787,0.2331945151090622,0.2281889170408249
33,S6,ComHvy,local,local,0,local,local,0,0.5418819189071655,0.5883219242095947,0.0464400053024292,0.009925740770995617,0.09288003295660019,0.5418819189071655,0.5883219242095947,0.1102941706776619,0.07363630831241608,0.34782394766807556,0.3380417823791504
33,S6,BWHvy,local,local,0,BS1,BS1,0,0.4044986963272095,0.3674919009208679,-0.03700679540634155,0.004370242357254028,0.0740136057138443,0.4044986963272095,0.3674919009208679,0.35398751497268677,0.35405391454696655,0.24151380360126495,0.2784542143344879
33,S7,LatCrit,local,local,0,BS2,BS2,0,0.5380140542984009,0.5268282890319824,-0.011185765266418457,0.00251905620098114,0.0449252687394619,0.5380140542984009,0.5268282890319824,0.04264431819319725,0.03136745095252991,0.4193416237831116,0.44180426001548767
33,S7,ComHvy,BS2,local,1,BS2,local,1,0.5384982824325562,0.4683615565299988,-0.07013672590255737,0.030173011124134064,0.20734649896621704,0.4138628840446472,0.4683615565299988,0.047638796269893646,0.0968133956193924,0.5384982824325562,0.43482506275177
33,S7,BWHvy,BS2,BS2,0,BS1,BS1,0,0.37445855140686035,0.39816218614578247,0.02370363473892212,0.016820523887872696,0.15494775772094727,0.30137455463409424,0.2239006757736206,0.3241668939590454,0.3779371380805969,0.37445855140686035,0.39816218614578247
33,S8,LatCrit,local,local,0,local,local,0,0.510570764541626,0.4941709637641907,-0.016399800777435303,0.001185408909805119,0.034181877970695496,0.510570764541626,0.4941709637641907,0.14822441339492798,0.16531534492969513,0.34120485186576843,0.3405137062072754
33,S8,ComHvy,local,local,0,local,local,0,0.6898286938667297,0.769539475440979,0.07971078157424927,0.04020987078547478,0.15942157804965973,0.6898286938667297,0.769539475440979,0.11629856377840042,0.047304049134254456,0.19387274980545044,0.18315647542476654
33,S8,BWHvy,BS2,BS2,0,local,local,0,0.4171982705593109,0.4787572920322418,0.06155902147293091,0.01427990198135376,0.15394963324069977,0.3599604368209839,0.2829856276512146,0.2228413224220276,0.23825712502002716,0.4171982705593109,0.4787572920322418
34,S1,LatCrit,BS1,BS1,0,BS1,BS1,0,0.5929089784622192,0.6345714926719666,0.041662514209747314,0.004157446324825287,0.08332504332065582,0.21334588527679443,0.20025599002838135,0.5929089784622192,0.6345714926719666,0.19374512135982513,0.1651724874973297
34,S1,ComHvy,local,local,0,local,local,0,0.7218712568283081,0.7351399660110474,0.013268709182739258,0.011617952957749367,0.06603725999593735,0.7218712568283081,0.7351399660110474,0.07453729212284088,0.0415186807513237,0.20359142124652863,0.22334136068820953
34,S1,BWHvy,local,local,0,local,local,0,0.4706646203994751,0.5113149881362915,0.040650367736816406,0.003728847485035658,0.08130070567131042,0.4706646203994751,0.5113149881362915,0.32355621457099915,0.28913435339927673,0.20577915012836456,0.19955067336559296
34,S2,LatCrit,BS1,BS1,0,BS1,BS1,0,0.6200337409973145,0.657416582107544,0.03738284111022949,0.006637871265411377,0.07476562261581421,0.27843940258026123,0.2707863450050354,0.6200337409973145,0.657416582107544,0.10152685642242432,0.07179713249206543
34,S2,ComHvy,local,local,0,local,local,0,0.6460413932800293,0.673751950263977,0.027710556983947754,0.006713442504405975,0.0743737518787384,0.6460413932800293,0.673751950263977,0.21193398535251617,0.22141030430793762,0.14202462136745453,0.10483774542808533
34,S2,BWHvy,local,local,0,local,local,0,0.5561370849609375,0.6059542894363403,0.04981720447540283,0.010289095342159271,0.09963440895080566,0.5561370849609375,0.6059542894363403,0.26755228638648987,0.2661302387714386,0.17631064355373383,0.12791548669338226
34,S3,LatCrit,local,local,0,local,local,0,0.46473753452301025,0.5460631251335144,0.08132559061050415,0.013706238940358162,0.1626511812210083,0.46473753452301025,0.5460631251335144,0.452423632144928,0.39016711711883545,0.08283883333206177,0.06376976519823074
34,S3,ComHvy,BS1,BS1,0,BS1,BS1,0,0.776093065738678,0.8680118322372437,0.09191876649856567,0.03345220163464546,0.18383753299713135,0.1252204179763794,0.06503832340240479,0.776093065738678,0.8680118322372437,0.09868645668029785,0.06694979220628738
34,S3,BWHvy,BS2,local,1,local,local,0,0.3860149085521698,0.38186776638031006,-0.004147142171859741,0.0011307820677757263,0.04531708359718323,0.371271550655365,0.38186776638031006,0.2427135407924652,0.25477588176727295,0.3860149085521698,0.3633563816547394
34,S4,LatCrit,BS1,BS1,0,BS1,BS1,0,0.5359631776809692,0.5568048357963562,0.020841658115386963,0.011449547484517097,0.11254173517227173,0.3914313316345215,0.33516043424606323,0.5359631776809692,0.5568048357963562,0.07260551303625107,0.10803469270467758
34,S4,ComHvy,local,local,0,local,local,0,0.53324294090271,0.5586580038070679,0.02541506290435791,0.008317715488374233,0.05083011835813522,0.53324294090271,0.5586580038070679,0.020213685929775238,0.0073702652007341385,0.4465433955192566,0.4339717626571655
34,S4,BWHvy,BS1,local,1,local,local,0,0.37536588311195374,0.36968111991882324,-0.005684763193130493,0.004657372832298279,0.07977846264839172,0.3745043873786926,0.36968111991882324,0.37536588311195374,0.34029993414878845,0.25012972950935364,0.2900189757347107
34,S5,LatCrit,BS2,BS2,0,BS2,BS2,0,0.7349228858947754,0.8283427357673645,0.09341984987258911,0.06214147061109543,0.18683962523937225,0.12977778911590576,0.12561994791030884,0.13529929518699646,0.04603736475110054,0.7349228858947754,0.8283427357673645
34,S5,ComHvy,BS1,BS1,0,BS1,BS1,0,0.5892957448959351,0.5636079907417297,-0.025687754154205322,0.01529652252793312,0.11861797422170639,0.33051830530166626,0.38982731103897095,0.5892957448959351,0.5636079907417297,0.08018594980239868,0.0465647354722023
34,S5,BWHvy,local,local,0,BS1,BS1,0,0.447346568107605,0.5082585215568542,0.06091195344924927,0.0088127963244915,0.12182392179965973,0.447346568107605,0.5082585215568542,0.3695141077041626,0.34486016631126404,0.18313933908939362,0.1468813121318817
34,S6,LatCrit,local,local,0,local,local,0,0.46668803691864014,0.4717331528663635,0.005045115947723389,0.02344910427927971,0.14690399169921875,0.46668803691864014,0.4717331528663635,0.20858900249004364,0.13513700664043427,0.32472294569015503,0.393129825592041
34,S6,ComHvy,local,local,0,local,local,0,0.937178373336792,0.9638524055480957,0.02667403221130371,0.012928195297718048,0.05334803834557533,0.937178373336792,0.9638524055480957,0.05278119817376137,0.03416065499186516,0.010040405206382275,0.0019869431853294373
34,S6,BWHvy,BS1,BS1,0,BS1,BS1,0,0.46535342931747437,0.48552438616752625,0.02017095685005188,0.013169720768928528,0.10171504318714142,0.3879590630531311,0.41864562034606934,0.46535342931747437,0.48552438616752625,0.14668750762939453,0.09582997858524323
34,S7,LatCrit,BS2,BS2,0,BS2,BS2,0,0.7578476667404175,0.8261137008666992,0.06826603412628174,0.015609368681907654,0.13653206825256348,0.1316004991531372,0.08752161264419556,0.11055183410644531,0.08636469393968582,0.7578476667404175,0.8261137008666992
34,S7,ComHvy,BS2,BS2,0,BS2,local,1,0.5175184011459351,0.46876490116119385,-0.04875349998474121,0.016539420932531357,0.16314753890037537,0.3746769428253174,0.45625072717666626,0.10780463367700577,0.07498438656330109,0.5175184011459351,0.46876490116119385
34,S7,BWHvy,local,BS1,1,BS1,BS1,0,0.36691778898239136,0.3888508379459381,0.021933048963546753,0.014481380581855774,0.15374693274497986,0.36691778898239136,0.34714746475219727,0.3119773864746094,0.3888508379459381,0.32110485434532166,0.2640016973018646
34,S8,LatCrit,BS1,local,1,local,local,0,0.4197234511375427,0.4496880769729614,0.0299646258354187,0.012210729531943798,0.1414964199066162,0.3789398670196533,0.4496880769729614,0.4197234511375427,0.351050466299057,0.20133669674396515,0.19926147162914276
34,S8,ComHvy,local,local,0,local,local,0,0.839956521987915,0.8938450813293457,0.053888559341430664,0.013668586499989033,0.10777707397937775,0.839956521987915,0.8938450813293457,0.12816372513771057,0.08287166804075241,0.031879723072052,0.02328326366841793
34,S8,BWHvy,BS1,BS1,0,BS2,BS1,1,0.37966248393058777,0.40608662366867065,0.026424139738082886,0.0023794546723365784,0.05284826457500458,0.37716013193130493,0.3767574429512024,0.37966248393058777,0.40608662366867065,0.2431773990392685,0.21715596318244934
35,S1,LatCrit,BS1,BS1,0,BS1,BS1,0,0.5681003928184509,0.5460897088050842,-0.0220106840133667,0.003980603069067001,0.07570943981409073,0.34235119819641113,0.3802059292793274,0.5681003928184509,0.5460897088050842,0.08954840153455734,0.07370437681674957
35,S1,ComHvy,local,local,0,local,local,0,0.685122549533844,0.6733325719833374,-0.011789977550506592,0.004000378772616386,0.04500965774059296,0.685122549533844,0.6733325719833374,0.02619694359600544,0.015482097864151001,0.2886804938316345,0.3111853301525116
35,S1,BWHvy,local,local,0,local,local,0,0.4469432234764099,0.4838254451751709,0.036882221698760986,0.002789122983813286,0.07376445829868317,0.4469432234764099,0.4838254451751709,0.23463577032089233,0.2227151244878769,0.31842100620269775,0.293459415435791
35,S2,LatCrit,local,local,0,local,local,0,0.6168982982635498,0.6759981513023376,0.05909985303878784,0.026375889778137207,0.11819969117641449,0.6168982982635498,0.6759981513023376,0.32630684971809387,0.3042440414428711,0.05679485946893692,0.01975783333182335
35,S2,ComHvy,local,local,0,local,local,0,0.6708496809005737,0.6872668266296387,0.01641714572906494,0.0018272697925567627,0.032834284007549286,0.6708496809005737,0.6872668266296387,0.045942213386297226,0.03493112698197365,0.28320807218551636,0.2778020203113556
35,S2,BWHvy,BS2,BS2,0,BS2,BS2,0,0.4840523600578308,0.4585835337638855,-0.025468826293945312,0.023033620789647102,0.1657034158706665,0.35889989137649536,0.4417515993118286,0.15704773366451263,0.09966485947370529,0.4840523600578308,0.4585835337638855
35,S3,LatCrit,local,local,0,local,local,0,0.744255781173706,0.7059569358825684,-0.038298845291137695,0.00891948863863945,0.09906958788633347,0.744255781173706,0.7059569358825684,0.22814616560935974,0.2776809632778168,0.027598051354289055,0.016362104564905167
35,S3,ComHvy,BS1,BS1,0,BS1,BS1,0,0.7743633389472961,0.9232006072998047,0.14883726835250854,0.11302274465560913,0.2976744771003723,0.05744296312332153,0.02782618999481201,0.7743633389472961,0.9232006072998047,0.16819365322589874,0.048973213881254196
35,S3,BWHvy,local,local,0,local,local,0,0.4747766852378845,0.445446252822876,-0.029330432415008545,0.009801872074604034,0.12734274566173553,0.4747766852378845,0.445446252822876,0.22740738093852997,0.19306641817092896,0.2978159487247467,0.3614872992038727
35,S4,LatCrit,local,local,0,local,local,0,0.8169125914573669,0.8785940408706665,0.06168144941329956,0.01854446902871132,0.12336291372776031,0.8169125914573669,0.8785940408706665,0.11142904311418533,0.06335288286209106,0.07165838032960892,0.05805307626724243
35,S4,ComHvy,local,local,0,local,local,0,0.6626964807510376,0.8412310481071472,0.17853456735610962,0.09801627695560455,0.35706910490989685,0.6626964807510376,0.8412310481071472,0.17773835361003876,0.07516729831695557,0.15956512093544006,0.08360165357589722
35,S4,BWHvy,BS1,local,1,BS1,BS1,0,0.3664974570274353,0.363608181476593,-0.002889275550842285,0.005606289952993393,0.0863443911075592,0.36163997650146484,0.363608181476593,0.3664974570274353,0.3233252763748169,0.27186253666877747,0.3130665421485901
35,S5,LatCrit,local,local,0,local,local,0,0.4840611219406128,0.5078559517860413,0.023794829845428467,0.00873170793056488,0.07949847728013992,0.4840611219406128,0.5078559517860413,0.1280156970024109,0.08826648443937302,0.38792315125465393,0.4038775861263275
35,S5,ComHvy,local,local,0,BS1,local,1,0.46373891830444336,0.5897557735443115,0.12601685523986816,0.032270364463329315,0.25203371047973633,0.46373891830444336,0.5897557735443115,0.4152146279811859,0.31430885195732117,0.12104644626379013,0.09593535959720612
35,S5,BWHvy,local,local,0,local,local,0,0.39487677812576294,0.43510621786117554,0.0402294397354126,0.003350231796503067,0.0804588794708252,0.39487677812576294,0.43510621786117554,0.28071555495262146,0.25921663641929626,0.3244076669216156,0.3056771457195282
35,S6,LatCrit,BS2,BS2,0,BS2,BS2,0,0.5723689198493958,0.5812076330184937,0.0088387131690979,0.0014281906187534332,0.03913908451795578,0.3640407919883728,0.3444712162017822,0.06359031796455383,0.07432111352682114,0.5723689198493958,0.5812076330184937
35,S6,ComHvy,BS1,BS1,0,BS1,BS1,0,0.5753437876701355,0.5686127543449402,-0.0067310333251953125,0.06665395200252533,0.2253098487854004,0.22580599784851074,0.33846092224121094,0.5753437876701355,0.5686127543449402,0.19885021448135376,0.09292633086442947
35,S6,BWHvy,BS1,BS1,0,BS1,BS1,0,0.4576794505119324,0.5152409672737122,0.057561516761779785,0.008532419800758362,0.11512303352355957,0.26302963495254517,0.25539278984069824,0.4576794505119324,0.5152409672737122,0.27929094433784485,0.229366272687912
35,S7,LatCrit,BS2,BS2,0,BS2,BS2,0,0.7830422520637512,0.8792413473129272,0.09619909524917603,0.04198363423347473,0.19239816069602966,0.20214402675628662,0.11770617961883545,0.014813675545156002,0.0030524656176567078,0.7830422520637512,0.8792413473129272
35,S7,ComHvy,BS1,BS1,0,BS1,BS1,0,0.9270747900009155,0.9314852356910706,0.004410445690155029,0.00015042675659060478,0.008820855990052223,0.05241113901138306,0.04940307140350342,0.9270747900009155,0.9314852356910706,0.020514080300927162,0.019111737608909607
35,S7,BWHvy,BS1,BS1,0,BS1,BS1,0,0.4979808032512665,0.5443388223648071,0.04635801911354065,0.00453600101172924,0.0927160233259201,0.3328312039375305,0.30844831466674805,0.4979808032512665,0.5443388223648071,0.1691880077123642,0.1472128927707672
35,S8,LatCrit,local,local,0,local,local,0,0.5112260580062866,0.5946427583694458,0.08341670036315918,0.015256179496645927,0.16683337092399597,0.5112260580062866,0.5946427583694458,0.4243439733982086,0.3605286180973053,0.06442993134260178,0.0448286235332489
35,S8,ComHvy,local,local,0,local,local,0,0.7878423929214478,0.7957472801208496,0.007904887199401855,0.010243554599583149,0.023290783166885376,0.7878423929214478,0.7957472801208496,0.015353514812886715,0.003708137897774577,0.19680404663085938,0.2005445659160614
35,S8,BWHvy,BS1,BS1,0,BS1,BS1,0,0.4774245023727417,0.4390046298503876,-0.038419872522354126,0.005056373775005341,0.07683974504470825,0.41529226303100586,0.42478644847869873,0.4774245023727417,0.4390046298503876,0.10728323459625244,0.1362089216709137
36,S1,LatCrit,local,local,0,local,local,0,0.5177078247070312,0.6038442850112915,0.08613646030426025,0.016886970028281212,0.17227290570735931,0.5177078247070312,0.6038442850112915,0.28591060638427734,0.21847161650657654,0.1963815689086914,0.17768411338329315
36,S1,ComHvy,local,local,0,local,local,0,0.8021760582923889,0.8043903112411499,0.0022142529487609863,0.01738637313246727,0.026920178905129433,0.8021760582923889,0.8043903112411499,0.01571520045399666,0.00225512171164155,0.18210873007774353,0.19335457682609558
36,S1,BWHvy,local,local,0,local,local,0,0.6101738810539246,0.5955628156661987,-0.01461106538772583,0.0018767938017845154,0.049652621150016785,0.6101738810539246,0.5955628156661987,0.1877521276473999,0.17753688991069794,0.20207399129867554,0.22690030932426453
36,S2,LatCrit,local,local,0,local,local,0,0.49633878469467163,0.5457859039306641,0.04944711923599243,0.005966869182884693,0.09889420866966248,0.49633878469467163,0.5457859039306641,0.4594910740852356,0.4221814274787903,0.044170137494802475,0.03203269839286804
36,S2,ComHvy,local,local,0,local,local,0,0.890865683555603,0.8804492950439453,-0.010416388511657715,0.0022826101630926132,0.031121499836444855,0.890865683555603,0.8804492950439453,0.058108072727918625,0.052963729947805405,0.051026225090026855,0.06658699363470078
36,S2,BWHvy,BS2,BS2,0,local,local,0,0.4435040354728699,0.443423867225647,-8.016824722290039e-05,6.888336793053895e-05,0.008116722106933594,0.38843977451324463,0.3924981355667114,0.1680562049150467,0.1640780121088028,0.4435040354728699,0.443423867225647
36,S3,LatCrit,local,local,0,local,local,0,0.8120092153549194,0.8058440685272217,-0.006165146827697754,0.0008299723267555237,0.020628761500120163,0.8120092153549194,0.8058440685272217,0.16803371906280518,0.1783481240272522,0.019957033917307854,0.015807824209332466
36,S3,ComHvy,BS1,BS1,0,BS1,BS1,0,0.7673779726028442,0.8108118772506714,0.04343390464782715,0.005884621292352676,0.08686776459217072,0.1679975390434265,0.13473671674728394,0.7673779726028442,0.8108118772506714,0.06462448835372925,0.05445145443081856
36,S3,BWHvy,local,local,0,local,local,0,0.6235121488571167,0.5903801918029785,-0.033131957054138184,0.002635672688484192,0.06626394391059875,0.6235121488571167,0.5903801918029785,0.13324040174484253,0.13665346801280975,0.24324743449687958,0.2729663550853729
36,S4,LatCrit,local,local,0,local,local,0,0.6864253282546997,0.8038135766983032,0.11738824844360352,0.042470768094062805,0.23477645218372345,0.6864253282546997,0.8038135766983032,0.08851856738328934,0.04242647439241409,0.22505606710910797,0.15375995635986328
36,S4,ComHvy,local,local,0,local,local,0,0.7079529762268066,0.8041067123413086,0.09615373611450195,0.032911285758018494,0.1923074871301651,0.7079529762268066,0.8041067123413086,0.21891875565052032,0.1630864441394806,0.07312823832035065,0.03280680254101753
36,S4,BWHvy,BS2,BS2,0,local,local,0,0.38714221119880676,0.4213363528251648,0.03419414162635803,0.004339676350355148,0.0702635794878006,0.37718474864959717,0.37812238931655884,0.23567305505275726,0.20054125785827637,0.38714221119880676,0.4213363528251648
36,S5,LatCrit,BS2,BS2,0,BS2,BS2,0,0.48584023118019104,0.49533072113990784,0.009490489959716797,0.0105638662353158,0.04527080059051514,0.47315847873687744,0.4863033890724182,0.04100129380822182,0.01836589351296425,0.48584023118019104,0.49533072113990784
36,S5,ComHvy,BS1,BS1,0,BS1,BS1,0,0.5289007425308228,0.5789586901664734,0.050057947635650635,0.042486317455768585,0.1508249193429947,0.3447442054748535,0.37009871006011963,0.5289007425308228,0.5789586901664734,0.12635503709316254,0.05094257369637489
36,S5,BWHvy,local,local,0,local,local,0,0.534280002117157,0.5182772874832153,-0.01600271463394165,0.0005409405566751957,0.03200550377368927,0.534280002117157,0.5182772874832153,0.20202474296092987,0.21157091856002808,0.26369524002075195,0.27015185356140137
36,S6,LatCrit,BS2,BS2,0,local,BS2,1,0.454169899225235,0.45735469460487366,0.003184795379638672,0.001188398338854313,0.03341733664274216,0.4481469392776489,0.43143826723098755,0.09768315404653549,0.1112070232629776,0.454169899225235,0.45735469460487366
36,S6,ComHvy,BS2,BS1,1,BS1,BS1,0,0.4673771858215332,0.516663134098053,0.049285948276519775,0.015172891318798065,0.17002487182617188,0.09271347522735596,0.10097211599349976,0.4399093687534332,0.516663134098053,0.4673771858215332,0.3823647201061249
36,S6,BWHvy,BS1,BS1,0,local,local,0,0.3846975862979889,0.43797555565834045,0.05327796936035156,0.011924788355827332,0.12551333010196686,0.33852165937423706,0.34800034761428833,0.3846975862979889,0.43797555565834045,0.27678075432777405,0.21402408182621002
36,S7,LatCrit,BS2,BS2,0,BS2,BS2,0,0.5852817296981812,0.6107363104820251,0.025454580783843994,0.00268588587641716,0.050909124314785004,0.40872228145599365,0.3865950107574463,0.005995985586196184,0.002668714849278331,0.5852817296981812,0.6107363104820251
36,S7,ComHvy,BS1,BS1,0,BS1,BS1,0,0.9159855246543884,0.9559932947158813,0.04000777006149292,0.016692616045475006,0.08001544326543808,0.027270376682281494,0.01836007833480835,0.9159855246543884,0.9559932947158813,0.056744035333395004,0.02564665861427784
36,S7,BWHvy,BS1,BS1,0,BS1,BS1,0,0.4980001151561737,0.5825698971748352,0.0845697820186615,0.015221063047647476,0.16913948953151703,0.30213212966918945,0.2621004581451416,0.4980001151561737,0.5825698971748352,0.19986771047115326,0.15532967448234558
36,S8,LatCrit,local,local,0,local,local,0,0.6790239810943604,0.7945980429649353,0.11557406187057495,0.03696288913488388,0.23114809393882751,0.6790239810943604,0.7945980429649353,0.2231181561946869,0.14748242497444153,0.09785782545804977,0.05791953206062317
36,S8,ComHvy,local,local,0,local,local,0,0.6082736253738403,0.588463544845581,-0.019810080528259277,0.003249131143093109,0.0514230877161026,0.6082736253738403,0.588463544845581,0.012497330084443092,0.00659585976973176,0.37922900915145874,0.40494054555892944
36,S8,BWHvy,BS1,local,1,BS1,BS1,0,0.4098449647426605,0.4057089686393738,-0.004135996103286743,0.001843031495809555,0.05113974213600159,0.4000006318092346,0.4057089686393738,0.4098449647426605,0.3842751085758209,0.19015440344810486,0.21001595258712769
37,S1,LatCrit,local,local,0,local,local,0,0.6001887321472168,0.5660654306411743,-0.03412330150604248,0.004976402968168259,0.08840149641036987,0.6001887321472168,0.5660654306411743,0.160293310880661,0.15021584928035736,0.2395179718732834,0.28371870517730713
37,S1,ComHvy,local,local,0,local,local,0,0.7533340454101562,0.7328826785087585,-0.020451366901397705,0.005265390500426292,0.04606524482369423,0.7533340454101562,0.7328826785087585,0.002877818187698722,0.00029656162951141596,0.24378813803195953,0.2668207585811615
37,S1,BWHvy,local,local,0,local,local,0,0.6372007131576538,0.5000776648521423,-0.13712304830551147,0.03821301832795143,0.27424609661102295,0.6372007131576538,0.5000776648521423,0.1616372913122177,0.22913743555545807,0.2011619508266449,0.270784854888916
37,S2,LatCrit,local,local,0,local,local,0,0.6688666939735413,0.6503647565841675,-0.01850193738937378,0.0007922644726932049,0.03700394928455353,0.6688666939735413,0.6503647565841675,0.2557205259799957,0.2720716893672943,0.07541275024414062,0.07756359875202179
37,S2,ComHvy,local,local,0,local,local,0,0.8280973434448242,0.8266890645027161,-0.0014082789421081543,0.002967594191431999,0.029164094477891922,0.8280973434448242,0.8266890645027161,0.12278110533952713,0.13736315071582794,0.049121566116809845,0.03594779595732689
37,S2,BWHvy,local,local,0,local,BS1,1,0.5604661107063293,0.4541500210762024,-0.10631608963012695,0.028565887361764908,0.2126322239637375,0.5604661107063293,0.4541500210762024,0.22792060673236847,0.3272342085838318,0.211613267660141,0.2186158001422882
37,S3,LatCrit,local,local,0,local,local,0,0.6446518898010254,0.6476482152938843,0.0029963254928588867,0.02367570251226425,0.1299259513616562,0.6446518898010254,0.6476482152938843,0.161368265748024,0.22333493828773499,0.19397981464862823,0.12901686131954193
37,S3,ComHvy,local,local,0,local,local,0,0.47660595178604126,0.518004298210144,0.04139834642410278,0.023031383752822876,0.13324788212776184,0.47660595178604126,0.518004298210144,0.3686371445655823,0.3938627541065216,0.15475687384605408,0.08813294023275375
37,S3,BWHvy,local,local,0,local,local,0,0.7431239485740662,0.5989898443222046,-0.14413410425186157,0.04671129584312439,0.28826820850372314,0.7431239485740662,0.5989898443222046,0.10785037279129028,0.18497036397457123,0.14902566373348236,0.21603979170322418
37,S4,LatCrit,local,local,0,local,local,0,0.5340563058853149,0.610206663608551,0.07615035772323608,0.05638829618692398,0.21549805998802185,0.5340563058853149,0.610206663608551,0.19350793957710266,0.08575888723134995,0.2724357843399048,0.30403444170951843
37,S4,ComHvy,local,local,0,local,local,0,0.6691330671310425,0.723511815071106,0.05437874794006348,0.01964108645915985,0.10875748097896576,0.6691330671310425,0.723511815071106,0.2589160203933716,0.24342763423919678,0.07195089757442474,0.033060550689697266
37,S4,BWHvy,local,local,0,local,local,0,0.5674359798431396,0.4277800917625427,-0.13965588808059692,0.03968585282564163,0.2793118953704834,0.5674359798431396,0.4277800917625427,0.14553959667682648,0.18097737431526184,0.2870243489742279,0.3912425637245178
37,S5,LatCrit,BS2,BS2,0,BS2,BS2,0,0.6151172518730164,0.7295733690261841,0.11445611715316772,0.03372545540332794,0.2289123237133026,0.3514777421951294,0.2551267743110657,0.03340504318475723,0.01529980730265379,0.6151172518730164,0.7295733690261841
37,S5,ComHvy,BS1,local,1,local,local,0,0.5101038813591003,0.6002290844917297,0.0901252031326294,0.03624546527862549,0.2508230209350586,0.47481757402420044,0.6002290844917297,0.5101038813591003,0.39485397934913635,0.015078534372150898,0.004916940815746784
37,S5,BWHvy,local,local,0,local,local,0,0.6161644458770752,0.456134557723999,-0.16002988815307617,0.05178379267454147,0.32005980610847473,0.6161644458770752,0.456134557723999,0.19311901926994324,0.2834259867668152,0.19071653485298157,0.2604394853115082
37,S6,LatCrit,local,local,0,local,local,0,0.6327143907546997,0.5500600337982178,-0.08265435695648193,0.014187637716531754,0.16530868411064148,0.6327143907546997,0.5500600337982178,0.15958692133426666,0.20214800536632538,0.20769868791103363,0.24779193103313446
37,S6,ComHvy,BS2,BS2,0,BS1,BS1,0,0.5172292590141296,0.49986714124679565,-0.017362117767333984,0.0017505232244729996,0.03639271855354309,0.10209155082702637,0.12028789520263672,0.3806792199611664,0.3798449635505676,0.5172292590141296,0.49986714124679565
37,S6,BWHvy,local,BS1,1,local,BS1,1,0.4382181167602539,0.5391814112663269,0.100963294506073,0.04905950278043747,0.2947414219379425,0.4382181167602539,0.30340927839279175,0.39181068539619446,0.5391814112663269,0.16997118294239044,0.15740932524204254
37,S7,LatCrit,local,BS2,1,local,local,0,0.5141251087188721,0.5141094326972961,-1.5676021575927734e-05,0.022844187915325165,0.15954096615314484,0.5141251087188721,0.46334946155548096,0.05153592675924301,0.022541087120771408,0.4343389570713043,0.5141094326972961
37,S7,ComHvy,BS1,BS1,0,BS1,BS1,0,0.924357533454895,0.9395533204078674,0.015195786952972412,0.004559139255434275,0.030391644686460495,0.015337467193603516,0.006712138652801514,0.924357533454895,0.9395533204078674,0.06030503660440445,0.05373450741171837
37,S7,BWHvy,local,BS1,1,local,BS1,1,0.5055225491523743,0.5942434668540955,0.08872091770172119,0.1111965924501419,0.4655224680900574,0.5055225491523743,0.31008100509643555,0.3614822328090668,0.5942434668540955,0.13299521803855896,0.09567553550004959
37,S8,LatCrit,local,local,0,local,local,0,0.5297940373420715,0.5613493919372559,0.031555354595184326,0.0022416729480028152,0.06311071664094925,0.5297940373420715,0.5613493919372559,0.35707172751426697,0.32718589901924133,0.1131342276930809,0.11146469414234161
37,S8,ComHvy,local,local,0,BS1,BS2,1,0.48500335216522217,0.45519983768463135,-0.02980351448059082,0.021211199462413788,0.1765114963054657,0.48500335216522217,0.45519983768463135,0.2650434076786041,0.2065911740064621,0.2499532252550125,0.33820897340774536
37,S8,BWHvy,local,BS1,1,local,BS1,1,0.49012595415115356,0.4315938651561737,-0.05853208899497986,0.0344691202044487,0.2533312141895294,0.49012595415115356,0.36346036195755005,0.3302464783191681,0.4315938651561737,0.17962755262851715,0.20494578778743744
38,S1,LatCrit,local,local,0,local,local,0,0.6354618072509766,0.6700863838195801,0.034624576568603516,0.007114773616194725,0.08932889997959137,0.6354618072509766,0.6700863838195801,0.19914545118808746,0.15448097884655,0.16539278626441956,0.17543263733386993
38,S1,ComHvy,local,local,0,local,local,0,0.8400030732154846,0.8461705446243286,0.006167471408843994,0.004454819951206446,0.012334931641817093,0.8400030732154846,0.8461705446243286,0.0030249645933508873,0.0002861575339920819,0.15697194635868073,0.15354329347610474
38,S1,BWHvy,BS2,BS2,0,BS1,BS1,0,0.4958812892436981,0.5396308898925781,0.043749600648880005,0.025236837565898895,0.175044447183609,0.25190818309783936,0.16438597440719604,0.25221049785614014,0.29598313570022583,0.4958812892436981,0.5396308898925781
38,S2,LatCrit,local,local,0,local,local,0,0.8115990161895752,0.8452167510986328,0.03361773490905762,0.007168934680521488,0.06723546981811523,0.8115990161895752,0.8452167510986328,0.09624043107032776,0.06515543907880783,0.09216055274009705,0.08962780982255936
38,S2,ComHvy,BS2,BS2,0,BS2,BS2,0,0.5736079812049866,0.6687514185905457,0.09514343738555908,0.022020123898983,0.190286785364151,0.31480103731155396,0.25934869050979614,0.11159094423055649,0.07189994305372238,0.5736079812049866,0.6687514185905457
38,S2,BWHvy,BS1,BS1,0,BS2,BS2,0,0.38740643858909607,0.4146730899810791,0.027266651391983032,0.004039270803332329,0.07532143592834473,0.2641664743423462,0.22650575637817383,0.38740643858909607,0.4146730899810791,0.34842708706855774,0.35882115364074707
38,S3,LatCrit,local,local,0,local,local,0,0.6244063377380371,0.560008704662323,-0.06439763307571411,0.008557675406336784,0.12879523634910583,0.6244063377380371,0.560008704662323,0.18397830426692963,0.21821831166744232,0.19161540269851685,0.22177299857139587
38,S3,ComHvy,BS2,BS1,1,BS2,BS1,1,0.36695700883865356,0.4457583427429199,0.07880133390426636,0.05176264047622681,0.28978776931762695,0.33217853307724,0.3043040633201599,0.30086445808410645,0.4457583427429199,0.36695700883865356,0.24993757903575897
38,S3,BWHvy,local,local,0,local,local,0,0.5232700109481812,0.3676263093948364,-0.15564370155334473,0.05006275326013565,0.3112873435020447,0.5232700109481812,0.3676263093948364,0.2587715983390808,0.34634801745414734,0.2179584503173828,0.28602567315101624
38,S4,LatCrit,local,local,0,local,local,0,0.6410363912582397,0.7090389728546143,0.06800258159637451,0.018958479166030884,0.13600517809391022,0.6410363912582397,0.7090389728546143,0.17344097793102264,0.1100103035569191,0.1855226755142212,0.18095074594020844
38,S4,ComHvy,local,local,0,local,local,0,0.6971390247344971,0.7833004593849182,0.08616143465042114,0.06788095831871033,0.17232288420200348,0.6971390247344971,0.7833004593849182,0.24908901751041412,0.20915348827838898,0.053771983832120895,0.007546066772192717
38,S4,BWHvy,BS2,BS2,0,BS2,BS2,0,0.4068653881549835,0.5105367302894592,0.10367134213447571,0.028473645448684692,0.20734262466430664,0.2922833561897278,0.20420527458190918,0.3008512258529663,0.285258024930954,0.4068653881549835,0.5105367302894592
38,S5,LatCrit,BS2,BS2,0,local,BS2,1,0.515521764755249,0.5490975379943848,0.03357577323913574,0.00260215625166893,0.06715156137943268,0.3729105591773987,0.3540008068084717,0.1115676686167717,0.09690163284540176,0.515521764755249,0.5490975379943848
38,S5,ComHvy,BS1,BS1,0,BS1,BS1,0,0.7580716609954834,0.7256563901901245,-0.03241527080535889,0.003951943013817072,0.07200212776660919,0.23008185625076294,0.2660829424858093,0.7580716609954834,0.7256563901901245,0.011846473440527916,0.008260702714323997
38,S5,BWHvy,BS2,BS2,0,local,BS2,1,0.3605579733848572,0.43049174547195435,0.06993377208709717,0.028608068823814392,0.2122819423675537,0.3474782705307007,0.24133729934692383,0.29196372628211975,0.32817092537879944,0.3605579733848572,0.43049174547195435
38,S6,LatCrit,local,local,0,local,local,0,0.4979192018508911,0.4885833263397217,-0.009335875511169434,0.0023586656898260117,0.04054826498031616,0.4979192018508911,0.4885833263397217,0.0834565982222557,0.10373076051473618,0.4186241626739502,0.40768593549728394
38,S6,ComHvy,BS2,BS2,0,BS2,BS2,0,0.7111532092094421,0.7364314794540405,0.02527827024459839,0.002625696361064911,0.05304768681526184,0.10955321788787842,0.11079877614974976,0.17929360270500183,0.15276974439620972,0.7111532092094421,0.7364314794540405
38,S6,BWHvy,BS1,BS1,0,BS1,BS1,0,0.49907752871513367,0.6092923879623413,0.11021485924720764,0.032432325184345245,0.22042974829673767,0.25599509477615356,0.16594743728637695,0.49907752871513367,0.6092923879623413,0.24492736160755157,0.22476013004779816
38,S7,LatCrit,BS2,BS2,0,BS2,BS2,0,0.628566324710846,0.7480806112289429,0.11951428651809692,0.05736202746629715,0.23902860283851624,0.319793701171875,0.23975378274917603,0.051639970391988754,0.012165578082203865,0.628566324710846,0.7480806112289429
38,S7,ComHvy,BS1,BS1,0,BS1,BS1,0,0.7000298500061035,0.7384902834892273,0.03846043348312378,0.025455493479967117,0.07692082226276398,0.26305967569351196,0.252522349357605,0.7000298500061035,0.7384902834892273,0.03691044822335243,0.008987386710941792
38,S7,BWHvy,BS1,BS1,0,BS1,BS1,0,0.46899762749671936,0.643737256526947,0.17473962903022766,0.06742572039365768,0.3494792580604553,0.3837210536003113,0.27623802423477173,0.46899762749671936,0.643737256526947,0.14728131890296936,0.08002472668886185
38,S8,LatCrit,BS2,BS1,1,BS2,BS2,0,0.47862741351127625,0.4648420214653015,-0.013785392045974731,0.02345534786581993,0.187840074300766,0.15045058727264404,0.09963411092758179,0.3709219694137573,0.4648420214653015,0.47862741351127625,0.4355238676071167
38,S8,ComHvy,local,local,0,local,local,0,0.6487622261047363,0.690027117729187,0.041264891624450684,0.024472147226333618,0.15693138539791107,0.6487622261047363,0.690027117729187,0.21779578924179077,0.13933010399341583,0.1334419548511505,0.17064276337623596
38,S8,BWHvy,BS1,BS1,0,BS2,BS2,0,0.4021647870540619,0.4979988634586334,0.09583407640457153,0.02903260663151741,0.19527369737625122,0.3160191774368286,0.21838229894638062,0.4021647870540619,0.4979988634586334,0.2818160653114319,0.2836188077926636
39,S1,LatCrit,BS1,BS1,0,BS1,BS1,0,0.4864170253276825,0.46091264486312866,-0.025504380464553833,0.0016208970919251442,0.05100874602794647,0.3654636740684509,0.37496960163116455,0.4864170253276825,0.46091264486312866,0.14811931550502777,0.1641177535057068
39,S1,ComHvy,local,BS2,1,local,local,0,0.49661076068878174,0.5044214725494385,0.007810711860656738,0.023884261026978493,0.05589370056986809,0.49661076068878174,0.49050217866897583,0.02691461704671383,0.005076328758150339,0.4764746427536011,0.5044214725494385
39,S1,BWHvy,BS2,BS2,0,BS2,BS2,0,0.4256092607975006,0.48768147826194763,0.06207221746444702,0.007855717092752457,0.12414440512657166,0.22136878967285156,0.1925981640815735,0.3530219793319702,0.31972041726112366,0.4256092607975006,0.48768147826194763
39,S2,LatCrit,local,local,0,local,local,0,0.5218726396560669,0.5057405233383179,-0.016132116317749023,0.0007280386053025723,0.03336721658706665,0.5218726396560669,0.5057405233383179,0.28337204456329346,0.3000556528568268,0.19475533068180084,0.19420383870601654
39,S2,ComHvy,local,BS2,1,local,BS2,1,0.5810146331787109,0.5073601007461548,-0.07365453243255615,0.07161349058151245,0.3664452135562897,0.5810146331787109,0.4059690833091736,0.0948478952050209,0.08667084574699402,0.32413747906684875,0.5073601007461548
39,S2,BWHvy,BS1,BS1,0,BS1,BS1,0,0.4244726002216339,0.4603548049926758,0.03588220477104187,0.003209862858057022,0.07458344101905823,0.15704262256622314,0.15845215320587158,0.4244726002216339,0.4603548049926758,0.41848477721214294,0.381193071603775
39,S3,LatCrit,local,BS1,1,local,BS1,1,0.5759919881820679,0.4375625550746918,-0.1384294331073761,0.05452964827418327,0.3284844160079956,0.5759919881820679,0.41174978017807007,0.3148057162761688,0.4375625550746918,0.10920228064060211,0.15068766474723816
39,S3,ComHvy,local,BS1,1,local,local,0,0.4754636287689209,0.412942111492157,-0.06252151727676392,0.010735961608588696,0.1425684541463852,0.4754636287689209,0.4041793942451477,0.3547249734401703,0.412942111492157,0.1698114275932312,0.1828785091638565
39,S3,BWHvy,local,BS1,1,local,BS2,1,0.4174116849899292,0.3620201647281647,-0.055391520261764526,0.03220051899552345,0.23847371339797974,0.4174116849899292,0.29817479848861694,0.3093109428882599,0.3620201647281647,0.2732774019241333,0.339805006980896
39,S4,LatCrit,local,local,0,local,local,0,0.4782145023345947,0.5830650329589844,0.10485053062438965,0.04287618398666382,0.2097010612487793,0.4782145023345947,0.5830650329589844,0.2227507382631302,0.1226879432797432,0.2990347743034363,0.294247031211853
39,S4,ComHvy,local,local,0,local,local,0,0.7324693202972412,0.8596286773681641,0.12715935707092285,0.07644829899072647,0.2543187737464905,0.7324693202972412,0.8596286773681641,0.0813862755894661,0.070245660841465,0.18614444136619568,0.07012564688920975
39,S4,BWHvy,BS1,BS2,1,BS1,BS1,0,0.3756561279296875,0.4157048761844635,0.040048748254776,0.015133582055568695,0.16818660497665405,0.292732298374176,0.2486897110939026,0.3756561279296875,0.3356053829193115,0.33161160349845886,0.4157048761844635
39,S5,LatCrit,local,local,0,local,local,0,0.4488198757171631,0.554076075553894,0.10525619983673096,0.044657304883003235,0.2105124592781067,0.4488198757171631,0.554076075553894,0.10825109481811523,0.04495356231927872,0.44292905926704407,0.40097033977508545
39,S5,ComHvy,BS1,BS1,0,BS1,BS1,0,0.8600121140480042,0.8885872960090637,0.02857518196105957,0.010483143851161003,0.057150427252054214,0.11494815349578857,0.10222810506820679,0.8600121140480042,0.8885872960090637,0.025039756670594215,0.009184558875858784
39,S5,BWHvy,BS1,BS1,0,BS1,BS1,0,0.43326470255851746,0.4524576663970947,0.01919296383857727,0.006915438920259476,0.0956670343875885,0.24894273281097412,0.20110923051834106,0.43326470255851746,0.4524576663970947,0.31779250502586365,0.3464330732822418
39,S6,LatCrit,BS2,BS2,0,BS2,BS2,0,0.8414607644081116,0.8697202205657959,0.028259456157684326,0.004648780450224876,0.05651888996362686,0.0824396014213562,0.07608050107955933,0.07609967142343521,0.05419933795928955,0.8414607644081116,0.8697202205657959
39,S6,ComHvy,BS1,BS1,0,BS1,local,1,0.5723354816436768,0.49248936772346497,-0.07984611392021179,0.06925051659345627,0.3116794526576996,0.28158676624298096,0.43742650747299194,0.5723354816436768,0.49248936772346497,0.1460777372121811,0.07008413970470428
39,S6,BWHvy,BS1,BS1,0,BS1,BS1,0,0.6448391675949097,0.6923213601112366,0.047482192516326904,0.006042737513780594,0.094964399933815,0.17384189367294312,0.16146939992904663,0.6448391675949097,0.6923213601112366,0.18131889402866364,0.14620918035507202
39,S7,LatCrit,BS2,BS2,0,BS2,BS2,0,0.8209072351455688,0.8773913383483887,0.056484103202819824,0.052058275789022446,0.11687097698450089,0.10154879093170166,0.10350018739700317,0.0775439515709877,0.019108476117253304,0.8209072351455688,0.8773913383483887
39,S7,ComHvy,BS1,BS1,0,BS1,BS1,0,0.5735886693000793,0.7363101840019226,0.16272151470184326,0.0763394683599472,0.3254430294036865,0.20867347717285156,0.16312509775161743,0.5735886693000793,0.7363101840019226,0.2177378088235855,0.10056466609239578
39,S7,BWHvy,BS1,BS1,0,BS1,BS1,0,0.544474720954895,0.6571671962738037,0.11269247531890869,0.032313041388988495,0.22538496553897858,0.32933980226516724,0.2699194550514221,0.544474720954895,0.6571671962738037,0.12618546187877655,0.07291331887245178
39,S8,LatCrit,local,local,0,local,local,0,0.4629555344581604,0.5404606461524963,0.07750511169433594,0.012042291462421417,0.15501023828983307,0.4629555344581604,0.5404606461524963,0.4265497922897339,0.3645205795764923,0.11049466580152512,0.09501875191926956
39,S8,ComHvy,local,local,0,local,local,0,0.8029094338417053,0.8342603445053101,0.031350910663604736,0.01659317873418331,0.08439813554286957,0.8029094338417053,0.8342603445053101,0.08716922253370285,0.04497013986110687,0.10992137342691422,0.12076951563358307
39,S8,BWHvy,BS1,BS1,0,BS1,BS1,0,0.6048785448074341,0.6185709834098816,0.01369243860244751,0.001085359137505293,0.0393344908952713,0.25144773721694946,0.23178046941757202,0.6048785448074341,0.6185709834098816,0.14367371797561646,0.1496485024690628
40,S1,LatCrit,BS1,BS1,0,BS1,local,1,0.4760971963405609,0.4265691339969635,-0.04952806234359741,0.012634426355361938,0.15403051674365997,0.3429596424102783,0.4199749231338501,0.4760971963405609,0.4265691339969635,0.18094314634799957,0.1534559726715088
40,S1,ComHvy,BS2,BS2,0,BS2,BS2,0,0.3570132851600647,0.6380122900009155,0.28099900484085083,0.4385952353477478,0.5619980096817017,0.347236692905426,0.32614070177078247,0.2957500219345093,0.035847023129463196,0.3570132851600647,0.6380122900009155
40,S1,BWHvy,local,local,0,local,local,0,0.3671077489852905,0.4223458766937256,0.05523812770843506,0.019335709512233734,0.17011934518814087,0.3671077489852905,0.4223458766937256,0.31210601329803467,0.22704634070396423,0.3207862377166748,0.3506077826023102
40,S2,LatCrit,local,local,0,local,local,0,0.6364454627037048,0.6519925594329834,0.015547096729278564,0.001417331863194704,0.04349374771118164,0.6364454627037048,0.6519925594329834,0.3270687460899353,0.3053218722343445,0.03648578003048897,0.042685557156801224
40,S2,ComHvy,local,local,0,local,local,0,0.8235820531845093,0.6930958032608032,-0.13048624992370605,0.055287331342697144,0.2631598114967346,0.8235820531845093,0.6930958032608032,0.060702282935380936,0.05960862338542938,0.11571568250656128,0.24729560315608978
40,S2,BWHvy,BS2,local,1,local,local,0,0.37890881299972534,0.36252886056900024,-0.016379952430725098,0.023703396320343018,0.2001161277294159,0.32178354263305664,0.36252886056900024,0.299307644367218,0.35862037539482117,0.37890881299972534,0.2788507342338562
40,S3,LatCrit,local,BS1,1,BS1,BS1,0,0.4978986978530884,0.5010280609130859,0.0031293630599975586,0.03549383580684662,0.25954246520996094,0.4978986978530884,0.3681274652481079,0.38831987977027893,0.5010280609130859,0.11378142982721329,0.13084447383880615
40,S3,ComHvy,local,local,0,local,local,0,0.6915211081504822,0.7334537506103516,0.041932642459869385,0.011272959411144257,0.11199911683797836,0.6915211081504822,0.7334537506103516,0.20999599993228912,0.15399643778800964,0.0984828919172287,0.1125498041510582
40,S3,BWHvy,local,local,0,local,local,0,0.5269702076911926,0.5143178701400757,-0.012652337551116943,0.00032400107011199,0.025304660201072693,0.5269702076911926,0.5143178701400757,0.239690899848938,0.24702060222625732,0.23333892226219177,0.23866154253482819
40,S4,LatCrit,BS2,local,1,local,local,0,0.4337995946407318,0.4803968667984009,0.04659727215766907,0.03994622826576233,0.24485576152801514,0.3579689860343933,0.4803968667984009,0.20823141932487488,0.12892448902130127,0.4337995946407318,0.39067864418029785
40,S4,ComHvy,local,local,0,local,local,0,0.8389722108840942,0.8865431547164917,0.04757094383239746,0.015922293066978455,0.10627906024456024,0.8389722108840942,0.8865431547164917,0.02368812821805477,0.029256725683808327,0.13733966648578644,0.08420014381408691
40,S4,BWHvy,local,local,0,local,local,0,0.5041353702545166,0.532433032989502,0.02829766273498535,0.0049482351168990135,0.08234706521034241,0.5041353702545166,0.532433032989502,0.2474685162305832,0.2062949538230896,0.2483961433172226,0.26127198338508606
40,S5,LatCrit,local,local,0,local,local,0,0.4940534830093384,0.5811066627502441,0.08705317974090576,0.03437056019902229,0.17410634458065033,0.4940534830093384,0.5811066627502441,0.07335498929023743,0.027963653206825256,0.4325915277004242,0.3909296989440918
40,S5,ComHvy,BS1,BS1,0,BS1,BS1,0,0.6864466667175293,0.6169453859329224,-0.06950128078460693,0.03798675909638405,0.17448002099990845,0.293048620223999,0.38028860092163086,0.6864466667175293,0.6169453859329224,0.02050478383898735,0.002766031539067626
40,S5,BWHvy,local,local,0,local,local,0,0.46972936391830444,0.5361341238021851,0.06640475988388062,0.010079855099320412,0.13280950486660004,0.46972936391830444,0.5361341238021851,0.2809382975101471,0.2298666536808014,0.24933232367038727,0.23399922251701355
40,S6,LatCrit,BS2,BS2,0,BS2,BS2,0,0.8257198333740234,0.8479816317558289,0.02226179838180542,0.0019192900508642197,0.044523563235998154,0.10112971067428589,0.09031176567077637,0.07315041124820709,0.06170659139752388,0.8257198333740234,0.8479816317558289
40,S6,ComHvy,local,local,0,local,local,0,0.5327464938163757,0.6932207345962524,0.1604742407798767,0.06766752153635025,0.3209484815597534,0.5327464938163757,0.6932207345962524,0.24449551105499268,0.1269349306821823,0.2227579653263092,0.17984430491924286
40,S6,BWHvy,BS1,BS1,0,BS1,BS1,0,0.5071344375610352,0.5052119493484497,-0.0019224882125854492,0.028106868267059326,0.16733884811401367,0.2168223261833191,0.3004917502403259,0.5071344375610352,0.5052119493484497,0.27604320645332336,0.19429627060890198
40,S7,LatCrit,BS2,BS2,0,BS2,BS2,0,0.7867452502250671,0.8554694056510925,0.06872415542602539,0.047557003796100616,0.1374482363462448,0.12521684169769287,0.11818152666091919,0.08803785592317581,0.026349088177084923,0.7867452502250671,0.8554694056510925
40,S7,ComHvy,BS1,BS1,0,BS2,BS1,1,0.4653526246547699,0.7082221508026123,0.2428695261478424,0.12840750813484192,0.4857390522956848,0.08436965942382812,0.04747742414474487,0.4653526246547699,0.7082221508026123,0.45027774572372437,0.24430043995380402
40,S7,BWHvy,local,local,0,local,local,0,0.4036857485771179,0.44164347648620605,0.037957727909088135,0.041496217250823975,0.21046924591064453,0.4036857485771179,0.44164347648620605,0.3608890473842621,0.4281659424304962,0.2354251742362976,0.13019055128097534
40,S8,LatCrit,local,local,0,local,local,0,0.7804461121559143,0.8510407209396362,0.07059460878372192,0.026860179379582405,0.14118927717208862,0.7804461121559143,0.8510407209396362,0.12248896062374115,0.06157427281141281,0.09706494212150574,0.08738497644662857
40,S8,ComHvy,BS2,BS2,0,BS2,BS2,0,0.5357889533042908,0.6047667860984802,0.06897783279418945,0.028559401631355286,0.17975863814353943,0.23371648788452148,0.14383715391159058,0.23049458861351013,0.2513960599899292,0.5357889533042908,0.6047667860984802
40,S8,BWHvy,BS1,local,1,BS1,local,1,0.40553373098373413,0.44199228286743164,0.03645855188369751,0.01615023985505104,0.1767602115869522,0.35361218452453613,0.44199228286743164,0.40553373098373413,0.35071951150894165,0.24085408449172974,0.20728819072246552
41,S1,LatCrit,local,local,0,local,local,0,0.4523668885231018,0.5396822690963745,0.0873153805732727,0.034416958689689636,0.24858811497688293,0.4523668885231018,0.5396822690963745,0.4410843551158905,0.31679028272628784,0.10654877126216888,0.14352743327617645
41,S1,ComHvy,local,local,0,local,local,0,0.5601966381072998,0.6361883878707886,0.07599174976348877,0.11872832477092743,0.35227036476135254,0.5601966381072998,0.6361883878707886,0.2996855080127716,0.12355034798383713,0.1401178538799286,0.24026130139827728
41,S1,BWHvy,BS1,BS1,0,BS1,BS1,0,0.40187832713127136,0.4406592547893524,0.038780927658081055,0.003514905460178852,0.07756178081035614,0.3493773341178894,0.31608718633651733,0.40187832713127136,0.4406592547893524,0.24874432384967804,0.24325361847877502
41,S2,LatCrit,BS1,BS1,0,BS1,BS1,0,0.7096171975135803,0.7666589617729187,0.05704176425933838,0.011266916990280151,0.11408355832099915,0.17473942041397095,0.15542244911193848,0.7096171975135803,0.7666589617729187,0.11564338207244873,0.07791855931282043
41,S2,ComHvy,local,local,0,local,local,0,0.6628692150115967,0.5283726453781128,-0.1344965696334839,0.0709310919046402,0.3471328020095825,0.6628692150115967,0.5283726453781128,0.20459610223770142,0.37816253304481506,0.13253465294837952,0.09346484392881393
41,S2,BWHvy,BS1,BS1,0,BS2,BS2,0,0.420419305562973,0.47158876061439514,0.05116945505142212,0.006729684770107269,0.10524529218673706,0.18366950750350952,0.18512266874313354,0.420419305562973,0.47158876061439514,0.39591124653816223,0.3432885706424713
41,S3,LatCrit,local,local,0,local,local,0,0.901970624923706,0.877590537071228,-0.024380087852478027,0.005100214388221502,0.05722011253237724,0.901970624923706,0.877590537071228,0.082970030605793,0.11158011853694916,0.015059313736855984,0.010829377919435501
41,S3,ComHvy,local,local,0,local,local,0,0.6798255443572998,0.6707168817520142,-0.009108662605285645,0.03819318115711212,0.08558695018291473,0.6798255443572998,0.6707168817520142,0.27849826216697693,0.3212917745113373,0.04167614504694939,0.0079913679510355
41,S3,BWHvy,local,BS1,1,local,BS1,1,0.46340417861938477,0.3823094666004181,-0.08109471201896667,0.018240153789520264,0.18666812777519226,0.46340417861938477,0.37007009983062744,0.32981768250465393,0.3823094666004181,0.2067781686782837,0.24762043356895447
41,S4,LatCrit,BS2,BS2,0,BS2,BS2,0,0.5079877376556396,0.5241601467132568,0.016172409057617188,0.020111288875341415,0.09237372875213623,0.4025777578353882,0.4325922131538391,0.08943448215723038,0.04324761778116226,0.5079877376556396,0.5241601467132568
41,S4,ComHvy,BS2,BS2,0,BS2,BS2,0,0.5867372751235962,0.4769498109817505,-0.1097874641418457,0.029775716364383698,0.22707083821296692,0.28535014390945435,0.3988855481147766,0.12791259586811066,0.1241646334528923,0.5867372751235962,0.4769498109817505
41,S4,BWHvy,BS1,BS2,1,BS1,BS1,0,0.38107311725616455,0.3544580936431885,-0.026615023612976074,0.018024474382400513,0.16665056347846985,0.3477940559387207,0.3330932855606079,0.38107311725616455,0.3124486207962036,0.27113279700279236,0.3544580936431885
41,S5,LatCrit,local,local,0,local,local,0,0.7507078051567078,0.7354589700698853,-0.01524883508682251,0.058907486498355865,0.15523909032344818,0.7507078051567078,0.7354589700698853,0.089560367166996,0.027189675718545914,0.15973182022571564,0.23735138773918152
41,S5,ComHvy,BS1,BS1,0,BS2,BS2,0,0.3938136696815491,0.40018630027770996,0.006372630596160889,0.0014545777812600136,0.04338476061820984,0.22823405265808105,0.20654165744781494,0.3938136696815491,0.40018630027770996,0.3779522776603699,0.3932720124721527
41,S5,BWHvy,BS1,BS1,0,local,local,0,0.39430877566337585,0.4121423363685608,0.017833560705184937,0.0011098920367658138,0.044039636850357056,0.3704577088356018,0.3484379053115845,0.39430877566337585,0.4121423363685608,0.23523350059986115,0.23941977322101593
41,S6,LatCrit,local,BS1,1,local,local,0,0.370413601398468,0.450716108083725,0.08030250668525696,0.07133110612630844,0.2855069041252136,0.370413601398468,0.37031078338623047,0.30796265602111816,0.450716108083725,0.3216237425804138,0.17897310853004456
41,S6,ComHvy,local,local,0,BS1,local,1,0.3624293804168701,0.5036474466323853,0.14121806621551514,0.06042639911174774,0.2824361324310303,0.3624293804168701,0.5036474466323853,0.332926869392395,0.1975201666355133,0.30464377999305725,0.29883241653442383
41,S6,BWHvy,BS1,BS1,0,BS1,BS1,0,0.4755638837814331,0.47762736678123474,0.0020634829998016357,0.0011833403259515762,0.03651827573776245,0.28595471382141113,0.3021503686904907,0.4755638837814331,0.47762736678123474,0.23848138749599457,0.22022224962711334
41,S7,LatCrit,BS2,BS2,0,BS2,BS2,0,0.7530899047851562,0.7096197009086609,-0.04347020387649536,0.03604115918278694,0.14804652333259583,0.20480585098266602,0.27882909774780273,0.04210425168275833,0.01155118178576231,0.7530899047851562,0.7096197009086609
41,S7,ComHvy,BS2,BS2,0,BS2,BS2,0,0.762566089630127,0.7577173709869385,-0.0048487186431884766,0.01251113973557949,0.08007961511611938,0.1089279055595398,0.07373684644699097,0.12850594520568848,0.16854578256607056,0.762566089630127,0.7577173709869385
41,S7,BWHvy,BS1,BS2,1,BS1,BS1,0,0.4527072012424469,0.44613707065582275,-0.0065701305866241455,0.00992797315120697,0.13611045479774475,0.16921097040176392,0.14163202047348022,0.4527072012424469,0.412230908870697,0.3780818581581116,0.44613707065582275
41,S8,LatCrit,local,local,0,local,local,0,0.8687610626220703,0.9221339821815491,0.05337291955947876,0.016733653843402863,0.10674584656953812,0.8687610626220703,0.9221339821815491,0.0878167450428009,0.052749842405319214,0.04342219978570938,0.025116175413131714
41,S8,ComHvy,BS2,BS2,0,BS2,BS2,0,0.4722800552845001,0.6324241757392883,0.1601441204547882,0.06875091791152954,0.3236740231513977,0.3943440914154053,0.23250705003738403,0.13337591290473938,0.13506875932216644,0.4722800552845001,0.6324241757392883
41,S8,BWHvy,local,local,0,BS1,BS1,0,0.4078766703605652,0.3764728307723999,-0.03140383958816528,0.0037312768399715424,0.07056671380996704,0.4078766703605652,0.3764728307723999,0.35979020595550537,0.3559107184410095,0.23233309388160706,0.26761648058891296
42,S1,LatCrit,local,local,0,local,local,0,0.545946478843689,0.5925154685974121,0.046568989753723145,0.005110836122184992,0.09313799440860748,0.545946478843689,0.5925154685974121,0.2747946083545685,0.2357487827539444,0.17925892770290375,0.1717357486486435
42,S1,ComHvy,local,local,0,local,local,0,0.7032606601715088,0.773720383644104,0.07045972347259521,0.013860832899808884,0.14091946184635162,0.7032606601715088,0.773720383644104,0.26806026697158813,0.20003603398799896,0.028679052367806435,0.0262435469776392
42,S1,BWHvy,BS1,BS1,0,local,BS1,1,0.5249601602554321,0.5647885203361511,0.039828360080718994,0.015279646962881088,0.1461644172668457,0.2886478900909424,0.21556568145751953,0.5249601602554321,0.5647885203361511,0.1863919496536255,0.21964579820632935
42,S2,LatCrit,BS1,BS1,0,BS1,BS1,0,0.8437987565994263,0.8884927034378052,0.044693946838378906,0.009117230772972107,0.08938784897327423,0.07299095392227173,0.05123060941696167,0.8437987565994263,0.8884927034378052,0.08321025222539902,0.06027669459581375
42,S2,ComHvy,local,local,0,local,local,0,0.7309092283248901,0.7241561412811279,-0.006753087043762207,0.006511012092232704,0.03154432773590088,0.7309092283248901,0.7241561412811279,0.25574377179145813,0.2715159058570862,0.013347053900361061,0.004327948670834303
42,S2,BWHvy,BS1,BS1,0,local,local,0,0.4567396938800812,0.5090017914772034,0.05226209759712219,0.005473332479596138,0.10452421009540558,0.31030261516571045,0.28157228231430054,0.4567396938800812,0.5090017914772034,0.23295767605304718,0.2094258964061737
42,S3,LatCrit,local,local,0,local,local,0,0.6457425355911255,0.6454921960830688,-0.0002503395080566406,0.01531052216887474,0.10401080548763275,0.6457425355911255,0.6454921960830688,0.13313452899456024,0.18513992428779602,0.22112290561199188,0.16936783492565155
42,S3,ComHvy,local,local,0,local,local,0,0.8113082647323608,0.7679390907287598,-0.043369174003601074,0.006566241383552551,0.09158601611852646,0.8113082647323608,0.7679390907287598,0.17430852353572845,0.2201015055179596,0.014383235014975071,0.011959374882280827
42,S3,BWHvy,local,BS1,1,BS1,BS1,0,0.41118091344833374,0.3558978736400604,-0.055283039808273315,0.030668772757053375,0.23291969299316406,0.41118091344833374,0.2947210669517517,0.2989036738872528,0.3558978736400604,0.28991541266441345,0.34938105940818787
42,S4,LatCrit,BS2,BS2,0,BS2,BS2,0,0.4571489095687866,0.5595759749412537,0.10242706537246704,0.03263285756111145,0.2048541009426117,0.4344083070755005,0.3847764730453491,0.10844279080629349,0.055647581815719604,0.4571489095687866,0.5595759749412537
42,S4,ComHvy,BS2,BS2,0,BS2,BS2,0,0.7313950657844543,0.7747593522071838,0.04336428642272949,0.02512863650918007,0.09281286597251892,0.1902141571044922,0.19325631856918335,0.07839076220989227,0.03198434039950371,0.7313950657844543,0.7747593522071838
42,S4,BWHvy,local,BS2,1,local,BS2,1,0.3629310727119446,0.3748307228088379,0.01189965009689331,0.012732982635498047,0.13222986459732056,0.3629310727119446,0.29840582609176636,0.3283531367778778,0.32676348090171814,0.3087157607078552,0.3748307228088379
42,S5,LatCrit,local,local,0,local,BS2,1,0.44931817054748535,0.4587060809135437,0.00938791036605835,0.09421972930431366,0.275055855512619,0.44931817054748535,0.4587060809135437,0.22677524387836456,0.08924733102321625,0.3239065706729889,0.45204660296440125
42,S5,ComHvy,BS2,BS2,0,BS2,BS2,0,0.7295670509338379,0.725909948348999,-0.003657102584838867,0.005403685383498669,0.05752100050449371,0.12895792722702026,0.10385453701019287,0.14147500693798065,0.1702355146408081,0.7295670509338379,0.725909948348999
42,S5,BWHvy,BS1,BS1,0,BS1,BS1,0,0.521140992641449,0.6042555570602417,0.08311456441879272,0.016881760209798813,0.16622920334339142,0.30098527669906616,0.22807377576828003,0.521140992641449,0.6042555570602417,0.17787377536296844,0.16767063736915588
42,S6,LatCrit,local,local,0,local,local,0,0.6360369920730591,0.6875463724136353,0.05150938034057617,0.006282529793679714,0.10301879048347473,0.6360369920730591,0.6875463724136353,0.33093175292015076,0.2874450981616974,0.03303126245737076,0.02500850521028042
42,S6,ComHvy,BS1,BS1,0,BS1,BS2,1,0.47007787227630615,0.43997547030448914,-0.030102401971817017,0.004379451274871826,0.09088698029518127,0.16318857669830322,0.1478474736213684,0.47007787227630615,0.43997547030448914,0.3667335510253906,0.41217702627182007
42,S6,BWHvy,BS2,BS2,0,local,BS1,1,0.36475950479507446,0.3841800391674042,0.019420534372329712,0.0013461336493492126,0.04195582866668701,0.274963915348053,0.2539860010147095,0.36027660965919495,0.36183398962020874,0.36475950479507446,0.3841800391674042
42,S7,LatCrit,BS2,BS2,0,BS2,BS2,0,0.5327499508857727,0.47644180059432983,-0.05630815029144287,0.025362908840179443,0.2054980844259262,0.281915545463562,0.3846645951271057,0.18533450365066528,0.13889361917972565,0.5327499508857727,0.47644180059432983
42,S7,ComHvy,BS2,BS2,0,BS2,BS2,0,0.8784922361373901,0.9050329923629761,0.026540756225585938,0.00653262622654438,0.05308148264884949,0.09555363655090332,0.08206367492675781,0.025954145938158035,0.012903380207717419,0.8784922361373901,0.9050329923629761
42,S7,BWHvy,BS2,BS2,0,BS2,BS2,0,0.48789796233177185,0.6199971437454224,0.1320991814136505,0.04095332324504852,0.264198362827301,0.2864391803741455,0.1858254075050354,0.22566285729408264,0.19417743384838104,0.48789796233177185,0.6199971437454224
42,S8,LatCrit,local,local,0,local,local,0,0.6346298456192017,0.7587498426437378,0.12411999702453613,0.049185238778591156,0.24823996424674988,0.6346298456192017,0.7587498426437378,0.2243887037038803,0.1188214048743248,0.14098143577575684,0.1224287673830986
42,S8,ComHvy,local,local,0,local,local,0,0.745247483253479,0.7490947246551514,0.0038472414016723633,0.0006331969052553177,0.019996419548988342,0.745247483253479,0.7490947246551514,0.1478067934513092,0.15395775437355042,0.10694573074579239,0.09694751352071762
42,S8,BWHvy,local,BS2,1,local,BS2,1,0.40773409605026245,0.40369319915771484,-0.004040896892547607,0.021790586411952972,0.1970357596874237,0.40773409605026245,0.3092162013053894,0.2528187334537506,0.28709059953689575,0.3394472002983093,0.40369319915771484
43,S1,LatCrit,local,local,0,local,local,0,0.8804450631141663,0.8298673629760742,-0.05057770013809204,0.01230646576732397,0.10115537792444229,0.8804450631141663,0.8298673629760742,0.08569550514221191,0.13618847727775574,0.03385942429304123,0.033944129943847656
43,S1,ComHvy,local,local,0,local,local,0,0.6381962299346924,0.6684844493865967,0.030288219451904297,0.0044999439269304276,0.0605764277279377,0.6381962299346924,0.6684844493865967,0.2894038259983063,0.2797064185142517,0.07239993661642075,0.05180913582444191
43,S1,BWHvy,local,BS2,1,local,BS2,1,0.6223481893539429,0.4196317791938782,-0.2027164101600647,0.18902045488357544,0.5983487367630005,0.6223481893539429,0.3231738209724426,0.16010624170303345,0.2571943998336792,0.21754559874534607,0.4196317791938782
43,S2,LatCrit,BS1,BS1,0,BS1,BS1,0,0.6118116974830627,0.7966268658638,0.1848151683807373,0.09102156013250351,0.3696303367614746,0.34560954570770264,0.1749206781387329,0.6118116974830627,0.7966268658638,0.04257876053452492,0.028452467173337936
43,S2,ComHvy,local,local,0,local,local,0,0.5523569583892822,0.7009646892547607,0.14860773086547852,0.05015008896589279,0.2972155511379242,0.5523569583892822,0.7009646892547607,0.1578689068555832,0.09533189237117767,0.28977417945861816,0.203703373670578
43,S2,BWHvy,local,local,0,local,BS2,1,0.7436989545822144,0.5414232015609741,-0.20227575302124023,0.09161815047264099,0.4045514762401581,0.7436989545822144,0.5414232015609741,0.11946386843919754,0.17092648148536682,0.1368371546268463,0.2876502573490143
43,S3,LatCrit,local,local,0,local,local,0,0.6968414783477783,0.5367293357849121,-0.1601121425628662,0.06167327240109444,0.3202242851257324,0.6968414783477783,0.5367293357849121,0.10383554548025131,0.21210727095603943,0.19932295382022858,0.25116339325904846
43,S3,ComHvy,local,local,0,local,local,0,0.5418167114257812,0.6694200038909912,0.12760329246520996,0.035897109657526016,0.2552065849304199,0.5418167114257812,0.6694200038909912,0.3105466961860657,0.23369476199150085,0.1476365476846695,0.09688520431518555
43,S3,BWHvy,local,local,0,local,local,0,0.7805389761924744,0.49962514638900757,-0.2809138298034668,0.16793838143348694,0.5618276596069336,0.7805389761924744,0.49962514638900757,0.14168378710746765,0.3051740825176239,0.07777722924947739,0.19520075619220734
43,S4,LatCrit,local,local,0,local,local,0,0.6831462383270264,0.4873257875442505,-0.19582045078277588,0.07944250106811523,0.39164090156555176,0.6831462383270264,0.4873257875442505,0.03830381855368614,0.048620324581861496,0.2785499393939972,0.4640538692474365
43,S4,ComHvy,BS2,BS2,0,BS1,BS2,1,0.5411854386329651,0.6455551385879517,0.10436969995498657,0.03524663299322128,0.20873937010765076,0.12920677661895752,0.0661001205444336,0.3296077847480774,0.28834477066993713,0.5411854386329651,0.6455551385879517
43,S4,BWHvy,local,local,0,local,local,0,0.8053616285324097,0.6062041521072388,-0.1991574764251709,0.09163890033960342,0.3983149528503418,0.8053616285324097,0.6062041521072388,0.10679223388433456,0.21357394754886627,0.08784614503383636,0.18022190034389496
43,S5,LatCrit,local,local,0,local,local,0,0.7838695645332336,0.7058447599411011,-0.07802480459213257,0.016032904386520386,0.15604962408542633,0.7838695645332336,0.7058447599411011,0.13981389999389648,0.18096987903118134,0.07631652802228928,0.11318536847829819
43,S5,ComHvy,BS2,BS2,0,BS2,BS2,0,0.7363650798797607,0.7808932065963745,0.04452812671661377,0.018549557775259018,0.10822614282369614,0.1393910050392151,0.14897596836090088,0.12424389272928238,0.0701308399438858,0.7363650798797607,0.7808932065963745
43,S5,BWHvy,local,local,0,local,local,0,0.7208268642425537,0.43588095903396606,-0.28494590520858765,0.16736412048339844,0.5698918700218201,0.7208268642425537,0.43588095903396606,0.15618951618671417,0.29009783267974854,0.12298358976840973,0.2740212082862854
43,S6,LatCrit,local,local,0,local,local,0,0.9304424524307251,0.9052419066429138,-0.02520054578781128,0.0046103042550385,0.0518948920071125,0.9304424524307251,0.9052419066429138,0.06302980333566666,0.08897726237773895,0.006527733523398638,0.005780845880508423
43,S6,ComHvy,BS2,BS2,0,BS2,BS2,0,0.6127355098724365,0.7944638729095459,0.18172836303710938,0.10059162974357605,0.36345672607421875,0.15983140468597412,0.11280816793441772,0.22743310034275055,0.09272796660661697,0.6127355098724365,0.7944638729095459
43,S6,BWHvy,local,local,0,local,local,0,0.756775975227356,0.5361515283584595,-0.22062444686889648,0.10707823932170868,0.4412488341331482,0.756775975227356,0.5361515283584595,0.09013543277978897,0.13644365966320038,0.15308859944343567,0.32740476727485657
43,S7,LatCrit,local,local,0,local,local,0,0.6157768964767456,0.5611088275909424,-0.05466806888580322,0.05248749256134033,0.2252994179725647,0.6157768964767456,0.5611088275909424,0.09358473122119904,0.035603057593107224,0.29063838720321655,0.4032880663871765
43,S7,ComHvy,BS1,BS1,0,BS1,BS1,0,0.5499503016471863,0.5961830019950867,0.04623270034790039,0.04612910747528076,0.22497670352458954,0.19005221128463745,0.25630784034729004,0.5499503016471863,0.5961830019950867,0.25999748706817627,0.1475091129541397
43,S7,BWHvy,local,local,0,local,BS2,1,0.771723210811615,0.4888073205947876,-0.2829158902168274,0.16928742825984955,0.5658317804336548,0.771723210811615,0.4888073205947876,0.053607840090990067,0.10146696120500565,0.17466896772384644,0.40972569584846497
43,S8,LatCrit,local,local,0,local,local,0,0.7595679759979248,0.7950052618980408,0.03543728590011597,0.010440600104629993,0.0979270413517952,0.7595679759979248,0.7950052618980408,0.1765548586845398,0.1275913417339325,0.0638771578669548,0.07740339636802673
43,S8,ComHvy,local,local,0,local,local,0,0.4473678469657898,0.4935615062713623,0.04619365930557251,0.031875304877758026,0.1346326321363449,0.4473678469657898,0.4935615062713623,0.12554790079593658,0.05823156610131264,0.4270842671394348,0.44820690155029297
43,S8,BWHvy,local,local,0,local,local,0,0.7988975048065186,0.5475529432296753,-0.25134456157684326,0.14212718605995178,0.5026891231536865,0.7988975048065186,0.5475529432296753,0.08408533036708832,0.1493634432554245,0.11701717227697372,0.3030836582183838
44,S1,LatCrit,local,local,0,local,local,0,0.7187991738319397,0.8076729774475098,0.08887380361557007,0.023752331733703613,0.17774762213230133,0.7187991738319397,0.8076729774475098,0.16561469435691833,0.10642101615667343,0.11558612436056137,0.08590597659349442
44,S1,ComHvy,local,local,0,local,local,0,0.8210430145263672,0.8762056827545166,0.055162668228149414,0.01959436759352684,0.11032531410455704,0.8210430145263672,0.8762056827545166,0.015224938280880451,0.0034592607989907265,0.16373206675052643,0.12033509463071823
44,S1,BWHvy,local,local,0,local,local,0,0.6285309791564941,0.600497841835022,-0.028033137321472168,0.002329651266336441,0.05606628954410553,0.6285309791564941,0.600497841835022,0.19392062723636627,0.19648891687393188,0.1775483638048172,0.20301322638988495
44,S2,LatCrit,BS1,BS1,0,BS1,BS1,0,0.5877483487129211,0.660224199295044,0.0724758505821228,0.048681508749723434,0.2511718273162842,0.3462161421775818,0.2206302285194397,0.5877483487129211,0.660224199295044,0.06603552401065826,0.11914560198783875
44,S2,ComHvy,local,BS2,1,BS2,BS2,0,0.39714157581329346,0.45647138357162476,0.0593298077583313,0.08897796273231506,0.3254188299179077,0.39714157581329346,0.38471072912216187,0.30909648537635803,0.15881791710853577,0.2937619686126709,0.45647138357162476
44,S2,BWHvy,local,local,0,local,local,0,0.740365743637085,0.7286167144775391,-0.011749029159545898,0.004301737993955612,0.059111177921295166,0.740365743637085,0.7286167144775391,0.10728543996810913,0.08947890996932983,0.15234878659248352,0.1819044053554535
44,S3,LatCrit,local,local,0,local,local,0,0.6813971996307373,0.654815673828125,-0.026581525802612305,0.0071786269545555115,0.09249046444892883,0.6813971996307373,0.654815673828125,0.2282366156578064,0.2744818329811096,0.09036622941493988,0.07070250809192657
44,S3,ComHvy,local,local,0,local,local,0,0.6518871784210205,0.6905918121337891,0.038704633712768555,0.009401017799973488,0.07740926742553711,0.6518871784210205,0.6905918121337891,0.32575592398643494,0.3005968928337097,0.022356923669576645,0.00881132110953331
44,S3,BWHvy,local,local,0,local,local,0,0.6916905641555786,0.6505801677703857,-0.04111039638519287,0.003854515962302685,0.08222076296806335,0.6916905641555786,0.6505801677703857,0.1687014102935791,0.1947043240070343,0.13960802555084229,0.15471547842025757
44,S4,LatCrit,BS2,BS2,0,BS2,BS2,0,0.6555240750312805,0.7093042731285095,0.053780198097229004,0.011445056647062302,0.11133284866809845,0.2039901614189148,0.14832371473312378,0.14048580825328827,0.1423720121383667,0.6555240750312805,0.7093042731285095
44,S4,ComHvy,BS1,BS1,0,BS1,BS1,0,0.7572993636131287,0.8421837687492371,0.0848844051361084,0.03555815666913986,0.16976884007453918,0.1764974594116211,0.13380038738250732,0.7572993636131287,0.8421837687492371,0.06620319932699203,0.02401583455502987
44,S4,BWHvy,local,local,0,local,local,0,0.6357906460762024,0.634061336517334,-0.0017293095588684082,0.0002779485657811165,0.015818268060684204,0.6357906460762024,0.634061336517334,0.14309656620025635,0.13691674172878265,0.22111280262470245,0.22902193665504456
44,S5,LatCrit,BS2,local,1,local,local,0,0.45032942295074463,0.45419102907180786,0.0038616061210632324,0.0033523812890052795,0.07821794599294662,0.43051743507385254,0.45419102907180786,0.11915313452482224,0.13458852469921112,0.45032942295074463,0.4112204611301422
44,S5,ComHvy,BS2,BS2,0,local,BS2,1,0.4424155652523041,0.5091320276260376,0.06671646237373352,0.0100119449198246,0.13343296945095062,0.32764941453933716,0.2732059955596924,0.22993503510951996,0.21766194701194763,0.4424155652523041,0.5091320276260376
44,S5,BWHvy,local,local,0,local,local,0,0.6409100294113159,0.6105598211288452,-0.030350208282470703,0.0024990085512399673,0.060700371861457825,0.6409100294113159,0.6105598211288452,0.15333645045757294,0.15577541291713715,0.20575354993343353,0.23366475105285645
44,S6,LatCrit,local,local,0,local,local,0,0.850455105304718,0.8582881093025208,0.007833003997802734,0.0006419867277145386,0.01566600240767002,0.850455105304718,0.8582881093025208,0.1211095079779625,0.11864273995161057,0.02843538299202919,0.023069152608513832
44,S6,ComHvy,local,local,0,BS2,BS2,0,0.6014747619628906,0.5845516324043274,-0.016923129558563232,0.005888866260647774,0.054588425904512405,0.6014747619628906,0.5845516324043274,0.01880025491118431,0.008429178036749363,0.37972497940063477,0.4070191979408264
44,S6,BWHvy,local,local,0,local,local,0,0.6530497074127197,0.6639562845230103,0.010906577110290527,0.0005140872672200203,0.024551957845687866,0.6530497074127197,0.6639562845230103,0.15851309895515442,0.15988250076770782,0.18843716382980347,0.17616118490695953
44,S7,LatCrit,BS2,BS2,0,BS2,BS2,0,0.7947351336479187,0.8001521825790405,0.005417048931121826,0.001495052594691515,0.010834167711436749,0.19926929473876953,0.1971292495727539,0.005995611660182476,0.0027185380458831787,0.7947351336479187,0.8001521825790405
44,S7,ComHvy,BS1,BS1,0,BS1,BS1,0,0.7515727877616882,0.8392592072486877,0.08768641948699951,0.07030509412288666,0.17537273466587067,0.1749933958053589,0.1469184160232544,0.7515727877616882,0.8392592072486877,0.07343374192714691,0.013822403736412525
44,S7,BWHvy,local,local,0,local,local,0,0.7306395173072815,0.7091453075408936,-0.02149420976638794,0.0048984745517373085,0.07151784747838974,0.7306395173072815,0.7091453075408936,0.15309293568134308,0.18885183334350586,0.11626755446195602,0.102002814412117
44,S8,LatCrit,BS1,BS1,0,BS2,BS2,0,0.4158702492713928,0.3954225182533264,-0.020447731018066406,0.015712328255176544,0.15502609312534332,0.2933657169342041,0.37087875604629517,0.4158702492713928,0.3954225182533264,0.29076406359672546,0.2336987406015396
44,S8,ComHvy,local,local,0,local,local,0,0.5751280784606934,0.5778839588165283,0.002755880355834961,0.004445390775799751,0.02491683140397072,0.5751280784606934,0.5778839588165283,0.026699770241975784,0.01424135360866785,0.39817214012145996,0.4078746736049652
44,S8,BWHvy,local,local,0,local,local,0,0.7437590956687927,0.732759952545166,-0.010999143123626709,0.00037752091884613037,0.021998338401317596,0.7437590956687927,0.732759952545166,0.11635018140077591,0.12436522543430328,0.13989071547985077,0.14287486672401428
45,S1,LatCrit,local,local,0,BS1,BS1,0,0.47792714834213257,0.45669227838516235,-0.021234869956970215,0.016775362193584442,0.12548191845417023,0.47792714834213257,0.45669227838516235,0.4227139949798584,0.3812078833580017,0.09935887157917023,0.16209980845451355
45,S1,ComHvy,local,local,0,local,local,0,0.6084998846054077,0.6880489587783813,0.07954907417297363,0.09401200711727142,0.2528662085533142,0.6084998846054077,0.6880489587783813,0.18682001531124115,0.06038692966103554,0.20468011498451233,0.2515641450881958
45,S1,BWHvy,BS2,BS2,0,BS2,BS2,0,0.5129319429397583,0.5411431193351746,0.02821117639541626,0.021273834630846977,0.12342482805252075,0.1433606743812561,0.08164823055267334,0.343707412481308,0.3772086203098297,0.5129319429397583,0.5411431193351746
45,S2,LatCrit,BS1,BS1,0,BS1,BS1,0,0.6196914911270142,0.5864003896713257,-0.03329110145568848,0.013814754784107208,0.13494102656841278,0.15432500839233398,0.12014561891555786,0.6196914911270142,0.5864003896713257,0.22598348557949066,0.29345402121543884
45,S2,ComHvy,BS2,BS2,0,BS2,BS1,1,0.6073424220085144,0.5414383411407471,-0.06590408086776733,0.018096473067998886,0.17598795890808105,0.07940733432769775,0.05731743574142456,0.31325024366378784,0.40124422311782837,0.6073424220085144,0.5414383411407471
45,S2,BWHvy,BS1,BS1,0,BS1,BS1,0,0.5567149519920349,0.7035238742828369,0.146808922290802,0.05294698476791382,0.293617844581604,0.13758879899978638,0.11321389675140381,0.5567149519920349,0.7035238742828369,0.3056962192058563,0.18326221406459808
45,S3,LatCrit,BS2,BS2,0,BS1,BS2,1,0.3872727155685425,0.5171564221382141,0.12988370656967163,0.03938944637775421,0.2597673535346985,0.35363030433654785,0.3098396062850952,0.25909698009490967,0.17300401628017426,0.3872727155685425,0.5171564221382141
45,S3,ComHvy,local,local,0,local,local,0,0.8729727864265442,0.8883155584335327,0.015342772006988525,0.0023329323157668114,0.03068551793694496,0.8729727864265442,0.8883155584335327,0.07070166617631912,0.06964608281850815,0.056325532495975494,0.04203836992383003
45,S3,BWHvy,BS1,BS1,0,BS1,BS1,0,0.5525830984115601,0.6501654982566833,0.09758239984512329,0.02179430052638054,0.19516488909721375,0.18427366018295288,0.12978899478912354,0.5525830984115601,0.6501654982566833,0.26314330101013184,0.22004547715187073
45,S4,LatCrit,local,BS2,1,BS2,BS2,0,0.3718941807746887,0.3870048224925995,0.015110641717910767,0.01896575093269348,0.17600101232528687,0.3718941807746887,0.2838937044143677,0.3055114150047302,0.3291015326976776,0.32259440422058105,0.3870048224925995
45,S4,ComHvy,BS2,BS2,0,BS2,BS2,0,0.7263185977935791,0.6065953373908997,-0.11972326040267944,0.05044160783290863,0.2764695882797241,0.10665261745452881,0.08814108371734619,0.1670287549495697,0.30526354908943176,0.7263185977935791,0.6065953373908997
45,S4,BWHvy,BS1,BS1,0,BS2,BS2,0,0.49115926027297974,0.4708765149116516,-0.020282745361328125,0.01658802479505539,0.14426377415657043,0.18141263723373413,0.12956351041793823,0.49115926027297974,0.4708765149116516,0.32742810249328613,0.39956000447273254
45,S5,LatCrit,BS2,BS2,0,BS2,BS2,0,0.5195500254631042,0.5921058058738708,0.0725557804107666,0.012789800763130188,0.14511153101921082,0.30731749534606934,0.27863609790802,0.17313244938850403,0.12925809621810913,0.5195500254631042,0.5921058058738708
45,S5,ComHvy,BS1,BS1,0,BS1,BS1,0,0.7040104866027832,0.8105732202529907,0.10656273365020752,0.03295262157917023,0.21312546730041504,0.2080358862876892,0.1350787878036499,0.7040104866027832,0.8105732202529907,0.08795362710952759,0.05434799566864967
45,S5,BWHvy,BS1,BS1,0,BS2,BS1,1,0.4407060146331787,0.4804189205169678,0.03971290588378906,0.016850173473358154,0.11637765169143677,0.15509259700775146,0.09690380096435547,0.4407060146331787,0.4804189205169678,0.4042013883590698,0.42267733812332153
45,S6,LatCrit,local,local,0,local,local,0,0.6899386644363403,0.7480520009994507,0.05811333656311035,0.05133335292339325,0.21758559346199036,0.6899386644363403,0.7480520009994507,0.07313018292188644,0.12380962818861008,0.23693114519119263,0.12813833355903625
45,S6,ComHvy,local,local,0,local,local,0,0.6129276156425476,0.6937287449836731,0.08080112934112549,0.12385975569486618,0.17564749717712402,0.6129276156425476,0.6937287449836731,0.10078784823417664,0.012964107096195221,0.28628453612327576,0.2933071553707123
45,S6,BWHvy,BS1,BS1,0,BS1,BS1,0,0.5316866636276245,0.5689384937286377,0.037251830101013184,0.011364195495843887,0.11172595620155334,0.20259636640548706,0.14673340320587158,0.5316866636276245,0.5689384937286377,0.26571694016456604,0.2843281030654907
45,S7,LatCrit,local,local,0,BS2,local,1,0.4803904891014099,0.5294421315193176,0.049051642417907715,0.008879203349351883,0.1272525042295456,0.4803904891014099,0.5294421315193176,0.1237400472164154,0.1383146494626999,0.3958694636821747,0.3322432041168213
45,S7,ComHvy,local,local,0,local,local,0,0.8685048818588257,0.8813313245773315,0.01282644271850586,0.003047119826078415,0.03165178373456001,0.8685048818588257,0.8813313245773315,0.07740579545497894,0.08040525019168854,0.05408928915858269,0.03826340287923813
45,S7,BWHvy,BS1,BS1,0,BS1,BS1,0,0.5509511232376099,0.5883712768554688,0.03742015361785889,0.0048714797012507915,0.07484030723571777,0.16839593648910522,0.13588285446166992,0.5509511232376099,0.5883712768554688,0.2806529402732849,0.27574586868286133
45,S8,LatCrit,BS2,BS2,0,BS1,BS2,1,0.4707595109939575,0.5763636231422424,0.10560411214828491,0.03908389061689377,0.2426024079322815,0.18382787704467773,0.19952493906021118,0.34541261196136475,0.2241113781929016,0.4707595109939575,0.5763636231422424
45,S8,ComHvy,local,local,0,local,local,0,0.7654860615730286,0.8120760321617126,0.04658997058868408,0.05276889353990555,0.11540641635656357,0.7654860615730286,0.8120760321617126,0.15880730748176575,0.16992054879665375,0.0757066085934639,0.01800340600311756
45,S8,BWHvy,BS1,BS2,1,BS1,BS1,0,0.3885939419269562,0.44701194763183594,0.05841800570487976,0.045534878969192505,0.22565767168998718,0.27722299098968506,0.16757184267044067,0.3885939419269562,0.38541626930236816,0.33418309688568115,0.44701194763183594
46,S1,LatCrit,local,local,0,local,local,0,0.497528612613678,0.5409377813339233,0.04340916872024536,0.012543935328722,0.08753826469182968,0.497528612613678,0.5409377813339233,0.38309505581855774,0.3834550380706787,0.11937631666660309,0.07560720294713974
46,S1,ComHvy,local,local,0,local,local,0,0.7045394778251648,0.8006361722946167,0.0960966944694519,0.08837185800075531,0.19219335913658142,0.7045394778251648,0.8006361722946167,0.11443453282117844,0.025691047310829163,0.18102599680423737,0.17367281019687653
46,S1,BWHvy,BS2,BS2,0,BS1,BS1,0,0.4963988661766052,0.5338599681854248,0.03746110200881958,0.005745887756347656,0.07546472549438477,0.18743854761123657,0.14970612525939941,0.3161626160144806,0.3164338171482086,0.4963988661766052,0.5338599681854248
46,S2,LatCrit,BS1,BS1,0,BS1,BS1,0,0.8046449422836304,0.8523291349411011,0.0476841926574707,0.011718735098838806,0.09536846727132797,0.14449018239974976,0.12037390470504761,0.8046449422836304,0.8523291349411011,0.050864893943071365,0.027296897023916245
46,S2,ComHvy,BS2,BS2,0,BS1,BS2,1,0.6402721405029297,0.7115863561630249,0.07131421566009521,0.012203492224216461,0.14262844622135162,0.07339459657669067,0.05393028259277344,0.28633326292037964,0.23448334634304047,0.6402721405029297,0.7115863561630249
46,S2,BWHvy,BS2,BS2,0,BS2,BS2,0,0.4423563778400421,0.5135015249252319,0.07114514708518982,0.0104733407497406,0.14229035377502441,0.19065111875534058,0.17437750101089478,0.3669925034046173,0.3121209144592285,0.4423563778400421,0.5135015249252319
46,S3,LatCrit,local,local,0,local,BS1,1,0.5041643381118774,0.4349035620689392,-0.06926077604293823,0.041162312030792236,0.26579558849334717,0.5041643381118774,0.4349035620689392,0.28345584869384766,0.41635367274284363,0.2123797982931137,0.14874279499053955
46,S3,ComHvy,local,local,0,local,local,0,0.8861404061317444,0.9057392477989197,0.019598841667175293,0.0063124895095825195,0.04098615050315857,0.8861404061317444,0.9057392477989197,0.06510567665100098,0.06599991768598557,0.04875390604138374,0.028260840103030205
46,S3,BWHvy,BS1,BS1,0,BS1,BS1,0,0.5121394395828247,0.5025622248649597,-0.00957721471786499,0.014323022216558456,0.12678754329681396,0.2282719612121582,0.1744554042816162,0.5121394395828247,0.5025622248649597,0.2595885992050171,0.3229823708534241
46,S4,LatCrit,BS2,BS2,0,BS2,BS2,0,0.5699421167373657,0.6023776531219482,0.03243553638458252,0.003555804491043091,0.07017301023006439,0.256267249584198,0.2211807370185852,0.17379069328308105,0.17644165456295013,0.5699421167373657,0.6023776531219482
46,S4,ComHvy,BS2,BS2,0,BS1,BS2,1,0.5093338489532471,0.5572534799575806,0.047919631004333496,0.011163737624883652,0.10518965125083923,0.18959981203079224,0.1370050311088562,0.3010663092136383,0.305741548538208,0.5093338489532471,0.5572534799575806
46,S4,BWHvy,BS1,BS1,0,BS1,BS1,0,0.4758795201778412,0.4800660312175751,0.004186511039733887,0.006796546280384064,0.0875280499458313,0.27009260654449463,0.22632861137390137,0.4758795201778412,0.4800660312175751,0.2540278434753418,0.29360538721084595
46,S5,LatCrit,BS2,BS2,0,BS2,BS2,0,0.6070850491523743,0.6733868718147278,0.06630182266235352,0.028232410550117493,0.1350458264350891,0.25365328788757324,0.2548743486404419,0.13926170766353607,0.07173876464366913,0.6070850491523743,0.6733868718147278
46,S5,ComHvy,local,local,0,local,local,0,0.44598156213760376,0.5332390069961548,0.08725744485855103,0.024046555161476135,0.1936059296131134,0.44598156213760376,0.5332390069961548,0.19962123036384583,0.2091667652130127,0.354397177696228,0.2575942277908325
46,S5,BWHvy,BS1,BS1,0,BS1,BS2,1,0.48682960867881775,0.4785152077674866,-0.008314400911331177,0.003882618620991707,0.06411632895469666,0.1266167163848877,0.10287296772003174,0.48682960867881775,0.4785152077674866,0.38655364513397217,0.4186118245124817
46,S6,LatCrit,local,local,0,local,local,0,0.4897060990333557,0.5845491886138916,0.09484308958053589,0.02258209139108658,0.18968619406223297,0.4897060990333557,0.5845491886138916,0.17496143281459808,0.16882455348968506,0.3353325128555298,0.24662628769874573
46,S6,ComHvy,local,local,0,local,local,0,0.7250206470489502,0.7582613229751587,0.033240675926208496,0.005557870492339134,0.06648135185241699,0.7250206470489502,0.7582613229751587,0.23090188205242157,0.21418121457099915,0.04407748952507973,0.027557484805583954
46,S6,BWHvy,BS1,BS1,0,BS1,BS1,0,0.44190606474876404,0.5490028858184814,0.10709682106971741,0.02779412269592285,0.21419364213943481,0.27003633975982666,0.24767059087753296,0.44190606474876404,0.5490028858184814,0.2880575954914093,0.2033265233039856
46,S7,LatCrit,local,local,0,local,local,0,0.5566939115524292,0.6683544516563416,0.11166054010391235,0.05293300002813339,0.2233210802078247,0.5566939115524292,0.6683544516563416,0.04255145788192749,0.008526088669896126,0.4007546007633209,0.3231194317340851
46,S7,ComHvy,BS1,BS1,0,BS1,BS1,0,0.7412090301513672,0.7889641523361206,0.04775512218475342,0.009603151120245457,0.09551027417182922,0.24166733026504517,0.20375454425811768,0.7412090301513672,0.7889641523361206,0.017123661935329437,0.0072812968865036964
46,S7,BWHvy,BS1,BS1,0,BS1,BS1,0,0.4862232208251953,0.5905730128288269,0.10434979200363159,0.025352217257022858,0.2086995542049408,0.16742545366287231,0.15551787614822388,0.4862232208251953,0.5905730128288269,0.3463513255119324,0.2539091408252716
46,S8,LatCrit,local,local,0,local,local,0,0.6654531955718994,0.7301613092422485,0.06470811367034912,0.013296213001012802,0.12941628694534302,0.6654531955718994,0.7301613092422485,0.30209290981292725,0.2532397210597992,0.032453954219818115,0.01659896783530712
46,S8,ComHvy,local,BS2,1,local,BS2,1,0.5309036374092102,0.4926319122314453,-0.03827172517776489,0.0224168598651886,0.18506863713264465,0.5309036374092102,0.46798020601272583,0.06899876892566681,0.039387889206409454,0.4000975787639618,0.4926319122314453
46,S8,BWHvy,BS1,BS1,0,BS1,BS1,0,0.5019577145576477,0.5531917810440063,0.05123406648635864,0.014584662392735481,0.15662479400634766,0.3748716115951538,0.29655921459198,0.5019577145576477,0.5531917810440063,0.12317068129777908,0.15024900436401367
47,S1,LatCrit,BS1,local,1,BS1,BS1,0,0.44643187522888184,0.4269139766693115,-0.019517898559570312,0.03906652703881264,0.24657781422138214,0.30362504720687866,0.4269139766693115,0.44643187522888184,0.4047117233276367,0.24994304776191711,0.16837431490421295
47,S1,ComHvy,BS2,BS2,0,BS2,BS2,0,0.6080588698387146,0.7236820459365845,0.11562317609786987,0.03934812545776367,0.23124642670154572,0.15440434217453003,0.1369868516921997,0.23753678798675537,0.13933102786540985,0.6080588698387146,0.7236820459365845
47,S1,BWHvy,BS2,BS2,0,BS2,BS2,0,0.3599923551082611,0.37376439571380615,0.013772040605545044,0.0004889518022537231,0.027544111013412476,0.31596148014068604,0.3041601777076721,0.32404619455337524,0.32207542657852173,0.3599923551082611,0.37376439571380615
47,S2,LatCrit,BS1,BS1,0,BS1,BS1,0,0.5255558490753174,0.5470167398452759,0.021460890769958496,0.007286053150892258,0.042921751737594604,0.43772661685943604,0.4343758821487427,0.5255558490753174,0.5470167398452759,0.036717530339956284,0.018607402220368385
47,S2,ComHvy,local,local,0,local,local,0,0.6869539618492126,0.7158923745155334,0.0289384126663208,0.003201541490852833,0.057876817882061005,0.6869539618492126,0.7158923745155334,0.14055149257183075,0.1153722032904625,0.1724945306777954,0.16873541474342346
47,S2,BWHvy,BS2,BS2,0,BS2,BS2,0,0.4248175621032715,0.5364570021629333,0.11163944005966187,0.03466852754354477,0.22327888011932373,0.3271939158439636,0.30473029613494873,0.2479885369539261,0.1588127166032791,0.4248175621032715,0.5364570021629333
47,S3,LatCrit,local,local,0,local,local,0,0.6988657712936401,0.7894850969314575,0.09061932563781738,0.03564814478158951,0.18123868107795715,0.6988657712936401,0.7894850969314575,0.2645328938961029,0.20054440200328827,0.036601364612579346,0.009970496408641338
47,S3,ComHvy,local,local,0,local,local,0,0.8887702226638794,0.8811255693435669,-0.0076446533203125,0.0035770274698734283,0.03127463161945343,0.8887702226638794,0.8811255693435669,0.09206358343362808,0.107700876891613,0.01916622370481491,0.011173537001013756
47,S3,BWHvy,local,BS2,1,BS1,BS1,0,0.37801551818847656,0.3626079559326172,-0.015407562255859375,0.010509561747312546,0.13627216219902039,0.37801551818847656,0.3350381851196289,0.32751259207725525,0.3023538291454315,0.2944718897342682,0.3626079559326172
47,S4,LatCrit,BS2,BS2,0,BS2,BS2,0,0.5421932935714722,0.4955654740333557,-0.046627819538116455,0.004401884973049164,0.09325563907623291,0.19613265991210938,0.2124505639076233,0.26167404651641846,0.291983962059021,0.5421932935714722,0.4955654740333557
47,S4,ComHvy,BS1,BS1,0,BS1,BS1,0,0.4611426293849945,0.5247923135757446,0.06364968419075012,0.01111341267824173,0.12729939818382263,0.2756544351577759,0.2180446982383728,0.4611426293849945,0.5247923135757446,0.2632029950618744,0.25716301798820496
47,S4,BWHvy,BS1,BS1,0,BS1,BS1,0,0.4356019198894501,0.41397783160209656,-0.021624088287353516,0.0022074487060308456,0.05987906455993652,0.29150694608688354,0.2831915020942688,0.4356019198894501,0.41397783160209656,0.27289116382598877,0.30283069610595703
47,S5,LatCrit,BS2,BS2,0,BS2,BS2,0,0.7435794472694397,0.7867475152015686,0.043168067932128906,0.006920456886291504,0.08633618801832199,0.15054184198379517,0.1367829442024231,0.10587872564792633,0.07646950334310532,0.7435794472694397,0.7867475152015686
47,S5,ComHvy,local,local,0,local,local,0,0.8047796487808228,0.8804817795753479,0.07570213079452515,0.026005104184150696,0.15140429139137268,0.8047796487808228,0.8804817795753479,0.03055460937321186,0.012403362430632114,0.16466575860977173,0.10711483657360077
47,S5,BWHvy,local,local,0,BS2,BS2,0,0.41613686084747314,0.40560460090637207,-0.010532259941101074,0.003050815314054489,0.06905162334442139,0.41613686084747314,0.40560460090637207,0.23711492121219635,0.21312136948108673,0.3467482328414917,0.3812740445137024
47,S6,LatCrit,local,local,0,local,local,0,0.4181341528892517,0.5094277858734131,0.09129363298416138,0.02065947651863098,0.18258726596832275,0.4181341528892517,0.5094277858734131,0.37523388862609863,0.34291863441467285,0.20663194358348846,0.14765356481075287
47,S6,ComHvy,local,local,0,local,local,0,0.5451134443283081,0.5183340311050415,-0.0267794132232666,0.006651619449257851,0.09996694326400757,0.5451134443283081,0.5183340311050415,0.33443549275398254,0.38441896438598633,0.12045101821422577,0.09724695980548859
47,S6,BWHvy,BS1,BS1,0,BS1,BS1,0,0.4298437833786011,0.4474261701107025,0.01758238673210144,0.0013898946344852448,0.045213207602500916,0.2989351153373718,0.30395931005477905,0.4298437833786011,0.4474261701107025,0.2712211012840271,0.24861447513103485
47,S7,LatCrit,BS2,BS2,0,BS2,BS2,0,0.8034641742706299,0.8533309102058411,0.04986673593521118,0.010575290769338608,0.09973348677158356,0.1803302764892578,0.1388600468635559,0.016205526888370514,0.007809007074683905,0.8034641742706299,0.8533309102058411
47,S7,ComHvy,BS1,BS1,0,local,local,0,0.5256364345550537,0.5144523978233337,-0.01118403673171997,0.007479535415768623,0.04796170815825462,0.45303529500961304,0.4770161509513855,0.5256364345550537,0.5144523978233337,0.021328266710042953,0.008531450293958187
47,S7,BWHvy,BS1,BS1,0,BS2,BS2,0,0.431264191865921,0.47993209958076477,0.04866790771484375,0.004766574129462242,0.09733587503433228,0.2300369143486023,0.21097683906555176,0.431264191865921,0.47993209958076477,0.33869895339012146,0.30909106135368347
47,S8,LatCrit,local,local,0,local,local,0,0.5894497632980347,0.6747638583183289,0.08531409502029419,0.025984667241573334,0.170628160238266,0.5894497632980347,0.6747638583183289,0.34338775277137756,0.29491114616394043,0.06716246157884598,0.03032500296831131
47,S8,ComHvy,local,local,0,local,BS2,1,0.6606673002243042,0.5620040893554688,-0.09866321086883545,0.044200338423252106,0.23634937405586243,0.6606673002243042,0.5620040893554688,0.025124192237854004,0.005612723995000124,0.3142084777355194,0.4323831796646118
47,S8,BWHvy,BS1,BS1,0,BS1,BS1,0,0.4907446503639221,0.4531223475933075,-0.037622302770614624,0.003917671740055084,0.07524457573890686,0.27454131841659546,0.2770909070968628,0.4907446503639221,0.4531223475933075,0.23471403121948242,0.2697867155075073
48,S1,LatCrit,local,local,0,local,local,0,0.4779968857765198,0.5534557104110718,0.075458824634552,0.017809197306632996,0.15091769397258759,0.4779968857765198,0.5534557104110718,0.2882368564605713,0.2806740999221802,0.23376627266407013,0.16587015986442566
48,S1,ComHvy,local,BS1,1,local,local,0,0.49474066495895386,0.46900510787963867,-0.025735557079315186,0.006673483178019524,0.10373338311910629,0.49474066495895386,0.4428739547729492,0.4380444884300232,0.46900510787963867,0.06721487641334534,0.08812092989683151
48,S1,BWHvy,local,local,0,local,local,0,0.7241343259811401,0.693185031414032,-0.030949294567108154,0.002615390345454216,0.061898574233055115,0.7241343259811401,0.693185031414032,0.144722580909729,0.1535916030406952,0.13114312291145325,0.15322338044643402
48,S2,LatCrit,BS1,BS1,0,BS1,BS1,0,0.694751501083374,0.7461697459220886,0.0514182448387146,0.012030692771077156,0.1028364822268486,0.2869153618812561,0.24734783172607422,0.694751501083374,0.7461697459220886,0.018333131447434425,0.006482426542788744
48,S2,ComHvy,local,local,0,local,local,0,0.8280152082443237,0.893593430519104,0.06557822227478027,0.023906853049993515,0.13115650415420532,0.8280152082443237,0.893593430519104,0.10338453203439713,0.07529138028621674,0.06860028952360153,0.03111516498029232
48,S2,BWHvy,local,local,0,local,local,0,0.7967767715454102,0.7764053344726562,-0.020371437072753906,0.005432693287730217,0.06732732057571411,0.7967767715454102,0.7764053344726562,0.059588491916656494,0.04629627987742424,0.14363470673561096,0.1772983819246292
48,S3,LatCrit,local,local,0,BS1,BS1,0,0.5072994232177734,0.5934650897979736,0.0861656665802002,0.05847424268722534,0.20798397064208984,0.5072994232177734,0.5934650897979736,0.313121497631073,0.3309478163719177,0.17957903444766998,0.07558704167604446
48,S3,ComHvy,local,local,0,local,local,0,0.7902253270149231,0.7777373790740967,-0.012487947940826416,0.001439194194972515,0.034178152680397034,0.7902253270149231,0.7777373790740967,0.18933908641338348,0.2064281702041626,0.02043558843433857,0.015834465622901917
48,S3,BWHvy,local,local,0,local,local,0,0.7018018960952759,0.6829591989517212,-0.018842697143554688,0.0055080316960811615,0.07529228180646896,0.7018018960952759,0.6829591989517212,0.13866353034973145,0.11986009031534195,0.1595345437526703,0.19718068838119507
48,S4,LatCrit,BS2,BS2,0,local,local,0,0.4195989966392517,0.40026357769966125,-0.019335418939590454,0.0011858157813549042,0.04353874921798706,0.31707531213760376,0.3388446569442749,0.2633257210254669,0.26089173555374146,0.4195989966392517,0.40026357769966125
48,S4,ComHvy,BS2,BS2,0,BS2,BS2,0,0.39370039105415344,0.5895789265632629,0.1958785355091095,0.08720985054969788,0.3917570114135742,0.3683401942253113,0.28384214639663696,0.23795939981937408,0.12657895684242249,0.39370039105415344,0.5895789265632629
48,S4,BWHvy,local,local,0,local,local,0,0.6339799761772156,0.6097569465637207,-0.024223029613494873,0.0029781516641378403,0.05629323422908783,0.6339799761772156,0.6097569465637207,0.22403177618980408,0.22010818123817444,0.14198823273181915,0.17013484239578247
48,S5,LatCrit,local,BS2,1,local,BS2,1,0.5274399518966675,0.48982271552085876,-0.037617236375808716,0.07181893289089203,0.3594011664390564,0.5274399518966675,0.41563212871551514,0.16243796050548553,0.09454519301652908,0.31012213230133057,0.48982271552085876
48,S5,ComHvy,local,local,0,local,local,0,0.8828890919685364,0.9338181614875793,0.05092906951904297,0.017566636204719543,0.10185813903808594,0.8828890919685364,0.9338181614875793,0.010390638373792171,0.007162024732679129,0.10672024637460709,0.0590197890996933
48,S5,BWHvy,local,local,0,local,local,0,0.7661560773849487,0.7420067191123962,-0.02414935827255249,0.0016586408019065857,0.04829874634742737,0.7661560773849487,0.7420067191123962,0.1140989437699318,0.1220640316605568,0.11974494159221649,0.13592924177646637
48,S6,LatCrit,local,local,0,local,local,0,0.7284688353538513,0.706802248954773,-0.02166658639907837,0.0022392086684703827,0.04373089224100113,0.7284688353538513,0.706802248954773,0.11077059060335159,0.13263605535030365,0.1607605665922165,0.1605617254972458
48,S6,ComHvy,BS1,BS1,0,BS2,BS2,0,0.49289587140083313,0.5264732837677002,0.033577412366867065,0.0052388920448720455,0.07559517025947571,0.199194073677063,0.16139650344848633,0.49289587140083313,0.5264732837677002,0.3079100549221039,0.31213024258613586
48,S6,BWHvy,local,local,0,local,local,0,0.7397005558013916,0.7370808124542236,-0.0026197433471679688,0.0004040882922708988,0.016105972230434418,0.7397005558013916,0.7370808124542236,0.10111961513757706,0.10917261242866516,0.15917985141277313,0.1537466198205948
48,S7,LatCrit,local,local,0,local,local,0,0.6360654234886169,0.6130619049072266,-0.02300351858139038,0.0020149201154708862,0.05589666962623596,0.6360654234886169,0.6130619049072266,0.02855600416660309,0.023611200973391533,0.3353785574436188,0.36332690715789795
48,S7,ComHvy,BS1,BS1,0,BS1,BS1,0,0.789604902267456,0.7963085770606995,0.006703674793243408,0.0005554016679525375,0.020246759057044983,0.09367257356643677,0.09709227085113525,0.789604902267456,0.7963085770606995,0.11672253906726837,0.10659915208816528
48,S7,BWHvy,local,local,0,local,local,0,0.5539263486862183,0.49167460203170776,-0.0622517466545105,0.01233508437871933,0.1427701711654663,0.5539263486862183,0.49167460203170776,0.1864459067583084,0.17731253802776337,0.2596277892589569,0.3310128450393677
48,S8,LatCrit,local,local,0,local,local,0,0.5039730072021484,0.5586049556732178,0.054631948471069336,0.00601503811776638,0.10926394164562225,0.5039730072021484,0.5586049556732178,0.3032597601413727,0.26919275522232056,0.19276723265647888,0.1722022444009781
48,S8,ComHvy,BS2,BS2,0,BS2,BS2,0,0.6052547693252563,0.6800621747970581,0.07480740547180176,0.02808123081922531,0.14961481094360352,0.34198153018951416,0.3015303611755371,0.0527636781334877,0.018407439813017845,0.6052547693252563,0.6800621747970581
48,S8,BWHvy,local,local,0,local,local,0,0.5978131294250488,0.5673264265060425,-0.030486702919006348,0.0061182864010334015,0.09182599186897278,0.5978131294250488,0.5673264265060425,0.20863772928714752,0.19321143627166748,0.19354912638664246,0.23946212232112885
49,S1,LatCrit,local,local,0,local,local,0,0.6835547685623169,0.7208875417709351,0.037332773208618164,0.0037197303026914597,0.07466548681259155,0.6835547685623169,0.7208875417709351,0.1248096451163292,0.10377342253923416,0.19163553416728973,0.17533904314041138
49,S1,ComHvy,local,local,0,local,local,0,0.8252251148223877,0.8224309086799622,-0.002794206142425537,0.0022287601605057716,0.028606008738279343,0.8252251148223877,0.8224309086799622,0.12094445526599884,0.13524748384952545,0.05383039638400078,0.042321622371673584
49,S1,BWHvy,local,local,0,local,local,0,0.6902824640274048,0.6944502592086792,0.004167795181274414,0.015100136399269104,0.10014195740222931,0.6902824640274048,0.6944502592086792,0.11713336408138275,0.1630365401506424,0.19258418679237366,0.1425132006406784
49,S2,LatCrit,BS1,BS1,0,BS1,BS1,0,0.5250325202941895,0.7563847899436951,0.23135226964950562,0.1374184787273407,0.46270453929901123,0.15988391637802124,0.10888361930847168,0.5250325202941895,0.7563847899436951,0.3150835931301117,0.13473162055015564
49,S2,ComHvy,local,local,0,local,local,0,0.6092639565467834,0.6655945777893066,0.05633062124252319,0.19894331693649292,0.21586480736732483,0.6092639565467834,0.6655945777893066,0.27382877469062805,0.3254305422306061,0.1169072687625885,0.008974860422313213
49,S2,BWHvy,local,local,0,local,local,0,0.7123328447341919,0.7374181151390076,0.025085270404815674,0.0016462504863739014,0.05017053335905075,0.7123328447341919,0.7374181151390076,0.1945631504058838,0.17994019389152527,0.09310398995876312,0.08264168351888657
49,S3,LatCrit,BS2,BS2,0,BS2,BS2,0,0.6472839117050171,0.5535234212875366,-0.09376049041748047,0.02021767944097519,0.18752092123031616,0.32632118463516235,0.3988402485847473,0.0263949166983366,0.04763629287481308,0.6472839117050171,0.5535234212875366
49,S3,ComHvy,local,local,0,local,local,0,0.8647482395172119,0.8668956160545349,0.002147376537322998,0.037545353174209595,0.09445872902870178,0.8647482395172119,0.8668956160545349,0.05806546285748482,0.10314745455980301,0.07718626409769058,0.029956908896565437
49,S3,BWHvy,local,local,0,local,local,0,0.6157459020614624,0.6695388555526733,0.05379295349121094,0.007895714603364468,0.10758592188358307,0.6157459020614624,0.6695388555526733,0.2201802134513855,0.1747376024723053,0.1640738695859909,0.15572351217269897
49,S4,LatCrit,BS2,BS2,0,BS1,BS2,1,0.4252280592918396,0.6093558669090271,0.1841278076171875,0.078184112906456,0.3682555556297302,0.17470824718475342,0.1522883176803589,0.4000636637210846,0.2383558303117752,0.4252280592918396,0.6093558669090271
49,S4,ComHvy,BS2,BS2,0,BS2,BS2,0,0.49821197986602783,0.6916971802711487,0.19348520040512085,0.08144944906234741,0.3869704008102417,0.14389538764953613,0.09475457668304443,0.35789263248443604,0.2135482281446457,0.49821197986602783,0.6916971802711487
49,S4,BWHvy,local,local,0,local,local,0,0.6807053685188293,0.7088488936424255,0.02814352512359619,0.003661313559859991,0.061652883887290955,0.6807053685188293,0.7088488936424255,0.17563296854496002,0.14480651915073395,0.14366166293621063,0.14634457230567932
49,S5,LatCrit,local,local,0,local,local,0,0.5388384461402893,0.4811554551124573,-0.05768299102783203,0.03676168620586395,0.23335090279579163,0.5388384461402893,0.4811554551124573,0.1511812061071396,0.09218873828649521,0.3099803328514099,0.42665576934814453
49,S5,ComHvy,local,local,0,local,local,0,0.7151898741722107,0.6800099611282349,-0.03517991304397583,0.049974340945482254,0.18565243482589722,0.7151898741722107,0.6800099611282349,0.2354605495929718,0.17781426012516022,0.049349572509527206,0.1421758085489273
49,S5,BWHvy,local,local,0,local,local,0,0.621310830116272,0.6402209997177124,0.01891016960144043,0.0029452666640281677,0.051695339381694794,0.621310830116272,0.6402209997177124,0.23073911666870117,0.23767662048339844,0.14795005321502686,0.12210238724946976
49,S6,LatCrit,local,local,0,local,local,0,0.7513949275016785,0.7848141193389893,0.03341919183731079,0.08825476467609406,0.22362351417541504,0.7513949275016785,0.7848141193389893,0.06493484973907471,0.14332742989063263,0.18367023766040802,0.0718584954738617
49,S6,ComHvy,BS2,BS2,0,BS2,BS2,0,0.611764132976532,0.7402968406677246,0.12853270769119263,0.04002642631530762,0.2570653557777405,0.09587794542312622,0.07045668363571167,0.2923579216003418,0.1892465204000473,0.611764132976532,0.7402968406677246
49,S6,BWHvy,local,local,0,local,local,0,0.7523223161697388,0.7968759536743164,0.04455363750457764,0.006924505345523357,0.08910729736089706,0.7523223161697388,0.7968759536743164,0.13376159965991974,0.100168876349926,0.11391609907150269,0.102955162525177
49,S7,LatCrit,local,local,0,local,local,0,0.7677438855171204,0.7687262296676636,0.0009823441505432129,2.7837813831865788e-06,0.0019646957516670227,0.7677438855171204,0.7687262296676636,0.13956154882907867,0.13887521624565125,0.09269456565380096,0.09239854663610458
49,S7,ComHvy,BS1,BS2,1,BS2,BS2,0,0.5513846278190613,0.6073897480964661,0.056005120277404785,0.28242868185043335,0.6587094068527222,0.17058032751083374,0.16931802034378052,0.5513846278190613,0.22329223155975342,0.2780350148677826,0.6073897480964661
49,S7,BWHvy,local,local,0,local,local,0,0.6345714926719666,0.6474900245666504,0.012918531894683838,0.015736185014247894,0.11625273525714874,0.6345714926719666,0.6474900245666504,0.20504625141620636,0.14691989123821259,0.1603822559118271,0.20559009909629822
49,S8,LatCrit,local,local,0,local,local,0,0.5444185733795166,0.5681130886077881,0.023694515228271484,0.003921594470739365,0.07674847543239594,0.5444185733795166,0.5681130886077881,0.1680797040462494,0.18275940418243408,0.287501722574234,0.24912746250629425
49,S8,ComHvy,BS1,BS1,0,BS1,BS1,0,0.591133713722229,0.5419330596923828,-0.04920065402984619,0.006987815722823143,0.09840134531259537,0.34289777278900146,0.3661569356918335,0.591133713722229,0.5419330596923828,0.06596848368644714,0.09191001206636429
49,S8,BWHvy,local,local,0,local,local,0,0.6688040494918823,0.6892547011375427,0.0204506516456604,0.0023576412349939346,0.04461274296045303,0.6688040494918823,0.6892547011375427,0.13690808415412903,0.11460169404745102,0.19428789615631104,0.19614359736442566
50,S1,LatCrit,local,local,0,local,local,0,0.744672417640686,0.7534743547439575,0.008801937103271484,0.03043464571237564,0.13107573986053467,0.744672417640686,0.7534743547439575,0.07971208542585373,0.13644801080226898,0.17561551928520203,0.1100776344537735
50,S1,ComHvy,local,local,0,local,local,0,0.8297913074493408,0.8422884345054626,0.012497127056121826,0.006204106844961643,0.024994252249598503,0.8297913074493408,0.8422884345054626,0.009152345359325409,0.002226302633062005,0.16105635464191437,0.15548527240753174
50,S1,BWHvy,local,local,0,local,local,0,0.573830246925354,0.5834696292877197,0.009639382362365723,0.0011161025613546371,0.03855155408382416,0.573830246925354,0.5834696292877197,0.1751408576965332,0.18477724492549896,0.2510288953781128,0.23175311088562012
50,S2,LatCrit,BS1,BS1,0,BS1,BS1,0,0.6070038676261902,0.7130452990531921,0.10604143142700195,0.02588837221264839,0.2120828777551651,0.20750439167022705,0.14961910247802734,0.6070038676261902,0.7130452990531921,0.18549175560474396,0.13733559846878052
50,S2,ComHvy,local,local,0,local,local,0,0.501453697681427,0.5825145244598389,0.08106082677841187,0.014444880187511444,0.16212162375450134,0.501453697681427,0.5825145244598389,0.3778364658355713,0.328050434589386,0.12070982903242111,0.08943506330251694
50,S2,BWHvy,local,local,0,local,local,0,0.5597473382949829,0.5611662864685059,0.0014189481735229492,0.00035030022263526917,0.01777433604001999,0.5597473382949829,0.5611662864685059,0.32003700733184814,0.31114983558654785,0.12021561712026596,0.1276838332414627
50,S3,LatCrit,local,local,0,BS2,local,1,0.45199382305145264,0.521619439125061,0.0696256160736084,0.09003625810146332,0.34398263692855835,0.45199382305145264,0.521619439125061,0.2010708749294281,0.3034365773200989,0.34693530201911926,0.1749439835548401
50,S3,ComHvy,local,local,0,local,local,0,0.536713719367981,0.6408509016036987,0.10413718223571777,0.023414842784404755,0.20827440917491913,0.536713719367981,0.6408509016036987,0.2421589195728302,0.17832478880882263,0.22112736105918884,0.18082426488399506
50,S3,BWHvy,local,local,0,local,local,0,0.5633072853088379,0.5452954769134521,-0.018011808395385742,0.015227686613798141,0.13271783292293549,0.5633072853088379,0.5452954769134521,0.18837399780750275,0.2547329366207123,0.24831868708133698,0.19997160136699677
50,S4,LatCrit,BS2,BS2,0,BS2,BS2,0,0.42003151774406433,0.43926742672920227,0.01923590898513794,0.009927133098244667,0.12135422229766846,0.32736289501190186,0.2666857838630676,0.2526055872440338,0.2940467894077301,0.42003151774406433,0.43926742672920227
50,S4,ComHvy,BS2,BS1,1,BS1,BS1,0,0.4190608561038971,0.4584135115146637,0.0393526554107666,0.03806697949767113,0.17488321661949158,0.17570894956588745,0.08826732635498047,0.40523019433021545,0.4584135115146637,0.4190608561038971,0.45331913232803345
50,S4,BWHvy,local,local,0,local,local,0,0.6590390205383301,0.659923791885376,0.0008847713470458984,0.002827618271112442,0.044648244976997375,0.6590390205383301,0.659923791885376,0.14191682636737823,0.16335615515708923,0.19904419779777527,0.1767200529575348
50,S5,LatCrit,BS2,BS2,0,BS2,BS2,0,0.7507192492485046,0.7569757103919983,0.006256461143493652,0.0015964913181960583,0.02272505685687065,0.1986796259880066,0.20378565788269043,0.050601132214069366,0.039238568395376205,0.7507192492485046,0.7569757103919983
50,S5,ComHvy,BS1,BS1,0,BS1,BS1,0,0.706925094127655,0.6603805422782898,-0.046544551849365234,0.006081270985305309,0.09308914840221405,0.26539117097854614,0.2981032729148865,0.706925094127655,0.6603805422782898,0.027683662250638008,0.04151615500450134
50,S5,BWHvy,local,local,0,local,local,0,0.503430962562561,0.5195263624191284,0.016095399856567383,0.006227456033229828,0.09201595187187195,0.503430962562561,0.5195263624191284,0.30651354789733887,0.2605055868625641,0.1900554895401001,0.21996808052062988
50,S6,LatCrit,local,local,0,local,local,0,0.7746023535728455,0.7773834466934204,0.002781093120574951,0.0033853352069854736,0.035430505871772766,0.7746023535728455,0.7773834466934204,0.15529479086399078,0.170228973031044,0.07010284066200256,0.05238761007785797
50,S6,ComHvy,BS2,BS2,0,BS1,BS2,1,0.4109075963497162,0.5189670920372009,0.10805949568748474,0.028449952602386475,0.2161189764738083,0.33615732192993164,0.3050267696380615,0.25293511152267456,0.17600618302822113,0.4109075963497162,0.5189670920372009
50,S6,BWHvy,local,local,0,local,local,0,0.6343728303909302,0.671842634677887,0.03746980428695679,0.0034501515328884125,0.07493960112333298,0.6343728303909302,0.671842634677887,0.24556654691696167,0.22681072354316711,0.12006062269210815,0.10134664922952652
50,S7,LatCrit,local,local,0,local,local,0,0.714953601360321,0.7893486618995667,0.0743950605392456,0.02918180450797081,0.1487901210784912,0.714953601360321,0.7893486618995667,0.10693162679672241,0.049720682203769684,0.17811477184295654,0.16093066334724426
50,S7,ComHvy,BS1,BS1,0,BS1,BS1,0,0.4964465796947479,0.7810176610946655,0.2845710813999176,0.22020617127418518,0.5699748992919922,0.04511648416519165,0.045532822608947754,0.4964465796947479,0.7810176610946655,0.45843690633773804,0.17344947159290314
50,S7,BWHvy,local,local,0,local,local,0,0.5801160335540771,0.5299596786499023,-0.050156354904174805,0.03146255388855934,0.2113969475030899,0.5801160335540771,0.5299596786499023,0.20555514097213745,0.3112536072731018,0.2143288254737854,0.15878669917583466
50,S8,LatCrit,local,local,0,local,local,0,0.8354209661483765,0.8809514045715332,0.04553043842315674,0.02625202387571335,0.10037146508693695,0.8354209661483765,0.8809514045715332,0.07813882827758789,0.08279413729906082,0.08644019067287445,0.03625447675585747
50,S8,ComHvy,local,local,0,local,local,0,0.5601882934570312,0.5544323921203613,-0.005755901336669922,0.03669187054038048,0.17302894592285156,0.5601882934570312,0.5544323921203613,0.34777361154556274,0.2670150399208069,0.092038094997406,0.1785525679588318
50,S8,BWHvy,local,local,0,local,local,0,0.6039067506790161,0.5749090909957886,-0.02899765968322754,0.004771890118718147,0.08188042044639587,0.6039067506790161,0.5749090909957886,0.20143702626228333,0.24237725138664246,0.19465620815753937,0.18271367251873016
51,S1,LatCrit,BS2,BS2,0,BS2,BS2,0,0.7186249494552612,0.7181477546691895,-0.00047719478607177734,0.004480460658669472,0.049310192465782166,0.09323817491531372,0.1178932785987854,0.18813686072826385,0.16395896673202515,0.7186249494552612,0.7181477546691895
51,S1,ComHvy,local,local,0,local,local,0,0.7557995915412903,0.7957868576049805,0.039987266063690186,0.00596531480550766,0.07997450977563858,0.7557995915412903,0.7957868576049805,0.0014900211244821548,0.00023852360027376562,0.24271038174629211,0.2039746344089508
51,S1,BWHvy,BS1,BS1,0,BS1,BS1,0,0.4307039678096771,0.4353800415992737,0.004676073789596558,0.00011720648035407066,0.01380765438079834,0.29151779413223267,0.2846139669418335,0.4307039678096771,0.4353800415992737,0.2777782380580902,0.2800059914588928
51,S2,LatCrit,BS1,BS2,1,BS2,BS2,0,0.4549819231033325,0.5173169374465942,0.06233501434326172,0.042084187269210815,0.2723621129989624,0.16388219594955444,0.10275858640670776,0.4549819231033325,0.3799244463443756,0.3811359107494354,0.5173169374465942
51,S2,ComHvy,local,local,0,local,local,0,0.6568768620491028,0.6407653093338013,-0.016111552715301514,0.0006199320778250694,0.032223090529441833,0.6568768620491028,0.6407653093338013,0.2599538564682007,0.2694561183452606,0.08316928893327713,0.08977856487035751
51,S2,BWHvy,BS1,BS1,0,BS1,BS1,0,0.3607684373855591,0.3806792199611664,0.0199107825756073,0.0037041716277599335,0.07544754445552826,0.35415947437286377,0.3719724416732788,0.3607684373855591,0.3806792199611664,0.28507208824157715,0.24734829366207123
51,S3,LatCrit,local,local,0,local,local,0,0.616915225982666,0.6896462440490723,0.07273101806640625,0.020782291889190674,0.1454620063304901,0.616915225982666,0.6896462440490723,0.2275804728269577,0.21592727303504944,0.1555042713880539,0.0944264754652977
51,S3,ComHvy,local,local,0,local,local,0,0.8054181337356567,0.8111869096755981,0.005768775939941406,0.003808549139648676,0.01473911665380001,0.8054181337356567,0.8111869096755981,0.18211618065834045,0.18371695280075073,0.012465685606002808,0.005096117500215769
51,S3,BWHvy,BS2,BS2,0,BS1,BS1,0,0.4029412269592285,0.3645223379135132,-0.03841888904571533,0.007185712456703186,0.11263158917427063,0.2938252091407776,0.2759283185005188,0.3032335340976715,0.359549343585968,0.4029412269592285,0.3645223379135132
51,S4,LatCrit,BS2,BS2,0,BS2,BS2,0,0.5280462503433228,0.5609157085418701,0.03286945819854736,0.008099835366010666,0.10677044093608856,0.26795774698257446,0.2145724892616272,0.20399604737758636,0.2245117723941803,0.5280462503433228,0.5609157085418701
51,S4,ComHvy,BS1,BS1,0,BS1,BS1,0,0.7290810346603394,0.7811643481254578,0.05208331346511841,0.012366464361548424,0.10416653007268906,0.23357641696929932,0.20099562406539917,0.7290810346603394,0.7811643481254578,0.03734250366687775,0.017840079963207245
51,S4,BWHvy,BS2,BS2,0,BS1,BS1,0,0.5075370073318481,0.5325920581817627,0.02505505084991455,0.0013376213610172272,0.05011016130447388,0.20583271980285645,0.1912422776222229,0.2866303026676178,0.276165634393692,0.5075370073318481,0.5325920581817627
51,S5,LatCrit,BS2,BS2,0,BS2,BS2,0,0.7688299417495728,0.8071290850639343,0.03829914331436157,0.008154172450304031,0.07659830152988434,0.17329376935958862,0.15834152698516846,0.05787629261612892,0.03452937304973602,0.7688299417495728,0.8071290850639343
51,S5,ComHvy,local,local,0,local,local,0,0.7433040738105774,0.7503926753997803,0.007088601589202881,0.003107938915491104,0.03014664351940155,0.7433040738105774,0.7503926753997803,0.2074935883283615,0.2154783010482788,0.0492023304104805,0.03412900120019913
51,S5,BWHvy,BS1,BS1,0,BS1,BS1,0,0.3502610921859741,0.34335440397262573,-0.006906688213348389,0.0009391196072101593,0.03985503315925598,0.3394901156425476,0.3264693021774292,0.3502610921859741,0.34335440397262573,0.3102487623691559,0.33017629384994507
51,S6,LatCrit,BS1,local,1,local,local,0,0.46445199847221375,0.4216355085372925,-0.042816489934921265,0.02198672480881214,0.18662509322166443,0.32853519916534424,0.4216355085372925,0.46445199847221375,0.37113943696022034,0.2070128172636032,0.207225039601326
51,S6,ComHvy,local,local,0,local,local,0,0.7992541790008545,0.8158823847770691,0.0166282057762146,0.0011152615770697594,0.03325638920068741,0.7992541790008545,0.8158823847770691,0.056852709501981735,0.04835914447903633,0.1438930779695511,0.13575845956802368
51,S6,BWHvy,BS1,BS1,0,BS1,BS1,0,0.4888896644115448,0.5167841911315918,0.027894526720046997,0.009487845003604889,0.10339170694351196,0.305350661277771,0.32915198802948,0.4888896644115448,0.5167841911315918,0.205759659409523,0.15406380593776703
51,S7,LatCrit,BS2,BS2,0,BS2,BS2,0,0.904457151889801,0.9239581823348999,0.019501030445098877,0.002750759944319725,0.03900210186839104,0.07777363061904907,0.06388580799102783,0.017769185826182365,0.012155937030911446,0.904457151889801,0.9239581823348999
51,S7,ComHvy,local,local,0,local,local,0,0.5229138135910034,0.5365254878997803,0.013611674308776855,0.03434368968009949,0.14553390443325043,0.5229138135910034,0.5365254878997803,0.33586734533309937,0.39502260088920593,0.14121882617473602,0.06845185160636902
51,S7,BWHvy,BS1,BS1,0,BS1,BS1,0,0.5153192281723022,0.5744683742523193,0.05914914608001709,0.02399810403585434,0.14776064455509186,0.30012744665145874,0.314858615398407,0.5153192281723022,0.5744683742523193,0.1845533549785614,0.11067302525043488
51,S8,LatCrit,BS2,BS1,1,BS1,BS1,0,0.4107917547225952,0.47038939595222473,0.05959764122962952,0.012051805853843689,0.14795860648155212,0.19279813766479492,0.18329447507858276,0.3964100778102875,0.47038939595222473,0.4107917547225952,0.3463161289691925
51,S8,ComHvy,local,local,0,local,local,0,0.7360029816627502,0.7971946001052856,0.0611916184425354,0.010891471058130264,0.1223832294344902,0.7360029816627502,0.7971946001052856,0.11437784880399704,0.08575551956892014,0.1496191769838333,0.11704989522695541
51,S8,BWHvy,BS1,BS1,0,BS1,BS1,0,0.3943259119987488,0.42853641510009766,0.03421050310134888,0.0032290108501911163,0.06842100620269775,0.29314184188842773,0.29146450757980347,0.3943259119987488,0.42853641510009766,0.3125322461128235,0.2799990773200989
52,S1,LatCrit,BS2,local,1,BS2,BS2,0,0.45721784234046936,0.42924535274505615,-0.027972489595413208,0.005169771611690521,0.0961114913225174,0.38118958473205566,0.42924535274505615,0.1615925431251526,0.15822859108448029,0.45721784234046936,0.41252607107162476
52,S1,ComHvy,local,local,0,local,local,0,0.656642496585846,0.678791880607605,0.022149384021759033,0.0012478288263082504,0.044298723340034485,0.656642496585846,0.678791880607605,0.03718770667910576,0.03204762563109398,0.3061698079109192,0.2891605496406555
52,S1,BWHvy,local,local,0,local,local,0,0.46097326278686523,0.4392058849334717,-0.021767377853393555,0.0010787525679916143,0.04353471100330353,0.46097326278686523,0.4392058849334717,0.29744231700897217,0.315329372882843,0.24158445000648499,0.2454647272825241
52,S2,LatCrit,BS1,BS2,1,BS1,BS2,1,0.4281068742275238,0.5220248103141785,0.09391793608665466,0.07774826884269714,0.3863169252872467,0.2430267333984375,0.1906677484512329,0.4281068742275238,0.28730738162994385,0.3288663625717163,0.5220248103141785
52,S2,ComHvy,local,local,0,local,local,0,0.8066216111183167,0.773937463760376,-0.032684147357940674,0.005373031832277775,0.07730011641979218,0.8066216111183167,0.773937463760376,0.1676672250032425,0.2063172459602356,0.025711189955472946,0.019745243713259697
52,S2,BWHvy,BS1,BS1,0,BS1,BS1,0,0.5532020330429077,0.6578634977340698,0.10466146469116211,0.04915901646018028,0.2093229591846466,0.3394624590873718,0.3018290400505066,0.5532020330429077,0.6578634977340698,0.10733550786972046,0.040307432413101196
52,S3,LatCrit,BS2,BS2,0,BS1,BS2,1,0.38955095410346985,0.4359782934188843,0.04642733931541443,0.006579969078302383,0.09285470843315125,0.3663925528526306,0.3614352345466614,0.24405652284622192,0.20258647203445435,0.38955095410346985,0.4359782934188843
52,S3,ComHvy,local,local,0,local,local,0,0.7198989391326904,0.7519824504852295,0.03208351135253906,0.003812753828242421,0.06416703760623932,0.7198989391326904,0.7519824504852295,0.18596896529197693,0.15395909547805786,0.09413210302591324,0.09405844658613205
52,S3,BWHvy,local,local,0,local,local,0,0.5003225803375244,0.4793105721473694,-0.02101200819015503,0.03630875051021576,0.21201074123382568,0.5003225803375244,0.4793105721473694,0.20378069579601288,0.3097860515117645,0.2958967387676239,0.2109033614397049
52,S4,LatCrit,BS2,BS2,0,BS2,BS2,0,0.4053700268268585,0.487835168838501,0.08246514201164246,0.016457408666610718,0.1649303436279297,0.3263470530509949,0.3053831458091736,0.268282949924469,0.20678165555000305,0.4053700268268585,0.487835168838501
52,S4,ComHvy,local,BS2,1,local,BS2,1,0.5154163837432861,0.4802265465259552,-0.03518983721733093,0.01747133582830429,0.1580810844898224,0.5154163837432861,0.4682287573814392,0.08339758217334747,0.051544684916734695,0.4011859893798828,0.4802265465259552
52,S4,BWHvy,local,local,0,local,local,0,0.48640042543411255,0.5005249977111816,0.014124572277069092,0.000590902753174305,0.028249189257621765,0.48640042543411255,0.5005249977111816,0.20260418951511383,0.19038847088813782,0.3109953999519348,0.30908650159835815
52,S5,LatCrit,local,local,0,BS2,BS2,0,0.484077513217926,0.5228191614151001,0.03874164819717407,0.010247594676911831,0.07748325914144516,0.484077513217926,0.5228191614151001,0.049986980855464935,0.02617102861404419,0.46593546867370605,0.4510098099708557
52,S5,ComHvy,BS1,BS1,0,BS1,BS1,0,0.803206741809845,0.8872402906417847,0.0840335488319397,0.02967468462884426,0.16806717216968536,0.18596982955932617,0.10671025514602661,0.803206741809845,0.8872402906417847,0.01082346960902214,0.006049425806850195
52,S5,BWHvy,local,local,0,local,local,0,0.525945782661438,0.509874701499939,-0.016071081161499023,0.0013846559450030327,0.04889604449272156,0.525945782661438,0.509874701499939,0.37215346097946167,0.39660146832466125,0.10190080851316452,0.09352385252714157
52,S6,LatCrit,local,local,0,BS2,BS2,0,0.3470034599304199,0.3559246063232422,0.008921146392822266,0.003079330548644066,0.06981217861175537,0.3470034599304199,0.3559246063232422,0.33387914299964905,0.29897305369377136,0.31911739706993103,0.34510233998298645
52,S6,ComHvy,local,local,0,BS2,BS2,0,0.47481226921081543,0.48262858390808105,0.007816314697265625,0.00018931913655251265,0.01621505618095398,0.47481226921081543,0.48262858390808105,0.26725998520851135,0.25915244221687317,0.2579277455806732,0.2582189440727234
52,S6,BWHvy,local,local,0,BS1,BS1,0,0.4137151837348938,0.4482746720314026,0.03455948829650879,0.0030736103653907776,0.06911897659301758,0.4137151837348938,0.4482746720314026,0.4090697765350342,0.3966788351535797,0.17721505463123322,0.1550465077161789
52,S7,LatCrit,BS1,BS1,0,BS1,BS1,0,0.4343416392803192,0.47359612584114075,0.03925448656082153,0.03198705613613129,0.21848681569099426,0.13672280311584473,0.20671170949935913,0.4343416392803192,0.47359612584114075,0.42893555760383606,0.31969213485717773
52,S7,ComHvy,local,local,0,local,local,0,0.7737401723861694,0.8419764041900635,0.06823623180389404,0.01730664074420929,0.13647238910198212,0.7737401723861694,0.8419764041900635,0.002534216968342662,0.000475127249956131,0.2237255722284317,0.15754850208759308
52,S7,BWHvy,local,local,0,local,local,0,0.49801933765411377,0.4874333143234253,-0.010586023330688477,0.0013638054952025414,0.044499173760414124,0.49801933765411377,0.4874333143234253,0.23634196817874908,0.25859156250953674,0.26563867926597595,0.25397512316703796
52,S8,LatCrit,local,local,0,local,local,0,0.5813693404197693,0.6800391674041748,0.09866982698440552,0.03952868655323982,0.19733962416648865,0.5813693404197693,0.6800391674041748,0.09050676226615906,0.03615083545446396,0.32812389731407166,0.283810019493103
52,S8,ComHvy,local,BS1,1,local,local,0,0.4973069429397583,0.5462381839752197,0.048931241035461426,0.029777202755212784,0.156059131026268,0.4973069429397583,0.44479548931121826,0.4682086110115051,0.5462381839752197,0.034484460949897766,0.008966359309852123
52,S8,BWHvy,local,local,0,local,local,0,0.43117767572402954,0.46184098720550537,0.03066331148147583,0.004565417766571045,0.08598655462265015,0.43117767572402954,0.46184098720550537,0.25405919551849365,0.2663891613483429,0.3147631287574768,0.27176985144615173
53,S1,LatCrit,local,local,0,local,local,0,0.6152531504631042,0.6130715608596802,-0.0021815896034240723,0.0016271770000457764,0.03274676948785782,0.6152531504631042,0.6130715608596802,0.09513749182224274,0.08094567805528641,0.2896093428134918,0.30598270893096924
53,S1,ComHvy,local,local,0,local,local,0,0.523878812789917,0.6338674426078796,0.10998862981796265,0.029008731245994568,0.2199772596359253,0.523878812789917,0.6338674426078796,0.007555224932730198,0.0017608123598620296,0.4685659408569336,0.36437171697616577
53,S1,BWHvy,BS2,BS2,0,BS2,BS2,0,0.5177178978919983,0.56879723072052,0.05107933282852173,0.01988745853304863,0.16259263455867767,0.2680509090423584,0.18675458431243896,0.2142311930656433,0.24444817006587982,0.5177178978919983,0.56879723072052
53,S2,LatCrit,local,local,0,local,local,0,0.6989728212356567,0.7568747401237488,0.05790191888809204,0.0489492230117321,0.20133689045906067,0.6989728212356567,0.7568747401237488,0.19897200167179108,0.09830357879400253,0.10205516964197159,0.14482170343399048
53,S2,ComHvy,BS2,BS2,0,BS2,BS2,0,0.7407928705215454,0.8456016182899475,0.1048087477684021,0.059274330735206604,0.2096175253391266,0.12355393171310425,0.10510319471359253,0.13565318286418915,0.04929513856768608,0.7407928705215454,0.8456016182899475
53,S2,BWHvy,BS2,BS1,1,BS1,BS1,0,0.4248849153518677,0.4255807101726532,0.0006957948207855225,0.00820072554051876,0.11633807420730591,0.20770341157913208,0.17238646745681763,0.36741170287132263,0.4255807101726532,0.4248849153518677,0.4020327925682068
53,S3,LatCrit,BS2,BS2,0,BS2,BS2,0,0.45494917035102844,0.5650448799133301,0.11009570956230164,0.05014991760253906,0.24283467233181,0.2682996988296509,0.27962130308151245,0.2767511308193207,0.1553337723016739,0.45494917035102844,0.5650448799133301
53,S3,ComHvy,local,local,0,local,local,0,0.748536229133606,0.8285200595855713,0.07998383045196533,0.02077002450823784,0.15996766090393066,0.748536229133606,0.8285200595855713,0.08450517058372498,0.052627597004175186,0.16695858538150787,0.11885232478380203
53,S3,BWHvy,BS2,BS2,0,BS2,BS2,0,0.43057146668434143,0.39488685131073,-0.03568461537361145,0.011609941720962524,0.1409514844417572,0.29910099506378174,0.2643098831176758,0.27032753825187683,0.3408032953739166,0.43057146668434143,0.39488685131073
53,S4,LatCrit,local,local,0,local,local,0,0.5109974145889282,0.5184812545776367,0.007483839988708496,0.0013008713722229004,0.03916826844215393,0.5109974145889282,0.5184812545776367,0.20585523545742035,0.18627111613750458,0.28314730525016785,0.2952476143836975
53,S4,ComHvy,local,local,0,local,local,0,0.6481698751449585,0.5856471061706543,-0.0625227689743042,0.041011467576026917,0.18594396114349365,0.6481698751449585,0.5856471061706543,0.31143811345100403,0.40441012382507324,0.04039201885461807,0.00994283426553011
53,S4,BWHvy,local,BS2,1,local,local,0,0.45829999446868896,0.40347954630851746,-0.05482044816017151,0.012165695428848267,0.1522935926914215,0.45829999446868896,0.3821532130241394,0.1938307136297226,0.21436728537082672,0.34786930680274963,0.40347954630851746
53,S5,LatCrit,local,local,0,local,local,0,0.7407928705215454,0.7881941199302673,0.047401249408721924,0.014177732169628143,0.12317968159914017,0.7407928705215454,0.7881941199302673,0.029011717066168785,0.0432002954185009,0.23019544780254364,0.16860559582710266
53,S5,ComHvy,BS1,BS1,0,BS1,BS1,0,0.8885451555252075,0.9192456007003784,0.0307004451751709,0.005746853072196245,0.06140093505382538,0.10766112804412842,0.07825547456741333,0.8885451555252075,0.9192456007003784,0.0037937508895993233,0.002498912625014782
53,S5,BWHvy,BS2,BS2,0,BS2,BS2,0,0.40675684809684753,0.46332862973213196,0.056571781635284424,0.010104268789291382,0.11314356327056885,0.27591001987457275,0.22027480602264404,0.3173331320285797,0.316396564245224,0.40675684809684753,0.46332862973213196
53,S6,LatCrit,local,local,0,local,local,0,0.5466800332069397,0.563317596912384,0.016637563705444336,0.0014968132600188255,0.03327510133385658,0.5466800332069397,0.563317596912384,0.04207815229892731,0.03288159891963005,0.4112417995929718,0.4038008153438568
53,S6,ComHvy,BS2,BS2,0,BS2,BS2,0,0.4963754415512085,0.5463927984237671,0.050017356872558594,0.00544324517250061,0.10003471374511719,0.3913266062736511,0.3600238561630249,0.11229795217514038,0.09358334541320801,0.4963754415512085,0.5463927984237671
53,S6,BWHvy,BS1,BS1,0,local,BS1,1,0.39285123348236084,0.4737641513347626,0.08091291785240173,0.014467699453234673,0.16182586550712585,0.3619388937950134,0.297330379486084,0.39285123348236084,0.4737641513347626,0.24520988762378693,0.22890545427799225
53,S7,LatCrit,local,local,0,local,local,0,0.759788990020752,0.7172584533691406,-0.04253053665161133,0.010730545967817307,0.11277544498443604,0.759788990020752,0.7172584533691406,0.0464705266058445,0.03261334076523781,0.19374048709869385,0.25012820959091187
53,S7,ComHvy,local,local,0,local,local,0,0.9050241112709045,0.9392068386077881,0.034182727336883545,0.010068338364362717,0.0683654397726059,0.9050241112709045,0.9392068386077881,0.09123514592647552,0.05985115468502045,0.003740756306797266,0.0009420322603546083
53,S7,BWHvy,BS1,BS1,0,local,local,0,0.46373844146728516,0.5678232312202454,0.1040847897529602,0.048464708030223846,0.20816965401172638,0.3418518304824829,0.33564239740371704,0.46373844146728516,0.5678232312202454,0.19440974295139313,0.09653431177139282
53,S8,LatCrit,local,BS2,1,BS2,BS2,0,0.43156903982162476,0.4554649591445923,0.02389591932296753,0.006970174610614777,0.11351041495800018,0.43156903982162476,0.37481385469436646,0.16133436560630798,0.16972123086452484,0.40709659457206726,0.4554649591445923
53,S8,ComHvy,BS1,BS1,0,BS1,BS1,0,0.45767131447792053,0.5131179690361023,0.05544665455818176,0.007411086931824684,0.11089333891868591,0.23777920007705688,0.1971290111541748,0.45767131447792053,0.5131179690361023,0.3045494854450226,0.2897529900074005
53,S8,BWHvy,local,local,0,BS1,BS1,0,0.46588945388793945,0.3657061457633972,-0.10018330812454224,0.021348804235458374,0.20036658644676208,0.46588945388793945,0.3657061457633972,0.2919113337993622,0.35834071040153503,0.24219924211502075,0.27595314383506775
54,S1,LatCrit,local,local,0,local,local,0,0.7856662273406982,0.7553808093070984,-0.030285418033599854,0.007866106927394867,0.08836591243743896,0.7856662273406982,0.7553808093070984,0.07401229441165924,0.060114745050668716,0.1403215080499649,0.1845044493675232
54,S1,ComHvy,BS2,BS2,0,BS2,BS2,0,0.4369714856147766,0.46539056301116943,0.028419077396392822,0.02102465182542801,0.1285281628370285,0.40753430128097534,0.443379282951355,0.15549421310424805,0.091230109333992,0.4369714856147766,0.46539056301116943
54,S1,BWHvy,BS2,BS2,0,BS2,BS2,0,0.5578257441520691,0.5777106285095215,0.019884884357452393,0.021055247634649277,0.15175269544124603,0.27032649517059326,0.19445013999938965,0.17184777557849884,0.22783923149108887,0.5578257441520691,0.5777106285095215
54,S2,LatCrit,local,local,0,local,local,0,0.8077710270881653,0.8262008428573608,0.018429815769195557,0.002928728237748146,0.03685958683490753,0.8077710270881653,0.8262008428573608,0.02850736677646637,0.018145384266972542,0.16372159123420715,0.15565380454063416
54,S2,ComHvy,BS2,BS2,0,BS2,BS2,0,0.9308943748474121,0.9653142094612122,0.03441983461380005,0.014835827052593231,0.06883970648050308,0.019602656364440918,0.012624740600585938,0.04950297623872757,0.022061021998524666,0.9308943748474121,0.9653142094612122
54,S2,BWHvy,local,BS1,1,BS1,BS1,0,0.35808587074279785,0.3846990764141083,0.026613205671310425,0.002147182822227478,0.06080782413482666,0.35808587074279785,0.34830451011657715,0.35429516434669495,0.3846990764141083,0.2876189649105072,0.2669964134693146
54,S3,LatCrit,BS2,BS2,0,BS2,BS2,0,0.7660466432571411,0.8501142859458923,0.08406764268875122,0.025248371064662933,0.16813525557518005,0.1982283592224121,0.13133180141448975,0.03572496026754379,0.01855390891432762,0.7660466432571411,0.8501142859458923
54,S3,ComHvy,local,local,0,local,local,0,0.6027270555496216,0.63319331407547,0.03046625852584839,0.011555589735507965,0.11730491369962692,0.6027270555496216,0.63319331407547,0.061112336814403534,0.0892985612154007,0.3361605703830719,0.2775081396102905
54,S3,BWHvy,BS1,BS1,0,local,local,0,0.4699704945087433,0.48609739542007446,0.016126900911331177,0.009103566408157349,0.11176539957523346,0.3323318362236023,0.27644914388656616,0.4699704945087433,0.48609739542007446,0.19769765436649323,0.23745346069335938
54,S4,LatCrit,local,local,0,local,local,0,0.7683520317077637,0.7693268656730652,0.0009748339653015137,0.0003586467355489731,0.010869603604078293,0.7683520317077637,0.7693268656730652,0.05232265964150429,0.046887852251529694,0.17932532727718353,0.18378528952598572
54,S4,ComHvy,local,local,0,local,local,0,0.629253625869751,0.7020151615142822,0.07276153564453125,0.027122028172016144,0.14552302658557892,0.629253625869751,0.7020151615142822,0.34717801213264465,0.29312705993652344,0.023568347096443176,0.004857805557549
54,S4,BWHvy,local,local,0,local,local,0,0.5362025499343872,0.4487990140914917,-0.08740353584289551,0.01574089750647545,0.17480705678462982,0.5362025499343872,0.4487990140914917,0.18893620371818542,0.21327318251132965,0.27486127614974976,0.33792781829833984
54,S5,LatCrit,local,local,0,local,local,0,0.6788550019264221,0.7293360233306885,0.05048102140426636,0.02121361345052719,0.12439156323671341,0.6788550019264221,0.7293360233306885,0.17620062828063965,0.1879153847694397,0.14494436979293823,0.08274858444929123
54,S5,ComHvy,BS1,BS1,0,BS1,BS1,0,0.7760614156723022,0.8146012425422668,0.0385398268699646,0.0063522811979055405,0.07707962393760681,0.18386656045913696,0.16029536724090576,0.7760614156723022,0.8146012425422668,0.040072012692689896,0.025103406980633736
54,S5,BWHvy,BS2,BS2,0,BS2,BS2,0,0.40010902285575867,0.43965017795562744,0.039541155099868774,0.00995202362537384,0.12351632118225098,0.3021959662437439,0.2404378056526184,0.29769501090049744,0.31991201639175415,0.40010902285575867,0.43965017795562744
54,S6,LatCrit,local,local,0,local,local,0,0.7914793491363525,0.8044374585151672,0.012958109378814697,0.0008813207969069481,0.030126918107271194,0.7914793491363525,0.8044374585151672,0.011767225340008736,0.013872570358216763,0.19675344228744507,0.18168997764587402
54,S6,ComHvy,BS2,BS2,0,BS2,BS2,0,0.4751178026199341,0.5398171544075012,0.06469935178756714,0.012924499809741974,0.12939873337745667,0.43967902660369873,0.40594589710235596,0.08520317822694778,0.05423692986369133,0.4751178026199341,0.5398171544075012
54,S6,BWHvy,local,local,0,BS2,BS2,0,0.4353412985801697,0.3500533699989319,-0.08528792858123779,0.017898431047797203,0.1705757975578308,0.4353412985801697,0.3500533699989319,0.2753419876098633,0.34689292311668396,0.28931674361228943,0.30305367708206177
54,S7,LatCrit,local,local,0,local,local,0,0.689939022064209,0.6874986886978149,-0.002440333366394043,0.020770851522684097,0.10324650257825851,0.689939022064209,0.6874986886978149,0.11530793458223343,0.06612499058246613,0.19475306570529938,0.24637629091739655
54,S7,ComHvy,local,local,0,local,local,0,0.6902902126312256,0.7349033355712891,0.04461312294006348,0.006046087946742773,0.08922631293535233,0.6902902126312256,0.7349033355712891,0.3001176416873932,0.2601913511753082,0.009592168033123016,0.004905268549919128
54,S7,BWHvy,local,BS1,1,local,BS1,1,0.4741474390029907,0.46440979838371277,-0.009737640619277954,0.007143713533878326,0.11677578836679459,0.4741474390029907,0.4335134029388428,0.40602192282676697,0.46440979838371277,0.11983063817024231,0.10207676142454147
54,S8,LatCrit,BS2,BS2,0,BS2,BS2,0,0.5892470479011536,0.626022458076477,0.036775410175323486,0.004878755658864975,0.07765431702136993,0.2264760136604309,0.18764883279800415,0.18427695333957672,0.1863286793231964,0.5892470479011536,0.626022458076477
54,S8,ComHvy,local,local,0,local,local,0,0.5486832857131958,0.6230254173278809,0.07434213161468506,0.024197779595851898,0.14868426322937012,0.5486832857131958,0.6230254173278809,0.29353123903274536,0.28514325618743896,0.15778544545173645,0.09183130413293839
54,S8,BWHvy,local,local,0,local,local,0,0.571778416633606,0.47662103176116943,-0.09515738487243652,0.018818626180291176,0.19031472504138947,0.571778416633606,0.47662103176116943,0.21185678243637085,0.27353325486183167,0.21636483073234558,0.2498456984758377
55,S1,LatCrit,local,local,0,local,local,0,0.6959182620048523,0.716820240020752,0.020901978015899658,0.005632534623146057,0.0622100755572319,0.6959182620048523,0.716820240020752,0.11695068329572678,0.08584561944007874,0.18713107705116272,0.19733411073684692
55,S1,ComHvy,BS1,BS2,1,BS1,BS2,1,0.4699282944202423,0.6513304114341736,0.18140211701393127,0.1409657746553421,0.5067601799964905,0.13212144374847412,0.10193872451782227,0.4699282944202423,0.24673092365264893,0.39795032143592834,0.6513304114341736
55,S1,BWHvy,local,BS2,1,local,local,0,0.4419844150543213,0.43557700514793396,-0.006407409906387329,0.008660227060317993,0.12346899509429932,0.4419844150543213,0.3851894736289978,0.1841730773448944,0.17923352122306824,0.3738425076007843,0.43557700514793396
55,S2,LatCrit,local,local,0,local,local,0,0.8356122970581055,0.8356349468231201,2.2649765014648438e-05,0.0011040293611586094,0.014079762622714043,0.8356122970581055,0.8356349468231201,0.03158474713563919,0.024544844403862953,0.13280296325683594,0.1398201733827591
55,S2,ComHvy,BS2,BS2,0,BS2,BS2,0,0.8637344241142273,0.9329030513763428,0.06916862726211548,0.038579799234867096,0.13833728432655334,0.0814165472984314,0.05088484287261963,0.0548490472137928,0.016212087124586105,0.8637344241142273,0.9329030513763428
55,S2,BWHvy,local,local,0,local,local,0,0.5907074213027954,0.5613824129104614,-0.029325008392333984,0.0019114185124635696,0.05864998698234558,0.5907074213027954,0.5613824129104614,0.2384711354970932,0.24957694113254547,0.1708214432001114,0.18904061615467072
55,S3,LatCrit,local,BS2,1,local,local,0,0.4964042901992798,0.5883520841598511,0.09194779396057129,0.06733526289463043,0.34978392720222473,0.4964042901992798,0.32631784677505493,0.09013555943965912,0.08533001691102982,0.4134601354598999,0.5883520841598511
55,S3,ComHvy,local,local,0,local,local,0,0.688226580619812,0.8070818185806274,0.11885523796081543,0.04472304880619049,0.23771050572395325,0.688226580619812,0.8070818185806274,0.13096077740192413,0.09776755422353745,0.18081265687942505,0.09515061229467392
55,S3,BWHvy,local,local,0,local,local,0,0.6490415334701538,0.6081587076187134,-0.04088282585144043,0.004497949033975601,0.08176563680171967,0.6490415334701538,0.6081587076187134,0.2505440413951874,0.26646676659584045,0.10041444003582001,0.12537452578544617
55,S4,LatCrit,local,local,0,local,local,0,0.7989110946655273,0.8059924244880676,0.007081329822540283,0.00031024031341075897,0.01749091036617756,0.7989110946655273,0.8059924244880676,0.023462649434804916,0.02512676827609539,0.17762626707553864,0.16888080537319183
55,S4,ComHvy,local,local,0,local,BS1,1,0.5450277328491211,0.5478601455688477,0.0028324127197265625,0.02925289422273636,0.059721969068050385,0.5450277328491211,0.5478601455688477,0.416835218667984,0.44386380910873413,0.038137037307024,0.008276073262095451
55,S4,BWHvy,local,local,0,local,local,0,0.6690894365310669,0.6546863317489624,-0.014403104782104492,0.0008107339963316917,0.03172968327999115,0.6690894365310669,0.6546863317489624,0.1466568559408188,0.1451951563358307,0.18425366282463074,0.2001185417175293
55,S5,LatCrit,local,local,0,local,local,0,0.7933570742607117,0.8464233875274658,0.05306631326675415,0.011618470773100853,0.1061326339840889,0.7933570742607117,0.8464233875274658,0.14902622997760773,0.11908061802387238,0.05761667713522911,0.034495968371629715
55,S5,ComHvy,BS1,BS1,0,BS1,BS1,0,0.5912427306175232,0.6823210120201111,0.09107828140258789,0.021791160106658936,0.18215657770633698,0.2572508454322815,0.21935415267944336,0.5912427306175232,0.6823210120201111,0.1515064537525177,0.09832485020160675
55,S5,BWHvy,local,local,0,local,local,0,0.6393653750419617,0.6011060476303101,-0.03825932741165161,0.005393140017986298,0.0840749591588974,0.6393653750419617,0.6011060476303101,0.1757599413394928,0.1719818264245987,0.18487465381622314,0.22691217064857483
55,S6,LatCrit,local,local,0,local,local,0,0.8761491775512695,0.8980509042739868,0.021901726722717285,0.0038383565843105316,0.047922372817993164,0.8761491775512695,0.8980509042739868,0.025232795625925064,0.027292247861623764,0.09861801564693451,0.07465682178735733
55,S6,ComHvy,local,local,0,local,local,0,0.7419068813323975,0.6909655332565308,-0.0509413480758667,0.01746319606900215,0.1316104680299759,0.7419068813323975,0.6909655332565308,0.024849671870470047,0.009985779412090778,0.2332434356212616,0.29904866218566895
55,S6,BWHvy,local,local,0,local,local,0,0.601732611656189,0.6016371250152588,-9.548664093017578e-05,1.8935883417725563e-05,0.003972634673118591,0.601732611656189,0.6016371250152588,0.1866595447063446,0.18476872146129608,0.21160785853862762,0.21359418332576752
55,S7,LatCrit,BS2,BS2,0,BS2,BS2,0,0.7071287035942078,0.7624180912971497,0.055289387702941895,0.030111487954854965,0.11057882755994797,0.20854246616363525,0.20473003387451172,0.08432884514331818,0.03285183757543564,0.7071287035942078,0.7624180912971497
55,S7,ComHvy,local,local,0,local,local,0,0.7234299778938293,0.8295700550079346,0.10614007711410522,0.08994858711957932,0.21228018403053284,0.7234299778938293,0.8295700550079346,0.20050224661827087,0.15868127346038818,0.07606778293848038,0.011748654767870903
55,S7,BWHvy,local,local,0,local,local,0,0.6940228343009949,0.676335334777832,-0.017687499523162842,0.0007467898540198803,0.03537499159574509,0.6940228343009949,0.676335334777832,0.1999296098947525,0.21345745027065277,0.10604755580425262,0.1102072075009346
55,S8,LatCrit,BS2,BS2,0,BS2,BS2,0,0.5558907985687256,0.5568392276763916,0.0009484291076660156,5.705934017896652e-05,0.006342977285385132,0.3392959237098694,0.34151899814605713,0.10481324791908264,0.10164177417755127,0.5558907985687256,0.5568392276763916
55,S8,ComHvy,local,local,0,BS1,BS2,1,0.4176461696624756,0.4441314935684204,0.026485323905944824,0.0018511302769184113,0.05297064781188965,0.4176461696624756,0.4441314935684204,0.2791752219200134,0.25589612126350403,0.303178608417511,0.29997238516807556
55,S8,BWHvy,local,local,0,local,local,0,0.7142980098724365,0.6982520818710327,-0.01604592800140381,0.0007835789583623409,0.0320918932557106,0.7142980098724365,0.6982520818710327,0.10851680487394333,0.11963456869125366,0.17718517780303955,0.182113379240036
56,S1,LatCrit,local,local,0,local,local,0,0.637729287147522,0.7001035213470459,0.062374234199523926,0.024741217494010925,0.15256640315055847,0.637729287147522,0.7001035213470459,0.18937578797340393,0.1130925863981247,0.1728949099779129,0.1868038773536682
56,S1,ComHvy,BS2,BS2,0,BS2,BS2,0,0.7148351669311523,0.8264889717102051,0.11165380477905273,0.0478859469294548,0.22330766916275024,0.1521611213684082,0.11479818820953369,0.13300372660160065,0.05871279910206795,0.7148351669311523,0.8264889717102051
56,S1,BWHvy,BS1,BS1,0,local,BS2,1,0.36479899287223816,0.35807275772094727,-0.0067262351512908936,0.0047986991703510284,0.08447211980819702,0.3285735249519348,0.2930637001991272,0.36479899287223816,0.35807275772094727,0.306627482175827,0.34886354207992554
56,S2,LatCrit,local,local,0,local,local,0,0.6978791356086731,0.6795950531959534,-0.018284082412719727,0.007151864469051361,0.08198710530996323,0.6978791356086731,0.6795950531959534,0.09225050359964371,0.06954102218151093,0.2098703682422638,0.2508639097213745
56,S2,ComHvy,local,BS2,1,BS2,BS2,0,0.5021462440490723,0.5009903907775879,-0.001155853271484375,0.013803079724311829,0.16095761954784393,0.5021462440490723,0.4409635663032532,0.07734218239784241,0.05804603174328804,0.4205116033554077,0.5009903907775879
56,S2,BWHvy,local,local,0,BS1,BS1,0,0.44259244203567505,0.4011596441268921,-0.04143279790878296,0.004495690576732159,0.08286559581756592,0.44259244203567505,0.4011596441268921,0.2895711660385132,0.3285997807979584,0.26783639192581177,0.27024057507514954
56,S3,LatCrit,BS2,BS2,0,local,BS2,1,0.4056479334831238,0.5283364653587341,0.12268853187561035,0.05084923654794693,0.2540110647678375,0.3166801333427429,0.18967461585998535,0.2776719331741333,0.2819889485836029,0.4056479334831238,0.5283364653587341
56,S3,ComHvy,local,local,0,local,local,0,0.7759726643562317,0.8368909955024719,0.060918331146240234,0.022957395762205124,0.12183666974306107,0.7759726643562317,0.8368909955024719,0.1919383853673935,0.1535077840089798,0.03208894282579422,0.00960120651870966
56,S3,BWHvy,BS1,BS1,0,BS1,BS1,0,0.40502116084098816,0.43938642740249634,0.03436526656150818,0.005604982376098633,0.10144947469234467,0.3915647268295288,0.3408399820327759,0.40502116084098816,0.43938642740249634,0.20341409742832184,0.2197735607624054
56,S4,LatCrit,local,local,0,local,local,0,0.7027416229248047,0.6965475082397461,-0.006194114685058594,0.0021129604429006577,0.029955923557281494,0.7027416229248047,0.6965475082397461,0.028963996097445488,0.020180178806185722,0.2682943642139435,0.2832723557949066
56,S4,ComHvy,local,local,0,local,local,0,0.6606234312057495,0.7299846410751343,0.06936120986938477,0.021226542070508003,0.13872237503528595,0.6606234312057495,0.7299846410751343,0.3171589970588684,0.2639879882335663,0.02221755124628544,0.006027392577379942
56,S4,BWHvy,local,local,0,local,local,0,0.5830733776092529,0.5557312965393066,-0.02734208106994629,0.002713112160563469,0.0647016316652298,0.5830733776092529,0.5557312965393066,0.17365805804729462,0.1686493158340454,0.24326854944229126,0.27561935782432556
56,S5,LatCrit,local,local,0,local,local,0,0.6943802237510681,0.7400631904602051,0.04568296670913696,0.009063314646482468,0.09563963115215302,0.6943802237510681,0.7400631904602051,0.18303282558918,0.13521303236484528,0.1225869432091713,0.12472381442785263
56,S5,ComHvy,BS2,BS2,0,BS1,BS1,0,0.40785688161849976,0.40633466839790344,-0.0015222132205963135,0.010856987908482552,0.11319738626480103,0.2786259055137634,0.22354942560195923,0.31351718306541443,0.37011587619781494,0.40785688161849976,0.40633466839790344
56,S5,BWHvy,local,local,0,local,local,0,0.5058039426803589,0.45901161432266235,-0.04679232835769653,0.004431648179888725,0.09358465671539307,0.5058039426803589,0.45901161432266235,0.24331098794937134,0.2697513997554779,0.2508850693702698,0.27123698592185974
56,S6,LatCrit,local,local,0,local,local,0,0.7872565388679504,0.8132887482643127,0.026032209396362305,0.0055028777569532394,0.05206441879272461,0.7872565388679504,0.8132887482643127,0.12873345613479614,0.12863673269748688,0.08401001244783401,0.058074526488780975
56,S6,ComHvy,local,local,0,local,local,0,0.615760087966919,0.552276611328125,-0.06348347663879395,0.011963225901126862,0.14790871739387512,0.615760087966919,0.552276611328125,0.04814436659216881,0.03767353296279907,0.33609551191329956,0.4100499153137207
56,S6,BWHvy,local,local,0,BS1,BS1,0,0.3934311866760254,0.4010171890258789,0.007586002349853516,0.001038556918501854,0.0391230583190918,0.3934311866760254,0.4010171890258789,0.34222862124443054,0.3542041480541229,0.26434019207954407,0.24477866291999817
56,S7,LatCrit,BS2,BS2,0,BS2,BS2,0,0.9534750580787659,0.9659966230392456,0.012521564960479736,0.00764505285769701,0.025043167173862457,0.028494417667388916,0.02787572145462036,0.01803053356707096,0.00612762663513422,0.9534750580787659,0.9659966230392456
56,S7,ComHvy,local,local,0,local,local,0,0.8688773512840271,0.9208128452301025,0.05193549394607544,0.02636370062828064,0.1038709506392479,0.8688773512840271,0.9208128452301025,0.09698881208896637,0.07015998661518097,0.03413383290171623,0.009027202613651752
56,S7,BWHvy,local,local,0,local,local,0,0.572943925857544,0.5107769966125488,-0.06216692924499512,0.007841318845748901,0.12433390319347382,0.572943925857544,0.5107769966125488,0.308701753616333,0.3495311141014099,0.11835430562496185,0.13969191908836365
56,S8,LatCrit,local,local,0,local,local,0,0.49974602460861206,0.5336529016494751,0.03390687704086304,0.0024859216064214706,0.06781384348869324,0.49974602460861206,0.5336529016494751,0.23963984847068787,0.22967234253883362,0.26061415672302246,0.2366746962070465
56,S8,ComHvy,BS2,BS2,0,local,local,0,0.463746577501297,0.48266446590423584,0.018917888402938843,0.007431484758853912,0.1045987606048584,0.37226253747940063,0.31996315717697144,0.16399087011814117,0.19737236201763153,0.463746577501297,0.48266446590423584
56,S8,BWHvy,local,local,0,local,local,0,0.5159803628921509,0.5094220042228699,-0.006558358669281006,8.697016164660454e-05,0.013116717338562012,0.5159803628921509,0.5094220042228699,0.24934104084968567,0.2522415518760681,0.23467859625816345,0.238336443901062
57,S1,LatCrit,local,local,0,local,local,0,0.7952415347099304,0.7260332107543945,-0.06920832395553589,0.013893261551856995,0.13864964246749878,0.7952415347099304,0.7260332107543945,0.025044070556759834,0.024927601218223572,0.1797143816947937,0.24903923273086548
57,S1,ComHvy,local,local,0,BS1,BS1,0,0.38826411962509155,0.387937068939209,-0.00032705068588256836,0.006520576775074005,0.08958807587623596,0.38826411962509155,0.387937068939209,0.3408278524875641,0.2963608503341675,0.27090802788734436,0.31570205092430115
57,S1,BWHvy,local,local,0,local,local,0,0.68702232837677,0.44068408012390137,-0.24633824825286865,0.12370545417070389,0.4926764965057373,0.68702232837677,0.44068408012390137,0.12708747386932373,0.2401847094297409,0.18589024245738983,0.3191312253475189
57,S2,LatCrit,local,local,0,local,local,0,0.8107985854148865,0.7662301659584045,-0.044568419456481934,0.012171607464551926,0.10573197901248932,0.8107985854148865,0.7662301659584045,0.09002838283777237,0.08173080533742905,0.09917303919792175,0.15203902125358582
57,S2,ComHvy,BS1,BS1,0,BS1,BS1,0,0.6465698480606079,0.7656806111335754,0.11911076307296753,0.04357438534498215,0.23822158575057983,0.1823825240135193,0.1448957324028015,0.6465698480606079,0.7656806111335754,0.1710476577281952,0.08942361921072006
57,S2,BWHvy,local,BS1,1,local,local,0,0.6806697249412537,0.46803855895996094,-0.21263116598129272,0.11723851412534714,0.4569775462150574,0.6806697249412537,0.4536062479019165,0.23954978585243225,0.46803855895996094,0.07978049665689468,0.07835519313812256
57,S3,LatCrit,BS2,BS2,0,BS2,BS2,0,0.772509753704071,0.8709632158279419,0.09845346212387085,0.03646641969680786,0.1969069391489029,0.176197350025177,0.10182863473892212,0.05129289999604225,0.02720814011991024,0.772509753704071,0.8709632158279419
57,S3,ComHvy,local,local,0,local,local,0,0.7612407207489014,0.8784223794937134,0.11718165874481201,0.0846453309059143,0.2343633472919464,0.7612407207489014,0.8784223794937134,0.10836378484964371,0.026560844853520393,0.13039550185203552,0.09501675516366959
57,S3,BWHvy,local,local,0,local,local,0,0.7500060200691223,0.5584408640861511,-0.1915651559829712,0.07980290055274963,0.38313034176826477,0.7500060200691223,0.5584408640861511,0.11688029766082764,0.22428931295871735,0.13311366736888885,0.21726985275745392
57,S4,LatCrit,BS2,BS2,0,BS2,BS2,0,0.6146249771118164,0.7245993614196777,0.10997438430786133,0.03280702233314514,0.2199486941099167,0.29726994037628174,0.19370079040527344,0.08810502290725708,0.08169986307621002,0.6146249771118164,0.7245993614196777
57,S4,ComHvy,local,local,0,local,local,0,0.7316721677780151,0.6643081903457642,-0.06736397743225098,0.010578189045190811,0.13472796976566315,0.7316721677780151,0.6643081903457642,0.16650941967964172,0.20691633224487305,0.10181838274002075,0.1287754625082016
57,S4,BWHvy,local,local,0,local,local,0,0.7997540235519409,0.6320721507072449,-0.16768187284469604,0.06637983024120331,0.3353637456893921,0.7997540235519409,0.6320721507072449,0.06745624542236328,0.12606699764728546,0.1327897161245346,0.24186083674430847
57,S5,LatCrit,local,local,0,local,BS2,1,0.6420074105262756,0.48883700370788574,-0.1531704068183899,0.05452829599380493,0.3063408136367798,0.6420074105262756,0.48883700370788574,0.09862252324819565,0.09888234734535217,0.2593700587749481,0.4122806489467621
57,S5,ComHvy,BS1,BS1,0,BS1,BS1,0,0.7058343887329102,0.8123175501823425,0.10648316144943237,0.03439202532172203,0.21296633780002594,0.23191535472869873,0.15502512454986572,0.7058343887329102,0.8123175501823425,0.06225025653839111,0.032657306641340256
57,S5,BWHvy,local,local,0,local,BS1,1,0.7786585092544556,0.5483518242835999,-0.2303066849708557,0.11559726297855377,0.4606134295463562,0.7786585092544556,0.5483518242835999,0.1455526202917099,0.3099574148654938,0.07578886300325394,0.14169079065322876
57,S6,LatCrit,local,local,0,local,local,0,0.8224245309829712,0.7385222911834717,-0.08390223979949951,0.020238764584064484,0.1678045094013214,0.8224245309829712,0.7385222911834717,0.08626528829336166,0.11769549548625946,0.09131019562482834,0.14378225803375244
57,S6,ComHvy,BS2,BS2,0,BS2,BS2,0,0.4871284067630768,0.515558123588562,0.02842971682548523,0.0016346964985132217,0.05685943365097046,0.16454195976257324,0.15730315446853638,0.34832963347435,0.3271387219429016,0.4871284067630768,0.515558123588562
57,S6,BWHvy,local,local,0,local,local,0,0.7755903005599976,0.5770431160926819,-0.19854718446731567,0.08716248720884323,0.39709436893463135,0.7755903005599976,0.5770431160926819,0.1224665492773056,0.22660541534423828,0.10194313526153564,0.19635146856307983
57,S7,LatCrit,BS2,BS1,1,BS2,BS1,1,0.3768823444843292,0.5272062420845032,0.15032389760017395,0.08901968598365784,0.3873720169067383,0.28959745168685913,0.25189608335494995,0.33352020382881165,0.5272062420845032,0.3768823444843292,0.22089774906635284
57,S7,ComHvy,local,local,0,local,local,0,0.8368648290634155,0.9047902226448059,0.06792539358139038,0.029342204332351685,0.13585081696510315,0.8368648290634155,0.9047902226448059,0.030537977814674377,0.008864765986800194,0.13259723782539368,0.08634501695632935
57,S7,BWHvy,local,local,0,local,local,0,0.858271062374115,0.7053124904632568,-0.15295857191085815,0.06475268304347992,0.3059171438217163,0.858271062374115,0.7053124904632568,0.07702992856502533,0.15677940845489502,0.06469899415969849,0.13790810108184814
57,S8,LatCrit,local,local,0,local,BS2,1,0.6131954193115234,0.6121335625648499,-0.001061856746673584,0.012847896665334702,0.07349235564470291,0.6131954193115234,0.6121335625648499,0.0839444249868393,0.048260100185871124,0.3028601408004761,0.33960631489753723
57,S8,ComHvy,BS1,BS1,0,BS1,BS1,0,0.6008719205856323,0.6320953369140625,0.031223416328430176,0.040916554629802704,0.1027044802904129,0.32788223028182983,0.3480110764503479,0.6008719205856323,0.6320953369140625,0.07124582678079605,0.01989360898733139
57,S8,BWHvy,local,local,0,local,local,0,0.7667617201805115,0.591455340385437,-0.17530637979507446,0.06887738406658173,0.3506127595901489,0.7667617201805115,0.591455340385437,0.07386929541826248,0.14294622838497162,0.15936897695064545,0.26559844613075256
58,S1,LatCrit,local,local,0,local,local,0,0.6969350576400757,0.6714498996734619,-0.02548515796661377,0.003792382776737213,0.05097028985619545,0.6969350576400757,0.6714498996734619,0.040452130138874054,0.05880553647875786,0.26261284947395325,0.2697445750236511
58,S1,ComHvy,BS1,BS1,0,BS1,BS1,0,0.5402416586875916,0.5638946890830994,0.023653030395507812,0.0076685938984155655,0.0473061129450798,0.40528404712677,0.40501272678375244,0.5402416586875916,0.5638946890830994,0.05447429418563843,0.031092533841729164
58,S1,BWHvy,local,BS2,1,local,BS2,1,0.4414607882499695,0.3604365289211273,-0.08102425932884216,0.02005506306886673,0.19205144047737122,0.4414607882499695,0.34543508291244507,0.2612604796886444,0.29412841796875,0.2972787320613861,0.3604365289211273
58,S2,LatCrit,local,local,0,local,local,0,0.8475866913795471,0.9075003862380981,0.059913694858551025,0.021857185289263725,0.11982736736536026,0.8475866913795471,0.9075003862380981,0.10897885262966156,0.05649462714791298,0.04343442991375923,0.036004986613988876
58,S2,ComHvy,local,local,0,local,local,0,0.5985854864120483,0.5138615369796753,-0.08472394943237305,0.01778750866651535,0.1694478988647461,0.5985854864120483,0.5138615369796753,0.2654409110546112,0.29120221734046936,0.13597357273101807,0.19493621587753296
58,S2,BWHvy,BS1,BS1,0,local,BS1,1,0.5149089097976685,0.6628793478012085,0.14797043800354004,0.04899510368704796,0.29594093561172485,0.277560293674469,0.1757006049156189,0.5149089097976685,0.6628793478012085,0.20753084123134613,0.1614200323820114
58,S3,LatCrit,local,local,0,local,local,0,0.5985060334205627,0.5328759551048279,-0.06563007831573486,0.015218883752822876,0.1645391285419464,0.5985060334205627,0.5328759551048279,0.06214236840605736,0.04550286382436752,0.3393515944480896,0.4216211438179016
58,S3,ComHvy,local,local,0,local,local,0,0.7879365682601929,0.8931655287742615,0.1052289605140686,0.09180416911840439,0.2104579210281372,0.7879365682601929,0.8931655287742615,0.07369611412286758,0.011080179363489151,0.13836731016635895,0.09575428068637848
58,S3,BWHvy,local,local,0,local,local,0,0.642545223236084,0.5088067650794983,-0.1337384581565857,0.03915085271000862,0.2674769163131714,0.642545223236084,0.5088067650794983,0.15184102952480316,0.23936384916305542,0.20561373233795166,0.2518293559551239
58,S4,LatCrit,BS2,BS2,0,BS2,BS2,0,0.47329527139663696,0.4718349277973175,-0.001460343599319458,0.004092777147889137,0.06708812713623047,0.23734617233276367,0.2708902359008789,0.28935855627059937,0.2572748363018036,0.47329527139663696,0.4718349277973175
58,S4,ComHvy,local,local,0,local,local,0,0.7506800293922424,0.6654144525527954,-0.08526557683944702,0.020351044833660126,0.18094255030155182,0.7506800293922424,0.6654144525527954,0.025557080283761024,0.020351393148303032,0.2237628847360611,0.3142341673374176
58,S4,BWHvy,local,local,0,local,local,0,0.599953293800354,0.49210721254348755,-0.10784608125686646,0.023873280733823776,0.21569214761257172,0.599953293800354,0.49210721254348755,0.1868995726108551,0.24966733157634735,0.2131471335887909,0.2582254409790039
58,S5,LatCrit,local,local,0,local,local,0,0.6939668655395508,0.6505981087684631,-0.043368756771087646,0.004296263679862022,0.08673755824565887,0.6939668655395508,0.6505981087684631,0.09219107776880264,0.10874306410551071,0.2138420194387436,0.24065883457660675
58,S5,ComHvy,BS1,BS1,0,BS1,BS1,0,0.7184643745422363,0.6457068920135498,-0.07275748252868652,0.01869240216910839,0.16589650511741638,0.2607265114784241,0.34367477893829346,0.7184643745422363,0.6457068920135498,0.020809141919016838,0.010618382133543491
58,S5,BWHvy,local,BS1,1,BS1,BS1,0,0.49945735931396484,0.4660150110721588,-0.03344234824180603,0.038320135325193405,0.2701948285102844,0.49945735931396484,0.36435991525650024,0.35804951190948486,0.4660150110721588,0.14249317348003387,0.16962507367134094
58,S6,LatCrit,BS2,BS2,0,BS2,BS2,0,0.48680582642555237,0.5888689160346985,0.10206308960914612,0.03134588897228241,0.20412617921829224,0.34597086906433105,0.31336480379104614,0.16722333431243896,0.09776630997657776,0.48680582642555237,0.5888689160346985
58,S6,ComHvy,BS1,BS1,0,BS1,BS1,0,0.6236445307731628,0.6794652938842773,0.0558207631111145,0.007960639894008636,0.11671137809753418,0.026639699935913086,0.029174625873565674,0.6236445307731628,0.6794652938842773,0.3497157394886017,0.2913600504398346
58,S6,BWHvy,local,BS1,1,local,BS1,1,0.3814585208892822,0.36034661531448364,-0.021111905574798584,0.010634511709213257,0.1324060559272766,0.3814585208892822,0.31525546312332153,0.3413495123386383,0.36034661531448364,0.27719202637672424,0.3243979215621948
58,S7,LatCrit,local,local,0,local,local,0,0.6779128313064575,0.7231477499008179,0.04523491859436035,0.007016943767666817,0.09046976268291473,0.6779128313064575,0.7231477499008179,0.3000671863555908,0.26482516527175903,0.022019915282726288,0.012027092278003693
58,S7,ComHvy,local,local,0,local,local,0,0.5954344272613525,0.6359355449676514,0.04050111770629883,0.007212124764919281,0.08100229501724243,0.5954344272613525,0.6359355449676514,0.01144882757216692,0.004097484517842531,0.3931167721748352,0.3599669337272644
58,S7,BWHvy,local,local,0,local,BS2,1,0.5274325013160706,0.40686917304992676,-0.1205633282661438,0.02956291288137436,0.2411266565322876,0.5274325013160706,0.40686917304992676,0.15023788809776306,0.1930716335773468,0.3223296105861664,0.40005919337272644
58,S8,LatCrit,local,local,0,local,local,0,0.8109452128410339,0.8040992021560669,-0.006846010684967041,0.008268842473626137,0.04533392935991287,0.8109452128410339,0.8040992021560669,0.0297213327139616,0.013900388963520527,0.15933345258235931,0.18200042843818665
58,S8,ComHvy,BS1,BS1,0,BS1,BS1,0,0.9082682132720947,0.9585603475570679,0.050292134284973145,0.02425893023610115,0.10058430582284927,0.05521470308303833,0.023245275020599365,0.9082682132720947,0.9585603475570679,0.03651716932654381,0.018194423988461494
58,S8,BWHvy,local,local,0,local,local,0,0.5513712167739868,0.4644448757171631,-0.08692634105682373,0.016101494431495667,0.17385263741016388,0.5513712167739868,0.4644448757171631,0.14386571943759918,0.1883595883846283,0.3047630786895752,0.34719550609588623
59,S1,LatCrit,local,local,0,local,local,0,0.6809873580932617,0.6836618185043335,0.0026744604110717773,0.0035139936953783035,0.049773022532463074,0.6809873580932617,0.6836618185043335,0.14237923920154572,0.1645912528038025,0.17663344740867615,0.15174689888954163
59,S1,ComHvy,BS2,BS2,0,BS2,BS2,0,0.6300866007804871,0.6854232549667358,0.05533665418624878,0.015601713210344315,0.11067332327365875,0.345750629901886,0.3067616820335388,0.02416272647678852,0.007815008983016014,0.6300866007804871,0.6854232549667358
59,S1,BWHvy,local,local,0,local,local,0,0.7729793787002563,0.668380081653595,-0.10459929704666138,0.026625871658325195,0.20919863879680634,0.7729793787002563,0.668380081653595,0.06213752552866936,0.08371219784021378,0.16488304734230042,0.24790771305561066
59,S2,LatCrit,local,local,0,local,local,0,0.8787703514099121,0.9086834788322449,0.029913127422332764,0.005158744752407074,0.05982624739408493,0.8787703514099121,0.9086834788322449,0.08485502749681473,0.06133614853024483,0.03637463599443436,0.02998039498925209
59,S2,ComHvy,local,local,0,local,local,0,0.604387640953064,0.596486508846283,-0.007901132106781006,0.026482973247766495,0.08392356336116791,0.604387640953064,0.596486508846283,0.0490589365363121,0.01499826181679964,0.3465534746646881,0.3885152339935303
59,S2,BWHvy,local,local,0,BS2,BS2,0,0.5935252904891968,0.433261513710022,-0.1602637767791748,0.052461735904216766,0.3205275535583496,0.5935252904891968,0.433261513710022,0.11472649872303009,0.14469069242477417,0.2917482256889343,0.42204779386520386
59,S3,LatCrit,local,local,0,local,local,0,0.8533748984336853,0.8441667556762695,-0.009208142757415771,0.0004552607424557209,0.01841629296541214,0.8533748984336853,0.8441667556762695,0.09596754610538483,0.09887535125017166,0.050657570362091064,0.0569579154253006
59,S3,ComHvy,local,local,0,local,local,0,0.47411787509918213,0.5914769172668457,0.11735904216766357,0.03375476226210594,0.23471808433532715,0.47411787509918213,0.5914769172668457,0.08897293359041214,0.04840214550495148,0.43690919876098633,0.360120952129364
59,S3,BWHvy,local,local,0,local,local,0,0.8850175738334656,0.8161341547966003,-0.06888341903686523,0.017738990485668182,0.13776683807373047,0.8850175738334656,0.8161341547966003,0.042068976908922195,0.06663312017917633,0.07291345298290253,0.11723273247480392
59,S4,LatCrit,local,local,0,local,local,0,0.6505265235900879,0.7742766737937927,0.12375015020370483,0.03958173468708992,0.24750027060508728,0.6505265235900879,0.7742766737937927,0.24084049463272095,0.15813812613487244,0.10863294452428818,0.06758518517017365
59,S4,ComHvy,local,local,0,local,local,0,0.8609118461608887,0.8698079586029053,0.008896112442016602,0.004495060071349144,0.01779220812022686,0.8609118461608887,0.8698079586029053,0.12471864372491837,0.12437967211008072,0.014369484037160873,0.005812359973788261
59,S4,BWHvy,local,local,0,local,local,0,0.7615450024604797,0.6697604656219482,-0.0917845368385315,0.020223919302225113,0.18356910347938538,0.7615450024604797,0.6697604656219482,0.11697173863649368,0.16597586870193481,0.12148324400186539,0.16426368057727814
59,S5,LatCrit,local,local,0,local,local,0,0.8794866800308228,0.8681716322898865,-0.01131504774093628,0.004937846213579178,0.03432247042655945,0.8794866800308228,0.8681716322898865,0.020542435348033905,0.03770368546247482,0.09997087717056274,0.0941247045993805
59,S5,ComHvy,BS1,BS1,0,BS1,BS1,0,0.7811152338981628,0.8119139075279236,0.030798673629760742,0.003172504249960184,0.06159738451242447,0.19319415092468262,0.16842734813690186,0.7811152338981628,0.8119139075279236,0.02569063939154148,0.019658729434013367
59,S5,BWHvy,local,local,0,local,local,0,0.8064609169960022,0.7060533761978149,-0.10040754079818726,0.026431996375322342,0.20081505179405212,0.8064609169960022,0.7060533761978149,0.06559696048498154,0.0955384224653244,0.12794214487075806,0.19840818643569946
59,S6,LatCrit,BS2,BS2,0,BS2,BS2,0,0.6319052577018738,0.7484057545661926,0.11650049686431885,0.03883907198905945,0.23955389857292175,0.32914280891418457,0.2093658447265625,0.03895196318626404,0.04222840443253517,0.6319052577018738,0.7484057545661926
59,S6,ComHvy,BS1,BS1,0,BS1,BS1,0,0.5460207462310791,0.655443012714386,0.10942226648330688,0.03805568069219589,0.2505042552947998,0.07627105712890625,0.09210091829299927,0.5460207462310791,0.655443012714386,0.37770819664001465,0.25245606899261475
59,S6,BWHvy,local,local,0,local,local,0,0.6539860963821411,0.5009297132492065,-0.15305638313293457,0.05124570056796074,0.30611270666122437,0.6539860963821411,0.5009297132492065,0.19231246411800385,0.31264764070510864,0.15370146930217743,0.18642263114452362
59,S7,LatCrit,local,local,0,local,local,0,0.8690711855888367,0.8644180297851562,-0.00465315580368042,0.006336098536849022,0.03865102678537369,0.8690711855888367,0.8644180297851562,0.03351679444313049,0.01884443499147892,0.09741201996803284,0.11673752963542938
59,S7,ComHvy,BS1,BS1,0,local,BS1,1,0.5629355311393738,0.6044847965240479,0.04154926538467407,0.004726361483335495,0.08309850841760635,0.43374621868133545,0.39437228441238403,0.5629355311393738,0.6044847965240479,0.0033182736951857805,0.0011429635342210531
59,S7,BWHvy,local,local,0,local,local,0,0.703530490398407,0.5763689279556274,-0.12716156244277954,0.047974031418561935,0.2890494167804718,0.703530490398407,0.5763689279556274,0.23628541827201843,0.38081011176109314,0.06018409505486488,0.04282093048095703
59,S8,LatCrit,local,local,0,local,local,0,0.701381504535675,0.65605229139328,-0.04532921314239502,0.011917775496840477,0.1276698112487793,0.701381504535675,0.65605229139328,0.2035166323184967,0.26735153794288635,0.09510187804698944,0.07659618556499481
59,S8,ComHvy,BS2,BS2,0,BS2,BS2,0,0.6734926700592041,0.8159912824630737,0.14249861240386963,0.058253929018974304,0.28499719500541687,0.17865359783172607,0.09692835807800293,0.14785371720790863,0.08708037436008453,0.6734926700592041,0.8159912824630737
59,S8,BWHvy,local,local,0,local,local,0,0.7898075580596924,0.7011544108390808,-0.08865314722061157,0.02025546319782734,0.17730627954006195,0.7898075580596924,0.7011544108390808,0.14382685720920563,0.2102881669998169,0.06636559218168259,0.0885574147105217
60,S1,LatCrit,local,BS1,1,local,local,0,0.3867582082748413,0.38974207639694214,0.00298386812210083,0.0086335688829422,0.1256834864616394,0.3867582082748413,0.3444669246673584,0.32690033316612244,0.38974207639694214,0.28634142875671387,0.2657909691333771
60,S1,ComHvy,local,BS2,1,BS2,BS2,0,0.4747260808944702,0.494248628616333,0.019522547721862793,0.04956424981355667,0.21999110281467438,0.4747260808944702,0.44237321615219116,0.14102083444595337,0.06337811052799225,0.3842531144618988,0.494248628616333
60,S1,BWHvy,BS2,BS2,0,BS2,BS2,0,0.4780293107032776,0.5178563594818115,0.039827048778533936,0.00982501357793808,0.11854767799377441,0.27365589141845703,0.21438205242156982,0.248314768075943,0.26776155829429626,0.4780293107032776,0.5178563594818115
60,S2,LatCrit,local,local,0,local,local,0,0.5458405017852783,0.5672805309295654,0.02144002914428711,0.0045076943933963776,0.07302612066268921,0.5458405017852783,0.5672805309295654,0.2470586746931076,0.2621316909790039,0.20710085332393646,0.17058777809143066
60,S2,ComHvy,local,local,0,local,local,0,0.7657149434089661,0.7194950580596924,-0.04621988534927368,0.008818618953227997,0.10844780504703522,0.7657149434089661,0.7194950580596924,0.04629778116941452,0.03829376772046089,0.18798725306987762,0.24221116304397583
60,S2,BWHvy,BS2,BS1,1,BS2,BS2,0,0.4011411964893341,0.4135756194591522,0.012434422969818115,0.012830518186092377,0.15226757526397705,0.261417031288147,0.21918809413909912,0.3374418318271637,0.4135756194591522,0.4011411964893341,0.36723634600639343
60,S3,LatCrit,BS2,BS2,0,BS1,BS2,1,0.46739867329597473,0.5832298398017883,0.1158311665058136,0.030699022114276886,0.2316623032093048,0.2211771011352539,0.19707715511322021,0.311424195766449,0.21969300508499146,0.46739867329597473,0.5832298398017883
60,S3,ComHvy,local,BS2,1,BS2,BS2,0,0.4661957025527954,0.6048190593719482,0.13862335681915283,0.05865272879600525,0.33781898021698,0.4661957025527954,0.31911933422088623,0.09789469838142395,0.07606156915426254,0.43590956926345825,0.6048190593719482
60,S3,BWHvy,local,BS2,1,local,BS1,1,0.361003041267395,0.4147375226020813,0.05373448133468628,0.027726463973522186,0.20898950099945068,0.361003041267395,0.2565082907676697,0.3015754222869873,0.328754186630249,0.3374215364456177,0.4147375226020813
60,S4,LatCrit,BS1,BS1,0,BS1,BS1,0,0.6427406072616577,0.5256342887878418,-0.11710631847381592,0.03240497037768364,0.2458103746175766,0.29951655864715576,0.42242175340652466,0.6427406072616577,0.5256342887878418,0.057742826640605927,0.05194396153092384
60,S4,ComHvy,local,local,0,local,local,0,0.8375205993652344,0.9098907709121704,0.07237017154693604,0.02654685080051422,0.14474032819271088,0.8375205993652344,0.9098907709121704,0.04360417649149895,0.026054998859763145,0.11887523531913757,0.06405425816774368
60,S4,BWHvy,BS1,BS1,0,BS1,BS1,0,0.35506299138069153,0.37576571106910706,0.020702719688415527,0.013893667608499527,0.14519661664962769,0.3272315263748169,0.25463324785232544,0.35506299138069153,0.37576571106910706,0.3177054524421692,0.3696010708808899
60,S5,LatCrit,BS2,local,1,local,local,0,0.44857966899871826,0.46503746509552,0.016457796096801758,0.001058097928762436,0.041852690279483795,0.4441111087799072,0.46503746509552,0.10730921477079391,0.09802599251270294,0.44857966899871826,0.43693655729293823
60,S5,ComHvy,BS1,BS1,0,BS1,BS1,0,0.8993685841560364,0.925679087638855,0.026310503482818604,0.005338726565241814,0.05262100324034691,0.09396600723266602,0.07136446237564087,0.8993685841560364,0.925679087638855,0.006665410473942757,0.002956456271931529
60,S5,BWHvy,BS2,BS2,0,BS1,BS1,0,0.40281856060028076,0.3991970717906952,-0.0036214888095855713,0.007085468154400587,0.09498897194862366,0.2820308208465576,0.23815780878067017,0.3151506185531616,0.36264508962631226,0.40281856060028076,0.3991970717906952
60,S6,LatCrit,BS2,BS2,0,BS2,BS2,0,0.9282597899436951,0.9439781904220581,0.015718400478363037,0.00242749135941267,0.031436700373888016,0.05532652139663696,0.04517495632171631,0.016413645818829536,0.010846910066902637,0.9282597899436951,0.9439781904220581
60,S6,ComHvy,BS1,BS1,0,local,local,0,0.5127743482589722,0.4736502766609192,-0.03912407159805298,0.09168180823326111,0.28607040643692017,0.329720675945282,0.4727558493614197,0.5127743482589722,0.4736502766609192,0.15750499069690704,0.053593847900629044
60,S6,BWHvy,BS1,BS1,0,BS1,BS1,0,0.588205873966217,0.689657986164093,0.10145211219787598,0.023002896457910538,0.20290423929691315,0.1750398874282837,0.12818962335586548,0.588205873966217,0.689657986164093,0.23675425350666046,0.1821523904800415
60,S7,LatCrit,local,local,0,local,local,0,0.8123064637184143,0.7925392985343933,-0.019767165184020996,0.001276455819606781,0.0395343154668808,0.8123064637184143,0.7925392985343933,0.1077703982591629,0.11654652655124664,0.07992313802242279,0.09091416001319885
60,S7,ComHvy,local,local,0,local,local,0,0.7021212577819824,0.6221086978912354,-0.08001255989074707,0.014174718409776688,0.16002511978149414,0.7021212577819824,0.6221086978912354,0.2677464187145233,0.34248632192611694,0.03013230673968792,0.03540496900677681
60,S7,BWHvy,BS1,BS1,0,BS1,BS1,0,0.5464640855789185,0.6620410084724426,0.11557692289352417,0.03217684105038643,0.23115381598472595,0.28557687997817993,0.23286014795303345,0.5464640855789185,0.6620410084724426,0.16795901954174042,0.10509886592626572
60,S8,LatCrit,BS1,BS1,0,BS1,BS1,0,0.41306445002555847,0.4472948908805847,0.034230440855026245,0.010891543701291084,0.12147128582000732,0.2575119733810425,0.19677633047103882,0.41306445002555847,0.4472948908805847,0.32942360639572144,0.35592880845069885
60,S8,ComHvy,BS1,BS1,0,BS1,BS1,0,0.6452797055244446,0.6161019206047058,-0.02917778491973877,0.006904371082782745,0.08624239265918732,0.22156178951263428,0.2076183557510376,0.6452797055244446,0.6161019206047058,0.13315854966640472,0.1762797236442566
60,S8,BWHvy,BS1,BS1,0,BS1,BS1,0,0.48184093832969666,0.548401951789856,0.0665610134601593,0.008985031396150589,0.1331220269203186,0.2708333134651184,0.23181301355361938,0.48184093832969666,0.548401951789856,0.24732576310634613,0.21978504955768585
61,S1,LatCrit,local,local,0,local,local,0,0.7519515752792358,0.628709077835083,-0.12324249744415283,0.035430438816547394,0.24648496508598328,0.7519515752792358,0.628709077835083,0.13948765397071838,0.1931769847869873,0.10856081545352936,0.17811395227909088
61,S1,ComHvy,local,local,0,local,local,0,0.6669503450393677,0.7118632793426514,0.04491293430328369,0.011226863600313663,0.08982587605714798,0.6669503450393677,0.7118632793426514,0.324455589056015,0.2865179777145386,0.008594097569584846,0.0016187692526727915
61,S1,BWHvy,local,local,0,local,local,0,0.704204797744751,0.6095513105392456,-0.09465348720550537,0.01983346790075302,0.18930694460868835,0.704204797744751,0.6095513105392456,0.16084100306034088,0.221122145652771,0.13495419919490814,0.169326514005661
61,S2,LatCrit,BS1,BS1,0,BS1,BS1,0,0.4148440361022949,0.49016430974006653,0.0753202736377716,0.012549947947263718,0.15064051747322083,0.36082005500793457,0.3296348452568054,0.4148440361022949,0.49016430974006653,0.22433589398860931,0.18020085990428925
61,S2,ComHvy,local,local,0,local,local,0,0.6948229670524597,0.7282140254974365,0.03339105844497681,0.02213730290532112,0.10825326293706894,0.6948229670524597,0.7282140254974365,0.19498097896575928,0.21571654081344604,0.11019603908061981,0.05606939643621445
61,S2,BWHvy,local,local,0,local,local,0,0.6674103736877441,0.5591950416564941,-0.10821533203125,0.0329589918255806,0.2164306938648224,0.6674103736877441,0.5591950416564941,0.1802961230278015,0.28757601976394653,0.15229350328445435,0.1532289683818817
61,S3,LatCrit,local,local,0,local,local,0,0.7562443614006042,0.7011947631835938,-0.0550495982170105,0.0254485085606575,0.16449227929115295,0.7562443614006042,0.7011947631835938,0.12637481093406677,0.09917829185724258,0.11738081276416779,0.19962696731090546
61,S3,ComHvy,local,local,0,local,local,0,0.3884989619255066,0.36621081829071045,-0.022288143634796143,0.0026255957782268524,0.06665408611297607,0.3884989619255066,0.36621081829071045,0.3189016580581665,0.3078627586364746,0.2925993800163269,0.32592642307281494
61,S3,BWHvy,local,local,0,local,local,0,0.7072397470474243,0.5817908048629761,-0.12544894218444824,0.034380797296762466,0.25089797377586365,0.7072397470474243,0.5817908048629761,0.10231500118970871,0.16005557775497437,0.190445214509964,0.25815367698669434
61,S4,LatCrit,BS1,BS1,0,local,local,0,0.5075095891952515,0.49913519620895386,-0.008374392986297607,0.0019968003034591675,0.03790096193552017,0.4043959975242615,0.3938199281692505,0.5075095891952515,0.49913519620895386,0.08809438347816467,0.10704488307237625
61,S4,ComHvy,local,local,0,BS2,BS2,0,0.5132853984832764,0.5277634859085083,0.014478087425231934,0.010268565267324448,0.028956148773431778,0.5132853984832764,0.5277634859085083,0.020349988713860512,0.006186222191900015,0.46636462211608887,0.46605032682418823
61,S4,BWHvy,local,local,0,local,local,0,0.6159502267837524,0.4953710436820984,-0.12057918310165405,0.0297095850110054,0.2411583513021469,0.6159502267837524,0.4953710436820984,0.20872175693511963,0.26298263669013977,0.17532803118228912,0.24164631962776184
61,S5,LatCrit,local,local,0,local,local,0,0.8744481801986694,0.8402512073516846,-0.03419697284698486,0.005376603454351425,0.06839394569396973,0.8744481801986694,0.8402512073516846,0.061694636940956116,0.06988486647605896,0.06385716795921326,0.08986391127109528
61,S5,ComHvy,BS1,BS1,0,BS1,BS1,0,0.7390705943107605,0.7739306092262268,0.03486001491546631,0.031046658754348755,0.1531807780265808,0.19183629751205444,0.11524587869644165,0.7390705943107605,0.7739306092262268,0.06909317523241043,0.11082351952791214
61,S5,BWHvy,local,local,0,local,local,0,0.6970750093460083,0.5762263536453247,-0.1208486557006836,0.03169605880975723,0.24169732630252838,0.6970750093460083,0.5762263536453247,0.1884445995092392,0.27716532349586487,0.1144803911447525,0.14660833775997162
61,S6,LatCrit,BS2,BS2,0,BS2,BS2,0,0.6845821142196655,0.7260213494300842,0.0414392352104187,0.01041395589709282,0.11176206916570663,0.2309037446975708,0.17502272129058838,0.08451411128044128,0.0989559218287468,0.6845821142196655,0.7260213494300842
61,S6,ComHvy,BS1,local,1,BS1,local,1,0.520240306854248,0.4331284165382385,-0.08711189031600952,0.03196460008621216,0.24598732590675354,0.31013476848602295,0.4331284165382385,0.520240306854248,0.4234389066696167,0.169624924659729,0.1434326469898224
61,S6,BWHvy,local,local,0,local,local,0,0.6678441762924194,0.5562037229537964,-0.11164045333862305,0.03041953593492508,0.2232808917760849,0.6678441762924194,0.5562037229537964,0.18363909423351288,0.20885039865970612,0.1485166996717453,0.23494583368301392
61,S7,LatCrit,local,local,0,local,local,0,0.9253531694412231,0.9447798132896423,0.01942664384841919,0.005979987792670727,0.03885330259799957,0.9253531694412231,0.9447798132896423,0.05980547145009041,0.04930984973907471,0.014841376803815365,0.005910337902605534
61,S7,ComHvy,BS2,BS2,0,BS2,BS2,0,0.7791861891746521,0.8035534024238586,0.024367213249206543,0.009230725467205048,0.04873441159725189,0.20990264415740967,0.19410759210586548,0.010911158286035061,0.0023390117567032576,0.7791861891746521,0.8035534024238586
61,S7,BWHvy,local,local,0,local,BS2,1,0.6052186489105225,0.46127331256866455,-0.1439453363418579,0.06497038900852203,0.341855525970459,0.6052186489105225,0.46127331256866455,0.15489089488983154,0.12790848314762115,0.23989041149616241,0.4108181893825531
61,S8,LatCrit,local,local,0,local,local,0,0.754435122013092,0.6900985240936279,-0.06433659791946411,0.02231670171022415,0.16490700840950012,0.754435122013092,0.6900985240936279,0.038542740046978,0.0204258281737566,0.20702214539051056,0.2894756495952606
61,S8,ComHvy,BS1,BS1,0,BS1,BS1,0,0.7051138877868652,0.8089075088500977,0.10379362106323242,0.03266139701008797,0.20758730173110962,0.15747427940368652,0.11178123950958252,0.7051138877868652,0.8089075088500977,0.13741186261177063,0.07931122183799744
61,S8,BWHvy,local,local,0,local,local,0,0.6454846262931824,0.516681432723999,-0.12880319356918335,0.03501501679420471,0.2576063275337219,0.6454846262931824,0.516681432723999,0.11575280874967575,0.1394258737564087,0.23876257240772247,0.3438926637172699
62,S1,LatCrit,local,local,0,local,local,0,0.7995141744613647,0.7226754426956177,-0.07683873176574707,0.01574041321873665,0.15367747843265533,0.7995141744613647,0.7226754426956177,0.08129042387008667,0.11204785853624344,0.1191953644156456,0.1652766764163971
62,S1,ComHvy,local,local,0,local,local,0,0.865971565246582,0.9117252826690674,0.04575371742248535,0.012919824570417404,0.09150739014148712,0.865971565246582,0.9117252826690674,0.0020404919050633907,0.0002904696448240429,0.13198791444301605,0.08798426389694214
62,S1,BWHvy,local,local,0,local,local,0,0.7472530603408813,0.6102938652038574,-0.13695919513702393,0.043296996504068375,0.27391839027404785,0.7472530603408813,0.6102938652038574,0.08355110138654709,0.14888612926006317,0.16919584572315216,0.2408199906349182
62,S2,LatCrit,local,BS1,1,local,local,0,0.5401802062988281,0.4202547073364258,-0.11992549896240234,0.04810921475291252,0.30655479431152344,0.5401802062988281,0.3869028091430664,0.3102912902832031,0.4202547073364258,0.14952847361564636,0.19284243881702423
62,S2,ComHvy,local,local,0,BS2,local,1,0.4347447156906128,0.5281885266304016,0.09344381093978882,0.02983918786048889,0.18688757717609406,0.4347447156906128,0.5281885266304016,0.310262531042099,0.3068404793739319,0.2549927234649658,0.1649710088968277
62,S2,BWHvy,local,local,0,local,local,0,0.7360607385635376,0.5465463995933533,-0.18951433897018433,0.08347725868225098,0.37902867794036865,0.7360607385635376,0.5465463995933533,0.13650213181972504,0.28642702102661133,0.12743712961673737,0.1670265793800354
62,S3,LatCrit,local,local,0,local,local,0,0.7549762725830078,0.7703324556350708,0.015356183052062988,0.0017066504806280136,0.032788120210170746,0.7549762725830078,0.7703324556350708,0.14716333150863647,0.14820118248462677,0.0978604108095169,0.08146632462739944
62,S3,ComHvy,local,local,0,local,local,0,0.7778881788253784,0.881571888923645,0.1036837100982666,0.057056330144405365,0.20736739039421082,0.7778881788253784,0.881571888923645,0.08802130073308945,0.06838946789503098,0.13409049808979034,0.0500386506319046
62,S3,BWHvy,local,local,0,local,local,0,0.7529166340827942,0.6245694160461426,-0.1283472180366516,0.04374390095472336,0.2566944360733032,0.7529166340827942,0.6245694160461426,0.0843491181731224,0.17020200192928314,0.1627342253923416,0.2052285522222519
62,S4,LatCrit,BS1,BS1,0,BS1,BS1,0,0.484404057264328,0.5287982821464539,0.044394224882125854,0.05318620800971985,0.2627522945404053,0.33651912212371826,0.20514297485351562,0.484404057264328,0.5287982821464539,0.17907685041427612,0.2660587728023529
62,S4,ComHvy,local,local,0,local,BS1,1,0.6512719392776489,0.45678097009658813,-0.1944909691810608,0.08493711799383163,0.3889819383621216,0.6512719392776489,0.45678097009658813,0.2583920955657959,0.45025694370269775,0.09033595770597458,0.09296206384897232
62,S4,BWHvy,local,local,0,local,local,0,0.6142879724502563,0.46393001079559326,-0.15035796165466309,0.04548516124486923,0.30071592330932617,0.6142879724502563,0.46393001079559326,0.13420148193836212,0.18739621341228485,0.2515105605125427,0.3486737906932831
62,S5,LatCrit,BS2,BS2,0,BS2,BS2,0,0.5717092156410217,0.6996411681175232,0.12793195247650146,0.03739926218986511,0.2558639645576477,0.4078252911567688,0.2815225124359131,0.02046550251543522,0.018836280331015587,0.5717092156410217,0.6996411681175232
62,S5,ComHvy,BS1,BS1,0,BS1,BS1,0,0.5558717250823975,0.6182544231414795,0.06238269805908203,0.008107125759124756,0.12476536631584167,0.44168639183044434,0.3798137903213501,0.5558717250823975,0.6182544231414795,0.0024418772663921118,0.0019318072590976954
62,S5,BWHvy,local,local,0,local,local,0,0.7846224308013916,0.6268150806427002,-0.1578073501586914,0.05791401118040085,0.3156147003173828,0.7846224308013916,0.6268150806427002,0.07872747629880905,0.14232566952705383,0.13665008544921875,0.23085924983024597
62,S6,LatCrit,BS2,BS2,0,local,local,0,0.48116761445999146,0.48563358187675476,0.004465967416763306,0.02156755141913891,0.1398160457611084,0.4174010753631592,0.347493052482605,0.10143133252859116,0.16687338054180145,0.48116761445999146,0.48563358187675476
62,S6,ComHvy,local,BS2,1,local,BS2,1,0.4707455039024353,0.5120695233345032,0.04132401943206787,0.015152569860219955,0.1275755763053894,0.4707455039024353,0.4408445954322815,0.08097273111343384,0.04708585888147354,0.44828173518180847,0.5120695233345032
62,S6,BWHvy,local,local,0,local,local,0,0.7577285170555115,0.591712236404419,-0.16601628065109253,0.06267911195755005,0.33203253149986267,0.7577285170555115,0.591712236404419,0.16120699048042297,0.29400360584259033,0.08106450736522675,0.11428413540124893
62,S7,LatCrit,local,local,0,local,local,0,0.8229311108589172,0.7745621800422668,-0.04836893081665039,0.011062785983085632,0.10988721996545792,0.8229311108589172,0.7745621800422668,0.046128105372190475,0.0395534373819828,0.1309407651424408,0.18588438630104065
62,S7,ComHvy,local,local,0,local,local,0,0.7662783861160278,0.7123817801475525,-0.05389660596847534,0.007480758707970381,0.10779325664043427,0.7662783861160278,0.7123817801475525,0.21812927722930908,0.2703879177570343,0.015592297539114952,0.017230309545993805
62,S7,BWHvy,local,local,0,local,local,0,0.7829140424728394,0.6800776124000549,-0.10283643007278442,0.03444160893559456,0.21649834513664246,0.7829140424728394,0.6800776124000549,0.14963030815124512,0.25787949562072754,0.06745562702417374,0.06204289570450783
62,S8,LatCrit,BS2,BS2,0,BS2,BS2,0,0.4164370894432068,0.5089465379714966,0.0925094485282898,0.045460425317287445,0.252583771944046,0.31890612840652466,0.19261425733566284,0.26465678215026855,0.29843923449516296,0.4164370894432068,0.5089465379714966
62,S8,ComHvy,BS1,BS1,0,BS2,BS2,0,0.38491344451904297,0.3924718201160431,0.007558375597000122,0.0008624736219644547,0.03505977988243103,0.24556398391723633,0.2280341386795044,0.38491344451904297,0.3924718201160431,0.3695225119590759,0.3794940710067749
62,S8,BWHvy,local,local,0,local,local,0,0.7495073080062866,0.6135765314102173,-0.13593077659606934,0.04140547290444374,0.27186155319213867,0.7495073080062866,0.6135765314102173,0.12546518445014954,0.19530092179775238,0.12502755224704742,0.19112257659435272
63,S1,LatCrit,local,local,0,local,local,0,0.7811702489852905,0.7663865685462952,-0.014783680438995361,0.0006265342235565186,0.029567372053861618,0.7811702489852905,0.7663865685462952,0.06001729145646095,0.06324703991413116,0.15881244838237762,0.17036639153957367
63,S1,ComHvy,local,local,0,local,local,0,0.903191328048706,0.9245703220367432,0.02137899398803711,0.005676143802702427,0.04275798425078392,0.903191328048706,0.9245703220367432,0.00440611457452178,0.0009152163402177393,0.09240252524614334,0.07451443374156952
63,S1,BWHvy,local,local,0,local,local,0,0.6047425866127014,0.5105538368225098,-0.09418874979019165,0.018861617892980576,0.1883774995803833,0.6047425866127014,0.5105538368225098,0.11529956012964249,0.15855856239795685,0.2799578607082367,0.3308876156806946
63,S2,LatCrit,local,local,0,local,local,0,0.8593001365661621,0.8797369599342346,0.02043682336807251,0.003468128852546215,0.04087365046143532,0.8593001365661621,0.8797369599342346,0.06991749256849289,0.05079745873808861,0.07078240066766739,0.06946560740470886
63,S2,ComHvy,BS2,BS2,0,BS2,BS2,0,0.573557436466217,0.5972240567207336,0.0236666202545166,0.0016288794577121735,0.0473332405090332,0.1988370418548584,0.1972661018371582,0.22760552167892456,0.20550984144210815,0.573557436466217,0.5972240567207336
63,S2,BWHvy,local,BS1,1,local,local,0,0.5551609992980957,0.45958390831947327,-0.09557709097862244,0.052287474274635315,0.3165963292121887,0.5551609992980957,0.4304046630859375,0.3012857735157013,0.45958390831947327,0.1435532420873642,0.11001139879226685
63,S3,LatCrit,local,local,0,local,local,0,0.49003732204437256,0.5832864046096802,0.09324908256530762,0.03746667876839638,0.18649819493293762,0.49003732204437256,0.5832864046096802,0.18013538420200348,0.09574441611766815,0.32982727885246277,0.3209691345691681
63,S3,ComHvy,BS2,local,1,local,local,0,0.45873481035232544,0.47397124767303467,0.015236437320709229,0.011544130742549896,0.14668461680412292,0.400628924369812,0.47397124767303467,0.14063625037670135,0.11316512525081635,0.45873481035232544,0.4128636419773102
63,S3,BWHvy,local,local,0,local,local,0,0.7071752548217773,0.6686112284660339,-0.03856402635574341,0.006712374743074179,0.08069209009408951,0.7071752548217773,0.6686112284660339,0.11878439038991928,0.15913042426109314,0.17404036223888397,0.17225833237171173
63,S4,LatCrit,BS1,local,1,BS1,BS1,0,0.4656164050102234,0.4983012080192566,0.0326848030090332,0.01365474984049797,0.1555660516023636,0.44846028089523315,0.4983012080192566,0.4656164050102234,0.3878333866596222,0.08592329919338226,0.11386540532112122
63,S4,ComHvy,local,local,0,local,local,0,0.7044100761413574,0.5396085977554321,-0.1648014783859253,0.060229040682315826,0.3296029567718506,0.7044100761413574,0.5396085977554321,0.06995846331119537,0.1406806856393814,0.2256314754486084,0.31971073150634766
63,S4,BWHvy,local,local,0,local,local,0,0.5216858386993408,0.44772231578826904,-0.07396352291107178,0.013048350811004639,0.14792704582214355,0.5216858386993408,0.44772231578826904,0.22668620944023132,0.23628273606300354,0.25162795186042786,0.3159949481487274
63,S5,LatCrit,BS2,BS2,0,BS2,BS2,0,0.7294297218322754,0.7982808947563171,0.06885117292404175,0.013789542019367218,0.13770237565040588,0.21409940719604492,0.1620999574661255,0.05647091567516327,0.03961916267871857,0.7294297218322754,0.7982808947563171
63,S5,ComHvy,BS1,local,1,local,local,0,0.518728494644165,0.5342602729797363,0.015531778335571289,0.006207444705069065,0.10814670473337173,0.48018693923950195,0.5342602729797363,0.518728494644165,0.4653546214103699,0.0010845394572243094,0.00038504175608977675
63,S5,BWHvy,local,local,0,local,local,0,0.6685514450073242,0.5732691884040833,-0.09528225660324097,0.021103467792272568,0.19056448340415955,0.6685514450073242,0.5732691884040833,0.183973491191864,0.260232150554657,0.14747510850429535,0.16649867594242096
63,S6,LatCrit,local,local,0,BS2,BS2,0,0.4963452219963074,0.49426519870758057,-0.0020800232887268066,0.004271719604730606,0.03480180352926254,0.4963452219963074,0.49426519870758057,0.04034869372844696,0.0250278040766716,0.46330612897872925,0.4807070195674896
63,S6,ComHvy,BS1,BS1,0,BS1,BS1,0,0.7357934713363647,0.8328145742416382,0.09702110290527344,0.03243161365389824,0.19404226541519165,0.13809257745742798,0.0991220474243164,0.7357934713363647,0.8328145742416382,0.12611401081085205,0.06806338578462601
63,S6,BWHvy,local,local,0,local,local,0,0.6470111608505249,0.5033625364303589,-0.14364862442016602,0.04971203953027725,0.3043301999568939,0.6470111608505249,0.5033625364303589,0.2834761142730713,0.43564119935035706,0.0695127472281456,0.06099625304341316
63,S7,LatCrit,local,local,0,local,local,0,0.8426604866981506,0.8103041648864746,-0.032356321811676025,0.004286753013730049,0.06471265852451324,0.8426604866981506,0.8103041648864746,0.10154467821121216,0.1136096641421318,0.0557948462665081,0.07608620077371597
63,S7,ComHvy,local,local,0,local,local,0,0.7517068982124329,0.7264693379402161,-0.025237560272216797,0.013513963669538498,0.09474362432956696,0.7517068982124329,0.7264693379402161,0.18187503516674042,0.15974077582359314,0.06641806662082672,0.1137898713350296
63,S7,BWHvy,local,local,0,local,local,0,0.6609811782836914,0.6172329187393188,-0.04374825954437256,0.028930310159921646,0.18245211243629456,0.6609811782836914,0.6172329187393188,0.2131860852241516,0.3044121265411377,0.12583275139331818,0.07835493981838226
63,S8,LatCrit,BS2,BS2,0,BS2,BS2,0,0.4404642581939697,0.5847803950309753,0.14431613683700562,0.056914858520030975,0.28863224387168884,0.16971510648727417,0.0853571891784668,0.3898206055164337,0.32986241579055786,0.4404642581939697,0.5847803950309753
63,S8,ComHvy,BS1,BS1,0,BS1,BS1,0,0.6834779381752014,0.7297970056533813,0.04631906747817993,0.005905976053327322,0.09263813495635986,0.29838186502456665,0.258400022983551,0.6834779381752014,0.7297970056533813,0.018140170723199844,0.01180294156074524
63,S8,BWHvy,local,local,0,local,BS1,1,0.5239970684051514,0.4648423194885254,-0.05915474891662598,0.010240783914923668,0.13511191308498383,0.5239970684051514,0.4648423194885254,0.3120039999485016,0.3795599639415741,0.16399894654750824,0.1555977463722229
