block_index,block_start,block_stop_exclusive,block_size,block_semantic,policy_surrogate_mode,block_path_cost_local_mean,block_path_cost_local_std,block_path_cost_bs1_mean,block_path_cost_bs1_std,block_path_cost_bs2_mean,block_path_cost_bs2_std,block_local_cost_now_mean,block_local_cost_now_std,block_local_cost_now_max,block_local_cost_now_min,block_local_cost_next_mean,block_local_cost_next_std,block_local_cost_next_max,block_local_cost_next_min,block_action_conditioned_cost_now_mean,block_action_conditioned_cost_now_std,block_action_conditioned_cost_next_mean,block_action_conditioned_cost_next_std,block_delta_cost_mean,block_delta_cost_std,block_delta_cost_max,block_delta_cost_min,block_td_reward_mean,block_td_reward_std,block_td_reward_max,block_td_reward_min,block_value_pred_mean,block_value_pred_std,block_value_pred_max,block_value_pred_min,block_path_value_local_mean,block_path_value_local_std,block_path_value_bs1_mean,block_path_value_bs1_std,block_path_value_bs2_mean,block_path_value_bs2_std,path_value_local_mean,path_value_local_std,path_value_bs1_mean,path_value_bs1_std,path_value_bs2_mean,path_value_bs2_std,path_td_target_local_mean,path_td_target_local_std,path_td_target_bs1_mean,path_td_target_bs1_std,path_td_target_bs2_mean,path_td_target_bs2_std,block_action_conditioned_value_now_mean,block_action_conditioned_value_now_std,block_action_conditioned_value_next_mean,block_action_conditioned_value_next_std,block_td_target_mean,block_td_target_std,block_td_target_max,block_td_target_min,block_td_advantage_mean,block_td_advantage_std,block_td_advantage_max,block_td_advantage_min,block_clip_fraction,per_block_selected_action_prob_gain_mean,per_block_selected_action_prob_gain_std,epoch
0,0,3,3,dispatch_decision_block,hierarchical_actor_true_conditional_route_policy,0.638848066329956,0.2548193037509918,0.8773490786552429,0.2740861177444458,0.8782283067703247,0.26656681299209595,0.7519092559814453,0.2717427611351013,1.3423351049423218,0.2803308069705963,0.7456623911857605,0.273144394159317,1.3423351049423218,0.2803308069705963,0.7634149193763733,0.2578155994415283,0.7592902183532715,0.2642614245414734,-0.0041246842592954636,0.26164790987968445,0.6398330330848694,-0.789145827293396,0.0041246842592954636,0.26164790987968445,0.789145827293396,-0.6398330330848694,0.22228431701660156,0.10693921893835068,0.5526518225669861,-0.09927567839622498,0.19539466500282288,0.15882037580013275,0.1997043937444687,0.21122460067272186,0.29961585998535156,0.1931292861700058,0.19539466500282288,0.15882037580013275,0.1997043937444687,0.21122460067272186,0.29961585998535156,0.1931292861700058,0.2016959935426712,0.3169873058795929,0.20092976093292236,0.36262720823287964,0.29876941442489624,0.3465031683444977,0.22228431701660156,0.10693921893835068,0.22728587687015533,0.10838032513856888,0.22468306124210358,0.3002805709838867,1.0678813457489014,-0.5831922888755798,0.0023987411987036467,0.3252061605453491,0.9054853320121765,-1.0606884956359863,0.009999999776482582,-0.09481050819158554,0.4672052264213562,0
1,3,6,3,dispatch_decision_block,hierarchical_actor_true_conditional_route_policy,0.4286200702190399,0.3445548415184021,0.7006323337554932,0.36932963132858276,0.6854923963546753,0.3650556802749634,0.5416812896728516,0.35734614729881287,2.0330111980438232,0.07709468901157379,0.535191535949707,0.35709017515182495,2.0330111980438232,0.07709468901157379,0.5593433380126953,0.3556279242038727,0.553394615650177,0.352163702249527,-0.005948679521679878,0.44784650206565857,1.02095365524292,-1.398817539215088,0.005948679521679878,0.44784650206565857,1.398817539215088,-1.02095365524292,-0.20673410594463348,0.12395785003900528,0.1538955420255661,-0.5476172566413879,-0.5402837991714478,0.19687117636203766,0.48374947905540466,0.2235158085823059,-0.26704633235931396,0.1964593082666397,-0.5402837991714478,0.19687117636203766,0.48374947905540466,0.2235158085823059,-0.26704633235931396,0.1964593082666397,-0.522921085357666,0.4938488006591797,0.4788251519203186,0.46514567732810974,-0.25718680024147034,0.49741658568382263,-0.20673410594463348,0.12395785003900528,-0.205826535820961,0.12539274990558624,-0.19935955107212067,0.45704174041748047,1.3524415493011475,-1.2992609739303589,0.007374521344900131,0.43764206767082214,1.454469919204712,-1.2261191606521606,0.17000000178813934,-0.11446830630302429,0.6198055744171143,0
2,6,9,3,dispatch_decision_block,hierarchical_actor_true_conditional_route_policy,0.4749818742275238,0.35661381483078003,0.6594592928886414,0.38090968132019043,0.6647111773490906,0.3784044682979584,0.5880430340766907,0.3771156668663025,2.110358238220215,0.03742401674389839,0.5812975168228149,0.3779185116291046,2.110358238220215,0.03742401674389839,0.5719702243804932,0.3682277202606201,0.5654392242431641,0.36898013949394226,-0.0065309940837323666,0.46183696389198303,1.1320880651474,-1.4773952960968018,0.0065309940837323666,0.46183696389198303,1.4773952960968018,-1.1320880651474,-0.2861585021018982,0.1105942502617836,0.24182842671871185,-0.5156113505363464,-0.32548773288726807,0.17013955116271973,-0.39394718408584595,0.18925411999225616,-0.11812873184680939,0.16996082663536072,-0.32548773288726807,0.17013955116271973,-0.39394718408584595,0.18925411999225616,-0.11812873184680939,0.16996082663536072,-0.3087601959705353,0.48760631680488586,-0.3794398009777069,0.46192771196365356,-0.10903450846672058,0.4803487956523895,-0.2861585021018982,0.1105942502617836,-0.2819567918777466,0.10817712545394897,-0.2723279893398285,0.4597250521183014,1.2364400625228882,-1.409485936164856,0.013830499723553658,0.43748876452445984,1.5150150060653687,-1.1310254335403442,0.009999999776482582,-0.14796121418476105,0.43683552742004395,0
3,9,12,3,dispatch_decision_block,hierarchical_actor_true_conditional_route_policy,0.6448800563812256,0.22512930631637573,0.8630107045173645,0.23942279815673828,0.8638898730278015,0.2427482157945633,0.7413338422775269,0.24656976759433746,1.4813258647918701,0.26106399297714233,0.7379907369613647,0.24530312418937683,1.4813258647918701,0.26106399297714233,0.7558586001396179,0.23236331343650818,0.7551639080047607,0.22958385944366455,-0.000694756512530148,0.20269210636615753,0.504749059677124,-0.5514750480651855,0.000694756512530148,0.20269210636615753,0.5514750480651855,-0.504749059677124,-0.0575064979493618,0.11559910327196121,0.28824377059936523,-0.32457390427589417,-0.18197646737098694,0.19648133218288422,-0.35161933302879333,0.20589719712734222,0.4183303117752075,0.1871439516544342,-0.18197646737098694,0.19648133218288422,-0.35161933302879333,0.20589719712734222,0.4183303117752075,0.1871439516544342,-0.17636266350746155,0.28808653354644775,-0.3422982096672058,0.3056815564632416,0.41460829973220825,0.300836443901062,-0.0575064979493618,0.11559910327196121,-0.06329305469989777,0.12342780083417892,-0.06009325012564659,0.2575213611125946,0.6664257645606995,-0.7219579815864563,-0.002586746122688055,0.2662753462791443,0.7014204859733582,-0.5961812734603882,0.10999999940395355,-0.08670318871736526,0.3426556885242462,0
4,12,15,3,dispatch_decision_block,hierarchical_actor_true_conditional_route_policy,0.6153602600097656,0.2805996239185333,0.8801594376564026,0.31002742052078247,0.8650195598602295,0.31034883856773376,0.7118141055107117,0.2918817102909088,1.383872628211975,0.2922026515007019,0.7148394584655762,0.2914850115776062,1.383872628211975,0.2922026515007019,0.7405267357826233,0.2923058271408081,0.7475838661193848,0.2968618869781494,0.007057128008455038,0.2584306299686432,0.8823050856590271,-0.7858520150184631,-0.007057128008455038,0.2584306299686432,0.7858520150184631,-0.8823050856590271,0.1532355397939682,0.10334572941064835,0.3565097451210022,-0.10900318622589111,0.48609474301338196,0.13180112838745117,0.02310694195330143,0.21303817629814148,-0.42787742614746094,0.18156543374061584,0.48609474301338196,0.13180112838745117,0.02310694195330143,0.21303817629814148,-0.42787742614746094,0.18156543374061584,0.47157156467437744,0.2705424129962921,0.017531579360365868,0.35965409874916077,-0.4238056242465973,0.3460659384727478,0.1532355397939682,0.10334572941064835,0.1526942402124405,0.1013314500451088,0.1442018300294876,0.28286585211753845,1.0742883682250977,-0.7184722423553467,-0.009033714421093464,0.26318594813346863,0.7981599569320679,-0.6688889265060425,0.2199999988079071,-0.07658404111862183,0.3771316111087799,0
5,15,18,3,dispatch_decision_block,hierarchical_actor_true_conditional_route_policy,0.43852752447128296,0.3764033913612366,0.6108269691467285,0.4030407965183258,0.6160788536071777,0.40597888827323914,0.5349812507629395,0.4026438295841217,1.9133981466293335,0.0,0.5389605760574341,0.3992893695831299,1.9133981466293335,0.04261506721377373,0.5268199443817139,0.3892057240009308,0.5324157476425171,0.38824519515037537,0.005595839116722345,0.4593234956264496,0.989495038986206,-1.027229905128479,-0.005595839116722345,0.4593234956264496,1.027229905128479,-0.989495038986206,0.08778198063373566,0.10993333160877228,0.3390108644962311,-0.20126433670520782,0.003849349683150649,0.17195692658424377,0.40674832463264465,0.25439783930778503,-0.05829533562064171,0.15985967218875885,0.003849349683150649,0.17195692658424377,0.40674832463264465,0.25439783930778503,-0.05829533562064171,0.15985967218875885,-0.0013599860249087214,0.5097849369049072,0.3944600820541382,0.5711205005645752,-0.0627056211233139,0.48809707164764404,0.08778198063373566,0.10993333160877228,0.09149142354726791,0.1098824217915535,0.08438897877931595,0.49470722675323486,1.3042242527008057,-0.956857442855835,-0.0033930016215890646,0.4908258020877838,1.505488634109497,-0.9906118512153625,0.009999999776482582,-0.1401539444923401,0.3118096590042114,0
6,18,21,3,dispatch_decision_block,hierarchical_actor_true_conditional_route_policy,0.4056057631969452,0.35054606199264526,0.6377322673797607,0.3668423593044281,0.6386114358901978,0.3666423559188843,0.5138976573944092,0.3584367036819458,1.5319907665252686,0.0,0.518170952796936,0.35481351613998413,1.5319907665252686,0.0042992401868104935,0.5147913694381714,0.35579806566238403,0.5213114023208618,0.35480955243110657,0.006520037539303303,0.41863468289375305,0.9652352929115295,-0.9234454035758972,-0.006520037539303303,0.41863468289375305,0.9234454035758972,-0.9652352929115295,-0.02985754981637001,0.14174485206604004,0.4489589035511017,-0.3346315026283264,0.10762178152799606,0.17941270768642426,-0.6085594296455383,0.26342546939849854,0.3278008997440338,0.20374596118927002,0.10762178152799606,0.17941270768642426,-0.6085594296455383,0.26342546939849854,0.3278008997440338,0.20374596118927002,0.10231418907642365,0.4193657338619232,-0.5980823636054993,0.5617467761039734,0.3181343078613281,0.46500417590141296,-0.02985754981637001,0.14174485206604004,-0.02555195614695549,0.14510464668273926,-0.032010842114686966,0.44140467047691345,1.2179672718048096,-1.0538740158081055,-0.002153282053768635,0.4156198501586914,0.9648797512054443,-1.077540397644043,0.20000000298023224,-0.17645929753780365,0.5296656489372253,0
7,21,24,3,dispatch_decision_block,hierarchical_actor_true_conditional_route_policy,0.6703234910964966,0.1524963229894638,0.9486339092254639,0.1925729364156723,0.933493971824646,0.19491343200206757,0.778615415096283,0.17965908348560333,1.3910207748413086,0.35243749618530273,0.7791568636894226,0.17897062003612518,1.3910207748413086,0.35243749618530273,0.8113162517547607,0.16468878090381622,0.8151702880859375,0.1645878553390503,0.003853902919217944,0.1701596975326538,0.5353121757507324,-0.6254034042358398,-0.003853902919217944,0.1701596975326538,0.6254034042358398,-0.5353121757507324,0.10900858789682388,0.11202286183834076,0.3916052579879761,-0.20463109016418457,-0.18370723724365234,0.23368141055107117,0.49621647596359253,0.20940542221069336,0.2153528332710266,0.1793595254421234,-0.18370723724365234,0.23368141055107117,0.49621647596359253,0.20940542221069336,0.2153528332710266,0.1793595254421234,-0.17740704119205475,0.28880953788757324,0.48390746116638184,0.30991464853286743,0.20837077498435974,0.27349135279655457,0.10900858789682388,0.11202286183834076,0.11085722595453262,0.11410630494356155,0.10275417566299438,0.21281109750270844,0.890168309211731,-0.4893217384815216,-0.0062544215470552444,0.2065773904323578,0.6847518086433411,-0.5517762899398804,0.3400000035762787,-0.22752603888511658,0.5463795065879822,0
8,24,27,3,dispatch_decision_block,hierarchical_actor_true_conditional_route_policy,0.6664581298828125,0.2879542410373688,0.8456578254699707,0.33239662647247314,0.8509096503257751,0.33813613653182983,0.7747500538825989,0.3288666009902954,1.7457847595214844,0.263892263174057,0.7758387923240662,0.32978948950767517,1.7457847595214844,0.263892263174057,0.7574325799942017,0.3106074333190918,0.7629554867744446,0.3134204149246216,0.005522870924323797,0.33626317977905273,0.9682460427284241,-0.9543260335922241,-0.005522870924323797,0.33626317977905273,0.9543260335922241,-0.9682460427284241,0.2847619354724884,0.16813525557518005,0.7391002774238586,-0.09994786977767944,1.00896418094635,0.21753717958927155,-0.13612252473831177,0.1844058781862259,-0.6931886076927185,0.2101985216140747,1.00896418094635,0.21753717958927155,-0.13612252473831177,0.1844058781862259,-0.6931886076927185,0.2101985216140747,0.9867512583732605,0.4160638749599457,-0.13703103363513947,0.4050130546092987,-0.6808322668075562,0.37884896993637085,0.2847619354724884,0.16813525557518005,0.28450074791908264,0.1643582582473755,0.2748313248157501,0.3879895508289337,1.3831241130828857,-0.889498233795166,-0.009930651634931564,0.3481229543685913,0.8867273926734924,-0.8915811777114868,0.09000000357627869,-0.12118081748485565,0.4518425464630127,0
9,27,30,3,dispatch_decision_block,hierarchical_actor_true_conditional_route_policy,0.46529632806777954,0.3941831886768341,0.6761500835418701,0.40604668855667114,0.6770291924476624,0.41018831729888916,0.5533559322357178,0.4012255370616913,2.124616861343384,0.0049593946896493435,0.5481414794921875,0.3965785801410675,2.124616861343384,0.0049593946896493435,0.5721843242645264,0.39916694164276123,0.5684859156608582,0.39555028080940247,-0.0036984444595873356,0.4779781699180603,1.562796950340271,-1.3819178342819214,0.0036984444595873356,0.4779781699180603,1.3819178342819214,-1.562796950340271,0.022578062489628792,0.10913289338350296,0.319032222032547,-0.2944694757461548,0.14805664122104645,0.1850827932357788,0.1124672219157219,0.1714981645345688,-0.33774590492248535,0.20629726350307465,0.14805664122104645,0.1850827932357788,0.1124672219157219,0.1714981645345688,-0.33774590492248535,0.20629726350307465,0.15200449526309967,0.4676660895347595,0.11560426652431488,0.5032089352607727,-0.331929475069046,0.5571175813674927,0.022578062489628792,0.10913289338350296,0.01706775650382042,0.09519672393798828,0.020236356183886528,0.48034775257110596,1.4115965366363525,-1.4213734865188599,-0.0023417044430971146,0.47402453422546387,1.6674731969833374,-1.4043949842453003,0.8500000238418579,-0.16733641922473907,0.5573068857192993,0
10,30,33,3,dispatch_decision_block,hierarchical_actor_true_conditional_route_policy,0.47102850675582886,0.4093043804168701,0.7234551310539246,0.4255141615867615,0.7083151340484619,0.422657310962677,0.5590879917144775,0.4157963991165161,2.0230422019958496,0.018608491867780685,0.5542261004447937,0.41148021817207336,2.0230422019958496,0.018608491867780685,0.5932397842407227,0.41453975439071655,0.5912198424339294,0.4140698313713074,-0.0020199918653815985,0.49738943576812744,1.4315866231918335,-1.6848664283752441,0.0020199918653815985,0.49738943576812744,1.6848664283752441,-1.4315866231918335,0.3211597204208374,0.15618033707141876,0.5944252014160156,-0.30546993017196655,0.08519478887319565,0.21197114884853363,0.1700822412967682,0.19478008151054382,0.9621052742004395,0.2430759072303772,0.08519478887319565,0.21197114884853363,0.1700822412967682,0.19478008151054382,0.9621052742004395,0.2430759072303772,0.08793096244335175,0.5194193720817566,0.17251268029212952,0.5401482582092285,0.9435040354728699,0.5739007592201233,0.3211597204208374,0.15618033707141876,0.3199533224105835,0.15649646520614624,0.31725767254829407,0.5064060688018799,1.9950776100158691,-1.1820621490478516,-0.0039020348340272903,0.47812288999557495,1.6209683418273926,-1.514341115951538,0.75,-0.1906614899635315,0.7884454727172852,0
11,33,36,3,dispatch_decision_block,hierarchical_actor_true_conditional_route_policy,0.6031569242477417,0.1541103720664978,0.7660855650901794,0.17210036516189575,0.7713374495506287,0.17520970106124878,0.6912164092063904,0.1714978963136673,1.23489511013031,0.3891671597957611,0.6916607618331909,0.1723528802394867,1.23489511013031,0.3891671597957611,0.6790202260017395,0.15932869911193848,0.681277334690094,0.1614212989807129,0.0022570593282580376,0.17895352840423584,0.6063156127929688,-0.49838292598724365,-0.0022570593282580376,0.17895352840423584,0.49838292598724365,-0.6063156127929688,-0.165766179561615,0.11848033219575882,0.1336965709924698,-0.5775590538978577,-0.07947485148906708,0.178473562002182,-0.6670652627944946,0.17410288751125336,0.13821722567081451,0.1777094304561615,-0.07947485148906708,0.178473562002182,-0.6670652627944946,0.17410288751125336,0.13821722567081451,0.1777094304561615,-0.07908997684717178,0.24580824375152588,-0.6571594476699829,0.25736096501350403,0.1326178014278412,0.2644059360027313,-0.165766179561615,0.11848033219575882,-0.17281696200370789,0.12510275840759277,-0.1736486852169037,0.22459028661251068,0.6238786578178406,-0.819031298160553,-0.007882474921643734,0.20639432966709137,0.7530282735824585,-0.6398939490318298,0.5799999833106995,-0.1712944060564041,0.6222552061080933,0
12,36,39,3,dispatch_decision_block,hierarchical_actor_true_conditional_route_policy,0.6955495476722717,0.3083469569683075,0.9161152839660645,0.339616984128952,0.9169944524765015,0.34296929836273193,0.7936431765556335,0.32871386408805847,1.5399949550628662,0.29280349612236023,0.796272873878479,0.3276711106300354,1.5399949550628662,0.29280349612236023,0.7999719381332397,0.32095101475715637,0.8046703338623047,0.320488840341568,0.0046985214576125145,0.30463141202926636,0.9461647868156433,-0.735466480255127,-0.0046985214576125145,0.30463141202926636,0.735466480255127,-0.9461647868156433,-0.23721881210803986,0.1236725002527237,0.11257962882518768,-0.4642137289047241,-0.41450560092926025,0.19759918749332428,0.11537691205739975,0.1749793142080307,-0.1877833753824234,0.19550439715385437,-0.41450560092926025,0.19759918749332428,0.11537691205739975,0.1749793142080307,-0.1877833753824234,0.19550439715385437,-0.4064284563064575,0.37049585580825806,0.10836382210254669,0.35682177543640137,-0.1847570538520813,0.36582738161087036,-0.23721881210803986,0.1236725002527237,-0.23512685298919678,0.12994186580181122,-0.23558437824249268,0.3399001657962799,0.6053203344345093,-1.1210811138153076,0.0016344308387488127,0.3380499482154846,0.7837539911270142,-0.8877980709075928,0.05999999865889549,-0.04543132334947586,0.39018696546554565,0
13,39,42,3,dispatch_decision_block,hierarchical_actor_true_conditional_route_policy,0.4240122139453888,0.2769694924354553,0.695709228515625,0.31735870242118835,0.6805692911148071,0.31173792481422424,0.5221058130264282,0.29110652208328247,1.1252329349517822,0.016903648152947426,0.5218505263328552,0.29119545221328735,1.1252329349517822,0.016903648152947426,0.5552224516868591,0.2909950613975525,0.5580267906188965,0.2934300899505615,0.002804231597110629,0.33644726872444153,1.0143146514892578,-0.8960257768630981,-0.002804231597110629,0.33644726872444153,0.8960257768630981,-1.0143146514892578,-0.3292800188064575,0.10711941123008728,-0.0071050673723220825,-0.592166543006897,-0.1634364128112793,0.18506166338920593,-0.8305796980857849,0.20137138664722443,-0.18315540254116058,0.17850351333618164,-0.1634364128112793,0.18506166338920593,-0.8305796980857849,0.20137138664722443,-0.18315540254116058,0.17850351333618164,-0.15567156672477722,0.36862650513648987,-0.8151065111160278,0.4265718162059784,-0.182947039604187,0.3921407163143158,-0.3292800188064575,0.10711941123008728,-0.32551661133766174,0.10754677653312683,-0.3231251835823059,0.3526444733142853,0.8249956965446472,-1.5206795930862427,0.006154836621135473,0.3539496064186096,1.1649771928787231,-1.1514661312103271,0.12999999523162842,-0.14933210611343384,0.35562872886657715,0
14,42,45,3,dispatch_decision_block,hierarchical_actor_true_conditional_route_policy,0.4883805811405182,0.31029948592185974,0.652957022190094,0.329043984413147,0.6582088470458984,0.3344697058200836,0.5864741802215576,0.33232685923576355,1.4478635787963867,0.04235627502202988,0.5864711999893188,0.3323282301425934,1.4478635787963867,0.04235627502202988,0.5650452971458435,0.31546497344970703,0.5663326978683472,0.3186924159526825,0.0012874186504632235,0.35857483744621277,1.0835120677947998,-0.8544952273368835,-0.0012874186504632235,0.35857483744621277,0.8544952273368835,-1.0835120677947998,0.21376024186611176,0.12934209406375885,0.4936692714691162,-0.3244205415248871,0.2989591658115387,0.19513773918151855,-0.1892486810684204,0.20226387679576874,0.37396353483200073,0.13861438632011414,0.2989591658115387,0.19513773918151855,-0.1892486810684204,0.20226387679576874,0.37396353483200073,0.13861438632011414,0.2939116954803467,0.39029353857040405,-0.18685390055179596,0.3901824355125427,0.36454713344573975,0.40566909313201904,0.21376024186611176,0.12934209406375885,0.21273110806941986,0.12343253195285797,0.2096489518880844,0.37147530913352966,1.2017297744750977,-0.8658222556114197,-0.004111303016543388,0.36414024233818054,0.9561893939971924,-1.082149863243103,0.019999999552965164,-0.08577097207307816,0.3182756304740906,0
15,45,48,3,dispatch_decision_block,hierarchical_actor_true_conditional_route_policy,0.7043458819389343,0.20596717298030853,0.938080906867981,0.23378679156303406,0.9389601349830627,0.23410403728485107,0.8151427507400513,0.2350623607635498,1.4193108081817627,0.2990310788154602,0.8166958689689636,0.23370438814163208,1.4193108081817627,0.2990310788154602,0.824299156665802,0.21804560720920563,0.828359842300415,0.21795307099819183,0.004060660023242235,0.14660082757472992,0.3883281350135803,-0.5099750757217407,-0.004060660023242235,0.14660082757472992,0.5099750757217407,-0.3883281350135803,0.06300709396600723,0.113146111369133,0.36460089683532715,-0.2955993115901947,-0.023277824744582176,0.13117781281471252,-0.21746861934661865,0.18945328891277313,0.5129292011260986,0.16233272850513458,-0.023277824744582176,0.13117781281471252,-0.21746861934661865,0.18945328891277313,0.5129292011260986,0.16233272850513458,-0.02453804947435856,0.17731870710849762,-0.21108299493789673,0.22501887381076813,0.5007141828536987,0.23187845945358276,0.06300709396600723,0.113146111369133,0.06482675671577454,0.1169465184211731,0.057683657854795456,0.17685306072235107,0.5400755405426025,-0.4179743826389313,-0.005323441233485937,0.1681162714958191,0.38470953702926636,-0.5201295018196106,0.23000000417232513,-0.12654323875904083,0.5753844976425171,0
16,48,51,3,dispatch_decision_block,hierarchical_actor_true_conditional_route_policy,0.6198364496231079,0.2960819900035858,0.9070974588394165,0.3178999423980713,0.8919574022293091,0.316958487033844,0.7306333780288696,0.308946818113327,1.347598671913147,0.2996633052825928,0.7365224361419678,0.3105568587779999,1.347598671913147,0.2996633052825928,0.7646399736404419,0.30140814185142517,0.7748851180076599,0.30924054980278015,0.010245183482766151,0.26676973700523376,0.758393406867981,-0.752086877822876,-0.010245183482766151,0.26676973700523376,0.752086877822876,-0.758393406867981,0.11890332400798798,0.11777718365192413,0.42801886796951294,-0.17303255200386047,0.006259179208427668,0.1529991328716278,0.262559175491333,0.22114615142345428,0.18700261414051056,0.18599119782447815,0.006259179208427668,0.1529991328716278,0.262559175491333,0.22114615142345428,0.18700261414051056,0.18599119782447815,0.0007324921898543835,0.28404945135116577,0.25099632143974304,0.36250531673431396,0.1739783138036728,0.35087883472442627,0.11890332400798798,0.11777718365192413,0.11892703920602798,0.1215946227312088,0.10486489534378052,0.2841469943523407,0.7966510653495789,-0.7890400290489197,-0.014038427732884884,0.28899410367012024,0.7803937792778015,-0.8325295448303223,0.25,-0.25101417303085327,0.6154146790504456,0
17,51,54,3,dispatch_decision_block,hierarchical_actor_true_conditional_route_policy,0.46666404604911804,0.3229871094226837,0.6458282470703125,0.3331664800643921,0.6510801911354065,0.3336602747440338,0.5774610042572021,0.33887895941734314,1.4625427722930908,0.058074820786714554,0.5759928226470947,0.3403265178203583,1.4625427722930908,0.058074820786714554,0.5561820864677429,0.3285044729709625,0.5567315220832825,0.3281858265399933,0.0005494201323017478,0.4433286786079407,1.1240261793136597,-1.0079458951950073,-0.0005494201323017478,0.4433286786079407,1.0079458951950073,-1.1240261793136597,-0.3622022271156311,0.10928300768136978,-0.019393891096115112,-0.6024869680404663,-0.6332381963729858,0.1909855753183365,-0.004987023770809174,0.187903493642807,-0.1584053635597229,0.1851656138896942,-0.6332381963729858,0.1909855753183365,-0.004987023770809174,0.187903493642807,-0.1584053635597229,0.1851656138896942,-0.6195955872535706,0.5121530294418335,-0.004319673404097557,0.45892930030822754,-0.15344835817813873,0.49177423119544983,-0.3622022271156311,0.10928300768136978,-0.3660728335380554,0.10130639374256134,-0.3592623174190521,0.47222521901130676,0.9376777410507202,-1.48524808883667,0.002939932281151414,0.4578125476837158,1.222592830657959,-0.9903931617736816,0.019999999552965164,-0.0946948453783989,0.2868761420249939,0
18,54,57,3,dispatch_decision_block,hierarchical_actor_true_conditional_route_policy,0.4140094816684723,0.31893542408943176,0.6417105793952942,0.3370303809642792,0.6425897479057312,0.3358045518398285,0.5203746557235718,0.33401378989219666,1.4201182126998901,0.0,0.5189391374588013,0.3351985216140747,1.4201182126998901,0.0,0.5318303108215332,0.32674074172973633,0.5322654247283936,0.32658708095550537,0.00043506146175786853,0.451801598072052,1.2539074420928955,-1.199079990386963,-0.00043506146175786853,0.451801598072052,1.199079990386963,-1.2539074420928955,-0.31953534483909607,0.13784906268119812,0.007083132863044739,-0.662062406539917,-0.7756850719451904,0.21360616385936737,0.031949155032634735,0.18376095592975616,0.2065913826227188,0.21155677735805511,-0.7756850719451904,0.21360616385936737,0.031949155032634735,0.18376095592975616,0.2065913826227188,0.21155677735805511,-0.7579270005226135,0.5104190707206726,0.03320161998271942,0.4876154363155365,0.2020832598209381,0.4837128818035126,-0.31953534483909607,0.13784906268119812,-0.31977787613868713,0.12814876437187195,-0.3143364489078522,0.4662896692752838,0.8925603628158569,-1.8179916143417358,0.005198897328227758,0.4563455581665039,1.3896207809448242,-1.3140459060668945,0.14000000059604645,-0.18018843233585358,0.5342696309089661,0
19,57,60,3,dispatch_decision_block,hierarchical_actor_true_conditional_route_policy,0.6276956796646118,0.20537951588630676,0.8843780755996704,0.2268344908952713,0.8692380785942078,0.22534039616584778,0.7340610027313232,0.22222325205802917,1.2438653707504272,0.3237203359603882,0.7370895147323608,0.2213994413614273,1.2438653707504272,0.3237203359603882,0.7464609742164612,0.20764221251010895,0.7533819675445557,0.2112678736448288,0.006921042688190937,0.19946490228176117,0.7341506481170654,-0.42784583568573,-0.006921042688190937,0.19946490228176117,0.42784583568573,-0.7341506481170654,-0.24451476335525513,0.10551151633262634,0.06609270721673965,-0.5332699418067932,-0.2875502109527588,0.14869312942028046,-0.5874270796775818,0.1850946992635727,0.22036156058311462,0.16955986618995667,-0.2875502109527588,0.14869312942028046,-0.5874270796775818,0.1850946992635727,0.22036156058311462,0.16955986618995667,-0.28099051117897034,0.20808333158493042,-0.5819203853607178,0.31483715772628784,0.2131904810667038,0.27471959590911865,-0.24451476335525513,0.10551151633262634,-0.24413113296031952,0.09906811267137527,-0.24512013792991638,0.21777860820293427,0.37627243995666504,-1.1190334558486938,-0.0006053856923244894,0.21176718175411224,0.49309223890304565,-0.8564071655273438,0.0,-0.049128759652376175,0.288312703371048,0
20,60,63,3,dispatch_decision_block,hierarchical_actor_true_conditional_route_policy,0.7024380564689636,0.3373405635356903,0.8860636949539185,0.3461528718471527,0.8913156390190125,0.3471434712409973,0.8088032603263855,0.3466132581233978,1.4793577194213867,0.3287797272205353,0.8113216161727905,0.3489006757736206,1.4793577194213867,0.3287797272205353,0.7978848814964294,0.34168827533721924,0.8017928600311279,0.34765586256980896,0.003907935693860054,0.26871415972709656,0.8551637530326843,-0.7784093022346497,-0.003907935693860054,0.26871415972709656,0.7784093022346497,-0.8551637530326843,0.044210921972990036,0.10638957470655441,0.33551105856895447,-0.24169209599494934,0.03852004185318947,0.1812702715396881,-0.1731974482536316,0.17490458488464355,0.3008265793323517,0.1912602037191391,0.03852004185318947,0.1812702715396881,-0.1731974482536316,0.17490458488464355,0.3008265793323517,0.1912602037191391,0.037369661033153534,0.3013240098953247,-0.1727791279554367,0.33655476570129395,0.2874547839164734,0.354690819978714,0.044210921972990036,0.10638957470655441,0.05019240081310272,0.10958719998598099,0.0433657132089138,0.28303468227386475,0.88448566198349,-0.9920735359191895,-0.000845209346152842,0.2666901648044586,0.7485811114311218,-0.8608248233795166,0.09000000357627869,-0.11014585196971893,0.5151081681251526,0
21,63,66,3,dispatch_decision_block,hierarchical_actor_true_conditional_route_policy,0.5027451515197754,0.3747809827327728,0.7407920360565186,0.37648072838783264,0.7416711449623108,0.38320496678352356,0.6238425970077515,0.3895222842693329,1.6080647706985474,0.025239240378141403,0.6244621276855469,0.39089319109916687,1.6080647706985474,0.025239240378141403,0.6286218166351318,0.37487176060676575,0.6312486529350281,0.3763701617717743,0.002626867266371846,0.49289217591285706,1.135566234588623,-1.2092700004577637,-0.002626867266371846,0.49289217591285706,1.2092700004577637,-1.135566234588623,0.13182231783866882,0.13986998796463013,0.4909946024417877,-0.2668205201625824,0.39604538679122925,0.22655491530895233,0.2225225567817688,0.19244572520256042,-0.39607757329940796,0.15002140402793884,0.39604538679122925,0.22655491530895233,0.2225225567817688,0.19244572520256042,-0.39607757329940796,0.15002140402793884,0.38876044750213623,0.5242810249328613,0.21669542789459229,0.5470762848854065,-0.3909073770046234,0.5468592047691345,0.13182231783866882,0.13986998796463013,0.12995272874832153,0.1471925675868988,0.12835416197776794,0.516051709651947,1.3788174390792847,-1.216040849685669,-0.003468160517513752,0.5247282385826111,1.350812315940857,-1.2748829126358032,0.6800000071525574,-0.2343926876783371,0.5200663805007935,0
22,66,69,3,dispatch_decision_block,hierarchical_actor_true_conditional_route_policy,0.5060654282569885,0.38302797079086304,0.7819886207580566,0.3858962953090668,0.7668486833572388,0.3785143196582794,0.6271629333496094,0.3958657383918762,1.6588791608810425,0.03027966432273388,0.6263920664787292,0.3943219780921936,1.6588791608810425,0.03027966432273388,0.6449163556098938,0.3804771602153778,0.6475046277046204,0.37519609928131104,0.0025882148183882236,0.5032629370689392,1.1126192808151245,-1.2645337581634521,-0.0025882148183882236,0.5032629370689392,1.2645337581634521,-1.1126192808151245,0.05076754465699196,0.09358817338943481,0.3362531065940857,-0.2559983730316162,-0.16775985062122345,0.16424894332885742,0.34573811292648315,0.3022456765174866,0.18127842247486115,0.14637774229049683,-0.16775985062122345,0.16424894332885742,0.34573811292648315,0.3022456765174866,0.18127842247486115,0.14637774229049683,-0.1628134846687317,0.4826672077178955,0.33597466349601746,0.590175986289978,0.1735992431640625,0.530696451663971,0.05076754465699196,0.09358817338943481,0.050692953169345856,0.09255991131067276,0.04638329893350601,0.4854831397533417,1.1266733407974243,-1.001049280166626,-0.004384245723485947,0.46485865116119385,1.0084254741668701,-1.0192126035690308,0.11999999731779099,-0.15743198990821838,0.431119441986084,0
23,69,72,3,dispatch_decision_block,hierarchical_actor_true_conditional_route_policy,0.6712393760681152,0.17813748121261597,0.8583673238754272,0.20902056992053986,0.8636190891265869,0.21316403150558472,0.7923368811607361,0.22026333212852478,1.4233616590499878,0.35160955786705017,0.7946134805679321,0.2235500067472458,1.4233616590499878,0.35160955786705017,0.7616307139396667,0.1912534385919571,0.7635146975517273,0.19388967752456665,0.001884019118733704,0.16458386182785034,0.47891610860824585,-0.5268258452415466,-0.001884019118733704,0.16458386182785034,0.5268258452415466,-0.47891610860824585,0.010430736467242241,0.11754345893859863,0.24686367809772491,-0.2597771883010864,-0.04058795049786568,0.18601350486278534,0.163764089345932,0.19022808969020844,-0.004138600081205368,0.21220846474170685,-0.04058795049786568,0.18601350486278534,0.163764089345932,0.19022808969020844,-0.004138600081205368,0.21220846474170685,-0.04031099006533623,0.23112687468528748,0.15761440992355347,0.2792041003704071,-0.0049211494624614716,0.33418118953704834,0.010430736467242241,0.11754345893859863,0.008900173008441925,0.11046531051397324,0.008630541153252125,0.21526166796684265,0.6832083463668823,-0.5192266702651978,-0.00180019810795784,0.21058036386966705,0.597771406173706,-0.5055326819419861,0.10999999940395355,-0.1923980563879013,0.40649712085723877,0
0,0,3,3,dispatch_decision_block,hierarchical_actor_true_conditional_route_policy,0.6136519908905029,0.27961474657058716,0.8285093903541565,0.2897925078868866,0.8187183141708374,0.29551538825035095,0.7103568911552429,0.293393075466156,1.45686674118042,0.27031847834587097,0.7078181505203247,0.29600080847740173,1.45686674118042,0.27031847834587097,0.7184543013572693,0.28046080470085144,0.7167516350746155,0.2847633957862854,-0.0017026305431500077,0.281318724155426,0.8896388411521912,-0.7162354588508606,0.0017026305431500077,0.281318724155426,0.7162354588508606,-0.8896388411521912,0.07001634687185287,0.0680222362279892,0.44884875416755676,-0.14248260855674744,-0.0013453891733661294,0.10149220377206802,0.24752117693424225,0.13372938334941864,0.02626633085310459,0.14362089335918427,-0.0013453891733661294,0.10149220377206802,0.24752117693424225,0.13372938334941864,0.02626633085310459,0.14362089335918427,0.0018235993338748813,0.3032674789428711,0.24299108982086182,0.31698310375213623,0.027130167931318283,0.31874707341194153,0.07001634687185287,0.0680222362279892,0.07172968983650208,0.06708986312150955,0.07181420922279358,0.28952038288116455,0.7726842164993286,-0.8503040075302124,0.0017978620016947389,0.29103991389274597,0.7314565181732178,-0.8887822031974792,0.20000000298023224,-0.09880726784467697,0.42011237144470215,1
1,3,6,3,dispatch_decision_block,hierarchical_actor_true_conditional_route_policy,0.39854079484939575,0.32868537306785583,0.6344277858734131,0.35481125116348267,0.6393350958824158,0.34776467084884644,0.4952457547187805,0.3374332785606384,1.624970555305481,0.0,0.49603116512298584,0.3363693654537201,1.624970555305481,0.008840629830956459,0.5137397646903992,0.33853399753570557,0.5165413022041321,0.33532264828681946,0.0028015803545713425,0.44338351488113403,0.976408839225769,-1.3491904735565186,-0.0028015803545713425,0.44338351488113403,1.3491904735565186,-0.976408839225769,-0.2862849831581116,0.1543387621641159,0.35305264592170715,-0.5738607048988342,-0.710110604763031,0.1966065764427185,0.5111067891120911,0.12420002371072769,-0.17876102030277252,0.11377235502004623,-0.710110604763031,0.1966065764427185,0.5111067891120911,0.12420002371072769,-0.17876102030277252,0.11377235502004623,-0.6963585019111633,0.4718586206436157,0.4999886751174927,0.4816528558731079,-0.17652538418769836,0.46928396821022034,-0.2862849831581116,0.1543387621641159,-0.28650566935539246,0.15350456535816193,-0.28286880254745483,0.4659372568130493,1.0604736804962158,-1.1281970739364624,0.0034161852672696114,0.4424354135990143,1.3192224502563477,-0.9478222131729126,0.10000000149011612,-0.030041825026273727,0.41690829396247864,1
2,6,9,3,dispatch_decision_block,hierarchical_actor_true_conditional_route_policy,0.45674049854278564,0.3393747806549072,0.6426266431808472,0.35124683380126953,0.637715756893158,0.35275137424468994,0.5534454584121704,0.3564314842224121,1.7930083274841309,0.0,0.554352879524231,0.355134516954422,1.7930083274841309,0.04618239030241966,0.5489872694015503,0.34286367893218994,0.5529654026031494,0.34538453817367554,0.003978147637099028,0.45255541801452637,1.054225206375122,-1.4311285018920898,-0.003978147637099028,0.45255541801452637,1.4311285018920898,-1.054225206375122,-0.33309224247932434,0.13846100866794586,0.3890242576599121,-0.5191411375999451,-0.29709458351135254,0.17705067992210388,-0.538546621799469,0.18901939690113068,-0.187480166554451,0.12099900841712952,-0.29709458351135254,0.17705067992210388,-0.538546621799469,0.18901939690113068,-0.187480166554451,0.12099900841712952,-0.2913006544113159,0.48793306946754456,-0.5285577178001404,0.4910973906517029,-0.1851491928100586,0.47270718216896057,-0.33309224247932434,0.13846100866794586,-0.3298552334308624,0.13785851001739502,-0.3277691900730133,0.4718870222568512,1.0808231830596924,-1.4236087799072266,0.005323037970811129,0.45005789399147034,1.3872947692871094,-1.0254415273666382,0.27000001072883606,-0.057335272431373596,0.49230194091796875,1
3,9,12,3,dispatch_decision_block,hierarchical_actor_true_conditional_route_policy,0.6222144365310669,0.20341472327709198,0.8470625281333923,0.21884658932685852,0.837271511554718,0.21883343160152435,0.7315916419029236,0.22278670966625214,1.3024348020553589,0.16657669842243195,0.7312543392181396,0.22306962311267853,1.3024348020553589,0.16657669842243195,0.7375761270523071,0.20841944217681885,0.7382940649986267,0.20663043856620789,0.0007179948734119534,0.2137770801782608,0.6516367197036743,-0.6075947284698486,-0.0007179948734119534,0.2137770801782608,0.6075947284698486,-0.6516367197036743,-0.12080961465835571,0.10174137353897095,0.16698849201202393,-0.3215487599372864,-0.3212467432022095,0.11833777278661728,-0.5011692047119141,0.09504774957895279,0.6126749515533447,0.13077203929424286,-0.3212467432022095,0.11833777278661728,-0.5011692047119141,0.09504774957895279,0.6126749515533447,0.13077203929424286,-0.31404969096183777,0.2325466424226761,-0.4927923083305359,0.25596192479133606,0.59987872838974,0.2586723268032074,-0.12080961465835571,0.10174137353897095,-0.1203768327832222,0.10489962249994278,-0.11857883632183075,0.23761704564094543,0.49650928378105164,-0.8363620042800903,0.0022307978942990303,0.22457464039325714,0.6417344808578491,-0.6733896136283875,0.36000001430511475,-0.13967815041542053,0.41401737928390503,1
4,12,15,3,dispatch_decision_block,hierarchical_actor_true_conditional_route_policy,0.6866397261619568,0.290071964263916,0.9274742603302002,0.3046298027038574,0.9323815703392029,0.3061331510543823,0.7960168719291687,0.3015499413013458,1.674018383026123,0.2857142984867096,0.7973904609680176,0.29952841997146606,1.674018383026123,0.29705867171287537,0.8079675436019897,0.29692983627319336,0.8129834532737732,0.2910124659538269,0.005015943199396133,0.2775782644748688,0.8796205520629883,-0.8095296621322632,-0.005015943199396133,0.2775782644748688,0.8095296621322632,-0.8796205520629883,0.08146019279956818,0.08341777324676514,0.2995022237300873,-0.12850306928157806,0.3502071797847748,0.1074569895863533,0.190557062625885,0.1442120224237442,-0.47405189275741577,0.11964927613735199,0.3502071797847748,0.1074569895863533,0.190557062625885,0.1442120224237442,-0.47405189275741577,0.11964927613735199,0.3419729173183441,0.28905707597732544,0.1849498599767685,0.3211277425289154,-0.4659793972969055,0.3242948055267334,0.08146019279956818,0.08341777324676514,0.07911830395460129,0.08603639155626297,0.07284093648195267,0.27327728271484375,0.8410038352012634,-0.7574341297149658,-0.008619261905550957,0.2835724353790283,0.9132657051086426,-0.8918404579162598,0.2800000011920929,-0.06587491184473038,0.41496819257736206,1
5,15,18,3,dispatch_decision_block,hierarchical_actor_true_conditional_route_policy,0.510683000087738,0.3702351748943329,0.7070586681365967,0.37874913215637207,0.7021476626396179,0.37906360626220703,0.6200602054595947,0.3803679347038269,1.8580052852630615,0.0,0.6251822113990784,0.37539997696876526,1.8580052852630615,0.07741750776767731,0.6115505695343018,0.37367597222328186,0.6180367469787598,0.366313099861145,0.0064862011931836605,0.5114212036132812,1.2851133346557617,-1.3806267976760864,-0.0064862011931836605,0.5114212036132812,1.3806267976760864,-1.2851133346557617,0.1582186371088028,0.07858587801456451,0.48505526781082153,-0.11094380915164948,0.0578426755964756,0.12527251243591309,0.4704977869987488,0.18122601509094238,0.010009534657001495,0.12231139093637466,0.0578426755964756,0.12527251243591309,0.4704977869987488,0.18122601509094238,0.010009534657001495,0.12231139093637466,0.052594419568777084,0.5478229522705078,0.45560845732688904,0.5415025353431702,0.004434030037373304,0.5540605783462524,0.1582186371088028,0.07858587801456451,0.15916234254837036,0.08657362312078476,0.14921453595161438,0.5323300957679749,1.534076452255249,-1.1922752857208252,-0.00900409184396267,0.5269930362701416,1.4245561361312866,-1.290870189666748,0.20000000298023224,-0.1236884668469429,0.403346985578537,1
6,18,21,3,dispatch_decision_block,hierarchical_actor_true_conditional_route_policy,0.4582388997077942,0.3719116151332855,0.6832888126373291,0.39322754740715027,0.6734977960586548,0.38967177271842957,0.5760291218757629,0.3938102424144745,1.689825177192688,0.0,0.5830217599868774,0.3897067904472351,1.689825177192688,0.017129074782133102,0.5699830055236816,0.3796178996562958,0.5773686766624451,0.37372687458992004,0.007385683245956898,0.5004664063453674,1.234087347984314,-1.5245741605758667,-0.007385683245956898,0.5004664063453674,1.5245741605758667,-1.234087347984314,-0.014679851941764355,0.09718652069568634,0.2928769290447235,-0.3353322446346283,0.10525474697351456,0.10434986650943756,-0.6644486784934998,0.29809749126434326,0.5339990258216858,0.1844552755355835,0.10525474697351456,0.10434986650943756,-0.6644486784934998,0.29809749126434326,0.5339990258216858,0.1844552755355835,0.09836001694202423,0.5128675103187561,-0.6581426858901978,0.5987806916236877,0.5155863761901855,0.5425910949707031,-0.014679851941764355,0.09718652069568634,-0.012702776119112968,0.09981237351894379,-0.020211290568113327,0.5035884380340576,1.3657969236373901,-1.267575740814209,-0.00553144933655858,0.507671058177948,1.523617148399353,-1.25617253780365,0.20000000298023224,-0.0900614932179451,0.4602644443511963,1
7,21,24,3,dispatch_decision_block,hierarchical_actor_true_conditional_route_policy,0.6372202038764954,0.18667557835578918,0.8904522061347961,0.22747668623924255,0.8953593969345093,0.22593015432357788,0.7550105452537537,0.22067603468894958,1.3024793863296509,0.25048816204071045,0.7553269863128662,0.220272034406662,1.3024793863296509,0.25048816204071045,0.76518714427948,0.2017270028591156,0.7682762742042542,0.19837665557861328,0.0030891788192093372,0.1806776374578476,0.5324994325637817,-0.44439196586608887,-0.0030891788192093372,0.1806776374578476,0.44439196586608887,-0.5324994325637817,0.004074151627719402,0.1310999095439911,0.35996586084365845,-0.3153146207332611,-0.5042282342910767,0.22292698919773102,0.5964979529380798,0.17340141534805298,0.3667806386947632,0.14942851662635803,-0.5042282342910767,0.22292698919773102,0.5964979529380798,0.17340141534805298,0.3667806386947632,0.14942851662635803,-0.4911375343799591,0.2955673635005951,0.582004725933075,0.2683243453502655,0.35849130153656006,0.2756970524787903,0.004074151627719402,0.1310999095439911,0.006648221984505653,0.13017433881759644,0.003607500810176134,0.246370330452919,0.7399673461914062,-0.5349231958389282,-0.0004666531167458743,0.19153183698654175,0.4356953501701355,-0.5244312286376953,0.18000000715255737,-0.01886652037501335,0.4907039403915405,1
8,24,27,3,dispatch_decision_block,hierarchical_actor_true_conditional_route_policy,0.7657017707824707,0.3426034152507782,0.9658688306808472,0.38672536611557007,0.960957944393158,0.3909853994846344,0.8834919929504395,0.38364145159721375,1.7249113321304321,0.25,0.8959959149360657,0.38316723704338074,1.7249113321304321,0.31935304403305054,0.8630291819572449,0.36023831367492676,0.8783479928970337,0.3643885850906372,0.01531890407204628,0.3639253079891205,1.122664213180542,-0.8207588195800781,-0.01531890407204628,0.3639253079891205,0.8207588195800781,-1.122664213180542,-0.0064943041652441025,0.17257143557071686,0.3291689157485962,-0.5103789567947388,0.8578147888183594,0.1285589337348938,-0.5721395611763,0.103877492249012,-1.2152162790298462,0.2963442802429199,0.8578147888183594,0.1285589337348938,-0.5721395611763,0.103877492249012,-1.2152162790298462,0.2963442802429199,0.8304315209388733,0.3632829487323761,-0.5729506015777588,0.40476855635643005,-1.201230525970459,0.5042027235031128,-0.0064943041652441025,0.17257143557071686,-0.0019160646479576826,0.16810622811317444,-0.019318837672472,0.41818565130233765,0.913049042224884,-1.538962721824646,-0.012824540957808495,0.3641597628593445,0.8309326171875,-1.1646862030029297,0.33000001311302185,-0.12555523216724396,0.6101904511451721,1
9,27,30,3,dispatch_decision_block,hierarchical_actor_true_conditional_route_policy,0.5205309391021729,0.4257141947746277,0.7345744967460632,0.44962143898010254,0.7247835397720337,0.4445303678512573,0.6208553314208984,0.44564270973205566,1.918088674545288,0.007411157712340355,0.6225265264511108,0.445293664932251,1.918088674545288,0.007411157712340355,0.6230883598327637,0.43047213554382324,0.6269523501396179,0.4355802834033966,0.003863999852910638,0.5726097226142883,1.7456316947937012,-1.433953046798706,-0.003863999852910638,0.5726097226142883,1.433953046798706,-1.7456316947937012,0.00835363008081913,0.08615585416555405,0.32556623220443726,-0.3565571904182434,0.2336616963148117,0.11650841683149338,0.06578529626131058,0.13287435472011566,-0.5262579917907715,0.11233042925596237,0.2336616963148117,0.11650841683149338,0.06578529626131058,0.13287435472011566,-0.5262579917907715,0.11233042925596237,0.22909505665302277,0.5503203272819519,0.06199932470917702,0.5975348353385925,-0.5181300640106201,0.6100960373878479,0.00835363008081913,0.08615585416555405,0.010042499750852585,0.08301293849945068,0.0056451247073709965,0.5772979259490967,1.468927264213562,-1.7562404870986938,-0.0027085018809884787,0.566893458366394,1.414123296737671,-1.766937494277954,0.15000000596046448,-0.06006748974323273,0.3867294490337372,1
10,30,33,3,dispatch_decision_block,hierarchical_actor_true_conditional_route_policy,0.5080475211143494,0.4218676686286926,0.7487943768501282,0.43610507249832153,0.7537016272544861,0.43643710017204285,0.608371913433075,0.4388144016265869,2.036745548248291,0.004575347062200308,0.6082524061203003,0.4388604760169983,2.036745548248291,0.004575347062200308,0.6306635737419128,0.42484915256500244,0.633782684803009,0.4283672869205475,0.003119108732789755,0.5690595507621765,1.4986354112625122,-1.3529974222183228,-0.003119108732789755,0.5690595507621765,1.3529974222183228,-1.4986354112625122,0.23177450895309448,0.16637864708900452,0.5115649700164795,-0.6387453675270081,0.008411480113863945,0.18987475335597992,0.1317165046930313,0.08231526613235474,0.750393807888031,0.2601040005683899,0.008411480113863945,0.18987475335597992,0.1317165046930313,0.08231526613235474,0.750393807888031,0.2601040005683899,0.009634069167077541,0.5760602355003357,0.12813659012317657,0.5983826518058777,0.7339046001434326,0.6086168885231018,0.23177450895309448,0.16637864708900452,0.23000045120716095,0.16085653007030487,0.2230142205953598,0.5704682469367981,1.6070637702941895,-1.2245590686798096,-0.008760282769799232,0.5572013258934021,1.3680709600448608,-1.5134525299072266,0.38999998569488525,-0.10748506337404251,0.5401874780654907,1
11,33,36,3,dispatch_decision_block,hierarchical_actor_true_conditional_route_policy,0.6927977204322815,0.20905731618404388,0.881270170211792,0.2505553364753723,0.8763593435287476,0.2535240352153778,0.7931221127510071,0.24927902221679688,1.523695945739746,0.32370561361312866,0.7990980744361877,0.24797046184539795,1.523695945739746,0.32370561361312866,0.7831663489341736,0.2268950492143631,0.7901179790496826,0.23004399240016937,0.006951541174203157,0.218258798122406,0.5185019373893738,-0.4551892876625061,-0.006951541174203157,0.218258798122406,0.4551892876625061,-0.5185019373893738,-0.11775097250938416,0.10280094295740128,0.06717601418495178,-0.5175067782402039,0.07110145688056946,0.12584348022937775,-0.8569164872169495,0.13557183742523193,0.20628343522548676,0.1304308921098709,0.07110145688056946,0.12584348022937775,-0.8569164872169495,0.13557183742523193,0.20628343522548676,0.1304308921098709,0.06508044898509979,0.2315513640642166,-0.8458080291748047,0.31421104073524475,0.19497522711753845,0.27146419882774353,-0.11775097250938416,0.10280094295740128,-0.11298885941505432,0.10524708032608032,-0.1185455322265625,0.2552816867828369,0.4219411611557007,-0.7483371496200562,-0.0007945680408738554,0.23182269930839539,0.5368444919586182,-0.5244068503379822,0.20000000298023224,-0.1750016063451767,0.4181005358695984,1
12,36,39,3,dispatch_decision_block,hierarchical_actor_true_conditional_route_policy,0.5729417204856873,0.2566783130168915,0.7987714409828186,0.2704855799674988,0.7889804244041443,0.27164575457572937,0.68212890625,0.27143579721450806,1.4609043598175049,0.28702929615974426,0.6828796863555908,0.27241605520248413,1.4609043598175049,0.28702929615974426,0.6895523071289062,0.25889596343040466,0.6917369365692139,0.26275089383125305,0.0021846287418156862,0.23240728676319122,0.551262617111206,-0.7576380968093872,-0.0021846287418156862,0.23240728676319122,0.7576380968093872,-0.551262617111206,-0.3152676522731781,0.0764414370059967,-0.07172152400016785,-0.49238505959510803,-0.5346835255622864,0.12983639538288116,-0.05358733981847763,0.08953023701906204,-0.16141843795776367,0.12773115932941437,-0.5346835255622864,0.12983639538288116,-0.05358733981847763,0.08953023701906204,-0.16141843795776367,0.12773115932941437,-0.5233110189437866,0.2622557580471039,-0.055503349751234055,0.2663010060787201,-0.15981894731521606,0.2738763391971588,-0.3152676522731781,0.0764414370059967,-0.3122695982456207,0.07577361911535263,-0.3073793947696686,0.24290557205677032,0.390752375125885,-0.9180372357368469,0.007888305932283401,0.2501959204673767,0.7722189426422119,-0.7529377937316895,0.38999998569488525,-0.10675358772277832,0.4863869249820709,1
13,39,42,3,dispatch_decision_block,hierarchical_actor_true_conditional_route_policy,0.373443067073822,0.2636340260505676,0.612885594367981,0.29627910256385803,0.6177929043769836,0.2910041809082031,0.4826302230358124,0.27871108055114746,1.488676905632019,0.012892321683466434,0.4795382618904114,0.27835071086883545,1.488676905632019,0.012892321683466434,0.49043968319892883,0.2732897996902466,0.49129584431648254,0.27637651562690735,0.0008561372524127364,0.38307273387908936,1.080720067024231,-1.0689103603363037,-0.0008561372524127364,0.38307273387908936,1.0689103603363037,-1.080720067024231,-0.14498476684093475,0.1198294386267662,0.28600674867630005,-0.4648364186286926,0.09960712492465973,0.11397924274206161,-0.9367049336433411,0.23161357641220093,0.036120910197496414,0.09893231838941574,0.09960712492465973,0.11397924274206161,-0.9367049336433411,0.23161357641220093,0.036120910197496414,0.09893231838941574,0.10160753130912781,0.38076987862586975,-0.9149429202079773,0.4862973392009735,0.03730103746056557,0.42604678869247437,-0.14498476684093475,0.1198294386267662,-0.14238525927066803,0.12223955243825912,-0.14141683280467987,0.414915531873703,0.9047414064407349,-1.255509376525879,0.003567934036254883,0.3793420195579529,1.0679270029067993,-1.0681830644607544,0.25,-0.10143282264471054,0.5555870532989502,1
14,42,45,3,dispatch_decision_block,hierarchical_actor_true_conditional_route_policy,0.4414704144001007,0.28768789768218994,0.6312386989593506,0.30885133147239685,0.6263278126716614,0.30896326899528503,0.5506575703620911,0.31366902589797974,1.6805567741394043,0.07452841848134995,0.5488741397857666,0.3135029077529907,1.6805567741394043,0.07452841848134995,0.5271194577217102,0.2988163232803345,0.5280304551124573,0.29943937063217163,0.0009109640377573669,0.3996436297893524,1.0483232736587524,-1.129577398300171,-0.0009109640377573669,0.3996436297893524,1.129577398300171,-1.0483232736587524,0.10268663614988327,0.09701383113861084,0.3508298099040985,-0.22644376754760742,0.11982659250497818,0.1125459372997284,-0.5398244261741638,0.16960357129573822,0.7545053362846375,0.18584559857845306,0.11982659250497818,0.1125459372997284,-0.5398244261741638,0.16960357129573822,0.7545053362846375,0.18584559857845306,0.11989836394786835,0.4045558273792267,-0.5267366766929626,0.43783247470855713,0.7399079203605652,0.45400699973106384,0.10268663614988327,0.09701383113861084,0.10411500185728073,0.10111243277788162,0.10095030814409256,0.42441195249557495,1.286199927330017,-1.1558092832565308,-0.0017363214865326881,0.3988600969314575,1.1264781951904297,-1.0851612091064453,0.10999999940395355,-0.11047881841659546,0.4082805812358856,1
15,45,48,3,dispatch_decision_block,hierarchical_actor_true_conditional_route_policy,0.6104662418365479,0.2173408418893814,0.8274334669113159,0.2370343804359436,0.8176425099372864,0.24388465285301208,0.7102997303009033,0.24748247861862183,1.6048097610473633,0.2770231366157532,0.7123304009437561,0.24720805883407593,1.6048097610473633,0.2770231366157532,0.7079341411590576,0.2246374636888504,0.7125697135925293,0.22563643753528595,0.004635619930922985,0.19078028202056885,0.47212833166122437,-0.5117793083190918,-0.004635619930922985,0.19078028202056885,0.5117793083190918,-0.47212833166122437,-0.14559632539749146,0.08465321362018585,0.11599680781364441,-0.3185897767543793,-0.1986449807882309,0.10382168740034103,-0.629024863243103,0.15741312503814697,0.5143755078315735,0.14145587384700775,-0.1986449807882309,0.10382168740034103,-0.629024863243103,0.15741312503814697,0.5143755078315735,0.14145587384700775,-0.19615764915943146,0.21970117092132568,-0.6197072863578796,0.2775055468082428,0.5007719993591309,0.26636064052581787,-0.14559632539749146,0.08465321362018585,-0.1499825119972229,0.0880465880036354,-0.15088270604610443,0.22195382416248322,0.44755515456199646,-0.7232761383056641,-0.005286393221467733,0.2208537757396698,0.5402206182479858,-0.7540577054023743,0.23999999463558197,-0.12004470825195312,0.4672309160232544,1
16,48,51,3,dispatch_decision_block,hierarchical_actor_true_conditional_route_policy,0.6787144541740417,0.3041380047798157,0.9042405486106873,0.30403390526771545,0.9091477394104004,0.31199023127555847,0.7785478234291077,0.30881014466285706,1.4315009117126465,0.29475077986717224,0.772337794303894,0.31053370237350464,1.4315009117126465,0.29475077986717224,0.7928199768066406,0.30241596698760986,0.7883903384208679,0.30468621850013733,-0.00442964443936944,0.2589088976383209,0.7787502408027649,-0.6766831278800964,0.00442964443936944,0.2589088976383209,0.6766831278800964,-0.7787502408027649,0.11561443656682968,0.08656574040651321,0.31695759296417236,-0.23084533214569092,-0.05025792494416237,0.10417241603136063,0.43383607268333435,0.14047542214393616,0.12737902998924255,0.14707790315151215,-0.05025792494416237,0.10417241603136063,0.43383607268333435,0.14047542214393616,0.12737902998924255,0.14707790315151215,-0.04144900664687157,0.26401200890541077,0.43066251277923584,0.3079295754432678,0.12965163588523865,0.3017725944519043,0.11561443656682968,0.08656574040651321,0.12279810011386871,0.08271954208612442,0.12349002063274384,0.26356348395347595,0.924059271812439,-0.6093854308128357,0.007875580340623856,0.26060593128204346,0.6528788805007935,-0.6834968328475952,0.3400000035762787,-0.02816964127123356,1.4171453714370728,1
17,51,54,3,dispatch_decision_block,hierarchical_actor_true_conditional_route_policy,0.5377496480941772,0.44880208373069763,0.7267581224441528,0.465182900428772,0.7218471765518188,0.4633147120475769,0.6375830173492432,0.4642717242240906,2.1085872650146484,0.021031832322478294,0.6251294612884521,0.4484843313694,2.1085872650146484,0.021031832322478294,0.6333624124526978,0.45027101039886475,0.6226332187652588,0.44057103991508484,-0.010729184374213219,0.5906906723976135,1.4388010501861572,-1.676062822341919,0.010729184374213219,0.5906906723976135,1.676062822341919,-1.4388010501861572,-0.4383339583873749,0.12371781468391418,0.008984461426734924,-0.706451952457428,-0.7626373171806335,0.1511717140674591,0.27935248613357544,0.11805947124958038,-0.5085832476615906,0.14952880144119263,-0.7626373171806335,0.1511717140674591,0.27935248613357544,0.11805947124958038,-0.5085832476615906,0.14952880144119263,-0.7340713739395142,0.6132678985595703,0.2853764295578003,0.6079121828079224,-0.4863721430301666,0.6107844114303589,-0.4383339583873749,0.12371781468391418,-0.43315353989601135,0.12504863739013672,-0.41444480419158936,0.6054152250289917,1.3144360780715942,-1.8788409233093262,0.02388915792107582,0.5997440814971924,1.6752111911773682,-1.3733110427856445,0.3499999940395355,-0.15733367204666138,0.5753103494644165,1
18,54,57,3,dispatch_decision_block,hierarchical_actor_true_conditional_route_policy,0.48828190565109253,0.44838809967041016,0.7215840220451355,0.464581161737442,0.7117930054664612,0.4670405089855194,0.6043415665626526,0.46920138597488403,2.2634527683258057,0.019458534196019173,0.5900935530662537,0.45304247736930847,2.2634527683258057,0.019458534196019173,0.6016144156455994,0.4526965022087097,0.5901471376419067,0.437802791595459,-0.011467337608337402,0.5951477885246277,1.6764943599700928,-1.522261142730713,0.011467337608337402,0.5951477885246277,1.522261142730713,-1.6764943599700928,-0.29751694202423096,0.12781238555908203,0.210679829120636,-0.5721311569213867,-0.7796337604522705,0.2268490344285965,0.11168000102043152,0.11365849524736404,0.24111999571323395,0.17568626999855042,-0.7796337604522705,0.2268490344285965,0.11168000102043152,0.11365849524736404,0.24111999571323395,0.17568626999855042,-0.7483335137367249,0.6433268189430237,0.12192349135875702,0.6080213189125061,0.2498304694890976,0.6076838970184326,-0.29751694202423096,0.12781238555908203,-0.2903635501861572,0.14254625141620636,-0.2712754011154175,0.6101794838905334,1.2464513778686523,-1.919996738433838,0.026241546496748924,0.616108238697052,1.4910956621170044,-1.6832021474838257,0.3400000035762787,-0.11881183832883835,0.4721572995185852,1
19,57,60,3,dispatch_decision_block,hierarchical_actor_true_conditional_route_policy,0.6195968389511108,0.19371190667152405,0.8701977729797363,0.23917256295681,0.8751049637794495,0.24249224364757538,0.7356565594673157,0.22813092172145844,1.5641133785247803,0.1963968575000763,0.7340548634529114,0.22859127819538116,1.5641133785247803,0.1963968575000763,0.7463531494140625,0.20988021790981293,0.747215211391449,0.21291004121303558,0.0008620184380561113,0.22361011803150177,0.5957140326499939,-0.514641284942627,-0.0008620184380561113,0.22361011803150177,0.514641284942627,-0.5957140326499939,-0.1643904447555542,0.09621857851743698,0.04532826691865921,-0.473957359790802,-0.07782107591629028,0.10269708186388016,-0.8618471026420593,0.16132192313671112,0.3145971894264221,0.10221801698207855,-0.07782107591629028,0.10269708186388016,-0.8618471026420593,0.16132192313671112,0.3145971894264221,0.10221801698207855,-0.07471645623445511,0.2257847934961319,-0.843132495880127,0.3300868272781372,0.3094712197780609,0.2696112096309662,-0.1643904447555542,0.09621857851743698,-0.15915267169475555,0.09223562479019165,-0.15611907839775085,0.25409311056137085,0.4828404188156128,-0.7373107671737671,0.008271363563835621,0.230741485953331,0.5393233299255371,-0.5923737287521362,0.20000000298023224,-0.11422542482614517,0.30372339487075806,1
20,60,63,3,dispatch_decision_block,hierarchical_actor_true_conditional_route_policy,0.6849530935287476,0.34736743569374084,0.8857585787773132,0.37842318415641785,0.880847692489624,0.3763480484485626,0.8010127544403076,0.37481358647346497,1.8060870170593262,0.3100033104419708,0.800319492816925,0.3754991590976715,1.8060870170593262,0.3100033104419708,0.7892175912857056,0.36367955803871155,0.79052734375,0.3645250201225281,0.0013097763294354081,0.32549187541007996,0.7987401485443115,-0.7356045246124268,-0.0013097763294354081,0.32549187541007996,0.7356045246124268,-0.7987401485443115,0.042142704129219055,0.07122459262609482,0.47103559970855713,-0.13845106959342957,0.03701876103878021,0.09436409920454025,-0.056561488658189774,0.11133545637130737,0.15680547058582306,0.1215365007519722,0.03701876103878021,0.09436409920454025,-0.056561488658189774,0.11133545637130737,0.15680547058582306,0.1215365007519722,0.03765376657247543,0.3452312648296356,-0.05538405105471611,0.37801575660705566,0.15293461084365845,0.3643169701099396,0.042142704129219055,0.07122459262609482,0.04155389964580536,0.06898170709609985,0.040137387812137604,0.3432522714138031,0.9356223344802856,-0.7720419764518738,-0.0020053302869200706,0.3466963768005371,0.8433932662010193,-0.9107633829116821,0.27000001072883606,-0.14628195762634277,0.44097331166267395,1
21,63,66,3,dispatch_decision_block,hierarchical_actor_true_conditional_route_policy,0.4243531823158264,0.36078113317489624,0.646074116230011,0.37103623151779175,0.6362830400466919,0.37119656801223755,0.5240173935890198,0.37889260053634644,1.5658069849014282,0.0024151261895895004,0.5170169472694397,0.38052883744239807,1.5658069849014282,0.0024151261895895004,0.5382257103919983,0.3653211295604706,0.5336504578590393,0.36460280418395996,-0.004575259517878294,0.48100578784942627,1.4342200756072998,-1.3421368598937988,0.004575259517878294,0.48100578784942627,1.3421368598937988,-1.4342200756072998,0.1675407737493515,0.14278122782707214,0.49748024344444275,-0.41193118691444397,0.5605097413063049,0.25989264249801636,0.042083490639925,0.14519880712032318,-0.4099728465080261,0.12936747074127197,0.5605097413063049,0.25989264249801636,0.042083490639925,0.14519880712032318,-0.4099728465080261,0.12936747074127197,0.5564135313034058,0.5328060388565063,0.04583164304494858,0.5269319415092468,-0.3958039879798889,0.5156225562095642,0.1675407737493515,0.14278122782707214,0.1724168062210083,0.13833309710025787,0.1744607537984848,0.5048810839653015,1.4946645498275757,-1.5054128170013428,0.0069199539721012115,0.49320217967033386,1.3749604225158691,-1.443385362625122,0.20000000298023224,-0.11514158546924591,0.3745756447315216,1
22,66,69,3,dispatch_decision_block,hierarchical_actor_true_conditional_route_policy,0.4318210482597351,0.36685702204704285,0.6654614806175232,0.376134991645813,0.6703687310218811,0.36718982458114624,0.5314853191375732,0.38565298914909363,1.6968601942062378,0.004847489297389984,0.5249701142311096,0.3868708312511444,1.6968601942062378,0.004847489297389984,0.5534922480583191,0.3722325563430786,0.5477225184440613,0.3693358898162842,-0.005769731942564249,0.4722172021865845,1.5752447843551636,-1.0980982780456543,0.005769731942564249,0.4722172021865845,1.0980982780456543,-1.5752447843551636,0.13872751593589783,0.11177300661802292,0.338556170463562,-0.36565056443214417,-0.2054949551820755,0.09587819129228592,0.6275478601455688,0.18788272142410278,0.3215792775154114,0.11058323085308075,-0.2054949551820755,0.09587819129228592,0.6275478601455688,0.18788272142410278,0.3215792775154114,0.11058323085308075,-0.19453899562358856,0.46635234355926514,0.6209960579872131,0.52653968334198,0.3202664852142334,0.47046130895614624,0.13872751593589783,0.11177300661802292,0.1393066644668579,0.10873467475175858,0.14220279455184937,0.48741990327835083,1.312589168548584,-1.4160430431365967,0.003475289326161146,0.4590809941291809,1.1267166137695312,-1.596835732460022,0.27000001072883606,-0.16381466388702393,0.42381349205970764,1
23,69,72,3,dispatch_decision_block,hierarchical_actor_true_conditional_route_policy,0.6490321159362793,0.22900477051734924,0.833598792552948,0.26645007729530334,0.8286877274513245,0.2653343677520752,0.7486962080001831,0.2630293369293213,1.4922040700912476,0.2341340184211731,0.7485752701759338,0.26320555806159973,1.4922040700912476,0.2341340184211731,0.7363941073417664,0.2505393624305725,0.7375651001930237,0.2523684799671173,0.0011709118261933327,0.21013565361499786,0.6382097005844116,-0.6565742492675781,-0.0011709118261933327,0.21013565361499786,0.6565742492675781,-0.6382097005844116,-0.11810430884361267,0.0760176032781601,0.253267765045166,-0.279578298330307,-0.18016551434993744,0.09086605161428452,0.26284313201904297,0.1379898339509964,-0.324422687292099,0.21173179149627686,-0.18016551434993744,0.09086605161428452,0.26284313201904297,0.1379898339509964,-0.324422687292099,0.21173179149627686,-0.1752890795469284,0.2054128497838974,0.25725260376930237,0.27951085567474365,-0.31783923506736755,0.33002570271492004,-0.11810430884361267,0.0760176032781601,-0.12018788605928421,0.07200563699007034,-0.11973438411951065,0.22556515038013458,0.4442790150642395,-0.799778163433075,-0.0016300773713737726,0.2182692140340805,0.6078037619590759,-0.6457624435424805,0.25,-0.03311419114470482,0.5072073936462402,1
0,0,3,3,dispatch_decision_block,hierarchical_actor_true_conditional_route_policy,0.5818008780479431,0.2735718786716461,0.8244732618331909,0.2922418713569641,0.8088277578353882,0.2960733473300934,0.6902002096176147,0.29653987288475037,1.5823725461959839,0.2666666805744171,0.6933674812316895,0.2936769127845764,1.5823725461959839,0.2691918611526489,0.6992702484130859,0.2732844948768616,0.7046830058097839,0.27184706926345825,0.005412694066762924,0.26783236861228943,0.8420348763465881,-0.7103735208511353,-0.005412694066762924,0.26783236861228943,0.7103735208511353,-0.8420348763465881,-0.18887126445770264,0.09976772964000702,0.1481579691171646,-0.3412901759147644,-0.18306706845760345,0.16970738768577576,-0.10066654533147812,0.18272870779037476,-0.35298702120780945,0.16798126697540283,-0.18306706845760345,0.16970738768577576,-0.10066654533147812,0.18272870779037476,-0.35298702120780945,0.16798126697540283,-0.17993073165416718,0.3142453730106354,-0.10386335104703903,0.33818870782852173,-0.35006019473075867,0.3342854082584381,-0.18887126445770264,0.09976772964000702,-0.18883293867111206,0.1033773347735405,-0.1901678889989853,0.29056206345558167,0.5646006464958191,-1.005298376083374,-0.0012966025387868285,0.27576833963394165,0.6662576794624329,-0.8109355568885803,0.11999999731779099,-0.0011895692441612482,0.41052162647247314,2
1,3,6,3,dispatch_decision_block,hierarchical_actor_true_conditional_route_policy,0.45042723417282104,0.3221546411514282,0.6826910376548767,0.3474671542644501,0.6882425546646118,0.3400685787200928,0.5588266253471375,0.3321118950843811,1.507053017616272,0.0,0.5662133097648621,0.32778701186180115,1.507053017616272,0.0393800288438797,0.5692079663276672,0.3329544961452484,0.5779973864555359,0.32873210310935974,0.008789395913481712,0.4134032726287842,0.7475242614746094,-1.2349666357040405,-0.008789395913481712,0.4134032726287842,1.2349666357040405,-0.7475242614746094,-0.1334172487258911,0.12673726677894592,0.29116296768188477,-0.5500202775001526,-0.45243072509765625,0.2109730839729309,0.30090445280075073,0.17587952315807343,0.04194151982665062,0.12631502747535706,-0.45243072509765625,0.2109730839729309,0.30090445280075073,0.17587952315807343,0.04194151982665062,0.12631502747535706,-0.44767677783966064,0.4367068409919739,0.2874397337436676,0.45309969782829285,0.03420175239443779,0.4241655170917511,-0.1334172487258911,0.12673726677894592,-0.13024982810020447,0.12424533814191818,-0.13398604094982147,0.4060429632663727,1.1585984230041504,-0.8672518134117126,-0.0005688118981197476,0.38247159123420715,1.0714364051818848,-0.7227176427841187,0.23000000417232513,-0.1271096169948578,0.3508591651916504,2
2,6,9,3,dispatch_decision_block,hierarchical_actor_true_conditional_route_policy,0.503577470779419,0.33079400658607483,0.6994800567626953,0.35145995020866394,0.6999566555023193,0.3488748073577881,0.6119768619537354,0.35085028409957886,1.5422559976577759,0.0,0.6192066073417664,0.34557443857192993,1.5422559976577759,0.08738136291503906,0.6049061417579651,0.33702075481414795,0.6169174909591675,0.3336718678474426,0.012011322192847729,0.40040943026542664,0.8522802591323853,-1.0436811447143555,-0.012011322192847729,0.40040943026542664,1.0436811447143555,-0.8522802591323853,-0.2105654925107956,0.1327727884054184,0.2259431928396225,-0.43761610984802246,-0.1284286379814148,0.14900408685207367,-0.6187555193901062,0.2570624053478241,0.0545826256275177,0.09759317338466644,-0.1284286379814148,0.14900408685207367,-0.6187555193901062,0.2570624053478241,0.0545826256275177,0.09759317338466644,-0.13101255893707275,0.41045671701431274,-0.6128108501434326,0.45838627219200134,0.044864751398563385,0.41943755745887756,-0.2105654925107956,0.1327727884054184,-0.2074091136455536,0.13657309114933014,-0.21625715494155884,0.4087294042110443,0.913415789604187,-1.1393007040023804,-0.005691652186214924,0.38449570536613464,1.0689074993133545,-0.8251508474349976,0.17000000178813934,-0.12850908935070038,0.37255433201789856,2
3,9,12,3,dispatch_decision_block,hierarchical_actor_true_conditional_route_policy,0.6485663652420044,0.23407787084579468,0.8912369012832642,0.25353506207466125,0.8755914568901062,0.24987144768238068,0.7680502533912659,0.2474454790353775,1.4000402688980103,0.08694984018802643,0.772352933883667,0.24192112684249878,1.4000402688980103,0.08694984018802643,0.7628974318504333,0.23913802206516266,0.7708026170730591,0.2371535301208496,0.007905211299657822,0.23152044415473938,0.5872420072555542,-0.6428213119506836,-0.007905211299657822,0.23152044415473938,0.6428213119506836,-0.5872420072555542,-0.023364409804344177,0.0766475722193718,0.3094742000102997,-0.2198578119277954,-0.017062805593013763,0.16023796796798706,-0.22678810358047485,0.18712405860424042,0.18413589894771576,0.13765838742256165,-0.017062805593013763,0.16023796796798706,-0.22678810358047485,0.18712405860424042,0.18413589894771576,0.13765838742256165,-0.019435489550232887,0.2788896858692169,-0.22881802916526794,0.3233477473258972,0.1737985610961914,0.29267701506614685,-0.023364409804344177,0.0766475722193718,-0.029329929500818253,0.08255089074373245,-0.03628373146057129,0.2443629503250122,0.6175317168235779,-0.6104719638824463,-0.012919318862259388,0.2548634111881256,0.6641950607299805,-0.5936675071716309,0.09000000357627869,-0.04924164339900017,0.4035189747810364,2
4,12,15,3,dispatch_decision_block,hierarchical_actor_true_conditional_route_policy,0.6786861419677734,0.26676154136657715,0.9166692495346069,0.2780389189720154,0.922220766544342,0.2880003750324249,0.7981698513031006,0.27899232506752014,1.4757148027420044,0.286753386259079,0.79473477602005,0.2786006033420563,1.4757148027420044,0.286753386259079,0.7936976552009583,0.2789824306964874,0.7942047715187073,0.27862462401390076,0.0005071282503195107,0.24330343306064606,0.5197762250900269,-0.8097755908966064,-0.0005071282503195107,0.24330343306064606,0.8097755908966064,-0.5197762250900269,0.06471182405948639,0.08603373914957047,0.25618311762809753,-0.1742967665195465,0.21862906217575073,0.10031908005475998,0.3183972239494324,0.23833860456943512,-0.3937617540359497,0.16557621955871582,0.21862906217575073,0.10031908005475998,0.3183972239494324,0.23833860456943512,-0.3937617540359497,0.16557621955871582,0.21847239136695862,0.24054381251335144,0.3139194846153259,0.3638671934604645,-0.3833979070186615,0.318127304315567,0.06471182405948639,0.08603373914957047,0.07246963679790497,0.0817459225654602,0.07027347385883331,0.24894122779369354,0.8868865370750427,-0.5979195237159729,0.005561651661992073,0.23621562123298645,0.7445682287216187,-0.5330899953842163,0.07999999821186066,-0.033499009907245636,0.44806137681007385,2
5,15,18,3,dispatch_decision_block,hierarchical_actor_true_conditional_route_policy,0.47109100222587585,0.3221783936023712,0.6659831404685974,0.32536834478378296,0.6664596796035767,0.3218228816986084,0.5905748009681702,0.3332483768463135,1.5712088346481323,0.056044768542051315,0.5811371803283691,0.3183748722076416,1.4808809757232666,0.056044768542051315,0.5684243440628052,0.3185030221939087,0.5618411302566528,0.3063904345035553,-0.0065832496620714664,0.4173664152622223,1.054621696472168,-0.9401023983955383,0.0065832496620714664,0.4173664152622223,0.9401023983955383,-1.054621696472168,0.0740382969379425,0.14505329728126526,0.44097334146499634,-0.421659916639328,0.09029893577098846,0.17095766961574554,0.07721942663192749,0.154517263174057,0.039497386664152145,0.2235947996377945,0.09029893577098846,0.17095766961574554,0.07721942663192749,0.154517263174057,0.039497386664152145,0.2235947996377945,0.0998445451259613,0.4583417475223541,0.08410975337028503,0.464196115732193,0.04776711389422417,0.4914071559906006,0.0740382969379425,0.14505329728126526,0.07368522882461548,0.14273041486740112,0.07953692227602005,0.4562940001487732,1.4228079319000244,-1.0483750104904175,0.005498630926012993,0.43582361936569214,0.9824447631835938,-1.048087239265442,0.20000000298023224,-0.08165057003498077,0.3277948498725891,2
6,18,21,3,dispatch_decision_block,hierarchical_actor_true_conditional_route_policy,0.40580421686172485,0.32665055990219116,0.6569069027900696,0.3212195932865143,0.6412614583969116,0.32425907254219055,0.5307881832122803,0.328514039516449,1.5712088346481323,0.03504086285829544,0.5196832418441772,0.31148433685302734,1.3767329454421997,0.03504086285829544,0.5318330526351929,0.31542909145355225,0.5241513252258301,0.3049640953540802,-0.007681744173169136,0.44201555848121643,0.9977478981018066,-1.0287835597991943,0.007681744173169136,0.44201555848121643,1.0287835597991943,-0.9977478981018066,-0.11726627498865128,0.1169792041182518,0.23171059787273407,-0.4347797930240631,0.2066359668970108,0.13352873921394348,-0.6955829858779907,0.30369022488594055,-0.094831183552742,0.08561293035745621,0.2066359668970108,0.13352873921394348,-0.6955829858779907,0.30369022488594055,-0.094831183552742,0.08561293035745621,0.21417570114135742,0.4791872501373291,-0.6711685657501221,0.5429186224937439,-0.08374626934528351,0.4660252332687378,-0.11726627498865128,0.1169792041182518,-0.11663436144590378,0.11983966827392578,-0.10604097694158554,0.47019487619400024,1.0224969387054443,-1.171187162399292,0.01122530922293663,0.46899423003196716,0.9898848533630371,-1.2922531366348267,0.2199999988079071,-0.09219183772802353,0.440481036901474,2
7,21,24,3,dispatch_decision_block,hierarchical_actor_true_conditional_route_policy,0.641908586025238,0.20881196856498718,0.8910260200500488,0.21305108070373535,0.8965775370597839,0.21388357877731323,0.7668926119804382,0.21750909090042114,1.5952949523925781,0.2329190969467163,0.7619208693504333,0.21607376635074615,1.5952949523925781,0.2329190969467163,0.7606414556503296,0.20422597229480743,0.758358895778656,0.20685479044914246,-0.002282497938722372,0.20557405054569244,0.5184412002563477,-0.6855047941207886,0.002282497938722372,0.20557405054569244,0.6855047941207886,-0.5184412002563477,-0.0634770616889,0.11024919152259827,0.23891867697238922,-0.37290525436401367,-0.3244470953941345,0.15429595112800598,0.46593528985977173,0.20809853076934814,-0.08454986661672592,0.12312280386686325,-0.3244470953941345,0.15429595112800598,0.46593528985977173,0.20809853076934814,-0.08454986661672592,0.12312280386686325,-0.3112879991531372,0.2400248944759369,0.46012356877326965,0.3276737332344055,-0.07777109742164612,0.26120489835739136,-0.0634770616889,0.11024919152259827,-0.06014307960867882,0.11084849387407303,-0.056714024394750595,0.22676308453083038,0.5486487150192261,-0.5433728694915771,0.00676303543150425,0.21238020062446594,0.643133819103241,-0.49627482891082764,0.28999999165534973,-0.07032161206007004,0.5635095238685608,2
8,24,27,3,dispatch_decision_block,hierarchical_actor_true_conditional_route_policy,0.717516303062439,0.31326013803482056,0.9232723712921143,0.3334941565990448,0.9237490296363831,0.33823809027671814,0.8425003290176392,0.3388342559337616,1.7653568983078003,0.31646034121513367,0.8387407660484314,0.33915138244628906,1.7653568983078003,0.31646034121513367,0.8195176720619202,0.31464359164237976,0.8212038278579712,0.32081422209739685,0.001686205854639411,0.30114519596099854,0.7608387470245361,-0.9022538065910339,-0.001686205854639411,0.30114519596099854,0.9022538065910339,-0.7608387470245361,-0.03177429363131523,0.26885363459587097,0.5672452449798584,-0.8165286779403687,1.052298903465271,0.3125019073486328,-0.5552276372909546,0.2183508723974228,-1.6100437641143799,0.4927709698677063,1.052298903465271,0.3125019073486328,-0.5552276372909546,0.2183508723974228,-1.6100437641143799,0.4927709698677063,1.0348621606826782,0.4315779209136963,-0.5412387251853943,0.38805851340293884,-1.5732630491256714,0.6222065091133118,-0.03177429363131523,0.26885363459587097,-0.03512752428650856,0.2660122513771057,-0.03772346302866936,0.4540702998638153,1.0674488544464111,-1.194763422012329,-0.005949190352112055,0.3105735182762146,0.9250186681747437,-0.813139021396637,0.3100000023841858,-0.09916800260543823,0.5150004029273987,2
9,27,30,3,dispatch_decision_block,hierarchical_actor_true_conditional_route_policy,0.5063541531562805,0.40379810333251953,0.7352210283279419,0.3989968001842499,0.7195755839347839,0.39923375844955444,0.6028467416763306,0.4095696210861206,1.9040710926055908,0.0112760653719306,0.5989394187927246,0.4049590826034546,1.9040710926055908,0.0112760653719306,0.6146913170814514,0.40126127004623413,0.6141415238380432,0.39578157663345337,-0.0005498075624927878,0.5021559596061707,1.2903695106506348,-1.6063493490219116,0.0005498075624927878,0.5021559596061707,1.6063493490219116,-1.2903695106506348,-0.01074221357703209,0.09806793928146362,0.3387679159641266,-0.24132385849952698,0.2836524546146393,0.14709755778312683,-0.059386320412158966,0.24601006507873535,-0.6354310512542725,0.16513735055923462,0.2836524546146393,0.14709755778312683,-0.059386320412158966,0.24601006507873535,-0.6354310512542725,0.16513735055923462,0.2820764482021332,0.5261710286140442,-0.05578247085213661,0.5808074474334717,-0.6200518012046814,0.5206703543663025,-0.01074221357703209,0.09806793928146362,-0.01137604471296072,0.09882523864507675,-0.01074302289634943,0.5139637589454651,1.5567872524261475,-1.2538578510284424,-8.1062319168268e-07,0.5103172063827515,1.570134162902832,-1.2652677297592163,0.15000000596046448,0.006189691834151745,0.6262314915657043,2
10,30,33,3,dispatch_decision_block,hierarchical_actor_true_conditional_route_policy,0.5149106383323669,0.4099270701408386,0.7326982021331787,0.41316500306129456,0.7382497191429138,0.41538456082344055,0.611403226852417,0.4153331220149994,1.7450450658798218,0.014029420912265778,0.6071574687957764,0.4106529951095581,1.7450450658798218,0.014029420912265778,0.6258647441864014,0.40778303146362305,0.625323474407196,0.40322408080101013,-0.0005411672755144536,0.5215233564376831,1.5248312950134277,-1.5094153881072998,0.0005411672755144536,0.5215233564376831,1.5094153881072998,-1.5248312950134277,-0.04624006152153015,0.12204902619123459,0.336161732673645,-0.4790681302547455,-0.211986243724823,0.18159642815589905,-0.18457846343517303,0.15903933346271515,0.3939915597438812,0.20939354598522186,-0.211986243724823,0.18159642815589905,-0.18457846343517303,0.15903933346271515,0.3939915597438812,0.20939354598522186,-0.20301036536693573,0.5264589786529541,-0.17804957926273346,0.5749810934066772,0.3884209394454956,0.5656313300132751,-0.04624006152153015,0.12204902619123459,-0.050323735922575,0.11520810425281525,-0.04910217225551605,0.5392097234725952,1.4426772594451904,-1.4876494407653809,-0.0028620935045182705,0.5308130383491516,1.4970749616622925,-1.4772813320159912,0.1599999964237213,-0.08664457499980927,0.37212780117988586,2
11,33,36,3,dispatch_decision_block,hierarchical_actor_true_conditional_route_policy,0.6495396494865417,0.20167680084705353,0.8261805772781372,0.20956823229789734,0.8266571760177612,0.21436069905757904,0.7460321187973022,0.21456800401210785,1.3232390880584717,0.28394630551338196,0.7456234693527222,0.21465204656124115,1.3232390880584717,0.28394630551338196,0.7241987586021423,0.20199845731258392,0.7272717952728271,0.2004598081111908,0.0030731065198779106,0.17360107600688934,0.3110527992248535,-0.6272833943367004,-0.0030731065198779106,0.17360107600688934,0.6272833943367004,-0.3110527992248535,0.06896376609802246,0.13177230954170227,0.29424068331718445,-0.3665009140968323,0.2525322735309601,0.16549797356128693,-0.6939296126365662,0.1529274582862854,0.36300018429756165,0.1935419738292694,0.2525322735309601,0.16549797356128693,-0.6939296126365662,0.1529274582862854,0.36300018429756165,0.1935419738292694,0.24778208136558533,0.2135639488697052,-0.6792999505996704,0.2660219967365265,0.35486873984336853,0.2540595233440399,0.06896376609802246,0.13177230954170227,0.07103712111711502,0.12630516290664673,0.06607382744550705,0.19564615190029144,0.6256678700447083,-0.33976876735687256,-0.0028899407479912043,0.18355047702789307,0.6239601373672485,-0.4491729736328125,0.11999999731779099,-0.07874221354722977,0.44558659195899963,2
12,36,39,3,dispatch_decision_block,hierarchical_actor_true_conditional_route_policy,0.6307783722877502,0.2828715145587921,0.8623632192611694,0.29165810346603394,0.8467178344726562,0.299530029296875,0.7337546348571777,0.2927059829235077,1.4199669361114502,0.2666666805744171,0.7287254929542542,0.2924085557460785,1.4199669361114502,0.2666666805744171,0.7465589046478271,0.27940133213996887,0.7447676658630371,0.28388872742652893,-0.0017911934992298484,0.24884754419326782,0.6110235452651978,-0.8063520193099976,0.0017911934992298484,0.24884754419326782,0.8063520193099976,-0.6110235452651978,-0.2661897540092468,0.11664751917123795,0.2266511172056198,-0.4961243271827698,-0.4168551564216614,0.17612269520759583,0.11945537477731705,0.16074924170970917,-0.3302386403083801,0.2749730944633484,-0.4168551564216614,0.17612269520759583,0.11945537477731705,0.16074924170970917,-0.3302386403083801,0.2749730944633484,-0.4016262888908386,0.30667272210121155,0.11952795088291168,0.29917216300964355,-0.3193242847919464,0.38799235224723816,-0.2661897540092468,0.11664751917123795,-0.265537828207016,0.13161762058734894,-0.259235680103302,0.283863365650177,0.6076961159706116,-1.0258853435516357,0.006954079959541559,0.26983046531677246,0.78096604347229,-0.7529805898666382,0.33000001311302185,-0.17572301626205444,0.4619238078594208,2
13,39,42,3,dispatch_decision_block,hierarchical_actor_true_conditional_route_policy,0.38782837986946106,0.31355857849121094,0.6258835792541504,0.33304262161254883,0.6314351558685303,0.32211437821388245,0.49080467224121094,0.32760706543922424,1.6005867719650269,1.0128135727427434e-05,0.4857865869998932,0.32992199063301086,1.6005867719650269,1.0128135727427434e-05,0.5038928985595703,0.3199225664138794,0.5017951130867004,0.322048157453537,-0.002097765915095806,0.4437447190284729,1.348196268081665,-1.3597536087036133,0.002097765915095806,0.4437447190284729,1.3597536087036133,-1.348196268081665,0.010513820685446262,0.1358649730682373,0.5405040383338928,-0.434600293636322,0.19989952445030212,0.2750926613807678,-0.37761983275413513,0.14106909930706024,0.01013809535652399,0.11982457339763641,0.19989952445030212,0.2750926613807678,-0.37761983275413513,0.14106909930706024,0.01013809535652399,0.11982457339763641,0.20245712995529175,0.5084691643714905,-0.36618298292160034,0.49886995553970337,0.014251467771828175,0.47161760926246643,0.010513820685446262,0.1358649730682373,0.010930025950074196,0.13653713464736938,0.014079289510846138,0.45443570613861084,1.4317560195922852,-1.3302226066589355,0.0035654627718031406,0.44304701685905457,1.3024108409881592,-1.2883762121200562,0.3199999928474426,-0.04025861620903015,0.7938205003738403,2
14,42,45,3,dispatch_decision_block,hierarchical_actor_true_conditional_route_policy,0.46420323848724365,0.3162408471107483,0.6452769637107849,0.330261766910553,0.6457535624504089,0.33261534571647644,0.5671795010566711,0.3368634879589081,1.660415530204773,0.043936289846897125,0.562847375869751,0.33935025334358215,1.660415530204773,0.043936289846897125,0.5443243384361267,0.32524147629737854,0.5449839234352112,0.32256171107292175,0.0006596505409106612,0.45034563541412354,1.3040430545806885,-1.3271806240081787,-0.0006596505409106612,0.45034563541412354,1.3271806240081787,-1.3040430545806885,-0.08103856444358826,0.1746138334274292,0.41550177335739136,-0.3985830545425415,-0.5161768198013306,0.22914732992649078,0.021352166309952736,0.2329566478729248,0.8526772856712341,0.25835275650024414,-0.5161768198013306,0.22914732992649078,0.021352166309952736,0.2329566478729248,0.8526772856712341,0.25835275650024414,-0.4999409019947052,0.49827027320861816,0.025200586766004562,0.49939197301864624,0.837099015712738,0.5473907589912415,-0.08103856444358826,0.1746138334274292,-0.0816112533211708,0.16808900237083435,-0.08308856934309006,0.4999147355556488,1.3050885200500488,-1.4068759679794312,-0.002050014678388834,0.44907814264297485,1.2893474102020264,-1.2505261898040771,0.10999999940395355,-0.12508469820022583,0.4529114067554474,2
15,45,48,3,dispatch_decision_block,hierarchical_actor_true_conditional_route_policy,0.6692163944244385,0.25651848316192627,0.897841215133667,0.2789146602153778,0.8821957111358643,0.27550840377807617,0.7650489211082458,0.28263288736343384,1.586118459701538,0.15979929268360138,0.7654056549072266,0.2828347384929657,1.586118459701538,0.15979929268360138,0.7772969007492065,0.2690015435218811,0.7810462713241577,0.27214470505714417,0.0037494187708944082,0.23466336727142334,0.4352906346321106,-0.6184539794921875,-0.0037494187708944082,0.23466336727142334,0.6184539794921875,-0.4352906346321106,-0.11547010391950607,0.11799831688404083,0.2904266119003296,-0.3756905198097229,-0.10854585468769073,0.11924025416374207,-0.8043727874755859,0.2617514133453369,0.7559656500816345,0.2642146348953247,-0.10854585468769073,0.11924025416374207,-0.8043727874755859,0.2617514133453369,0.7559656500816345,0.2642146348953247,-0.10556211322546005,0.24178579449653625,-0.7893328070640564,0.36531728506088257,0.7377668619155884,0.38361498713493347,-0.11547010391950607,0.11799831688404083,-0.11080095171928406,0.12137961387634277,-0.11230318248271942,0.27333369851112366,0.6000847220420837,-0.6871322393417358,0.0031669228337705135,0.24496866762638092,0.8475500345230103,-0.4713033437728882,0.20000000298023224,-0.18715408444404602,0.34913215041160583,2
16,48,51,3,dispatch_decision_block,hierarchical_actor_true_conditional_route_policy,0.612724244594574,0.2825927436351776,0.8472535610198975,0.2727452516555786,0.8528050184249878,0.2750314176082611,0.7085567712783813,0.2802681028842926,1.3334925174713135,0.3012595474720001,0.710999608039856,0.2797112464904785,1.3334925174713135,0.3012595474720001,0.7267616987228394,0.2800155282020569,0.7304546236991882,0.2778177559375763,0.0036929654888808727,0.24998457729816437,0.8438003063201904,-0.5450567007064819,-0.0036929654888808727,0.24998457729816437,0.5450567007064819,-0.8438003063201904,0.002747190184891224,0.10487156361341476,0.25318238139152527,-0.4277089536190033,-0.21660716831684113,0.15469132363796234,0.22901864349842072,0.13868485391139984,0.21222777664661407,0.286518394947052,-0.21660716831684113,0.15469132363796234,0.22901864349842072,0.13868485391139984,0.21222777664661407,0.286518394947052,-0.21212726831436157,0.295892596244812,0.22129449248313904,0.29162922501564026,0.20280365645885468,0.39938053488731384,0.002747190184891224,0.10487156361341476,-0.001460930099710822,0.09940949082374573,-0.00467944098636508,0.2748614549636841,0.6573212146759033,-0.9279499650001526,-0.0074266307055950165,0.25906258821487427,0.5647178888320923,-0.8791671395301819,0.3100000023841858,-0.1656055450439453,0.4492877125740051,2
17,51,54,3,dispatch_decision_block,hierarchical_actor_true_conditional_route_policy,0.4270365238189697,0.33077913522720337,0.6159411072731018,0.35092538595199585,0.616417646408081,0.34977230429649353,0.5228690505027771,0.3464580178260803,1.3957794904708862,0.0,0.5271422863006592,0.3425963819026947,1.3957794904708862,0.06424359977245331,0.5249009132385254,0.33836087584495544,0.5324399471282959,0.3365497887134552,0.007539032027125359,0.44477760791778564,1.182203769683838,-0.9423317909240723,-0.007539032027125359,0.44477760791778564,0.9423317909240723,-1.182203769683838,-0.08889205008745193,0.1282019317150116,0.2915670871734619,-0.35838770866394043,-0.37821200489997864,0.2654573619365692,0.446725994348526,0.29556071758270264,-0.13212338089942932,0.19372963905334473,-0.37821200489997864,0.2654573619365692,0.446725994348526,0.29556071758270264,-0.13212338089942932,0.19372963905334473,-0.37187647819519043,0.5020142197608948,0.4318405091762543,0.5629950165748596,-0.13463355600833893,0.4961918890476227,-0.08889205008745193,0.1282019317150116,-0.08497913181781769,0.12501202523708344,-0.09092958271503448,0.45019856095314026,0.853413462638855,-1.1994540691375732,-0.0020375275053083897,0.44420304894447327,0.9080771207809448,-1.191818118095398,0.25999999046325684,-0.21577602624893188,0.39638999104499817,2
18,54,57,3,dispatch_decision_block,hierarchical_actor_true_conditional_route_policy,0.40133392810821533,0.32877129316329956,0.6431906223297119,0.35177552700042725,0.627545177936554,0.34275251626968384,0.5189436078071594,0.3455805480480194,1.3305103778839111,0.0,0.5230988264083862,0.3417931795120239,1.3305103778839111,0.04555448889732361,0.5162107944488525,0.3368949592113495,0.5223754644393921,0.33160823583602905,0.0061646332032978535,0.45452454686164856,1.192346215248108,-0.9706119298934937,-0.0061646332032978535,0.45452454686164856,0.9706119298934937,-1.192346215248108,0.006710332818329334,0.14541476964950562,0.2531590759754181,-0.39565762877464294,-0.48186248540878296,0.18205145001411438,0.41543740034103394,0.19842492043972015,0.6391879916191101,0.300406277179718,-0.48186248540878296,0.18205145001411438,0.41543740034103394,0.19842492043972015,0.6391879916191101,0.300406277179718,-0.4738259017467499,0.479423463344574,0.4009034037590027,0.5128539204597473,0.620761513710022,0.5590732097625732,0.006710332818329334,0.14541476964950562,0.008725634776055813,0.1479434072971344,0.0033578264992684126,0.4802655577659607,1.0900590419769287,-1.1763453483581543,-0.0033525037579238415,0.4612475633621216,0.9767104387283325,-1.2135779857635498,0.14000000059604645,-0.10147374868392944,0.36494138836860657,2
19,57,60,3,dispatch_decision_block,hierarchical_actor_true_conditional_route_policy,0.6862890720367432,0.24285319447517395,0.9319400191307068,0.2505839765071869,0.9374915957450867,0.25085878372192383,0.8038987517356873,0.24865315854549408,1.3217812776565552,0.2766614854335785,0.8018314242362976,0.25060591101646423,1.3217812776565552,0.2766614854335785,0.804667592048645,0.24211838841438293,0.8042575120925903,0.24519257247447968,-0.0004100954392924905,0.2256450057029724,0.5795155763626099,-0.5368906259536743,0.0004100954392924905,0.2256450057029724,0.5368906259536743,-0.5795155763626099,-0.006641802377998829,0.09797313809394836,0.20518480241298676,-0.4200235903263092,0.08325067162513733,0.105385921895504,-0.5967980027198792,0.21334297955036163,0.38173919916152954,0.17020584642887115,0.08325067162513733,0.105385921895504,-0.5967980027198792,0.21334297955036163,0.38173919916152954,0.17020584642887115,0.08464322984218597,0.2362326830625534,-0.5826495885848999,0.32666173577308655,0.37525030970573425,0.30736279487609863,-0.006641802377998829,0.09797313809394836,-0.008292258717119694,0.0942481979727745,-0.00761693250387907,0.23951905965805054,0.5354782342910767,-0.5421711802482605,-0.0009751277975738049,0.22575163841247559,0.473418653011322,-0.5895085334777832,0.1899999976158142,-0.21231117844581604,0.40523838996887207,2
20,60,63,3,dispatch_decision_block,hierarchical_actor_true_conditional_route_policy,0.6378363966941833,0.2999018132686615,0.8392454385757446,0.32081398367881775,0.8397221565246582,0.3310430943965912,0.7554460763931274,0.3256373405456543,1.8809014558792114,0.3151991665363312,0.758648693561554,0.32433030009269714,1.8809014558792114,0.3151991665363312,0.7449085712432861,0.3147316575050354,0.7498580813407898,0.3124520480632782,0.004949533846229315,0.37568533420562744,1.1277577877044678,-1.2051807641983032,-0.004949533846229315,0.37568533420562744,1.2051807641983032,-1.1277577877044678,-0.08041384071111679,0.13217853009700775,0.31293195486068726,-0.3822842240333557,-0.15617167949676514,0.1609620898962021,0.49923136830329895,0.178685262799263,-0.5330126881599426,0.19850611686706543,-0.15617167949676514,0.1609620898962021,0.49923136830329895,0.178685262799263,-0.5330126881599426,0.19850611686706543,-0.15343643724918365,0.39613455533981323,0.4839593470096588,0.4298524558544159,-0.5254799723625183,0.4198610782623291,-0.08041384071111679,0.13217853009700775,-0.08124928176403046,0.129961296916008,-0.08378233760595322,0.4158323109149933,1.4004628658294678,-1.2750799655914307,-0.0033685003872960806,0.36601099371910095,1.1985763311386108,-0.9821970462799072,0.25999999046325684,-0.18208721280097961,0.3807830810546875,2
21,63,66,3,dispatch_decision_block,hierarchical_actor_true_conditional_route_policy,0.4164641499519348,0.38094648718833923,0.6602559685707092,0.4104415774345398,0.6446105241775513,0.40997394919395447,0.5293064713478088,0.3954363465309143,2.2016212940216064,0.008246270939707756,0.5308222770690918,0.39460015296936035,2.2016212940216064,0.008246270939707756,0.5428338646888733,0.40451285243034363,0.5502372980117798,0.39716893434524536,0.007403386756777763,0.5345250368118286,1.5884660482406616,-1.6331888437271118,-0.007403386756777763,0.5345250368118286,1.6331888437271118,-1.5884660482406616,0.1479468196630478,0.17015498876571655,0.4384005665779114,-0.5898752212524414,0.15177124738693237,0.27411308884620667,0.2624868154525757,0.14591561257839203,0.029580386355519295,0.11081034690141678,0.15177124738693237,0.27411308884620667,0.2624868154525757,0.14591561257839203,0.029580386355519295,0.11081034690141678,0.1469067931175232,0.5671551823616028,0.2531852722167969,0.5387933850288391,0.025606537237763405,0.5569766759872437,0.1479468196630478,0.17015498876571655,0.14999507367610931,0.16562524437904358,0.1396637111902237,0.5425651669502258,1.7966634035110474,-1.423548936843872,-0.008283090777695179,0.5048611760139465,1.6264221668243408,-1.5415228605270386,0.23000000417232513,-0.07825015485286713,0.4159266948699951,2
22,66,69,3,dispatch_decision_block,hierarchical_actor_true_conditional_route_policy,0.4049876928329468,0.37830814719200134,0.6492318511009216,0.38765472173690796,0.6547834873199463,0.38121742010116577,0.517829954624176,0.3916124999523163,1.9012246131896973,0.002794845262542367,0.5195750594139099,0.3907421827316284,1.9012246131896973,0.002794845262542367,0.5426734685897827,0.38109782338142395,0.5453333854675293,0.37909582257270813,0.0026598931290209293,0.5035830736160278,1.3895916938781738,-1.7310978174209595,-0.0026598931290209293,0.5035830736160278,1.7310978174209595,-1.3895916938781738,0.17830796539783478,0.15750230848789215,0.4708174169063568,-0.3157862424850464,-0.16502434015274048,0.1411246359348297,0.5798514485359192,0.2354295253753662,0.3404613137245178,0.18357643485069275,-0.16502434015274048,0.1411246359348297,0.5798514485359192,0.2354295253753662,0.3404613137245178,0.18357643485069275,-0.1630278080701828,0.5043292045593262,0.5654675960540771,0.5566235780715942,0.33014190196990967,0.5175314545631409,0.17830796539783478,0.15750230848789215,0.1775391697883606,0.15748034417629242,0.17258167266845703,0.50365149974823,1.9228146076202393,-1.1815284490585327,-0.005726303905248642,0.4771103262901306,1.704656720161438,-1.3377530574798584,0.25999999046325684,-0.14128795266151428,0.40364688634872437,2
23,69,72,3,dispatch_decision_block,hierarchical_actor_true_conditional_route_policy,0.6282097101211548,0.1889757215976715,0.8233259320259094,0.2266807109117508,0.8238024711608887,0.2240632176399231,0.7410519123077393,0.21717381477355957,1.3235430717468262,0.27201488614082336,0.7470248937606812,0.2156432420015335,1.3235430717468262,0.27201488614082336,0.72586989402771,0.2100733369588852,0.7353807091712952,0.2121831327676773,0.00951075553894043,0.1774207353591919,0.39929717779159546,-0.43840956687927246,-0.00951075553894043,0.1774207353591919,0.43840956687927246,-0.39929717779159546,-0.1841304749250412,0.15135636925697327,0.3422420024871826,-0.44707947969436646,-0.02513687126338482,0.14019225537776947,0.3474591076374054,0.1682380884885788,-0.8809739947319031,0.36169496178627014,-0.02513687126338482,0.14019225537776947,0.3474591076374054,0.1682380884885788,-0.8809739947319031,0.36169496178627014,-0.029775219038128853,0.21340227127075195,0.3328833281993866,0.26211705803871155,-0.8687542676925659,0.4344235062599182,-0.1841304749250412,0.15135636925697327,-0.1818593591451645,0.1585901379585266,-0.186767116189003,0.2517693042755127,0.5659019947052002,-0.6810482740402222,-0.002636650111526251,0.20842458307743073,0.6074059009552002,-0.6330606341362,0.17000000178813934,-0.18072986602783203,0.376262903213501,2
0,0,3,3,dispatch_decision_block,hierarchical_actor_true_conditional_route_policy,0.6656234860420227,0.2697122395038605,0.9043126106262207,0.2832488715648651,0.8946539163589478,0.28248727321624756,0.783886730670929,0.28608444333076477,1.439332127571106,0.2666666805744171,0.7915210127830505,0.2823420763015747,1.439332127571106,0.2666666805744171,0.7790347337722778,0.2735729515552521,0.78792405128479,0.2678658664226532,0.00888936035335064,0.24100643396377563,0.6667821407318115,-0.7240542769432068,-0.00888936035335064,0.24100643396377563,0.7240542769432068,-0.6667821407318115,-0.2944011390209198,0.09471391141414642,-0.03877467289566994,-0.5296896696090698,-0.37739402055740356,0.18207432329654694,-0.08545726537704468,0.11506874114274979,-0.32834962010383606,0.14665289223194122,-0.37739402055740356,0.18207432329654694,-0.08545726537704468,0.11506874114274979,-0.32834962010383606,0.14665289223194122,-0.37657642364501953,0.3057132661342621,-0.09337964653968811,0.27347302436828613,-0.331551730632782,0.2833995819091797,-0.2944011390209198,0.09471391141414642,-0.29496732354164124,0.09860836714506149,-0.3004625141620636,0.25594988465309143,0.7082178592681885,-0.9223757982254028,-0.006061381660401821,0.23150117695331573,0.7786524295806885,-0.5370584726333618,0.12999999523162842,-0.12646301090717316,0.3659083843231201,3
1,3,6,3,dispatch_decision_block,hierarchical_actor_true_conditional_route_policy,0.4145395755767822,0.3251846730709076,0.6602665781974792,0.34918880462646484,0.670988917350769,0.34293752908706665,0.5328028798103333,0.3350776135921478,1.4808580875396729,0.004663932602852583,0.5354791879653931,0.3333315849304199,1.4808580875396729,0.004663932602852583,0.5377742648124695,0.334852010011673,0.545371413230896,0.3360021114349365,0.007597095798701048,0.4543290436267853,1.188320279121399,-1.016342282295227,-0.007597095798701048,0.4543290436267853,1.016342282295227,-1.188320279121399,-0.06822256743907928,0.13883963227272034,0.21802827715873718,-0.5828837752342224,-0.3310510218143463,0.15811671316623688,0.05009971186518669,0.2810647487640381,0.4210348427295685,0.17267067730426788,-0.3310510218143463,0.15811671316623688,0.05009971186518669,0.2810647487640381,0.4210348427295685,0.17267067730426788,-0.32695141434669495,0.4603576958179474,0.04288395866751671,0.5428653955459595,0.4087176024913788,0.49338680505752563,-0.06822256743907928,0.13883963227272034,-0.06939128041267395,0.14798761904239655,-0.07102463394403458,0.4654981195926666,1.1501526832580566,-1.1489582061767578,-0.0028020667377859354,0.4219583570957184,0.9524072408676147,-1.1634345054626465,0.17000000178813934,-0.109640933573246,0.4294504225254059,3
2,6,9,3,dispatch_decision_block,hierarchical_actor_true_conditional_route_policy,0.5005655884742737,0.3181079626083374,0.7040069699287415,0.35249027609825134,0.7094146013259888,0.3486257493495941,0.6188288331031799,0.34418535232543945,1.6387407779693604,0.04559740424156189,0.6225215196609497,0.341452032327652,1.6387407779693604,0.04559740424156189,0.6050536632537842,0.3277592062950134,0.6138471364974976,0.3374074101448059,0.008793477900326252,0.4650743901729584,1.2486369609832764,-1.1198081970214844,-0.008793477900326252,0.4650743901729584,1.1198081970214844,-1.2486369609832764,-0.0666942223906517,0.22407609224319458,0.5230505466461182,-0.792345404624939,0.4330216646194458,0.190363347530365,-1.4475284814834595,0.2952631413936615,0.2236420065164566,0.15429270267486572,0.4330216646194458,0.190363347530365,-1.4475284814834595,0.2952631413936615,0.2236420065164566,0.15429270267486572,0.4210687577724457,0.4679727256298065,-1.4224340915679932,0.572614312171936,0.21346521377563477,0.5116894841194153,-0.0666942223906517,0.22407609224319458,-0.0693652406334877,0.22919921576976776,-0.07473347336053848,0.5537822842597961,1.1689287424087524,-1.8733601570129395,-0.008039248175919056,0.4279918670654297,0.9958011507987976,-1.1354206800460815,0.36000001430511475,-0.15276563167572021,0.736709475517273,3
3,9,12,3,dispatch_decision_block,hierarchical_actor_true_conditional_route_policy,0.6117427349090576,0.19043630361557007,0.8363049030303955,0.2199210226535797,0.8266462087631226,0.21103982627391815,0.7119467258453369,0.2122608721256256,1.4621609449386597,0.31550362706184387,0.7188087701797485,0.21754314005374908,1.4621609449386597,0.31550362706184387,0.7240598797798157,0.19567857682704926,0.7309856414794922,0.20249111950397491,0.00692572770640254,0.21631614863872528,0.8989753723144531,-0.47615623474121094,-0.00692572770640254,0.21631614863872528,0.47615623474121094,-0.8989753723144531,0.038067132234573364,0.08722878247499466,0.21943172812461853,-0.23228462040424347,0.13731539249420166,0.12563931941986084,-0.4621395468711853,0.14525343477725983,0.34457266330718994,0.1364271491765976,0.13731539249420166,0.12563931941986084,-0.4621395468711853,0.14525343477725983,0.34457266330718994,0.1364271491765976,0.1313476413488388,0.2502349317073822,-0.46097174286842346,0.2821483910083771,0.33092057704925537,0.27686798572540283,0.038067132234573364,0.08722878247499466,0.04284067451953888,0.09017649292945862,0.03623315319418907,0.24276725947856903,0.4592808783054352,-0.950820803642273,-0.001833984861150384,0.21000778675079346,0.41078174114227295,-0.7185361981391907,0.27000001072883606,-0.09193086624145508,0.4257930517196655,3
4,12,15,3,dispatch_decision_block,hierarchical_actor_true_conditional_route_policy,0.6148898601531982,0.2774811089038849,0.8423082828521729,0.2986712157726288,0.8530306220054626,0.2996818721294403,0.7150937914848328,0.2827455997467041,1.4489192962646484,0.2857142984867096,0.7255857586860657,0.2860648036003113,1.4489192962646484,0.2953246831893921,0.7303633689880371,0.28559982776641846,0.7433634400367737,0.2886870801448822,0.01300008874386549,0.2092871367931366,0.8493270874023438,-0.7302655577659607,-0.01300008874386549,0.2092871367931366,0.7302655577659607,-0.8493270874023438,-0.30603453516960144,0.13991160690784454,0.12586766481399536,-0.5778544545173645,-0.09184756129980087,0.1416061967611313,0.053566306829452515,0.16513001918792725,-0.9785526990890503,0.2834477424621582,-0.09184756129980087,0.1416061967611313,0.053566306829452515,0.16513001918792725,-0.9785526990890503,0.2834477424621582,-0.09716129302978516,0.23491643369197845,0.03919227421283722,0.27878472208976746,-0.969866931438446,0.3537744879722595,-0.30603453516960144,0.13991160690784454,-0.30452731251716614,0.13377639651298523,-0.3133387267589569,0.23314204812049866,0.49018803238868713,-0.9941239356994629,-0.007304168771952391,0.2110586017370224,0.6238162517547607,-0.5339828133583069,0.12999999523162842,-0.058648642152547836,0.33558398485183716,3
5,15,18,3,dispatch_decision_block,hierarchical_actor_true_conditional_route_policy,0.4711681306362152,0.3962390720844269,0.6619969010353088,0.4161759912967682,0.6674045324325562,0.4202517867088318,0.5713720917701721,0.41793787479400635,1.733980417251587,0.0,0.594336748123169,0.447928249835968,2.296471357345581,0.01562928780913353,0.5712249875068665,0.40787169337272644,0.5952942967414856,0.43506574630737305,0.024069316685199738,0.553164541721344,1.6031436920166016,-1.4171472787857056,-0.024069316685199738,0.553164541721344,1.4171472787857056,-1.6031436920166016,0.2173672467470169,0.12652437388896942,0.4322090744972229,-0.346645325422287,0.400333434343338,0.1708260327577591,-0.42283394932746887,0.11401002109050751,0.47033074498176575,0.19505009055137634,0.400333434343338,0.1708260327577591,-0.42283394932746887,0.11401002109050751,0.47033074498176575,0.19505009055137634,0.37298592925071716,0.5833641886711121,-0.4380013942718506,0.5756481885910034,0.439241498708725,0.6178373694419861,0.2173672467470169,0.12652437388896942,0.21408399939537048,0.13481639325618744,0.18994155526161194,0.5930097103118896,1.7616791725158691,-1.3902878761291504,-0.02742568962275982,0.5591829419136047,1.4489424228668213,-1.4946811199188232,0.14000000059604645,-0.09790641069412231,0.4291810989379883,3
6,18,21,3,dispatch_decision_block,hierarchical_actor_true_conditional_route_policy,0.42556267976760864,0.3956136703491211,0.6662694811820984,0.40508711338043213,0.6566107273101807,0.40092259645462036,0.5430953502655029,0.39527374505996704,1.6135146617889404,0.0,0.5594052672386169,0.40603065490722656,1.6309877634048462,0.034258272498846054,0.550504744052887,0.39615485072135925,0.5696375370025635,0.4089006185531616,0.01913277432322502,0.5247575640678406,1.3776944875717163,-1.472821831703186,-0.01913277432322502,0.5247575640678406,1.472821831703186,-1.3776944875717163,-0.046115268021821976,0.1717396080493927,0.26766642928123474,-0.4338172674179077,0.544453501701355,0.17262038588523865,-0.2020062953233719,0.1834143102169037,-1.0984951257705688,0.2436443418264389,0.544453501701355,0.17262038588523865,-0.2020062953233719,0.1834143102169037,-1.0984951257705688,0.2436443418264389,0.5171324014663696,0.5635173916816711,-0.21419627964496613,0.5640079975128174,-1.0933390855789185,0.568396806716919,-0.046115268021821976,0.1717396080493927,-0.042100273072719574,0.17171251773834229,-0.06234871223568916,0.5868301391601562,1.4685404300689697,-1.560739517211914,-0.01623343490064144,0.5278953313827515,1.411115050315857,-1.374008059501648,0.25999999046325684,-0.07227694243192673,0.5738617181777954,3
7,21,24,3,dispatch_decision_block,hierarchical_actor_true_conditional_route_policy,0.669480562210083,0.20732058584690094,0.9078424572944641,0.22369803488254547,0.9185648560523987,0.2289356142282486,0.7870132923126221,0.22067002952098846,1.39568293094635,0.31631484627723694,0.7926474809646606,0.21573184430599213,1.39568293094635,0.31631484627723694,0.7945176959037781,0.20997411012649536,0.8028990030288696,0.20710992813110352,0.008381428197026253,0.22450408339500427,0.5886306762695312,-0.49203258752822876,-0.008381428197026253,0.22450408339500427,0.49203258752822876,-0.5886306762695312,-0.24457493424415588,0.1049003005027771,0.20304569602012634,-0.45645672082901,-0.3945944905281067,0.1754000037908554,0.2550046145915985,0.12865813076496124,-0.5798141956329346,0.21363824605941772,-0.3945944905281067,0.1754000037908554,0.2550046145915985,0.12865813076496124,-0.5798141956329346,0.21363824605941772,-0.3905799984931946,0.2675473690032959,0.2423393577337265,0.2704123258590698,-0.5751450061798096,0.3491992652416229,-0.24457493424415588,0.1049003005027771,-0.24451641738414764,0.10080711543560028,-0.24944721162319183,0.23949581384658813,0.35846811532974243,-0.8343170285224915,-0.004872315097600222,0.22037769854068756,0.49928829073905945,-0.5692801475524902,0.18000000715255737,-0.18704761564731598,0.3478755056858063,3
8,24,27,3,dispatch_decision_block,hierarchical_actor_true_conditional_route_policy,0.825448751449585,0.30203062295913696,1.028995394706726,0.32595860958099365,1.0344029664993286,0.3240700960159302,0.942981481552124,0.3158368766307831,1.6769134998321533,0.332174688577652,0.9458926320075989,0.3127376437187195,1.6769134998321533,0.332174688577652,0.928999125957489,0.3130159378051758,0.9365779757499695,0.31178709864616394,0.007578870747238398,0.30936306715011597,0.9505658745765686,-0.8723518252372742,-0.007578870747238398,0.30936306715011597,0.8723518252372742,-0.9505658745765686,-0.17957884073257446,0.32483404874801636,0.6739640831947327,-1.052883505821228,0.9803770184516907,0.2460762858390808,-0.6384130120277405,0.20499654114246368,-2.017049789428711,0.6747546792030334,0.9803770184516907,0.2460762858390808,-0.6384130120277405,0.20499654114246368,-2.017049789428711,0.6747546792030334,0.9571741223335266,0.37666943669319153,-0.6298258304595947,0.39943915605545044,-1.9757473468780518,0.7692545056343079,-0.17957884073257446,0.32483404874801636,-0.17974896728992462,0.3214167058467865,-0.18541719019412994,0.4609408378601074,0.884087324142456,-1.7439494132995605,-0.005838354118168354,0.29663923382759094,0.8716508150100708,-0.8936058878898621,0.38999998569488525,-0.17861030995845795,0.47272390127182007,3
9,27,30,3,dispatch_decision_block,hierarchical_actor_true_conditional_route_policy,0.5993590354919434,0.4331870675086975,0.8159185647964478,0.42949703335762024,0.8062599301338196,0.42397361993789673,0.6977960467338562,0.4349316954612732,1.9520806074142456,0.0,0.6966479420661926,0.43557310104370117,1.9520806074142456,0.0,0.7032212018966675,0.42655038833618164,0.7039922475814819,0.4282406270503998,0.0007710790378041565,0.5387954115867615,1.6498370170593262,-1.6182695627212524,-0.0007710790378041565,0.5387954115867615,1.6182695627212524,-1.6498370170593262,-0.22089555859565735,0.11148552596569061,0.06183456629514694,-0.47536662220954895,0.1819765418767929,0.1438206136226654,-0.4580557346343994,0.25340282917022705,-0.8312551379203796,0.17424210906028748,0.1819765418767929,0.1438206136226654,-0.4580557346343994,0.25340282917022705,-0.8312551379203796,0.17424210906028748,0.1794801503419876,0.5378146171569824,-0.44680431485176086,0.6266557574272156,-0.8148547410964966,0.5508890748023987,-0.22089555859565735,0.11148552596569061,-0.2206137478351593,0.11243488639593124,-0.21809081733226776,0.5415416359901428,1.5090035200119019,-1.8202433586120605,0.0028047203086316586,0.521693229675293,1.542040228843689,-1.653197169303894,0.12999999523162842,-0.10155640542507172,0.32317236065864563,3
10,30,33,3,dispatch_decision_block,hierarchical_actor_true_conditional_route_policy,0.592928409576416,0.4346107244491577,0.8144748210906982,0.4279535114765167,0.8251972198486328,0.43626683950424194,0.6913653612136841,0.43529054522514343,1.990851879119873,0.0012427587062120438,0.6895646452903748,0.4364021122455597,1.990851879119873,0.0012427587062120438,0.700226366519928,0.4348185956478119,0.7010642290115356,0.4338836967945099,0.000837836239952594,0.5419979691505432,1.8418408632278442,-1.7648781538009644,-0.000837836239952594,0.5419979691505432,1.7648781538009644,-1.8418408632278442,-0.2556889057159424,0.14906136691570282,0.3390538692474365,-0.4692138135433197,-0.45964905619621277,0.2423700988292694,-0.3016607165336609,0.14746105670928955,0.2571154832839966,0.15271753072738647,-0.45964905619621277,0.2423700988292694,-0.3016607165336609,0.14746105670928955,0.2571154832839966,0.15271753072738647,-0.44799575209617615,0.6097690463066101,-0.2949594259262085,0.5759724974632263,0.25143077969551086,0.560796320438385,-0.2556889057159424,0.14906136691570282,-0.2514908015727997,0.15711547434329987,-0.2512948513031006,0.567746102809906,1.4079463481903076,-2.200221061706543,0.004394033923745155,0.5419368743896484,1.6542006731033325,-1.8227561712265015,0.14000000059604645,-0.11264075338840485,0.3760186731815338,3
11,33,36,3,dispatch_decision_block,hierarchical_actor_true_conditional_route_policy,0.6793978214263916,0.20844994485378265,0.8628633618354797,0.23794545233249664,0.8682710528373718,0.23711515963077545,0.7778347134590149,0.2302856147289276,1.3994501829147339,0.19322383403778076,0.7805163860321045,0.2257441133260727,1.3994501829147339,0.19322383403778076,0.7639166116714478,0.21462680399417877,0.7667867541313171,0.21365804970264435,0.0028700882103294134,0.1754932403564453,0.3793010115623474,-0.3596886396408081,-0.0028700882103294134,0.1754932403564453,0.3596886396408081,-0.3793010115623474,0.03568236902356148,0.11647647619247437,0.3735926151275635,-0.258928507566452,0.23147128522396088,0.11185672134160995,-0.6764580011367798,0.16346213221549988,0.25250521302223206,0.13534986972808838,0.23147128522396088,0.11185672134160995,-0.6764580011367798,0.16346213221549988,0.25250521302223206,0.13534986972808838,0.22483041882514954,0.20573914051055908,-0.6660168170928955,0.27433115243911743,0.24381734430789948,0.26349732279777527,0.03568236902356148,0.11647647619247437,0.037634845823049545,0.11582151800394058,0.032890915870666504,0.2259032130241394,0.5598727464675903,-0.49428147077560425,-0.002791451755911112,0.1944447010755539,0.506696879863739,-0.4774109423160553,0.15000000596046448,-0.01049845665693283,0.6316311955451965,3
12,36,39,3,dispatch_decision_block,hierarchical_actor_true_conditional_route_policy,0.6423694491386414,0.2790590822696686,0.8806492686271667,0.3005657196044922,0.8709905743598938,0.2951030731201172,0.7585225701332092,0.3005339801311493,1.457768440246582,0.2666666805744171,0.7544357180595398,0.30000072717666626,1.457768440246582,0.2666666805744171,0.7622198462486267,0.2827247977256775,0.7614408135414124,0.2835227847099304,-0.0007790017407387495,0.2808016538619995,0.8041525483131409,-0.8304829597473145,0.0007790017407387495,0.2808016538619995,0.8304829597473145,-0.8041525483131409,-0.13099883496761322,0.13180677592754364,0.4658200740814209,-0.4489128589630127,-0.03583182767033577,0.13458344340324402,-0.06183484569191933,0.15592002868652344,-0.3399425446987152,0.23954346776008606,-0.03583182767033577,0.13458344340324402,-0.06183484569191933,0.15592002868652344,-0.3399425446987152,0.23954346776008606,-0.03133672848343849,0.31528958678245544,-0.057778432965278625,0.3264847993850708,-0.3289284110069275,0.38769829273223877,-0.13099883496761322,0.13180677592754364,-0.1268690675497055,0.14661909639835358,-0.12803545594215393,0.3183458149433136,0.7687861919403076,-1.059714674949646,0.0029633904341608286,0.2934228479862213,0.8906478881835938,-0.8172540664672852,0.23000000417232513,-0.22673724591732025,0.5699256062507629,3
13,39,42,3,dispatch_decision_block,hierarchical_actor_true_conditional_route_policy,0.4409484565258026,0.31566429138183594,0.687102198600769,0.3156208097934723,0.6978245377540588,0.3346612751483917,0.5571016073226929,0.3303534686565399,1.53220534324646,0.00530224246904254,0.5625855922698975,0.33194026350975037,1.53220534324646,0.00530224246904254,0.5596016645431519,0.3231229782104492,0.5695542097091675,0.32677900791168213,0.009952520951628685,0.4325787425041199,1.2530783414840698,-0.9797639846801758,-0.009952520951628685,0.4325787425041199,0.9797639846801758,-1.2530783414840698,-0.2675057649612427,0.14266957342624664,0.19086843729019165,-0.49239403009414673,0.01366399135440588,0.14825083315372467,-0.4176284670829773,0.1266518384218216,-0.6912305951118469,0.19855453073978424,0.01366399135440588,0.14825083315372467,-0.4176284670829773,0.1266518384218216,-0.6912305951118469,0.19855453073978424,0.010497499257326126,0.439717173576355,-0.41563498973846436,0.4411490261554718,-0.6827245950698853,0.4934687912464142,-0.2675057649612427,0.14266957342624664,-0.2627406716346741,0.1534661203622818,-0.2708183526992798,0.4472303092479706,0.8016045093536377,-1.552910566329956,-0.0033125602640211582,0.4153003990650177,0.9279153347015381,-1.1440509557724,0.20000000298023224,-0.10338464379310608,0.5265518426895142,3
14,42,45,3,dispatch_decision_block,hierarchical_actor_true_conditional_route_policy,0.5342931747436523,0.319710373878479,0.7264976501464844,0.3328929841518402,0.7319053411483765,0.34077176451683044,0.6504462957382202,0.3448827564716339,1.6657670736312866,0.06191818788647652,0.655971348285675,0.3449549973011017,1.6657670736312866,0.06191818788647652,0.620628833770752,0.3309745788574219,0.6308966875076294,0.3269142806529999,0.010267899371683598,0.4532313942909241,1.2007994651794434,-1.1849802732467651,-0.010267899371683598,0.4532313942909241,1.1849802732467651,-1.2007994651794434,-0.2510007619857788,0.25092068314552307,0.4719037413597107,-0.8874983787536621,-1.0080070495605469,0.4410092532634735,0.4990459382534027,0.23339174687862396,0.7870872020721436,0.20168770849704742,-1.0080070495605469,0.4410092532634735,0.4990459382534027,0.23339174687862396,0.7870872020721436,0.20168770849704742,-0.9892677068710327,0.6153303384780884,0.48190629482269287,0.5126282572746277,0.7641626000404358,0.5112249255180359,-0.2510007619857788,0.25092068314552307,-0.24564765393733978,0.24230466783046722,-0.2524435818195343,0.5154508948326111,1.0339387655258179,-1.733201503753662,-0.001442797132767737,0.43386679887771606,1.1691758632659912,-1.0491864681243896,0.10000000149011612,-0.0942026898264885,0.32298606634140015,3
15,45,48,3,dispatch_decision_block,hierarchical_actor_true_conditional_route_policy,0.646899938583374,0.1984294205904007,0.8708312511444092,0.22928151488304138,0.8611724972724915,0.2212410569190979,0.7526767253875732,0.22115470468997955,1.5862728357315063,0.28805187344551086,0.7559192180633545,0.22488828003406525,1.5862728357315063,0.28805187344551086,0.7483031749725342,0.21027301251888275,0.753493070602417,0.21494491398334503,0.005189893301576376,0.2182409167289734,0.7202422618865967,-0.5078872442245483,-0.005189893301576376,0.2182409167289734,0.5078872442245483,-0.7202422618865967,-0.13057047128677368,0.13713011145591736,0.23730292916297913,-0.41315340995788574,-0.052526842802762985,0.11921175569295883,-0.9988996982574463,0.20637063682079315,0.7932403087615967,0.34324777126312256,-0.052526842802762985,0.11921175569295883,-0.9988996982574463,0.20637063682079315,0.7932403087615967,0.34324777126312256,-0.05379756912589073,0.22758132219314575,-0.9814491271972656,0.3193732500076294,0.7719267010688782,0.44386687874794006,-0.13057047128677368,0.13713011145591736,-0.12913641333580017,0.1333278864622116,-0.1335882544517517,0.2588922679424286,0.5898926258087158,-0.7981659173965454,-0.0030177892185747623,0.225615993142128,0.5345522165298462,-0.7135741710662842,0.18000000715255737,-0.10538911819458008,0.39299482107162476,3
16,48,51,3,dispatch_decision_block,hierarchical_actor_true_conditional_route_policy,0.6314999461174011,0.2987717092037201,0.8718665242195129,0.30568674206733704,0.8825888633728027,0.3050144612789154,0.7372766137123108,0.3040141761302948,1.3984899520874023,0.29571157693862915,0.7347337603569031,0.3028673231601715,1.3984899520874023,0.29571157693862915,0.7549453973770142,0.30228307843208313,0.752946138381958,0.30114057660102844,-0.001999185187742114,0.25267335772514343,0.629969596862793,-0.6512506008148193,0.001999185187742114,0.25267335772514343,0.6512506008148193,-0.629969596862793,0.01411964651197195,0.08949986100196838,0.25495409965515137,-0.3632822036743164,-0.12739147245883942,0.12293114513158798,0.31645122170448303,0.1466856151819229,0.040917254984378815,0.15638574957847595,-0.12739147245883942,0.12293114513158798,0.31645122170448303,0.1466856151819229,0.040917254984378815,0.15638574957847595,-0.12022321671247482,0.2814217805862427,0.3102788031101227,0.31746432185173035,0.04068801924586296,0.3179440200328827,0.01411964651197195,0.08949986100196838,0.023212971165776253,0.08272729814052582,0.02403491921722889,0.27539750933647156,0.7897325158119202,-0.6571953892707825,0.009915273636579514,0.26924166083335876,0.9238471984863281,-0.59793621301651,0.20999999344348907,-0.16175304353237152,0.3816913366317749,3
17,51,54,3,dispatch_decision_block,hierarchical_actor_true_conditional_route_policy,0.4449692964553833,0.322782039642334,0.6417721509933472,0.3374849259853363,0.6471797227859497,0.3370499014854431,0.550745964050293,0.33315104246139526,1.6599814891815186,0.04752405360341072,0.5517496466636658,0.33247220516204834,1.6599814891815186,0.04752405360341072,0.5456636548042297,0.32704898715019226,0.5510621070861816,0.33062347769737244,0.005398476030677557,0.4468032121658325,1.1632543802261353,-1.023758888244629,-0.005398476030677557,0.4468032121658325,1.023758888244629,-1.1632543802261353,-0.33927902579307556,0.0970592051744461,-0.009941734373569489,-0.4648911654949188,-0.37340328097343445,0.12558308243751526,-0.24962349236011505,0.15870864689350128,-0.3862990140914917,0.18947653472423553,-0.37340328097343445,0.12558308243751526,-0.24962349236011505,0.15870864689350128,-0.3862990140914917,0.18947653472423553,-0.36457768082618713,0.4511914849281311,-0.2463240772485733,0.47263118624687195,-0.3801661729812622,0.5067299604415894,-0.33927902579307556,0.0970592051744461,-0.34036093950271606,0.10086806863546371,-0.34187912940979004,0.4507128596305847,0.816612184047699,-1.4748773574829102,-0.0026000714860856533,0.4318595230579376,1.0327577590942383,-1.1650906801223755,0.2199999988079071,-0.2772449254989624,0.3911740481853485,3
18,54,57,3,dispatch_decision_block,hierarchical_actor_true_conditional_route_policy,0.3999122381210327,0.3283390998840332,0.6291647553443909,0.3469015657901764,0.6195060014724731,0.3463662564754486,0.5113735198974609,0.3438114523887634,1.8228696584701538,0.012261726893484592,0.5093708634376526,0.34575462341308594,1.8228696584701538,0.012261726893484592,0.5114280581474304,0.3318536877632141,0.5119326114654541,0.34041765332221985,0.0005046117585152388,0.46108561754226685,1.1435855627059937,-1.1602051258087158,-0.0005046117585152388,0.46108561754226685,1.1602051258087158,-1.1435855627059937,-0.12855178117752075,0.1096762865781784,0.18275825679302216,-0.3825111985206604,-0.40456831455230713,0.20868682861328125,0.041341282427310944,0.11012319475412369,0.22083702683448792,0.2243567407131195,-0.40456831455230713,0.20868682861328125,0.041341282427310944,0.11012319475412369,0.22083702683448792,0.2243567407131195,-0.39226508140563965,0.4935131072998047,0.041087932884693146,0.5109562277793884,0.21497897803783417,0.5219040513038635,-0.12855178117752075,0.1096762865781784,-0.13122373819351196,0.10484754294157028,-0.13081933557987213,0.4603264033794403,0.9504917860031128,-1.3129233121871948,-0.0022675490472465754,0.4674765169620514,1.193426251411438,-1.1441106796264648,0.17000000178813934,-0.0974351242184639,0.3724554777145386,3
19,57,60,3,dispatch_decision_block,hierarchical_actor_true_conditional_route_policy,0.6325051784515381,0.23486296832561493,0.8741534352302551,0.2541365921497345,0.8848757743835449,0.25110092759132385,0.7439663410186768,0.24806630611419678,1.3554741144180298,0.22070540487766266,0.7392280101776123,0.2485205978155136,1.3554741144180298,0.22070540487766266,0.7605587840080261,0.24336422979831696,0.7577360272407532,0.24088965356349945,-0.0028227209113538265,0.22818854451179504,0.6383141279220581,-0.4880959093570709,0.0028227209113538265,0.22818854451179504,0.4880959093570709,-0.6383141279220581,-0.11229440569877625,0.0756164938211441,0.15312319993972778,-0.39776116609573364,-0.13424792885780334,0.12424815446138382,-0.16242897510528564,0.15807290375232697,-0.048735737800598145,0.1762474626302719,-0.13424792885780334,0.12424815446138382,-0.16242897510528564,0.15807290375232697,-0.048735737800598145,0.1762474626302719,-0.1265997439622879,0.25673556327819824,-0.1551777869462967,0.2806199789047241,-0.04273369163274765,0.2863996624946594,-0.11229440569877625,0.0756164938211441,-0.1139870136976242,0.07714831829071045,-0.11108909547328949,0.23862165212631226,0.3444865047931671,-0.9596707820892334,0.0012053119717165828,0.22619621455669403,0.5425809621810913,-0.7805976867675781,0.30000001192092896,-0.13078951835632324,0.49402743577957153,3
20,60,63,3,dispatch_decision_block,hierarchical_actor_true_conditional_route_policy,0.6841905117034912,0.3092672526836395,0.8859307169914246,0.33901268243789673,0.8913383483886719,0.3383629024028778,0.7956517934799194,0.33963072299957275,1.496839165687561,0.25,0.8052154779434204,0.33759012818336487,1.496839165687561,0.25,0.7925093770027161,0.32319897413253784,0.8048819899559021,0.32200488448143005,0.012372629716992378,0.34338274598121643,0.757889449596405,-0.9003564119338989,-0.012372629716992378,0.34338274598121643,0.9003564119338989,-0.757889449596405,-0.22559089958667755,0.21767672896385193,0.3862549960613251,-0.6368751525878906,-0.465214341878891,0.16656015813350677,0.9327779412269592,0.18410231173038483,-0.8437358140945435,0.2074480801820755,-0.465214341878891,0.16656015813350677,0.9327779412269592,0.18410231173038483,-0.8437358140945435,0.2074480801820755,-0.4646727740764618,0.3680713176727295,0.9034318327903748,0.42612192034721375,-0.8371810913085938,0.3933698534965515,-0.22559089958667755,0.21767672896385193,-0.21846218407154083,0.21655897796154022,-0.22788655757904053,0.4187547266483307,0.9702579975128174,-1.3781259059906006,-0.00229567289352417,0.3399048447608948,1.0035074949264526,-0.74125075340271,0.2800000011920929,-0.18829868733882904,0.46281999349594116,3
21,63,66,3,dispatch_decision_block,hierarchical_actor_true_conditional_route_policy,0.4668946862220764,0.39175766706466675,0.71026211977005,0.4155634939670563,0.7006034851074219,0.41548222303390503,0.5891909003257751,0.40715980529785156,1.9726978540420532,0.0,0.6047090888023376,0.4139244854450226,1.9726978540420532,0.05568229407072067,0.5984479784965515,0.4173871576786041,0.6160082221031189,0.40849822759628296,0.017560211941599846,0.5009044408798218,1.1094732284545898,-1.3932595252990723,-0.017560211941599846,0.5009044408798218,1.3932595252990723,-1.1094732284545898,-0.004121542442589998,0.21848808228969574,0.4945795238018036,-0.6460626721382141,-0.8084691762924194,0.25449562072753906,0.8823745846748352,0.30269503593444824,0.522051215171814,0.19955351948738098,-0.8084691762924194,0.25449562072753906,0.8823745846748352,0.30269503593444824,0.522051215171814,0.19955351948738098,-0.8064063191413879,0.4934026598930359,0.8480851054191589,0.6253716349601746,0.4946955740451813,0.5742035508155823,-0.004121542442589998,0.21848808228969574,-0.002378660487011075,0.21218886971473694,-0.020142830908298492,0.5792558193206787,1.528386116027832,-1.1348040103912354,-0.016021283343434334,0.47225067019462585,1.337357759475708,-0.9290302991867065,0.1599999964237213,-0.05502799153327942,0.49123790860176086,3
22,66,69,3,dispatch_decision_block,hierarchical_actor_true_conditional_route_policy,0.4524800777435303,0.3809433877468109,0.7074604630470276,0.4046691954135895,0.7181828022003174,0.4025491178035736,0.574776291847229,0.39530879259109497,1.8476245403289795,0.0,0.5928322672843933,0.40961986780166626,1.8476245403289795,0.034556057304143906,0.5919167399406433,0.3856048882007599,0.6077321171760559,0.4044443666934967,0.015815384685993195,0.4814980626106262,0.9914213418960571,-1.2612961530685425,-0.015815384685993195,0.4814980626106262,1.2612961530685425,-0.9914213418960571,0.09086108952760696,0.12069221585988998,0.4200035035610199,-0.2661963403224945,-0.1032206267118454,0.16316364705562592,0.21832357347011566,0.15552765130996704,0.33975669741630554,0.13929158449172974,-0.1032206267118454,0.16316364705562592,0.21832357347011566,0.15552765130996704,0.33975669741630554,0.13929158449172974,-0.11928986757993698,0.4452114999294281,0.196126326918602,0.5440146327018738,0.31523722410202026,0.5184057950973511,0.09086108952760696,0.12069221585988998,0.08813582360744476,0.11493061482906342,0.07361104339361191,0.4734576344490051,1.2337788343429565,-0.9536731243133545,-0.01725006103515625,0.4523267149925232,1.1458796262741089,-0.9388630986213684,0.17000000178813934,-0.13908851146697998,0.41663363575935364,3
23,69,72,3,dispatch_decision_block,hierarchical_actor_true_conditional_route_policy,0.6738446950912476,0.19303244352340698,0.8794406056404114,0.23325511813163757,0.8848483562469482,0.23067109286785126,0.7961409091949463,0.22376999258995056,1.4634466171264648,0.3225749731063843,0.7992499470710754,0.2224668711423874,1.4634466171264648,0.3225749731063843,0.7776116728782654,0.21568803489208221,0.7834341526031494,0.21612310409545898,0.005822471342980862,0.20781630277633667,0.4977419972419739,-0.5188903212547302,-0.005822471342980862,0.20781630277633667,0.5188903212547302,-0.4977419972419739,-0.20672132074832916,0.16097688674926758,0.2855043411254883,-0.5168311595916748,-0.06598079949617386,0.15590998530387878,0.26553189754486084,0.16504086554050446,-0.9001650810241699,0.35315313935279846,-0.06598079949617386,0.15590998530387878,0.26553189754486084,0.16504086554050446,-0.9001650810241699,0.35315313935279846,-0.06460016965866089,0.23117555677890778,0.2554832696914673,0.2857665717601776,-0.8847283720970154,0.4253782033920288,-0.20672132074832916,0.16097688674926758,-0.20794528722763062,0.16011680662631989,-0.21095915138721466,0.2535722255706787,0.3960024118423462,-0.7270431518554688,-0.004237830173224211,0.2011970579624176,0.45662277936935425,-0.4734414517879486,0.20999999344348907,-0.12954328954219818,0.389510840177536,3
0,0,3,3,dispatch_decision_block,hierarchical_actor_true_conditional_route_policy,0.6149841547012329,0.29901599884033203,0.8259339928627014,0.31165388226509094,0.8319331407546997,0.3170396089553833,0.707629382610321,0.3146428167819977,1.4772816896438599,0.2666666805744171,0.7083067297935486,0.31433963775634766,1.4772816896438599,0.2666666805744171,0.7173669338226318,0.3000746965408325,0.7177091836929321,0.3006085753440857,0.00034213782055303454,0.29619401693344116,0.8151624202728271,-0.741908073425293,-0.00034213782055303454,0.29619401693344116,0.741908073425293,-0.8151624202728271,-0.5393603444099426,0.10619491338729858,-0.19220218062400818,-0.7375150322914124,-0.6553424000740051,0.15679675340652466,-0.4608210623264313,0.1301473081111908,-0.3615938425064087,0.14952413737773895,-0.6553424000740051,0.15679675340652466,-0.4608210623264313,0.1301473081111908,-0.3615938425064087,0.14952413737773895,-0.6420280933380127,0.3423128128051758,-0.4527822434902191,0.35925406217575073,-0.35625335574150085,0.3584381937980652,-0.5393603444099426,0.10619491338729858,-0.5376421213150024,0.10023722797632217,-0.528134286403656,0.3226889967918396,0.3276827931404114,-1.3775925636291504,0.011226048693060875,0.31206825375556946,0.7666597962379456,-0.7927966713905334,0.12999999523162842,-0.09437189251184464,0.3813740015029907,4
1,3,6,3,dispatch_decision_block,hierarchical_actor_true_conditional_route_policy,0.3974502980709076,0.3307397961616516,0.6108070611953735,0.3603549599647522,0.6443625688552856,0.358979195356369,0.4900956451892853,0.3416603207588196,1.7093987464904785,0.012533755972981453,0.49308380484580994,0.34232327342033386,1.7093987464904785,0.012533755972981453,0.506135880947113,0.3433273732662201,0.5137513875961304,0.34404030442237854,0.007615474984049797,0.42792168259620667,1.1933540105819702,-1.3813221454620361,-0.007615474984049797,0.42792168259620667,1.3813221454620361,-1.1933540105819702,-0.2549925148487091,0.1979268193244934,0.3402721583843231,-0.6681755185127258,-0.6624189615249634,0.13094128668308258,-0.4631252586841583,0.2223230004310608,0.9550794363021851,0.20869988203048706,-0.6624189615249634,0.13094128668308258,-0.4631252586841583,0.2223230004310608,0.9550794363021851,0.20869988203048706,-0.6510542035102844,0.4507427513599396,-0.4582558870315552,0.50006103515625,0.930809497833252,0.4968104660511017,-0.2549925148487091,0.1979268193244934,-0.2568646967411041,0.18876565992832184,-0.25535479187965393,0.4907849133014679,1.1768407821655273,-1.736325979232788,-0.0003622424555942416,0.4227108657360077,1.568400502204895,-1.081939697265625,0.2199999988079071,-0.12789379060268402,0.43617624044418335,4
2,6,9,3,dispatch_decision_block,hierarchical_actor_true_conditional_route_policy,0.4471566081047058,0.34686750173568726,0.6159646511077881,0.36911141872406006,0.6366292834281921,0.3702101409435272,0.5398019552230835,0.3700388967990875,1.9041459560394287,0.028949979692697525,0.5436506271362305,0.3707534372806549,1.9041459560394287,0.028949979692697525,0.5376266241073608,0.35477858781814575,0.5439205765724182,0.35700321197509766,0.0062939561903476715,0.4135332405567169,0.8802292943000793,-1.3414620161056519,-0.0062939561903476715,0.4135332405567169,1.3414620161056519,-0.8802292943000793,-0.06235218048095703,0.3593827784061432,0.5628350973129272,-1.1747406721115112,0.5499810576438904,0.1827850192785263,-2.1491568088531494,0.48876461386680603,0.5111671686172485,0.31811216473579407,0.5499810576438904,0.1827850192785263,-2.1491568088531494,0.48876461386680603,0.5111671686172485,0.31811216473579407,0.534976601600647,0.44134703278541565,-2.1082372665405273,0.675204873085022,0.4946567118167877,0.5559792518615723,-0.06235218048095703,0.3593827784061432,-0.062164660543203354,0.35169991850852966,-0.06442637741565704,0.5660545229911804,1.2848129272460938,-1.5944911241531372,-0.0020741999614983797,0.412587970495224,1.201013445854187,-0.9275393486022949,0.33000001311302185,-0.15730589628219604,0.6564375162124634,4
3,9,12,3,dispatch_decision_block,hierarchical_actor_true_conditional_route_policy,0.644422173500061,0.2201804220676422,0.8745757937431335,0.2519141733646393,0.8805749416351318,0.2501413822174072,0.767913818359375,0.24697189033031464,1.342154860496521,0.23219677805900574,0.7720715403556824,0.24446451663970947,1.342154860496521,0.23219677805900574,0.7542259097099304,0.23133151233196259,0.7625735402107239,0.23187290132045746,0.008347579278051853,0.2346348613500595,0.5824432373046875,-0.9578883647918701,-0.008347579278051853,0.2346348613500595,0.9578883647918701,-0.5824432373046875,-0.3942321836948395,0.2114996314048767,0.13452360033988953,-0.9428796768188477,-0.04872134327888489,0.11695514619350433,-1.6112332344055176,0.426224946975708,-0.03192078322172165,0.13284409046173096,-0.04872134327888489,0.11695514619350433,-1.6112332344055176,0.426224946975708,-0.03192078322172165,0.13284409046173096,-0.05079527199268341,0.23623023927211761,-1.581831932067871,0.5305984020233154,-0.03595768287777901,0.29534727334976196,-0.3942321836948395,0.2114996314048767,-0.38353773951530457,0.2095734179019928,-0.38639846444129944,0.33280515670776367,0.5532486438751221,-1.2424194812774658,0.007833722047507763,0.23722289502620697,0.935173511505127,-0.6169286370277405,0.09000000357627869,-0.010526466183364391,0.5097219944000244,4
4,12,15,3,dispatch_decision_block,hierarchical_actor_true_conditional_route_policy,0.6891133785247803,0.3019788861274719,0.910017192363739,0.31197258830070496,0.9435727000236511,0.31686627864837646,0.812605082988739,0.308966726064682,1.6272361278533936,0.3105715215206146,0.8083680868148804,0.309272825717926,1.6272361278533936,0.3105715215206146,0.8079097867012024,0.31089216470718384,0.8078043460845947,0.30996838212013245,-0.00010542631207499653,0.2604297399520874,0.8538130521774292,-0.7744103074073792,0.00010542631207499653,0.2604297399520874,0.7744103074073792,-0.8538130521774292,-0.2933712899684906,0.16419757902622223,0.1583888679742813,-0.5657036900520325,-0.3716232180595398,0.18755343556404114,0.48609402775764465,0.2263219654560089,-0.746319055557251,0.2836109399795532,-0.3716232180595398,0.18755343556404114,0.48609402775764465,0.2263219654560089,-0.746319055557251,0.2836109399795532,-0.35908806324005127,0.32383865118026733,0.4789770841598511,0.3574298918247223,-0.7275729179382324,0.4112224876880646,-0.2933712899684906,0.16419757902622223,-0.28454849123954773,0.17543351650238037,-0.2828432619571686,0.316358357667923,0.41779136657714844,-1.3885654211044312,0.01052799727767706,0.26301464438438416,0.8151209950447083,-0.8422137498855591,0.27000001072883606,-0.2028873860836029,0.42333632707595825,4
5,15,18,3,dispatch_decision_block,hierarchical_actor_true_conditional_route_policy,0.5523883700370789,0.42869991064071655,0.7405010461807251,0.45388063788414,0.7611657977104187,0.4520772397518158,0.6758800745010376,0.44711095094680786,2.215128183364868,0.0710902288556099,0.666201651096344,0.4406212270259857,2.215128183364868,0.0710902288556099,0.6582361459732056,0.4382222592830658,0.6516197323799133,0.4296784996986389,-0.006616487633436918,0.5494840741157532,1.8735982179641724,-2.0359182357788086,0.006616487633436918,0.5494840741157532,2.0359182357788086,-1.8735982179641724,-0.09686216711997986,0.11546751856803894,0.24110782146453857,-0.38466593623161316,-0.04904640093445778,0.11160621792078018,-0.7407060265541077,0.11384618282318115,0.2307329624891281,0.16819053888320923,-0.04904640093445778,0.11160621792078018,-0.7407060265541077,0.11384618282318115,0.2307329624891281,0.16819053888320923,-0.03781701624393463,0.5456488728523254,-0.717447817325592,0.5921159386634827,0.2346799522638321,0.604042112827301,-0.09686216711997986,0.11546751856803894,-0.09663522988557816,0.10808508843183517,-0.09135041385889053,0.5605972409248352,1.6724135875701904,-2.085256814956665,0.005511753726750612,0.5502043962478638,1.9848397970199585,-1.8588128089904785,0.1599999964237213,-0.11302804201841354,0.6294862627983093,4
6,18,21,3,dispatch_decision_block,hierarchical_actor_true_conditional_route_policy,0.4651634991168976,0.432011216878891,0.6802784204483032,0.4571719765663147,0.686277449131012,0.44662734866142273,0.5661532878875732,0.4497414231300354,2.322876453399658,0.0,0.5563192963600159,0.4409160614013672,2.322876453399658,0.0,0.575858473777771,0.43944329023361206,0.5670177936553955,0.4368312656879425,-0.008840753696858883,0.5527077913284302,1.7688015699386597,-2.0753555297851562,0.008840753696858883,0.5527077913284302,2.0753555297851562,-1.7688015699386597,-0.3233824074268341,0.29876089096069336,0.38104796409606934,-0.9994441270828247,0.6482647657394409,0.17659053206443787,-0.7497119307518005,0.33994218707084656,-2.1894872188568115,0.4336956739425659,0.6482647657394409,0.17659053206443787,-0.7497119307518005,0.33994218707084656,-2.1894872188568115,0.4336956739425659,0.6454765796661377,0.5692577362060547,-0.7254196405410767,0.688763439655304,-2.1353373527526855,0.7402355074882507,-0.3233824074268341,0.29876089096069336,-0.32152077555656433,0.2995738685131073,-0.3088570535182953,0.6836449503898621,1.9480891227722168,-2.2561497688293457,0.014525406062602997,0.5447025299072266,2.0247392654418945,-1.4854542016983032,0.17000000178813934,-0.11316343396902084,0.4458371102809906,4
7,21,24,3,dispatch_decision_block,hierarchical_actor_true_conditional_route_policy,0.6198491454124451,0.22212669253349304,0.8443695306777954,0.24770928919315338,0.8779250979423523,0.25268858671188354,0.7208389043807983,0.23525714874267578,1.4983420372009277,0.301797479391098,0.7222158908843994,0.2343820482492447,1.4983420372009277,0.301797479391098,0.7437770366668701,0.23898279666900635,0.7506579756736755,0.24033454060554504,0.006880932953208685,0.2365061193704605,0.6770659685134888,-0.7624450922012329,-0.006880932953208685,0.2365061193704605,0.7624450922012329,-0.6770659685134888,-0.6566532850265503,0.2145553082227707,0.07824607193470001,-1.1291691064834595,-0.7160278558731079,0.26476815342903137,0.045449089258909225,0.08933752030134201,-1.553591012954712,0.31029102206230164,-0.7160278558731079,0.26476815342903137,0.045449089258909225,0.08933752030134201,-1.553591012954712,0.31029102206230164,-0.700461745262146,0.3504856526851654,0.04307805001735687,0.2772727906703949,-1.522194266319275,0.4441121816635132,-0.6566532850265503,0.2145553082227707,-0.6460958123207092,0.22550278902053833,-0.6445468068122864,0.34387922286987305,0.46523603796958923,-1.470615267753601,0.012106477282941341,0.23762722313404083,0.9055137634277344,-0.6420132517814636,0.2199999988079071,-0.09847477823495865,0.687483549118042,4
8,24,27,3,dispatch_decision_block,hierarchical_actor_true_conditional_route_policy,0.6523173451423645,0.2869085669517517,0.8260713815689087,0.3100638687610626,0.8467360734939575,0.3123999834060669,0.7533071637153625,0.30080580711364746,1.5662963390350342,0.29879650473594666,0.7555232048034668,0.3034200668334961,1.5662963390350342,0.29879650473594666,0.7442436814308167,0.2957041263580322,0.7524049282073975,0.3010234832763672,0.008161214180290699,0.30596640706062317,0.8440107107162476,-0.7148573398590088,-0.008161214180290699,0.30596640706062317,0.7148573398590088,-0.8440107107162476,0.18607178330421448,0.35091519355773926,1.0889267921447754,-0.6347719430923462,1.303890585899353,0.35437944531440735,-0.3510299623012543,0.15477478504180908,-1.7276426553726196,0.538662850856781,1.303890585899353,0.35437944531440735,-0.3510299623012543,0.15477478504180908,-1.7276426553726196,0.538662850856781,1.2745531797409058,0.47462350130081177,-0.34696921706199646,0.37067046761512756,-1.6936440467834473,0.6188276410102844,0.18607178330421448,0.35091519355773926,0.19151423871517181,0.3406531810760498,0.179929718375206,0.44805318117141724,1.366727352142334,-0.8754082918167114,-0.006142051424831152,0.288161963224411,0.6943966746330261,-0.7988584637641907,0.3100000023841858,-0.09313130378723145,0.5834425091743469,4
9,27,30,3,dispatch_decision_block,hierarchical_actor_true_conditional_route_policy,0.4786807894706726,0.43269267678260803,0.6892155408859253,0.45243531465530396,0.6952147483825684,0.4488891363143921,0.5761047601699829,0.44781193137168884,2.3089990615844727,0.0018457534024491906,0.5689495205879211,0.43961194157600403,2.3089990615844727,0.0018457534024491906,0.5872897505760193,0.44438880681991577,0.5827457308769226,0.4317300319671631,-0.004543995950371027,0.4750453531742096,1.491479516029358,-1.1490960121154785,0.004543995950371027,0.4750453531742096,1.1490960121154785,-1.491479516029358,0.01516430638730526,0.12583057582378387,0.33726346492767334,-0.3364121913909912,0.39980924129486084,0.1857471466064453,-0.13654297590255737,0.26005318760871887,-0.6251015663146973,0.19717496633529663,0.39980924129486084,0.1857471466064453,-0.13654297590255737,0.26005318760871887,-0.6251015663146973,0.19717496633529663,0.3995964825153351,0.5054866075515747,-0.12604714930057526,0.5530359745025635,-0.6063517332077026,0.5222001671791077,0.01516430638730526,0.12583057582378387,0.01849551498889923,0.12986136972904205,0.021264731884002686,0.4818136692047119,1.1526185274124146,-1.4610166549682617,0.006100426893681288,0.4782889783382416,1.1130255460739136,-1.4948225021362305,0.18000000715255737,-0.10863573104143143,0.40837112069129944,4
10,30,33,3,dispatch_decision_block,hierarchical_actor_true_conditional_route_policy,0.4747105836868286,0.4434603154659271,0.6904503703117371,0.4511607885360718,0.7240058779716492,0.4518876075744629,0.5721345543861389,0.4552367329597473,2.2142961025238037,0.009039661847054958,0.5649175047874451,0.44708794355392456,2.2142961025238037,0.009039661847054958,0.5883831977844238,0.4439103901386261,0.5827361345291138,0.4405113160610199,-0.005647087004035711,0.4881179928779602,1.701430082321167,-1.1272214651107788,0.005647087004035711,0.4881179928779602,1.1272214651107788,-1.701430082321167,-0.04063625633716583,0.1272939294576645,0.48187899589538574,-0.3041549324989319,-0.06108657270669937,0.14234693348407745,-0.4335821568965912,0.17022450268268585,0.26076290011405945,0.15672791004180908,-0.06108657270669937,0.14234693348407745,-0.4335821568965912,0.17022450268268585,0.26076290011405945,0.15672791004180908,-0.051310133188962936,0.5114958882331848,-0.41683006286621094,0.5408415794372559,0.26187023520469666,0.5073705315589905,-0.04063625633716583,0.1272939294576645,-0.04365008696913719,0.12467477470636368,-0.04094803333282471,0.5091853141784668,1.0594100952148438,-1.7906601428985596,-0.00031176686752587557,0.4933428466320038,1.1418589353561401,-1.7077462673187256,0.14000000059604645,-0.12699498236179352,0.37507548928260803,4
11,33,36,3,dispatch_decision_block,hierarchical_actor_true_conditional_route_policy,0.6690363883972168,0.22174280881881714,0.837521493434906,0.2496362328529358,0.8581861257553101,0.256759911775589,0.7664604187011719,0.2528071403503418,1.3850196599960327,0.26018452644348145,0.772229015827179,0.25757256150245667,1.3850196599960327,0.26018452644348145,0.7535955905914307,0.23420703411102295,0.7626756429672241,0.2408187985420227,0.009079908952116966,0.21490783989429474,0.4780282974243164,-0.5566405057907104,-0.009079908952116966,0.21490783989429474,0.5566405057907104,-0.4780282974243164,0.13981537520885468,0.11672418564558029,0.3932133615016937,-0.23410053551197052,0.4121050536632538,0.12624801695346832,-0.37442708015441895,0.16294197738170624,0.10069853067398071,0.08964338153600693,0.4121050536632538,0.12624801695346832,-0.37442708015441895,0.16294197738170624,0.10069853067398071,0.08964338153600693,0.39883720874786377,0.2213643342256546,-0.37325096130371094,0.29590368270874023,0.09260008484125137,0.2569037973880768,0.13981537520885468,0.11672418564558029,0.1426747441291809,0.11433599889278412,0.12832435965538025,0.23613162338733673,0.671718180179596,-0.4108717143535614,-0.011491017416119576,0.21935255825519562,0.579788088798523,-0.5901550054550171,0.11999999731779099,-0.07950295507907867,0.34827253222465515,4
12,36,39,3,dispatch_decision_block,hierarchical_actor_true_conditional_route_policy,0.6517444849014282,0.2836931645870209,0.8726905584335327,0.29696306586265564,0.878689706325531,0.30410921573638916,0.7557806372642517,0.2943408191204071,1.3760814666748047,0.26985621452331543,0.7508918046951294,0.2943039536476135,1.3760814666748047,0.26985621452331543,0.7648140788078308,0.29076457023620605,0.759431779384613,0.295437753200531,-0.005382325500249863,0.27300935983657837,0.7624087929725647,-0.7225426435470581,0.005382325500249863,0.27300935983657837,0.7225426435470581,-0.7624087929725647,-0.016930799931287766,0.18039578199386597,0.3711872100830078,-0.41266950964927673,0.43845248222351074,0.14148174226284027,-0.3916860818862915,0.286462664604187,-0.5313025116920471,0.20421016216278076,0.43845248222351074,0.14148174226284027,-0.3916860818862915,0.286462664604187,-0.5313025116920471,0.20421016216278076,0.43491852283477783,0.3049774467945099,-0.37789735198020935,0.4165384769439697,-0.5152307748794556,0.35996589064598083,-0.016930799931287766,0.18039578199386597,-0.012120945379137993,0.1885925531387329,-0.010421051643788815,0.3463344871997833,0.9183864593505859,-0.8707436323165894,0.006509748753160238,0.2841190993785858,0.6607908010482788,-0.7080519199371338,0.23999999463558197,-0.19883380830287933,0.3501935303211212,4
13,39,42,3,dispatch_decision_block,hierarchical_actor_true_conditional_route_policy,0.4251529574394226,0.33409205079078674,0.6461890935897827,0.3460794985294342,0.6797446608543396,0.34305527806282043,0.5291892290115356,0.34653812646865845,1.7287031412124634,0.007092954590916634,0.5213485956192017,0.3460758328437805,1.7287031412124634,0.007092954590916634,0.5446959733963013,0.33543694019317627,0.5427697896957397,0.344400554895401,-0.0019261479610577226,0.41003820300102234,1.1445287466049194,-0.9797148704528809,0.0019261479610577226,0.41003820300102234,0.9797148704528809,-1.1445287466049194,-0.17129379510879517,0.20301423966884613,0.37332943081855774,-0.5671448707580566,0.5046457648277283,0.21280747652053833,-0.8471685647964478,0.2834179997444153,-0.8461542725563049,0.2517006993293762,0.5046457648277283,0.21280747652053833,-0.8471685647964478,0.2834179997444153,-0.8461542725563049,0.2517006993293762,0.5035596489906311,0.4473220109939575,-0.822161078453064,0.5058003067970276,-0.8216887712478638,0.501570999622345,-0.17129379510879517,0.20301423966884613,-0.17055338621139526,0.19568698108196259,-0.16637535393238068,0.4820176661014557,1.1453169584274292,-1.424918532371521,0.004918426275253296,0.4001559317111969,0.945741593837738,-1.1142818927764893,0.23999999463558197,-0.08320310711860657,0.5030176043510437,4
14,42,45,3,dispatch_decision_block,hierarchical_actor_true_conditional_route_policy,0.48068442940711975,0.35512176156044006,0.656187891960144,0.37231358885765076,0.6768525838851929,0.3780379891395569,0.5847206711769104,0.3773498833179474,1.86753511428833,0.06289582699537277,0.5787034630775452,0.3764694929122925,1.86753511428833,0.06289582699537277,0.5689624547958374,0.36565181612968445,0.5686915516853333,0.36159148812294006,-0.0002709168184082955,0.42134830355644226,1.2477104663848877,-1.05417001247406,0.0002709168184082955,0.42134830355644226,1.05417001247406,-1.2477104663848877,-0.30697888135910034,0.30492478609085083,0.44785767793655396,-0.9453027248382568,-1.1932806968688965,0.3815855085849762,1.1096203327178955,0.43328356742858887,0.28618213534355164,0.17863179743289948,-1.1932806968688965,0.3815855085849762,1.1096203327178955,0.43328356742858887,0.28618213534355164,0.17863179743289948,-1.161076307296753,0.5733984112739563,1.0910569429397583,0.5918177366256714,0.2853895127773285,0.4497332274913788,-0.30697888135910034,0.30492478609085083,-0.30895912647247314,0.2978832721710205,-0.3075491189956665,0.5230196118354797,1.2428922653198242,-1.4964168071746826,-0.0005702358321286738,0.40165621042251587,0.9157863855361938,-1.2182438373565674,0.25999999046325684,-0.1388119012117386,0.4148503541946411,4
15,45,48,3,dispatch_decision_block,hierarchical_actor_true_conditional_route_policy,0.6706390380859375,0.22616145014762878,0.9078876376152039,0.2433786243200302,0.9138867259025574,0.25220170617103577,0.7939147353172302,0.24628563225269318,1.4255480766296387,0.2938777208328247,0.7933380007743835,0.24656125903129578,1.4255480766296387,0.2938777208328247,0.7843031883239746,0.24360589683055878,0.7884710431098938,0.24047687649726868,0.004167931154370308,0.22589945793151855,0.5987719297409058,-0.7170138955116272,-0.004167931154370308,0.22589945793151855,0.7170138955116272,-0.5987719297409058,0.1787172555923462,0.16014070808887482,0.6685230731964111,-0.24234768748283386,0.022130480036139488,0.13322483003139496,-0.3390071392059326,0.11590076237916946,1.3075072765350342,0.43584010004997253,0.022130480036139488,0.13322483003139496,-0.3390071392059326,0.11590076237916946,1.3075072765350342,0.43584010004997253,0.02336181327700615,0.2524714469909668,-0.3322030007839203,0.2574317157268524,1.279496431350708,0.5188716053962708,0.1787172555923462,0.16014070808887482,0.17296995222568512,0.16700705885887146,0.16623501479625702,0.2740315794944763,0.9382936954498291,-0.49637240171432495,-0.012482233345508575,0.2273792326450348,0.7355389595031738,-0.6112592220306396,0.1899999976158142,-0.13226257264614105,0.5221229791641235,4
16,48,51,3,dispatch_decision_block,hierarchical_actor_true_conditional_route_policy,0.7262758016586304,0.3320067226886749,0.9586117267608643,0.33532845973968506,0.9921672344207764,0.33926305174827576,0.8495514392852783,0.34164080023765564,1.533082127571106,0.32074618339538574,0.8510227799415588,0.3426010310649872,1.533082127571106,0.32074618339538574,0.8525526523590088,0.3351060748100281,0.8576807975769043,0.33879753947257996,0.005128148943185806,0.3085372745990753,0.7860718965530396,-0.8684905767440796,-0.005128148943185806,0.3085372745990753,0.8684905767440796,-0.7860718965530396,0.011759798973798752,0.11628075689077377,0.35897913575172424,-0.28593477606773376,-0.038929566740989685,0.0989096537232399,0.3011319637298584,0.1602374017238617,-0.15558595955371857,0.22437474131584167,-0.038929566740989685,0.0989096537232399,0.3011319637298584,0.1602374017238617,-0.15558595955371857,0.22437474131584167,-0.03811776265501976,0.3492812514305115,0.2923763394355774,0.3320692777633667,-0.15542760491371155,0.38673368096351624,0.011759798973798752,0.11628075689077377,0.015013095922768116,0.1106996014714241,0.006196956615895033,0.33449220657348633,0.9059750437736511,-0.8073378205299377,-0.005562841892242432,0.306466281414032,0.8095776438713074,-0.781926691532135,0.23000000417232513,-0.1502496600151062,0.3501183092594147,4
17,51,54,3,dispatch_decision_block,hierarchical_actor_true_conditional_route_policy,0.5854353308677673,0.43343812227249146,0.7755197882652283,0.42881205677986145,0.7961844801902771,0.4331224858760834,0.7087110280990601,0.4392755627632141,2.1633458137512207,0.07579989731311798,0.7015208601951599,0.4243530333042145,2.1633458137512207,0.07579989731311798,0.6836320757865906,0.42808300256729126,0.6806575059890747,0.41201621294021606,-0.002974517410621047,0.5646486878395081,1.7769346237182617,-1.8406784534454346,0.002974517410621047,0.5646486878395081,1.8406784534454346,-1.7769346237182617,0.2323906123638153,0.08539854735136032,0.4418836534023285,-0.09724359959363937,0.3096943795681,0.11332350224256516,0.23119668662548065,0.20431271195411682,0.059674520045518875,0.10408812761306763,0.3096943795681,0.11332350224256516,0.23119668662548065,0.20431271195411682,0.059674520045518875,0.10408812761306763,0.3120773434638977,0.5743779540061951,0.23220854997634888,0.6031075119972229,0.06503399461507797,0.5778528451919556,0.2323906123638153,0.08539854735136032,0.22727157175540924,0.09518368542194366,0.22840239107608795,0.571822464466095,2.1059012413024902,-1.513749599456787,-0.003988232463598251,0.5568836331367493,1.821711540222168,-1.7356758117675781,0.12999999523162842,-0.11213269084692001,0.4368090033531189,4
18,54,57,3,dispatch_decision_block,hierarchical_actor_true_conditional_route_policy,0.5212502479553223,0.4523974061012268,0.7332175970077515,0.45643603801727295,0.7392167448997498,0.452693372964859,0.6217545866966248,0.4604392647743225,2.2587223052978516,0.0421905480325222,0.6126437187194824,0.44251784682273865,2.2587223052978516,0.0421905480325222,0.6372974514961243,0.44855996966362,0.6296309232711792,0.4335300624370575,-0.0076665496453642845,0.5953066349029541,1.91304349899292,-1.8166043758392334,0.0076665496453642845,0.5953066349029541,1.8166043758392334,-1.91304349899292,0.3350393772125244,0.08754504472017288,0.47806984186172485,0.11540017277002335,0.3159698247909546,0.11323054879903793,0.036676838994026184,0.11412714421749115,0.5982986688613892,0.26729702949523926,0.3159698247909546,0.11323054879903793,0.036676838994026184,0.11412714421749115,0.5982986688613892,0.26729702949523926,0.3196973204612732,0.598357081413269,0.0438590869307518,0.6214609146118164,0.5931600332260132,0.642982542514801,0.3350393772125244,0.08754504472017288,0.3277603089809418,0.0916636511683464,0.328851580619812,0.6070179343223572,2.2006678581237793,-1.635588526725769,-0.006187803577631712,0.5857486128807068,1.7832121849060059,-1.9411084651947021,0.2800000011920929,-0.1742597371339798,0.4617576003074646,4
19,57,60,3,dispatch_decision_block,hierarchical_actor_true_conditional_route_policy,0.6154772639274597,0.18939709663391113,0.8386063575744629,0.2048821896314621,0.8721619248390198,0.2045174539089203,0.7159816026687622,0.19821946322917938,1.2737542390823364,0.276565819978714,0.7185691595077515,0.19983449578285217,1.2737542390823364,0.276565819978714,0.7340795397758484,0.1923729032278061,0.7386861443519592,0.19672636687755585,0.004606610629707575,0.21204333007335663,0.6377222537994385,-0.5606713891029358,-0.004606610629707575,0.21204333007335663,0.5606713891029358,-0.6377222537994385,-0.17863982915878296,0.10020898282527924,0.14269927144050598,-0.5097104907035828,-0.0912056639790535,0.12215449661016464,0.1500580906867981,0.12608259916305542,-0.4796176850795746,0.2473653107881546,-0.0912056639790535,0.12215449661016464,0.1500580906867981,0.12608259916305542,-0.4796176850795746,0.2473653107881546,-0.0909731388092041,0.2459031343460083,0.14600132405757904,0.26386046409606934,-0.4706839323043823,0.34025952219963074,-0.17863982915878296,0.10020898282527924,-0.177540585398674,0.08936943113803864,-0.17869044840335846,0.23066450655460358,0.4214624762535095,-0.9474517107009888,-5.061089905211702e-05,0.2190188318490982,0.5565176010131836,-0.6727177500724792,0.05000000074505806,-0.05228444188833237,0.3341611623764038,4
20,60,63,3,dispatch_decision_block,hierarchical_actor_true_conditional_route_policy,0.7331374287605286,0.3418768644332886,0.9091222882270813,0.35574647784233093,0.9297868609428406,0.35971584916114807,0.8336418271064758,0.36211690306663513,1.9161456823349,0.28531038761138916,0.8309032320976257,0.36188390851020813,1.9161456823349,0.28531038761138916,0.8260630965232849,0.34583035111427307,0.8230454921722412,0.34581419825553894,-0.003017588285729289,0.3042846918106079,0.9793258905410767,-0.8286464214324951,0.003017588285729289,0.3042846918106079,0.8286464214324951,-0.9793258905410767,-0.1424625813961029,0.24506361782550812,0.48163142800331116,-0.633182168006897,-0.5739723443984985,0.1537979245185852,1.188604712486267,0.24769409000873566,-0.706230640411377,0.24595551192760468,-0.5739723443984985,0.1537979245185852,1.188604712486267,0.24769409000873566,-0.706230640411377,0.24595551192760468,-0.5578600168228149,0.3271785080432892,1.165621280670166,0.40527045726776123,-0.6890428066253662,0.41626811027526855,-0.1424625813961029,0.24506361782550812,-0.13996197283267975,0.24208077788352966,-0.13922642171382904,0.38922399282455444,0.8203390836715698,-1.1962764263153076,0.003236141288653016,0.28860267996788025,0.9062271118164062,-0.9788212776184082,0.10000000149011612,-0.11804309487342834,0.31856074929237366,4
21,63,66,3,dispatch_decision_block,hierarchical_actor_true_conditional_route_policy,0.5710601210594177,0.43578436970710754,0.804202139377594,0.4507692754268646,0.8102012872695923,0.4560704827308655,0.6935669183731079,0.449551522731781,2.0593631267547607,0.0,0.7027647495269775,0.44464972615242004,2.0593631267547607,0.03926614671945572,0.6988140940666199,0.44906193017959595,0.7078912854194641,0.4381501376628876,0.009077215567231178,0.5337224006652832,1.6075730323791504,-1.8324267864227295,-0.009077215567231178,0.5337224006652832,1.8324267864227295,-1.6075730323791504,-0.11971665173768997,0.42314431071281433,0.7217764854431152,-1.0555906295776367,-1.4992746114730835,0.5474053621292114,0.997343122959137,0.2971992790699005,1.3032649755477905,0.3681206703186035,-1.4992746114730835,0.5474053621292114,0.997343122959137,0.2971992790699005,1.3032649755477905,0.3681206703186035,-1.4752599000930786,0.7311850786209106,0.965358555316925,0.5998906493186951,1.2645331621170044,0.6481890082359314,-0.11971665173768997,0.42314431071281433,-0.11945468187332153,0.4204549789428711,-0.12700945138931274,0.6839865446090698,2.4480433464050293,-1.6646653413772583,-0.007292791735380888,0.4572031497955322,1.7921847105026245,-1.5015969276428223,0.1599999964237213,-0.13060632348060608,0.37168094515800476,4
22,66,69,3,dispatch_decision_block,hierarchical_actor_true_conditional_route_policy,0.5543137192726135,0.4269945025444031,0.7965216040611267,0.44733357429504395,0.8300771117210388,0.45174354314804077,0.6768204569816589,0.43914595246315,2.0604465007781982,0.0,0.6849727630615234,0.43404310941696167,2.0604465007781982,0.023218117654323578,0.6893055438995361,0.4344155788421631,0.6969906091690063,0.42651668190956116,0.007684973534196615,0.5429997444152832,1.633687973022461,-1.7929264307022095,-0.007684973534196615,0.5429997444152832,1.7929264307022095,-1.633687973022461,0.118777334690094,0.15344330668449402,0.8012446165084839,-0.35544759035110474,-0.06010196730494499,0.16896195709705353,0.49532657861709595,0.16298694908618927,0.13092096149921417,0.19100332260131836,-0.06010196730494499,0.16896195709705353,0.49532657861709595,0.16298694908618927,0.13092096149921417,0.19100332260131836,-0.06648211181163788,0.5132783055305481,0.4755532443523407,0.5588046312332153,0.11863674223423004,0.5654622912406921,0.118777334690094,0.15344330668449402,0.11207613348960876,0.1442055106163025,0.1039508655667305,0.5329142212867737,1.899681568145752,-1.5166817903518677,-0.014826481230556965,0.48204419016838074,1.6927275657653809,-1.5428744554519653,0.27000001072883606,-0.1881345957517624,0.3286650478839874,4
23,69,72,3,dispatch_decision_block,hierarchical_actor_true_conditional_route_policy,0.7556605339050293,0.23811376094818115,0.9434773325920105,0.2661685347557068,0.9641420245170593,0.28176796436309814,0.8781672716140747,0.2657827138900757,1.598941445350647,0.3534610867500305,0.8795596957206726,0.26618313789367676,1.598941445350647,0.3534610867500305,0.8544092774391174,0.256704717874527,0.8605111837387085,0.2621636390686035,0.006101850885897875,0.22286197543144226,0.5477898120880127,-0.6863968372344971,-0.006101850885897875,0.22286197543144226,0.6863968372344971,-0.5477898120880127,-0.11222663521766663,0.1517011672258377,0.2487054467201233,-0.46871262788772583,0.19327197968959808,0.11064648628234863,0.4072554111480713,0.14921846985816956,-0.9669448733329773,0.24692146480083466,0.19327197968959808,0.11064648628234863,0.4072554111480713,0.14921846985816956,-0.9669448733329773,0.24692146480083466,0.18919946253299713,0.21191759407520294,0.3959842324256897,0.28746989369392395,-0.9490212202072144,0.3833445608615875,-0.11222663521766663,0.1517011672258377,-0.10787143558263779,0.15549083054065704,-0.11392740905284882,0.2718692719936371,0.5083994269371033,-0.9706536531448364,-0.0017007640562951565,0.2192188799381256,0.557567298412323,-0.5022953748703003,0.20999999344348907,-0.1504044383764267,0.418886661529541,4
