probe_index,sensor_id,task_name,old_top1_choice,new_top1_choice,top1_changed,old_sampled_choice,new_sampled_choice,sampled_changed,old_top1_prob,new_top1_prob,top1_prob_delta,decision_kl,decision_l1,old_local_prob,new_local_prob,old_BS1_prob,new_BS1_prob,old_BS2_prob,new_BS2_prob
0,S1,LatCrit,BS2,BS2,0,BS2,BS2,0,0.4271910488605499,0.4449491500854492,0.017758101224899292,0.0038047190755605698,0.07511278986930847,0.27604591846466064,0.23848950862884521,0.29676303267478943,0.3165613114833832,0.4271910488605499,0.4449491500854492
0,S1,ComHvy,local,local,0,local,local,0,0.6686835885047913,0.7075617909431458,0.03887820243835449,0.003867337480187416,0.07775641977787018,0.6686835885047913,0.7075617909431458,0.15728816390037537,0.1326056271791458,0.17402826249599457,0.15983258187770844
0,S1,BWHvy,BS2,BS1,1,BS1,BS1,0,0.37146511673927307,0.382448673248291,0.010983556509017944,0.015020894818007946,0.14217686653137207,0.30681824684143066,0.23572981357574463,0.32171663641929626,0.382448673248291,0.37146511673927307,0.38182151317596436
0,S2,LatCrit,BS1,BS1,0,BS1,BS1,0,0.5353074669837952,0.546367347240448,0.011059880256652832,0.0005117673426866531,0.026686102151870728,0.2385859489440918,0.22524291276931763,0.5353074669837952,0.546367347240448,0.22610653936862946,0.22838972508907318
0,S2,ComHvy,local,local,0,local,local,0,0.7314195036888123,0.735592246055603,0.0041727423667907715,0.000435609370470047,0.016702719032764435,0.7314195036888123,0.735592246055603,0.1694997102022171,0.17367832362651825,0.09908077865839005,0.09072941541671753
0,S2,BWHvy,local,BS2,1,BS2,BS2,0,0.3608744144439697,0.4273017346858978,0.0664273202419281,0.04129914194345474,0.24161189794540405,0.3608744144439697,0.2400684356689453,0.31898432970046997,0.3326297700405121,0.3201412558555603,0.4273017346858978
0,S3,LatCrit,local,local,0,local,BS2,1,0.4561418294906616,0.363105833530426,-0.0930359959602356,0.018167167901992798,0.18607200682163239,0.4561418294906616,0.363105833530426,0.3085969090461731,0.3610575199127197,0.23526127636432648,0.27583667635917664
0,S3,ComHvy,local,local,0,local,local,0,0.44365525245666504,0.4855331778526306,0.041877925395965576,0.020449772477149963,0.14190636575222015,0.44365525245666504,0.4855331778526306,0.36325186491012573,0.39232712984085083,0.19309288263320923,0.12213970720767975
0,S3,BWHvy,local,local,0,local,local,0,0.5102390050888062,0.377707302570343,-0.13253170251846313,0.039225224405527115,0.2650633752346039,0.5102390050888062,0.377707302570343,0.19090646505355835,0.2769598662853241,0.2988545596599579,0.3453328311443329
0,S4,LatCrit,local,local,0,local,local,0,0.4546656608581543,0.41676950454711914,-0.037896156311035156,0.004166021943092346,0.08353263139724731,0.4546656608581543,0.41676950454711914,0.21811023354530334,0.21424010396003723,0.32722407579421997,0.368990421295166
0,S4,ComHvy,local,local,0,local,local,0,0.5776209831237793,0.6379010677337646,0.06028008460998535,0.00772610679268837,0.12056022882461548,0.5776209831237793,0.6379010677337646,0.20224449038505554,0.17147423326969147,0.22013455629348755,0.1906246691942215
0,S4,BWHvy,BS2,BS2,0,BS2,BS2,0,0.3473595380783081,0.4575595259666443,0.11019998788833618,0.04409198462963104,0.24743559956550598,0.3466002941131592,0.22288250923156738,0.3060401678085327,0.3195579946041107,0.3473595380783081,0.4575595259666443
0,S5,LatCrit,local,local,0,local,BS1,1,0.5762733221054077,0.47473376989364624,-0.10153955221176147,0.02082212269306183,0.20307914912700653,0.5762733221054077,0.47473376989364624,0.24965053796768188,0.31627896428108215,0.174076110124588,0.2089872807264328
0,S5,ComHvy,local,local,0,local,local,0,0.5014570951461792,0.5881693363189697,0.08671224117279053,0.015727266669273376,0.17342448234558105,0.5014570951461792,0.5881693363189697,0.27394068241119385,0.2349504679441452,0.22460220754146576,0.17688018083572388
0,S5,BWHvy,local,BS2,1,local,BS1,1,0.39520251750946045,0.3986666798591614,0.0034641623497009277,0.024150900542736053,0.18623286485671997,0.39520251750946045,0.30208611488342285,0.2963023781776428,0.29924723505973816,0.30849507451057434,0.3986666798591614
0,S6,LatCrit,local,local,0,local,local,0,0.6443753242492676,0.5258693695068359,-0.11850595474243164,0.03912653028964996,0.2370118945837021,0.6443753242492676,0.5258693695068359,0.1962980329990387,0.20442558825016022,0.1593266725540161,0.26970505714416504
0,S6,ComHvy,BS2,BS2,0,BS2,BS2,0,0.3732903003692627,0.5402865409851074,0.16699624061584473,0.05661502480506897,0.33399245142936707,0.3198944926261902,0.24317753314971924,0.30681517720222473,0.21653592586517334,0.3732903003692627,0.5402865409851074
0,S6,BWHvy,local,BS2,1,local,local,0,0.43720734119415283,0.35680997371673584,-0.08039736747741699,0.02195027470588684,0.1991591602563858,0.43720734119415283,0.3376277685165405,0.24630297720432281,0.30556225776672363,0.31648966670036316,0.35680997371673584
0,S7,LatCrit,local,local,0,local,local,0,0.7434228658676147,0.7014905214309692,-0.04193234443664551,0.004425136372447014,0.08386467397212982,0.7434228658676147,0.7014905214309692,0.1377793401479721,0.16449595987796783,0.11879780888557434,0.13401351869106293
0,S7,ComHvy,local,local,0,local,local,0,0.6524499654769897,0.7467297315597534,0.09427976608276367,0.0225566104054451,0.18855953216552734,0.6524499654769897,0.7467297315597534,0.14926573634147644,0.11638521403074265,0.19828428328037262,0.13688503205776215
0,S7,BWHvy,BS2,BS2,0,BS2,BS2,0,0.383583128452301,0.396470844745636,0.012887716293334961,0.00421478133648634,0.0816727876663208,0.337535560131073,0.2966991662979126,0.278881311416626,0.3068299889564514,0.383583128452301,0.396470844745636
0,S8,LatCrit,local,local,0,local,local,0,0.4935665726661682,0.53669273853302,0.04312616586685181,0.01886078715324402,0.16290223598480225,0.4935665726661682,0.53669273853302,0.21382828056812286,0.252153217792511,0.2926051616668701,0.2111540287733078
0,S8,ComHvy,local,local,0,local,local,0,0.6187670230865479,0.5800971984863281,-0.03866982460021973,0.01636609062552452,0.14865237474441528,0.6187670230865479,0.5800971984863281,0.20389211177825928,0.2782182991504669,0.17734085023403168,0.14168448746204376
0,S8,BWHvy,local,BS1,1,local,BS1,1,0.3628069758415222,0.4366152286529541,0.07380825281143188,0.03972722217440605,0.25138264894485474,0.3628069758415222,0.23711568117141724,0.3582211434841156,0.4366152286529541,0.2789718508720398,0.32626911997795105
1,S1,LatCrit,local,BS1,1,local,BS2,1,0.43246638774871826,0.3667088747024536,-0.06575751304626465,0.05953732877969742,0.31777676939964294,0.43246638774871826,0.2735779881477356,0.3077128529548645,0.3667088747024536,0.2598207890987396,0.3597131371498108
1,S1,ComHvy,local,local,0,local,local,0,0.6134626865386963,0.6791599988937378,0.0656973123550415,0.009596135467290878,0.13139459490776062,0.6134626865386963,0.6791599988937378,0.18156014382839203,0.1502111405134201,0.20497716963291168,0.1706288903951645
1,S1,BWHvy,local,BS1,1,BS2,BS2,0,0.4121389389038086,0.40162208676338196,-0.010516852140426636,0.07465266436338425,0.34982943534851074,0.4121389389038086,0.23722422122955322,0.30339697003364563,0.40162208676338196,0.2844640910625458,0.3611536920070648
1,S2,LatCrit,BS1,BS1,0,BS2,BS2,0,0.4165608286857605,0.4666101932525635,0.05004936456680298,0.011519682593643665,0.12963327765464783,0.29513049125671387,0.23031383752822876,0.4165608286857605,0.4666101932525635,0.28830868005752563,0.3030759394168854
1,S2,ComHvy,local,local,0,local,local,0,0.6708121299743652,0.6733108758926392,0.0024987459182739258,0.009421862661838531,0.07501552253961563,0.6708121299743652,0.6733108758926392,0.19751709699630737,0.23252607882022858,0.13167080283164978,0.09416300803422928
1,S2,BWHvy,local,BS1,1,local,BS2,1,0.44964826107025146,0.3808675706386566,-0.06878069043159485,0.06764641404151917,0.3411603569984436,0.44964826107025146,0.27906811237335205,0.3126005530357361,0.3808675706386566,0.23775117099285126,0.3400643467903137
1,S3,LatCrit,local,BS1,1,local,BS1,1,0.47911226749420166,0.41611248254776,-0.06299978494644165,0.07165709137916565,0.3601715564727783,0.47911226749420166,0.2990264892578125,0.29828783869743347,0.41611248254776,0.22259992361068726,0.2848610579967499
1,S3,ComHvy,local,local,0,local,local,0,0.548865795135498,0.6567193269729614,0.10785353183746338,0.02520529180765152,0.21570710837841034,0.548865795135498,0.6567193269729614,0.2467731535434723,0.18042176961898804,0.20436106622219086,0.16285887360572815
1,S3,BWHvy,local,BS2,1,BS2,BS2,0,0.45623481273651123,0.38746151328086853,-0.0687732994556427,0.06271925568580627,0.332446426153183,0.45623481273651123,0.29001158475875854,0.26382318139076233,0.32252687215805054,0.27994200587272644,0.38746151328086853
1,S4,LatCrit,local,BS2,1,BS1,BS2,1,0.4022403955459595,0.3990129232406616,-0.0032274723052978516,0.026805438101291656,0.20021674036979675,0.4022403955459595,0.3021320104598999,0.29140785336494446,0.2988550364971161,0.30635175108909607,0.3990129232406616
1,S4,ComHvy,local,local,0,local,local,0,0.6617697477340698,0.6976944208145142,0.035924673080444336,0.0059073204174637794,0.08296315371990204,0.6617697477340698,0.6976944208145142,0.20546282827854156,0.16398122906684875,0.1327674388885498,0.1383243203163147
1,S4,BWHvy,local,local,0,local,local,0,0.6122773885726929,0.47915351390838623,-0.13312387466430664,0.03783287853002548,0.2662476897239685,0.6122773885726929,0.47915351390838623,0.19822601974010468,0.23879672586917877,0.18949663639068604,0.2820497453212738
1,S5,LatCrit,local,BS1,1,local,BS1,1,0.45226770639419556,0.4786902368068695,0.02642253041267395,0.0553588829934597,0.3146302103996277,0.45226770639419556,0.2949525713920593,0.3806270360946655,0.4786902368068695,0.16710525751113892,0.22635714709758759
1,S5,ComHvy,local,local,0,local,local,0,0.4408056139945984,0.5066249370574951,0.06581932306289673,0.011312440037727356,0.13163867592811584,0.4408056139945984,0.5066249370574951,0.27593156695365906,0.26734742522239685,0.28326281905174255,0.22602760791778564
1,S5,BWHvy,local,local,0,local,BS1,1,0.570720911026001,0.37255680561065674,-0.19816410541534424,0.08140240609645844,0.3963282108306885,0.570720911026001,0.37255680561065674,0.22608710825443268,0.3099750578403473,0.20319196581840515,0.31746813654899597
1,S6,LatCrit,local,local,0,local,BS2,1,0.5055018663406372,0.384643018245697,-0.12085884809494019,0.044858984649181366,0.26200005412101746,0.5055018663406372,0.384643018245697,0.2654203772544861,0.25527918338775635,0.2290777564048767,0.36007776856422424
1,S6,ComHvy,local,local,0,BS2,BS2,0,0.44761818647384644,0.4225647449493408,-0.025053441524505615,0.00210663303732872,0.06209121644496918,0.44761818647384644,0.4225647449493408,0.19810818135738373,0.19211602210998535,0.35427361726760864,0.38531923294067383
1,S6,BWHvy,local,BS2,1,BS2,BS2,0,0.4160746932029724,0.4006454646587372,-0.01542922854423523,0.07293692976236343,0.34630218148231506,0.4160746932029724,0.24292361736297607,0.26086175441741943,0.35643094778060913,0.32306355237960815,0.4006454646587372
1,S7,LatCrit,local,local,0,local,local,0,0.5880282521247864,0.4474598169326782,-0.14056843519210815,0.03971309959888458,0.2811368703842163,0.5880282521247864,0.4474598169326782,0.22211769223213196,0.2956545352935791,0.18985407054424286,0.2568856477737427
1,S7,ComHvy,local,local,0,local,local,0,0.7480428218841553,0.7884368300437927,0.04039400815963745,0.014238689094781876,0.08096124231815338,0.7480428218841553,0.7884368300437927,0.09047500789165497,0.04999437928199768,0.16148217022418976,0.1615687757730484
1,S7,BWHvy,local,local,0,local,BS2,1,0.4417836666107178,0.3529360890388489,-0.0888475775718689,0.01780535653233528,0.17769521474838257,0.4417836666107178,0.3529360890388489,0.291582852602005,0.31807541847229004,0.26663345098495483,0.32898852229118347
1,S8,LatCrit,BS2,BS2,0,BS1,BS1,0,0.3548440933227539,0.4161524474620819,0.061308354139328,0.010197609663009644,0.12261667847633362,0.30637305974960327,0.2525944113731384,0.33878281712532043,0.33125314116477966,0.3548440933227539,0.4161524474620819
1,S8,ComHvy,BS1,BS1,0,BS1,BS1,0,0.35691121220588684,0.4948776960372925,0.13796648383140564,0.05895811691880226,0.2759329378604889,0.29294323921203613,0.16878193616867065,0.35691121220588684,0.4948776960372925,0.350145548582077,0.33634039759635925
1,S8,BWHvy,local,BS1,1,BS2,BS2,0,0.39313340187072754,0.4385693669319153,0.045435965061187744,0.06923101842403412,0.33252376317977905,0.39313340187072754,0.22687149047851562,0.34788674116134644,0.4385693669319153,0.258979856967926,0.3345590829849243
2,S1,LatCrit,BS2,local,1,local,local,0,0.3623737394809723,0.3565791845321655,-0.005794554948806763,0.0012157242745161057,0.043636828660964966,0.3375205993652344,0.3565791845321655,0.30010566115379333,0.30286550521850586,0.3623737394809723,0.340555340051651
2,S1,ComHvy,local,local,0,local,BS2,1,0.5507817268371582,0.542096734046936,-0.008684992790222168,0.019565727561712265,0.13657525181770325,0.5507817268371582,0.542096734046936,0.19179214537143707,0.1321895271539688,0.25742608308792114,0.32571372389793396
2,S1,BWHvy,BS2,BS2,0,BS1,BS2,1,0.347116082906723,0.36843928694725037,0.021323204040527344,0.001605786383152008,0.047503501176834106,0.3455333709716797,0.3479619026184082,0.3073505461215973,0.28359878063201904,0.347116082906723,0.36843928694725037
2,S2,LatCrit,BS2,local,1,BS1,BS1,0,0.3942941129207611,0.3749614953994751,-0.01933261752128601,0.007446810603141785,0.10471835732460022,0.3240478038787842,0.3749614953994751,0.2816580832004547,0.2831035852432251,0.3942941129207611,0.3419349491596222
2,S2,ComHvy,local,local,0,local,local,0,0.629429817199707,0.6309111714363098,0.0014813542366027832,1.66254467330873e-05,0.003792673349380493,0.629429817199707,0.6309111714363098,0.12560433149337769,0.12370796501636505,0.24496589601039886,0.24538084864616394
2,S2,BWHvy,local,local,0,BS1,BS1,0,0.4730035662651062,0.43450111150741577,-0.03850245475769043,0.003573375754058361,0.07700490951538086,0.4730035662651062,0.43450111150741577,0.25434064865112305,0.28612086176872253,0.27265578508377075,0.2793780267238617
2,S3,LatCrit,local,BS1,1,BS2,BS2,0,0.3825228214263916,0.4202539920806885,0.037731170654296875,0.0355350486934185,0.25583693385124207,0.3825228214263916,0.3020068407058716,0.29233554005622864,0.4202539920806885,0.32514166831970215,0.27773916721343994
2,S3,ComHvy,local,local,0,BS1,BS1,0,0.4257214665412903,0.47346627712249756,0.047744810581207275,0.021012380719184875,0.13647133111953735,0.4257214665412903,0.47346627712249756,0.39764681458473206,0.41813763976097107,0.17663174867630005,0.10839606076478958
2,S3,BWHvy,local,local,0,local,local,0,0.5001687407493591,0.4627913236618042,-0.03737741708755493,0.010130943730473518,0.12993386387825012,0.5001687407493591,0.4627913236618042,0.2623617947101593,0.32732874155044556,0.23746943473815918,0.20987993478775024
2,S4,LatCrit,local,local,0,local,local,0,0.38999438285827637,0.38722944259643555,-0.0027649402618408203,0.011543668806552887,0.12022300064563751,0.38999438285827637,0.38722944259643555,0.29352161288261414,0.2361750453710556,0.3164840042591095,0.37659549713134766
2,S4,ComHvy,local,local,0,local,local,0,0.5259116888046265,0.5304439067840576,0.004532217979431152,0.0001613600179553032,0.015950128436088562,0.5259116888046265,0.5304439067840576,0.29817020893096924,0.290195107460022,0.17591814696788788,0.17936095595359802
2,S4,BWHvy,BS2,BS2,0,BS2,BS1,1,0.37100011110305786,0.3460193872451782,-0.02498072385787964,0.0018955394625663757,0.04996144771575928,0.3381456732749939,0.3381496071815491,0.29085424542427063,0.3158310353755951,0.37100011110305786,0.3460193872451782
2,S5,LatCrit,local,local,0,local,local,0,0.5390732884407043,0.5191292762756348,-0.01994401216506958,0.015061955899000168,0.13538119196891785,0.5390732884407043,0.5191292762756348,0.2776848077774048,0.3453753888607025,0.18324190378189087,0.13549530506134033
2,S5,ComHvy,local,local,0,local,local,0,0.43121659755706787,0.37903064489364624,-0.05218595266342163,0.010122820734977722,0.12256744503974915,0.43121659755706787,0.37903064489364624,0.3223648965358734,0.31326714158058167,0.24641850590705872,0.3077022433280945
2,S5,BWHvy,local,local,0,local,local,0,0.4065290689468384,0.38582903146743774,-0.020700037479400635,0.0019539548084139824,0.053856611251831055,0.4065290689468384,0.38582903146743774,0.25055021047592163,0.27747851610183716,0.34292072057724,0.3366924524307251
2,S6,LatCrit,local,local,0,local,BS1,1,0.5731469392776489,0.48551005125045776,-0.08763688802719116,0.02439350262284279,0.21380242705345154,0.5731469392776489,0.48551005125045776,0.3066628873348236,0.4135640859603882,0.12019020318984985,0.10092585533857346
2,S6,ComHvy,BS2,BS2,0,BS1,BS1,0,0.4288792014122009,0.49099084734916687,0.06211164593696594,0.01244058832526207,0.12422332167625427,0.25391608476638794,0.1943231225013733,0.31720471382141113,0.31468600034713745,0.4288792014122009,0.49099084734916687
2,S6,BWHvy,local,BS2,1,BS2,BS2,0,0.37763065099716187,0.3746488094329834,-0.002981841564178467,0.005689962767064571,0.09404513239860535,0.37763065099716187,0.330608069896698,0.25838515162467957,0.2947430908679962,0.36398419737815857,0.3746488094329834
2,S7,LatCrit,local,local,0,local,local,0,0.6066614389419556,0.49749326705932617,-0.1091681718826294,0.028116663917899132,0.2183362990617752,0.6066614389419556,0.49749326705932617,0.21657390892505646,0.3122587502002716,0.17676469683647156,0.19024798274040222
2,S7,ComHvy,local,local,0,local,local,0,0.6484698057174683,0.69808429479599,0.04961448907852173,0.008798874914646149,0.09922900050878525,0.6484698057174683,0.69808429479599,0.24176453053951263,0.22554586827754974,0.10976569354534149,0.07636984437704086
2,S7,BWHvy,local,local,0,local,local,0,0.4745612144470215,0.5016541481018066,0.027092933654785156,0.0038201650604605675,0.07448692619800568,0.4745612144470215,0.5016541481018066,0.2658172845840454,0.22857381403446198,0.2596215307712555,0.2697720527648926
2,S8,LatCrit,local,local,0,local,local,0,0.5450595617294312,0.5445410013198853,-0.0005185604095458984,0.014617372304201126,0.11566896736621857,0.5450595617294312,0.5445410013198853,0.1868407428264618,0.24467526376247406,0.26809966564178467,0.21078377962112427
2,S8,ComHvy,BS2,BS2,0,local,BS2,1,0.4298625886440277,0.5471851229667664,0.11732253432273865,0.04196033626794815,0.25543278455734253,0.37832361459732056,0.2506072521209717,0.19181379675865173,0.20220769941806793,0.4298625886440277,0.5471851229667664
2,S8,BWHvy,BS1,BS1,0,local,BS1,1,0.34033599495887756,0.37623879313468933,0.03590279817581177,0.002793002873659134,0.07180562615394592,0.3209879994392395,0.30512601137161255,0.34033599495887756,0.37623879313468933,0.33867600560188293,0.31863516569137573
3,S1,LatCrit,local,local,0,local,local,0,0.5529242753982544,0.6119635105133057,0.05903923511505127,0.007801702246069908,0.11807847023010254,0.5529242753982544,0.6119635105133057,0.17610608041286469,0.14328531920909882,0.27096959948539734,0.24475112557411194
3,S1,ComHvy,local,local,0,local,local,0,0.4743795394897461,0.4839167594909668,0.009537220001220703,0.00018226774409413338,0.01907441020011902,0.4743795394897461,0.4839167594909668,0.2453266680240631,0.24107298254966736,0.2802937626838684,0.27501025795936584
3,S1,BWHvy,local,local,0,local,local,0,0.5790880918502808,0.6514779925346375,0.07238990068435669,0.014269737526774406,0.144779771566391,0.5790880918502808,0.6514779925346375,0.15208469331264496,0.10632535815238953,0.2688271999359131,0.24219666421413422
3,S2,LatCrit,local,local,0,local,local,0,0.5832558870315552,0.6264365911483765,0.04318070411682129,0.006541166454553604,0.08636149764060974,0.5832558870315552,0.6264365911483765,0.23693101108074188,0.23282179236412048,0.17981316149234772,0.14074158668518066
3,S2,ComHvy,local,local,0,local,local,0,0.5596144199371338,0.5460085868835449,-0.013605833053588867,0.0004911457654088736,0.027211636304855347,0.5596144199371338,0.5460085868835449,0.19332711398601532,0.20450319349765778,0.24705849587917328,0.2494882196187973
3,S2,BWHvy,local,local,0,local,local,0,0.5437220335006714,0.5848726034164429,0.041150569915771484,0.003484034910798073,0.08230121433734894,0.5437220335006714,0.5848726034164429,0.20598772168159485,0.189608633518219,0.25029030442237854,0.22551874816417694
3,S3,LatCrit,local,local,0,BS1,BS1,0,0.4491006135940552,0.39631664752960205,-0.052783966064453125,0.005746737122535706,0.10556787252426147,0.4491006135940552,0.39631664752960205,0.2938360869884491,0.32209768891334534,0.2570633292198181,0.2815856337547302
3,S3,ComHvy,BS1,BS1,0,local,local,0,0.3679114878177643,0.43515506386756897,0.06724357604980469,0.018542751669883728,0.15393540263175964,0.3502205014228821,0.3599446415901184,0.3679114878177643,0.43515506386756897,0.28186801075935364,0.204900324344635
3,S3,BWHvy,local,local,0,local,local,0,0.6066962480545044,0.6498236656188965,0.04312741756439209,0.004597997292876244,0.08625486493110657,0.6066962480545044,0.6498236656188965,0.17967137694358826,0.1505245417356491,0.21363236010074615,0.19965174794197083
3,S4,LatCrit,local,local,0,local,local,0,0.43717801570892334,0.4680853486061096,0.03090733289718628,0.009579021483659744,0.11026045680046082,0.43717801570892334,0.4680853486061096,0.2354213148355484,0.1802910715341568,0.32740068435668945,0.3516235649585724
3,S4,ComHvy,local,local,0,local,local,0,0.5335423946380615,0.6319413185119629,0.09839892387390137,0.021870655938982964,0.19679789245128632,0.5335423946380615,0.6319413185119629,0.2675646245479584,0.19565685093402863,0.1988930106163025,0.1724018156528473
3,S4,BWHvy,local,local,0,local,local,0,0.521186113357544,0.6117311716079712,0.09054505825042725,0.0172966867685318,0.1810900866985321,0.521186113357544,0.6117311716079712,0.2018776535987854,0.1557367891073227,0.2769361734390259,0.23253200948238373
3,S5,LatCrit,local,local,0,local,local,0,0.4646497964859009,0.48846906423568726,0.023819267749786377,0.0017226524651050568,0.04763849079608917,0.4646497964859009,0.48846906423568726,0.3490828573703766,0.3448333740234375,0.18626734614372253,0.16669760644435883
3,S5,ComHvy,local,local,0,local,local,0,0.5245305299758911,0.5013473033905029,-0.023183226585388184,0.0060422420501708984,0.09382578730583191,0.5245305299758911,0.5013473033905029,0.25145700573921204,0.22772733867168427,0.22401247918605804,0.270925372838974
3,S5,BWHvy,local,local,0,local,local,0,0.4821854829788208,0.5576784610748291,0.0754929780960083,0.01303614117205143,0.1509859710931778,0.4821854829788208,0.5576784610748291,0.25357723236083984,0.1994083821773529,0.26423728466033936,0.2429131418466568
3,S6,LatCrit,BS1,BS1,0,BS1,BS1,0,0.43333718180656433,0.4925835430622101,0.05924636125564575,0.030813198536634445,0.2243279367685318,0.37974798679351807,0.26758402585983276,0.43333718180656433,0.4925835430622101,0.1869148463010788,0.23983246088027954
3,S6,ComHvy,local,local,0,local,local,0,0.4867904782295227,0.3954050540924072,-0.09138542413711548,0.019080981612205505,0.18277090787887573,0.4867904782295227,0.3954050540924072,0.26328152418136597,0.3365372121334076,0.24992796778678894,0.26805776357650757
3,S6,BWHvy,local,local,0,local,local,0,0.463722288608551,0.5314302444458008,0.06770795583724976,0.009974274784326553,0.13541600108146667,0.463722288608551,0.5314302444458008,0.23169809579849243,0.2151227593421936,0.30457964539527893,0.25344693660736084
3,S7,LatCrit,local,local,0,local,local,0,0.5101099014282227,0.46685391664505005,-0.04325598478317261,0.0038064811378717422,0.0865120142698288,0.5101099014282227,0.46685391664505005,0.2237141728401184,0.2475409358739853,0.26617589592933655,0.28560516238212585
3,S7,ComHvy,local,local,0,local,local,0,0.6897302865982056,0.7407828569412231,0.05105257034301758,0.006791185587644577,0.10210516303777695,0.6897302865982056,0.7407828569412231,0.17903630435466766,0.1548319011926651,0.13123342394828796,0.10438523441553116
3,S7,BWHvy,local,local,0,BS2,local,1,0.5379284620285034,0.6313633322715759,0.09343487024307251,0.01824001967906952,0.1868697702884674,0.5379284620285034,0.6313633322715759,0.186396062374115,0.14773373305797577,0.275675505399704,0.2209029346704483
3,S8,LatCrit,local,BS1,1,local,BS1,1,0.3565816283226013,0.4486211836338043,0.092039555311203,0.023457199335098267,0.21230459213256836,0.3565816283226013,0.2931100130081177,0.34246888756752014,0.4486211836338043,0.30094948410987854,0.258268803358078
3,S8,ComHvy,local,local,0,local,local,0,0.5157077312469482,0.5831809043884277,0.06747317314147949,0.014845982193946838,0.13494625687599182,0.5157077312469482,0.5831809043884277,0.3225947618484497,0.3063078224658966,0.16169746220111847,0.11051131039857864
3,S8,BWHvy,local,local,0,local,local,0,0.4963381886482239,0.5662417411804199,0.06990355253219604,0.01079125888645649,0.13980716466903687,0.4963381886482239,0.5662417411804199,0.26919758319854736,0.2186303585767746,0.23446425795555115,0.2151278704404831
4,S1,LatCrit,local,BS1,1,local,BS1,1,0.3766941428184509,0.4093741774559021,0.03268003463745117,0.026650138199329376,0.20848676562309265,0.3766941428184509,0.2724507451057434,0.33315789699554443,0.4093741774559021,0.29014796018600464,0.3181750476360321
4,S1,ComHvy,local,local,0,local,local,0,0.5720667839050293,0.6078575849533081,0.03579080104827881,0.004130013287067413,0.07158158719539642,0.5720667839050293,0.6078575849533081,0.18684513866901398,0.15524224936962128,0.24108803272247314,0.23690013587474823
4,S1,BWHvy,local,BS2,1,local,BS1,1,0.3921775817871094,0.390412837266922,-0.001764744520187378,0.07045461982488632,0.3291763663291931,0.3921775817871094,0.22758936882019043,0.3292180597782135,0.3819977641105652,0.2786043882369995,0.390412837266922
4,S2,LatCrit,local,local,0,local,local,0,0.48116010427474976,0.40275537967681885,-0.07840472459793091,0.013657591305673122,0.1568094789981842,0.48116010427474976,0.40275537967681885,0.3084598481655121,0.37390702962875366,0.21038003265857697,0.22333760559558868
4,S2,ComHvy,local,local,0,local,local,0,0.642145037651062,0.674784779548645,0.03263974189758301,0.0026449752040207386,0.06527945399284363,0.642145037651062,0.674784779548645,0.21187365055084229,0.1864667385816574,0.1459812968969345,0.13874849677085876
4,S2,BWHvy,local,BS2,1,BS1,BS1,0,0.37187981605529785,0.477019339799881,0.10513952374458313,0.08988633751869202,0.36058902740478516,0.37187981605529785,0.19158530235290527,0.28060024976730347,0.33139535784721375,0.3475199341773987,0.477019339799881
4,S3,LatCrit,local,BS1,1,local,BS1,1,0.40341925621032715,0.5012808442115784,0.09786158800125122,0.03651152551174164,0.24860712885856628,0.40341925621032715,0.2791156768798828,0.4003152549266815,0.5012808442115784,0.19626553356647491,0.2196034938097
4,S3,ComHvy,BS1,local,1,local,local,0,0.37330126762390137,0.45321983098983765,0.07991856336593628,0.024691328406333923,0.1641586720943451,0.37258094549179077,0.45321983098983765,0.37330126762390137,0.37474173307418823,0.2541177570819855,0.17203843593597412
4,S3,BWHvy,local,BS2,1,local,BS1,1,0.41957831382751465,0.43548980355262756,0.015911489725112915,0.08169352263212204,0.36490073800086975,0.41957831382751465,0.23712795972824097,0.2652184069156647,0.32738223671913147,0.3152032494544983,0.43548980355262756
4,S4,LatCrit,BS2,BS2,0,local,BS2,1,0.3871572017669678,0.5358642339706421,0.14870703220367432,0.0508037805557251,0.29741400480270386,0.36990416049957275,0.24704545736312866,0.24293862283229828,0.21709033846855164,0.3871572017669678,0.5358642339706421
4,S4,ComHvy,local,local,0,local,local,0,0.5836136341094971,0.6799596548080444,0.09634602069854736,0.02590026706457138,0.19269207119941711,0.5836136341094971,0.6799596548080444,0.20753523707389832,0.13369892537593842,0.2088511437177658,0.18634140491485596
4,S4,BWHvy,local,BS2,1,local,local,0,0.44987380504608154,0.45615923404693604,0.006285429000854492,0.04807440936565399,0.27636319398880005,0.44987380504608154,0.3116922378540039,0.22541169822216034,0.23214857280254364,0.3247144818305969,0.45615923404693604
4,S5,LatCrit,BS1,BS1,0,BS1,BS1,0,0.5195783972740173,0.5761592984199524,0.05658090114593506,0.041460104286670685,0.214956134557724,0.24627810716629028,0.1388000249862671,0.5195783972740173,0.5761592984199524,0.23414352536201477,0.2850406765937805
4,S5,ComHvy,local,local,0,local,local,0,0.6040273904800415,0.6688176393508911,0.06479024887084961,0.010687630623579025,0.12958046793937683,0.6040273904800415,0.6688176393508911,0.2278403788805008,0.20457476377487183,0.1681322306394577,0.12660762667655945
4,S5,BWHvy,local,BS2,1,local,BS2,1,0.36878591775894165,0.46065235137939453,0.09186643362045288,0.07363823801279068,0.32300806045532227,0.36878591775894165,0.20728188753128052,0.30371788144111633,0.33206579089164734,0.3274962306022644,0.46065235137939453
4,S6,LatCrit,local,BS2,1,local,BS2,1,0.420370876789093,0.43224677443504333,0.011875897645950317,0.026105187833309174,0.22207950055599213,0.420370876789093,0.3445155620574951,0.2584220767021179,0.22323761880397797,0.32120704650878906,0.43224677443504333
4,S6,ComHvy,local,local,0,local,local,0,0.6374812722206116,0.696938157081604,0.05945688486099243,0.013170499354600906,0.11891374737024307,0.6374812722206116,0.696938157081604,0.12436337023973465,0.08093342185020447,0.23815536499023438,0.22212845087051392
4,S6,BWHvy,local,BS2,1,BS2,BS2,0,0.3806600570678711,0.43387988209724426,0.05321982502937317,0.07822383940219879,0.3451455533504486,0.3806600570678711,0.2080872654914856,0.2669648826122284,0.35803282260894775,0.3523750603199005,0.43387988209724426
4,S7,LatCrit,local,BS2,1,local,BS2,1,0.4612998366355896,0.39306315779685974,-0.06823667883872986,0.03266315907239914,0.2315700203180313,0.4612998366355896,0.3593757748603821,0.2614220082759857,0.24756105244159698,0.2772781550884247,0.39306315779685974
4,S7,ComHvy,local,local,0,local,local,0,0.7056711316108704,0.7387108206748962,0.03303968906402588,0.004696857184171677,0.06607937812805176,0.7056711316108704,0.7387108206748962,0.1336182802915573,0.13361437618732452,0.16071057319641113,0.12767478823661804
4,S7,BWHvy,local,BS2,1,local,BS2,1,0.41141045093536377,0.4459069073200226,0.034496456384658813,0.054502129554748535,0.30385249853134155,0.41141045093536377,0.2594841718673706,0.23733292520046234,0.2946088910102844,0.3512566387653351,0.4459069073200226
4,S8,LatCrit,BS1,BS1,0,BS1,BS1,0,0.3582923114299774,0.4181695878505707,0.05987727642059326,0.024570833891630173,0.18812039494514465,0.304557740688324,0.21049755811691284,0.3582923114299774,0.4181695878505707,0.3371499180793762,0.3713328540325165
4,S8,ComHvy,local,BS1,1,BS1,BS1,0,0.4614750146865845,0.4729936718940735,0.011518657207489014,0.01062861829996109,0.12977507710456848,0.4614750146865845,0.4286397695541382,0.40810611844062805,0.4729936718940735,0.1304188370704651,0.09836655855178833
4,S8,BWHvy,BS1,BS1,0,local,BS1,1,0.3610425293445587,0.43239519000053406,0.07135266065597534,0.06166442483663559,0.29237738251686096,0.32646024227142334,0.18027156591415405,0.3610425293445587,0.43239519000053406,0.31249719858169556,0.3873332440853119
5,S1,LatCrit,BS1,BS1,0,BS2,BS2,0,0.46008384227752686,0.519928514957428,0.05984467267990112,0.010643526911735535,0.11968931555747986,0.23329097032546997,0.18081581592559814,0.46008384227752686,0.519928514957428,0.3066251873970032,0.29925569891929626
5,S1,ComHvy,local,local,0,local,local,0,0.5602632761001587,0.5406454801559448,-0.019617795944213867,0.0032196566462516785,0.06961190700531006,0.5602632761001587,0.5406454801559448,0.19110992550849915,0.17592176795005798,0.24862682819366455,0.2834327816963196
5,S1,BWHvy,BS1,BS1,0,BS2,BS2,0,0.46183279156684875,0.44481727480888367,-0.017015516757965088,0.0077598318457603455,0.10682082176208496,0.21814125776290894,0.18174636363983154,0.46183279156684875,0.44481727480888367,0.3200259208679199,0.3734363317489624
5,S2,LatCrit,local,local,0,BS2,BS1,1,0.37933844327926636,0.3805733323097229,0.001234889030456543,0.002474181354045868,0.05658140778541565,0.37933844327926636,0.3805733323097229,0.2865680158138275,0.3136238157749176,0.3340935707092285,0.3058028519153595
5,S2,ComHvy,local,local,0,local,local,0,0.6468747854232788,0.6729615330696106,0.026086747646331787,0.0030283741652965546,0.0571012943983078,0.6468747854232788,0.6729615330696106,0.17069630324840546,0.17316021025180817,0.18242889642715454,0.15387825667858124
5,S2,BWHvy,BS1,BS2,1,BS2,BS2,0,0.3698083460330963,0.3884339928627014,0.018625646829605103,0.005296092480421066,0.0978725254535675,0.2906939387321472,0.26233232021331787,0.3698083460330963,0.3492336869239807,0.33949774503707886,0.3884339928627014
5,S3,LatCrit,local,local,0,local,local,0,0.5026638507843018,0.4860731363296509,-0.01659071445465088,0.010245684534311295,0.11609019339084625,0.5026638507843018,0.4860731363296509,0.2930755615234375,0.3511206805706024,0.20426054298877716,0.1628061830997467
5,S3,ComHvy,local,local,0,local,local,0,0.5428637266159058,0.5510105490684509,0.008146822452545166,0.0002818695502355695,0.016293689608573914,0.5428637266159058,0.5510105490684509,0.14935456216335297,0.1413724422454834,0.30778175592422485,0.3076170086860657
5,S3,BWHvy,BS2,BS2,0,BS1,BS1,0,0.35387760400772095,0.3774466812610626,0.023569077253341675,0.0019146203994750977,0.05065068602561951,0.293811559677124,0.2684862017631531,0.35231083631515503,0.3540670871734619,0.35387760400772095,0.3774466812610626
5,S4,LatCrit,BS1,BS2,1,local,BS2,1,0.3862880766391754,0.4640066921710968,0.07771861553192139,0.04601094871759415,0.2805038392543793,0.2899571657180786,0.2634640336036682,0.3862880766391754,0.272529274225235,0.32375478744506836,0.4640066921710968
5,S4,ComHvy,local,local,0,local,BS1,1,0.6022924184799194,0.5473122596740723,-0.05498015880584717,0.008791549131274223,0.11530846357345581,0.6022924184799194,0.5473122596740723,0.23490479588508606,0.2925589978694916,0.1628028154373169,0.16012871265411377
5,S4,BWHvy,local,local,0,local,local,0,0.4073321223258972,0.42903196811676025,0.021699845790863037,0.001326797530055046,0.045550718903541565,0.4073321223258972,0.42903196811676025,0.23884494602680206,0.23992043733596802,0.3538229465484619,0.33104756474494934
5,S5,LatCrit,BS1,BS1,0,BS1,BS1,0,0.5076406002044678,0.6079533100128174,0.10031270980834961,0.02145424485206604,0.20062536001205444,0.27030450105667114,0.22644710540771484,0.5076406002044678,0.6079533100128174,0.22205489873886108,0.16559964418411255
5,S5,ComHvy,local,local,0,local,BS1,1,0.4030253291130066,0.41481781005859375,0.011792480945587158,0.0020330995321273804,0.0573449432849884,0.4030253291130066,0.41481781005859375,0.2778998911380768,0.29477986693382263,0.319074809551239,0.2904023230075836
5,S5,BWHvy,BS2,BS2,0,local,local,0,0.3515048027038574,0.39650771021842957,0.045002907514572144,0.005150511860847473,0.09000581502914429,0.3193230628967285,0.28167611360549927,0.32917213439941406,0.32181617617607117,0.3515048027038574,0.39650771021842957
5,S6,LatCrit,local,local,0,local,local,0,0.49050313234329224,0.5334814786911011,0.04297834634780884,0.007133005186915398,0.09720158576965332,0.49050313234329224,0.5334814786911011,0.2561487853527069,0.20754799246788025,0.25334811210632324,0.25897055864334106
5,S6,ComHvy,local,local,0,local,local,0,0.6270970106124878,0.7044403553009033,0.07734334468841553,0.01580105349421501,0.15468662977218628,0.6270970106124878,0.7044403553009033,0.13571122288703918,0.09297352284193039,0.23719173669815063,0.20258615911006927
5,S6,BWHvy,BS2,BS2,0,BS2,BS1,1,0.4028533101081848,0.4230097830295563,0.02015647292137146,0.006013061851263046,0.09213533997535706,0.2634887099266052,0.2174210548400879,0.33365797996520996,0.3595691919326782,0.4028533101081848,0.4230097830295563
5,S7,LatCrit,local,local,0,local,local,0,0.4292253255844116,0.4235621690750122,-0.005663156509399414,0.023336224257946014,0.16749483346939087,0.4292253255844116,0.4235621690750122,0.2918968200683594,0.21381255984306335,0.278877854347229,0.36262527108192444
5,S7,ComHvy,local,local,0,local,local,0,0.7052268981933594,0.6628865003585815,-0.04234039783477783,0.006159678101539612,0.09197060018777847,0.7052268981933594,0.6628865003585815,0.10319673269987106,0.09955182671546936,0.19157634675502777,0.2375616431236267
5,S7,BWHvy,BS2,BS2,0,BS2,BS2,0,0.3375243842601776,0.36121901869773865,0.023694634437561035,0.0018424168229103088,0.050886452198028564,0.33513110876083374,0.3368797302246094,0.32734447717666626,0.30190128087997437,0.3375243842601776,0.36121901869773865
5,S8,LatCrit,local,local,0,BS1,local,1,0.37447911500930786,0.39060360193252563,0.016124486923217773,0.0027626585215330124,0.06984812021255493,0.37447911500930786,0.39060360193252563,0.36781302094459534,0.33288896083831787,0.2577078640460968,0.2765074372291565
5,S8,ComHvy,BS1,BS1,0,BS1,BS1,0,0.5039287805557251,0.6701658964157104,0.16623711585998535,0.0833047553896904,0.3427923321723938,0.3626689314842224,0.1912727952003479,0.5039287805557251,0.6701658964157104,0.1334022581577301,0.13856133818626404
5,S8,BWHvy,BS1,BS1,0,BS1,BS1,0,0.43481090664863586,0.4537280797958374,0.018917173147201538,0.0025308793410658836,0.05965530872344971,0.2485595941543579,0.21873193979263306,0.43481090664863586,0.4537280797958374,0.31662946939468384,0.32753995060920715
6,S1,LatCrit,BS1,BS1,0,BS1,BS1,0,0.5035051107406616,0.5312027931213379,0.02769768238067627,0.009965429082512856,0.11231085658073425,0.24170535802841187,0.18554991483688354,0.5035051107406616,0.5312027931213379,0.2547895908355713,0.28324732184410095
6,S1,ComHvy,local,local,0,local,local,0,0.6076397895812988,0.6065772175788879,-0.0010625720024108887,0.008735790848731995,0.08297096192836761,0.6076397895812988,0.6065772175788879,0.19292117655277252,0.1524982452392578,0.19943907856941223,0.24092453718185425
6,S1,BWHvy,BS1,BS1,0,local,local,0,0.42606493830680847,0.4021100103855133,-0.023954927921295166,0.008939675986766815,0.12105584144592285,0.2968760132789612,0.2603030204772949,0.42606493830680847,0.4021100103855133,0.27705904841423035,0.3375869691371918
6,S2,LatCrit,local,local,0,local,local,0,0.4165149927139282,0.39012444019317627,-0.026390552520751953,0.00623258575797081,0.09585997462272644,0.4165149927139282,0.39012444019317627,0.21251878142356873,0.26044878363609314,0.37096619606018066,0.3494267761707306
6,S2,ComHvy,local,local,0,local,local,0,0.5756159424781799,0.5767550468444824,0.0011391043663024902,8.53314995765686e-05,0.009146437048912048,0.5756159424781799,0.5767550468444824,0.17501920461654663,0.1704459935426712,0.24936485290527344,0.25279897451400757
6,S2,BWHvy,local,local,0,local,local,0,0.389925479888916,0.4061395525932312,0.016214072704315186,0.0031770355999469757,0.07137596607208252,0.389925479888916,0.4061395525932312,0.3072737157344818,0.27158570289611816,0.30280083417892456,0.32227471470832825
6,S3,LatCrit,local,local,0,local,local,0,0.44799214601516724,0.479150652885437,0.031158506870269775,0.007534988224506378,0.0982116162776947,0.44799214601516724,0.479150652885437,0.3180444836616516,0.335991770029068,0.23396340012550354,0.184857577085495
6,S3,ComHvy,local,local,0,local,local,0,0.634147047996521,0.6837248206138611,0.04957777261734009,0.009682822972536087,0.10991419851779938,0.634147047996521,0.6837248206138611,0.133138045668602,0.1385173797607422,0.23271489143371582,0.17775779962539673
6,S3,BWHvy,local,local,0,local,local,0,0.44238895177841187,0.4342886209487915,-0.008100330829620361,0.00014504138380289078,0.01620069146156311,0.44238895177841187,0.4342886209487915,0.29238083958625793,0.29479509592056274,0.2652302086353302,0.27091631293296814
6,S4,LatCrit,local,local,0,BS1,BS1,0,0.42429018020629883,0.41784024238586426,-0.00644993782043457,0.013732321560382843,0.13226380944252014,0.42429018020629883,0.41784024238586426,0.3121258616447449,0.2524438798427582,0.2635839879512787,0.32971587777137756
6,S4,ComHvy,local,local,0,local,local,0,0.6968224048614502,0.6529141664505005,-0.04390823841094971,0.004346928559243679,0.08781640231609344,0.6968224048614502,0.6529141664505005,0.20163674652576447,0.23086678981781006,0.10154088586568832,0.11621900647878647
6,S4,BWHvy,local,local,0,local,local,0,0.5750434398651123,0.6266089677810669,0.05156552791595459,0.0057729072868824005,0.10313104093074799,0.5750434398651123,0.6266089677810669,0.17209626734256744,0.14585115015506744,0.25286027789115906,0.22753988206386566
6,S5,LatCrit,local,local,0,local,local,0,0.5536396503448486,0.5662892460823059,0.012649595737457275,0.0018955841660499573,0.04014354199171066,0.5536396503448486,0.5662892460823059,0.31190580129623413,0.3193279802799225,0.13445454835891724,0.1143827810883522
6,S5,ComHvy,local,local,0,BS2,BS2,0,0.38720589876174927,0.3584594130516052,-0.028746485710144043,0.004470503889024258,0.08476758003234863,0.38720589876174927,0.3584594130516052,0.26433369517326355,0.30671748518943787,0.3484604060649872,0.3348231017589569
6,S5,BWHvy,local,local,0,local,local,0,0.45286691188812256,0.43577486276626587,-0.01709204912185669,0.0040736123919487,0.08096721768379211,0.45286691188812256,0.43577486276626587,0.2630096673965454,0.23961812257766724,0.28412339091300964,0.3246070146560669
6,S6,LatCrit,local,local,0,local,local,0,0.577485203742981,0.6378399133682251,0.06035470962524414,0.010935484431684017,0.1207093745470047,0.577485203742981,0.6378399133682251,0.17351533472537994,0.12716053426265717,0.2489994317293167,0.23499956727027893
6,S6,ComHvy,local,local,0,local,local,0,0.493921160697937,0.5920979380607605,0.09817677736282349,0.02776353992521763,0.19635358452796936,0.493921160697937,0.5920979380607605,0.18512077629566193,0.11535399407148361,0.32095807790756226,0.2925480604171753
6,S6,BWHvy,local,local,0,BS2,BS2,0,0.3977765440940857,0.39530491828918457,-0.002471625804901123,0.0001090439036488533,0.013442903757095337,0.3977765440940857,0.39530491828918457,0.2749573290348053,0.27070748805999756,0.327266126871109,0.3339875638484955
6,S7,LatCrit,local,local,0,local,local,0,0.47263407707214355,0.4489728808403015,-0.02366119623184204,0.013929419219493866,0.14332421123981476,0.47263407707214355,0.4489728808403015,0.2729959487915039,0.22499503195285797,0.25436997413635254,0.3260320723056793
6,S7,ComHvy,local,local,0,local,local,0,0.6889244318008423,0.6507694125175476,-0.03815501928329468,0.003514210693538189,0.07631001621484756,0.6889244318008423,0.6507694125175476,0.12274343520402908,0.14470936357975006,0.18833217024803162,0.20452123880386353
6,S7,BWHvy,local,local,0,BS1,local,1,0.38188135623931885,0.40755021572113037,0.025668859481811523,0.0023197359405457973,0.05923318862915039,0.38188135623931885,0.40755021572113037,0.318642795085907,0.2890262007713318,0.29947584867477417,0.30342358350753784
6,S8,LatCrit,BS1,BS1,0,BS1,BS1,0,0.4628916382789612,0.48690786957740784,0.024016231298446655,0.0011804313398897648,0.04803244769573212,0.3183068633079529,0.3016541004180908,0.4628916382789612,0.48690786957740784,0.21880148351192474,0.21143803000450134
6,S8,ComHvy,BS1,BS1,0,BS1,BS1,0,0.5492033362388611,0.6749753952026367,0.12577205896377563,0.0342341847717762,0.25154411792755127,0.2629140019416809,0.1879926323890686,0.5492033362388611,0.6749753952026367,0.18788261711597443,0.1370319426059723
6,S8,BWHvy,local,local,0,local,local,0,0.3814111351966858,0.38286614418029785,0.0014550089836120605,4.473584704101086e-05,0.008427798748016357,0.3814111351966858,0.38286614418029785,0.29762595891952515,0.2934120297431946,0.32096293568611145,0.3237217962741852
7,S1,LatCrit,local,local,0,local,local,0,0.44188255071640015,0.5252538919448853,0.08337134122848511,0.016413237899541855,0.1667427122592926,0.44188255071640015,0.5252538919448853,0.24396167695522308,0.2298898845911026,0.31415578722953796,0.24485620856285095
7,S1,ComHvy,local,local,0,local,local,0,0.5414658784866333,0.50998854637146,-0.03147733211517334,0.004450094886124134,0.08923954516649246,0.5414658784866333,0.50998854637146,0.3537369966506958,0.39835676550865173,0.1047971174120903,0.09165467321872711
7,S1,BWHvy,local,local,0,BS2,local,1,0.507246196269989,0.6883527636528015,0.1811065673828125,0.07310795038938522,0.362213134765625,0.507246196269989,0.6883527636528015,0.2299894094467163,0.13078373670578003,0.2627643942832947,0.18086349964141846
7,S2,LatCrit,BS1,local,1,local,local,0,0.3834604322910309,0.44787347316741943,0.06441304087638855,0.01594589278101921,0.14629700779914856,0.37472498416900635,0.44787347316741943,0.3834604322910309,0.37172219157218933,0.24181462824344635,0.18040435016155243
7,S2,ComHvy,local,local,0,local,local,0,0.5847460031509399,0.4777067303657532,-0.10703927278518677,0.023252252489328384,0.21407853066921234,0.5847460031509399,0.4777067303657532,0.2279108166694641,0.2958637773990631,0.18734320998191833,0.2264295071363449
7,S2,BWHvy,local,local,0,local,local,0,0.6400442123413086,0.7894808650016785,0.14943665266036987,0.06167781352996826,0.29887324571609497,0.6400442123413086,0.7894808650016785,0.20894569158554077,0.10888135433197021,0.15101006627082825,0.10163780301809311
7,S3,LatCrit,local,local,0,local,local,0,0.4124804139137268,0.5497080087661743,0.1372275948524475,0.04074151813983917,0.274455189704895,0.4124804139137268,0.5497080087661743,0.27371886372566223,0.18755847215652466,0.3138006925582886,0.26273348927497864
7,S3,ComHvy,local,local,0,local,local,0,0.6348475217819214,0.6701678037643433,0.035320281982421875,0.012036338448524475,0.11679983139038086,0.6348475217819214,0.6701678037643433,0.14413487911224365,0.167214497923851,0.22101759910583496,0.16261766850948334
7,S3,BWHvy,local,local,0,local,local,0,0.7046796083450317,0.8191108703613281,0.11443126201629639,0.039658673107624054,0.22886255383491516,0.7046796083450317,0.8191108703613281,0.13398593664169312,0.07494158297777176,0.16133444011211395,0.10594751685857773
7,S4,LatCrit,local,local,0,local,local,0,0.5510694980621338,0.6657301783561707,0.11466068029403687,0.028272811323404312,0.22932139039039612,0.5510694980621338,0.6657301783561707,0.1624312549829483,0.11881990730762482,0.2864992618560791,0.21544989943504333
7,S4,ComHvy,local,local,0,local,local,0,0.648087739944458,0.6514220237731934,0.0033342838287353516,0.0008175401017069817,0.02637268602848053,0.648087739944458,0.6514220237731934,0.1875026524066925,0.19735470414161682,0.16440962255001068,0.15122327208518982
7,S4,BWHvy,local,local,0,local,local,0,0.6125665903091431,0.7780786752700806,0.1655120849609375,0.06937992572784424,0.3310241997241974,0.6125665903091431,0.7780786752700806,0.19178511202335358,0.10956231504678726,0.19564831256866455,0.11235899478197098
7,S5,LatCrit,local,local,0,local,local,0,0.7455487847328186,0.8623256683349609,0.11677688360214233,0.04826338216662407,0.23355375230312347,0.7455487847328186,0.8623256683349609,0.15750958025455475,0.08116022497415543,0.09694162011146545,0.05651409551501274
7,S5,ComHvy,BS2,BS2,0,BS2,BS2,0,0.4844883680343628,0.5248061418533325,0.04031777381896973,0.0072496384382247925,0.1113537847995758,0.34788262844085693,0.2922057509422302,0.16762903332710266,0.18298816680908203,0.4844883680343628,0.5248061418533325
7,S5,BWHvy,local,local,0,local,local,0,0.6620259284973145,0.8014107346534729,0.13938480615615845,0.05421096459031105,0.2787695825099945,0.6620259284973145,0.8014107346534729,0.19832229614257812,0.10898125916719437,0.13965176045894623,0.08960802108049393
7,S6,LatCrit,local,local,0,local,local,0,0.5905047059059143,0.6354075074195862,0.044902801513671875,0.01638312265276909,0.14297696948051453,0.5905047059059143,0.6354075074195862,0.24909667670726776,0.1776081919670105,0.16039861738681793,0.18698430061340332
7,S6,ComHvy,BS1,BS1,0,BS1,BS1,0,0.5177805423736572,0.5129961371421814,-0.00478440523147583,7.447181269526482e-05,0.010911911725997925,0.19409716129302979,0.19342559576034546,0.5177805423736572,0.5129961371421814,0.2881222665309906,0.29357820749282837
7,S6,BWHvy,local,local,0,local,local,0,0.610442042350769,0.784807562828064,0.17436552047729492,0.07785947620868683,0.34873107075691223,0.610442042350769,0.784807562828064,0.20795290172100067,0.11330951005220413,0.18160507082939148,0.10188290476799011
7,S7,LatCrit,local,local,0,local,local,0,0.7208359241485596,0.757136881351471,0.03630095720291138,0.003993036225438118,0.07260188460350037,0.7208359241485596,0.757136881351471,0.1218985766172409,0.09873005747795105,0.15726545453071594,0.1441330462694168
7,S7,ComHvy,local,local,0,local,local,0,0.5630951523780823,0.5206255912780762,-0.042469561100006104,0.010469278320670128,0.11206351220607758,0.5630951523780823,0.5206255912780762,0.1493515521287918,0.20538330078125,0.2875533103942871,0.27399110794067383
7,S7,BWHvy,local,local,0,local,local,0,0.5541071891784668,0.7245703339576721,0.17046314477920532,0.06690879166126251,0.34092628955841064,0.5541071891784668,0.7245703339576721,0.18485340476036072,0.1219647228717804,0.2610394060611725,0.15346494317054749
7,S8,LatCrit,BS1,BS1,0,BS1,BS1,0,0.47851449251174927,0.5692991614341736,0.09078466892242432,0.03915028274059296,0.22012373805046082,0.24815315008163452,0.2674303650856018,0.47851449251174927,0.5692991614341736,0.2733323574066162,0.163270503282547
7,S8,ComHvy,local,local,0,local,local,0,0.4484645128250122,0.46384382247924805,0.01537930965423584,0.02791403979063034,0.16156315803527832,0.4484645128250122,0.46384382247924805,0.34834685921669006,0.4137491285800934,0.20318861305713654,0.12240704149007797
7,S8,BWHvy,local,local,0,local,local,0,0.553244411945343,0.7466607093811035,0.1934162974357605,0.09129410982131958,0.38683265447616577,0.553244411945343,0.7466607093811035,0.24588938057422638,0.12308391183614731,0.2008662223815918,0.13025535643100739
8,S1,LatCrit,local,local,0,local,local,0,0.524591863155365,0.5872935056686401,0.06270164251327515,0.009000349789857864,0.1254032552242279,0.524591863155365,0.5872935056686401,0.1997852921485901,0.1866513341665268,0.27562281489372253,0.22605516016483307
8,S1,ComHvy,local,local,0,local,local,0,0.4915069341659546,0.5198618173599243,0.028354883193969727,0.01421530544757843,0.11798666417598724,0.4915069341659546,0.5198618173599243,0.3236393928527832,0.3542778491973877,0.1848537027835846,0.12586037814617157
8,S1,BWHvy,local,local,0,local,local,0,0.6244930028915405,0.7890219688415527,0.1645289659500122,0.07081672549247742,0.32905787229537964,0.6244930028915405,0.7890219688415527,0.18461394309997559,0.10839861631393433,0.1908930242061615,0.10257942974567413
8,S2,LatCrit,BS1,local,1,local,local,0,0.3887929916381836,0.4186916947364807,0.02989870309829712,0.028109844774007797,0.218834787607193,0.36411052942276,0.4186916947364807,0.3887929916381836,0.2793755829334259,0.247096449136734,0.3019326627254486
8,S2,ComHvy,local,local,0,local,local,0,0.7293981313705444,0.6955922245979309,-0.033805906772613525,0.0029845323879271746,0.06761183589696884,0.7293981313705444,0.6955922245979309,0.19578184187412262,0.22571834921836853,0.07482001930475235,0.07868944108486176
8,S2,BWHvy,local,local,0,local,local,0,0.6639509201049805,0.8224227428436279,0.15847182273864746,0.07558771222829819,0.3169436454772949,0.6639509201049805,0.8224227428436279,0.174713596701622,0.07980320602655411,0.16133545339107513,0.09777402877807617
8,S3,LatCrit,local,local,0,local,local,0,0.6663122773170471,0.8072260618209839,0.14091378450393677,0.06706604361534119,0.28182750940322876,0.6663122773170471,0.8072260618209839,0.177123561501503,0.07690692692995071,0.1565641462802887,0.11586704105138779
8,S3,ComHvy,local,local,0,local,local,0,0.7108321189880371,0.6533108949661255,-0.05752122402191162,0.008870553225278854,0.11504238843917847,0.7108321189880371,0.6533108949661255,0.12465764582157135,0.13305459916591644,0.16451027989387512,0.21363449096679688
8,S3,BWHvy,local,local,0,local,local,0,0.7860463857650757,0.8921467661857605,0.10610038042068481,0.04725072532892227,0.21220076084136963,0.7860463857650757,0.8921467661857605,0.08353085815906525,0.03973744809627533,0.13042277097702026,0.06811580806970596
8,S4,LatCrit,local,local,0,local,local,0,0.5819275379180908,0.7268742322921753,0.14494669437408447,0.04939688742160797,0.2898934483528137,0.5819275379180908,0.7268742322921753,0.15683935582637787,0.11092373728752136,0.2612331211566925,0.16220198571681976
8,S4,ComHvy,local,local,0,local,local,0,0.5069364905357361,0.4986072778701782,-0.008329212665557861,0.0027260035276412964,0.05811595916748047,0.5069364905357361,0.4986072778701782,0.2068745642900467,0.23593254387378693,0.2861889600753784,0.26546019315719604
8,S4,BWHvy,local,local,0,local,local,0,0.6853533983230591,0.8224985003471375,0.13714510202407837,0.057332783937454224,0.27429020404815674,0.6853533983230591,0.8224985003471375,0.16022326052188873,0.07985943555831909,0.1544233113527298,0.09764204919338226
8,S5,LatCrit,local,local,0,local,local,0,0.7770317196846008,0.8856164813041687,0.10858476161956787,0.05376473814249039,0.21716952323913574,0.7770317196846008,0.8856164813041687,0.1167561486363411,0.04611754044890404,0.10621214658021927,0.06826599687337875
8,S5,ComHvy,local,BS2,1,local,local,0,0.4203401207923889,0.40074360370635986,-0.019596517086029053,0.003233185037970543,0.07839815318584442,0.4203401207923889,0.3811410665512085,0.20233052968978882,0.21811534464359283,0.3773293197154999,0.40074360370635986
8,S5,BWHvy,local,local,0,local,local,0,0.7284811735153198,0.8682986497879028,0.139817476272583,0.06926735490560532,0.279634952545166,0.7284811735153198,0.8682986497879028,0.14865997433662415,0.06729449331760406,0.12285884469747543,0.06440684199333191
8,S6,LatCrit,local,local,0,local,local,0,0.5901912450790405,0.6570713520050049,0.06688010692596436,0.020464584231376648,0.15854212641716003,0.5901912450790405,0.6570713520050049,0.24505992233753204,0.16578887403011322,0.16474883258342743,0.17713980376720428
8,S6,ComHvy,local,local,0,BS1,BS1,0,0.3962886333465576,0.42672163248062134,0.03043299913406372,0.007635470479726791,0.10516829788684845,0.3962886333465576,0.42672163248062134,0.33015018701553345,0.35230132937431335,0.27356117963790894,0.2209770232439041
8,S6,BWHvy,local,local,0,local,local,0,0.683800458908081,0.8451719880104065,0.16137152910232544,0.0810956135392189,0.3227430582046509,0.683800458908081,0.8451719880104065,0.1619553416967392,0.08198361843824387,0.15424416959285736,0.07284437865018845
8,S7,LatCrit,local,local,0,local,local,0,0.6103401184082031,0.6978352069854736,0.08749508857727051,0.0177132710814476,0.1749901920557022,0.6103401184082031,0.6978352069854736,0.2064041942358017,0.153325155377388,0.18325570225715637,0.14883963763713837
8,S7,ComHvy,local,local,0,local,local,0,0.580876886844635,0.48827219009399414,-0.09260469675064087,0.017235003411769867,0.18520937860012054,0.580876886844635,0.48827219009399414,0.11370618641376495,0.14133772253990173,0.30541694164276123,0.3703900873661041
8,S7,BWHvy,local,local,0,local,local,0,0.5358313322067261,0.7216211557388306,0.1857898235321045,0.07805441319942474,0.37157967686653137,0.5358313322067261,0.7216211557388306,0.23019036650657654,0.14260219037532806,0.23397834599018097,0.13577668368816376
8,S8,LatCrit,BS2,BS2,0,BS2,BS2,0,0.46618416905403137,0.40658465027809143,-0.05959951877593994,0.032765597105026245,0.2392183393239975,0.2733350396156311,0.39294421672821045,0.2604807913303375,0.20047114789485931,0.46618416905403137,0.40658465027809143
8,S8,ComHvy,local,local,0,BS1,local,1,0.40700483322143555,0.428674578666687,0.021669745445251465,0.004405306652188301,0.08632093667984009,0.40700483322143555,0.428674578666687,0.3418821096420288,0.29872164130210876,0.25111302733421326,0.27260375022888184
8,S8,BWHvy,local,local,0,local,local,0,0.6538035869598389,0.8300848007202148,0.17628121376037598,0.09492138028144836,0.35256242752075195,0.6538035869598389,0.8300848007202148,0.20990173518657684,0.08924667537212372,0.1362946629524231,0.08066852390766144
9,S1,LatCrit,local,local,0,local,local,0,0.4970228672027588,0.5739802122116089,0.0769573450088501,0.015223825350403786,0.1539147049188614,0.4970228672027588,0.5739802122116089,0.2967778742313385,0.2272939682006836,0.2061992734670639,0.19872581958770752
9,S1,ComHvy,local,local,0,local,local,0,0.48441052436828613,0.48070234060287476,-0.003708183765411377,0.0007753660902380943,0.0317867249250412,0.48441052436828613,0.48070234060287476,0.282042920589447,0.29793626070022583,0.23354656994342804,0.22136136889457703
9,S1,BWHvy,local,local,0,local,local,0,0.6154693365097046,0.7686148881912231,0.15314555168151855,0.058611080050468445,0.3062911927700043,0.6154693365097046,0.7686148881912231,0.2161453664302826,0.1319606453180313,0.1683853566646576,0.09942443668842316
9,S2,LatCrit,local,local,0,local,local,0,0.5547110438346863,0.6187140941619873,0.06400305032730103,0.00879180058836937,0.12800607085227966,0.5547110438346863,0.6187140941619873,0.21767722070217133,0.17979678511619568,0.22761170566082,0.20148912072181702
9,S2,ComHvy,local,local,0,local,local,0,0.650020956993103,0.6677160263061523,0.017695069313049316,0.0046622008085250854,0.06872589886188507,0.650020956993103,0.6677160263061523,0.16415037214756012,0.18081824481487274,0.18582864105701447,0.15146568417549133
9,S2,BWHvy,local,local,0,BS1,local,1,0.5232954621315002,0.6922429800033569,0.1689475178718567,0.062339916825294495,0.3378949761390686,0.5232954621315002,0.6922429800033569,0.2760698199272156,0.17435744404792786,0.2006346881389618,0.1333996057510376
9,S3,LatCrit,local,local,0,local,local,0,0.6145036816596985,0.8150396943092346,0.20053601264953613,0.11258694529533386,0.40107202529907227,0.6145036816596985,0.8150396943092346,0.24269868433475494,0.10503700375556946,0.14279763400554657,0.07992330193519592
9,S3,ComHvy,local,BS2,1,local,local,0,0.4272887110710144,0.3874967396259308,-0.03979197144508362,0.023773200809955597,0.20304305851459503,0.4272887110710144,0.3257672190666199,0.22439239919185638,0.28673607110977173,0.34831884503364563,0.3874967396259308
9,S3,BWHvy,local,local,0,local,local,0,0.5713751316070557,0.7297618389129639,0.1583867073059082,0.058397017419338226,0.3167734146118164,0.5713751316070557,0.7297618389129639,0.1743914633989334,0.11627509444952011,0.2542334198951721,0.153963103890419
9,S4,LatCrit,local,local,0,local,local,0,0.5742812752723694,0.7218481302261353,0.14756685495376587,0.04985930770635605,0.29513370990753174,0.5742812752723694,0.7218481302261353,0.20488350093364716,0.13325712084770203,0.22083522379398346,0.1448947638273239
9,S4,ComHvy,local,local,0,local,local,0,0.6494994163513184,0.6330780982971191,-0.01642131805419922,0.0008713723509572446,0.032842621207237244,0.6494994163513184,0.6330780982971191,0.18702754378318787,0.20318284630775452,0.16347306966781616,0.16373907029628754
9,S4,BWHvy,local,local,0,local,local,0,0.6373920440673828,0.7713287472724915,0.13393670320510864,0.04561234265565872,0.2678733468055725,0.6373920440673828,0.7713287472724915,0.20494338870048523,0.12856607139110565,0.15766450762748718,0.10010519623756409
9,S5,LatCrit,local,local,0,BS1,local,1,0.4624239206314087,0.6449639797210693,0.18254005908966064,0.07224477827548981,0.3650800585746765,0.4624239206314087,0.6449639797210693,0.3243497908115387,0.1953781396150589,0.21322625875473022,0.15965789556503296
9,S5,ComHvy,local,local,0,local,local,0,0.5232807397842407,0.5050582885742188,-0.018222451210021973,0.0013617804506793618,0.0396927148103714,0.5232807397842407,0.5050582885742188,0.17763206362724304,0.19747839868068695,0.299087256193161,0.2974633276462555
9,S5,BWHvy,local,local,0,local,local,0,0.5996503829956055,0.7737442255020142,0.1740938425064087,0.07648675888776779,0.3481876254081726,0.5996503829956055,0.7737442255020142,0.2226555049419403,0.11841010302305222,0.17769408226013184,0.10784568637609482
9,S6,LatCrit,local,local,0,local,local,0,0.6295052170753479,0.767884373664856,0.13837915658950806,0.0496981218457222,0.27675825357437134,0.6295052170753479,0.767884373664856,0.17214395105838776,0.09736275672912598,0.19835081696510315,0.13475289940834045
9,S6,ComHvy,local,local,0,local,local,0,0.6720657348632812,0.7404021620750427,0.06833642721176147,0.011586982756853104,0.13667283952236176,0.6720657348632812,0.7404021620750427,0.16567212343215942,0.12921024858951569,0.16226214170455933,0.13038760423660278
9,S6,BWHvy,local,local,0,local,local,0,0.6028300523757935,0.7865418791770935,0.18371182680130005,0.08650942891836166,0.3674237132072449,0.6028300523757935,0.7865418791770935,0.20463907718658447,0.11381182074546814,0.19253090023994446,0.09964627772569656
9,S7,LatCrit,local,local,0,local,local,0,0.4869924783706665,0.6785410046577454,0.19154852628707886,0.07892660796642303,0.3830970227718353,0.4869924783706665,0.6785410046577454,0.3020361363887787,0.1972903311252594,0.21097134053707123,0.12416865676641464
9,S7,ComHvy,local,BS2,1,local,BS2,1,0.5562682151794434,0.4259375035762787,-0.13033071160316467,0.0430193692445755,0.2740827202796936,0.5562682151794434,0.41922682523727417,0.14881068468093872,0.15483565628528595,0.2949211299419403,0.4259375035762787
9,S7,BWHvy,local,local,0,local,local,0,0.5772028565406799,0.6689237952232361,0.09172093868255615,0.0182742178440094,0.1834419071674347,0.5772028565406799,0.6689237952232361,0.24142174422740936,0.18821164965629578,0.1813754141330719,0.14286454021930695
9,S8,LatCrit,local,local,0,local,local,0,0.4766218066215515,0.6183937191963196,0.14177191257476807,0.04503941535949707,0.28354382514953613,0.4766218066215515,0.6183937191963196,0.2605215609073639,0.16702207922935486,0.2628566324710846,0.21458418667316437
9,S8,ComHvy,BS2,BS2,0,BS2,BS2,0,0.347476989030838,0.3554081916809082,0.00793120265007019,0.002395681105554104,0.06202647089958191,0.3064095973968506,0.32949161529541016,0.3461134135723114,0.31510016322135925,0.347476989030838,0.3554081916809082
9,S8,BWHvy,local,local,0,BS1,local,1,0.5179026126861572,0.7101122140884399,0.19220960140228271,0.08177229762077332,0.38441920280456543,0.5179026126861572,0.7101122140884399,0.27219465374946594,0.16501261293888092,0.20990270376205444,0.12487514317035675
10,S1,LatCrit,BS1,BS1,0,BS1,local,1,0.49626103043556213,0.413725882768631,-0.08253514766693115,0.014075804501771927,0.16507026553153992,0.2701364755630493,0.3053874969482422,0.49626103043556213,0.413725882768631,0.23360252380371094,0.28088662028312683
10,S1,ComHvy,local,BS2,1,local,local,0,0.5002319812774658,0.44038549065589905,-0.05984649062156677,0.029980309307575226,0.23683995008468628,0.5002319812774658,0.42365288734436035,0.17780251801013947,0.1359616369009018,0.3219655156135559,0.44038549065589905
10,S1,BWHvy,BS1,local,1,BS1,local,1,0.4347628355026245,0.4441416263580322,0.009378790855407715,0.04787321016192436,0.290213406085968,0.2990349531173706,0.4441416263580322,0.4347628355026245,0.317106157541275,0.26620227098464966,0.23875223100185394
10,S2,LatCrit,local,local,0,local,local,0,0.42006802558898926,0.5233660936355591,0.10329806804656982,0.03590726852416992,0.2293173223733902,0.42006802558898926,0.5233660936355591,0.23478059470653534,0.24614118039608002,0.3451513946056366,0.2304927259683609
10,S2,ComHvy,local,local,0,local,local,0,0.627187967300415,0.6117686033248901,-0.015419363975524902,0.049861565232276917,0.2064637690782547,0.627187967300415,0.6117686033248901,0.16847527027130127,0.271707147359848,0.20433677732944489,0.11652424931526184
10,S2,BWHvy,BS1,local,1,BS2,local,1,0.34778526425361633,0.45379185676574707,0.10600659251213074,0.04167277365922928,0.282401978969574,0.31259089708328247,0.45379185676574707,0.34778526425361633,0.2817213833332062,0.3396238386631012,0.264486700296402
10,S3,LatCrit,local,local,0,local,local,0,0.4924269914627075,0.6445150375366211,0.15208804607391357,0.05300168693065643,0.3041760325431824,0.4924269914627075,0.6445150375366211,0.3399643003940582,0.2601505219936371,0.16760869324207306,0.09533447027206421
10,S3,ComHvy,local,local,0,local,local,0,0.5832875967025757,0.4384574294090271,-0.14483016729354858,0.06727235019207001,0.3121625781059265,0.5832875967025757,0.4384574294090271,0.16996979713439941,0.32605108618736267,0.2467426210641861,0.23549148440361023
10,S3,BWHvy,BS1,local,1,BS1,BS1,0,0.3763246238231659,0.4499795436859131,0.07365491986274719,0.048720329999923706,0.25833576917648315,0.3208116292953491,0.4499795436859131,0.3763246238231659,0.3588874042034149,0.3028637170791626,0.1911330670118332
10,S4,LatCrit,BS1,local,1,local,local,0,0.40758657455444336,0.4689942002296448,0.061407625675201416,0.0611669085919857,0.3079255521297455,0.335954487323761,0.4689942002296448,0.40758657455444336,0.2536238133907318,0.25645890831947327,0.2773819863796234
10,S4,ComHvy,local,local,0,local,local,0,0.5994964838027954,0.4700527787208557,-0.1294437050819397,0.034316450357437134,0.25888746976852417,0.5994964838027954,0.4700527787208557,0.27985769510269165,0.35618528723716736,0.12064578384160995,0.17376194894313812
10,S4,BWHvy,local,local,0,BS2,local,1,0.44999557733535767,0.6407424211502075,0.19074684381484985,0.07523270696401596,0.3814936876296997,0.44999557733535767,0.6407424211502075,0.2569848299026489,0.16645292937755585,0.2930195927619934,0.19280461966991425
10,S5,LatCrit,BS1,BS1,0,BS1,BS1,0,0.5109285116195679,0.5335420966148376,0.022613584995269775,0.02860380709171295,0.1594046950340271,0.2968936562538147,0.35398244857788086,0.5109285116195679,0.5335420966148376,0.19217777252197266,0.11247546225786209
10,S5,ComHvy,local,local,0,local,local,0,0.4584141969680786,0.5277807712554932,0.06936657428741455,0.010091042146086693,0.1387331634759903,0.4584141969680786,0.5277807712554932,0.23778566718101501,0.1977449506521225,0.30380016565322876,0.27447429299354553
10,S5,BWHvy,BS1,local,1,BS1,local,1,0.35857996344566345,0.4888232350349426,0.13024327158927917,0.05225318670272827,0.3194977045059204,0.3290743827819824,0.4888232350349426,0.35857996344566345,0.2712275981903076,0.3123456537723541,0.23994915187358856
10,S6,LatCrit,local,local,0,BS1,local,1,0.4865822196006775,0.6690669655799866,0.18248474597930908,0.07106447219848633,0.36496949195861816,0.4865822196006775,0.6690669655799866,0.29220694303512573,0.19590075314044952,0.22121082246303558,0.1350322812795639
10,S6,ComHvy,local,local,0,local,local,0,0.6904618740081787,0.7916844487190247,0.10122257471084595,0.030367843806743622,0.2024451047182083,0.6904618740081787,0.7916844487190247,0.09376084059476852,0.05201863870024681,0.21577724814414978,0.15629692375659943
10,S6,BWHvy,BS2,local,1,BS1,local,1,0.4024420380592346,0.43971407413482666,0.03727203607559204,0.04853571206331253,0.29805901646614075,0.2906845808029175,0.43971407413482666,0.3068733811378479,0.2608494758605957,0.4024420380592346,0.29943642020225525
10,S7,LatCrit,BS1,local,1,BS1,local,1,0.4090059697628021,0.4824784994125366,0.0734725296497345,0.04082196205854416,0.28130269050598145,0.3418271541595459,0.4824784994125366,0.4090059697628021,0.3301977217197418,0.24916686117649078,0.18732376396656036
10,S7,ComHvy,local,local,0,local,local,0,0.7112572193145752,0.4930989146232605,-0.2181583046913147,0.1058756485581398,0.43631666898727417,0.7112572193145752,0.4930989146232605,0.1281631737947464,0.16816163063049316,0.1605796068906784,0.3387394845485687
10,S7,BWHvy,BS1,local,1,local,local,0,0.3564756512641907,0.46920281648635864,0.11272716522216797,0.027913007885217667,0.2331269234418869,0.352639377117157,0.46920281648635864,0.3564756512641907,0.2874901294708252,0.29088500142097473,0.24330703914165497
10,S8,LatCrit,local,local,0,local,local,0,0.4386611580848694,0.5746045112609863,0.13594335317611694,0.042360588908195496,0.2718867063522339,0.4386611580848694,0.5746045112609863,0.30214017629623413,0.2002667635679245,0.25919869542121887,0.22512875497341156
10,S8,ComHvy,BS2,BS2,0,BS1,BS1,0,0.44572654366493225,0.5687105059623718,0.12298396229743958,0.0544341579079628,0.24596795439720154,0.19723844528198242,0.09745889902114868,0.35703498125076294,0.3338305354118347,0.44572654366493225,0.5687105059623718
10,S8,BWHvy,BS1,local,1,BS1,BS1,0,0.3842392861843109,0.39668768644332886,0.012448400259017944,0.03325844556093216,0.2338397204875946,0.27976781129837036,0.39668768644332886,0.3842392861843109,0.3507832884788513,0.33599287271499634,0.2525290250778198
11,S1,LatCrit,BS1,BS1,0,BS1,BS1,0,0.5492247939109802,0.4724622368812561,-0.07676255702972412,0.013265040703117847,0.15352515876293182,0.2630194425582886,0.32854795455932617,0.5492247939109802,0.4724622368812561,0.1877557635307312,0.1989898532629013
11,S1,ComHvy,local,BS2,1,local,local,0,0.495488703250885,0.4454520344734192,-0.05003666877746582,0.03972838073968887,0.2737894654273987,0.495488703250885,0.3880279064178467,0.19595399498939514,0.16652004420757294,0.30855730175971985,0.4454520344734192
11,S1,BWHvy,BS1,local,1,local,local,0,0.3900381624698639,0.4826391339302063,0.09260097146034241,0.05431102216243744,0.32507240772247314,0.3201029300689697,0.4826391339302063,0.3900381624698639,0.29781585931777954,0.2898589074611664,0.21954499185085297
11,S2,LatCrit,local,local,0,local,local,0,0.461648166179657,0.5764695405960083,0.11482137441635132,0.0458393469452858,0.2599450945854187,0.461648166179657,0.5764695405960083,0.19224907457828522,0.20740020275115967,0.3461028039455414,0.21613022685050964
11,S2,ComHvy,local,local,0,local,local,0,0.6504310369491577,0.5864604711532593,-0.06397056579589844,0.022705718874931335,0.1519729495048523,0.6504310369491577,0.5864604711532593,0.1032857820391655,0.17927224934101105,0.24628321826457977,0.23426730930805206
11,S2,BWHvy,BS1,local,1,BS2,local,1,0.37416842579841614,0.5005576610565186,0.12638923525810242,0.07634758949279785,0.3817642629146576,0.30967551469802856,0.5005576610565186,0.37416842579841614,0.2876485586166382,0.3161560893058777,0.21179383993148804
11,S3,LatCrit,local,local,0,BS1,local,1,0.4947344660758972,0.6685630679130554,0.1738286018371582,0.07174514979124069,0.3476572036743164,0.4947344660758972,0.6685630679130554,0.3456362783908844,0.2521625757217407,0.15962928533554077,0.07927437126636505
11,S3,ComHvy,local,local,0,local,local,0,0.621819019317627,0.4773905873298645,-0.14442843198776245,0.04513197019696236,0.2888568639755249,0.621819019317627,0.4773905873298645,0.1548643857240677,0.2473127692937851,0.22331660985946655,0.2752966582775116
11,S3,BWHvy,local,local,0,BS2,local,1,0.4155411720275879,0.6276893615722656,0.21214818954467773,0.12397129833698273,0.4242963492870331,0.4155411720275879,0.6276893615722656,0.2892952561378479,0.24419023096561432,0.2951635420322418,0.12812042236328125
11,S4,LatCrit,BS1,local,1,BS2,BS2,0,0.3992808759212494,0.44317883253097534,0.04389795660972595,0.03385540843009949,0.2358521819114685,0.3252527117729187,0.44317883253097534,0.3992808759212494,0.296263188123703,0.2754663825035095,0.26055800914764404
11,S4,ComHvy,local,local,0,local,local,0,0.5301560163497925,0.40047329664230347,-0.129682719707489,0.034613799303770065,0.25936540961265564,0.5301560163497925,0.40047329664230347,0.304244726896286,0.37612926959991455,0.1655992716550827,0.2233974188566208
11,S4,BWHvy,BS1,local,1,BS1,local,1,0.3786413073539734,0.5317184925079346,0.15307718515396118,0.0670941099524498,0.35705360770225525,0.35319167375564575,0.5317184925079346,0.3786413073539734,0.29486849904060364,0.26816701889038086,0.17341303825378418
11,S5,LatCrit,local,local,0,local,local,0,0.55208820104599,0.6891793012619019,0.13709110021591187,0.06047360226511955,0.27418220043182373,0.55208820104599,0.6891793012619019,0.3055475056171417,0.250480055809021,0.14236430823802948,0.060340676456689835
11,S5,ComHvy,local,local,0,local,local,0,0.506378710269928,0.47322773933410645,-0.03315097093582153,0.003004731610417366,0.06630192697048187,0.506378710269928,0.47322773933410645,0.23235853016376495,0.2629914879798889,0.26126277446746826,0.26378077268600464
11,S5,BWHvy,BS1,local,1,BS2,local,1,0.3927130699157715,0.49380725622177124,0.10109418630599976,0.07566984742879868,0.3832755386829376,0.3021695017814636,0.49380725622177124,0.3927130699157715,0.2874820828437805,0.3051174283027649,0.21871063113212585
11,S6,LatCrit,local,local,0,local,local,0,0.5034276843070984,0.609078049659729,0.10565036535263062,0.03096020221710205,0.21130070090293884,0.5034276843070984,0.609078049659729,0.2613508403301239,0.24044379591941833,0.23522144556045532,0.15047815442085266
11,S6,ComHvy,local,local,0,local,local,0,0.5560387372970581,0.581951379776001,0.02591264247894287,0.023516211658716202,0.12960651516914368,0.5560387372970581,0.581951379776001,0.14732123911380768,0.08251794427633286,0.2966400682926178,0.3355306386947632
11,S6,BWHvy,BS2,local,1,local,local,0,0.3899739980697632,0.49587470293045044,0.10590070486068726,0.08253336697816849,0.3979038894176483,0.2969227433204651,0.49587470293045044,0.31310322880744934,0.23748385906219482,0.3899739980697632,0.26664143800735474
11,S7,LatCrit,local,local,0,local,local,0,0.4446272850036621,0.6689906716346741,0.22436338663101196,0.10586590319871902,0.4487268030643463,0.4446272850036621,0.6689906716346741,0.3117704391479492,0.18254877626895905,0.24360227584838867,0.1484605371952057
11,S7,ComHvy,local,local,0,local,local,0,0.7868235111236572,0.7357920408248901,-0.05103147029876709,0.01066267117857933,0.10206293314695358,0.7868235111236572,0.7357920408248901,0.11406054347753525,0.1169695109128952,0.09911590814590454,0.14723840355873108
11,S7,BWHvy,BS1,local,1,local,local,0,0.3873417377471924,0.5093429684638977,0.12200123071670532,0.06782715767621994,0.36486557126045227,0.32691019773483276,0.5093429684638977,0.3873417377471924,0.28327399492263794,0.28574806451797485,0.20738300681114197
11,S8,LatCrit,local,local,0,local,local,0,0.4203985929489136,0.5371696949005127,0.11677110195159912,0.027574211359024048,0.23354218900203705,0.4203985929489136,0.5371696949005127,0.33608439564704895,0.2620680332183838,0.2435169816017151,0.20076225697994232
11,S8,ComHvy,BS2,BS2,0,BS2,BS2,0,0.5061013102531433,0.6262105703353882,0.12010926008224487,0.03214222937822342,0.24021850526332855,0.29081517457962036,0.20218759775161743,0.20308347046375275,0.171601802110672,0.5061013102531433,0.6262105703353882
11,S8,BWHvy,BS2,local,1,BS2,local,1,0.35000696778297424,0.4696897864341736,0.11968281865119934,0.06907206773757935,0.3297106623649597,0.3048344850540161,0.4696897864341736,0.34515857696533203,0.3135354518890381,0.35000696778297424,0.21677474677562714
12,S1,LatCrit,local,local,0,local,local,0,0.43753665685653687,0.5005283355712891,0.0629916787147522,0.009165007621049881,0.12598341703414917,0.43753665685653687,0.5005283355712891,0.32178616523742676,0.26946231722831726,0.24067717790603638,0.2300092875957489
12,S1,ComHvy,local,BS2,1,BS2,BS2,0,0.41999727487564087,0.45907115936279297,0.0390738844871521,0.019271351397037506,0.1938079595565796,0.41999727487564087,0.3535565733909607,0.21783554553985596,0.18737223744392395,0.36216720938682556,0.45907115936279297
12,S1,BWHvy,BS1,local,1,BS2,BS2,0,0.37185966968536377,0.3753165006637573,0.0034568309783935547,0.016868721693754196,0.1672312617301941,0.3455030918121338,0.3753165006637573,0.37185966968536377,0.2882440388202667,0.28263723850250244,0.33643946051597595
12,S2,LatCrit,local,local,0,local,local,0,0.4968896508216858,0.5895235538482666,0.09263390302658081,0.030203834176063538,0.19301384687423706,0.4968896508216858,0.5895235538482666,0.2292594462633133,0.2331324815750122,0.2738508880138397,0.17734397947788239
12,S2,ComHvy,local,local,0,local,local,0,0.5184267163276672,0.4110414385795593,-0.10738527774810791,0.049759604036808014,0.29300689697265625,0.5184267163276672,0.4110414385795593,0.22700917720794678,0.3735126256942749,0.254564106464386,0.21544592082500458
12,S2,BWHvy,local,local,0,local,local,0,0.3703256845474243,0.3721510171890259,0.0018253326416015625,0.0002790996804833412,0.02006557583808899,0.3703256845474243,0.3721510171890259,0.3374747335910797,0.34568214416503906,0.29219961166381836,0.2821667790412903
12,S3,LatCrit,local,BS1,1,local,local,0,0.4018775224685669,0.46230876445770264,0.06043124198913574,0.008620444685220718,0.12742051482200623,0.4018775224685669,0.3502299189567566,0.39859849214553833,0.46230876445770264,0.19952398538589478,0.18746134638786316
12,S3,ComHvy,local,local,0,local,local,0,0.5012485980987549,0.436184823513031,-0.06506377458572388,0.014349847100675106,0.15897275507450104,0.5012485980987549,0.436184823513031,0.29161471128463745,0.3711010813713074,0.20713669061660767,0.19271408021450043
12,S3,BWHvy,local,local,0,BS2,BS1,1,0.37648361921310425,0.3874409794807434,0.01095736026763916,0.011721551418304443,0.12699630856513977,0.37648361921310425,0.3874409794807434,0.31611815094947815,0.3686589300632477,0.30739825963974,0.2439000904560089
12,S4,LatCrit,local,local,0,local,BS2,1,0.3748718500137329,0.3919082283973694,0.017036378383636475,0.007584545761346817,0.10845929384231567,0.3748718500137329,0.3919082283973694,0.32699862122535706,0.2727689743041992,0.29812952876091003,0.3353227972984314
12,S4,ComHvy,local,local,0,local,local,0,0.5828229188919067,0.5913532972335815,0.008530378341674805,0.0012325253337621689,0.03952549397945404,0.5828229188919067,0.5913532972335815,0.28547075390815735,0.2657080292701721,0.13170629739761353,0.14293868839740753
12,S4,BWHvy,BS1,local,1,BS1,local,1,0.3742680251598358,0.36195749044418335,-0.012310534715652466,0.0026270654052495956,0.0685533881187439,0.3276808261871338,0.36195749044418335,0.3742680251598358,0.3514929711818695,0.29805120825767517,0.28654953837394714
12,S5,LatCrit,BS1,BS1,0,BS1,BS1,0,0.4397733807563782,0.5008665323257446,0.061093151569366455,0.012237634509801865,0.1221863403916359,0.42283397912979126,0.4031715989112854,0.4397733807563782,0.5008665323257446,0.13739262521266937,0.09596181660890579
12,S5,ComHvy,local,BS2,1,BS2,BS2,0,0.4078395366668701,0.3837631046772003,-0.0240764319896698,0.008566983044147491,0.12517398595809937,0.4078395366668701,0.34525251388549805,0.2508929967880249,0.27098435163497925,0.34126749634742737,0.3837631046772003
12,S5,BWHvy,BS1,BS1,0,BS2,BS2,0,0.3884751498699188,0.3896859884262085,0.0012108385562896729,0.0010490454733371735,0.03673523664474487,0.31866133213043213,0.3358181118965149,0.3884751498699188,0.3896859884262085,0.29286351799964905,0.2744958996772766
12,S6,LatCrit,BS1,BS1,0,local,local,0,0.42283058166503906,0.4832102656364441,0.06037968397140503,0.010117989033460617,0.12075936794281006,0.3965129852294922,0.37788379192352295,0.42283058166503906,0.4832102656364441,0.18065641820430756,0.13890592753887177
12,S6,ComHvy,local,local,0,local,local,0,0.5379915237426758,0.5566442608833313,0.018652737140655518,0.0007669823244214058,0.03730544447898865,0.5379915237426758,0.5566442608833313,0.17925402522087097,0.1756216287612915,0.28275442123413086,0.2677341103553772
12,S6,BWHvy,BS2,local,1,BS2,BS2,0,0.38258635997772217,0.3698572516441345,-0.012729108333587646,0.0046878717839717865,0.08879271149635315,0.35564255714416504,0.3698572516441345,0.2617711126804352,0.2919527590274811,0.38258635997772217,0.3381899893283844
12,S7,LatCrit,local,local,0,local,local,0,0.4608326554298401,0.5570871829986572,0.09625452756881714,0.020498890429735184,0.1925089955329895,0.4608326554298401,0.5570871829986572,0.33469709753990173,0.2926312983036041,0.20447023212909698,0.15028156340122223
12,S7,ComHvy,local,local,0,local,local,0,0.7566991448402405,0.792351245880127,0.035652101039886475,0.0037887003272771835,0.07130418717861176,0.7566991448402405,0.792351245880127,0.10107028484344482,0.08881095796823502,0.1422305852174759,0.11883782595396042
12,S7,BWHvy,local,local,0,local,local,0,0.4449145197868347,0.4831334352493286,0.038218915462493896,0.004275972954928875,0.07643789052963257,0.4449145197868347,0.4831334352493286,0.2887888252735138,0.2509287893772125,0.2662966847419739,0.2659377455711365
12,S8,LatCrit,BS2,local,1,local,local,0,0.3693581819534302,0.35119879245758057,-0.01815938949584961,0.017102640122175217,0.1554701030254364,0.3587356209754944,0.35119879245758057,0.2719062268733978,0.34964126348495483,0.3693581819534302,0.2991599440574646
12,S8,ComHvy,local,local,0,BS2,BS2,0,0.4991850256919861,0.46867620944976807,-0.030508816242218018,0.001870088279247284,0.06101761758327484,0.4991850256919861,0.46867620944976807,0.10696586966514587,0.11253242194652557,0.39384910464286804,0.41879135370254517
12,S8,BWHvy,BS1,BS1,0,BS2,BS2,0,0.3480241894721985,0.3449292480945587,-0.0030949413776397705,2.1287822164595127e-05,0.006189912557601929,0.3291360139846802,0.33089160919189453,0.3480241894721985,0.3449292480945587,0.32283979654312134,0.32417917251586914
13,S1,LatCrit,local,local,0,local,local,0,0.3732248544692993,0.5270400047302246,0.1538151502609253,0.04768790304660797,0.3076303005218506,0.3732248544692993,0.5270400047302246,0.34971901774406433,0.26357710361480713,0.27705612778663635,0.20938289165496826
13,S1,ComHvy,local,BS1,1,local,BS1,1,0.48913323879241943,0.4714351296424866,-0.01769810914993286,0.035892315208911896,0.26185715198516846,0.48913323879241943,0.3582046627998352,0.3714582920074463,0.4714351296424866,0.1394084393978119,0.17036017775535583
13,S1,BWHvy,BS1,local,1,BS2,local,1,0.34893983602523804,0.5300502777099609,0.1811104416847229,0.09834699332714081,0.42612308263778687,0.3169887661933899,0.5300502777099609,0.34893983602523804,0.20917120575904846,0.33407145738601685,0.2607785165309906
13,S2,LatCrit,local,local,0,local,local,0,0.38889461755752563,0.5211412906646729,0.13224667310714722,0.04021664708852768,0.2644934356212616,0.38889461755752563,0.5211412906646729,0.23741398751735687,0.21642844378948212,0.3736914396286011,0.26243022084236145
13,S2,ComHvy,local,local,0,local,local,0,0.5247535109519958,0.4548894166946411,-0.06986409425735474,0.02058098278939724,0.16506028175354004,0.5247535109519958,0.4548894166946411,0.17080697417259216,0.2533371150493622,0.304439514875412,0.2917734682559967
13,S2,BWHvy,local,local,0,local,local,0,0.3899858593940735,0.5743041038513184,0.18431824445724487,0.07616741955280304,0.36863651871681213,0.3899858593940735,0.5743041038513184,0.3519720137119293,0.2119678556919098,0.2580421268939972,0.21372801065444946
13,S3,LatCrit,local,local,0,local,local,0,0.37959158420562744,0.44967615604400635,0.0700845718383789,0.010120309889316559,0.1401692032814026,0.37959158420562744,0.44967615604400635,0.28008976578712463,0.25244927406311035,0.3403186798095703,0.2978745400905609
13,S3,ComHvy,local,local,0,local,local,0,0.5575137138366699,0.4847193956375122,-0.07279431819915771,0.015772664919495583,0.14558863639831543,0.5575137138366699,0.4847193956375122,0.12161070108413696,0.17835310101509094,0.3208755850791931,0.33692750334739685
13,S3,BWHvy,local,local,0,BS2,local,1,0.38199931383132935,0.6008670926094055,0.21886777877807617,0.09855444729328156,0.43773552775382996,0.38199931383132935,0.6008670926094055,0.2648032605648041,0.1578463464975357,0.3531974256038666,0.24128657579421997
13,S4,LatCrit,BS2,local,1,BS1,local,1,0.3580777645111084,0.4493942856788635,0.09131652116775513,0.0544707253575325,0.27577564120292664,0.311506450176239,0.4493942856788635,0.3304157555103302,0.20819434523582458,0.3580777645111084,0.3424113690853119
13,S4,ComHvy,local,local,0,local,BS1,1,0.6385257244110107,0.539547324180603,-0.09897840023040771,0.026996895670890808,0.20035569369792938,0.6385257244110107,0.539547324180603,0.20773877203464508,0.3079166114330292,0.15373550355434418,0.1525360494852066
13,S4,BWHvy,local,local,0,BS1,local,1,0.43068528175354004,0.6109720468521118,0.18028676509857178,0.0663129910826683,0.36057350039482117,0.43068528175354004,0.6109720468521118,0.2811361253261566,0.18799467384815216,0.28817856311798096,0.20103326439857483
13,S5,LatCrit,local,local,0,local,local,0,0.41256409883499146,0.5556772947311401,0.14311319589614868,0.05385288596153259,0.28622645139694214,0.41256409883499146,0.5556772947311401,0.34239673614501953,0.302994042634964,0.2450391799211502,0.1413286179304123
13,S5,ComHvy,local,local,0,local,local,0,0.4832441210746765,0.4505698084831238,-0.032674312591552734,0.002390783280134201,0.06534869968891144,0.4832441210746765,0.4505698084831238,0.16681203246116638,0.1695547252893448,0.3499438166618347,0.379875510931015
13,S5,BWHvy,BS1,local,1,local,local,0,0.3738127648830414,0.5637617111206055,0.1899489462375641,0.0861789658665657,0.4077024459838867,0.3599104881286621,0.5637617111206055,0.3738127648830414,0.2364911437034607,0.2662767469882965,0.19974716007709503
13,S6,LatCrit,local,local,0,local,local,0,0.3949953317642212,0.4934406876564026,0.0984453558921814,0.020848728716373444,0.196890726685524,0.3949953317642212,0.4934406876564026,0.39042937755584717,0.3425644040107727,0.21457530558109283,0.1639949083328247
13,S6,ComHvy,local,local,0,local,local,0,0.5807697772979736,0.5971658825874329,0.01639610528945923,0.0005564838647842407,0.03279227018356323,0.5807697772979736,0.5971658825874329,0.25409817695617676,0.24422509968280792,0.16513210535049438,0.15860901772975922
13,S6,BWHvy,BS2,local,1,BS2,local,1,0.36232319474220276,0.5263953804969788,0.164072185754776,0.08309166133403778,0.4040854871273041,0.3243526220321655,0.5263953804969788,0.3133241832256317,0.21569885313510895,0.36232319474220276,0.2579057812690735
13,S7,LatCrit,local,local,0,local,local,0,0.5391778945922852,0.7070884704589844,0.16791057586669922,0.06954032182693481,0.33582109212875366,0.5391778945922852,0.7070884704589844,0.23380616307258606,0.12341918051242828,0.2270158976316452,0.16949234902858734
13,S7,ComHvy,local,local,0,local,local,0,0.6766878366470337,0.5767863988876343,-0.09990143775939941,0.021040547639131546,0.19980286061763763,0.6766878366470337,0.5767863988876343,0.1282617300748825,0.16710105538368225,0.1950504183769226,0.2561125159263611
13,S7,BWHvy,local,local,0,BS2,local,1,0.4461190700531006,0.6277247667312622,0.18160569667816162,0.0679800733923912,0.36321139335632324,0.4461190700531006,0.6277247667312622,0.2440154105424881,0.15824241936206818,0.3098655045032501,0.21403281390666962
13,S8,LatCrit,BS1,BS1,0,BS2,BS2,0,0.418195515871048,0.4315977394580841,0.013402223587036133,0.004327744245529175,0.08118140697479248,0.25782179832458496,0.28501027822494507,0.418195515871048,0.4315977394580841,0.32398274540901184,0.2833920419216156
13,S8,ComHvy,local,local,0,BS2,BS2,0,0.4211878180503845,0.4032934308052063,-0.017894387245178223,0.0017761318013072014,0.057635217905044556,0.4211878180503845,0.4032934308052063,0.3553708493709564,0.3841884732246399,0.22344130277633667,0.2125180959701538
13,S8,BWHvy,BS1,local,1,local,local,0,0.3909035325050354,0.5153706073760986,0.12446707487106323,0.08411222696304321,0.40326106548309326,0.313740074634552,0.5153706073760986,0.3909035325050354,0.262419730424881,0.2953563928604126,0.22220967710018158
14,S1,LatCrit,BS2,local,1,BS2,BS2,0,0.41895341873168945,0.4356616735458374,0.01670825481414795,0.04032965749502182,0.24124202132225037,0.315040647983551,0.4356616735458374,0.26600590348243713,0.1742076873779297,0.41895341873168945,0.3901306390762329
14,S1,ComHvy,local,local,0,local,local,0,0.5898511409759521,0.4855956435203552,-0.10425549745559692,0.0259602889418602,0.20851092040538788,0.5898511409759521,0.4855956435203552,0.16613364219665527,0.17334668338298798,0.24401527643203735,0.3410576581954956
14,S1,BWHvy,BS1,BS1,0,BS1,BS1,0,0.40920376777648926,0.33967626094818115,-0.0695275068283081,0.018016397953033447,0.16347917914390564,0.24722164869308472,0.32896125316619873,0.40920376777648926,0.33967626094818115,0.343574583530426,0.3313625156879425
14,S2,LatCrit,local,local,0,local,local,0,0.5166051387786865,0.6250282526016235,0.10842311382293701,0.03396875411272049,0.2168462872505188,0.5166051387786865,0.6250282526016235,0.28269582986831665,0.254952609539032,0.2006990760564804,0.12001911550760269
14,S2,ComHvy,local,local,0,local,local,0,0.5812140703201294,0.4611389636993408,-0.12007510662078857,0.04583071544766426,0.28742140531539917,0.5812140703201294,0.4611389636993408,0.25803786516189575,0.40174856781959534,0.16074809432029724,0.13711248338222504
14,S2,BWHvy,BS1,local,1,BS1,BS1,0,0.3986201882362366,0.3862149119377136,-0.01240527629852295,0.024450089782476425,0.20824593305587769,0.28209197521209717,0.3862149119377136,0.3986201882362366,0.32852911949157715,0.31928789615631104,0.28525596857070923
14,S3,LatCrit,local,local,0,local,local,0,0.521722674369812,0.5576841831207275,0.03596150875091553,0.004343549255281687,0.07568448781967163,0.521722674369812,0.5576841831207275,0.2528388500213623,0.2149965912103653,0.22543850541114807,0.22731922566890717
14,S3,ComHvy,local,local,0,local,local,0,0.7327147722244263,0.7229409217834473,-0.009773850440979004,0.009476128965616226,0.07025899738073349,0.7327147722244263,0.7229409217834473,0.2014400213956833,0.23656950891017914,0.06584520637989044,0.040489546954631805
14,S3,BWHvy,local,local,0,BS2,local,1,0.3618188500404358,0.46021366119384766,0.09839481115341187,0.026373468339443207,0.19678965210914612,0.3618188500404358,0.46021366119384766,0.32573652267456055,0.3138867914676666,0.31244465708732605,0.22589954733848572
14,S4,LatCrit,BS1,local,1,local,local,0,0.3717394769191742,0.4476221799850464,0.07588270306587219,0.020407594740390778,0.19746790826320648,0.34888821840286255,0.4476221799850464,0.3717394769191742,0.30740049481391907,0.27937227487564087,0.24497731029987335
14,S4,ComHvy,local,local,0,local,local,0,0.6385353207588196,0.5480155944824219,-0.0905197262763977,0.017851073294878006,0.18103943765163422,0.6385353207588196,0.5480155944824219,0.1920071244239807,0.2231380194425583,0.1694575548171997,0.22884637117385864
14,S4,BWHvy,BS2,local,1,BS2,BS2,0,0.39360547065734863,0.3735209107398987,-0.02008455991744995,0.02144738659262657,0.19594964385032654,0.2755460739135742,0.3735209107398987,0.33084842562675476,0.2845819294452667,0.39360547065734863,0.3418971598148346
14,S5,LatCrit,local,local,0,local,local,0,0.6003766655921936,0.702332615852356,0.10195595026016235,0.02460574358701706,0.20391196012496948,0.6003766655921936,0.702332615852356,0.25268909335136414,0.1985568255186081,0.14693427085876465,0.09911052882671356
14,S5,ComHvy,local,BS2,1,BS2,BS2,0,0.43642598390579224,0.5068395733833313,0.07041358947753906,0.03227125108242035,0.252583384513855,0.43642598390579224,0.3435084819793701,0.18302612006664276,0.14965194463729858,0.3805478811264038,0.5068395733833313
14,S5,BWHvy,BS2,local,1,BS1,BS1,0,0.40183722972869873,0.35324883460998535,-0.04858839511871338,0.019257087260484695,0.18305453658103943,0.26172155141830444,0.35324883460998535,0.33644118905067444,0.2974928915500641,0.40183722972869873,0.34925827383995056
14,S6,LatCrit,BS1,local,1,BS1,BS1,0,0.408644437789917,0.42152613401412964,0.012881696224212646,0.006463132798671722,0.11019128561019897,0.36643046140670776,0.42152613401412964,0.408644437789917,0.3670523464679718,0.22492507100105286,0.21142154932022095
14,S6,ComHvy,local,BS2,1,BS2,BS2,0,0.4345385432243347,0.41778048872947693,-0.016758054494857788,0.008268468081951141,0.11991904675960541,0.4345385432243347,0.3745790123939514,0.20140157639980316,0.20764046907424927,0.3640598654747009,0.41778048872947693
14,S6,BWHvy,BS1,local,1,BS2,local,1,0.3413234353065491,0.4421767592430115,0.1008533239364624,0.0367598757147789,0.24662120640277863,0.31886613368988037,0.4421767592430115,0.3413234353065491,0.3131147623062134,0.33981040120124817,0.24470849335193634
14,S7,LatCrit,local,local,0,local,local,0,0.4429134726524353,0.560908317565918,0.11799484491348267,0.041308749467134476,0.23598971962928772,0.4429134726524353,0.560908317565918,0.38403844833374023,0.34403637051582336,0.17304806411266327,0.09505526721477509
14,S7,ComHvy,local,local,0,local,local,0,0.6898605823516846,0.6964391469955444,0.006578564643859863,0.0006317594088613987,0.020831815898418427,0.6898605823516846,0.6964391469955444,0.1029272973537445,0.0925113782286644,0.2072121649980545,0.21104949712753296
14,S7,BWHvy,BS1,local,1,local,local,0,0.3949171304702759,0.43875783681869507,0.04384070634841919,0.03619133308529854,0.26239660382270813,0.3075594902038574,0.43875783681869507,0.3949171304702759,0.3200628459453583,0.2975233197212219,0.24117934703826904
14,S8,LatCrit,local,BS1,1,local,local,0,0.36430543661117554,0.364432156085968,0.00012671947479248047,0.007597535848617554,0.10337662696838379,0.36430543661117554,0.3591151237487793,0.3127438426017761,0.364432156085968,0.32295072078704834,0.2764527201652527
14,S8,ComHvy,local,local,0,local,local,0,0.5124351978302002,0.48701733350753784,-0.025417864322662354,0.0026608742773532867,0.06797400116920471,0.5124351978302002,0.48701733350753784,0.19106248021125793,0.18249335885047913,0.29650232195854187,0.3304893374443054
14,S8,BWHvy,BS1,local,1,BS1,local,1,0.3649488389492035,0.4124602675437927,0.04751142859458923,0.02108621969819069,0.18904811143875122,0.3179361820220947,0.4124602675437927,0.3649488389492035,0.3372038006782532,0.3171149492263794,0.2503359615802765
15,S1,LatCrit,local,local,0,local,local,0,0.54149329662323,0.6094763875007629,0.06798309087753296,0.011179144494235516,0.1359662115573883,0.54149329662323,0.6094763875007629,0.30361658334732056,0.2427159696817398,0.15489013493061066,0.14780762791633606
15,S1,ComHvy,BS2,BS2,0,BS2,BS2,0,0.39801907539367676,0.47628119587898254,0.07826212048530579,0.015010230243206024,0.15652421116828918,0.33992767333984375,0.2713664174079895,0.2620532512664795,0.25235241651535034,0.39801907539367676,0.47628119587898254
15,S1,BWHvy,local,local,0,local,local,0,0.5136740207672119,0.49411243200302124,-0.019561588764190674,0.01709340140223503,0.1467929482460022,0.5136740207672119,0.49411243200302124,0.2879702150821686,0.23413532972335815,0.1983557641506195,0.2717522382736206
15,S2,LatCrit,local,local,0,local,local,0,0.7832804918289185,0.8085768818855286,0.025296390056610107,0.00265671219676733,0.05059278756380081,0.7832804918289185,0.8085768818855286,0.07885222882032394,0.06260623037815094,0.137867271900177,0.1288168728351593
15,S2,ComHvy,local,BS2,1,BS2,BS2,0,0.48194003105163574,0.535944402217865,0.05400437116622925,0.05532737076282501,0.33115822076797485,0.48194003105163574,0.35808366537094116,0.14769470691680908,0.10597195476293564,0.37036529183387756,0.535944402217865
15,S2,BWHvy,local,local,0,local,local,0,0.4518428444862366,0.4300609230995178,-0.02178192138671875,0.0009642448276281357,0.0435638427734375,0.4518428444862366,0.4300609230995178,0.26822352409362793,0.27905216813087463,0.2799336314201355,0.29088690876960754
15,S3,LatCrit,local,local,0,local,local,0,0.7004138231277466,0.7278869152069092,0.027473092079162598,0.0018684174865484238,0.054946206510066986,0.7004138231277466,0.7278869152069092,0.17719577252864838,0.16127116978168488,0.12239038944244385,0.11084187775850296
15,S3,ComHvy,local,local,0,local,local,0,0.5613749623298645,0.5665767192840576,0.005201756954193115,7.145525887608528e-05,0.010403499007225037,0.5613749623298645,0.5665767192840576,0.24557968974113464,0.24452894926071167,0.19304534792900085,0.1888943463563919
15,S3,BWHvy,local,local,0,local,local,0,0.49456244707107544,0.4860488772392273,-0.008513569831848145,0.00046049803495407104,0.025765061378479004,0.49456244707107544,0.4860488772392273,0.2780110836029053,0.2736421227455139,0.2274264544248581,0.2403089851140976
15,S4,LatCrit,local,local,0,BS2,BS2,0,0.47445470094680786,0.4925585389137268,0.018103837966918945,0.0046076904982328415,0.07966749370098114,0.47445470094680786,0.4925585389137268,0.25799673795700073,0.21816299855709076,0.2675485610961914,0.28927847743034363
15,S4,ComHvy,local,local,0,local,local,0,0.4707675576210022,0.4328223466873169,-0.0379452109336853,0.004670433700084686,0.0758904367685318,0.4707675576210022,0.4328223466873169,0.3278442323207855,0.32866042852401733,0.20138821005821228,0.23851723968982697
15,S4,BWHvy,local,local,0,local,local,0,0.435973584651947,0.4154393672943115,-0.020534217357635498,0.0017977268435060978,0.05082707107067108,0.435973584651947,0.4154393672943115,0.23920603096485138,0.2646195590496063,0.3248203694820404,0.31994104385375977
15,S5,LatCrit,local,local,0,local,local,0,0.5973035097122192,0.6460767984390259,0.04877328872680664,0.007856437005102634,0.10544489324092865,0.5973035097122192,0.6460767984390259,0.2709825038909912,0.2182600349187851,0.13171400129795074,0.13566313683986664
15,S5,ComHvy,local,local,0,BS2,BS2,0,0.46909987926483154,0.38328754901885986,-0.08581233024597168,0.01663839817047119,0.17162470519542694,0.46909987926483154,0.38328754901885986,0.23556478321552277,0.2514598071575165,0.2953352928161621,0.36525264382362366
15,S5,BWHvy,local,local,0,local,local,0,0.39721280336380005,0.39538681507110596,-0.0018259882926940918,0.00021596811711788177,0.017692655324935913,0.39721280336380005,0.39538681507110596,0.3103405237197876,0.3033201992511749,0.29244667291641235,0.3012930154800415
15,S6,LatCrit,local,local,0,local,local,0,0.4523735046386719,0.46892255544662476,0.01654905080795288,0.0376933217048645,0.20156222581863403,0.4523735046386719,0.46892255544662476,0.29041334986686707,0.3746454119682312,0.25721314549446106,0.15643203258514404
15,S6,ComHvy,BS2,BS2,0,BS2,BS2,0,0.43389013409614563,0.37607380747795105,-0.05781632661819458,0.04556681588292122,0.27344369888305664,0.3506353497505188,0.27172982692718506,0.21547453105449677,0.3521963655948639,0.43389013409614563,0.37607380747795105
15,S6,BWHvy,local,local,0,local,local,0,0.5203819274902344,0.552466094493866,0.03208416700363159,0.002241889014840126,0.0641682893037796,0.5203819274902344,0.552466094493866,0.2270863801240921,0.21781805157661438,0.25253164768218994,0.22971585392951965
15,S7,LatCrit,local,local,0,BS2,local,1,0.4383699297904968,0.5868299603462219,0.1484600305557251,0.04462604969739914,0.2969200313091278,0.4383699297904968,0.5868299603462219,0.27139195799827576,0.19628417491912842,0.29023808240890503,0.21688586473464966
15,S7,ComHvy,local,local,0,local,local,0,0.7268173694610596,0.8377196192741394,0.11090224981307983,0.048123255372047424,0.22180452942848206,0.7268173694610596,0.8377196192741394,0.17985068261623383,0.1252373605966568,0.09333198517560959,0.03704303503036499
15,S7,BWHvy,local,local,0,local,local,0,0.5820119380950928,0.5928022861480713,0.010790348052978516,0.004197882488369942,0.06687991321086884,0.5820119380950928,0.5928022861480713,0.21337993443012238,0.17993994057178497,0.20460815727710724,0.22725772857666016
15,S8,LatCrit,local,local,0,local,local,0,0.595491886138916,0.6122069954872131,0.01671510934829712,0.0005894945934414864,0.03343017399311066,0.595491886138916,0.6122069954872131,0.2551518976688385,0.245449036359787,0.1493561863899231,0.14234398305416107
15,S8,ComHvy,local,local,0,local,local,0,0.6146612167358398,0.763735294342041,0.14907407760620117,0.05758596211671829,0.29814809560775757,0.6146612167358398,0.763735294342041,0.19104532897472382,0.1035647839307785,0.19429342448711395,0.13269993662834167
15,S8,BWHvy,local,local,0,local,local,0,0.5098363161087036,0.5073704719543457,-0.00246584415435791,0.00013250624760985374,0.013608977198600769,0.5098363161087036,0.5073704719543457,0.20678728818893433,0.20244865119457245,0.28337639570236206,0.29018089175224304
16,S1,LatCrit,BS1,local,1,BS1,BS1,0,0.36590415239334106,0.49081993103027344,0.12491577863693237,0.04271494597196579,0.2536502480506897,0.363994836807251,0.49081993103027344,0.36590415239334106,0.3365890383720398,0.27010104060173035,0.17259101569652557
16,S1,ComHvy,BS1,BS1,0,local,BS1,1,0.43524983525276184,0.5500328540802002,0.11478301882743835,0.05940249562263489,0.3070608377456665,0.3815545439720154,0.22802412509918213,0.43524983525276184,0.5500328540802002,0.18319560587406158,0.2219429910182953
16,S1,BWHvy,local,local,0,local,local,0,0.45595043897628784,0.5973019003868103,0.14135146141052246,0.04452241584658623,0.2827029824256897,0.45595043897628784,0.5973019003868103,0.3194802403450012,0.21227669715881348,0.22456935048103333,0.19042138755321503
16,S2,LatCrit,BS2,local,1,BS2,local,1,0.3967384099960327,0.47531646490097046,0.07857805490493774,0.01632499322295189,0.17648610472679138,0.3870733976364136,0.47531646490097046,0.21618817746639252,0.19564934074878693,0.3967384099960327,0.3290342092514038
16,S2,ComHvy,local,local,0,local,local,0,0.7253029346466064,0.6903259754180908,-0.034976959228515625,0.01248328760266304,0.11794444173574448,0.7253029346466064,0.6903259754180908,0.09798262268304825,0.07398734986782074,0.1767144799232483,0.23568668961524963
16,S2,BWHvy,local,local,0,local,local,0,0.5405493974685669,0.6577194333076477,0.11717003583908081,0.033907875418663025,0.23434007167816162,0.5405493974685669,0.6577194333076477,0.2675774097442627,0.17494149506092072,0.19187317788600922,0.16733905673027039
16,S3,LatCrit,local,local,0,local,local,0,0.5776962041854858,0.7618001699447632,0.18410396575927734,0.08254951983690262,0.3682079613208771,0.5776962041854858,0.7618001699447632,0.2222091257572174,0.13135740160942078,0.20009472966194153,0.10684246569871902
16,S3,ComHvy,local,local,0,local,local,0,0.6889637112617493,0.6649097204208374,-0.024053990840911865,0.001989159733057022,0.05406451225280762,0.6889637112617493,0.6649097204208374,0.08637493848800659,0.08339665830135345,0.22466136515140533,0.25169360637664795
16,S3,BWHvy,local,local,0,local,local,0,0.47904855012893677,0.6342822313308716,0.15523368120193481,0.050166741013526917,0.31046736240386963,0.47904855012893677,0.6342822313308716,0.24748224020004272,0.16732624173164368,0.2734691798686981,0.19839149713516235
16,S4,LatCrit,local,local,0,local,local,0,0.4863126277923584,0.5684489011764526,0.08213627338409424,0.013648800551891327,0.16427256166934967,0.4863126277923584,0.5684489011764526,0.2600935399532318,0.21569985151290894,0.2535938322544098,0.21585123240947723
16,S4,ComHvy,local,BS1,1,BS2,BS2,0,0.45312726497650146,0.49573466181755066,0.042607396841049194,0.081956647336483,0.36478549242019653,0.45312726497650146,0.28336262702941895,0.3133419156074524,0.49573466181755066,0.23353083431720734,0.2209027260541916
16,S4,BWHvy,local,local,0,BS2,local,1,0.42370057106018066,0.47743934392929077,0.05373877286911011,0.006293930113315582,0.10747750103473663,0.42370057106018066,0.47743934392929077,0.25461456179618835,0.2414521723985672,0.3216848373413086,0.2811084985733032
16,S5,LatCrit,local,local,0,local,local,0,0.7153279781341553,0.8119708299636841,0.09664285182952881,0.02822239324450493,0.19328570365905762,0.7153279781341553,0.8119708299636841,0.16300998628139496,0.11460878700017929,0.12166203558444977,0.07342039048671722
16,S5,ComHvy,local,local,0,local,local,0,0.5453541874885559,0.5877877473831177,0.04243355989456177,0.008313789963722229,0.11584633588790894,0.5453541874885559,0.5877877473831177,0.13071027398109436,0.14619988203048706,0.3239355683326721,0.26601240038871765
16,S5,BWHvy,local,local,0,local,local,0,0.4337424039840698,0.5716729164123535,0.1379305124282837,0.03912396356463432,0.27586108446121216,0.4337424039840698,0.5716729164123535,0.3050551116466522,0.21930725872516632,0.26120251417160034,0.20901980996131897
16,S6,LatCrit,local,local,0,local,local,0,0.719582736492157,0.8275867104530334,0.10800397396087646,0.03622763603925705,0.21600794792175293,0.719582736492157,0.8275867104530334,0.11726433038711548,0.06723576039075851,0.16315294802188873,0.10517753660678864
16,S6,ComHvy,local,local,0,local,local,0,0.37102192640304565,0.3574853539466858,-0.013536572456359863,0.005742620676755905,0.09500128030776978,0.37102192640304565,0.3574853539466858,0.3627682030200958,0.3288041055202484,0.2662099003791809,0.3137105107307434
16,S6,BWHvy,local,local,0,local,local,0,0.49777114391326904,0.6536849737167358,0.1559138298034668,0.054116636514663696,0.31182771921157837,0.49777114391326904,0.6536849737167358,0.2638073265552521,0.16277645528316498,0.23842154443264008,0.1835385411977768
16,S7,LatCrit,local,local,0,local,local,0,0.43087446689605713,0.6097753047943115,0.1789008378982544,0.08021537959575653,0.3578016459941864,0.43087446689605713,0.6097753047943115,0.27987661957740784,0.14770253002643585,0.28924888372421265,0.24252215027809143
16,S7,ComHvy,local,local,0,local,local,0,0.4841240644454956,0.4643455743789673,-0.01977849006652832,0.017873108386993408,0.1499849110841751,0.4841240644454956,0.4643455743789673,0.17869479954242706,0.2536872327327728,0.3371811509132385,0.2819671630859375
16,S7,BWHvy,local,local,0,local,local,0,0.5210854411125183,0.5994988679885864,0.07841342687606812,0.014196030795574188,0.15682688355445862,0.5210854411125183,0.5994988679885864,0.2493438571691513,0.19210699200630188,0.22957071661949158,0.2083941251039505
16,S8,LatCrit,local,local,0,local,local,0,0.7312734127044678,0.8302801847457886,0.0990067720413208,0.03612302616238594,0.198013573884964,0.7312734127044678,0.8302801847457886,0.19204260408878326,0.13565386831760406,0.07668402045965195,0.03406594693660736
16,S8,ComHvy,local,local,0,local,local,0,0.5408161282539368,0.6535009741783142,0.11268484592437744,0.03922581672668457,0.2253696620464325,0.5408161282539368,0.6535009741783142,0.3653169870376587,0.30408021807670593,0.09386686235666275,0.04241880774497986
16,S8,BWHvy,local,local,0,local,local,0,0.5415114164352417,0.7021860480308533,0.16067463159561157,0.06083667278289795,0.32134926319122314,0.5415114164352417,0.7021860480308533,0.21965453028678894,0.12387602776288986,0.23883405327796936,0.17393791675567627
17,S1,LatCrit,BS1,BS1,0,local,local,0,0.436404824256897,0.38006192445755005,-0.056342899799346924,0.007590475957840681,0.11268576979637146,0.306290864944458,0.3549026846885681,0.436404824256897,0.38006192445755005,0.257304310798645,0.26503536105155945
17,S1,ComHvy,local,BS2,1,local,local,0,0.4620811939239502,0.37616461515426636,-0.08591657876968384,0.03902304917573929,0.2693663537502289,0.4620811939239502,0.32739800214767456,0.23629891872406006,0.2964373528957367,0.30161988735198975,0.37616461515426636
17,S1,BWHvy,BS1,local,1,BS1,BS1,0,0.4071357548236847,0.4166748523712158,0.009539097547531128,0.019146889448165894,0.19018472731113434,0.32158249616622925,0.4166748523712158,0.4071357548236847,0.3502623438835144,0.27128177881240845,0.23306281864643097
17,S2,LatCrit,BS2,local,1,BS2,local,1,0.3537089228630066,0.3878733515739441,0.0341644287109375,0.009023131802678108,0.1283341944217682,0.3237062692642212,0.3878733515739441,0.3225848376750946,0.28566640615463257,0.3537089228630066,0.32646024227142334
17,S2,ComHvy,local,local,0,local,local,0,0.6544390916824341,0.6548018455505371,0.00036275386810302734,0.0005943579599261284,0.020611301064491272,0.6544390916824341,0.6548018455505371,0.1581483632326126,0.16809126734733582,0.18741253018379211,0.17710688710212708
17,S2,BWHvy,BS1,local,1,BS1,local,1,0.37048763036727905,0.4381565451622009,0.06766891479492188,0.012914098799228668,0.15803371369838715,0.35913968086242676,0.4381565451622009,0.37048763036727905,0.3258678913116455,0.2703726887702942,0.23597557842731476
17,S3,LatCrit,local,local,0,local,local,0,0.5364124774932861,0.696999728679657,0.16058725118637085,0.05782610923051834,0.3211745023727417,0.5364124774932861,0.696999728679657,0.27836254239082336,0.17136484384536743,0.1852249801158905,0.13163544237613678
17,S3,ComHvy,local,local,0,local,local,0,0.7160869836807251,0.6873588562011719,-0.028728127479553223,0.00804980844259262,0.09270873665809631,0.7160869836807251,0.6873588562011719,0.14276276528835297,0.12513650953769684,0.14115026593208313,0.1875046193599701
17,S3,BWHvy,local,local,0,local,local,0,0.3506582975387573,0.454085111618042,0.10342681407928467,0.02458912506699562,0.2068536877632141,0.3506582975387573,0.454085111618042,0.34273967146873474,0.3122509717941284,0.3066020607948303,0.2336638867855072
17,S4,LatCrit,local,local,0,local,local,0,0.36636459827423096,0.4821012616157532,0.11573666334152222,0.027377277612686157,0.23147337138652802,0.36636459827423096,0.4821012616157532,0.3375207781791687,0.28154611587524414,0.29611462354660034,0.2363525778055191
17,S4,ComHvy,local,local,0,local,local,0,0.586154580116272,0.41855257749557495,-0.16760200262069702,0.06004209816455841,0.33520400524139404,0.586154580116272,0.41855257749557495,0.22061580419540405,0.2729644477367401,0.1932295709848404,0.30848294496536255
17,S4,BWHvy,local,local,0,BS1,BS1,0,0.37315601110458374,0.4328332543373108,0.05967724323272705,0.007614050060510635,0.11935439705848694,0.37315601110458374,0.4328332543373108,0.33834922313690186,0.31429407000541687,0.28849470615386963,0.2528727054595947
17,S5,LatCrit,local,local,0,local,local,0,0.6799119710922241,0.7786641120910645,0.09875214099884033,0.027751853689551353,0.19750428199768066,0.6799119710922241,0.7786641120910645,0.19733086228370667,0.12463822960853577,0.12275712937116623,0.09669762849807739
17,S5,ComHvy,local,local,0,local,local,0,0.6978523135185242,0.7632602453231812,0.06540793180465698,0.012943420559167862,0.13081586360931396,0.6978523135185242,0.7632602453231812,0.13294827938079834,0.11690648645162582,0.1691993921995163,0.11983325332403183
17,S5,BWHvy,BS2,local,1,BS1,local,1,0.3587002456188202,0.3833778500556946,0.02467760443687439,0.018303103744983673,0.18240493535995483,0.2921753525733948,0.3833778500556946,0.34912437200546265,0.30085358023643494,0.3587002456188202,0.31576859951019287
17,S6,LatCrit,local,local,0,local,local,0,0.6508237719535828,0.7842203974723816,0.13339662551879883,0.04672238230705261,0.26679325103759766,0.6508237719535828,0.7842203974723816,0.19429871439933777,0.12058521807193756,0.15487749874591827,0.09519438445568085
17,S6,ComHvy,local,local,0,local,local,0,0.5020317435264587,0.5082147717475891,0.006183028221130371,0.00927434116601944,0.10085400938987732,0.5020317435264587,0.5082147717475891,0.17100556194782257,0.21524952352046967,0.3269627094268799,0.27653568983078003
17,S6,BWHvy,BS1,local,1,local,local,0,0.35509833693504333,0.4470999836921692,0.09200164675712585,0.02997700497508049,0.23381243646144867,0.33019375801086426,0.4470999836921692,0.35509833693504333,0.31201884150505066,0.3147079050540924,0.24088118970394135
17,S7,LatCrit,BS1,local,1,local,local,0,0.4250919818878174,0.4418866038322449,0.01679462194442749,0.024454057216644287,0.21425536274909973,0.3347589373588562,0.4418866038322449,0.4250919818878174,0.3452662229537964,0.24014912545681,0.21284718811511993
17,S7,ComHvy,local,local,0,local,local,0,0.5499860048294067,0.45539391040802,-0.09459209442138672,0.02001829445362091,0.18918420374393463,0.5499860048294067,0.45539391040802,0.1560365855693817,0.1645110696554184,0.29397737979888916,0.3800950050354004
17,S7,BWHvy,BS1,local,1,BS1,local,1,0.4249602258205414,0.370136559009552,-0.05482366681098938,0.01678362488746643,0.16462889313697815,0.2986403703689575,0.370136559009552,0.4249602258205414,0.3426457643508911,0.2763994038105011,0.2872176468372345
17,S8,LatCrit,local,local,0,local,local,0,0.7044272422790527,0.7939274311065674,0.08950018882751465,0.026177771389484406,0.1790003478527069,0.7044272422790527,0.7939274311065674,0.11848996579647064,0.06681971251964569,0.17708277702331543,0.13925287127494812
17,S8,ComHvy,BS2,BS2,0,BS2,BS2,0,0.5178905129432678,0.5817359685897827,0.06384545564651489,0.00831121951341629,0.1276908963918686,0.3167252540588379,0.27698254585266113,0.16538424789905548,0.14128151535987854,0.5178905129432678,0.5817359685897827
17,S8,BWHvy,local,local,0,local,local,0,0.3623555302619934,0.4507070779800415,0.0883515477180481,0.0163809135556221,0.17670303583145142,0.3623555302619934,0.4507070779800415,0.2956288456916809,0.2636231780052185,0.3420155942440033,0.2856697738170624
18,S1,LatCrit,local,local,0,BS1,BS1,0,0.40368396043777466,0.44222915172576904,0.038545191287994385,0.007155042141675949,0.09080567955970764,0.40368396043777466,0.44222915172576904,0.37324169278144836,0.3800993263721466,0.22307434678077698,0.17767149209976196
18,S1,ComHvy,local,local,0,BS1,BS1,0,0.48335760831832886,0.4150109887123108,-0.06834661960601807,0.013898182660341263,0.13935424387454987,0.48335760831832886,0.4150109887123108,0.278294175863266,0.2769636809825897,0.23834820091724396,0.3080253303050995
18,S1,BWHvy,BS1,BS1,0,BS1,BS2,1,0.403279572725296,0.3762688934803009,-0.027010679244995117,0.0034802034497261047,0.07680860161781311,0.3033209443092346,0.2919273376464844,0.403279572725296,0.3762688934803009,0.2933994233608246,0.33180373907089233
18,S2,LatCrit,BS2,BS2,0,BS2,BS2,0,0.5472456216812134,0.5596222877502441,0.012376666069030762,0.011577288620173931,0.10077500343322754,0.2780231833457947,0.3160340189933777,0.17473119497299194,0.12434369325637817,0.5472456216812134,0.5596222877502441
18,S2,ComHvy,local,local,0,local,local,0,0.5985273122787476,0.5150850415229797,-0.08344227075576782,0.02055186778306961,0.19191065430641174,0.5985273122787476,0.5150850415229797,0.12129227072000504,0.10877922922372818,0.2801803946495056,0.3761357367038727
18,S2,BWHvy,local,local,0,local,local,0,0.38708072900772095,0.3737789988517761,-0.013301730155944824,0.000606270506978035,0.029354840517044067,0.38708072900772095,0.3737789988517761,0.33117038011550903,0.329794704914093,0.28174889087677,0.29642632603645325
18,S3,LatCrit,local,BS1,1,BS2,BS2,0,0.38381892442703247,0.36060574650764465,-0.023213177919387817,0.002957554068416357,0.06609001755714417,0.38381892442703247,0.35204923152923584,0.3275607228279114,0.36060574650764465,0.28862032294273376,0.2873450219631195
18,S3,ComHvy,local,local,0,local,local,0,0.6424555778503418,0.6384115815162659,-0.004043996334075928,0.0002194773405790329,0.016149088740348816,0.6424555778503418,0.6384115815162659,0.1453053504228592,0.1412748247385025,0.21223904192447662,0.22031360864639282
18,S3,BWHvy,BS2,BS2,0,BS1,BS1,0,0.385913610458374,0.38907504081726074,0.0031614303588867188,0.0009158025495707989,0.03546714782714844,0.274369478225708,0.2566359043121338,0.33971691131591797,0.35428905487060547,0.385913610458374,0.38907504081726074
18,S4,LatCrit,BS2,BS2,0,local,local,0,0.37906861305236816,0.43534111976623535,0.05627250671386719,0.007090900093317032,0.11254501342773438,0.2781888246536255,0.26505130529403687,0.34274256229400635,0.2996075749397278,0.37906861305236816,0.43534111976623535
18,S4,ComHvy,local,local,0,local,BS1,1,0.5787968039512634,0.527977705001831,-0.05081909894943237,0.005229998379945755,0.10163819789886475,0.5787968039512634,0.527977705001831,0.20924681425094604,0.23677630722522736,0.21195639669895172,0.23524600267410278
18,S4,BWHvy,BS2,local,1,BS2,BS2,0,0.35469311475753784,0.36865389347076416,0.013960778713226318,0.002955532167106867,0.06230798363685608,0.3374999165534973,0.36865389347076416,0.30780696868896484,0.2774852216243744,0.35469311475753784,0.35386085510253906
18,S5,LatCrit,local,local,0,BS1,BS1,0,0.38612717390060425,0.35300540924072266,-0.03312176465988159,0.0023701200261712074,0.06624355912208557,0.38612717390060425,0.35300540924072266,0.32594728469848633,0.34366339445114136,0.2879255414009094,0.3033312261104584
18,S5,ComHvy,local,local,0,local,local,0,0.6513562798500061,0.6647592186927795,0.013402938842773438,0.004142772406339645,0.06291736662387848,0.6513562798500061,0.6647592186927795,0.1676737666130066,0.185729518532753,0.1809699386358261,0.14951126277446747
18,S5,BWHvy,BS2,BS2,0,local,local,0,0.39674612879753113,0.4349948465824127,0.03824871778488159,0.0030562207102775574,0.07649752497673035,0.2803942561149597,0.2587580680847168,0.32285964488983154,0.3062470257282257,0.39674612879753113,0.4349948465824127
18,S6,LatCrit,local,BS1,1,local,local,0,0.40163546800613403,0.43781164288520813,0.0361761748790741,0.011036660522222519,0.12670601904392242,0.40163546800613403,0.38580524921417236,0.3744586408138275,0.43781164288520813,0.22390589118003845,0.1763830929994583
18,S6,ComHvy,local,local,0,local,local,0,0.6009211540222168,0.6225237846374512,0.021602630615234375,0.0038785748183727264,0.06828582286834717,0.6009211540222168,0.6225237846374512,0.18786945939064026,0.20040974020957947,0.21120935678482056,0.17706644535064697
18,S6,BWHvy,BS2,BS2,0,BS1,BS1,0,0.38395261764526367,0.3823496103286743,-0.0016030073165893555,0.0013387772487476468,0.041726112365722656,0.2625361680984497,0.24327611923217773,0.3535112142562866,0.37437427043914795,0.38395261764526367,0.3823496103286743
18,S7,LatCrit,BS1,BS1,0,BS1,BS2,1,0.44752615690231323,0.42632967233657837,-0.021196484565734863,0.005700230598449707,0.09770974516868591,0.23565798997879028,0.20799964666366577,0.44752615690231323,0.42632967233657837,0.3168158233165741,0.36567074060440063
18,S7,ComHvy,local,local,0,local,local,0,0.5764994621276855,0.5642813444137573,-0.012218117713928223,0.0037715621292591095,0.06736551225185394,0.5764994621276855,0.5642813444137573,0.2024756222963333,0.2361583709716797,0.22102494537830353,0.19956029951572418
18,S7,BWHvy,local,BS2,1,local,local,0,0.33809417486190796,0.37973690032958984,0.041642725467681885,0.01002032682299614,0.12454259395599365,0.33809417486190796,0.3551725745201111,0.3273618519306183,0.26509058475494385,0.33454397320747375,0.37973690032958984
18,S8,LatCrit,BS2,BS2,0,BS2,BS2,0,0.4223928153514862,0.46190470457077026,0.03951188921928406,0.0031644590198993683,0.07902379333972931,0.38346874713897705,0.35855257511138916,0.19413843750953674,0.17954270541667938,0.4223928153514862,0.46190470457077026
18,S8,ComHvy,local,BS2,1,local,BS2,1,0.4398859739303589,0.40353646874427795,-0.03634950518608093,0.018201015889644623,0.18427273631095886,0.4398859739303589,0.380806028842926,0.2487139105796814,0.21565750241279602,0.31140008568763733,0.40353646874427795
18,S8,BWHvy,BS2,BS2,0,local,local,0,0.35667529702186584,0.38569965958595276,0.029024362564086914,0.001848813146352768,0.058048754930496216,0.29079389572143555,0.2816094756126404,0.3525308072566986,0.3326908349990845,0.35667529702186584,0.38569965958595276
19,S1,LatCrit,local,local,0,local,local,0,0.6547415256500244,0.6728240847587585,0.01808255910873413,0.0029180198907852173,0.05867777764797211,0.6547415256500244,0.6728240847587585,0.13124123215675354,0.14249753952026367,0.21401728689670563,0.18467837572097778
19,S1,ComHvy,local,local,0,local,local,0,0.5499190092086792,0.5509768724441528,0.0010578632354736328,0.0006365170702338219,0.023996442556381226,0.5499190092086792,0.5509768724441528,0.27074530720710754,0.28168565034866333,0.17933569848537445,0.16733746230602264
19,S1,BWHvy,local,local,0,local,local,0,0.5759352445602417,0.5183188915252686,-0.057616353034973145,0.011267485097050667,0.13207197189331055,0.5759352445602417,0.5183188915252686,0.2297898381948471,0.2958258390426636,0.19427490234375,0.18585528433322906
19,S2,LatCrit,local,local,0,local,local,0,0.48641300201416016,0.4750722646713257,-0.011340737342834473,0.00043087173253297806,0.023437663912773132,0.48641300201416016,0.4750722646713257,0.2897114157676697,0.2893333435058594,0.22387556731700897,0.23559442162513733
19,S2,ComHvy,local,local,0,local,local,0,0.5854849815368652,0.5990967750549316,0.013611793518066406,0.00038921739906072617,0.027223646640777588,0.5854849815368652,0.5990967750549316,0.25462913513183594,0.2472117841243744,0.1598859280347824,0.15369142591953278
19,S2,BWHvy,local,BS1,1,BS1,BS1,0,0.3983376622200012,0.3975145220756531,-0.0008231401443481445,0.012152396142482758,0.14690344035625458,0.3983376622200012,0.3248859643936157,0.36301156878471375,0.3975145220756531,0.23865075409412384,0.2775995433330536
19,S3,LatCrit,local,local,0,local,local,0,0.6018975973129272,0.6007184386253357,-0.0011791586875915527,0.0005840035155415535,0.02259497344493866,0.6018975973129272,0.6007184386253357,0.17224916815757751,0.16213083267211914,0.22585321962833405,0.23715069890022278
19,S3,ComHvy,local,local,0,local,local,0,0.5759600400924683,0.6180660724639893,0.042106032371520996,0.010908100754022598,0.10336747765541077,0.5759600400924683,0.6180660724639893,0.24432295560836792,0.2539006471633911,0.17971700429916382,0.12803325057029724
19,S3,BWHvy,local,local,0,local,BS2,1,0.4651350975036621,0.3417414426803589,-0.12339365482330322,0.033415671437978745,0.24678729474544525,0.4651350975036621,0.3417414426803589,0.2441062182188034,0.32107970118522644,0.2907586693763733,0.3371788263320923
19,S4,LatCrit,local,local,0,local,local,0,0.49267643690109253,0.43804681301116943,-0.054629623889923096,0.0062913354486227036,0.1092592179775238,0.49267643690109253,0.43804681301116943,0.2386855185031891,0.2735878527164459,0.26863807439804077,0.28836533427238464
19,S4,ComHvy,local,local,0,local,local,0,0.5818500518798828,0.5727933645248413,-0.009056687355041504,0.0037588924169540405,0.06372302770614624,0.5818500518798828,0.5727933645248413,0.18070243299007416,0.21256396174430847,0.23744751513004303,0.2146427035331726
19,S4,BWHvy,local,BS2,1,local,BS2,1,0.37473201751708984,0.4040704071521759,0.02933838963508606,0.01736920326948166,0.1715438961982727,0.37473201751708984,0.2889600396156311,0.259669691324234,0.3069694936275482,0.36559829115867615,0.4040704071521759
19,S5,LatCrit,local,BS1,1,local,BS2,1,0.4206455945968628,0.3978201448917389,-0.0228254497051239,0.012109644711017609,0.14720287919044495,0.4206455945968628,0.34704411029815674,0.36457958817481995,0.3978201448917389,0.21477484703063965,0.2551356852054596
19,S5,ComHvy,BS2,local,1,BS1,BS1,0,0.4399147033691406,0.406561017036438,-0.03335368633270264,0.010108992457389832,0.13804031908512115,0.3674704432487488,0.406561017036438,0.1926148384809494,0.22254443168640137,0.4399147033691406,0.37089455127716064
19,S5,BWHvy,local,local,0,local,BS2,1,0.4942934513092041,0.4142109155654907,-0.08008253574371338,0.013880327343940735,0.16016510128974915,0.4942934513092041,0.4142109155654907,0.24710893630981445,0.2692675292491913,0.25859758257865906,0.316521555185318
19,S6,LatCrit,local,local,0,local,local,0,0.6550313234329224,0.7314887642860413,0.0764574408531189,0.02161652222275734,0.152914896607399,0.6550313234329224,0.7314887642860413,0.19299845397472382,0.12227527052164078,0.1519702523946762,0.14623597264289856
19,S6,ComHvy,local,local,0,local,local,0,0.5780681371688843,0.5845153331756592,0.006447196006774902,0.013011835515499115,0.10548284649848938,0.5780681371688843,0.5845153331756592,0.19350901246070862,0.14076760411262512,0.2284228503704071,0.2747170925140381
19,S6,BWHvy,local,local,0,local,local,0,0.42742228507995605,0.33925026655197144,-0.08817201852798462,0.016957014799118042,0.17634406685829163,0.42742228507995605,0.33925026655197144,0.2749473750591278,0.32636401057243347,0.29763033986091614,0.3343857526779175
19,S7,LatCrit,BS1,BS1,0,BS1,BS1,0,0.4191383421421051,0.5001093149185181,0.08097097277641296,0.016121767461299896,0.16194194555282593,0.3371817469596863,0.3147137761116028,0.4191383421421051,0.5001093149185181,0.24367989599704742,0.18517689406871796
19,S7,ComHvy,BS2,BS2,0,BS2,BS2,0,0.5270741581916809,0.5664747357368469,0.039400577545166016,0.005486603826284409,0.07880116999149323,0.3167990446090698,0.3101746439933777,0.15612679719924927,0.1233506053686142,0.5270741581916809,0.5664747357368469
19,S7,BWHvy,local,BS1,1,BS2,BS2,0,0.3839458227157593,0.3488348424434662,-0.03511098027229309,0.013632319867610931,0.154184490442276,0.3839458227157593,0.30685359239578247,0.31817299127578735,0.3488348424434662,0.297881156206131,0.34431156516075134
19,S8,LatCrit,local,local,0,local,local,0,0.582649827003479,0.6386879682540894,0.05603814125061035,0.007610049098730087,0.11207626760005951,0.582649827003479,0.6386879682540894,0.19728736579418182,0.18291714787483215,0.22006280720233917,0.17839489877223969
19,S8,ComHvy,local,local,0,local,local,0,0.6943500638008118,0.6795190572738647,-0.014831006526947021,0.0006204135715961456,0.02966194599866867,0.6943500638008118,0.6795190572738647,0.19342462718486786,0.1986255943775177,0.11222533136606216,0.12185530364513397
19,S8,BWHvy,local,BS1,1,BS1,BS1,0,0.4141243100166321,0.40344348549842834,-0.010680824518203735,0.01556641235947609,0.16891923546791077,0.4141243100166321,0.3296647071838379,0.3541876971721649,0.40344348549842834,0.231687992811203,0.26689183712005615
20,S1,LatCrit,local,local,0,local,local,0,0.8344814777374268,0.8198798894882202,-0.014601588249206543,0.001030587125569582,0.029203176498413086,0.8344814777374268,0.8198798894882202,0.10014419257640839,0.1141667515039444,0.06537435203790665,0.06595338135957718
20,S1,ComHvy,local,local,0,BS2,local,1,0.36674076318740845,0.43075108528137207,0.06401032209396362,0.013141132891178131,0.1373583972454071,0.36674076318740845,0.43075108528137207,0.2952148914337158,0.29988378286361694,0.33804431557655334,0.269365131855011
20,S1,BWHvy,local,local,0,local,local,0,0.8654489517211914,0.852555513381958,-0.012893438339233398,0.0007573915645480156,0.025786884129047394,0.8654489517211914,0.852555513381958,0.08290188759565353,0.08836889266967773,0.05164916068315506,0.059075601398944855
20,S2,LatCrit,local,local,0,local,local,0,0.6012626886367798,0.4947587847709656,-0.10650390386581421,0.033824265003204346,0.22953671216964722,0.6012626886367798,0.4947587847709656,0.18515202403068542,0.17688755691051483,0.21358530223369598,0.3283536434173584
20,S2,ComHvy,local,local,0,local,local,0,0.5022571086883545,0.6683852672576904,0.16612815856933594,0.06139671802520752,0.3322562575340271,0.5022571086883545,0.6683852672576904,0.21249783039093018,0.12446615844964981,0.28524503111839294,0.20714861154556274
20,S2,BWHvy,local,local,0,local,local,0,0.6934196352958679,0.6747455596923828,-0.018674075603485107,0.002117101103067398,0.04872891306877136,0.6934196352958679,0.6747455596923828,0.15330807864665985,0.17767250537872314,0.15327230095863342,0.14758189022541046
20,S3,LatCrit,local,local,0,local,local,0,0.7616599798202515,0.7880630493164062,0.026403069496154785,0.0025483928620815277,0.05280613154172897,0.7616599798202515,0.7880630493164062,0.13748390972614288,0.1291206181049347,0.10085609555244446,0.08281632512807846
20,S3,ComHvy,local,local,0,local,local,0,0.4742574691772461,0.46569716930389404,-0.00856029987335205,0.03463132679462433,0.18180233240127563,0.4742574691772461,0.46569716930389404,0.19957169890403748,0.11723082512617111,0.3261708617210388,0.41707202792167664
20,S3,BWHvy,local,local,0,local,local,0,0.727915346622467,0.68208909034729,-0.045826256275177,0.00728280795738101,0.09165247529745102,0.727915346622467,0.68208909034729,0.14774413406848907,0.19299109280109406,0.12434051930904388,0.12491977959871292
20,S4,LatCrit,local,local,0,local,local,0,0.7052373290061951,0.6469885110855103,-0.058248817920684814,0.007713457569479942,0.11649765074253082,0.7052373290061951,0.6469885110855103,0.1744500696659088,0.2127603143453598,0.12031260132789612,0.14025118947029114
20,S4,ComHvy,local,local,0,BS1,BS1,0,0.3962283134460449,0.4234848618507385,0.027256548404693604,0.006346907466650009,0.09643308818340302,0.3962283134460449,0.4234848618507385,0.3294692933559418,0.3504292666912079,0.2743024230003357,0.2260858565568924
20,S4,BWHvy,local,local,0,local,local,0,0.7757855653762817,0.7465115189552307,-0.029274046421051025,0.003014368237927556,0.05854810029268265,0.7757855653762817,0.7465115189552307,0.13191480934619904,0.1588062345981598,0.09229961037635803,0.0946822389960289
20,S5,LatCrit,local,local,0,local,local,0,0.594810962677002,0.5007864832878113,-0.09402447938919067,0.01798231154680252,0.18804895877838135,0.594810962677002,0.5007864832878113,0.2416878342628479,0.3052745759487152,0.16350123286247253,0.1939389705657959
20,S5,ComHvy,local,local,0,local,local,0,0.4212268590927124,0.4503173828125,0.029090523719787598,0.010962791740894318,0.13096916675567627,0.4212268590927124,0.4503173828125,0.25240811705589294,0.2888021767139435,0.32636502385139465,0.2608804404735565
20,S5,BWHvy,local,local,0,local,local,0,0.7995901703834534,0.7917999029159546,-0.007790267467498779,0.0013796649873256683,0.03087795525789261,0.7995901703834534,0.7917999029159546,0.10846617072820663,0.12390516698360443,0.09194362908601761,0.08429493755102158
20,S6,LatCrit,local,local,0,local,local,0,0.7292742729187012,0.7815115451812744,0.05223727226257324,0.013866648077964783,0.1044745147228241,0.7292742729187012,0.7815115451812744,0.16699984669685364,0.15662333369255066,0.103725865483284,0.06186513230204582
20,S6,ComHvy,local,local,0,local,local,0,0.6436867713928223,0.7247992753982544,0.08111250400543213,0.024741843342781067,0.17010089755058289,0.6436867713928223,0.7247992753982544,0.11630900949239731,0.12024696171283722,0.24000422656536102,0.15495379269123077
20,S6,BWHvy,local,local,0,local,local,0,0.7189742922782898,0.6612648963928223,-0.05770939588546753,0.0076829735189676285,0.11541879177093506,0.7189742922782898,0.6612648963928223,0.127710223197937,0.15558035671710968,0.1533154845237732,0.18315474689006805
20,S7,LatCrit,local,local,0,local,local,0,0.5662544965744019,0.49937403202056885,-0.06688046455383301,0.010927584022283554,0.1337609738111496,0.5662544965744019,0.49937403202056885,0.269447922706604,0.3336421251296997,0.16429755091667175,0.16698385775089264
20,S7,ComHvy,BS1,BS2,1,BS2,BS2,0,0.4119895398616791,0.4568362534046173,0.04484671354293823,0.004671026021242142,0.09503275156021118,0.17869055271148682,0.16000092029571533,0.4119895398616791,0.38316282629966736,0.40931984782218933,0.4568362534046173
20,S7,BWHvy,local,local,0,local,local,0,0.6813555359840393,0.5891554355621338,-0.09220010042190552,0.02060541883111,0.18440021574497223,0.6813555359840393,0.5891554355621338,0.18497687578201294,0.212753027677536,0.13366757333278656,0.1980915367603302
20,S8,LatCrit,local,local,0,local,local,0,0.6939290761947632,0.7455317378044128,0.05160266160964966,0.009750477969646454,0.10320530086755753,0.6939290761947632,0.7455317378044128,0.1301809400320053,0.0909181460738182,0.17588995397090912,0.16355010867118835
20,S8,ComHvy,local,BS2,1,BS2,BS2,0,0.45563197135925293,0.5025168061256409,0.04688483476638794,0.02553512156009674,0.210332453250885,0.45563197135925293,0.39739227294921875,0.1470174342393875,0.10009091347455978,0.39735057950019836,0.5025168061256409
20,S8,BWHvy,local,local,0,local,local,0,0.7690293788909912,0.74550861120224,-0.02352076768875122,0.0019452478736639023,0.047041527926921844,0.7690293788909912,0.74550861120224,0.12603703141212463,0.13088691234588623,0.10493361204862595,0.12360449135303497
21,S1,LatCrit,local,local,0,local,local,0,0.599449634552002,0.4977160096168518,-0.10173362493515015,0.020890478044748306,0.2034672647714615,0.599449634552002,0.4977160096168518,0.2210017591714859,0.27286073565483093,0.17954857647418976,0.22942323982715607
21,S1,ComHvy,local,local,0,local,local,0,0.5034674406051636,0.548599123954773,0.045131683349609375,0.006020060274749994,0.09026329219341278,0.5034674406051636,0.548599123954773,0.2252936065196991,0.18516714870929718,0.27123889327049255,0.26623374223709106
21,S1,BWHvy,local,BS1,1,local,BS2,1,0.5326017141342163,0.3733174204826355,-0.1592842936515808,0.09216427057981491,0.4151086211204529,0.5326017141342163,0.32504743337631226,0.24395456910133362,0.3733174204826355,0.22344370186328888,0.30163517594337463
21,S2,LatCrit,local,local,0,local,local,0,0.6759335994720459,0.5522432923316956,-0.12369030714035034,0.0324929803609848,0.2473805993795395,0.6759335994720459,0.5522432923316956,0.1553814560174942,0.2289074808359146,0.1686849445104599,0.21884921193122864
21,S2,ComHvy,local,local,0,BS1,BS1,0,0.5043692588806152,0.5813844203948975,0.07701516151428223,0.01697152853012085,0.15403029322624207,0.5043692588806152,0.5813844203948975,0.24006184935569763,0.232245534658432,0.25556889176368713,0.18637007474899292
21,S2,BWHvy,local,BS1,1,local,local,0,0.452369749546051,0.36571356654167175,-0.08665618300437927,0.05155283212661743,0.3043472170829773,0.452369749546051,0.30019617080688477,0.2766706049442291,0.36571356654167175,0.27095961570739746,0.33409029245376587
21,S3,LatCrit,local,local,0,local,local,0,0.7818549275398254,0.7026103734970093,-0.07924455404281616,0.016865814104676247,0.15848906338214874,0.7818549275398254,0.7026103734970093,0.11795494705438614,0.17425213754177094,0.10019011050462723,0.12313743680715561
21,S3,ComHvy,local,local,0,local,local,0,0.6620726585388184,0.7331573963165283,0.07108473777770996,0.01230812817811966,0.14216947555541992,0.6620726585388184,0.7331573963165283,0.19082581996917725,0.1492183357477188,0.1471015065908432,0.11762425303459167
21,S3,BWHvy,local,local,0,local,local,0,0.5673255920410156,0.38041603565216064,-0.18690955638885498,0.07234786450862885,0.3738190531730652,0.5673255920410156,0.38041603565216064,0.2264689803123474,0.3448835015296936,0.20620545744895935,0.27470043301582336
21,S4,LatCrit,local,local,0,local,local,0,0.49297648668289185,0.35542047023773193,-0.1375560164451599,0.04046563431620598,0.2751120328903198,0.49297648668289185,0.35542047023773193,0.24498550593852997,0.3305417597293854,0.262037992477417,0.3140377700328827
21,S4,ComHvy,local,local,0,local,local,0,0.48085498809814453,0.47974318265914917,-0.0011118054389953613,0.00035113096237182617,0.020066529512405396,0.48085498809814453,0.47974318265914917,0.27951598167419434,0.2705945074558258,0.23962903022766113,0.24966228008270264
21,S4,BWHvy,local,BS1,1,BS1,BS1,0,0.5148970484733582,0.3868744373321533,-0.12802261114120483,0.07072260975837708,0.36123964190483093,0.5148970484733582,0.3342772126197815,0.2610357403755188,0.3868744373321533,0.22406721115112305,0.2788483202457428
21,S5,LatCrit,local,local,0,local,local,0,0.6406517028808594,0.530954122543335,-0.10969758033752441,0.025195002555847168,0.21939514577388763,0.6406517028808594,0.530954122543335,0.1916835606098175,0.26375719904899597,0.16766475141048431,0.20528867840766907
21,S5,ComHvy,BS1,BS1,0,BS2,BS2,0,0.3667970299720764,0.37473246455192566,0.007935434579849243,0.0035699959844350815,0.07157334685325623,0.2892640233039856,0.2534773349761963,0.3667970299720764,0.37473246455192566,0.343938946723938,0.37179017066955566
21,S5,BWHvy,local,local,0,local,BS1,1,0.5266636610031128,0.35685861110687256,-0.16980504989624023,0.060048170387744904,0.3396100699901581,0.5266636610031128,0.35685861110687256,0.24620236456394196,0.32606279850006104,0.22713394463062286,0.31707853078842163
21,S6,LatCrit,local,local,0,local,local,0,0.5623730421066284,0.6240286827087402,0.061655640602111816,0.008009321987628937,0.12331125140190125,0.5623730421066284,0.6240286827087402,0.23013217747211456,0.20076869428157806,0.20749476552009583,0.1752026379108429
21,S6,ComHvy,local,local,0,local,local,0,0.5869782567024231,0.6245421171188354,0.037563860416412354,0.006533520296216011,0.08315432071685791,0.5869782567024231,0.6245421171188354,0.1900065541267395,0.14842939376831055,0.2230151891708374,0.227028489112854
21,S6,BWHvy,local,BS2,1,local,BS2,1,0.48486292362213135,0.360036164522171,-0.12482675909996033,0.0828678160905838,0.3851470947265625,0.48486292362213135,0.2922893762588501,0.23643073439598083,0.3476744294166565,0.27870631217956543,0.360036164522171
21,S7,LatCrit,local,local,0,local,local,0,0.5125181078910828,0.4694299101829529,-0.04308819770812988,0.01013767160475254,0.13472487032413483,0.5125181078910828,0.4694299101829529,0.3125810921192169,0.3799435496330261,0.17490078508853912,0.15062656998634338
21,S7,ComHvy,local,local,0,local,local,0,0.562320351600647,0.6447626948356628,0.08244234323501587,0.032998230308294296,0.17206348478794098,0.562320351600647,0.6447626948356628,0.19493325054645538,0.1089015081524849,0.24274638295173645,0.24633578956127167
21,S7,BWHvy,local,BS1,1,BS1,BS1,0,0.4140971302986145,0.3814408779144287,-0.03265625238418579,0.04006321355700493,0.2640571892261505,0.4140971302986145,0.28206855058670044,0.3176286518573761,0.3814408779144287,0.2682742178440094,0.33649060130119324
21,S8,LatCrit,local,local,0,local,local,0,0.5152217745780945,0.5129702687263489,-0.0022515058517456055,0.0030073560774326324,0.05623669922351837,0.5152217745780945,0.5129702687263489,0.24172404408454895,0.21585720777511597,0.24305416643619537,0.27117252349853516
21,S8,ComHvy,local,local,0,local,BS1,1,0.5595070123672485,0.4572809338569641,-0.10222607851028442,0.023936547338962555,0.20445217192173004,0.5595070123672485,0.4572809338569641,0.20474959909915924,0.22105175256729126,0.23574340343475342,0.321667343378067
21,S8,BWHvy,local,local,0,local,local,0,0.5746983885765076,0.36967265605926514,-0.20502573251724243,0.08718980103731155,0.41005146503448486,0.5746983885765076,0.36967265605926514,0.2047431319952011,0.3244837820529938,0.22055846452713013,0.3058435320854187
22,S1,LatCrit,BS1,BS1,0,BS1,BS1,0,0.4301239848136902,0.46110230684280396,0.03097832202911377,0.027426380664110184,0.1985808163881302,0.3481717109680176,0.2488812804222107,0.4301239848136902,0.46110230684280396,0.22170431911945343,0.29001638293266296
22,S1,ComHvy,local,local,0,local,local,0,0.458570659160614,0.47526007890701294,0.016689419746398926,0.002808050252497196,0.06411479413509369,0.458570659160614,0.47526007890701294,0.266605406999588,0.23454801738262177,0.274823933839798,0.2901919186115265
22,S1,BWHvy,local,local,0,local,local,0,0.5132063031196594,0.4009072780609131,-0.11229902505874634,0.026294004172086716,0.22459803521633148,0.5132063031196594,0.4009072780609131,0.29049479961395264,0.3720623254776001,0.19629891216754913,0.22703039646148682
22,S2,LatCrit,local,BS2,1,local,local,0,0.446618914604187,0.45351260900497437,0.0068936944007873535,0.008554931730031967,0.12201651930809021,0.446618914604187,0.3856106400489807,0.1583571583032608,0.16087673604488373,0.3950239419937134,0.45351260900497437
22,S2,ComHvy,local,local,0,BS2,local,1,0.5779812335968018,0.617533266544342,0.03955203294754028,0.0033115223050117493,0.07910412549972534,0.5779812335968018,0.617533266544342,0.11013051122426987,0.10209914296865463,0.31188830733299255,0.28036758303642273
22,S2,BWHvy,local,local,0,local,local,0,0.4719477891921997,0.36212700605392456,-0.10982078313827515,0.025281287729740143,0.21964161098003387,0.4719477891921997,0.36212700605392456,0.2833189368247986,0.3379848897457123,0.24473325908184052,0.29988813400268555
22,S3,LatCrit,local,local,0,BS2,BS2,0,0.4011995196342468,0.40775156021118164,0.0065520405769348145,0.0017789527773857117,0.050729602575302124,0.4011995196342468,0.40775156021118164,0.3075537085533142,0.32636648416519165,0.29124677181243896,0.2658819854259491
22,S3,ComHvy,local,local,0,BS2,local,1,0.49066710472106934,0.5624813437461853,0.07181423902511597,0.011360518634319305,0.14362844824790955,0.49066710472106934,0.5624813437461853,0.186960831284523,0.17376525700092316,0.32237204909324646,0.26375341415405273
22,S3,BWHvy,local,local,0,local,local,0,0.6379468441009521,0.5505414009094238,-0.08740544319152832,0.01612725853919983,0.17481093108654022,0.6379468441009521,0.5505414009094238,0.17340809106826782,0.22608226537704468,0.18864503502845764,0.2233763486146927
22,S4,LatCrit,local,local,0,local,local,0,0.5438021421432495,0.48644793033599854,-0.05735421180725098,0.011213589459657669,0.1253698617219925,0.5438021421432495,0.48644793033599854,0.24838203191757202,0.24305133521556854,0.20781582593917847,0.2705007791519165
22,S4,ComHvy,local,local,0,local,local,0,0.5031919479370117,0.4712510108947754,-0.03194093704223633,0.0028832971584051847,0.06693865358829498,0.5031919479370117,0.4712510108947754,0.28581342101097107,0.31928277015686035,0.21099460124969482,0.20946623384952545
22,S4,BWHvy,local,BS2,1,local,BS1,1,0.41692328453063965,0.3821110725402832,-0.034812211990356445,0.050065405666828156,0.2934715747833252,0.41692328453063965,0.27018749713897705,0.28297847509384155,0.34770143032073975,0.3000982403755188,0.3821110725402832
22,S5,LatCrit,local,local,0,local,local,0,0.6438970565795898,0.6155252456665039,-0.028371810913085938,0.0028311829082667828,0.05674363672733307,0.6438970565795898,0.6155252456665039,0.16098275780677795,0.18899482488632202,0.1951201856136322,0.19547994434833527
22,S5,ComHvy,local,local,0,local,local,0,0.4092397093772888,0.44215112924575806,0.03291141986846924,0.0034985188394784927,0.06582283973693848,0.4092397093772888,0.44215112924575806,0.3493339717388153,0.3478257954120636,0.24142631888389587,0.21002307534217834
22,S5,BWHvy,local,local,0,BS2,BS2,0,0.4996575713157654,0.3898797631263733,-0.10977780818939209,0.02983049303293228,0.2195555567741394,0.4996575713157654,0.3898797631263733,0.2540472149848938,0.2662968933582306,0.24629521369934082,0.34382328391075134
22,S6,LatCrit,local,local,0,local,local,0,0.657313883304596,0.6835234761238098,0.026209592819213867,0.0039030220359563828,0.061499401926994324,0.657313883304596,0.6835234761238098,0.180183544754982,0.18472367525100708,0.16250255703926086,0.1317528784275055
22,S6,ComHvy,local,local,0,BS1,BS1,0,0.37071335315704346,0.38298630714416504,0.012272953987121582,0.00731615349650383,0.1032249927520752,0.37071335315704346,0.38298630714416504,0.3070107698440552,0.25539830327033997,0.322275847196579,0.3616154193878174
22,S6,BWHvy,local,local,0,local,BS1,1,0.5142412781715393,0.4152640700340271,-0.09897720813751221,0.01985042914748192,0.19795438647270203,0.5142412781715393,0.4152640700340271,0.224546879529953,0.27016112208366394,0.2612118422985077,0.3145747780799866
22,S7,LatCrit,local,local,0,local,local,0,0.5982410907745361,0.5759234428405762,-0.02231764793395996,0.001613100990653038,0.04463522136211395,0.5982410907745361,0.5759234428405762,0.2605387568473816,0.26394006609916687,0.14122022688388824,0.16013649106025696
22,S7,ComHvy,local,local,0,local,local,0,0.5013988614082336,0.5064969658851624,0.005098104476928711,0.01094791293144226,0.10897710919380188,0.5013988614082336,0.5064969658851624,0.2959117293357849,0.24142317473888397,0.20268942415714264,0.25207987427711487
22,S7,BWHvy,local,local,0,local,BS2,1,0.5307435989379883,0.445722758769989,-0.08502084016799927,0.016967173665761948,0.1700417399406433,0.5307435989379883,0.445722758769989,0.23111769556999207,0.24479223787784576,0.23813866078853607,0.3094850182533264
22,S8,LatCrit,local,local,0,local,local,0,0.5946537256240845,0.6647617220878601,0.07010799646377563,0.014306524768471718,0.14021597802639008,0.5946537256240845,0.6647617220878601,0.1652064323425293,0.11512406170368195,0.24013982713222504,0.22011421620845795
22,S8,ComHvy,local,local,0,local,local,0,0.5295695066452026,0.518234133720398,-0.011335372924804688,0.0010278113186359406,0.03611278533935547,0.5295695066452026,0.518234133720398,0.18588504195213318,0.20394140481948853,0.2845454812049866,0.27782443165779114
22,S8,BWHvy,local,local,0,local,BS1,1,0.5228712558746338,0.41508013010025024,-0.10779112577438354,0.027621952816843987,0.21558226644992828,0.5228712558746338,0.41508013010025024,0.23678170144557953,0.32845422625541687,0.2403469979763031,0.2564656138420105
23,S1,LatCrit,local,local,0,local,BS2,1,0.45347803831100464,0.3598211407661438,-0.09365689754486084,0.01855616644024849,0.18731378018856049,0.45347803831100464,0.3598211407661438,0.23920412361621857,0.28608694672584534,0.3073178231716156,0.3540918827056885
23,S1,ComHvy,local,local,0,local,local,0,0.49354302883148193,0.49625957012176514,0.002716541290283203,0.004496930167078972,0.06968575716018677,0.49354302883148193,0.49625957012176514,0.26150086522102356,0.22665798664093018,0.2449561059474945,0.2770824432373047
23,S1,BWHvy,local,local,0,local,local,0,0.5702042579650879,0.46215808391571045,-0.10804617404937744,0.023413464426994324,0.2160923331975937,0.5702042579650879,0.46215808391571045,0.24332600831985474,0.3033078908920288,0.18646976351737976,0.23453404009342194
23,S2,LatCrit,local,local,0,BS2,BS2,0,0.4691184163093567,0.39504313468933105,-0.07407528162002563,0.016238858923316002,0.14815056324005127,0.4691184163093567,0.39504313468933105,0.21258136630058289,0.2833191454410553,0.3183002173900604,0.32163771986961365
23,S2,ComHvy,BS2,BS1,1,BS2,BS2,0,0.4125622808933258,0.44084036350250244,0.028278082609176636,0.01233404129743576,0.1514010727405548,0.22229784727096558,0.20666569471359253,0.36513984203338623,0.44084036350250244,0.4125622808933258,0.35249388217926025
23,S2,BWHvy,local,local,0,local,local,0,0.4698483943939209,0.40292489528656006,-0.06692349910736084,0.010033883154392242,0.13384699821472168,0.4698483943939209,0.40292489528656006,0.31351238489151,0.3362520933151245,0.2166391909122467,0.26082298159599304
23,S3,LatCrit,local,BS1,1,BS2,BS2,0,0.3849552273750305,0.3518790006637573,-0.03307622671127319,0.0059676393866539,0.10295146703720093,0.3849552273750305,0.33347952365875244,0.31806257367134094,0.3518790006637573,0.29698216915130615,0.3146415054798126
23,S3,ComHvy,local,local,0,local,local,0,0.5216896533966064,0.603516697883606,0.08182704448699951,0.028037041425704956,0.16365408897399902,0.5216896533966064,0.603516697883606,0.2831658124923706,0.2802564799785614,0.19514451920986176,0.11622679978609085
23,S3,BWHvy,local,local,0,local,local,0,0.5302737951278687,0.461126446723938,-0.06914734840393066,0.012966591864824295,0.13829465210437775,0.5302737951278687,0.461126446723938,0.2470487356185913,0.3154650926589966,0.22267749905586243,0.22340844571590424
23,S4,LatCrit,local,local,0,local,local,0,0.584863543510437,0.5287356376647949,-0.05612790584564209,0.0064024124294519424,0.11225579679012299,0.584863543510437,0.5287356376647949,0.21975766122341156,0.2527238726615906,0.19537882506847382,0.2185405045747757
23,S4,ComHvy,local,local,0,local,local,0,0.5434908866882324,0.496589720249176,-0.046901166439056396,0.01368725672364235,0.14991536736488342,0.5434908866882324,0.496589720249176,0.24798907339572906,0.32294678688049316,0.20852001011371613,0.1804635226726532
23,S4,BWHvy,local,local,0,local,BS2,1,0.4921623468399048,0.4069955348968506,-0.0851668119430542,0.014882378280162811,0.170333594083786,0.4921623468399048,0.4069955348968506,0.25759315490722656,0.2948046028614044,0.25024449825286865,0.2981998324394226
23,S5,LatCrit,local,local,0,local,local,0,0.656639814376831,0.6025902032852173,-0.05404961109161377,0.009172897785902023,0.12070922553539276,0.656639814376831,0.6025902032852173,0.23536746203899384,0.295722097158432,0.1079927384853363,0.10168775916099548
23,S5,ComHvy,local,local,0,local,local,0,0.65074622631073,0.6919561624526978,0.04120993614196777,0.00392487458884716,0.08241989463567734,0.65074622631073,0.6919561624526978,0.100837342441082,0.08707667887210846,0.24841642379760742,0.2209671288728714
23,S5,BWHvy,local,local,0,local,local,0,0.5505884885787964,0.4605256915092468,-0.09006279706954956,0.017553769052028656,0.18012557923793793,0.5505884885787964,0.4605256915092468,0.20893190801143646,0.23047010600566864,0.24047960340976715,0.30900418758392334
23,S6,LatCrit,local,local,0,local,local,0,0.6162380576133728,0.6222145557403564,0.005976498126983643,0.0001458604820072651,0.011952981352806091,0.6162380576133728,0.6222145557403564,0.24073144793510437,0.24046066403388977,0.14303047955036163,0.13732478022575378
23,S6,ComHvy,local,local,0,BS2,BS2,0,0.4861980676651001,0.5167058706283569,0.030507802963256836,0.007527736946940422,0.10145117342472076,0.4861980676651001,0.5167058706283569,0.2539612948894501,0.20323573052883148,0.25984063744544983,0.28005844354629517
23,S6,BWHvy,local,local,0,local,BS2,1,0.5551453828811646,0.45786774158477783,-0.09727764129638672,0.01968347281217575,0.19455519318580627,0.5551453828811646,0.45786774158477783,0.21247832477092743,0.2742583155632019,0.2323763519525528,0.2678739130496979
23,S7,LatCrit,local,local,0,local,local,0,0.7453500628471375,0.6976162195205688,-0.047733843326568604,0.014321792870759964,0.13263794779777527,0.7453500628471375,0.6976162195205688,0.1698390394449234,0.23615802824497223,0.08481089025735855,0.06622578203678131
23,S7,ComHvy,BS2,BS2,0,BS2,BS2,0,0.5264838933944702,0.5478384494781494,0.0213545560836792,0.0023549627512693405,0.04428943991661072,0.3316501975059509,0.3324403762817383,0.14186590909957886,0.11972120404243469,0.5264838933944702,0.5478384494781494
23,S7,BWHvy,local,local,0,local,local,0,0.5745970010757446,0.48015153408050537,-0.09444546699523926,0.01835905760526657,0.1888909488916397,0.5745970010757446,0.48015153408050537,0.24232321977615356,0.28392836451530457,0.183079794049263,0.23592013120651245
23,S8,LatCrit,local,local,0,local,local,0,0.6021010875701904,0.5612205266952515,-0.040880560874938965,0.005443218629807234,0.08338133990764618,0.6021010875701904,0.5612205266952515,0.19059856235980988,0.23228925466537476,0.2073003202676773,0.20649023354053497
23,S8,ComHvy,local,local,0,local,local,0,0.5439791679382324,0.5332489013671875,-0.010730266571044922,0.003692448139190674,0.06780955195426941,0.5439791679382324,0.5332489013671875,0.23487123847007751,0.21169669926166534,0.22114963829517365,0.25505438446998596
23,S8,BWHvy,local,local,0,local,local,0,0.5520566701889038,0.4502354860305786,-0.1018211841583252,0.021790172904729843,0.20364238321781158,0.5520566701889038,0.4502354860305786,0.2918272316455841,0.3405536711215973,0.15611609816551208,0.2092108577489853
24,S1,LatCrit,local,local,0,BS2,BS2,0,0.5678008794784546,0.5010050535202026,-0.06679582595825195,0.009778870269656181,0.1335916668176651,0.5678008794784546,0.5010050535202026,0.18558552861213684,0.2296237051486969,0.24661357700824738,0.26937124133110046
24,S1,ComHvy,local,local,0,local,local,0,0.614965558052063,0.6380555629730225,0.023090004920959473,0.0031694192439317703,0.05505335330963135,0.614965558052063,0.6380555629730225,0.226253479719162,0.2306901216506958,0.1587810069322586,0.13125430047512054
24,S1,BWHvy,local,local,0,local,BS1,1,0.584174633026123,0.3962850570678711,-0.18788957595825195,0.07178959995508194,0.37577909231185913,0.584174633026123,0.3962850570678711,0.24386335909366608,0.34671029448509216,0.17196203768253326,0.25700461864471436
24,S2,LatCrit,local,local,0,local,local,0,0.5645938515663147,0.488166868686676,-0.07642698287963867,0.019767573103308678,0.17316707968711853,0.5645938515663147,0.488166868686676,0.21484659612178802,0.3014301359653473,0.22055955231189728,0.21040299534797668
24,S2,ComHvy,BS2,BS2,0,BS2,BS2,0,0.4663141667842865,0.5104917287826538,0.04417756199836731,0.009902752935886383,0.10331851243972778,0.20526736974716187,0.15360808372497559,0.328418493270874,0.3359001576900482,0.4663141667842865,0.5104917287826538
24,S2,BWHvy,BS1,BS1,0,local,BS1,1,0.40000119805336,0.471699595451355,0.071698397397995,0.030181612819433212,0.22436651587486267,0.3739992380142212,0.26181596517562866,0.40000119805336,0.471699595451355,0.22599956393241882,0.26648440957069397
24,S3,LatCrit,local,local,0,local,local,0,0.5761078000068665,0.5377700328826904,-0.038337767124176025,0.0032604606822133064,0.07667548954486847,0.5761078000068665,0.5377700328826904,0.20758645236492157,0.23490172624588013,0.21630576252937317,0.22732821106910706
24,S3,ComHvy,local,local,0,local,local,0,0.6113686561584473,0.7093462347984314,0.09797757863998413,0.023189932107925415,0.19595518708229065,0.6113686561584473,0.7093462347984314,0.20872652530670166,0.14483675360679626,0.17990484833717346,0.14581701159477234
24,S3,BWHvy,local,BS1,1,local,BS1,1,0.5069361329078674,0.38580042123794556,-0.12113571166992188,0.05939948931336403,0.33361971378326416,0.5069361329078674,0.34012627601623535,0.27455684542655945,0.38580042123794556,0.21850702166557312,0.2740733027458191
24,S4,LatCrit,local,local,0,local,local,0,0.6005573272705078,0.5152052044868469,-0.08535212278366089,0.015117693692445755,0.17070429027080536,0.6005573272705078,0.5152052044868469,0.22260935604572296,0.28105390071868896,0.17683328688144684,0.2037409096956253
24,S4,ComHvy,local,local,0,local,local,0,0.6861349940299988,0.6636104583740234,-0.022524535655975342,0.004984231665730476,0.07581783831119537,0.6861349940299988,0.6636104583740234,0.16746383905410767,0.20537276566028595,0.14640116691589355,0.1310167908668518
24,S4,BWHvy,local,BS1,1,local,BS1,1,0.549039363861084,0.4084864556789398,-0.14055290818214417,0.06066061556339264,0.31759709119796753,0.549039363861084,0.3902408480644226,0.2582303285598755,0.4084864556789398,0.19273026287555695,0.20127269625663757
24,S5,LatCrit,local,local,0,local,local,0,0.6417685747146606,0.5879682898521423,-0.05380028486251831,0.0065122805535793304,0.1076006293296814,0.6417685747146606,0.5879682898521423,0.22908426821231842,0.2732656002044678,0.12914711236953735,0.1387661248445511
24,S5,ComHvy,BS2,BS2,0,BS2,BS2,0,0.4276125431060791,0.4231886565685272,-0.00442388653755188,0.0047895703464746475,0.0729985237121582,0.40106165409088135,0.3689863085746765,0.17132577300071716,0.20782506465911865,0.4276125431060791,0.4231886565685272
24,S5,BWHvy,local,local,0,local,local,0,0.5684499740600586,0.3933672308921814,-0.1750827431678772,0.06354934722185135,0.35016554594039917,0.5684499740600586,0.3933672308921814,0.20220357179641724,0.30707284808158875,0.2293464094400406,0.29955992102622986
24,S6,LatCrit,local,local,0,local,local,0,0.6075847744941711,0.6118225455284119,0.004237771034240723,0.000843362882733345,0.027853399515151978,0.6075847744941711,0.6118225455284119,0.22893287241458893,0.2386218011379242,0.16348233819007874,0.14955563843250275
24,S6,ComHvy,local,BS2,1,local,local,0,0.38700056076049805,0.36669543385505676,-0.020305126905441284,0.003928219899535179,0.08166906237602234,0.38700056076049805,0.3461660146713257,0.27884000539779663,0.28713852167129517,0.3341594338417053,0.36669543385505676
24,S6,BWHvy,local,local,0,local,local,0,0.6097710132598877,0.46708840131759644,-0.14268261194229126,0.04110119119286537,0.28536516427993774,0.6097710132598877,0.46708840131759644,0.1976493000984192,0.2775763273239136,0.1925797313451767,0.25533527135849
24,S7,LatCrit,local,local,0,local,local,0,0.7354820966720581,0.7206478118896484,-0.014834284782409668,0.001635146327316761,0.04234858602285385,0.7354820966720581,0.7206478118896484,0.16104204952716827,0.1822163164615631,0.1034758910536766,0.09713585674762726
24,S7,ComHvy,local,local,0,local,local,0,0.47110992670059204,0.6104273796081543,0.13931745290756226,0.04115334153175354,0.2786349058151245,0.47110992670059204,0.6104273796081543,0.14533407986164093,0.12048659473657608,0.3835560083389282,0.2690860331058502
24,S7,BWHvy,local,local,0,local,local,0,0.4946814775466919,0.3820236921310425,-0.11265778541564941,0.028919324278831482,0.22531557083129883,0.4946814775466919,0.3820236921310425,0.2722969055175781,0.3006089925765991,0.2330215871334076,0.317367285490036
24,S8,LatCrit,local,local,0,local,BS1,1,0.48889607191085815,0.43153971433639526,-0.05735635757446289,0.022535834461450577,0.20068396627902985,0.48889607191085815,0.43153971433639526,0.2978406548500061,0.39818263053894043,0.21326327323913574,0.1702776402235031
24,S8,ComHvy,local,local,0,local,local,0,0.7410303354263306,0.8007068634033203,0.059676527976989746,0.010437754914164543,0.11935306340456009,0.7410303354263306,0.8007068634033203,0.10775800794363022,0.08289031684398651,0.1512116938829422,0.11640284955501556
24,S8,BWHvy,local,BS1,1,local,local,0,0.46779686212539673,0.38307857513427734,-0.08471828699111938,0.053572915494441986,0.31337082386016846,0.46779686212539673,0.3111114501953125,0.3011679947376251,0.38307857513427734,0.23103514313697815,0.30580997467041016
25,S1,LatCrit,local,local,0,local,local,0,0.8459184765815735,0.8690121173858643,0.02309364080429077,0.004452385939657688,0.046187303960323334,0.8459184765815735,0.8690121173858643,0.06815165281295776,0.04712300002574921,0.08592988550662994,0.08386487513780594
25,S1,ComHvy,BS2,BS1,1,BS2,BS2,0,0.4143884479999542,0.3605406880378723,-0.05384775996208191,0.011360615491867065,0.1383911669254303,0.28068703413009644,0.2942664623260498,0.30492454767227173,0.3605406880378723,0.4143884479999542,0.3451928496360779
25,S1,BWHvy,local,local,0,local,local,0,0.8789026141166687,0.9127358794212341,0.03383326530456543,0.006483852863311768,0.06766651570796967,0.8789026141166687,0.9127358794212341,0.06228035315871239,0.045231714844703674,0.05881704017519951,0.042032428085803986
25,S2,LatCrit,local,local,0,local,local,0,0.7741218209266663,0.7832431197166443,0.009121298789978027,0.0009205671958625317,0.02732241153717041,0.7741218209266663,0.7832431197166443,0.13180053234100342,0.11813931912183762,0.09407765418291092,0.0986175537109375
25,S2,ComHvy,local,local,0,local,local,0,0.378500759601593,0.5028024315834045,0.12430167198181152,0.032241642475128174,0.24860332906246185,0.378500759601593,0.5028024315834045,0.25876182317733765,0.2212836891412735,0.36273738741874695,0.27591386437416077
25,S2,BWHvy,local,local,0,local,local,0,0.7304700613021851,0.7850269675254822,0.05455690622329712,0.008811796084046364,0.10911382734775543,0.7304700613021851,0.7850269675254822,0.16296225786209106,0.13611705601215363,0.10656771063804626,0.07885599136352539
25,S3,LatCrit,local,local,0,local,local,0,0.7882379293441772,0.8624715805053711,0.07423365116119385,0.021000396460294724,0.1484672576189041,0.7882379293441772,0.8624715805053711,0.10498760640621185,0.06328076869249344,0.10677444189786911,0.07424767315387726
25,S3,ComHvy,BS1,BS1,0,BS1,BS1,0,0.45023441314697266,0.4281996190547943,-0.022034794092178345,0.001624343916773796,0.04619400203227997,0.31460022926330566,0.3135380148887634,0.45023441314697266,0.4281996190547943,0.23516537249088287,0.25826236605644226
25,S3,BWHvy,local,local,0,local,local,0,0.7739366888999939,0.8191239833831787,0.045187294483184814,0.007763398811221123,0.09037456661462784,0.7739366888999939,0.8191239833831787,0.1333296000957489,0.11595427244901657,0.0927337259054184,0.0649217814207077
25,S4,LatCrit,local,local,0,local,local,0,0.8131740093231201,0.839336097240448,0.02616208791732788,0.002992730587720871,0.052324190735816956,0.8131740093231201,0.839336097240448,0.10859307646751404,0.08721914887428284,0.07823291420936584,0.07344473898410797
25,S4,ComHvy,local,local,0,BS1,BS1,0,0.39584290981292725,0.3909112215042114,-0.00493168830871582,0.004274647682905197,0.07573769986629486,0.39584290981292725,0.3909112215042114,0.3486107289791107,0.38647958636283875,0.25554636120796204,0.22260920703411102
25,S4,BWHvy,local,local,0,local,local,0,0.7866805195808411,0.7939028143882751,0.007222294807434082,0.0023750588297843933,0.03545398265123367,0.7866805195808411,0.7939028143882751,0.11873648315668106,0.12924116849899292,0.09458301216363907,0.07685600966215134
25,S5,LatCrit,local,local,0,local,local,0,0.6766716837882996,0.770950973033905,0.09427928924560547,0.023248236626386642,0.18855854868888855,0.6766716837882996,0.770950973033905,0.21650823950767517,0.15527552366256714,0.10682007670402527,0.07377353310585022
25,S5,ComHvy,BS2,BS2,0,BS2,BS2,0,0.3808092176914215,0.45495733618736267,0.07414811849594116,0.011862903833389282,0.14829623699188232,0.3307003378868103,0.2787821292877197,0.2884904444217682,0.2662605345249176,0.3808092176914215,0.45495733618736267
25,S5,BWHvy,local,local,0,local,local,0,0.8517922163009644,0.8882122039794922,0.03641998767852783,0.006806209683418274,0.07283994555473328,0.8517922163009644,0.8882122039794922,0.0774945542216301,0.06374353915452957,0.07071320712566376,0.04804426059126854
25,S6,LatCrit,local,local,0,local,local,0,0.7316533327102661,0.817717969417572,0.08606463670730591,0.0303943008184433,0.17212925851345062,0.7316533327102661,0.817717969417572,0.17415767908096313,0.13816960155963898,0.09418895095586777,0.04411240667104721
25,S6,ComHvy,local,local,0,local,local,0,0.5470314025878906,0.5308341979980469,-0.01619720458984375,0.01228012889623642,0.11776456236839294,0.5470314025878906,0.5308341979980469,0.1652992069721222,0.22418150305747986,0.2876693904399872,0.24498432874679565
25,S6,BWHvy,local,local,0,local,local,0,0.8401576280593872,0.8797412514686584,0.03958362340927124,0.006835315376520157,0.07916724681854248,0.8401576280593872,0.8797412514686584,0.07523802667856216,0.057823505252599716,0.08460436016321182,0.06243526190519333
25,S7,LatCrit,local,local,0,local,local,0,0.6725682020187378,0.684401273727417,0.0118330717086792,0.00912269577383995,0.07368152588605881,0.6725682020187378,0.684401273727417,0.21347340941429138,0.2384810745716095,0.11395841836929321,0.07711762934923172
25,S7,ComHvy,BS1,BS2,1,BS2,BS2,0,0.387302428483963,0.38915425539016724,0.0018518269062042236,0.0009545087814331055,0.04229351878166199,0.24469006061553955,0.23506546020507812,0.387302428483963,0.37578028440475464,0.36800748109817505,0.38915425539016724
25,S7,BWHvy,local,local,0,local,local,0,0.7592733502388,0.7691606879234314,0.009887337684631348,0.0014102421700954437,0.033880606293678284,0.7592733502388,0.7691606879234314,0.14086155593395233,0.123921237885952,0.09986511617898941,0.10691806674003601
25,S8,LatCrit,local,local,0,local,local,0,0.7185662984848022,0.800239622592926,0.08167332410812378,0.019316770136356354,0.16334666311740875,0.7185662984848022,0.800239622592926,0.15602104365825653,0.11450537294149399,0.12541265785694122,0.08525498956441879
25,S8,ComHvy,local,local,0,BS2,BS2,0,0.4888714551925659,0.504257321357727,0.015385866165161133,0.004755653440952301,0.05984640121459961,0.4888714551925659,0.504257321357727,0.12571942806243896,0.09579622745513916,0.3854091465473175,0.3999464809894562
25,S8,BWHvy,local,local,0,local,local,0,0.7930768728256226,0.8510125875473022,0.05793571472167969,0.012426408007740974,0.11587140709161758,0.7930768728256226,0.8510125875473022,0.11239255219697952,0.08535788208246231,0.09453058242797852,0.06362956017255783
26,S1,LatCrit,local,local,0,local,local,0,0.8403839468955994,0.866219162940979,0.02583521604537964,0.0028169862926006317,0.051670417189598083,0.8403839468955994,0.866219162940979,0.1135656014084816,0.09708286821842194,0.046050455421209335,0.03669798746705055
26,S1,ComHvy,BS2,BS2,0,BS2,BS2,0,0.5166509747505188,0.4721544086933136,-0.0444965660572052,0.00457281619310379,0.08899310231208801,0.2618564963340759,0.29911428689956665,0.22149257361888885,0.22873131930828094,0.5166509747505188,0.4721544086933136
26,S1,BWHvy,local,local,0,local,local,0,0.8879250884056091,0.9228213429450989,0.034896254539489746,0.00866541638970375,0.06979250907897949,0.8879250884056091,0.9228213429450989,0.06133248284459114,0.03687030449509621,0.05074243247509003,0.040308352559804916
26,S2,LatCrit,local,local,0,local,local,0,0.7989340424537659,0.807662844657898,0.00872880220413208,0.004149052780121565,0.03308301791548729,0.7989340424537659,0.807662844657898,0.04642018303275108,0.029878661036491394,0.15464578568935394,0.16245847940444946
26,S2,ComHvy,BS2,local,1,BS2,BS2,0,0.5028054118156433,0.48740649223327637,-0.015398919582366943,0.025467291474342346,0.1883537769317627,0.393229603767395,0.48740649223327637,0.10396499931812286,0.0602501705288887,0.5028054118156433,0.4523433446884155
26,S2,BWHvy,local,local,0,local,local,0,0.8025487065315247,0.8613550662994385,0.05880635976791382,0.016474250704050064,0.11761277914047241,0.8025487065315247,0.8613550662994385,0.08416569232940674,0.07196974009275436,0.1132856234908104,0.06667515635490417
26,S3,LatCrit,local,local,0,local,local,0,0.6942530870437622,0.7487591505050659,0.05450606346130371,0.011181794106960297,0.10901205241680145,0.6942530870437622,0.7487591505050659,0.19545790553092957,0.1785299926996231,0.11028896272182465,0.07271088659763336
26,S3,ComHvy,BS2,BS2,0,BS1,BS2,1,0.40966910123825073,0.5380983352661133,0.12842923402786255,0.041301481425762177,0.2568584382534027,0.2943887710571289,0.26855534315109253,0.2959420680999756,0.1933462917804718,0.40966910123825073,0.5380983352661133
26,S3,BWHvy,local,local,0,local,local,0,0.7415837645530701,0.805867075920105,0.06428331136703491,0.012447182089090347,0.1285666525363922,0.7415837645530701,0.805867075920105,0.13219492137432098,0.10294002294540405,0.12622131407260895,0.09119287878274918
26,S4,LatCrit,local,local,0,local,local,0,0.7616610527038574,0.7632545232772827,0.001593470573425293,0.002880452200770378,0.03846779465675354,0.7616610527038574,0.7632545232772827,0.12969711422920227,0.1104632318019867,0.10864180326461792,0.1262822449207306
26,S4,ComHvy,BS1,local,1,BS1,local,1,0.34676215052604675,0.40345287322998047,0.056690722703933716,0.007393646985292435,0.11465790867805481,0.34612393379211426,0.40345287322998047,0.34676215052604675,0.32728785276412964,0.307113915681839,0.2692592442035675
26,S4,BWHvy,local,local,0,local,local,0,0.8113645315170288,0.8650360107421875,0.05367147922515869,0.011686984449625015,0.10734301805496216,0.8113645315170288,0.8650360107421875,0.1045781672000885,0.07968002557754517,0.08405733108520508,0.05528393015265465
26,S5,LatCrit,local,local,0,local,local,0,0.5879466533660889,0.6490286588668823,0.06108200550079346,0.009499125182628632,0.1221640557050705,0.5879466533660889,0.6490286588668823,0.2173061966896057,0.19996510446071625,0.1947471797466278,0.15100622177124023
26,S5,ComHvy,BS1,BS1,0,BS1,BS1,0,0.38691824674606323,0.4651074707508087,0.07818922400474548,0.015138454735279083,0.15637844800949097,0.3794547915458679,0.30632197856903076,0.38691824674606323,0.4651074707508087,0.23362697660923004,0.22857056558132172
26,S5,BWHvy,local,local,0,local,local,0,0.8329993486404419,0.8792123794555664,0.04621303081512451,0.00930643081665039,0.09242606163024902,0.8329993486404419,0.8792123794555664,0.08270160853862762,0.06262628734111786,0.08429907262325287,0.05816136300563812
26,S6,LatCrit,local,local,0,local,local,0,0.5907242298126221,0.6256219148635864,0.034897685050964355,0.03473319858312607,0.1450977474451065,0.5907242298126221,0.6256219148635864,0.273882657289505,0.3115338683128357,0.13539311289787292,0.06284426152706146
26,S6,ComHvy,local,local,0,local,local,0,0.6212409734725952,0.6892454624176025,0.06800448894500732,0.03461048752069473,0.18458828330039978,0.6212409734725952,0.6892454624176025,0.1700897216796875,0.19437937438488007,0.20866933465003967,0.11637518554925919
26,S6,BWHvy,local,local,0,local,local,0,0.8146305084228516,0.854905903339386,0.040275394916534424,0.006108131259679794,0.08055075258016586,0.8146305084228516,0.854905903339386,0.0825866162776947,0.06538856774568558,0.10278285294771194,0.07970554381608963
26,S7,LatCrit,local,local,0,local,local,0,0.4815064072608948,0.4352438449859619,-0.04626256227493286,0.004460697993636131,0.09252515435218811,0.4815064072608948,0.4352438449859619,0.304667592048645,0.3254658877849579,0.213825985789299,0.2392902821302414
26,S7,ComHvy,BS1,BS1,0,BS1,BS1,0,0.5161967277526855,0.5467401146888733,0.030543386936187744,0.0040405974723398685,0.07517452538013458,0.2559083104133606,0.2183210253715515,0.5161967277526855,0.5467401146888733,0.22789496183395386,0.2349388152360916
26,S7,BWHvy,local,local,0,local,local,0,0.813444972038269,0.837461531162262,0.02401655912399292,0.004693266004323959,0.05285101383924484,0.813444972038269,0.837461531162262,0.09902920573949814,0.0726037248969078,0.08752578496932983,0.08993475884199142
26,S8,LatCrit,local,local,0,local,local,0,0.6455667018890381,0.648655116558075,0.0030884146690368652,0.012522369623184204,0.08932167291641235,0.6455667018890381,0.648655116558075,0.1427859514951706,0.09812512993812561,0.21164731681346893,0.25321975350379944
26,S8,ComHvy,BS2,BS2,0,BS2,BS2,0,0.41359612345695496,0.4675281345844269,0.053932011127471924,0.03964967280626297,0.18722660839557648,0.39362454414367676,0.43330585956573486,0.1927793174982071,0.09916603565216064,0.41359612345695496,0.4675281345844269
26,S8,BWHvy,local,local,0,local,local,0,0.7902793288230896,0.8598758578300476,0.06959652900695801,0.01864364743232727,0.1391930878162384,0.7902793288230896,0.8598758578300476,0.09827863425016403,0.059685636311769485,0.11144204437732697,0.08043848723173141
27,S1,LatCrit,local,local,0,local,local,0,0.6229547262191772,0.6031771898269653,-0.019777536392211914,0.0011047257576137781,0.04336031526327133,0.6229547262191772,0.6031771898269653,0.2941535711288452,0.31583371758461,0.08289168030023575,0.0809890478849411
27,S1,ComHvy,BS2,BS2,0,BS2,BS2,0,0.4525423049926758,0.4144000709056854,-0.038142234086990356,0.013948474079370499,0.15640710294246674,0.33362746238708496,0.4118310213088989,0.21383020281791687,0.17376889288425446,0.4525423049926758,0.4144000709056854
27,S1,BWHvy,local,local,0,local,local,0,0.7563599348068237,0.7501900792121887,-0.00616985559463501,0.00010716915130615234,0.012339703738689423,0.7563599348068237,0.7501900792121887,0.17620237171649933,0.17994366586208344,0.06743770092725754,0.06986625492572784
27,S2,LatCrit,local,local,0,local,local,0,0.7282246351242065,0.736801266670227,0.008576631546020508,0.0010975378099828959,0.024230554699897766,0.7282246351242065,0.736801266670227,0.08049547672271729,0.06838016211986542,0.19127993285655975,0.19481854140758514
27,S2,ComHvy,BS2,BS2,0,BS2,BS2,0,0.48540422320365906,0.4695274233818054,-0.015876799821853638,0.003862546756863594,0.07679858803749084,0.33721923828125,0.37561851739883423,0.17737655341625214,0.15485404431819916,0.48540422320365906,0.4695274233818054
27,S2,BWHvy,local,local,0,local,local,0,0.7358357906341553,0.7383507490158081,0.002514958381652832,0.0028056688606739044,0.04026028513908386,0.7358357906341553,0.7383507490158081,0.13368625938892365,0.15130145847797394,0.1304779350757599,0.11034780740737915
27,S3,LatCrit,local,local,0,local,local,0,0.6931965351104736,0.7482156753540039,0.05501914024353027,0.018636781722307205,0.11003820598125458,0.6931965351104736,0.7482156753540039,0.18245787918567657,0.1810777485370636,0.1243455559015274,0.07070662081241608
27,S3,ComHvy,BS2,BS2,0,BS2,BS2,0,0.3563358783721924,0.49082469940185547,0.13448882102966309,0.04099665582180023,0.26897770166397095,0.30092310905456543,0.2091442346572876,0.3427410423755646,0.30003103613853455,0.3563358783721924,0.49082469940185547
27,S3,BWHvy,local,local,0,local,local,0,0.7612203359603882,0.7556948661804199,-0.005525469779968262,0.010088052600622177,0.0722162276506424,0.7612203359603882,0.7556948661804199,0.14125968515872955,0.17736779153347015,0.09751996397972107,0.06693731248378754
27,S4,LatCrit,local,local,0,local,local,0,0.6421234607696533,0.5931994915008545,-0.04892396926879883,0.006318487226963043,0.09784790873527527,0.6421234607696533,0.5931994915008545,0.21313126385211945,0.22518135607242584,0.14474532008171082,0.18161916732788086
27,S4,ComHvy,BS1,BS1,0,BS1,BS1,0,0.43877875804901123,0.44355568289756775,0.0047769248485565186,0.01193716749548912,0.11663694679737091,0.29809242486953735,0.3516339659690857,0.43877875804901123,0.44355568289756775,0.26312878727912903,0.20481030642986298
27,S4,BWHvy,local,local,0,local,local,0,0.7305604219436646,0.7083828449249268,-0.022177577018737793,0.005083332769572735,0.07313191145658493,0.7305604219436646,0.7083828449249268,0.15367600321769714,0.1902419477701187,0.11576356738805771,0.10137517750263214
27,S5,LatCrit,local,local,0,local,local,0,0.5789798498153687,0.5541261434555054,-0.02485370635986328,0.00754823163151741,0.10278452932834625,0.5789798498153687,0.5541261434555054,0.2708274722099304,0.32221972942352295,0.15019267797470093,0.12365411221981049
27,S5,ComHvy,local,local,0,local,local,0,0.5745036602020264,0.5697689056396484,-0.00473475456237793,0.01238447055220604,0.10752083361148834,0.5745036602020264,0.5697689056396484,0.19080518186092377,0.24456557631492615,0.23469120264053345,0.18566551804542542
27,S5,BWHvy,local,local,0,local,local,0,0.7585486173629761,0.7400831580162048,-0.01846545934677124,0.004260038956999779,0.05899283289909363,0.7585486173629761,0.7400831580162048,0.1026507019996643,0.13214710354804993,0.1388006955385208,0.12776972353458405
27,S6,LatCrit,local,local,0,local,local,0,0.6184549927711487,0.6302489638328552,0.011793971061706543,0.023507077246904373,0.1349785178899765,0.6184549927711487,0.6302489638328552,0.19937799870967865,0.25507330894470215,0.18216697871685028,0.11467774212360382
27,S6,ComHvy,local,local,0,local,local,0,0.5556676387786865,0.6195987462997437,0.06393110752105713,0.008767955005168915,0.12786227464675903,0.5556676387786865,0.6195987462997437,0.08758997172117233,0.08020879328250885,0.35674241185188293,0.3001924157142639
27,S6,BWHvy,local,local,0,local,local,0,0.7291419506072998,0.7384477853775024,0.009305834770202637,0.0003046449273824692,0.018611647188663483,0.7291419506072998,0.7384477853775024,0.12122101336717606,0.12026481330394745,0.14963704347610474,0.1412874311208725
27,S7,LatCrit,local,local,0,local,local,0,0.6759204864501953,0.704010009765625,0.028089523315429688,0.006449192762374878,0.06810662150382996,0.6759204864501953,0.704010009765625,0.20069585740566254,0.20665965974330902,0.12338364869356155,0.08933035284280777
27,S7,ComHvy,BS1,local,1,BS2,local,1,0.36723846197128296,0.35444390773773193,-0.012794554233551025,0.010025234892964363,0.12213551998138428,0.2933761477470398,0.35444390773773193,0.36723846197128296,0.3135678768157959,0.33938539028167725,0.33198821544647217
27,S7,BWHvy,local,local,0,local,local,0,0.7347766160964966,0.70578932762146,-0.02898728847503662,0.005646655336022377,0.0699985921382904,0.7347766160964966,0.70578932762146,0.1641671359539032,0.1581551432609558,0.10105624794960022,0.13605555891990662
27,S8,LatCrit,local,local,0,local,local,0,0.6558661460876465,0.7300468683242798,0.0741807222366333,0.015022281557321548,0.148361474275589,0.6558661460876465,0.7300468683242798,0.1444081962108612,0.10002514719963074,0.1997256875038147,0.16992798447608948
27,S8,ComHvy,BS2,BS2,0,local,local,0,0.4972265064716339,0.5019844770431519,0.004757970571517944,0.06198146939277649,0.18888133764266968,0.34915149211883545,0.43883419036865234,0.15362198650836945,0.05918131768703461,0.4972265064716339,0.5019844770431519
27,S8,BWHvy,local,local,0,local,local,0,0.7461878061294556,0.7386627197265625,-0.007525086402893066,0.00015252060256898403,0.015050075948238373,0.7461878061294556,0.7386627197265625,0.1400490403175354,0.14499936997890472,0.11376320570707321,0.1163378655910492
28,S1,LatCrit,local,local,0,local,local,0,0.693204939365387,0.7130054235458374,0.01980048418045044,0.0013541951775550842,0.039600931107997894,0.693204939365387,0.7130054235458374,0.20266185700893402,0.1965118944644928,0.10413321107625961,0.09048272669315338
28,S1,ComHvy,BS2,BS2,0,BS2,BS2,0,0.4798727035522461,0.4611217677593231,-0.018750935792922974,0.0011574681848287582,0.04135653376579285,0.262498140335083,0.2831764221191406,0.2576291263103485,0.25570181012153625,0.4798727035522461,0.4611217677593231
28,S1,BWHvy,local,local,0,local,local,0,0.8030912280082703,0.8230121731758118,0.019920945167541504,0.0016700983978807926,0.0398419052362442,0.8030912280082703,0.8230121731758118,0.10145187377929688,0.08594488352537155,0.09545690566301346,0.09104293584823608
28,S2,LatCrit,local,local,0,local,local,0,0.7785900831222534,0.814140260219574,0.03555017709732056,0.005342936143279076,0.07110033929347992,0.7785900831222534,0.814140260219574,0.08653761446475983,0.0828053429722786,0.13487227261066437,0.10305438190698624
28,S2,ComHvy,BS2,BS2,0,BS2,BS2,0,0.5214184522628784,0.5437413454055786,0.022322893142700195,0.006763938814401627,0.08606557548046112,0.28327709436416626,0.30398696660995483,0.19530445337295532,0.15227164328098297,0.5214184522628784,0.5437413454055786
28,S2,BWHvy,local,local,0,local,local,0,0.7753118276596069,0.7987233400344849,0.02341151237487793,0.004301629960536957,0.05358510464429855,0.7753118276596069,0.7987233400344849,0.11452385783195496,0.1179049089550972,0.11016430705785751,0.08337176591157913
28,S3,LatCrit,local,local,0,local,local,0,0.8141127824783325,0.8621967434883118,0.04808396100997925,0.012923086062073708,0.09616794437170029,0.8141127824783325,0.8621967434883118,0.1261339634656906,0.10603117942810059,0.05975327640771866,0.031772077083587646
28,S3,ComHvy,BS1,BS2,1,BS1,BS1,0,0.4017397165298462,0.4685327708721161,0.0667930543422699,0.016091130673885345,0.17532938718795776,0.2173922061920166,0.17689263820648193,0.4017397165298462,0.354574590921402,0.3808680772781372,0.4685327708721161
28,S3,BWHvy,local,local,0,local,local,0,0.774921715259552,0.7919977903366089,0.017076075077056885,0.0072116851806640625,0.06489425152540207,0.774921715259552,0.7919977903366089,0.11640284210443497,0.13177390396595,0.10867544263601303,0.07622832804918289
28,S4,LatCrit,local,local,0,local,local,0,0.761543333530426,0.7633158564567566,0.0017725229263305664,2.8120382921770215e-05,0.004503108561038971,0.761543333530426,0.7633158564567566,0.10203566402196884,0.09978410601615906,0.13642099499702454,0.13690002262592316
28,S4,ComHvy,BS1,BS1,0,BS1,BS1,0,0.46932852268218994,0.5136433839797974,0.04431486129760742,0.011971510946750641,0.14001581072807312,0.19220101833343506,0.2178940773010254,0.46932852268218994,0.5136433839797974,0.3384704291820526,0.26846253871917725
28,S4,BWHvy,local,local,0,local,BS1,1,0.6657270789146423,0.6509556770324707,-0.01477140188217163,0.007748221978545189,0.08331114798784256,0.6657270789146423,0.6509556770324707,0.23011592030525208,0.27177149057388306,0.1041569784283638,0.07727280259132385
28,S5,LatCrit,local,local,0,local,local,0,0.6967272758483887,0.7367718815803528,0.04004460573196411,0.013461481779813766,0.09069584310054779,0.6967272758483887,0.7367718815803528,0.1880330741405487,0.1933363974094391,0.11523965001106262,0.06989173591136932
28,S5,ComHvy,local,local,0,local,local,0,0.5409727096557617,0.5198496580123901,-0.021123051643371582,0.001450905343517661,0.04735088348388672,0.5409727096557617,0.5198496580123901,0.26160991191864014,0.2852853238582611,0.19741740822792053,0.19486498832702637
28,S5,BWHvy,local,local,0,local,local,0,0.7761216163635254,0.7978597283363342,0.021738111972808838,0.0027462895959615707,0.04501001536846161,0.7761216163635254,0.7978597283363342,0.10502027720212936,0.10578715801239014,0.11885814368724823,0.09635312110185623
28,S6,LatCrit,local,local,0,local,local,0,0.722253680229187,0.7294590473175049,0.007205367088317871,0.015539847314357758,0.09332916140556335,0.722253680229187,0.7294590473175049,0.1463375687599182,0.18579678237438202,0.13140875101089478,0.0847441703081131
28,S6,ComHvy,local,local,0,BS2,BS2,0,0.48704367876052856,0.541161060333252,0.05411738157272339,0.0060793012380599976,0.10823476314544678,0.48704367876052856,0.541161060333252,0.2186872363090515,0.20205536484718323,0.2942691147327423,0.2567836046218872
28,S6,BWHvy,local,local,0,local,local,0,0.803189218044281,0.8328015804290771,0.029612362384796143,0.0031678173691034317,0.05922471731901169,0.803189218044281,0.8328015804290771,0.0924495980143547,0.08185652643442154,0.10436117649078369,0.08534189313650131
28,S7,LatCrit,local,local,0,local,local,0,0.8168132901191711,0.8405921459197998,0.023778855800628662,0.0033852774649858475,0.04755769670009613,0.8168132901191711,0.8405921459197998,0.10567852854728699,0.10138233751058578,0.07750818133354187,0.058025531470775604
28,S7,ComHvy,local,local,0,BS2,BS2,0,0.3695843815803528,0.4399213194847107,0.07033693790435791,0.018765293061733246,0.16600850224494934,0.3695843815803528,0.4399213194847107,0.2993699610233307,0.31203728914260864,0.33104562759399414,0.24804139137268066
28,S7,BWHvy,local,local,0,local,local,0,0.7899174690246582,0.7798875570297241,-0.010029911994934082,0.00205334834754467,0.036834388971328735,0.7899174690246582,0.7798875570297241,0.12155993282794952,0.11317265033721924,0.08852258324623108,0.10693977773189545
28,S8,LatCrit,local,local,0,local,local,0,0.7853052616119385,0.8316242694854736,0.046319007873535156,0.01263352856040001,0.09263800829648972,0.7853052616119385,0.8316242694854736,0.09889333695173264,0.09647458046674728,0.11580140888690948,0.07190116494894028
28,S8,ComHvy,local,local,0,local,local,0,0.4413408637046814,0.4933498501777649,0.052008986473083496,0.015781674534082413,0.12142229080200195,0.4413408637046814,0.4933498501777649,0.1853698194026947,0.12465867400169373,0.3732893168926239,0.3819914758205414
28,S8,BWHvy,local,local,0,local,local,0,0.7653003334999084,0.7955092191696167,0.030208885669708252,0.0039285654202103615,0.06041780859231949,0.7653003334999084,0.7955092191696167,0.12776683270931244,0.10090754181146622,0.10693284124135971,0.1035832092165947
29,S1,LatCrit,BS1,BS1,0,BS1,BS1,0,0.4731735587120056,0.4738265872001648,0.0006530284881591797,0.00010374188423156738,0.011050492525100708,0.26255327463150024,0.2570280432701111,0.4731735587120056,0.4738265872001648,0.26427316665649414,0.2691453993320465
29,S1,ComHvy,local,local,0,local,local,0,0.5772709250450134,0.5251911282539368,-0.05207979679107666,0.0058333296328783035,0.10415959358215332,0.5772709250450134,0.5251911282539368,0.23469814658164978,0.2537718713283539,0.18803094327449799,0.22103701531887054
29,S1,BWHvy,BS1,BS1,0,BS1,BS1,0,0.44719061255455017,0.4626808762550354,0.01549026370048523,0.005966011434793472,0.08826830983161926,0.2497580647468567,0.20562392473220825,0.44719061255455017,0.4626808762550354,0.30305132269859314,0.33169522881507874
29,S2,LatCrit,BS2,BS2,0,BS2,local,1,0.45107296109199524,0.4439159631729126,-0.007156997919082642,0.0030328016728162766,0.062487900257110596,0.3620705008506775,0.3933144807815552,0.18685650825500488,0.16276958584785461,0.45107296109199524,0.4439159631729126
29,S2,ComHvy,local,local,0,local,local,0,0.5445060729980469,0.5375474691390991,-0.006958603858947754,0.001279553398489952,0.039461396634578705,0.5445060729980469,0.5375474691390991,0.13323944807052612,0.12046737223863602,0.3222544491291046,0.34198516607284546
29,S2,BWHvy,BS1,BS1,0,BS1,BS1,0,0.384590744972229,0.4047695994377136,0.02017885446548462,0.01199008896946907,0.13329914212226868,0.3159365653991699,0.24928700923919678,0.384590744972229,0.4047695994377136,0.2994726896286011,0.345943421125412
29,S3,LatCrit,local,local,0,BS2,BS2,0,0.45756250619888306,0.44444066286087036,-0.013121843338012695,0.0028694998472929,0.06641623377799988,0.45756250619888306,0.44444066286087036,0.26722821593284607,0.3004363477230072,0.2752092778682709,0.2551230192184448
29,S3,ComHvy,local,local,0,local,local,0,0.529657244682312,0.5492817163467407,0.01962447166442871,0.0019753091037273407,0.057756707072257996,0.529657244682312,0.5492817163467407,0.13364596664905548,0.14289984107017517,0.3366968035697937,0.3078184425830841
29,S3,BWHvy,local,BS1,1,BS2,BS2,0,0.3640701174736023,0.36365553736686707,-0.0004145801067352295,0.014876685105264187,0.14155876636505127,0.3640701174736023,0.29513800144195557,0.29287615418434143,0.36365553736686707,0.3430537283420563,0.34120646119117737
29,S4,LatCrit,BS1,BS1,0,local,local,0,0.3930838704109192,0.35581645369529724,-0.03726741671562195,0.009550932794809341,0.1276346743106842,0.33853644132614136,0.31198650598526,0.3930838704109192,0.35581645369529724,0.26837971806526184,0.33219704031944275
29,S4,ComHvy,local,local,0,local,local,0,0.5541844367980957,0.48217707872390747,-0.07200735807418823,0.023740429431200027,0.20150285959243774,0.5541844367980957,0.48217707872390747,0.245557963848114,0.3463094234466553,0.2002575695514679,0.17151352763175964
29,S4,BWHvy,BS2,BS2,0,BS2,BS2,0,0.36394575238227844,0.39914682507514954,0.035201072692871094,0.012191671878099442,0.13176700472831726,0.2770228981971741,0.21113938093185425,0.3590313792228699,0.3897137939929962,0.36394575238227844,0.39914682507514954
29,S5,LatCrit,local,local,0,local,BS1,1,0.465417742729187,0.39823007583618164,-0.06718766689300537,0.017233695834875107,0.17410464584827423,0.465417742729187,0.39823007583618164,0.2871461808681488,0.3741985261440277,0.2474360466003418,0.22757141292095184
29,S5,ComHvy,local,local,0,local,local,0,0.47347182035446167,0.49998486042022705,0.02651304006576538,0.006005890667438507,0.09531518816947937,0.47347182035446167,0.49998486042022705,0.2359353005886078,0.2570798695087433,0.29059284925460815,0.24293527007102966
29,S5,BWHvy,BS2,BS2,0,BS1,BS1,0,0.36687225103378296,0.4354020357131958,0.06852978467941284,0.012230485677719116,0.13705962896347046,0.2814795970916748,0.22614896297454834,0.35164815187454224,0.3384489417076111,0.36687225103378296,0.4354020357131958
29,S6,LatCrit,local,local,0,local,local,0,0.5700712203979492,0.6138467788696289,0.04377555847167969,0.00476045161485672,0.08755108714103699,0.5700712203979492,0.6138467788696289,0.2544964849948883,0.2398374378681183,0.17543229460716248,0.1463158130645752
29,S6,ComHvy,local,local,0,local,local,0,0.5657813549041748,0.6162576675415039,0.0504763126373291,0.0074670445173978806,0.10095261037349701,0.5657813549041748,0.6162576675415039,0.19653940200805664,0.15481685101985931,0.23767927289009094,0.22892552614212036
29,S6,BWHvy,BS2,BS2,0,BS2,BS2,0,0.3580388128757477,0.39099034667015076,0.032951533794403076,0.008237332105636597,0.11318972706794739,0.3045646548271179,0.24796980619430542,0.3373965620994568,0.3610399067401886,0.3580388128757477,0.39099034667015076
29,S7,LatCrit,local,local,0,local,local,0,0.5297631025314331,0.5442405939102173,0.01447749137878418,0.0013167532160878181,0.04606865346431732,0.5297631025314331,0.5442405939102173,0.3093402087688446,0.28630590438842773,0.1608966737985611,0.16945353150367737
29,S7,ComHvy,local,local,0,local,local,0,0.6302987337112427,0.6268194913864136,-0.0034792423248291016,2.7445261366665363e-05,0.006958499550819397,0.6302987337112427,0.6268194913864136,0.14963394403457642,0.1515696793794632,0.2200673520565033,0.2216108739376068
29,S7,BWHvy,BS1,BS2,1,local,local,0,0.35426682233810425,0.3638908267021179,0.009624004364013672,0.010423250496387482,0.1306934952735901,0.34718912839889526,0.2985538840293884,0.35426682233810425,0.3375553488731384,0.2985440492630005,0.3638908267021179
29,S8,LatCrit,local,local,0,BS2,local,1,0.5516090393066406,0.5877480506896973,0.03613901138305664,0.004118703305721283,0.07514263689517975,0.5516090393066406,0.5877480506896973,0.1860678791999817,0.18750016391277313,0.2623231112957001,0.2247517704963684
29,S8,ComHvy,local,local,0,local,local,0,0.6041240096092224,0.5470190048217773,-0.05710500478744507,0.006915273144841194,0.11421005427837372,0.6041240096092224,0.5470190048217773,0.17601312696933746,0.20977109670639038,0.21986284852027893,0.24320992827415466
29,S8,BWHvy,BS1,BS1,0,BS2,BS2,0,0.3993915319442749,0.4190519452095032,0.01966041326522827,0.015276826918125153,0.14613446593284607,0.3037790060043335,0.23071175813674927,0.3993915319442749,0.4190519452095032,0.2968294620513916,0.35023626685142517
30,S1,LatCrit,BS1,BS1,0,BS1,BS1,0,0.5293644666671753,0.4903102517127991,-0.03905421495437622,0.00468059629201889,0.0866934061050415,0.19784468412399292,0.1935521960258484,0.5293644666671753,0.4903102517127991,0.2727908194065094,0.31613752245903015
30,S1,ComHvy,local,local,0,BS1,BS1,0,0.5173094272613525,0.4282802939414978,-0.08902913331985474,0.0167573019862175,0.17805828154087067,0.5173094272613525,0.4282802939414978,0.24923734366893768,0.27913588285446167,0.23345321416854858,0.2925838232040405
30,S1,BWHvy,BS1,BS1,0,BS1,BS1,0,0.4937674105167389,0.49150434136390686,-0.0022630691528320312,0.010826822370290756,0.10432836413383484,0.22538602352142334,0.17548495531082153,0.4937674105167389,0.49150434136390686,0.280846506357193,0.333010733127594
30,S2,LatCrit,local,local,0,local,local,0,0.4088708758354187,0.4227443337440491,0.013873457908630371,0.003585983067750931,0.07633155584335327,0.4088708758354187,0.4227443337440491,0.2161421775817871,0.240434467792511,0.3749869763851166,0.33682116866111755
30,S2,ComHvy,local,local,0,local,local,0,0.49480950832366943,0.4468662142753601,-0.047943294048309326,0.01618391089141369,0.14796562492847443,0.49480950832366943,0.4468662142753601,0.1687224805355072,0.24270527064800262,0.33646801114082336,0.3104284703731537
30,S2,BWHvy,BS1,BS1,0,BS1,BS1,0,0.4357273578643799,0.4770483672618866,0.041321009397506714,0.010626455768942833,0.1236879825592041,0.27881211042404175,0.2169681191444397,0.4357273578643799,0.4770483672618866,0.28546053171157837,0.3059835135936737
30,S3,LatCrit,local,local,0,local,local,0,0.47212761640548706,0.43031877279281616,-0.0418088436126709,0.004060431383550167,0.08361771702766418,0.47212761640548706,0.43031877279281616,0.2601049244403839,0.2933357357978821,0.26776742935180664,0.27634549140930176
30,S3,ComHvy,local,local,0,local,local,0,0.650287389755249,0.6746436357498169,0.02435624599456787,0.001472335308790207,0.04871252179145813,0.650287389755249,0.6746436357498169,0.14211727678775787,0.1367158591747284,0.2075953185558319,0.18864046037197113
30,S3,BWHvy,BS1,BS1,0,local,BS1,1,0.40053629875183105,0.5158891081809998,0.1153528094291687,0.026829570531845093,0.23070566356182098,0.3357420563697815,0.27510517835617065,0.40053629875183105,0.5158891081809998,0.26372164487838745,0.209005668759346
30,S4,LatCrit,BS1,BS1,0,BS1,BS1,0,0.433251291513443,0.41764092445373535,-0.015610367059707642,0.003185499459505081,0.07147759199142456,0.2981332540512085,0.27800482511520386,0.433251291513443,0.41764092445373535,0.2686154544353485,0.3043542504310608
30,S4,ComHvy,local,local,0,local,local,0,0.5627163052558899,0.4529258608818054,-0.10979044437408447,0.03055884689092636,0.2317909300327301,0.5627163052558899,0.4529258608818054,0.29634615778923035,0.4122416079044342,0.14093753695487976,0.134832501411438
30,S4,BWHvy,BS1,BS1,0,BS1,BS1,0,0.423417329788208,0.4922691285610199,0.06885179877281189,0.01665777899324894,0.13770350813865662,0.2307237982749939,0.16511660814285278,0.423417329788208,0.4922691285610199,0.3458588123321533,0.3426142930984497
30,S5,LatCrit,local,local,0,local,local,0,0.6387103199958801,0.6097164154052734,-0.02899390459060669,0.00848647765815258,0.10574552416801453,0.6387103199958801,0.6097164154052734,0.24075187742710114,0.2936246693134308,0.12053778767585754,0.09665895998477936
30,S5,ComHvy,local,local,0,local,local,0,0.6208952069282532,0.6364513635635376,0.015556156635284424,0.000748117920011282,0.03111232817173004,0.6208952069282532,0.6364513635635376,0.14606444537639618,0.13396619260311127,0.23304036259651184,0.22958244383335114
30,S5,BWHvy,BS1,BS1,0,BS2,BS2,0,0.39359167218208313,0.4518325626850128,0.05824089050292969,0.012369459494948387,0.11648181080818176,0.21558070182800293,0.16078227758407593,0.39359167218208313,0.4518325626850128,0.39082762598991394,0.38738512992858887
30,S6,LatCrit,local,local,0,local,local,0,0.5390050411224365,0.6112973093986511,0.0722922682762146,0.023125436156988144,0.1445845663547516,0.5390050411224365,0.6112973093986511,0.294857919216156,0.2893294394016266,0.16613708436489105,0.09937327355146408
30,S6,ComHvy,BS2,BS2,0,local,local,0,0.40623754262924194,0.40484797954559326,-0.0013895630836486816,0.0013014973374083638,0.03813658654689789,0.40466493368148804,0.3869861960411072,0.1890975534915924,0.20816583931446075,0.40623754262924194,0.40484797954559326
30,S6,BWHvy,BS2,BS2,0,BS2,BS1,1,0.38475289940834045,0.40033116936683655,0.015578269958496094,0.007708648219704628,0.10402083396911621,0.2784213423728943,0.22641092538833618,0.33682572841644287,0.3732578754425049,0.38475289940834045,0.40033116936683655
30,S7,LatCrit,local,local,0,local,local,0,0.4938703775405884,0.5328115224838257,0.038941144943237305,0.004280794411897659,0.07788221538066864,0.4938703775405884,0.5328115224838257,0.3192492127418518,0.31026491522789,0.18688036501407623,0.1569235920906067
30,S7,ComHvy,local,local,0,local,local,0,0.5703949928283691,0.5964722633361816,0.0260772705078125,0.0029035955667495728,0.057915493845939636,0.5703949928283691,0.5964722633361816,0.20128969848155975,0.17233197391033173,0.22831527888774872,0.23119577765464783
30,S7,BWHvy,BS1,BS1,0,BS1,BS1,0,0.4116055369377136,0.40167489647865295,-0.009930640459060669,0.006405722349882126,0.09634989500045776,0.2853841781616211,0.24713987112045288,0.4116055369377136,0.40167489647865295,0.30301031470298767,0.35118526220321655
30,S8,LatCrit,local,local,0,local,local,0,0.6253103017807007,0.6457356214523315,0.02042531967163086,0.003892377018928528,0.0669294148683548,0.6253103017807007,0.6457356214523315,0.17098680138587952,0.18402619659900665,0.2037028819322586,0.1702381819486618
30,S8,ComHvy,local,local,0,local,local,0,0.561731219291687,0.5336326360702515,-0.028098583221435547,0.0027124807238578796,0.0706806629896164,0.561731219291687,0.5336326360702515,0.08523660153150558,0.07799483090639114,0.3530322015285492,0.3883725106716156
30,S8,BWHvy,BS2,BS1,1,BS2,BS1,1,0.34527358412742615,0.4007916748523712,0.05551809072494507,0.022443946450948715,0.1802724301815033,0.3223053216934204,0.23216909170150757,0.33242109417915344,0.4007916748523712,0.34527358412742615,0.36703920364379883
31,S1,LatCrit,BS2,BS2,0,BS2,BS2,0,0.4082830548286438,0.4318643808364868,0.023581326007843018,0.001263616606593132,0.04716268181800842,0.21475529670715332,0.21183282136917114,0.3769616484642029,0.35630276799201965,0.4082830548286438,0.4318643808364868
31,S1,ComHvy,local,local,0,local,local,0,0.7026645541191101,0.7014816999435425,-0.001182854175567627,2.4677952751517296e-05,0.004876822233200073,0.7026645541191101,0.7014816999435425,0.16846254467964172,0.17090094089508057,0.12887288630008698,0.12761731445789337
31,S1,BWHvy,BS1,BS1,0,BS1,BS1,0,0.40208199620246887,0.42109018564224243,0.01900818943977356,0.006400726735591888,0.0908210277557373,0.23503804206848145,0.1896275281906128,0.40208199620246887,0.42109018564224243,0.3628799617290497,0.3892822861671448
31,S2,LatCrit,local,local,0,local,local,0,0.4725903272628784,0.5026727318763733,0.030082404613494873,0.0025242569390684366,0.060164764523506165,0.4725903272628784,0.5026727318763733,0.238496333360672,0.2120678573846817,0.2889133095741272,0.2852594256401062
31,S2,ComHvy,local,local,0,local,BS1,1,0.5483655333518982,0.40134507417678833,-0.14702045917510986,0.0526823028922081,0.29404085874557495,0.5483655333518982,0.40134507417678833,0.22325119376182556,0.35453516244888306,0.22838328778743744,0.24411973357200623
31,S2,BWHvy,BS1,BS1,0,BS1,BS1,0,0.43799498677253723,0.44525983929634094,0.007264852523803711,0.008637722581624985,0.10146111249923706,0.25902247428894043,0.2082918882369995,0.43799498677253723,0.44525983929634094,0.3029825687408447,0.34644824266433716
31,S3,LatCrit,local,local,0,local,local,0,0.43815380334854126,0.37570589780807495,-0.06244790554046631,0.01403757929801941,0.15506264567375183,0.43815380334854126,0.37570589780807495,0.26582422852516174,0.25074079632759094,0.296021968126297,0.3735532760620117
31,S3,ComHvy,local,local,0,local,local,0,0.6079058647155762,0.6058242321014404,-0.002081632614135742,0.0056264884769916534,0.06744381785392761,0.6079058647155762,0.6058242321014404,0.21594297885894775,0.24966491758823395,0.17615114152431488,0.1445108950138092
31,S3,BWHvy,local,BS1,1,local,BS1,1,0.3777819871902466,0.3789463937282562,0.0011644065380096436,0.01338697038590908,0.14141905307769775,0.3777819871902466,0.3130231499671936,0.30823686718940735,0.3789463937282562,0.31398114562034607,0.30803045630455017
31,S4,LatCrit,local,local,0,BS1,local,1,0.3409309983253479,0.35957086086273193,0.018639862537384033,0.0007831030525267124,0.037279754877090454,0.3409309983253479,0.35957086086273193,0.33194565773010254,0.319898396730423,0.32712334394454956,0.3205307126045227
31,S4,ComHvy,local,local,0,local,local,0,0.6597956418991089,0.6330270171165466,-0.026768624782562256,0.009204909205436707,0.10533568263053894,0.6597956418991089,0.6330270171165466,0.20813938975334167,0.26080721616744995,0.13206498324871063,0.10616575181484222
31,S4,BWHvy,BS2,BS2,0,BS1,BS1,0,0.43805935978889465,0.4532322883605957,0.01517292857170105,0.0045502642169594765,0.07048362493515015,0.18850445747375488,0.15326261520385742,0.37343621253967285,0.3935050666332245,0.43805935978889465,0.4532322883605957
31,S5,LatCrit,local,local,0,local,local,0,0.5624063014984131,0.5417274236679077,-0.02067887783050537,0.003988908603787422,0.07761301100254059,0.5624063014984131,0.5417274236679077,0.28967490792274475,0.32848137617111206,0.14791883528232574,0.12979117035865784
31,S5,ComHvy,local,local,0,local,local,0,0.5088160634040833,0.487302303314209,-0.021513760089874268,0.01655483990907669,0.13943450152873993,0.5088160634040833,0.487302303314209,0.1520465910434723,0.10384310781955719,0.33913734555244446,0.408854603767395
31,S5,BWHvy,BS1,BS1,0,BS1,BS1,0,0.4136368930339813,0.40347930788993835,-0.010157585144042969,0.005634967237710953,0.09055566787719727,0.25389909744262695,0.2187788486480713,0.4136368930339813,0.40347930788993835,0.33246397972106934,0.37774181365966797
31,S6,LatCrit,BS1,BS1,0,BS1,BS1,0,0.43069925904273987,0.4896495044231415,0.05895024538040161,0.007823249325156212,0.1179005354642868,0.3774718642234802,0.35133451223373413,0.43069925904273987,0.4896495044231415,0.1918288916349411,0.159015953540802
31,S6,ComHvy,local,BS1,1,BS1,BS1,0,0.3421507477760315,0.3820227384567261,0.03987199068069458,0.009368018247187138,0.12126690149307251,0.3421507477760315,0.2815173268318176,0.3354189693927765,0.3820227384567261,0.32243025302886963,0.3364599645137787
31,S6,BWHvy,BS1,BS1,0,BS2,BS1,1,0.3490433692932129,0.38579508662223816,0.03675171732902527,0.0033281156793236732,0.07350343465805054,0.30393558740615845,0.27551931142807007,0.3490433692932129,0.38579508662223816,0.34702107310295105,0.33868563175201416
31,S7,LatCrit,local,local,0,local,local,0,0.5335465669631958,0.5982261896133423,0.06467962265014648,0.022129982709884644,0.12935927510261536,0.5335465669631958,0.5982261896133423,0.31444084644317627,0.31296083331108093,0.15201260149478912,0.08881296217441559
31,S7,ComHvy,local,local,0,local,local,0,0.6162172555923462,0.6766742467880249,0.06045699119567871,0.012269821017980576,0.12091398239135742,0.6162172555923462,0.6766742467880249,0.13575080037117004,0.09241363406181335,0.24803192913532257,0.23091210424900055
31,S7,BWHvy,BS1,BS1,0,BS2,BS2,0,0.35231804847717285,0.347947359085083,-0.004370689392089844,4.301359876990318e-05,0.008741378784179688,0.3146621584892273,0.3173534870147705,0.35231804847717285,0.347947359085083,0.33301979303359985,0.3346991539001465
31,S8,LatCrit,local,local,0,local,local,0,0.4201299548149109,0.4410395622253418,0.020909607410430908,0.007393192499876022,0.10560518503189087,0.4201299548149109,0.4410395622253418,0.27436214685440063,0.30625513195991516,0.3055078983306885,0.25270530581474304
31,S8,ComHvy,local,local,0,local,local,0,0.7268892526626587,0.7240809798240662,-0.0028082728385925293,0.0016451552510261536,0.03200477361679077,0.7268892526626587,0.7240809798240662,0.10197266936302185,0.08877857029438019,0.17113803327083588,0.18714043498039246
31,S8,BWHvy,BS1,BS1,0,BS1,BS1,0,0.41542550921440125,0.4553435444831848,0.03991803526878357,0.012156050652265549,0.12854966521263123,0.2618134021759033,0.1975385546684265,0.41542550921440125,0.4553435444831848,0.3227611482143402,0.34711793065071106
32,S1,LatCrit,local,local,0,BS1,BS1,0,0.502948522567749,0.4720369577407837,-0.030911564826965332,0.0020798216573894024,0.06182315945625305,0.502948522567749,0.4720369577407837,0.285022497177124,0.3094789981842041,0.21202895045280457,0.2184840440750122
32,S1,ComHvy,local,local,0,local,local,0,0.5450499653816223,0.6009514331817627,0.05590146780014038,0.0064997486770153046,0.11180295050144196,0.5450499653816223,0.6009514331817627,0.25359365344047546,0.21893689036369324,0.20135639607906342,0.18011167645454407
32,S1,BWHvy,local,local,0,local,local,0,0.6391854882240295,0.5957047939300537,-0.04348069429397583,0.005072804167866707,0.08696138858795166,0.6391854882240295,0.5957047939300537,0.21599248051643372,0.22643302381038666,0.14482201635837555,0.17786216735839844
32,S2,LatCrit,local,local,0,local,local,0,0.706137478351593,0.7125668525695801,0.0064293742179870605,0.0003725271672010422,0.01902484893798828,0.706137478351593,0.7125668525695801,0.14170582592487335,0.14478886127471924,0.15215669572353363,0.1426442563533783
32,S2,ComHvy,local,local,0,BS2,BS2,0,0.43198543787002563,0.3774188756942749,-0.05456656217575073,0.0074320584535598755,0.10913312435150146,0.43198543787002563,0.3774188756942749,0.2987975478172302,0.3476468324661255,0.26921701431274414,0.2749342918395996
32,S2,BWHvy,local,local,0,local,local,0,0.5715606808662415,0.5620689988136292,-0.009491682052612305,0.00024518262944184244,0.018983393907546997,0.5715606808662415,0.5620689988136292,0.2562710642814636,0.2655903697013855,0.17216825485229492,0.17234066128730774
32,S3,LatCrit,local,local,0,BS1,BS1,0,0.55138099193573,0.5411472320556641,-0.010233759880065918,0.0004754501860588789,0.026487812399864197,0.55138099193573,0.5411472320556641,0.23637959361076355,0.24962347745895386,0.21223944425582886,0.2092292755842209
32,S3,ComHvy,local,local,0,BS1,BS1,0,0.4247308373451233,0.4415430426597595,0.01681220531463623,0.0010319668799638748,0.03362444043159485,0.4247308373451233,0.4415430426597595,0.37024110555648804,0.3699948191642761,0.20502808690071106,0.18846213817596436
32,S3,BWHvy,local,local,0,local,local,0,0.6424661874771118,0.6343949437141418,-0.00807124376296997,0.0028839167207479477,0.0533638596534729,0.6424661874771118,0.6343949437141418,0.18923166394233704,0.21591360867023468,0.16830211877822876,0.14969144761562347
32,S4,LatCrit,local,local,0,local,local,0,0.6635358333587646,0.6680808067321777,0.004544973373413086,0.00021817348897457123,0.01583239436149597,0.6635358333587646,0.6680808067321777,0.13804306089878082,0.14141429960727692,0.19842107594013214,0.19050489366054535
32,S4,ComHvy,local,local,0,local,local,0,0.5650238990783691,0.6127684116363525,0.0477445125579834,0.008129645138978958,0.09548898041248322,0.5650238990783691,0.6127684116363525,0.28496110439300537,0.27595651149749756,0.1500149965286255,0.11127512156963348
32,S4,BWHvy,local,local,0,local,local,0,0.5756216049194336,0.559361457824707,-0.016260147094726562,0.002507183700799942,0.05845050513744354,0.5756216049194336,0.559361457824707,0.20971086621284485,0.23893609642982483,0.21466754376888275,0.20170241594314575
32,S5,LatCrit,local,local,0,local,local,0,0.7222435474395752,0.7447577714920044,0.0225142240524292,0.0022601820528507233,0.04502846300601959,0.7222435474395752,0.7447577714920044,0.18523363769054413,0.17996615171432495,0.09252281486988068,0.07527606189250946
32,S5,ComHvy,local,local,0,local,local,0,0.4986810088157654,0.4617123603820801,-0.0369686484336853,0.004282861948013306,0.08647266030311584,0.4986810088157654,0.4617123603820801,0.18794670701026917,0.18167901039123535,0.31337228417396545,0.3566085994243622
32,S5,BWHvy,local,local,0,local,local,0,0.6212670207023621,0.6093661189079285,-0.011900901794433594,0.0007878048345446587,0.03258582949638367,0.6212670207023621,0.6093661189079285,0.20468783378601074,0.22098074853420258,0.1740451604127884,0.16965314745903015
32,S6,LatCrit,local,local,0,local,local,0,0.5806110501289368,0.5206170082092285,-0.05999404191970825,0.009927880950272083,0.12094876170158386,0.5806110501289368,0.5206170082092285,0.23765961825847626,0.2981339991092682,0.18172934651374817,0.1812490075826645
32,S6,ComHvy,BS2,BS2,0,local,local,0,0.38970425724983215,0.37208250164985657,-0.017621755599975586,0.000661289319396019,0.035243481397628784,0.3094434142112732,0.318894624710083,0.30085235834121704,0.3090228736400604,0.38970425724983215,0.37208250164985657
32,S6,BWHvy,local,local,0,local,local,0,0.6561314463615417,0.6622000932693481,0.0060686469078063965,0.0002678819000720978,0.017130792140960693,0.6561314463615417,0.6622000932693481,0.1729552298784256,0.17545196413993835,0.17091333866119385,0.1623479276895523
32,S7,LatCrit,local,local,0,local,local,0,0.6083803772926331,0.616910457611084,0.008530080318450928,0.0053568035364151,0.06496180593967438,0.6083803772926331,0.616910457611084,0.24369166791439056,0.2676424980163574,0.14792793989181519,0.1154470443725586
32,S7,ComHvy,local,local,0,local,local,0,0.4361715316772461,0.48306989669799805,0.04689836502075195,0.005329754203557968,0.0937967300415039,0.4361715316772461,0.48306989669799805,0.2090303748846054,0.20596064627170563,0.3547981083393097,0.3109694719314575
32,S7,BWHvy,local,local,0,local,local,0,0.6468325257301331,0.6195791959762573,-0.027253329753875732,0.002775769680738449,0.054506704211235046,0.6468325257301331,0.6195791959762573,0.2020706981420517,0.20215119421482086,0.15109677612781525,0.1782696545124054
32,S8,LatCrit,local,local,0,local,local,0,0.5428197383880615,0.478956401348114,-0.06386333703994751,0.027553219348192215,0.21066775918006897,0.5428197383880615,0.478956401348114,0.2180187851190567,0.3233526647090912,0.2391614466905594,0.1976909041404724
32,S8,ComHvy,local,local,0,local,local,0,0.4794476628303528,0.581345796585083,0.10189813375473022,0.022143658250570297,0.20379626750946045,0.4794476628303528,0.581345796585083,0.1733020544052124,0.1265457272529602,0.3472502529621124,0.2921084463596344
32,S8,BWHvy,local,local,0,local,local,0,0.5911142826080322,0.569858193397522,-0.021256089210510254,0.0013620499521493912,0.04251214861869812,0.5911142826080322,0.569858193397522,0.20876365900039673,0.20968137681484222,0.20012205839157104,0.22046039998531342
33,S1,LatCrit,local,local,0,BS1,BS1,0,0.4087062478065491,0.5188871622085571,0.11018091440200806,0.029932089149951935,0.2203618586063385,0.4087062478065491,0.5188871622085571,0.2525634467601776,0.23840779066085815,0.3387303054332733,0.24270501732826233
33,S1,ComHvy,local,local,0,local,local,0,0.5305235981941223,0.5362427234649658,0.005719125270843506,0.001194545067846775,0.03841078281402588,0.5305235981941223,0.5362427234649658,0.25882241129875183,0.2396170198917389,0.21065397560596466,0.2241402417421341
33,S1,BWHvy,local,local,0,local,local,0,0.49726998805999756,0.6324577331542969,0.13518774509429932,0.038194648921489716,0.27037549018859863,0.49726998805999756,0.6324577331542969,0.24667403101921082,0.18685422837734222,0.2560559809207916,0.1806880235671997
33,S2,LatCrit,local,local,0,local,local,0,0.48148608207702637,0.5370270013809204,0.05554091930389404,0.006600295193493366,0.11108183860778809,0.48148608207702637,0.5370270013809204,0.3002893626689911,0.25891008973121643,0.21822455525398254,0.20406290888786316
33,S2,ComHvy,local,local,0,local,local,0,0.6307708024978638,0.649201512336731,0.018430709838867188,0.0007704086601734161,0.03686143457889557,0.6307708024978638,0.649201512336731,0.2172168493270874,0.2085835337638855,0.15201233327388763,0.14221492409706116
33,S2,BWHvy,local,local,0,local,local,0,0.5400863885879517,0.6701830625534058,0.1300966739654541,0.03762517496943474,0.2601933479309082,0.5400863885879517,0.6701830625534058,0.2244347631931305,0.17317841947078705,0.23547886312007904,0.15663854777812958
33,S3,LatCrit,local,local,0,local,local,0,0.7087552547454834,0.7615089416503906,0.05275368690490723,0.009002547711133957,0.10550740361213684,0.7087552547454834,0.7615089416503906,0.14566078782081604,0.13206741213798523,0.14558400213718414,0.10642366111278534
33,S3,ComHvy,local,local,0,local,local,0,0.512926459312439,0.46896064281463623,-0.043965816497802734,0.004041684791445732,0.08793163299560547,0.512926459312439,0.46896064281463623,0.22823727130889893,0.255844384431839,0.2588362693786621,0.2751949727535248
33,S3,BWHvy,local,local,0,local,local,0,0.66413414478302,0.764214038848877,0.10007989406585693,0.034549281001091,0.20015984773635864,0.66413414478302,0.764214038848877,0.16006042063236237,0.13937996327877045,0.1758054792881012,0.0964059829711914
33,S4,LatCrit,local,local,0,local,local,0,0.5152856111526489,0.5987774133682251,0.08349180221557617,0.014254193753004074,0.16698358952999115,0.5152856111526489,0.5987774133682251,0.21910350024700165,0.1819165199995041,0.26561087369918823,0.2193060666322708
33,S4,ComHvy,local,local,0,BS1,BS1,0,0.39404022693634033,0.4087064862251282,0.014666259288787842,0.019442088901996613,0.16153466701507568,0.39404022693634033,0.4087064862251282,0.29387328028678894,0.35997438430786133,0.31208646297454834,0.23131915926933289
33,S4,BWHvy,local,local,0,local,local,0,0.46849268674850464,0.5838992595672607,0.1154065728187561,0.033567607402801514,0.2308131605386734,0.46849268674850464,0.5838992595672607,0.24588388204574585,0.22530849277973175,0.2856234610080719,0.1907922625541687
33,S5,LatCrit,local,local,0,local,local,0,0.6202525496482849,0.7268713116645813,0.10661876201629639,0.03793315589427948,0.21323752403259277,0.6202525496482849,0.7268713116645813,0.20801228284835815,0.18160004913806915,0.17173518240451813,0.09152864664793015
33,S5,ComHvy,local,BS2,1,BS1,BS1,0,0.4067493677139282,0.37848442792892456,-0.028264939785003662,0.024367161095142365,0.20515969395637512,0.4067493677139282,0.30416953563690186,0.2857140004634857,0.3173460364341736,0.30753660202026367,0.37848442792892456
33,S5,BWHvy,local,local,0,local,local,0,0.557019054889679,0.707461953163147,0.15044289827346802,0.05109844356775284,0.30088579654693604,0.557019054889679,0.707461953163147,0.23417894542217255,0.16133162379264832,0.2088019996881485,0.13120640814304352
33,S6,LatCrit,local,local,0,local,local,0,0.6258963346481323,0.6563976407051086,0.03050130605697632,0.003657715395092964,0.061002664268016815,0.6258963346481323,0.6563976407051086,0.2336139976978302,0.2297840118408203,0.14048969745635986,0.11381832510232925
33,S6,ComHvy,local,local,0,local,local,0,0.46975356340408325,0.4948749542236328,0.02512139081954956,0.0027858633548021317,0.06625114381313324,0.46975356340408325,0.4948749542236328,0.2961682677268982,0.263042688369751,0.23407818377017975,0.2420823574066162
33,S6,BWHvy,local,local,0,local,local,0,0.5122504830360413,0.6358013153076172,0.12355083227157593,0.032060470432043076,0.24710161983966827,0.5122504830360413,0.6358013153076172,0.23391924798488617,0.18073397874832153,0.2538302540779114,0.18346473574638367
33,S7,LatCrit,local,local,0,local,local,0,0.6170285940170288,0.6511055827140808,0.034076988697052,0.004932839423418045,0.06815396994352341,0.6170285940170288,0.6511055827140808,0.24166660010814667,0.2386200726032257,0.14130479097366333,0.11027433723211288
33,S7,ComHvy,local,BS2,1,BS1,BS1,0,0.36310631036758423,0.37981268763542175,0.016706377267837524,0.005736749619245529,0.09808751940727234,0.36310631036758423,0.31406259536743164,0.27459636330604553,0.3061247766017914,0.36229729652404785,0.37981268763542175
33,S7,BWHvy,local,local,0,local,local,0,0.4470861554145813,0.5721298456192017,0.12504369020462036,0.031693071126937866,0.2500874102115631,0.4470861554145813,0.5721298456192017,0.2546077370643616,0.2026791125535965,0.29830610752105713,0.22519101202487946
33,S8,LatCrit,local,local,0,local,local,0,0.5023155212402344,0.578889787197113,0.07657426595687866,0.019907191395759583,0.16293616592884064,0.5023155212402344,0.578889787197113,0.21372218430042267,0.21861600875854492,0.28396230936050415,0.20249423384666443
33,S8,ComHvy,local,local,0,local,local,0,0.5809955596923828,0.5327092409133911,-0.0482863187789917,0.02380945533514023,0.18626810610294342,0.5809955596923828,0.5327092409133911,0.2090209424495697,0.1641732007265091,0.2099834680557251,0.3031175136566162
33,S8,BWHvy,local,local,0,local,local,0,0.5123746395111084,0.6547813415527344,0.14240670204162598,0.04275890439748764,0.28481346368789673,0.5123746395111084,0.6547813415527344,0.2455582320690155,0.1730370968580246,0.2420671582221985,0.17218151688575745
34,S1,LatCrit,local,local,0,local,local,0,0.47745686769485474,0.5019027590751648,0.02444589138031006,0.0035709310322999954,0.07683663070201874,0.47745686769485474,0.5019027590751648,0.32067957520484924,0.28226128220558167,0.20186352729797363,0.21583597362041473
34,S1,ComHvy,local,local,0,local,local,0,0.5538005828857422,0.5790235996246338,0.0252230167388916,0.001299339346587658,0.0504460334777832,0.5538005828857422,0.5790235996246338,0.19673018157482147,0.18601413071155548,0.24946922063827515,0.23496225476264954
34,S1,BWHvy,local,local,0,local,local,0,0.5216586589813232,0.6164718866348267,0.09481322765350342,0.02055429480969906,0.18962647020816803,0.5216586589813232,0.6164718866348267,0.2715971767902374,0.20028169453144073,0.20674417912960052,0.1832464188337326
34,S2,LatCrit,local,local,0,local,local,0,0.5761736631393433,0.558770477771759,-0.01740318536758423,0.015266139060258865,0.12851279973983765,0.5761736631393433,0.558770477771759,0.1682453751564026,0.12139218300580978,0.25558093190193176,0.319837361574173
34,S2,ComHvy,local,local,0,local,local,0,0.514029324054718,0.5369908809661865,0.022961556911468506,0.002035893499851227,0.05149570107460022,0.514029324054718,0.5369908809661865,0.2509053647518158,0.2536916434764862,0.235065296292305,0.2093174308538437
34,S2,BWHvy,local,local,0,local,local,0,0.4852352738380432,0.6057412624359131,0.12050598859786987,0.03087913617491722,0.24101199209690094,0.4852352738380432,0.6057412624359131,0.27791693806648254,0.19926957786083221,0.23684777319431305,0.1949891299009323
34,S3,LatCrit,local,local,0,local,local,0,0.5553473830223083,0.5779767632484436,0.022629380226135254,0.002399197779595852,0.056188344955444336,0.5553473830223083,0.5779767632484436,0.2285858392715454,0.20049166679382324,0.21606676280498505,0.22153155505657196
34,S3,ComHvy,local,BS2,1,local,BS2,1,0.38559335470199585,0.39286574721336365,0.007272392511367798,0.005385514348745346,0.09782743453979492,0.38559335470199585,0.3366796374320984,0.25704383850097656,0.27045464515686035,0.35736283659935,0.39286574721336365
34,S3,BWHvy,local,local,0,local,local,0,0.4640539884567261,0.592964768409729,0.12891077995300293,0.033855363726615906,0.25782158970832825,0.4640539884567261,0.592964768409729,0.2567456066608429,0.19986820220947266,0.27920040488243103,0.20716699957847595
34,S4,LatCrit,local,local,0,local,local,0,0.4221891760826111,0.4497435688972473,0.02755439281463623,0.01141941174864769,0.13264447450637817,0.4221891760826111,0.4497435688972473,0.32492509484291077,0.2586028575897217,0.25288575887680054,0.2916536033153534
34,S4,ComHvy,local,local,0,local,local,0,0.5655679702758789,0.594054102897644,0.028486132621765137,0.00496065616607666,0.07489009201526642,0.5655679702758789,0.594054102897644,0.23811985552310944,0.2470787614583969,0.19631220400333405,0.15886715054512024
34,S4,BWHvy,local,local,0,local,local,0,0.5844581127166748,0.7168617248535156,0.13240361213684082,0.045461803674697876,0.26480722427368164,0.5844581127166748,0.7168617248535156,0.1804511845111847,0.10082429647445679,0.2350907176733017,0.18231399357318878
34,S5,LatCrit,BS1,local,1,BS1,BS1,0,0.3792265057563782,0.4226945638656616,0.04346805810928345,0.012504978105425835,0.1535714715719223,0.3459088206291199,0.4226945638656616,0.3792265057563782,0.3281741440296173,0.27486464381217957,0.24913127720355988
34,S5,ComHvy,local,local,0,local,local,0,0.5786290168762207,0.5445133447647095,-0.03411567211151123,0.002793760970234871,0.06823140382766724,0.5786290168762207,0.5445133447647095,0.20860832929611206,0.2151472419500351,0.21276262402534485,0.24033944308757782
34,S5,BWHvy,local,local,0,BS1,local,1,0.4573037624359131,0.572946310043335,0.11564254760742188,0.03205590695142746,0.23128506541252136,0.4573037624359131,0.572946310043335,0.2862226963043213,0.19599108397960663,0.25647351145744324,0.2310626059770584
34,S6,LatCrit,BS1,BS1,0,local,local,0,0.3994637429714203,0.40157562494277954,0.002111881971359253,0.0002455068752169609,0.01774899661540985,0.37559741735458374,0.38236004114151,0.3994637429714203,0.40157562494277954,0.22493882477283478,0.21606433391571045
34,S6,ComHvy,local,local,0,local,local,0,0.8003795742988586,0.8014897108078003,0.0011101365089416504,0.009763341397047043,0.06303396075963974,0.8003795742988586,0.8014897108078003,0.08572780340909958,0.1161346510052681,0.11389265209436417,0.0823756754398346
34,S6,BWHvy,local,local,0,BS2,local,1,0.403780996799469,0.5100746154785156,0.10629361867904663,0.02395397052168846,0.21258726716041565,0.403780996799469,0.5100746154785156,0.27247896790504456,0.23968806862831116,0.32374003529548645,0.25023728609085083
34,S7,LatCrit,BS1,BS1,0,BS1,BS1,0,0.47671064734458923,0.4727708399295807,-0.003939807415008545,0.002293964847922325,0.05218030512332916,0.3103441596031189,0.3364343047142029,0.47671064734458923,0.4727708399295807,0.21294522285461426,0.19079487025737762
34,S7,ComHvy,local,local,0,local,local,0,0.510439932346344,0.49209290742874146,-0.01834702491760254,0.007261991500854492,0.09849271923303604,0.510439932346344,0.49209290742874146,0.151842400431633,0.12094304710626602,0.3377176821231842,0.38696402311325073
34,S7,BWHvy,local,local,0,local,local,0,0.474224328994751,0.5882220268249512,0.1139976978302002,0.029349859803915024,0.227995365858078,0.474224328994751,0.5882220268249512,0.2792661488056183,0.19667589664459229,0.24650952219963074,0.21510210633277893
34,S8,LatCrit,BS2,BS2,0,local,local,0,0.44137489795684814,0.47073155641555786,0.029356658458709717,0.007848495617508888,0.09119372069835663,0.36921167373657227,0.3854518532752991,0.18941344320774078,0.14381656050682068,0.44137489795684814,0.47073155641555786
34,S8,ComHvy,local,local,0,BS1,BS2,1,0.40428972244262695,0.36611026525497437,-0.03817945718765259,0.005731232464313507,0.09880968928337097,0.40428972244262695,0.36611026525497437,0.28746241331100464,0.27623704075813293,0.30824780464172363,0.3576526641845703
34,S8,BWHvy,local,local,0,BS2,local,1,0.4548887610435486,0.5799230337142944,0.12503427267074585,0.037023693323135376,0.2500685453414917,0.4548887610435486,0.5799230337142944,0.30762335658073425,0.20736800134181976,0.23748788237571716,0.212708979845047
35,S1,LatCrit,local,local,0,local,local,0,0.7376902103424072,0.7687007188796997,0.03101050853729248,0.005291018635034561,0.062021031975746155,0.7376902103424072,0.7687007188796997,0.1599508374929428,0.15670384466648102,0.10235898941755295,0.07459545880556107
35,S1,ComHvy,BS1,local,1,local,local,0,0.4285188615322113,0.5112912654876709,0.0827724039554596,0.03323129564523697,0.22362756729125977,0.399477481842041,0.5112912654876709,0.4285188615322113,0.38291406631469727,0.17200365662574768,0.10579467564821243
35,S1,BWHvy,local,local,0,local,local,0,0.8794724941253662,0.9219877123832703,0.04251521825790405,0.011682748794555664,0.0850304365158081,0.8794724941253662,0.9219877123832703,0.06632305681705475,0.03851782903075218,0.05420443043112755,0.03949443995952606
35,S2,LatCrit,local,local,0,local,local,0,0.755003809928894,0.7699370384216309,0.014933228492736816,0.0013040050398558378,0.02986646443605423,0.755003809928894,0.7699370384216309,0.06423277407884598,0.05297037959098816,0.18076345324516296,0.17709261178970337
35,S2,ComHvy,local,local,0,local,local,0,0.4878590703010559,0.47683465480804443,-0.011024415493011475,0.0035431422293186188,0.06517870724201202,0.4878590703010559,0.47683465480804443,0.12430581450462341,0.10274086892604828,0.3878351151943207,0.4204244613647461
35,S2,BWHvy,local,local,0,local,local,0,0.7740733623504639,0.8557062149047852,0.08163285255432129,0.023759104311466217,0.1632656753063202,0.7740733623504639,0.8557062149047852,0.12298199534416199,0.08035534620285034,0.10294461250305176,0.0639384314417839
35,S3,LatCrit,local,local,0,local,local,0,0.6524113416671753,0.7300068140029907,0.07759547233581543,0.015168193727731705,0.15519097447395325,0.6524113416671753,0.7300068140029907,0.17308560013771057,0.1428607851266861,0.17450308799743652,0.12713240087032318
35,S3,ComHvy,BS2,BS2,0,BS2,BS2,0,0.502739429473877,0.6103828549385071,0.10764342546463013,0.02415768802165985,0.21528689563274384,0.3239976167678833,0.2611469626426697,0.17326295375823975,0.12847013771533966,0.502739429473877,0.6103828549385071
35,S3,BWHvy,local,local,0,local,local,0,0.7678452730178833,0.8478925228118896,0.08004724979400635,0.02227449044585228,0.1600945144891739,0.7678452730178833,0.8478925228118896,0.09253675490617752,0.057134006172418594,0.13961796462535858,0.09497344493865967
35,S4,LatCrit,local,local,0,local,local,0,0.7956815361976624,0.8458734154701233,0.05019187927246094,0.008973764255642891,0.10038372874259949,0.7956815361976624,0.8458734154701233,0.0931428074836731,0.07192206382751465,0.11117564141750336,0.08220453560352325
35,S4,ComHvy,local,local,0,local,local,0,0.4429382085800171,0.5656833648681641,0.12274515628814697,0.038171760737895966,0.24549031257629395,0.4429382085800171,0.5656833648681641,0.27124059200286865,0.24779731035232544,0.28582116961479187,0.1865192949771881
35,S4,BWHvy,local,local,0,local,local,0,0.8030798435211182,0.8698920607566833,0.06681221723556519,0.018878117203712463,0.13362444937229156,0.8030798435211182,0.8698920607566833,0.10576676577329636,0.07766728848218918,0.09115341305732727,0.05244065448641777
35,S5,LatCrit,local,local,0,local,local,0,0.6698811054229736,0.7741667032241821,0.1042855978012085,0.02958459034562111,0.208571195602417,0.6698811054229736,0.7741667032241821,0.1311480849981308,0.09913994371891022,0.19897082448005676,0.12669336795806885
35,S5,ComHvy,local,local,0,local,local,0,0.540359377861023,0.49640166759490967,-0.04395771026611328,0.007860982790589333,0.10263529419898987,0.540359377861023,0.49640166759490967,0.19089284539222717,0.2422104775905609,0.2687477767467499,0.26138782501220703
35,S5,BWHvy,local,local,0,local,local,0,0.8102548718452454,0.8918264508247375,0.08157157897949219,0.028932195156812668,0.16314315795898438,0.8102548718452454,0.8918264508247375,0.11583264172077179,0.06513140350580215,0.07391250878572464,0.04304216057062149
35,S6,LatCrit,local,local,0,local,local,0,0.5442684888839722,0.5228328704833984,-0.02143561840057373,0.01673586666584015,0.14231033623218536,0.5442684888839722,0.5228328704833984,0.27509191632270813,0.3462471067905426,0.1806395798921585,0.13092005252838135
35,S6,ComHvy,local,local,0,local,local,0,0.4492235779762268,0.46982771158218384,0.02060413360595703,0.012219283729791641,0.10351292043924332,0.4492235779762268,0.46982771158218384,0.38849911093711853,0.41965141892433167,0.16227732598781586,0.1105208471417427
35,S6,BWHvy,local,local,0,local,local,0,0.7956547737121582,0.8771271109580994,0.08147233724594116,0.026607416570186615,0.1629447042942047,0.7956547737121582,0.8771271109580994,0.10188588500022888,0.05834690108895302,0.1024593710899353,0.06452599912881851
35,S7,LatCrit,local,local,0,local,local,0,0.5441339015960693,0.5734554529190063,0.02932155132293701,0.0023597069084644318,0.05864313244819641,0.5441339015960693,0.5734554529190063,0.275430828332901,0.24683877825737,0.18043528497219086,0.17970575392246246
35,S7,ComHvy,BS1,BS1,0,BS2,BS2,0,0.43673041462898254,0.49706533551216125,0.06033492088317871,0.009484253823757172,0.12066981196403503,0.2173594832420349,0.1728622317314148,0.43673041462898254,0.49706533551216125,0.34591007232666016,0.33007243275642395
35,S7,BWHvy,local,local,0,local,local,0,0.7778031826019287,0.8359416723251343,0.058138489723205566,0.012110097333788872,0.11627693474292755,0.7778031826019287,0.8359416723251343,0.09506414085626602,0.0634697750210762,0.12713263928890228,0.10058856010437012
35,S8,LatCrit,local,local,0,local,local,0,0.5627076029777527,0.5793151259422302,0.01660752296447754,0.0007038488984107971,0.033215031027793884,0.5627076029777527,0.5793151259422302,0.2093871682882309,0.20675422251224518,0.22790522873401642,0.2139306664466858
35,S8,ComHvy,local,local,0,BS2,local,1,0.43317002058029175,0.5378007292747498,0.10463070869445801,0.029463088139891624,0.20926138758659363,0.43317002058029175,0.5378007292747498,0.26332953572273254,0.1777220368385315,0.3035004138946533,0.28447723388671875
35,S8,BWHvy,local,local,0,local,local,0,0.8034244775772095,0.8778926134109497,0.07446813583374023,0.023910094052553177,0.14893627166748047,0.8034244775772095,0.8778926134109497,0.09252461045980453,0.04994100704789162,0.10405094921588898,0.07216640561819077
36,S1,LatCrit,local,local,0,local,local,0,0.8028494715690613,0.8028830885887146,3.361701965332031e-05,0.0004715370014309883,0.013662554323673248,0.8028494715690613,0.8028830885887146,0.09616914391517639,0.10296680778265,0.10098138451576233,0.094150111079216
36,S1,ComHvy,local,local,0,local,local,0,0.4667699337005615,0.5679072141647339,0.10113728046417236,0.03327339142560959,0.2022746503353119,0.4667699337005615,0.5679072141647339,0.3096649944782257,0.29578348994255066,0.22356510162353516,0.13630923628807068
36,S1,BWHvy,local,local,0,local,local,0,0.8872154951095581,0.9114395976066589,0.02422410249710083,0.0033882111310958862,0.048448190093040466,0.8872154951095581,0.9114395976066589,0.06144418567419052,0.047482721507549286,0.05134032294154167,0.04107769951224327
36,S2,LatCrit,local,local,0,local,local,0,0.6513526439666748,0.5772398710250854,-0.07411277294158936,0.011642459779977798,0.1482256054878235,0.6513526439666748,0.5772398710250854,0.20610149204730988,0.25624558329582214,0.14254583418369293,0.1665145754814148
36,S2,ComHvy,local,local,0,local,local,0,0.44822293519973755,0.5869216918945312,0.1386987566947937,0.04098154604434967,0.2773974537849426,0.44822293519973755,0.5869216918945312,0.3218139708042145,0.258396714925766,0.22996309399604797,0.15468163788318634
36,S2,BWHvy,local,local,0,local,local,0,0.74786376953125,0.806900143623352,0.05903637409210205,0.011726681143045425,0.11807279288768768,0.74786376953125,0.806900143623352,0.12127065658569336,0.1026286855340004,0.13086560368537903,0.09047115594148636
36,S3,LatCrit,local,local,0,local,local,0,0.6791998147964478,0.724087119102478,0.04488730430603027,0.0051175616681575775,0.08977458626031876,0.6791998147964478,0.724087119102478,0.1739436686038971,0.1547815054655075,0.14685653150081635,0.12113141268491745
36,S3,ComHvy,BS2,BS2,0,BS2,BS2,0,0.4065665602684021,0.4384556710720062,0.031889110803604126,0.0075293853878974915,0.09779748320579529,0.35926616191864014,0.37627577781677246,0.23416727781295776,0.18526852130889893,0.4065665602684021,0.4384556710720062
36,S3,BWHvy,local,local,0,local,local,0,0.7881718873977661,0.814134418964386,0.025962531566619873,0.0021582944318652153,0.051925040781497955,0.7881718873977661,0.814134418964386,0.09810914844274521,0.08675774186849594,0.11371896415948868,0.09910786151885986
36,S4,LatCrit,local,local,0,local,local,0,0.7949156165122986,0.8037309050559998,0.008815288543701172,0.00034092599526047707,0.017630577087402344,0.7949156165122986,0.8037309050559998,0.10453186184167862,0.10306023061275482,0.10055254399776459,0.09320888668298721
36,S4,ComHvy,local,local,0,local,local,0,0.5459846258163452,0.6513919234275818,0.10540729761123657,0.023593652993440628,0.21081461012363434,0.5459846258163452,0.6513919234275818,0.1747131496667862,0.1360439956188202,0.2793022096157074,0.21256405115127563
36,S4,BWHvy,local,local,0,local,local,0,0.8307023048400879,0.857225239276886,0.026522934436798096,0.0028099194169044495,0.05304586887359619,0.8307023048400879,0.857225239276886,0.07941287755966187,0.0690450668334961,0.08988480269908905,0.07372967898845673
36,S5,LatCrit,local,local,0,local,local,0,0.6408857703208923,0.682170033454895,0.041284263134002686,0.0038679223507642746,0.08256854116916656,0.6408857703208923,0.682170033454895,0.15747570991516113,0.1410573571920395,0.20163853466510773,0.1767726093530655
36,S5,ComHvy,local,local,0,local,local,0,0.450919508934021,0.47350049018859863,0.022580981254577637,0.006605952978134155,0.09320524334907532,0.450919508934021,0.47350049018859863,0.3072505295276642,0.331272155046463,0.241829976439476,0.19522733986377716
36,S5,BWHvy,local,local,0,local,local,0,0.8480651378631592,0.8870418667793274,0.03897672891616821,0.007074030116200447,0.07795342803001404,0.8480651378631592,0.8870418667793274,0.08901773393154144,0.06858133524656296,0.06291711330413818,0.044376812875270844
36,S6,LatCrit,local,local,0,local,local,0,0.6498894691467285,0.6746017932891846,0.024712324142456055,0.00708739273250103,0.08671443164348602,0.6498894691467285,0.6746017932891846,0.19823633134365082,0.1548791229724884,0.15187421441078186,0.17051911354064941
36,S6,ComHvy,local,local,0,BS1,BS1,0,0.47513461112976074,0.4536592960357666,-0.02147531509399414,0.005366595461964607,0.09239405393600464,0.47513461112976074,0.4536592960357666,0.2653646171092987,0.311561644077301,0.25950077176094055,0.23477905988693237
36,S6,BWHvy,local,local,0,local,local,0,0.8243504762649536,0.8509852290153503,0.02663475275039673,0.002671309746801853,0.05326952785253525,0.8243504762649536,0.8509852290153503,0.08715461939573288,0.07388197630643845,0.08849490433931351,0.07513277232646942
36,S7,LatCrit,local,local,0,local,BS1,1,0.6001928448677063,0.5418809652328491,-0.05831187963485718,0.007763903588056564,0.11662380397319794,0.6001928448677063,0.5418809652328491,0.24598532915115356,0.2671602666378021,0.15382184088230133,0.19095882773399353
36,S7,ComHvy,BS2,BS2,0,BS2,BS2,0,0.45726966857910156,0.5353241562843323,0.07805448770523071,0.01411367952823639,0.15610897541046143,0.17465537786483765,0.13175159692764282,0.3680749833583832,0.3329242765903473,0.45726966857910156,0.5353241562843323
36,S7,BWHvy,local,local,0,local,local,0,0.681570291519165,0.688072919845581,0.006502628326416016,0.0001331297680735588,0.013005286455154419,0.681570291519165,0.688072919845581,0.14234793186187744,0.1417401134967804,0.17608174681663513,0.17018690705299377
36,S8,LatCrit,local,local,0,local,local,0,0.6174782514572144,0.6495993137359619,0.03212106227874756,0.002238636836409569,0.0642421543598175,0.6174782514572144,0.6495993137359619,0.16949565708637238,0.15579745173454285,0.21302612125873566,0.19460323452949524
36,S8,ComHvy,local,local,0,local,local,0,0.4909113645553589,0.5040722489356995,0.013160884380340576,0.0004110494628548622,0.026321768760681152,0.4909113645553589,0.5040722489356995,0.27714526653289795,0.2739120125770569,0.23194338381290436,0.22201575338840485
36,S8,BWHvy,local,local,0,local,local,0,0.8111081123352051,0.8571928143501282,0.046084702014923096,0.008467847481369972,0.09216935932636261,0.8111081123352051,0.8571928143501282,0.08770041167736053,0.06134622544050217,0.101191446185112,0.08146097511053085
37,S1,LatCrit,local,local,0,local,local,0,0.7807610630989075,0.6960341930389404,-0.08472687005996704,0.018260177224874496,0.16945374011993408,0.7807610630989075,0.6960341930389404,0.09687907993793488,0.14095906913280487,0.12235986441373825,0.1630067527294159
37,S1,ComHvy,local,local,0,local,local,0,0.5333606004714966,0.6751747727394104,0.14181417226791382,0.043313004076480865,0.28362831473350525,0.5333606004714966,0.6751747727394104,0.2694721221923828,0.18623362481594086,0.19716723263263702,0.13859158754348755
37,S1,BWHvy,local,local,0,local,local,0,0.8186202645301819,0.7725360989570618,-0.04608416557312012,0.006374793127179146,0.09216836839914322,0.8186202645301819,0.7725360989570618,0.09184004366397858,0.11418910324573517,0.08953967690467834,0.11327482014894485
37,S2,LatCrit,local,local,0,local,local,0,0.6362507343292236,0.5295119285583496,-0.10673880577087402,0.024243544787168503,0.21347761154174805,0.6362507343292236,0.5295119285583496,0.16484254598617554,0.23063042759895325,0.19890668988227844,0.23985761404037476
37,S2,ComHvy,BS2,local,1,BS1,local,1,0.3938259184360504,0.5622963905334473,0.16847047209739685,0.06213398277759552,0.3440467119216919,0.3902730345726013,0.5622963905334473,0.21590107679367065,0.17444650828838348,0.3938259184360504,0.26325711607933044
37,S2,BWHvy,local,local,0,local,local,0,0.6873508095741272,0.6396108865737915,-0.04773992300033569,0.005650433711707592,0.09547990560531616,0.6873508095741272,0.6396108865737915,0.16465088725090027,0.20090389251708984,0.14799828827381134,0.15948526561260223
37,S3,LatCrit,local,local,0,local,local,0,0.608694314956665,0.5764989852905273,-0.032195329666137695,0.004429480992257595,0.07304835319519043,0.608694314956665,0.5764989852905273,0.166374072432518,0.20289826393127441,0.22493158280849457,0.22060275077819824
37,S3,ComHvy,local,local,0,local,local,0,0.41168057918548584,0.4771328568458557,0.06545227766036987,0.010296385735273361,0.13090454041957855,0.41168057918548584,0.4771328568458557,0.3409265875816345,0.3221510648727417,0.24739281833171844,0.2007160782814026
37,S3,BWHvy,local,local,0,local,local,0,0.6863200664520264,0.6166391372680664,-0.06968092918395996,0.012706108391284943,0.13936184346675873,0.6863200664520264,0.6166391372680664,0.16497072577476501,0.17917105555534363,0.1487092524766922,0.20418983697891235
37,S4,LatCrit,local,local,0,local,local,0,0.7253941893577576,0.6586322784423828,-0.06676191091537476,0.011421103030443192,0.13352380692958832,0.7253941893577576,0.6586322784423828,0.14267246425151825,0.16177883744239807,0.13193336129188538,0.17958888411521912
37,S4,ComHvy,local,local,0,local,local,0,0.6380259990692139,0.7463383674621582,0.10831236839294434,0.03314335644245148,0.2166246622800827,0.6380259990692139,0.7463383674621582,0.1637391597032547,0.09520349651575089,0.19823479652404785,0.1584581583738327
37,S4,BWHvy,local,local,0,local,local,0,0.7992909550666809,0.7818511128425598,-0.017439842224121094,0.0010990654118359089,0.034879669547080994,0.7992909550666809,0.7818511128425598,0.09324874728918076,0.10608676075935364,0.10746029019355774,0.11206210404634476
37,S5,LatCrit,local,local,0,local,BS1,1,0.501294732093811,0.41989248991012573,-0.0814022421836853,0.014777734875679016,0.1628044694662094,0.501294732093811,0.41989248991012573,0.23156696557998657,0.24815057218074799,0.2671383321285248,0.3319569528102875
37,S5,ComHvy,local,local,0,local,local,0,0.4198646545410156,0.44724375009536743,0.027379095554351807,0.003999069333076477,0.08191564679145813,0.4198646545410156,0.44724375009536743,0.2518937885761261,0.26547250151634216,0.32824158668518066,0.2872837483882904
37,S5,BWHvy,local,local,0,local,local,0,0.8157190084457397,0.7695085406303406,-0.04621046781539917,0.006337771192193031,0.09242097288370132,0.8157190084457397,0.7695085406303406,0.08493109047412872,0.10616736859083176,0.09934987872838974,0.12432410567998886
37,S6,LatCrit,local,local,0,local,local,0,0.602286696434021,0.5999555587768555,-0.0023311376571655273,0.0015079248696565628,0.03583572804927826,0.602286696434021,0.5999555587768555,0.2475750595331192,0.2319883108139038,0.1501382738351822,0.16805611550807953
37,S6,ComHvy,local,local,0,local,local,0,0.4774043560028076,0.5244598984718323,0.04705554246902466,0.007494252175092697,0.09411109983921051,0.4774043560028076,0.5244598984718323,0.2840125262737274,0.28384655714035034,0.23858314752578735,0.19169355928897858
37,S6,BWHvy,local,local,0,local,local,0,0.7098356485366821,0.6053242683410645,-0.10451138019561768,0.023961029946804047,0.20902268588542938,0.7098356485366821,0.6053242683410645,0.14490987360477448,0.2037677764892578,0.14525450766086578,0.19090791046619415
37,S7,LatCrit,local,local,0,local,local,0,0.6113907098770142,0.46135377883911133,-0.15003693103790283,0.04691329970955849,0.30007386207580566,0.6113907098770142,0.46135377883911133,0.22594544291496277,0.3372837007045746,0.16266386210918427,0.20136253535747528
37,S7,ComHvy,BS1,BS1,0,BS2,BS2,0,0.5136303901672363,0.4645651578903198,-0.049065232276916504,0.017373614013195038,0.17265182733535767,0.16173845529556274,0.12447774410247803,0.5136303901672363,0.4645651578903198,0.3246312141418457,0.41095709800720215
37,S7,BWHvy,local,local,0,local,local,0,0.6663036346435547,0.582868218421936,-0.08343541622161865,0.014860641211271286,0.1668708324432373,0.6663036346435547,0.582868218421936,0.1581244319677353,0.19062601029872894,0.17557190358638763,0.22650574147701263
37,S8,LatCrit,local,local,0,local,local,0,0.4857761859893799,0.4002124071121216,-0.0855637788772583,0.024658910930156708,0.1966259777545929,0.4857761859893799,0.4002124071121216,0.27194103598594666,0.2591918110847473,0.24228280782699585,0.3405957818031311
37,S8,ComHvy,local,local,0,BS1,BS1,0,0.4236396551132202,0.3753361105918884,-0.04830354452133179,0.004922550171613693,0.09660708904266357,0.4236396551132202,0.3753361105918884,0.2792114019393921,0.29988425970077515,0.2971489429473877,0.3247796297073364
37,S8,BWHvy,local,local,0,local,local,0,0.6880279779434204,0.6259269714355469,-0.062101006507873535,0.010119178332388401,0.12420202791690826,0.6880279779434204,0.6259269714355469,0.1363835632801056,0.18284353613853455,0.1755884736776352,0.19122952222824097
38,S1,LatCrit,local,local,0,local,local,0,0.7209210395812988,0.7060850858688354,-0.014835953712463379,0.0013490587007254362,0.03400189429521561,0.7209210395812988,0.7060850858688354,0.11125338822603226,0.12825432419776917,0.16782556474208832,0.165660560131073
38,S1,ComHvy,local,local,0,local,local,0,0.5062298774719238,0.5806565284729004,0.07442665100097656,0.02143263816833496,0.14885331690311432,0.5062298774719238,0.5806565284729004,0.3030976355075836,0.29719555377960205,0.19067253172397614,0.12214794754981995
38,S1,BWHvy,local,local,0,local,local,0,0.6825970411300659,0.6133575439453125,-0.06923949718475342,0.010416539385914803,0.1384790688753128,0.6825970411300659,0.6133575439453125,0.1650162786245346,0.20411229133605957,0.1523866355419159,0.18253019452095032
38,S2,LatCrit,local,local,0,local,local,0,0.731082558631897,0.7305492162704468,-0.0005333423614501953,0.0003378819674253464,0.01401376724243164,0.731082558631897,0.7305492162704468,0.13688023388385773,0.13040666282176971,0.1320372223854065,0.13904407620429993
38,S2,ComHvy,local,local,0,local,local,0,0.429917573928833,0.4084799885749817,-0.02143758535385132,0.002075519412755966,0.06069153547286987,0.429917573928833,0.4084799885749817,0.31815415620803833,0.34849995374679565,0.2519282400608063,0.24302008748054504
38,S2,BWHvy,local,local,0,local,local,0,0.5559161901473999,0.4841970205307007,-0.07171916961669922,0.010406490415334702,0.14343838393688202,0.5559161901473999,0.4841970205307007,0.27334365248680115,0.32291749119758606,0.17074012756347656,0.19288550317287445
38,S3,LatCrit,local,local,0,local,local,0,0.6578218936920166,0.6001742482185364,-0.057647645473480225,0.007418207824230194,0.11529526114463806,0.6578218936920166,0.6001742482185364,0.15857669711112976,0.17613594233989716,0.18360142409801483,0.22368979454040527
38,S3,ComHvy,local,local,0,local,local,0,0.5627217888832092,0.6486432552337646,0.08592146635055542,0.0180666483938694,0.17184288799762726,0.5627217888832092,0.6486432552337646,0.2587163746356964,0.18973220884799957,0.17856183648109436,0.16162458062171936
38,S3,BWHvy,local,local,0,local,local,0,0.6323645114898682,0.5357864499092102,-0.09657806158065796,0.019444189965724945,0.1931561380624771,0.6323645114898682,0.5357864499092102,0.18084435164928436,0.21761609613895416,0.1867910921573639,0.24659742414951324
38,S4,LatCrit,local,local,0,local,local,0,0.6830925941467285,0.6395544409751892,-0.04353815317153931,0.004484431818127632,0.08707630634307861,0.6830925941467285,0.6395544409751892,0.13819722831249237,0.1648912876844406,0.1787101924419403,0.19555428624153137
38,S4,ComHvy,local,local,0,local,local,0,0.5949140191078186,0.6618560552597046,0.06694203615188599,0.011166736483573914,0.13388410210609436,0.5949140191078186,0.6618560552597046,0.21510839462280273,0.19368202984333038,0.18997758626937866,0.14446188509464264
38,S4,BWHvy,local,local,0,local,local,0,0.595088541507721,0.5422916412353516,-0.052796900272369385,0.006935850717127323,0.10559378564357758,0.595088541507721,0.5422916412353516,0.1998526006937027,0.24406132102012634,0.20505885779857635,0.2136470228433609
38,S5,LatCrit,local,local,0,local,local,0,0.6127175688743591,0.5766542553901672,-0.036063313484191895,0.002748897299170494,0.07212664186954498,0.6127175688743591,0.5766542553901672,0.22896848618984222,0.24654676020145416,0.15831394493579865,0.1767989993095398
38,S5,ComHvy,BS2,BS2,0,BS2,BS2,0,0.4948295056819916,0.52772456407547,0.032895058393478394,0.003803510218858719,0.0708855390548706,0.25285154581069946,0.21740883588790894,0.2523188889026642,0.25486665964126587,0.4948295056819916,0.52772456407547
38,S5,BWHvy,local,local,0,local,local,0,0.7159751057624817,0.6499558687210083,-0.06601923704147339,0.009937142953276634,0.132038414478302,0.7159751057624817,0.6499558687210083,0.1548943966627121,0.19356997311115265,0.1291304975748062,0.15647409856319427
38,S6,LatCrit,local,local,0,local,local,0,0.5497379899024963,0.5119833946228027,-0.037754595279693604,0.0028640776872634888,0.0755092054605484,0.5497379899024963,0.5119833946228027,0.3079410195350647,0.3326433598995209,0.14232097566127777,0.1553732454776764
38,S6,ComHvy,BS1,BS1,0,BS2,BS2,0,0.3869779407978058,0.42531952261924744,0.03834158182144165,0.007679484784603119,0.0994337946176529,0.3632887601852417,0.3746640682220459,0.3869779407978058,0.42531952261924744,0.24973328411579132,0.20001637935638428
38,S6,BWHvy,local,local,0,local,local,0,0.637560248374939,0.5591750144958496,-0.07838523387908936,0.012907508760690689,0.1567705124616623,0.637560248374939,0.5591750144958496,0.18880446255207062,0.23747901618480682,0.17363524436950684,0.20334596931934357
38,S7,LatCrit,local,BS1,1,local,local,0,0.46128565073013306,0.48885607719421387,0.02757042646408081,0.025233406573534012,0.21820184588432312,0.46128565073013306,0.3663041591644287,0.3797551393508911,0.48885607719421387,0.15895919501781464,0.14483977854251862
38,S7,ComHvy,BS2,BS2,0,BS2,BS2,0,0.4271658658981323,0.4389131963253021,0.0117473304271698,0.0009145401418209076,0.03591617941856384,0.3298265337944031,0.336037278175354,0.2430076152086258,0.22504951059818268,0.4271658658981323,0.4389131963253021
38,S7,BWHvy,local,local,0,local,local,0,0.6049033999443054,0.5694879293441772,-0.035415470600128174,0.003014547750353813,0.07083091139793396,0.6049033999443054,0.5694879293441772,0.19093838334083557,0.1979508399963379,0.20415820181369781,0.23256118595600128
38,S8,LatCrit,local,local,0,local,BS2,1,0.44350647926330566,0.346341609954834,-0.09716486930847168,0.024431582540273666,0.19432976841926575,0.44350647926330566,0.346341609954834,0.24594220519065857,0.32954174280166626,0.3105512857437134,0.32411664724349976
38,S8,ComHvy,local,local,0,local,local,0,0.5972636938095093,0.6467757225036621,0.04951202869415283,0.005372431129217148,0.09902408719062805,0.5972636938095093,0.6467757225036621,0.1488974690437317,0.12665008008480072,0.25383883714675903,0.22657416760921478
38,S8,BWHvy,local,local,0,BS2,BS2,0,0.5560504198074341,0.4736119508743286,-0.08243846893310547,0.014095652848482132,0.16487696766853333,0.5560504198074341,0.4736119508743286,0.21727991104125977,0.24537025392055511,0.22666962444782257,0.2810177803039551
39,S1,LatCrit,local,local,0,local,local,0,0.7818781137466431,0.7713140249252319,-0.010564088821411133,0.0004772046522703022,0.021273478865623474,0.7818781137466431,0.7713140249252319,0.13255879282951355,0.14319553971290588,0.08556310087442398,0.08549045771360397
39,S1,ComHvy,local,local,0,local,local,0,0.3942849636077881,0.4636994004249573,0.06941443681716919,0.01998818665742874,0.15199707448482513,0.3942849636077881,0.4636994004249573,0.3536863923072815,0.3602704703807831,0.2520286738872528,0.17603011429309845
39,S1,BWHvy,local,local,0,local,local,0,0.8012979626655579,0.7915219664573669,-0.009775996208190918,0.002134772017598152,0.035330601036548615,0.8012979626655579,0.7915219664573669,0.12420805543661118,0.11631875485181808,0.07449395954608917,0.09215926378965378
39,S2,LatCrit,local,local,0,local,local,0,0.7511910200119019,0.7287236452102661,-0.022467374801635742,0.00796189159154892,0.0846804678440094,0.7511910200119019,0.7287236452102661,0.07652480155229568,0.05665195733308792,0.17228415608406067,0.21462440490722656
39,S2,ComHvy,local,local,0,BS2,local,1,0.45055121183395386,0.5332938432693481,0.08274263143539429,0.02649420127272606,0.16548527777194977,0.45055121183395386,0.5332938432693481,0.1561182588338852,0.09076085686683655,0.39333054423332214,0.3759452998638153
39,S2,BWHvy,local,local,0,local,local,0,0.6763805747032166,0.6637766361236572,-0.012603938579559326,0.0004522334784269333,0.025207847356796265,0.6763805747032166,0.6637766361236572,0.18517430126667023,0.19638670980930328,0.13844510912895203,0.1398366093635559
39,S3,LatCrit,local,local,0,local,local,0,0.623309314250946,0.6293789744377136,0.006069660186767578,0.0005247890949249268,0.02456381916999817,0.623309314250946,0.6293789744377136,0.203252911567688,0.1909710019826889,0.17343778908252716,0.17965003848075867
39,S3,ComHvy,local,local,0,local,local,0,0.464468777179718,0.5162688493728638,0.05180007219314575,0.048057347536087036,0.22834207117557526,0.464468777179718,0.5162688493728638,0.24515551328659058,0.13098447024822235,0.2903757095336914,0.3527466654777527
39,S3,BWHvy,local,local,0,local,local,0,0.6657587289810181,0.6545684337615967,-0.011190295219421387,0.0018067043274641037,0.04342810809612274,0.6657587289810181,0.6545684337615967,0.17886853218078613,0.16834476590156555,0.155372753739357,0.17708680033683777
39,S4,LatCrit,local,local,0,local,local,0,0.7043102979660034,0.6889306306838989,-0.015379667282104492,0.0005631465464830399,0.03075931966304779,0.7043102979660034,0.6889306306838989,0.14882992208003998,0.1555713564157486,0.1468597799539566,0.15549799799919128
39,S4,ComHvy,local,local,0,local,local,0,0.6211139559745789,0.6859780550003052,0.06486409902572632,0.009467273950576782,0.12972822785377502,0.6211139559745789,0.6859780550003052,0.23107272386550903,0.19303429126739502,0.1478133201599121,0.12098763138055801
39,S4,BWHvy,local,local,0,local,local,0,0.7635927200317383,0.7608315944671631,-0.0027611255645751953,0.00010821851901710033,0.009386643767356873,0.7635927200317383,0.7608315944671631,0.12434558570384979,0.12903891503810883,0.11206169426441193,0.11012950539588928
39,S5,LatCrit,local,local,0,local,local,0,0.6789366006851196,0.6905839443206787,0.011647343635559082,0.0021583316847682,0.04594169557094574,0.6789366006851196,0.6905839443206787,0.17657968401908875,0.15360887348651886,0.14448367059230804,0.15580721199512482
39,S5,ComHvy,BS2,BS2,0,local,local,0,0.3714701533317566,0.3849104344844818,0.01344028115272522,0.008377796038985252,0.11302566528320312,0.35062170028686523,0.29410886764526367,0.2779081463813782,0.3209806978702545,0.3714701533317566,0.3849104344844818
39,S5,BWHvy,local,local,0,local,local,0,0.7807676196098328,0.7801060080528259,-0.0006616115570068359,7.41938129067421e-06,0.0023804083466529846,0.7807676196098328,0.7801060080528259,0.12267027795314789,0.12386050075292587,0.09656208008527756,0.0960335060954094
39,S6,LatCrit,local,local,0,local,local,0,0.486361563205719,0.47606033086776733,-0.01030123233795166,0.01859380304813385,0.1407109498977661,0.486361563205719,0.47606033086776733,0.3180811107158661,0.38843658566474915,0.19555732607841492,0.13550308346748352
39,S6,ComHvy,local,local,0,local,local,0,0.560594916343689,0.5951495170593262,0.03455460071563721,0.03457377851009369,0.1826004981994629,0.560594916343689,0.5951495170593262,0.2234506905078888,0.2801963686943054,0.21595436334609985,0.12465415149927139
39,S6,BWHvy,local,local,0,local,local,0,0.6955651044845581,0.6746536493301392,-0.020911455154418945,0.001307634636759758,0.041822969913482666,0.6955651044845581,0.6746536493301392,0.15244711935520172,0.15570063889026642,0.15198774635791779,0.1696457415819168
39,S7,LatCrit,BS1,BS1,0,BS1,BS1,0,0.42274489998817444,0.46166229248046875,0.03891739249229431,0.020074278116226196,0.1783849596977234,0.3585248589515686,0.2693323493003845,0.42274489998817444,0.46166229248046875,0.21873024106025696,0.26900529861450195
39,S7,ComHvy,BS1,BS1,0,BS1,BS1,0,0.4446695148944855,0.5010226368904114,0.0563531219959259,0.006364187225699425,0.11270621418952942,0.26845282316207886,0.24146544933319092,0.4446695148944855,0.5010226368904114,0.28687766194343567,0.2575119435787201
39,S7,BWHvy,local,local,0,local,local,0,0.7167838215827942,0.7022345066070557,-0.014549314975738525,0.0036443769931793213,0.058861128985881805,0.7167838215827942,0.7022345066070557,0.13771839439868927,0.12283714860677719,0.14549779891967773,0.17492836713790894
39,S8,LatCrit,local,local,0,local,local,0,0.5492737889289856,0.5102120637893677,-0.03906172513961792,0.003334060311317444,0.07812343537807465,0.5492737889289856,0.5102120637893677,0.23020918667316437,0.2416098266839981,0.22051703929901123,0.24817810952663422
39,S8,ComHvy,local,local,0,local,local,0,0.44508689641952515,0.48615479469299316,0.04106789827346802,0.003427427262067795,0.08213578164577484,0.44508689641952515,0.48615479469299316,0.1533900499343872,0.14490245282649994,0.40152305364608765,0.3689427673816681
39,S8,BWHvy,local,local,0,local,local,0,0.726967453956604,0.7257732152938843,-0.0011942386627197266,6.869970820844173e-05,0.007284872233867645,0.726967453956604,0.7257732152938843,0.11159196496009827,0.10914375633001328,0.16144058108329773,0.16508300602436066
40,S1,LatCrit,local,local,0,local,local,0,0.7134977579116821,0.6433483958244324,-0.07014936208724976,0.011683721095323563,0.1402987539768219,0.7134977579116821,0.6433483958244324,0.1647278219461441,0.21628648042678833,0.12177441269159317,0.1403651386499405
40,S1,ComHvy,BS1,BS1,0,BS1,BS1,0,0.4315605163574219,0.4706711769104004,0.039110660552978516,0.005528219044208527,0.07822132110595703,0.3813145160675049,0.37758880853652954,0.4315605163574219,0.4706711769104004,0.18712496757507324,0.15174001455307007
40,S1,BWHvy,local,local,0,local,local,0,0.7382596731185913,0.7374131679534912,-0.0008465051651000977,0.0005616499111056328,0.017226822674274445,0.7382596731185913,0.7374131679534912,0.16910511255264282,0.16133823990821838,0.09263517707586288,0.10124862194061279
40,S2,LatCrit,local,local,0,local,local,0,0.7618739604949951,0.7294861078262329,-0.03238785266876221,0.004267815500497818,0.07136650383472443,0.7618739604949951,0.7294861078262329,0.07902006804943085,0.07572467625141144,0.15910594165325165,0.19478920102119446
40,S2,ComHvy,local,local,0,local,local,0,0.5185544490814209,0.6000949740409851,0.08154052495956421,0.015880543738603592,0.1630810648202896,0.5185544490814209,0.6000949740409851,0.20075485110282898,0.1860727071762085,0.2806906998157501,0.2138323038816452
40,S2,BWHvy,local,local,0,local,local,0,0.5368756651878357,0.544975757598877,0.00810009241104126,0.0027725696563720703,0.05788874626159668,0.5368756651878357,0.544975757598877,0.2920217514038086,0.26307734847068787,0.1711025983095169,0.1919468492269516
40,S3,LatCrit,local,local,0,BS1,BS1,0,0.5941331386566162,0.5751163959503174,-0.019016742706298828,0.0009426751639693975,0.038033485412597656,0.5941331386566162,0.5751163959503174,0.1923922896385193,0.2080652266740799,0.21347454190254211,0.21681834757328033
40,S3,ComHvy,local,local,0,local,local,0,0.5614919662475586,0.607703685760498,0.04621171951293945,0.020367611199617386,0.12752042710781097,0.5614919662475586,0.607703685760498,0.1570558249950409,0.093295618891716,0.2814522087574005,0.29900071024894714
40,S3,BWHvy,local,local,0,local,local,0,0.5429478883743286,0.5667450428009033,0.023797154426574707,0.005165101028978825,0.07888384163379669,0.5429478883743286,0.5667450428009033,0.2129420042037964,0.17350010573863983,0.2441100776195526,0.25975486636161804
40,S4,LatCrit,local,local,0,local,local,0,0.6262670755386353,0.61871737241745,-0.007549703121185303,0.00039590708911418915,0.022005170583724976,0.6262670755386353,0.61871737241745,0.19091825187206268,0.1874653398990631,0.18281471729278564,0.19381727278232574
40,S4,ComHvy,local,local,0,local,local,0,0.5908094644546509,0.5550848245620728,-0.035724639892578125,0.003399452194571495,0.07144922018051147,0.5908094644546509,0.5550848245620728,0.22997328639030457,0.2637636363506317,0.17921727895736694,0.18115150928497314
40,S4,BWHvy,local,local,0,local,local,0,0.7156623005867004,0.7034986019134521,-0.012163698673248291,0.00163988396525383,0.040197357535362244,0.7156623005867004,0.7034986019134521,0.143021360039711,0.13508640229701996,0.14131633937358856,0.16141504049301147
40,S5,LatCrit,local,local,0,local,local,0,0.5443246364593506,0.5636463165283203,0.019321680068969727,0.000858780462294817,0.038643285632133484,0.5443246364593506,0.5636463165283203,0.2211037278175354,0.20711135864257812,0.23457160592079163,0.22924236953258514
40,S5,ComHvy,BS2,local,1,BS1,BS1,0,0.41199973225593567,0.3802744746208191,-0.03172525763511658,0.013447389006614685,0.1535756140947342,0.34989166259765625,0.3802744746208191,0.23810862004756927,0.28451359272003174,0.41199973225593567,0.3352119028568268
40,S5,BWHvy,local,local,0,local,local,0,0.6632435321807861,0.6745494604110718,0.011305928230285645,0.0017803413793444633,0.04421134293079376,0.6632435321807861,0.6745494604110718,0.21084170043468475,0.18873603641986847,0.1259147971868515,0.13671454787254333
40,S6,LatCrit,local,local,0,local,local,0,0.4244627356529236,0.476639986038208,0.052177250385284424,0.00560658797621727,0.10435451567173004,0.4244627356529236,0.476639986038208,0.3728414475917816,0.3441607654094696,0.2026958018541336,0.17919921875
40,S6,ComHvy,local,local,0,local,local,0,0.6935724020004272,0.754019021987915,0.06044661998748779,0.01506548747420311,0.12089328467845917,0.6935724020004272,0.754019021987915,0.1828448325395584,0.16923995316028595,0.12358278781175613,0.07674100250005722
40,S6,BWHvy,local,local,0,local,local,0,0.5487095713615417,0.5107049942016602,-0.03800457715988159,0.002927914261817932,0.0760091096162796,0.5487095713615417,0.5107049942016602,0.22795726358890533,0.24424569308757782,0.2233331799507141,0.24504928290843964
40,S7,LatCrit,BS1,BS1,0,BS1,BS1,0,0.6229690313339233,0.6339872479438782,0.011018216609954834,0.007072377949953079,0.07915782928466797,0.18124765157699585,0.14166873693466187,0.6229690313339233,0.6339872479438782,0.19578327238559723,0.22434397041797638
40,S7,ComHvy,BS2,BS2,0,BS2,BS2,0,0.43487778306007385,0.5770202875137329,0.14214250445365906,0.058072932064533234,0.2842850089073181,0.3139168620109558,0.18273913860321045,0.25120535492897034,0.24024058878421783,0.43487778306007385,0.5770202875137329
40,S7,BWHvy,local,local,0,local,local,0,0.6663656234741211,0.6691145300865173,0.0027489066123962402,0.0022047627717256546,0.04037852585315704,0.6663656234741211,0.6691145300865173,0.16299673914909363,0.1428074687719345,0.17063763737678528,0.18807798624038696
40,S8,LatCrit,local,local,0,local,local,0,0.5711989998817444,0.5637261867523193,-0.007472813129425049,0.00545109435915947,0.07466048002243042,0.5711989998817444,0.5637261867523193,0.17305229604244232,0.14319489896297455,0.2557486891746521,0.2930789589881897
40,S8,ComHvy,BS2,BS2,0,BS2,BS2,0,0.49145373702049255,0.5313088893890381,0.03985515236854553,0.030500799417495728,0.19831456243991852,0.2907378077507019,0.19158053398132324,0.21780844032764435,0.27711057662963867,0.49145373702049255,0.5313088893890381
40,S8,BWHvy,local,local,0,local,local,0,0.6337381601333618,0.6549023389816284,0.0211641788482666,0.0023838623892515898,0.04946555197238922,0.6337381601333618,0.6549023389816284,0.16916178166866302,0.14442899823188782,0.19710005819797516,0.20066864788532257
41,S1,LatCrit,local,local,0,local,local,0,0.7606810927391052,0.677555501461029,-0.08312559127807617,0.016883939504623413,0.16625116765499115,0.7606810927391052,0.677555501461029,0.11251021921634674,0.1582580804824829,0.12680870294570923,0.16418641805648804
41,S1,ComHvy,local,local,0,local,local,0,0.4686034917831421,0.574926495552063,0.1063230037689209,0.022864267230033875,0.212646022439003,0.4686034917831421,0.574926495552063,0.3292522728443146,0.2663201689720154,0.20214425027370453,0.15875333547592163
41,S1,BWHvy,local,local,0,local,local,0,0.8107255697250366,0.6938906311988831,-0.11683493852615356,0.035454411059617996,0.23366984724998474,0.8107255697250366,0.6938906311988831,0.10230612754821777,0.15705618262290955,0.0869683250784874,0.1490531861782074
41,S2,LatCrit,local,BS2,1,local,BS2,1,0.4883817434310913,0.4165969789028168,-0.07178476452827454,0.06634553521871567,0.3504434823989868,0.4883817434310913,0.3131600022315979,0.20117893815040588,0.2702430188655853,0.3104393184185028,0.4165969789028168
41,S2,ComHvy,local,local,0,local,local,0,0.43692952394485474,0.5609563589096069,0.1240268349647522,0.03201364725828171,0.24805372953414917,0.43692952394485474,0.5609563589096069,0.14965315163135529,0.1048736423254013,0.41341733932495117,0.3341699540615082
41,S2,BWHvy,local,local,0,local,local,0,0.6631457805633545,0.578263521194458,-0.08488225936889648,0.015735352411866188,0.16976451873779297,0.6631457805633545,0.578263521194458,0.17888380587100983,0.23657089471817017,0.15797041356563568,0.18516558408737183
41,S3,LatCrit,local,local,0,local,local,0,0.6437250971794128,0.6347588300704956,-0.008966267108917236,0.0003843192826025188,0.019665315747261047,0.6437250971794128,0.6347588300704956,0.14478661119937897,0.1546192616224289,0.211488276720047,0.2106218785047531
41,S3,ComHvy,local,local,0,local,local,0,0.5739017724990845,0.6466938257217407,0.07279205322265625,0.011370889842510223,0.1455841362476349,0.5739017724990845,0.6466938257217407,0.23409880697727203,0.19751107692718506,0.1919994205236435,0.15579506754875183
41,S3,BWHvy,local,local,0,local,local,0,0.6386678218841553,0.49978333711624146,-0.13888448476791382,0.03915078192949295,0.27776896953582764,0.6386678218841553,0.49978333711624146,0.20734266936779022,0.28236913681030273,0.1539894938468933,0.2178475260734558
41,S4,LatCrit,local,local,0,local,local,0,0.7328683733940125,0.630669116973877,-0.1021992564201355,0.023558560758829117,0.204398512840271,0.7328683733940125,0.630669116973877,0.14829964935779572,0.20781075954437256,0.11883197724819183,0.1615201234817505
41,S4,ComHvy,local,local,0,local,local,0,0.5069931745529175,0.5652322173118591,0.05823904275894165,0.006909022107720375,0.11647814512252808,0.5069931745529175,0.5652322173118591,0.28758278489112854,0.257019966840744,0.20542407035827637,0.17774778604507446
41,S4,BWHvy,local,local,0,local,local,0,0.7881903648376465,0.7177996635437012,-0.07039070129394531,0.016702912747859955,0.14078140258789062,0.7881903648376465,0.7177996635437012,0.0930049940943718,0.15041272342205048,0.11880462616682053,0.13178758323192596
41,S5,LatCrit,local,local,0,local,local,0,0.6259986162185669,0.5395735502243042,-0.0864250659942627,0.015464026480913162,0.17285016179084778,0.6259986162185669,0.5395735502243042,0.21470318734645844,0.25661876797676086,0.1592981517314911,0.20380766689777374
41,S5,ComHvy,local,local,0,local,local,0,0.4991615414619446,0.5069297552108765,0.007768213748931885,0.0009028324857354164,0.031295374035835266,0.4991615414619446,0.5069297552108765,0.17383751273155212,0.1581898182630539,0.3270009458065033,0.33488041162490845
41,S5,BWHvy,local,local,0,local,local,0,0.8000625371932983,0.7105458974838257,-0.08951663970947266,0.021721959114074707,0.17903324961662292,0.8000625371932983,0.7105458974838257,0.09852501004934311,0.15528026223182678,0.10141248255968094,0.13417384028434753
41,S6,LatCrit,local,local,0,local,local,0,0.6859006881713867,0.7628871202468872,0.07698643207550049,0.029555536806583405,0.15397286415100098,0.6859006881713867,0.7628871202468872,0.1930750161409378,0.17810852825641632,0.12102430313825607,0.05900435894727707
41,S6,ComHvy,local,local,0,local,local,0,0.5623800754547119,0.6191147565841675,0.056734681129455566,0.012007754296064377,0.11765888333320618,0.5623800754547119,0.6191147565841675,0.21162943542003632,0.21372418105602264,0.22599047422409058,0.1671610176563263
41,S6,BWHvy,local,local,0,local,local,0,0.7109289169311523,0.5611796379089355,-0.1497492790222168,0.047606345266103745,0.2994985580444336,0.7109289169311523,0.5611796379089355,0.1491478532552719,0.22028714418411255,0.13992324471473694,0.2185332179069519
41,S7,LatCrit,local,BS1,1,local,BS2,1,0.4498479962348938,0.4754108488559723,0.02556285262107849,0.06445308774709702,0.33058246970176697,0.4498479962348938,0.30304253101348877,0.3101195991039276,0.4754108488559723,0.2400323748588562,0.22154662013053894
41,S7,ComHvy,BS1,BS1,0,BS1,BS1,0,0.5808103680610657,0.5921850204467773,0.01137465238571167,0.0013191788457334042,0.033686161041259766,0.13390427827835083,0.11706119775772095,0.5808103680610657,0.5921850204467773,0.2852853536605835,0.2907537817955017
41,S7,BWHvy,local,local,0,local,local,0,0.6185430288314819,0.4504739046096802,-0.16806912422180176,0.05773581564426422,0.33613821864128113,0.6185430288314819,0.4504739046096802,0.19150523841381073,0.25733840465545654,0.18995176255702972,0.2921876907348633
41,S8,LatCrit,local,local,0,local,local,0,0.7117805480957031,0.7338804602622986,0.02209991216659546,0.0021631247363984585,0.050826333463191986,0.7117805480957031,0.7338804602622986,0.19995109736919403,0.17453794181346893,0.08826833218336105,0.09158159792423248
41,S8,ComHvy,local,BS2,1,BS2,BS2,0,0.38406431674957275,0.5158126950263977,0.13174837827682495,0.05646336078643799,0.33379536867141724,0.38406431674957275,0.28785181045532227,0.26702067255973816,0.19633547961711884,0.3489150106906891,0.5158126950263977
41,S8,BWHvy,local,local,0,local,local,0,0.7355709075927734,0.6353774666786194,-0.10019344091415405,0.02351488545536995,0.20038682222366333,0.7355709075927734,0.6353774666786194,0.10157526284456253,0.1536983996629715,0.16285385191440582,0.21092410385608673
42,S1,LatCrit,local,local,0,local,local,0,0.6960977911949158,0.5844813585281372,-0.11161643266677856,0.028973080217838287,0.22323285043239594,0.6960977911949158,0.5844813585281372,0.1380840390920639,0.16316968202590942,0.16581815481185913,0.252348929643631
42,S1,ComHvy,local,local,0,local,local,0,0.5707611441612244,0.6457840204238892,0.0750228762626648,0.01254265382885933,0.15004578232765198,0.5707611441612244,0.6457840204238892,0.18450269103050232,0.1432783454656601,0.24473616480827332,0.21093760430812836
42,S1,BWHvy,local,local,0,local,local,0,0.6984729170799255,0.5936014652252197,-0.10487145185470581,0.02378864958882332,0.209742933511734,0.6984729170799255,0.5936014652252197,0.15295077860355377,0.19966477155685425,0.1485762745141983,0.20673376321792603
42,S2,LatCrit,BS2,BS2,0,BS1,BS1,0,0.36889272928237915,0.43567606806755066,0.06678333878517151,0.050008684396743774,0.25974366068840027,0.30586522817611694,0.17599338293075562,0.3252420127391815,0.38833048939704895,0.36889272928237915,0.43567606806755066
42,S2,ComHvy,local,local,0,local,local,0,0.5515581965446472,0.6640617847442627,0.11250358819961548,0.02725496143102646,0.22500722110271454,0.5515581965446472,0.6640617847442627,0.17145420610904694,0.13200688362121582,0.27698758244514465,0.2039312720298767
42,S2,BWHvy,local,local,0,local,local,0,0.6198011636734009,0.5977017879486084,-0.02209937572479248,0.0016899349866434932,0.04542487859725952,0.6198011636734009,0.5977017879486084,0.18566562235355377,0.20837809145450592,0.19453318417072296,0.19392015039920807
42,S3,LatCrit,local,local,0,local,local,0,0.6438373327255249,0.6493446826934814,0.005507349967956543,0.0023045726120471954,0.045145079493522644,0.6438373327255249,0.6493446826934814,0.18919254839420319,0.16662000119686127,0.16697010397911072,0.1840352863073349
42,S3,ComHvy,local,local,0,local,local,0,0.7251273393630981,0.8139345645904541,0.08880722522735596,0.023483242839574814,0.17761442065238953,0.7251273393630981,0.8139345645904541,0.15658237040042877,0.10571429133415222,0.1182902529835701,0.08035114407539368
42,S3,BWHvy,local,local,0,local,BS1,1,0.5737178325653076,0.5291483402252197,-0.04456949234008789,0.005106080323457718,0.0891389399766922,0.5737178325653076,0.5291483402252197,0.22369658946990967,0.23017236590385437,0.2025855928659439,0.24067926406860352
42,S4,LatCrit,local,local,0,local,local,0,0.6642137765884399,0.6015464067459106,-0.0626673698425293,0.008729959838092327,0.12533462047576904,0.6642137765884399,0.6015464067459106,0.2017115354537964,0.24838672578334808,0.13407474756240845,0.1500668078660965
42,S4,ComHvy,local,local,0,local,local,0,0.6404796838760376,0.5933263301849365,-0.047153353691101074,0.009909611195325851,0.11813975870609283,0.6404796838760376,0.5933263301849365,0.1698116958141327,0.15789516270160675,0.1897086650133133,0.2487785369157791
42,S4,BWHvy,local,local,0,local,local,0,0.7839106917381287,0.7320014238357544,-0.05190926790237427,0.007269613444805145,0.10381854325532913,0.7839106917381287,0.7320014238357544,0.0877380222082138,0.11248982697725296,0.12835128605365753,0.15550875663757324
42,S5,LatCrit,local,local,0,local,local,0,0.6911126375198364,0.6911791563034058,6.651878356933594e-05,0.004604922607541084,0.05260796844959259,0.6911126375198364,0.6911791563034058,0.14644549787044525,0.12014153599739075,0.16244184970855713,0.18867933750152588
42,S5,ComHvy,BS2,BS2,0,BS2,BS2,0,0.36130857467651367,0.3928384482860565,0.03152987360954285,0.0022784732282161713,0.0630597472190857,0.3134864568710327,0.3050764799118042,0.3252049684524536,0.3020850718021393,0.36130857467651367,0.3928384482860565
42,S5,BWHvy,local,local,0,local,local,0,0.7705982327461243,0.7022417187690735,-0.06835651397705078,0.011762827634811401,0.13671302795410156,0.7705982327461243,0.7022417187690735,0.09969893842935562,0.13091738522052765,0.1297028362751007,0.16684089601039886
42,S6,LatCrit,local,local,0,local,local,0,0.7355432510375977,0.7935800552368164,0.05803680419921875,0.00970492884516716,0.1160735934972763,0.7355432510375977,0.7935800552368164,0.13106437027454376,0.10044810175895691,0.1333923488855362,0.10597182810306549
42,S6,ComHvy,local,BS2,1,BS2,BS2,0,0.40907740592956543,0.3526669442653656,-0.05641046166419983,0.036830902099609375,0.2237398475408554,0.40907740592956543,0.29720747470855713,0.24413715302944183,0.35012558102607727,0.34678545594215393,0.3526669442653656
42,S6,BWHvy,local,local,0,local,local,0,0.6734867691993713,0.6126806735992432,-0.060806095600128174,0.00804285891354084,0.12161219120025635,0.6734867691993713,0.6126806735992432,0.17623063921928406,0.21321280300617218,0.1502825766801834,0.17410650849342346
42,S7,LatCrit,local,local,0,local,local,0,0.5441652536392212,0.5122725367546082,-0.03189271688461304,0.004008679650723934,0.07951602339744568,0.5441652536392212,0.5122725367546082,0.24794937670230865,0.2877073585987091,0.20788541436195374,0.20002008974552155
42,S7,ComHvy,BS1,local,1,BS1,local,1,0.4163858890533447,0.3534092903137207,-0.06297659873962402,0.027659736573696136,0.2219856083393097,0.28957706689834595,0.3534092903137207,0.4163858890533447,0.3053930997848511,0.2940370440483093,0.3411976397037506
42,S7,BWHvy,local,local,0,local,local,0,0.5134915709495544,0.45097529888153076,-0.06251627206802368,0.008870851248502731,0.12503249943256378,0.5134915709495544,0.45097529888153076,0.25999563932418823,0.27561578154563904,0.22651280462741852,0.2734088897705078
42,S8,LatCrit,local,local,0,BS1,BS1,0,0.5053510665893555,0.5307912826538086,0.025440216064453125,0.012319166213274002,0.12959152460098267,0.5053510665893555,0.5307912826538086,0.3009704053401947,0.23617464303970337,0.19367854297161102,0.23303408920764923
42,S8,ComHvy,local,local,0,local,local,0,0.47880303859710693,0.4557834267616272,-0.023019611835479736,0.003136051818728447,0.06584234535694122,0.47880303859710693,0.4557834267616272,0.3177015483379364,0.30779996514320374,0.20349544286727905,0.23641659319400787
42,S8,BWHvy,local,local,0,local,local,0,0.6523983478546143,0.6055258512496948,-0.046872496604919434,0.0058817435055971146,0.09374499320983887,0.6523983478546143,0.6055258512496948,0.13656167685985565,0.1712235063314438,0.2110399752855301,0.2232506424188614
43,S1,LatCrit,local,local,0,local,local,0,0.7198327779769897,0.6572397947311401,-0.06259298324584961,0.009113628417253494,0.12518596649169922,0.7198327779769897,0.6572397947311401,0.11177227646112442,0.13175970315933228,0.16839498281478882,0.21100054681301117
43,S1,ComHvy,local,local,0,local,local,0,0.3957003951072693,0.490501344203949,0.09480094909667969,0.019560717046260834,0.18960192799568176,0.3957003951072693,0.490501344203949,0.3072665333747864,0.27652835845947266,0.2970331013202667,0.23297029733657837
43,S1,BWHvy,local,local,0,local,local,0,0.735858678817749,0.7150259017944336,-0.02083277702331543,0.0010822201147675514,0.041665561497211456,0.735858678817749,0.7150259017944336,0.12277708202600479,0.13208769261837006,0.14136426150798798,0.15288643538951874
43,S2,LatCrit,local,local,0,local,local,0,0.5357434749603271,0.4509350061416626,-0.08480846881866455,0.015913408249616623,0.1696169674396515,0.5357434749603271,0.4509350061416626,0.23375605046749115,0.25456181168556213,0.23050044476985931,0.29450318217277527
43,S2,ComHvy,local,local,0,BS1,BS1,0,0.461780846118927,0.46694374084472656,0.0051628947257995605,0.0005484186112880707,0.02855263650417328,0.461780846118927,0.46694374084472656,0.23600202798843384,0.24511544406414032,0.30221715569496155,0.2879408299922943
43,S2,BWHvy,local,local,0,local,local,0,0.7365748882293701,0.7620178461074829,0.025442957878112793,0.0022815484553575516,0.05088592320680618,0.7365748882293701,0.7620178461074829,0.15243183076381683,0.14516086876392365,0.11099330335855484,0.09282130002975464
43,S3,LatCrit,local,local,0,local,local,0,0.6529159545898438,0.6865403652191162,0.03362441062927246,0.0050671761855483055,0.07202273607254028,0.6529159545898438,0.6865403652191162,0.17835837602615356,0.14234699308872223,0.16872569918632507,0.17111264169216156
43,S3,ComHvy,local,local,0,local,local,0,0.5589113235473633,0.6529744863510132,0.0940631628036499,0.0188753679394722,0.1881263107061386,0.5589113235473633,0.6529744863510132,0.2766869068145752,0.21921458840370178,0.16440173983573914,0.12781091034412384
43,S3,BWHvy,local,local,0,local,local,0,0.6998934745788574,0.6983624696731567,-0.0015310049057006836,0.00020584743469953537,0.012538522481918335,0.6998934745788574,0.6983624696731567,0.15122953057289124,0.14649128913879395,0.14887696504592896,0.15514624118804932
43,S4,LatCrit,local,local,0,local,local,0,0.7455909252166748,0.7414311170578003,-0.004159808158874512,0.0009890394285321236,0.025835439562797546,0.7455909252166748,0.7414311170578003,0.11085716634988785,0.12377486377954483,0.14355191588401794,0.1347939819097519
43,S4,ComHvy,local,local,0,BS1,BS1,0,0.4236257076263428,0.40164995193481445,-0.02197575569152832,0.0014970751944929361,0.04765680432319641,0.4236257076263428,0.40164995193481445,0.2995654046535492,0.3233937919139862,0.27680888772010803,0.27495622634887695
43,S4,BWHvy,local,local,0,local,local,0,0.7129871845245361,0.7465053200721741,0.03351813554763794,0.005167391151189804,0.06703630089759827,0.7129871845245361,0.7465053200721741,0.14006470143795013,0.1396448314189911,0.14694814383983612,0.11384984850883484
43,S5,LatCrit,local,local,0,local,local,0,0.7564931511878967,0.8091064095497131,0.052613258361816406,0.00989294983446598,0.10522650182247162,0.7564931511878967,0.8091064095497131,0.1597907990217209,0.11505477130413055,0.08371603488922119,0.07583881914615631
43,S5,ComHvy,BS2,BS2,0,BS2,BS2,0,0.5016214847564697,0.5482389330863953,0.04661744832992554,0.0055387914180755615,0.09323492646217346,0.26056450605392456,0.22070562839508057,0.23781399428844452,0.2310553938150406,0.5016214847564697,0.5482389330863953
43,S5,BWHvy,local,local,0,local,local,0,0.7786935567855835,0.7746515870094299,-0.0040419697761535645,9.209103882312775e-05,0.008921511471271515,0.7786935567855835,0.7746515870094299,0.12027554959058762,0.12473631650209427,0.10103088617324829,0.100612111389637
43,S6,LatCrit,local,local,0,local,local,0,0.7849767208099365,0.8439730405807495,0.05899631977081299,0.015968292951583862,0.11799266934394836,0.7849767208099365,0.8439730405807495,0.13669522106647491,0.11284496635198593,0.07832805067300797,0.04318195581436157
43,S6,ComHvy,BS1,BS1,0,BS2,BS1,1,0.3719692826271057,0.461201936006546,0.08923265337944031,0.02190127968788147,0.17846527695655823,0.30449825525283813,0.29725587368011475,0.3719692826271057,0.461201936006546,0.32353246212005615,0.24154222011566162
43,S6,BWHvy,local,local,0,local,local,0,0.7708527445793152,0.775209903717041,0.00435715913772583,0.00044187624007463455,0.017262928187847137,0.7708527445793152,0.775209903717041,0.1181892529129982,0.12246357649564743,0.11095799505710602,0.10232654958963394
43,S7,LatCrit,local,local,0,local,local,0,0.4884132742881775,0.4772036671638489,-0.011209607124328613,0.03746974468231201,0.20021498203277588,0.4884132742881775,0.4772036671638489,0.2752240002155304,0.37533149123191833,0.23636272549629211,0.1474648416042328
43,S7,ComHvy,BS2,BS2,0,BS1,BS2,1,0.3945375084877014,0.4582444429397583,0.06370693445205688,0.010249953716993332,0.12741386890411377,0.27738112211227417,0.270163893699646,0.328081339597702,0.2715916335582733,0.3945375084877014,0.4582444429397583
43,S7,BWHvy,local,local,0,local,local,0,0.7124220132827759,0.707038402557373,-0.005383610725402832,0.0003146948292851448,0.01691669225692749,0.7124220132827759,0.707038402557373,0.1576078087091446,0.15453307330608368,0.12997020781040192,0.13842855393886566
43,S8,LatCrit,local,local,0,local,local,0,0.6434173583984375,0.638774037361145,-0.0046433210372924805,0.0026237033307552338,0.04728293418884277,0.6434173583984375,0.638774037361145,0.20424215495586395,0.18524399399757385,0.15234048664569855,0.17598193883895874
43,S8,ComHvy,BS2,BS2,0,local,BS2,1,0.3932422399520874,0.5052130222320557,0.11197078227996826,0.03002621978521347,0.22394151985645294,0.35547107458114624,0.3198864459991455,0.2512866258621216,0.17490051686763763,0.3932422399520874,0.5052130222320557
43,S8,BWHvy,local,local,0,local,local,0,0.7190929055213928,0.7379999756813049,0.01890707015991211,0.0009118532761931419,0.03781415522098541,0.7190929055213928,0.7379999756813049,0.13528160750865936,0.12655553221702576,0.145625501871109,0.1354444921016693
44,S1,LatCrit,local,local,0,local,local,0,0.7457443475723267,0.7130376100540161,-0.03270673751831055,0.003779633902013302,0.0654134750366211,0.7457443475723267,0.7130376100540161,0.10314373672008514,0.12965704500675201,0.15111194550991058,0.15730537474155426
44,S1,ComHvy,local,local,0,BS1,BS1,0,0.40318864583969116,0.44088882207870483,0.03770017623901367,0.007035866379737854,0.08818686008453369,0.40318864583969116,0.44088882207870483,0.3842286169528961,0.3906218707561493,0.2125827670097351,0.16848933696746826
44,S1,BWHvy,local,local,0,local,local,0,0.7562140226364136,0.7537750005722046,-0.0024390220642089844,5.243014311417937e-05,0.006571494042873383,0.7562140226364136,0.7537750005722046,0.11616219580173492,0.11944793909788132,0.1276237666606903,0.1267770379781723
44,S2,LatCrit,local,local,0,local,BS1,1,0.5317660570144653,0.41868001222610474,-0.1130860447883606,0.02629905194044113,0.2261720597743988,0.5317660570144653,0.41868001222610474,0.24195586144924164,0.28764909505844116,0.22627811133861542,0.2936708927154541
44,S2,ComHvy,local,local,0,local,local,0,0.49437403678894043,0.589758038520813,0.09538400173187256,0.0189364030957222,0.1907680183649063,0.49437403678894043,0.589758038520813,0.2978014349937439,0.2501163184642792,0.20782451331615448,0.16012561321258545
44,S2,BWHvy,local,local,0,local,local,0,0.6332511901855469,0.6802841424942017,0.047032952308654785,0.0053297774866223335,0.09406585991382599,0.6332511901855469,0.6802841424942017,0.20111243426799774,0.16821716725826263,0.165636345744133,0.1514987051486969
44,S3,LatCrit,local,local,0,local,local,0,0.6547617316246033,0.6473907828330994,-0.007370948791503906,0.0012801103293895721,0.03675606846809387,0.6547617316246033,0.6473907828330994,0.14918000996112823,0.138172909617424,0.19605828821659088,0.21443630754947662
44,S3,ComHvy,local,local,0,local,local,0,0.6354585886001587,0.7152816653251648,0.0798230767250061,0.015621352940797806,0.15964610874652863,0.6354585886001587,0.7152816653251648,0.13739483058452606,0.11607901751995087,0.22714655101299286,0.16863933205604553
44,S3,BWHvy,local,local,0,local,local,0,0.7030341625213623,0.7195686101913452,0.01653444766998291,0.0015081518795341253,0.03768414258956909,0.7030341625213623,0.7195686101913452,0.1493721902370453,0.13053011894226074,0.1475936621427536,0.14990128576755524
44,S4,LatCrit,local,local,0,local,local,0,0.5548627376556396,0.5102511644363403,-0.044611573219299316,0.004749669693410397,0.08922314643859863,0.5548627376556396,0.5102511644363403,0.22297629714012146,0.25959476828575134,0.2221609652042389,0.23015406727790833
44,S4,ComHvy,local,local,0,BS1,BS1,0,0.4861578345298767,0.49167126417160034,0.005513429641723633,0.0012881997972726822,0.04081745445728302,0.4861578345298767,0.49167126417160034,0.2486419379711151,0.2635372281074524,0.26520025730133057,0.24479152262210846
44,S4,BWHvy,local,local,0,local,local,0,0.7578179240226746,0.7919405102729797,0.034122586250305176,0.004318147897720337,0.06824516505002975,0.7578179240226746,0.7919405102729797,0.10618386417627335,0.08232657611370087,0.1359982192516327,0.1257329285144806
44,S5,LatCrit,local,local,0,local,local,0,0.6551291942596436,0.6725415587425232,0.01741236448287964,0.0028182556852698326,0.05786219239234924,0.6551291942596436,0.6725415587425232,0.21958774328231812,0.1906566619873047,0.12528303265571594,0.13680177927017212
44,S5,ComHvy,BS2,BS2,0,local,local,0,0.46415141224861145,0.4208317995071411,-0.04331961274147034,0.00390804186463356,0.08663921058177948,0.3508106470108032,0.37412768602371216,0.18503795564174652,0.20504051446914673,0.46415141224861145,0.4208317995071411
44,S5,BWHvy,local,local,0,local,local,0,0.6859204769134521,0.701133668422699,0.015213191509246826,0.0012279259972274303,0.03661610186100006,0.6859204769134521,0.701133668422699,0.17540988326072693,0.1571018248796463,0.13866965472698212,0.14176450669765472
44,S6,LatCrit,local,local,0,local,local,0,0.6089143753051758,0.665894627571106,0.056980252265930176,0.02122209221124649,0.1641225665807724,0.6089143753051758,0.665894627571106,0.259433388710022,0.17737211287021637,0.13165225088596344,0.15673328936100006
44,S6,ComHvy,local,local,0,local,local,0,0.6376568675041199,0.6866649389266968,0.049008071422576904,0.005470670759677887,0.09801614284515381,0.6376568675041199,0.6866649389266968,0.1794857382774353,0.15727682411670685,0.18285740911960602,0.15605825185775757
44,S6,BWHvy,local,local,0,local,local,0,0.6380892395973206,0.6194996237754822,-0.01858961582183838,0.0007927427068352699,0.03717920184135437,0.6380892395973206,0.6194996237754822,0.1813095062971115,0.1939357966184616,0.18060125410556793,0.18656454980373383
44,S7,LatCrit,local,BS1,1,local,BS1,1,0.42544466257095337,0.41650068759918213,-0.00894397497177124,0.025449100881814957,0.19519725441932678,0.42544466257095337,0.32784605026245117,0.3199259042739868,0.41650068759918213,0.2546294629573822,0.2556533217430115
44,S7,ComHvy,BS2,BS2,0,BS2,BS2,0,0.4110581576824188,0.4869382083415985,0.07588005065917969,0.011668197810649872,0.15176014602184296,0.39871746301651,0.34366023540496826,0.19022437930107117,0.16940151154994965,0.4110581576824188,0.4869382083415985
44,S7,BWHvy,local,local,0,local,local,0,0.578769326210022,0.593635082244873,0.014865756034851074,0.001482432708144188,0.04348310828208923,0.578769326210022,0.593635082244873,0.2067842185497284,0.21365997195243835,0.21444649994373322,0.19270490109920502
44,S8,LatCrit,local,BS1,1,BS2,BS2,0,0.3779635429382324,0.3896256685256958,0.011662125587463379,0.007232027128338814,0.1131267249584198,0.3779635429382324,0.32140016555786133,0.362594872713089,0.3896256685256958,0.259441614151001,0.28897416591644287
44,S8,ComHvy,local,BS1,1,BS1,BS1,0,0.4522897005081177,0.4145265817642212,-0.037763118743896484,0.0038673088420182467,0.08003130555152893,0.4522897005081177,0.4123935103416443,0.3745109438896179,0.4145265817642212,0.1731993854045868,0.17307990789413452
44,S8,BWHvy,local,local,0,local,local,0,0.7379711866378784,0.7675833106040955,0.02961212396621704,0.005209071096032858,0.0691220760345459,0.7379711866378784,0.7675833106040955,0.1556955724954605,0.12113452702760696,0.10633326321840286,0.11128216981887817
45,S1,LatCrit,local,local,0,local,local,0,0.7093615531921387,0.7142715454101562,0.004909992218017578,0.0030819838866591454,0.042406000196933746,0.7093615531921387,0.7142715454101562,0.10902964323759079,0.08782665431499481,0.18160878121852875,0.19790180027484894
45,S1,ComHvy,local,local,0,local,local,0,0.48758649826049805,0.5195045471191406,0.03191804885864258,0.002402123063802719,0.06383614242076874,0.48758649826049805,0.5195045471191406,0.31593623757362366,0.3050002455711365,0.1964772790670395,0.1754951775074005
45,S1,BWHvy,local,local,0,local,local,0,0.7252167463302612,0.6981591582298279,-0.02705758810043335,0.009647805243730545,0.09699788689613342,0.7252167463302612,0.6981591582298279,0.1473235785961151,0.12588222324848175,0.12745967507362366,0.17595861852169037
45,S2,LatCrit,local,local,0,local,BS2,1,0.4907503128051758,0.3782251477241516,-0.11252516508102417,0.027859240770339966,0.22505028545856476,0.4907503128051758,0.3782251477241516,0.22714091837406158,0.2521817088127136,0.28210878372192383,0.3695931136608124
45,S2,ComHvy,BS2,BS2,0,BS2,BS2,0,0.452299565076828,0.5184438824653625,0.06614431738853455,0.011623244732618332,0.13228866457939148,0.2539459466934204,0.1989043951034546,0.2937544882297516,0.2826516926288605,0.452299565076828,0.5184438824653625
45,S2,BWHvy,local,local,0,local,local,0,0.6007542610168457,0.6317135095596313,0.030959248542785645,0.0023579271510243416,0.06191849708557129,0.6007542610168457,0.6317135095596313,0.19945883750915527,0.1766187995672226,0.1997869312763214,0.19166772067546844
45,S3,LatCrit,local,local,0,local,local,0,0.5855565071105957,0.5378996133804321,-0.047656893730163574,0.012589454650878906,0.14156804978847504,0.5855565071105957,0.5378996133804321,0.17924916744232178,0.15612202882766724,0.2351943403482437,0.30597835779190063
45,S3,ComHvy,local,local,0,local,local,0,0.6262032389640808,0.7105996012687683,0.0843963623046875,0.01666814461350441,0.168792724609375,0.6262032389640808,0.7105996012687683,0.156118705868721,0.1253950595855713,0.21767805516719818,0.1640053391456604
45,S3,BWHvy,local,local,0,local,local,0,0.645229697227478,0.6306084394454956,-0.014621257781982422,0.0016916915774345398,0.04381227493286133,0.645229697227478,0.6306084394454956,0.1959204524755478,0.18863555788993835,0.15884986519813538,0.18075598776340485
45,S4,LatCrit,local,local,0,local,local,0,0.6603326201438904,0.6350154876708984,-0.025317132472991943,0.0015918062999844551,0.05063426494598389,0.6603326201438904,0.6350154876708984,0.19700387120246887,0.2177613079547882,0.14266350865364075,0.14722320437431335
45,S4,ComHvy,local,local,0,local,local,0,0.5486257076263428,0.5495109558105469,0.0008852481842041016,1.5234574675559998e-05,0.004270046949386597,0.5486257076263428,0.5495109558105469,0.25000476837158203,0.25125452876091003,0.2013695240020752,0.1992344856262207
45,S4,BWHvy,local,local,0,local,local,0,0.7671776413917542,0.789635956287384,0.022458314895629883,0.0016580522060394287,0.04491664469242096,0.7671776413917542,0.789635956287384,0.11637093126773834,0.10104241222143173,0.1164514347910881,0.10932162404060364
45,S5,LatCrit,local,local,0,local,local,0,0.6532678604125977,0.6675821542739868,0.01431429386138916,0.0068815723061561584,0.07920034229755402,0.6532678604125977,0.6675821542739868,0.18621408939361572,0.14661389589309692,0.1605181097984314,0.18580396473407745
45,S5,ComHvy,BS2,BS2,0,BS2,BS2,0,0.3984585702419281,0.4580881595611572,0.059629589319229126,0.008622702211141586,0.11925916373729706,0.3909164071083069,0.3343307375907898,0.2106250375509262,0.20758113265037537,0.3984585702419281,0.4580881595611572
45,S5,BWHvy,local,local,0,local,local,0,0.6660267114639282,0.6570865511894226,-0.008940160274505615,0.00019327085465192795,0.01788027584552765,0.6660267114639282,0.6570865511894226,0.16445456445217133,0.1672254055738449,0.16951875388622284,0.1756880283355713
45,S6,LatCrit,local,local,0,local,local,0,0.642905592918396,0.6575019359588623,0.014596343040466309,0.0062477197498083115,0.06322287023067474,0.642905592918396,0.6575019359588623,0.24490956962108612,0.2619246542453766,0.11218483000993729,0.08057338744401932
45,S6,ComHvy,local,BS1,1,local,local,0,0.46644777059555054,0.4223431646823883,-0.04410460591316223,0.056735046207904816,0.3042716979980469,0.46644777059555054,0.4059343934059143,0.27020731568336487,0.4223431646823883,0.2633449137210846,0.17172245681285858
45,S6,BWHvy,local,local,0,local,local,0,0.7223778367042542,0.7009642124176025,-0.02141362428665161,0.001109597273170948,0.04282727837562561,0.7223778367042542,0.7009642124176025,0.140318363904953,0.1509825736284256,0.13730379939079285,0.14805324375629425
45,S7,LatCrit,local,local,0,local,local,0,0.5969946384429932,0.5675582885742188,-0.029436349868774414,0.0035756081342697144,0.07446403801441193,0.5969946384429932,0.5675582885742188,0.2385994791984558,0.2758314907550812,0.16440589725971222,0.15661022067070007
45,S7,ComHvy,local,local,0,local,local,0,0.432228147983551,0.5361272096633911,0.10389906167984009,0.030151084065437317,0.20779816806316376,0.432228147983551,0.5361272096633911,0.31949207186698914,0.2999931573867798,0.24827979505062103,0.1638796031475067
45,S7,BWHvy,local,local,0,local,local,0,0.5382627248764038,0.545720636844635,0.007457911968231201,0.0024495311081409454,0.05197286605834961,0.5382627248764038,0.545720636844635,0.21090807020664215,0.18492163717746735,0.25082919001579285,0.26935771107673645
45,S8,LatCrit,local,local,0,local,local,0,0.4600101709365845,0.3972777724266052,-0.06273239850997925,0.008783536031842232,0.12546475231647491,0.4600101709365845,0.3972777724266052,0.29889431595802307,0.3486816883087158,0.24109552800655365,0.25404050946235657
45,S8,ComHvy,local,local,0,local,local,0,0.5334197282791138,0.5236936807632446,-0.00972604751586914,0.0005212267860770226,0.029333248734474182,0.5334197282791138,0.5236936807632446,0.1792680025100708,0.17432738840579987,0.2873123288154602,0.3019789159297943
45,S8,BWHvy,local,local,0,local,local,0,0.6559545993804932,0.6557151079177856,-0.00023949146270751953,0.0011741723865270615,0.028312817215919495,0.6559545993804932,0.6557151079177856,0.15298527479171753,0.1390683501958847,0.1910601556301117,0.20521655678749084
46,S1,LatCrit,local,local,0,local,local,0,0.5383105278015137,0.4941943883895874,-0.04411613941192627,0.003895919770002365,0.08823229372501373,0.5383105278015137,0.4941943883895874,0.23607683181762695,0.2582669258117676,0.22561262547969818,0.24753868579864502
46,S1,ComHvy,local,local,0,local,local,0,0.5689029693603516,0.6275800466537476,0.058677077293395996,0.011112276464700699,0.1173541396856308,0.5689029693603516,0.6275800466537476,0.29658210277557373,0.27843913435935974,0.13451489806175232,0.0939808040857315
46,S1,BWHvy,local,local,0,local,BS1,1,0.5001134872436523,0.4118150472640991,-0.08829843997955322,0.019341662526130676,0.17659685015678406,0.5001134872436523,0.4118150472640991,0.262073278427124,0.2735886871814728,0.23781326413154602,0.3145962655544281
46,S2,LatCrit,local,BS2,1,BS2,BS2,0,0.4202938675880432,0.4523226022720337,0.03202873468399048,0.023138098418712616,0.1920873522758484,0.4202938675880432,0.32730478048324585,0.2234272062778473,0.22037261724472046,0.3562789261341095,0.4523226022720337
46,S2,ComHvy,local,BS2,1,local,BS1,1,0.43175452947616577,0.48309507966041565,0.05134055018424988,0.03854437917470932,0.26281553506851196,0.43175452947616577,0.3003467321395874,0.17986853420734406,0.21655815839767456,0.38837695121765137,0.48309507966041565
46,S2,BWHvy,local,local,0,BS2,BS2,0,0.4010307788848877,0.3701726794242859,-0.030858099460601807,0.004388853907585144,0.08181968331336975,0.4010307788848877,0.3701726794242859,0.3458457589149475,0.33579403162002563,0.2531234323978424,0.2940332889556885
46,S3,LatCrit,local,local,0,local,BS2,1,0.5231274962425232,0.4464530944824219,-0.07667440176010132,0.013989418745040894,0.15334877371788025,0.5231274962425232,0.4464530944824219,0.21454018354415894,0.2229386866092682,0.26233232021331787,0.33060818910598755
46,S3,ComHvy,local,local,0,local,local,0,0.6350603103637695,0.6422353982925415,0.007175087928771973,0.0018161367624998093,0.035189107060432434,0.6350603103637695,0.6422353982925415,0.11060243844985962,0.09300790727138519,0.25433722138404846,0.2647567093372345
46,S3,BWHvy,BS2,BS2,0,local,BS2,1,0.38846907019615173,0.4716040790081024,0.08313500881195068,0.014293968677520752,0.16627001762390137,0.3071323037147522,0.25750577449798584,0.30439865589141846,0.27089017629623413,0.38846907019615173,0.4716040790081024
46,S4,LatCrit,local,local,0,local,local,0,0.41279083490371704,0.3793342709541321,-0.03345656394958496,0.0034467168152332306,0.07059210538864136,0.41279083490371704,0.3793342709541321,0.3001825213432312,0.2983430325984955,0.28702664375305176,0.32232269644737244
46,S4,ComHvy,local,local,0,local,local,0,0.6022323369979858,0.5752120018005371,-0.02702033519744873,0.004376254975795746,0.07536202669143677,0.6022323369979858,0.5752120018005371,0.17912067472934723,0.2168016880750656,0.21864700317382812,0.20798632502555847
46,S4,BWHvy,local,local,0,local,local,0,0.5714981555938721,0.5697784423828125,-0.0017197132110595703,0.00017480459064245224,0.013825222849845886,0.5714981555938721,0.5697784423828125,0.21981216967105865,0.226724773645401,0.20868965983390808,0.2034967541694641
46,S5,LatCrit,BS1,BS2,1,BS1,BS1,0,0.3428496718406677,0.38234657049179077,0.03949689865112305,0.00935540720820427,0.12884089350700378,0.3392242193222046,0.2973445653915405,0.3428496718406677,0.3203088641166687,0.3179261386394501,0.38234657049179077
46,S5,ComHvy,local,local,0,local,local,0,0.5937500596046448,0.6386736631393433,0.044923603534698486,0.008807294070720673,0.1107037365436554,0.5937500596046448,0.6386736631393433,0.14429903030395508,0.1547272652387619,0.26195093989372253,0.20659904181957245
46,S5,BWHvy,local,local,0,local,BS2,1,0.4147188067436218,0.362159788608551,-0.0525590181350708,0.006356250494718552,0.1051180362701416,0.4147188067436218,0.362159788608551,0.31657007336616516,0.33200857043266296,0.2687110900878906,0.3058316111564636
46,S6,LatCrit,local,local,0,BS1,local,1,0.4590413570404053,0.5230265855789185,0.06398522853851318,0.016370151191949844,0.12797042727470398,0.4590413570404053,0.5230265855789185,0.3517307937145233,0.3479584753513336,0.1892278492450714,0.1290149688720703
46,S6,ComHvy,local,local,0,local,local,0,0.651512861251831,0.662908136844635,0.011395275592803955,0.017959177494049072,0.11359144747257233,0.651512861251831,0.662908136844635,0.18596690893173218,0.2313673496246338,0.16252022981643677,0.10572449862957001
46,S6,BWHvy,local,local,0,local,BS1,1,0.44108057022094727,0.390783429145813,-0.05029714107513428,0.005381021648645401,0.10059428215026855,0.44108057022094727,0.390783429145813,0.2744053602218628,0.29231318831443787,0.28451406955718994,0.31690338253974915
46,S7,LatCrit,BS1,local,1,local,local,0,0.3670104146003723,0.3761094808578491,0.009099066257476807,0.011520132422447205,0.14482292532920837,0.30369800329208374,0.3761094808578491,0.3670104146003723,0.3276624083518982,0.32929158210754395,0.2962281405925751
46,S7,ComHvy,local,local,0,local,local,0,0.49878883361816406,0.45991063117980957,-0.03887820243835449,0.0033156033605337143,0.0777563750743866,0.49878883361816406,0.45991063117980957,0.2162608653306961,0.2240840643644333,0.284950315952301,0.31600528955459595
46,S7,BWHvy,local,BS2,1,local,BS2,1,0.3518792986869812,0.39750197529792786,0.045622676610946655,0.007232379168272018,0.11645027995109558,0.3518792986869812,0.31876522302627563,0.3088438808917999,0.2837328314781189,0.33927682042121887,0.39750197529792786
46,S8,LatCrit,BS2,BS2,0,BS1,BS2,1,0.3376493453979492,0.45678845047950745,0.11913910508155823,0.029560141265392303,0.23827821016311646,0.3327372074127197,0.2652725577354431,0.32961344718933105,0.27793899178504944,0.3376493453979492,0.45678845047950745
46,S8,ComHvy,local,local,0,local,local,0,0.4227505326271057,0.39407968521118164,-0.028670847415924072,0.0201641246676445,0.17939190566539764,0.4227505326271057,0.39407968521118164,0.2938196063041687,0.23279453814029694,0.2834298312664032,0.373125821352005
46,S8,BWHvy,local,BS2,1,BS1,BS1,0,0.3674691915512085,0.3525806963443756,-0.014888495206832886,0.013575412333011627,0.14697223901748657,0.3674691915512085,0.3105722665786743,0.3534362316131592,0.3368470370769501,0.2790945768356323,0.3525806963443756
47,S1,LatCrit,BS1,BS1,0,BS1,BS1,0,0.4089154005050659,0.38539162278175354,-0.023523777723312378,0.005548134446144104,0.09978759288787842,0.3342847228050232,0.3841785192489624,0.4089154005050659,0.38539162278175354,0.2567998766899109,0.23042985796928406
47,S1,ComHvy,local,local,0,local,local,0,0.48874431848526,0.3965013027191162,-0.0922430157661438,0.01800268143415451,0.18448609113693237,0.48874431848526,0.3965013027191162,0.2816312313079834,0.3466997742652893,0.2296244502067566,0.25679898262023926
47,S1,BWHvy,local,local,0,BS2,BS2,0,0.3791663646697998,0.38794106245040894,0.00877469778060913,0.005437247455120087,0.0897006094455719,0.3791663646697998,0.38794106245040894,0.3591754734516144,0.31432515382766724,0.2616581618785858,0.29773375391960144
47,S2,LatCrit,BS2,BS2,0,BS2,BS2,0,0.38540118932724,0.3663686215877533,-0.019032567739486694,0.0011360719799995422,0.04165950417518616,0.2918017506599426,0.29000455141067505,0.322797030210495,0.3436267673969269,0.38540118932724,0.3663686215877533
47,S2,ComHvy,local,local,0,local,local,0,0.6915171146392822,0.6481815576553345,-0.043335556983947754,0.004582814872264862,0.08667110651731491,0.6915171146392822,0.6481815576553345,0.09262082725763321,0.09775222837924957,0.21586208045482635,0.25406622886657715
47,S2,BWHvy,local,local,0,BS2,BS2,0,0.3605983853340149,0.34714603424072266,-0.013452351093292236,0.00040788762271404266,0.026904702186584473,0.3605983853340149,0.34714603424072266,0.3138938546180725,0.31859061121940613,0.3255077600479126,0.3342633545398712
47,S3,LatCrit,local,local,0,local,local,0,0.48325639963150024,0.47656893730163574,-0.006687462329864502,0.0008748406544327736,0.03590969741344452,0.48325639963150024,0.47656893730163574,0.2815220355987549,0.29947689175605774,0.23522154986858368,0.22395417094230652
47,S3,ComHvy,local,local,0,local,local,0,0.6994171142578125,0.6634306907653809,-0.03598642349243164,0.0038123540580272675,0.07463886588811874,0.6994171142578125,0.6634306907653809,0.08014211803674698,0.07880912721157074,0.22044074535369873,0.2577601969242096
47,S3,BWHvy,local,BS1,1,BS1,BS1,0,0.3684139847755432,0.34181085228919983,-0.026603132486343384,0.004100611433386803,0.07975560426712036,0.3684139847755432,0.3349946141242981,0.30193305015563965,0.34181085228919983,0.32965296506881714,0.3231945335865021
47,S4,LatCrit,BS1,BS1,0,BS1,BS1,0,0.39446961879730225,0.3594014644622803,-0.03506815433502197,0.008104454725980759,0.11943104863166809,0.3166388273239136,0.2919914722442627,0.39446961879730225,0.3594014644622803,0.2888915538787842,0.3486070930957794
47,S4,ComHvy,local,local,0,local,local,0,0.5210636854171753,0.4753721356391907,-0.04569154977798462,0.0044134221971035,0.09138309955596924,0.5210636854171753,0.4753721356391907,0.2414446324110031,0.2562702000141144,0.2374916821718216,0.26835766434669495
47,S4,BWHvy,local,BS2,1,local,local,0,0.36599016189575195,0.3404582142829895,-0.02553194761276245,0.0022378363646566868,0.059786319732666016,0.36599016189575195,0.33609700202941895,0.2997572124004364,0.32344478368759155,0.33425262570381165,0.3404582142829895
47,S5,LatCrit,BS1,BS1,0,BS2,BS1,1,0.3628634512424469,0.39757809042930603,0.03471463918685913,0.004512323997914791,0.08671534061431885,0.3628537058830261,0.3194960355758667,0.3628634512424469,0.39757809042930603,0.27428287267684937,0.28292590379714966
47,S5,ComHvy,local,local,0,local,local,0,0.6840207576751709,0.7424777746200562,0.058457016944885254,0.01758452132344246,0.1204051673412323,0.6840207576751709,0.7424777746200562,0.1551206111907959,0.1568661630153656,0.1608586460351944,0.10065604746341705
47,S5,BWHvy,local,BS1,1,BS2,BS2,0,0.3347857594490051,0.3647175133228302,0.029931753873825073,0.0028781997971236706,0.06321117281913757,0.3347857594490051,0.3044353127479553,0.3331119418144226,0.3647175133228302,0.33210229873657227,0.3308471441268921
47,S6,LatCrit,local,local,0,local,local,0,0.5046505928039551,0.6227254867553711,0.11807489395141602,0.03034786507487297,0.23614974319934845,0.5046505928039551,0.6227254867553711,0.28432324528694153,0.2312464863061905,0.2110261172056198,0.14602802693843842
47,S6,ComHvy,local,local,0,local,local,0,0.5400532484054565,0.5489124655723572,0.008859217166900635,0.0003059590235352516,0.022874370217323303,0.5400532484054565,0.5489124655723572,0.1423948109149933,0.1449727863073349,0.31755194067955017,0.3061147630214691
47,S6,BWHvy,BS2,BS2,0,BS1,BS1,0,0.3618090748786926,0.3821275234222412,0.020318448543548584,0.0008841361850500107,0.04063689708709717,0.3095729351043701,0.29867035150527954,0.32861796021461487,0.31920209527015686,0.3618090748786926,0.3821275234222412
47,S7,LatCrit,BS2,BS2,0,BS2,BS2,0,0.4280143976211548,0.4659770429134369,0.037962645292282104,0.03307472914457321,0.2148926854133606,0.25041449069976807,0.31989818811416626,0.32157111167907715,0.21412476897239685,0.4280143976211548,0.4659770429134369
47,S7,ComHvy,local,BS1,1,local,local,0,0.4380594491958618,0.42396312952041626,-0.014096319675445557,0.005831632763147354,0.10604080557823181,0.4380594491958618,0.4009149670600891,0.37094274163246155,0.42396312952041626,0.19099782407283783,0.17512188851833344
47,S7,BWHvy,BS2,BS2,0,BS2,BS2,0,0.4055478870868683,0.44759252667427063,0.042044639587402344,0.0036212243139743805,0.08408927917480469,0.23678022623062134,0.22228878736495972,0.3576718866825104,0.33011868596076965,0.4055478870868683,0.44759252667427063
47,S8,LatCrit,local,local,0,local,local,0,0.4472975730895996,0.48219525814056396,0.034897685050964355,0.002639348618686199,0.0697953999042511,0.4472975730895996,0.48219525814056396,0.3129684627056122,0.286385178565979,0.2397340089082718,0.23141957819461823
47,S8,ComHvy,local,local,0,BS2,BS2,0,0.504592776298523,0.49604254961013794,-0.00855022668838501,0.0013582650572061539,0.04314334690570831,0.504592776298523,0.49604254961013794,0.22914360463619232,0.2507152855396271,0.2662636339664459,0.2532421946525574
47,S8,BWHvy,local,BS2,1,BS1,BS1,0,0.3584159016609192,0.34881800413131714,-0.00959789752960205,0.0019277343526482582,0.056833863258361816,0.3584159016609192,0.3299989700317383,0.3011944591999054,0.3211830258369446,0.3403896391391754,0.34881800413131714
48,S1,LatCrit,local,local,0,local,local,0,0.5127448439598083,0.5831681489944458,0.07042330503463745,0.010799307376146317,0.14084658026695251,0.5127448439598083,0.5831681489944458,0.2361888289451599,0.21342237293720245,0.25106632709503174,0.20340950787067413
48,S1,ComHvy,local,BS2,1,local,BS1,1,0.3795245885848999,0.3880307078361511,0.00850611925125122,0.01162007637321949,0.13869446516036987,0.3795245885848999,0.3101773262023926,0.2560564875602722,0.3017919063568115,0.3644189238548279,0.3880307078361511
48,S1,BWHvy,local,local,0,local,local,0,0.626126766204834,0.7603654861450195,0.13423871994018555,0.04675637185573578,0.2684773802757263,0.626126766204834,0.7603654861450195,0.17734111845493317,0.12629882991313934,0.19653207063674927,0.11333569884300232
48,S2,LatCrit,BS1,BS1,0,BS2,BS1,1,0.41206538677215576,0.45643654465675354,0.04437115788459778,0.007840938866138458,0.1208345890045166,0.17631769180297852,0.19236385822296143,0.41206538677215576,0.45643654465675354,0.4116169214248657,0.3511996567249298
48,S2,ComHvy,local,local,0,local,local,0,0.6674987077713013,0.7190161943435669,0.051517486572265625,0.012548979371786118,0.10965746641159058,0.6674987077713013,0.7190161943435669,0.15332339704036713,0.1566346436738968,0.1791779100894928,0.12434917688369751
48,S2,BWHvy,local,local,0,local,local,0,0.633228063583374,0.7447894215583801,0.1115613579750061,0.030844341963529587,0.2231227308511734,0.633228063583374,0.7447894215583801,0.173458993434906,0.12792521715164185,0.19331295788288116,0.12728536128997803
48,S3,LatCrit,local,local,0,BS1,BS1,0,0.4114081859588623,0.4833187460899353,0.071910560131073,0.011779345571994781,0.1438211351633072,0.4114081859588623,0.4833187460899353,0.3489561676979065,0.32338568568229675,0.2396356165409088,0.19329552352428436
48,S3,ComHvy,local,local,0,local,local,0,0.6248093843460083,0.5860430598258972,-0.038766324520111084,0.006713259965181351,0.10416330397129059,0.6248093843460083,0.5860430598258972,0.11690929532051086,0.10359396040439606,0.2582813501358032,0.3103629946708679
48,S3,BWHvy,local,local,0,local,local,0,0.6800863742828369,0.792921781539917,0.11283540725708008,0.037916406989097595,0.22567081451416016,0.6800863742828369,0.792921781539917,0.13624562323093414,0.10272548347711563,0.18366798758506775,0.10435270518064499
48,S4,LatCrit,local,local,0,local,local,0,0.5507552623748779,0.6020861864089966,0.05133092403411865,0.007162304595112801,0.1026618629693985,0.5507552623748779,0.6020861864089966,0.21973052620887756,0.17721247673034668,0.2295142412185669,0.22070135176181793
48,S4,ComHvy,local,BS2,1,BS2,BS2,0,0.3956668972969055,0.38967737555503845,-0.005989521741867065,0.0067142038606107235,0.08920939266681671,0.3956668972969055,0.35106223821640015,0.21510829031467438,0.2592604160308838,0.3892247676849365,0.38967737555503845
48,S4,BWHvy,local,local,0,local,local,0,0.6211386919021606,0.6991015672683716,0.07796287536621094,0.014634627848863602,0.15592578053474426,0.6211386919021606,0.6991015672683716,0.18231001496315002,0.15451090037822723,0.19655132293701172,0.14638753235340118
48,S5,LatCrit,local,local,0,local,local,0,0.5733237266540527,0.6476892232894897,0.07436549663543701,0.028343267738819122,0.1732536256313324,0.5733237266540527,0.6476892232894897,0.2071683257818222,0.21942967176437378,0.21950793266296387,0.13288114964962006
48,S5,ComHvy,local,local,0,local,local,0,0.7065677642822266,0.7435264587402344,0.03695869445800781,0.005720097571611404,0.07391735166311264,0.7065677642822266,0.7435264587402344,0.1888495534658432,0.1798204779624939,0.10458264499902725,0.07665306329727173
48,S5,BWHvy,local,local,0,local,local,0,0.6819400787353516,0.7783664464950562,0.09642636775970459,0.02499176561832428,0.19285273551940918,0.6819400787353516,0.7783664464950562,0.14225788414478302,0.10388266295194626,0.17580199241638184,0.1177508533000946
48,S6,LatCrit,local,local,0,local,local,0,0.699937105178833,0.7550603151321411,0.055123209953308105,0.008082561194896698,0.11024640500545502,0.699937105178833,0.7550603151321411,0.18060094118118286,0.14264371991157532,0.11946193873882294,0.10229596495628357
48,S6,ComHvy,local,local,0,BS2,BS2,0,0.419569194316864,0.387559175491333,-0.032010018825531006,0.0068062059581279755,0.11093775928020477,0.419569194316864,0.387559175491333,0.2702842056751251,0.24682535231113434,0.3101465702056885,0.36561545729637146
48,S6,BWHvy,local,local,0,local,local,0,0.6089334487915039,0.7268931269645691,0.11795967817306519,0.03272928297519684,0.23591937124729156,0.6089334487915039,0.7268931269645691,0.1911434680223465,0.13733014464378357,0.1999230980873108,0.13577672839164734
48,S7,LatCrit,local,local,0,local,local,0,0.592827558517456,0.6448196172714233,0.051992058753967285,0.0109965605661273,0.10750117897987366,0.592827558517456,0.6448196172714233,0.2002924680709839,0.14654184877872467,0.20687998831272125,0.2086384892463684
48,S7,ComHvy,BS2,BS2,0,BS2,BS2,0,0.43278196454048157,0.5555463433265686,0.12276437878608704,0.03031204640865326,0.24552875757217407,0.2511861324310303,0.19413214921951294,0.31603190302848816,0.25032150745391846,0.43278196454048157,0.5555463433265686
48,S7,BWHvy,local,local,0,BS1,local,1,0.49772268533706665,0.6006534695625305,0.10293078422546387,0.022177357226610184,0.20586161315441132,0.49772268533706665,0.6006534695625305,0.2430342733860016,0.18387846648693085,0.25924307107925415,0.21546804904937744
48,S8,LatCrit,local,local,0,local,local,0,0.491033136844635,0.5913517475128174,0.10031861066818237,0.0224284864962101,0.20063716173171997,0.491033136844635,0.5913517475128174,0.16830454766750336,0.11856727302074432,0.34066230058670044,0.2900810241699219
48,S8,ComHvy,local,local,0,local,local,0,0.41081148386001587,0.4389691948890686,0.028157711029052734,0.010392945259809494,0.1294570416212082,0.41081148386001587,0.4389691948890686,0.34358683228492737,0.27885833382606506,0.24560163915157318,0.28217247128486633
48,S8,BWHvy,local,local,0,local,local,0,0.617559552192688,0.751713216304779,0.13415366411209106,0.044831253588199615,0.26830732822418213,0.617559552192688,0.751713216304779,0.21396976709365845,0.147854745388031,0.16847065091133118,0.10043201595544815
49,S1,LatCrit,local,local,0,local,local,0,0.580329179763794,0.5203299522399902,-0.05999922752380371,0.009319121018052101,0.1199985146522522,0.580329179763794,0.5203299522399902,0.1454220414161682,0.1892913579940796,0.27424874901771545,0.29037871956825256
49,S1,ComHvy,local,local,0,local,local,0,0.5050576329231262,0.5383771657943726,0.03331953287124634,0.0025120535865426064,0.06663903594017029,0.5050576329231262,0.5383771657943726,0.17376388609409332,0.15464948117733002,0.32117846608161926,0.3069733679294586
49,S1,BWHvy,local,local,0,local,local,0,0.6246403455734253,0.5295270681381226,-0.09511327743530273,0.023303715512156487,0.19022656977176666,0.6246403455734253,0.5295270681381226,0.1910167932510376,0.2770836353302002,0.18434284627437592,0.19338929653167725
49,S2,LatCrit,BS1,BS1,0,BS2,BS2,0,0.4922278821468353,0.5063501000404358,0.014122217893600464,0.015692930668592453,0.1217339038848877,0.19196724891662598,0.13110029697418213,0.4922278821468353,0.5063501000404358,0.3158048391342163,0.3625495731830597
49,S2,ComHvy,local,local,0,local,local,0,0.6245251893997192,0.6778254508972168,0.05330026149749756,0.006851330399513245,0.10660054534673691,0.6245251893997192,0.6778254508972168,0.22056397795677185,0.19749857485294342,0.1549108326435089,0.12467595189809799
49,S2,BWHvy,local,local,0,local,local,0,0.6372160911560059,0.5514968037605286,-0.0857192873954773,0.017899904400110245,0.1714385598897934,0.6372160911560059,0.5514968037605286,0.1786441057920456,0.24858637154102325,0.18413983285427094,0.19991683959960938
49,S3,LatCrit,local,BS1,1,BS1,BS1,0,0.3828248381614685,0.4289465844631195,0.046121746301651,0.017312346026301384,0.17125248908996582,0.3828248381614685,0.2971985936164856,0.3636619448661804,0.4289465844631195,0.2535131871700287,0.2738547921180725
49,S3,ComHvy,local,local,0,local,local,0,0.5623510479927063,0.6150733828544617,0.05272233486175537,0.007915381342172623,0.10544467717409134,0.5623510479927063,0.6150733828544617,0.32060903310775757,0.2981880009174347,0.11703991144895554,0.08673860132694244
49,S3,BWHvy,local,local,0,local,local,0,0.6558035612106323,0.5580472350120544,-0.09775632619857788,0.02407136559486389,0.19551265239715576,0.6558035612106323,0.5580472350120544,0.14627854526042938,0.2225256860256195,0.1979178786277771,0.21942706406116486
49,S4,LatCrit,local,local,0,local,local,0,0.5467984676361084,0.4401211142539978,-0.1066773533821106,0.02287551388144493,0.2133547067642212,0.5467984676361084,0.4401211142539978,0.18257656693458557,0.22655382752418518,0.27062496542930603,0.333325058221817
49,S4,ComHvy,BS2,local,1,BS2,BS2,0,0.3988932967185974,0.42097198963165283,0.02207869291305542,0.0013846000656485558,0.0500921756029129,0.3959258794784546,0.42097198963165283,0.2051807940006256,0.19195084273815155,0.3988932967185974,0.3870771825313568
49,S4,BWHvy,local,local,0,local,local,0,0.5922728776931763,0.49385493993759155,-0.09841793775558472,0.021043552085757256,0.19683586061000824,0.5922728776931763,0.49385493993759155,0.192396342754364,0.26106396317481995,0.2153308242559433,0.2450811266899109
49,S5,LatCrit,local,local,0,local,local,0,0.5685403347015381,0.44096994400024414,-0.12757039070129395,0.03438321128487587,0.2551407814025879,0.5685403347015381,0.44096994400024414,0.21294473111629486,0.3005433976650238,0.21851493418216705,0.25848665833473206
49,S5,ComHvy,local,local,0,local,local,0,0.6221972703933716,0.6375709772109985,0.015373706817626953,0.0006009768694639206,0.030747458338737488,0.6221972703933716,0.6375709772109985,0.24200037121772766,0.23598411679267883,0.13580240309238434,0.12644490599632263
49,S5,BWHvy,local,local,0,local,local,0,0.6828385591506958,0.5843396186828613,-0.09849894046783447,0.02130727842450142,0.19699785113334656,0.6828385591506958,0.5843396186828613,0.11773442476987839,0.16793887317180634,0.19942700862884521,0.24772146344184875
49,S6,LatCrit,local,local,0,local,local,0,0.6731308698654175,0.6258783340454102,-0.047252535820007324,0.004884939640760422,0.09450502693653107,0.6731308698654175,0.6258783340454102,0.18570555746555328,0.21489304304122925,0.14116360247135162,0.1592286080121994
49,S6,ComHvy,BS2,BS2,0,BS2,BS2,0,0.4346196949481964,0.533805251121521,0.09918555617332458,0.021706633269786835,0.19837114214897156,0.25382333993911743,0.18999582529067993,0.31155699491500854,0.2761989235877991,0.4346196949481964,0.533805251121521
49,S6,BWHvy,local,local,0,local,local,0,0.6324607133865356,0.5203924179077148,-0.1120682954788208,0.027552861720323563,0.2241365760564804,0.6324607133865356,0.5203924179077148,0.1715257316827774,0.24894225597381592,0.19601355493068695,0.23066531121730804
49,S7,LatCrit,local,local,0,local,local,0,0.7221670150756836,0.6286937594413757,-0.09347325563430786,0.03222917392849922,0.21459436416625977,0.7221670150756836,0.6286937594413757,0.16461777687072754,0.2719149589538574,0.11321520805358887,0.09939127415418625
49,S7,ComHvy,BS2,local,1,local,local,0,0.39987853169441223,0.461548388004303,0.06166985630989075,0.029906807467341423,0.2119901180267334,0.3555533289909363,0.461548388004303,0.2445681244134903,0.16730011999607086,0.39987853169441223,0.37115147709846497
49,S7,BWHvy,local,local,0,local,local,0,0.5410876274108887,0.4670371413230896,-0.07405048608779907,0.012187916785478592,0.14810094237327576,0.5410876274108887,0.4670371413230896,0.22333747148513794,0.24012547731399536,0.2355749011039734,0.29283735156059265
49,S8,LatCrit,local,local,0,local,local,0,0.4898008108139038,0.5056735277175903,0.015872716903686523,0.0006368923932313919,0.031745389103889465,0.4898008108139038,0.5056735277175903,0.13570214807987213,0.12653309106826782,0.37449702620506287,0.36779341101646423
49,S8,ComHvy,local,local,0,local,BS2,1,0.5716914534568787,0.5497050881385803,-0.02198636531829834,0.03415185958147049,0.19155099987983704,0.5716914534568787,0.5497050881385803,0.20570608973503113,0.13191695511341095,0.2226024717092514,0.3183779716491699
49,S8,BWHvy,local,local,0,local,local,0,0.5751304626464844,0.4666232466697693,-0.10850721597671509,0.0251430906355381,0.21701444685459137,0.5751304626464844,0.4666232466697693,0.23875658214092255,0.32201170921325684,0.18611295521259308,0.21136505901813507
50,S1,LatCrit,local,local,0,local,local,0,0.7169578075408936,0.5206989049911499,-0.19625890254974365,0.08519254624843597,0.3925178647041321,0.7169578075408936,0.5206989049911499,0.0995134487748146,0.21266824007034302,0.18352872133255005,0.26663288474082947
50,S1,ComHvy,local,local,0,local,local,0,0.5013788938522339,0.6434566974639893,0.14207780361175537,0.046204909682273865,0.28415557742118835,0.5013788938522339,0.6434566974639893,0.2437496781349182,0.19699670374393463,0.2548714280128479,0.1595466285943985
50,S1,BWHvy,local,local,0,local,local,0,0.7555594444274902,0.566153883934021,-0.18940556049346924,0.07781810313463211,0.3788111209869385,0.7555594444274902,0.566153883934021,0.10617129504680634,0.18657973408699036,0.13826927542686462,0.24726638197898865
50,S2,LatCrit,local,BS1,1,local,BS2,1,0.4496041536331177,0.4491710364818573,-0.000433117151260376,0.11716552823781967,0.4315314292907715,0.4496041536331177,0.23383843898773193,0.3598887622356415,0.4491710364818573,0.19050709903240204,0.31699052453041077
50,S2,ComHvy,local,local,0,local,local,0,0.39059555530548096,0.5527788400650024,0.16218328475952148,0.06341971457004547,0.3243665099143982,0.39059555530548096,0.5527788400650024,0.3661864399909973,0.2273900955915451,0.24321798980236053,0.21983109414577484
50,S2,BWHvy,local,local,0,local,local,0,0.6947859525680542,0.5434309244155884,-0.15135502815246582,0.04779215157032013,0.30271008610725403,0.6947859525680542,0.5434309244155884,0.148562952876091,0.22252707183361053,0.1566510945558548,0.23404203355312347
50,S3,LatCrit,local,local,0,local,local,0,0.5977376699447632,0.4881278872489929,-0.10960978269577026,0.02418617531657219,0.21921956539154053,0.5977376699447632,0.4881278872489929,0.22575809061527252,0.2905242443084717,0.1765042543411255,0.2213478833436966
50,S3,ComHvy,BS1,local,1,BS1,BS1,0,0.4227037727832794,0.4053965210914612,-0.017307251691818237,0.02733108028769493,0.2108914852142334,0.2999507784843445,0.4053965210914612,0.4227037727832794,0.3300262987613678,0.2773454487323761,0.264577180147171
50,S3,BWHvy,local,local,0,local,local,0,0.624941349029541,0.43432164192199707,-0.19061970710754395,0.07499374449253082,0.3812394142150879,0.624941349029541,0.43432164192199707,0.1656927913427353,0.22324301302433014,0.2093658596277237,0.342435359954834
50,S4,LatCrit,local,local,0,local,BS2,1,0.6858408451080322,0.48037028312683105,-0.20547056198120117,0.08619091659784317,0.41094115376472473,0.6858408451080322,0.48037028312683105,0.11685098707675934,0.18833757936954498,0.19730812311172485,0.33129212260246277
50,S4,ComHvy,BS2,local,1,BS2,BS2,0,0.38195645809173584,0.4094192385673523,0.027462780475616455,0.005402788519859314,0.09146931767463684,0.36575382947921753,0.4094192385673523,0.25228971242904663,0.2543589770793915,0.38195645809173584,0.3362218141555786
50,S4,BWHvy,local,local,0,local,local,0,0.7311427593231201,0.6117813587188721,-0.11936140060424805,0.03219235688447952,0.23872283101081848,0.7311427593231201,0.6117813587188721,0.11889441311359406,0.15832878649234772,0.14996278285980225,0.22988983988761902
50,S5,LatCrit,local,BS2,1,BS1,BS1,0,0.45326709747314453,0.3856542110443115,-0.06761288642883301,0.11399020254611969,0.43029284477233887,0.45326709747314453,0.2381206750869751,0.3015119433403015,0.3762251138687134,0.24522097408771515,0.3856542110443115
50,S5,ComHvy,local,local,0,local,local,0,0.5192760229110718,0.6270732879638672,0.10779726505279541,0.0285273939371109,0.21559454500675201,0.5192760229110718,0.6270732879638672,0.2491409182548523,0.21833252906799316,0.23158302903175354,0.15459413826465607
50,S5,BWHvy,local,local,0,local,local,0,0.7769907116889954,0.6213682293891907,-0.1556224822998047,0.05593851953744888,0.311244934797287,0.7769907116889954,0.6213682293891907,0.09973130375146866,0.15916769206523895,0.12327799946069717,0.21946407854557037
50,S6,LatCrit,local,local,0,local,local,0,0.7317254543304443,0.6787344217300415,-0.05299103260040283,0.013456970453262329,0.11667954176664352,0.7317254543304443,0.6787344217300415,0.15585219860076904,0.15050344169139862,0.11242235451936722,0.1707621067762375
50,S6,ComHvy,local,local,0,BS1,BS1,0,0.45362555980682373,0.48367756605148315,0.030052006244659424,0.0024673230946063995,0.060103997588157654,0.45362555980682373,0.48367756605148315,0.2729198932647705,0.2705492377281189,0.27345454692840576,0.24577321112155914
50,S6,BWHvy,local,local,0,local,local,0,0.7388817667961121,0.500267744064331,-0.238614022731781,0.11876283586025238,0.477228045463562,0.7388817667961121,0.500267744064331,0.13170109689235687,0.25877732038497925,0.12941713631153107,0.2409549355506897
50,S7,LatCrit,local,local,0,local,local,0,0.7106956839561462,0.572084903717041,-0.13861078023910522,0.041580528020858765,0.27722156047821045,0.7106956839561462,0.572084903717041,0.1619134396314621,0.2534966468811035,0.12739089131355286,0.17441844940185547
50,S7,ComHvy,BS2,BS2,0,BS2,BS2,0,0.46759340167045593,0.42929598689079285,-0.038297414779663086,0.010868694633245468,0.13828442990779877,0.29609304666519165,0.36523526906967163,0.23631352186203003,0.20546872913837433,0.46759340167045593,0.42929598689079285
50,S7,BWHvy,local,local,0,local,local,0,0.7400803565979004,0.5459413528442383,-0.1941390037536621,0.08155165612697601,0.3882780075073242,0.7400803565979004,0.5459413528442383,0.12454953789710999,0.19432032108306885,0.13537012040615082,0.25973832607269287
50,S8,LatCrit,local,local,0,local,local,0,0.6560665369033813,0.5701371431350708,-0.08592939376831055,0.015425480902194977,0.17185871303081512,0.6560665369033813,0.5701371431350708,0.13893643021583557,0.17102397978305817,0.20499706268310547,0.25883883237838745
50,S8,ComHvy,local,BS1,1,BS2,BS1,1,0.4206371307373047,0.5281790494918823,0.10754191875457764,0.03364899754524231,0.243303582072258,0.4206371307373047,0.3089396357536316,0.4065272808074951,0.5281790494918823,0.17283563315868378,0.16288131475448608
50,S8,BWHvy,local,local,0,local,BS1,1,0.586262583732605,0.3828991651535034,-0.20336341857910156,0.08895360678434372,0.4067268371582031,0.586262583732605,0.3828991651535034,0.23965349793434143,0.3114459812641144,0.17408393323421478,0.3056548833847046
51,S1,LatCrit,BS1,BS1,0,BS2,BS2,0,0.37918105721473694,0.4555909037590027,0.07640984654426575,0.014692287892103195,0.1528196930885315,0.2748703956604004,0.2157565951347351,0.37918105721473694,0.4555909037590027,0.34594854712486267,0.3286525011062622
51,S1,ComHvy,local,local,0,local,local,0,0.657591700553894,0.6727097034454346,0.015118002891540527,0.006664853543043137,0.07923847436904907,0.657591700553894,0.6727097034454346,0.1467343270778656,0.1712355762720108,0.19567394256591797,0.15605472028255463
51,S1,BWHvy,BS1,BS1,0,BS1,BS1,0,0.3605983853340149,0.43231236934661865,0.07171398401260376,0.044340234249830246,0.245508074760437,0.3037562370300293,0.1810021996498108,0.3605983853340149,0.43231236934661865,0.3356453776359558,0.38668543100357056
51,S2,LatCrit,BS2,BS2,0,BS2,BS2,0,0.3896968960762024,0.5044195652008057,0.11472266912460327,0.027807682752609253,0.22944533824920654,0.2593038082122803,0.22653770446777344,0.35099926590919495,0.2690427005290985,0.3896968960762024,0.5044195652008057
51,S2,ComHvy,local,local,0,local,local,0,0.6732053756713867,0.6449745893478394,-0.028230786323547363,0.007313497364521027,0.09117661416530609,0.6732053756713867,0.6449745893478394,0.17718441784381866,0.15982693433761597,0.14961017668247223,0.19519852101802826
51,S2,BWHvy,BS1,BS1,0,BS1,BS1,0,0.37696683406829834,0.4480569660663605,0.07109013199806213,0.024410100653767586,0.181829571723938,0.29373782873153687,0.20282304286956787,0.37696683406829834,0.4480569660663605,0.3292953372001648,0.34911999106407166
51,S3,LatCrit,local,local,0,local,BS1,1,0.48953837156295776,0.3774460554122925,-0.11209231615066528,0.027974382042884827,0.22418461740016937,0.48953837156295776,0.3774460554122925,0.31124767661094666,0.352329283952713,0.19921396672725677,0.2702246606349945
51,S3,ComHvy,local,local,0,local,local,0,0.6841785907745361,0.7163833379745483,0.03220474720001221,0.011986754834651947,0.09854499250650406,0.6841785907745361,0.7163833379745483,0.1503557413816452,0.10108324140310287,0.16546571254730225,0.18253345787525177
51,S3,BWHvy,local,BS2,1,BS1,BS1,0,0.3751695156097412,0.39532530307769775,0.020155787467956543,0.047269564121961594,0.27322837710380554,0.3751695156097412,0.23855531215667725,0.2831999659538269,0.3661193549633026,0.3416305184364319,0.39532530307769775
51,S4,LatCrit,BS2,BS2,0,BS2,BS2,0,0.41286206245422363,0.4714046120643616,0.05854254961013794,0.02116703987121582,0.1782495081424713,0.3127107620239258,0.22358602285385132,0.2744271457195282,0.3050093650817871,0.41286206245422363,0.4714046120643616
51,S4,ComHvy,local,local,0,local,BS1,1,0.5528519749641418,0.5172796249389648,-0.035572350025177,0.007240431383252144,0.09941534698009491,0.5528519749641418,0.5172796249389648,0.1862848550081253,0.23599250614643097,0.26086318492889404,0.2467278391122818
51,S4,BWHvy,local,BS1,1,BS1,BS1,0,0.3499680161476135,0.38259878754615784,0.03263077139854431,0.014220103621482849,0.1525215208530426,0.3499680161476135,0.2737072706222534,0.3323475420475006,0.38259878754615784,0.31768444180488586,0.34369397163391113
51,S5,LatCrit,BS1,BS1,0,BS1,BS1,0,0.38350188732147217,0.44475147128105164,0.06124958395957947,0.035178136080503464,0.22706961631774902,0.3206491470336914,0.2071143388748169,0.38350188732147217,0.44475147128105164,0.2958489656448364,0.34813418984413147
51,S5,ComHvy,local,local,0,local,local,0,0.5765751600265503,0.672518253326416,0.09594309329986572,0.020049549639225006,0.19188614189624786,0.5765751600265503,0.672518253326416,0.23757271468639374,0.18420948088169098,0.1858520805835724,0.143272265791893
51,S5,BWHvy,local,BS2,1,local,BS1,1,0.36461085081100464,0.4544847309589386,0.08987388014793396,0.05026361346244812,0.27978500723838806,0.36461085081100464,0.2247183918952942,0.27141237258911133,0.320796936750412,0.36397674679756165,0.4544847309589386
51,S6,LatCrit,local,BS1,1,local,local,0,0.48128849267959595,0.41334518790245056,-0.06794330477714539,0.014287374913692474,0.16066257655620575,0.48128849267959595,0.40095722675323486,0.34226757287979126,0.41334518790245056,0.1764439046382904,0.18569760024547577
51,S6,ComHvy,local,local,0,local,local,0,0.5668817758560181,0.6145496368408203,0.047667860984802246,0.014771915972232819,0.1349181830883026,0.5668817758560181,0.6145496368408203,0.19628062844276428,0.21607182919979095,0.23683762550354004,0.16937850415706635
51,S6,BWHvy,BS2,BS1,1,BS1,BS1,0,0.3580567538738251,0.4397169053554535,0.08166015148162842,0.03912787511944771,0.2222374677658081,0.2896174192428589,0.17849868535995483,0.35232582688331604,0.4397169053554535,0.3580567538738251,0.3817844092845917
51,S7,LatCrit,BS1,BS1,0,local,BS2,1,0.4138099253177643,0.48285412788391113,0.06904420256614685,0.018343601375818253,0.16658291220664978,0.3284449577331543,0.2451534867286682,0.4138099253177643,0.48285412788391113,0.2577451169490814,0.27199235558509827
51,S7,ComHvy,local,local,0,local,local,0,0.5955410003662109,0.6133581399917603,0.017817139625549316,0.001210678368806839,0.04272286593914032,0.5955410003662109,0.6133581399917603,0.13787399232387543,0.1414182484149933,0.2665850520133972,0.24522358179092407
51,S7,BWHvy,BS2,BS2,0,BS2,BS2,0,0.37775295972824097,0.44834527373313904,0.07059231400489807,0.012326054275035858,0.14118462800979614,0.28743523359298706,0.23227787017822266,0.334811806678772,0.3193768560886383,0.37775295972824097,0.44834527373313904
51,S8,LatCrit,BS2,BS2,0,local,local,0,0.4631330072879791,0.546623945236206,0.08349093794822693,0.02064312994480133,0.18471768498420715,0.37478864192962646,0.2824298143386841,0.1620783656835556,0.17094628512859344,0.4631330072879791,0.546623945236206
51,S8,ComHvy,local,local,0,local,local,0,0.5446532964706421,0.49019432067871094,-0.05445897579193115,0.028241530060768127,0.21072790026664734,0.5446532964706421,0.49019432067871094,0.22165989875793457,0.17075492441654205,0.23368681967258453,0.3390507698059082
51,S8,BWHvy,BS1,BS2,1,BS1,BS1,0,0.4029279947280884,0.42776164412498474,0.024833649396896362,0.03442663699388504,0.19339659810066223,0.25754863023757935,0.16085034608840942,0.4029279947280884,0.4113880395889282,0.3395233750343323,0.42776164412498474
52,S1,LatCrit,BS1,BS1,0,local,local,0,0.3785786032676697,0.3959425687789917,0.01736396551132202,0.0014137979596853256,0.04392729699611664,0.36514759063720703,0.3697472810745239,0.3785786032676697,0.3959425687789917,0.2562738060951233,0.23431016504764557
52,S1,ComHvy,local,local,0,local,local,0,0.6041435599327087,0.5673489570617676,-0.03679460287094116,0.004936676472425461,0.07774236798286438,0.6041435599327087,0.5673489570617676,0.22034156322479248,0.21826495230197906,0.17551489174365997,0.21438604593276978
52,S1,BWHvy,local,local,0,local,local,0,0.4446708559989929,0.4558168053627014,0.011145949363708496,0.0006402893923223019,0.03453700244426727,0.4446708559989929,0.4558168053627014,0.3948451578617096,0.37757667899131775,0.1604839712381363,0.16660654544830322
52,S2,LatCrit,BS2,BS2,0,BS2,BS2,0,0.47640547156333923,0.5348564982414246,0.05845102667808533,0.007330100983381271,0.11690206825733185,0.2987017035484314,0.27522552013397217,0.22489283978939056,0.18991798162460327,0.47640547156333923,0.5348564982414246
52,S2,ComHvy,local,local,0,local,local,0,0.6275811195373535,0.6749995946884155,0.04741847515106201,0.010377993807196617,0.09483698755502701,0.6275811195373535,0.6749995946884155,0.15869617462158203,0.11184946447610855,0.21372272074222565,0.21315091848373413
52,S2,BWHvy,local,local,0,local,local,0,0.43519800901412964,0.4636874198913574,0.028489410877227783,0.002706098835915327,0.06638389825820923,0.43519800901412964,0.4636874198913574,0.3344147205352783,0.3012227714061737,0.23038727045059204,0.23508980870246887
52,S3,LatCrit,local,local,0,local,local,0,0.4469350576400757,0.48217540979385376,0.035240352153778076,0.00486229732632637,0.08525371551513672,0.4469350576400757,0.48217540979385376,0.26008814573287964,0.2674746513366699,0.29297682642936707,0.2503499686717987
52,S3,ComHvy,local,local,0,local,local,0,0.6608385443687439,0.6950390338897705,0.03420048952102661,0.0036814073100686073,0.0684010311961174,0.6608385443687439,0.6950390338897705,0.13965420424938202,0.11430523544549942,0.19950726628303528,0.1906556934118271
52,S3,BWHvy,local,local,0,local,local,0,0.4714903235435486,0.5247516632080078,0.05326133966445923,0.007118619978427887,0.10652269423007965,0.4714903235435486,0.5247516632080078,0.3017391264438629,0.2885511815547943,0.2267705500125885,0.18669714033603668
52,S4,LatCrit,local,local,0,BS1,BS2,1,0.3977509140968323,0.39604073762893677,-0.0017101764678955078,0.0029829535633325577,0.06001494824886322,0.3977509140968323,0.39604073762893677,0.38216713070869446,0.35386985540390015,0.22008194029331207,0.2500894367694855
52,S4,ComHvy,local,local,0,local,local,0,0.6066091060638428,0.5283967852592468,-0.07821232080459595,0.015141962096095085,0.1564246267080307,0.6066091060638428,0.5283967852592468,0.22358477115631104,0.29522600769996643,0.16980613768100739,0.17637720704078674
52,S4,BWHvy,local,local,0,local,local,0,0.5798308849334717,0.5892155766487122,0.009384691715240479,0.00021748151630163193,0.018769413232803345,0.5798308849334717,0.5892155766487122,0.18153876066207886,0.18014764785766602,0.23863038420677185,0.23063677549362183
52,S5,LatCrit,local,local,0,local,local,0,0.5883206129074097,0.6179865598678589,0.02966594696044922,0.0018644388765096664,0.059331923723220825,0.5883206129074097,0.6179865598678589,0.22600986063480377,0.20796813070774078,0.18566951155662537,0.17404526472091675
52,S5,ComHvy,local,local,0,local,local,0,0.5664728879928589,0.5168225765228271,-0.04965031147003174,0.011187704280018806,0.11951623857021332,0.5664728879928589,0.5168225765228271,0.16689202189445496,0.22665010392665863,0.26663511991500854,0.25652727484703064
52,S5,BWHvy,local,local,0,local,local,0,0.5133553147315979,0.5434531569480896,0.0300978422164917,0.0018715811893343925,0.0601956844329834,0.5133553147315979,0.5434531569480896,0.21242915093898773,0.19600845873355865,0.2742155194282532,0.26053836941719055
52,S6,LatCrit,local,local,0,local,local,0,0.6330137848854065,0.6763036251068115,0.04328984022140503,0.004189934581518173,0.08657963573932648,0.6330137848854065,0.6763036251068115,0.16797512769699097,0.1479586809873581,0.19901105761528015,0.17573770880699158
52,S6,ComHvy,local,local,0,BS2,BS2,0,0.4687121510505676,0.4365849494934082,-0.032127201557159424,0.002419259399175644,0.06425440311431885,0.4687121510505676,0.4365849494934082,0.1679242104291916,0.16891689598560333,0.3633636236190796,0.39449813961982727
52,S6,BWHvy,local,local,0,BS1,BS1,0,0.3843878507614136,0.3985633850097656,0.01417553424835205,0.00042650802060961723,0.0283510684967041,0.3843878507614136,0.3985633850097656,0.28911831974983215,0.2811778783798218,0.3264937996864319,0.3202587068080902
52,S7,LatCrit,local,local,0,local,local,0,0.4907814860343933,0.4875011444091797,-0.003280341625213623,0.001896468922495842,0.04482130706310272,0.4907814860343933,0.4875011444091797,0.33284807205200195,0.3137177526950836,0.17637045681476593,0.1987811028957367
52,S7,ComHvy,local,local,0,local,local,0,0.5113871097564697,0.5207287073135376,0.009341597557067871,0.0010489355772733688,0.03984422981739044,0.5113871097564697,0.5207287073135376,0.1611713021993637,0.17175179719924927,0.32744163274765015,0.30751949548721313
52,S7,BWHvy,local,local,0,local,local,0,0.48656755685806274,0.513214111328125,0.026646554470062256,0.008125293999910355,0.1092621237039566,0.48656755685806274,0.513214111328125,0.2960815727710724,0.24145051836967468,0.21735087037086487,0.2453353852033615
52,S8,LatCrit,local,local,0,local,local,0,0.482883095741272,0.5256063938140869,0.04272329807281494,0.003763962537050247,0.0854465514421463,0.482883095741272,0.5256063938140869,0.2459411472082138,0.23051322996616364,0.271175742149353,0.24388040602207184
52,S8,ComHvy,local,local,0,local,local,0,0.4088212251663208,0.36675143241882324,-0.04206979274749756,0.004009895958006382,0.08413952589035034,0.4088212251663208,0.36675143241882324,0.32022979855537415,0.352264404296875,0.27094900608062744,0.28098413348197937
52,S8,BWHvy,local,local,0,local,local,0,0.4207855463027954,0.45633119344711304,0.03554564714431763,0.0025714468210935593,0.07109129428863525,0.4207855463027954,0.45633119344711304,0.30163446068763733,0.281364381313324,0.27757999300956726,0.262304425239563
53,S1,LatCrit,local,local,0,local,local,0,0.573187530040741,0.6770678758621216,0.10388034582138062,0.03189562261104584,0.20776066184043884,0.573187530040741,0.6770678758621216,0.22359251976013184,0.1374264359474182,0.2032199501991272,0.1855057179927826
53,S1,ComHvy,local,local,0,local,local,0,0.5324087142944336,0.5039781332015991,-0.028430581092834473,0.004071101546287537,0.07290090620517731,0.5324087142944336,0.5039781332015991,0.28180062770843506,0.2737807333469391,0.18579067289829254,0.2222411036491394
53,S1,BWHvy,local,local,0,local,local,0,0.4713301658630371,0.6100137233734131,0.13868355751037598,0.04142250865697861,0.27736708521842957,0.4713301658630371,0.6100137233734131,0.33061492443084717,0.22667135298252106,0.19805487990379333,0.16331492364406586
53,S2,LatCrit,local,local,0,local,local,0,0.527212381362915,0.5228683948516846,-0.004343986511230469,0.001139417290687561,0.037001609802246094,0.527212381362915,0.5228683948516846,0.21272911131381989,0.1985723227262497,0.2600584626197815,0.27855929732322693
53,S2,ComHvy,BS2,BS2,0,BS1,BS1,0,0.427040696144104,0.41755178570747375,-0.009488910436630249,0.008588814176619053,0.10445359349250793,0.20983511209487915,0.16709721088409424,0.36312419176101685,0.4153509736061096,0.427040696144104,0.41755178570747375
53,S2,BWHvy,local,local,0,local,local,0,0.45591336488723755,0.6000874042510986,0.14417403936386108,0.04226861894130707,0.2883480489253998,0.45591336488723755,0.6000874042510986,0.3033728003501892,0.22065702080726624,0.24071381986141205,0.17925558984279633
53,S3,LatCrit,local,local,0,local,local,0,0.48977935314178467,0.5835188627243042,0.09373950958251953,0.026710543781518936,0.18747901916503906,0.48977935314178467,0.5835188627243042,0.23372963070869446,0.15275397896766663,0.2764910161495209,0.2637271583080292
53,S3,ComHvy,local,local,0,local,local,0,0.5800486207008362,0.6132248044013977,0.03317618370056152,0.02149784564971924,0.15271995961666107,0.5800486207008362,0.6132248044013977,0.18822386860847473,0.23140765726566315,0.23172752559185028,0.15536753833293915
53,S3,BWHvy,local,local,0,local,local,0,0.4820403456687927,0.5606279969215393,0.07858765125274658,0.017947442829608917,0.15717525780200958,0.4820403456687927,0.5606279969215393,0.2913573682308197,0.2784147560596466,0.22660227119922638,0.16095727682113647
53,S4,LatCrit,local,local,0,local,local,0,0.45249396562576294,0.5337742567062378,0.08128029108047485,0.014164578169584274,0.1625605672597885,0.45249396562576294,0.5337742567062378,0.32051247358322144,0.28621530532836914,0.226993590593338,0.18001048266887665
53,S4,ComHvy,local,local,0,local,local,0,0.7075900435447693,0.6769936084747314,-0.030596435070037842,0.002758425660431385,0.0611928328871727,0.7075900435447693,0.6769936084747314,0.18907523155212402,0.21844987571239471,0.10333474725484848,0.10455650091171265
53,S4,BWHvy,local,local,0,local,local,0,0.5510461330413818,0.6789463758468628,0.12790024280548096,0.03569214791059494,0.2558005154132843,0.5510461330413818,0.6789463758468628,0.22173623740673065,0.15416613221168518,0.22721761465072632,0.16688744723796844
53,S5,LatCrit,local,local,0,local,local,0,0.5702592134475708,0.6820517778396606,0.11179256439208984,0.027823302894830704,0.22358518838882446,0.5702592134475708,0.6820517778396606,0.2725864350795746,0.1947738528251648,0.1571543961763382,0.12317436188459396
53,S5,ComHvy,BS2,BS2,0,BS2,BS2,0,0.4806036949157715,0.5784478783607483,0.0978441834449768,0.02502623200416565,0.195688396692276,0.2975080609321594,0.21036100387573242,0.2218882292509079,0.2111910730600357,0.4806036949157715,0.5784478783607483
53,S5,BWHvy,local,local,0,local,local,0,0.5163131952285767,0.6426801681518555,0.1263669729232788,0.03666957840323448,0.2527339458465576,0.5163131952285767,0.6426801681518555,0.2803383767604828,0.1864822804927826,0.20334844291210175,0.17083758115768433
53,S6,LatCrit,local,local,0,local,local,0,0.5517247319221497,0.673229455947876,0.12150472402572632,0.03615551441907883,0.24300946295261383,0.5517247319221497,0.673229455947876,0.28930678963661194,0.23171579837799072,0.1589684784412384,0.0950547307729721
53,S6,ComHvy,local,BS1,1,local,BS1,1,0.4176335334777832,0.3484087884426117,-0.06922474503517151,0.0210612490773201,0.17745989561080933,0.4176335334777832,0.3289036154747009,0.2686527967453003,0.3484087884426117,0.31371361017227173,0.3226875960826874
53,S6,BWHvy,local,local,0,local,local,0,0.4536476135253906,0.5678386688232422,0.11419105529785156,0.027057617902755737,0.2283821403980255,0.4536476135253906,0.5678386688232422,0.2509136199951172,0.21021287143230438,0.2954387664794922,0.22194842994213104
53,S7,LatCrit,local,local,0,local,local,0,0.6302450895309448,0.7082411050796509,0.07799601554870605,0.023220941424369812,0.1559920310974121,0.6302450895309448,0.7082411050796509,0.2538662552833557,0.2283218950033188,0.11588864773511887,0.06343699246644974
53,S7,ComHvy,local,local,0,local,local,0,0.6031196117401123,0.6527359485626221,0.049616336822509766,0.005338756367564201,0.09923262894153595,0.6031196117401123,0.6527359485626221,0.13694775104522705,0.11832349002361298,0.25993260741233826,0.22894057631492615
53,S7,BWHvy,local,local,0,local,local,0,0.4087151885032654,0.537511944770813,0.1287967562675476,0.03337208181619644,0.2575935423374176,0.4087151885032654,0.537511944770813,0.28199446201324463,0.21708561480045319,0.30929034948349,0.24540241062641144
53,S8,LatCrit,local,local,0,BS2,local,1,0.36470848321914673,0.4692676067352295,0.10455912351608276,0.036203816533088684,0.21045628190040588,0.36470848321914673,0.4692676067352295,0.32784920930862427,0.32851824164390564,0.307442307472229,0.20221418142318726
53,S8,ComHvy,local,local,0,local,local,0,0.5076096653938293,0.45047104358673096,-0.05713862180709839,0.006575193256139755,0.11427725851535797,0.5076096653938293,0.45047104358673096,0.14042365550994873,0.15470097959041595,0.3519666790962219,0.3948279917240143
53,S8,BWHvy,local,local,0,BS2,local,1,0.4152103662490845,0.5281298160552979,0.11291944980621338,0.025749649852514267,0.22583886981010437,0.4152103662490845,0.5281298160552979,0.2830134928226471,0.22275416553020477,0.30177611112594604,0.24911601841449738
54,S1,LatCrit,local,local,0,local,local,0,0.7082712650299072,0.7357981204986572,0.02752685546875,0.0028752838261425495,0.05712512135505676,0.7082712650299072,0.7357981204986572,0.19299104809761047,0.1644284874200821,0.09873766452074051,0.09977336972951889
54,S1,ComHvy,local,local,0,local,local,0,0.46489208936691284,0.4598982334136963,-0.004993855953216553,0.0011713337153196335,0.039513275027275085,0.46489208936691284,0.4598982334136963,0.2896167039871216,0.27485391497612,0.24549122154712677,0.2652478516101837
54,S1,BWHvy,local,local,0,local,local,0,0.614684522151947,0.5964138507843018,-0.018270671367645264,0.005883626639842987,0.07931910455226898,0.614684522151947,0.5964138507843018,0.23999470472335815,0.21860584616661072,0.14532077312469482,0.1849803477525711
54,S2,LatCrit,local,local,0,local,local,0,0.7466199398040771,0.7632317543029785,0.016611814498901367,0.0008100178092718124,0.033223628997802734,0.7466199398040771,0.7632317543029785,0.08245082944631577,0.07467808574438095,0.1709292232990265,0.16209015250205994
54,S2,ComHvy,BS2,BS2,0,BS2,BS2,0,0.712742030620575,0.7851791381835938,0.0724371075630188,0.016244016587734222,0.14487415552139282,0.1302720308303833,0.10931116342544556,0.15698590874671936,0.10550972819328308,0.712742030620575,0.7851791381835938
54,S2,BWHvy,local,local,0,local,local,0,0.513869047164917,0.4914976954460144,-0.022371351718902588,0.0018717511557042599,0.054508328437805176,0.513869047164917,0.4914976954460144,0.2642826437950134,0.29153677821159363,0.22184838354587555,0.21696554124355316
54,S3,LatCrit,local,local,0,local,local,0,0.5025261044502258,0.5198538303375244,0.017327725887298584,0.0007052216678857803,0.03465549647808075,0.5025261044502258,0.5198538303375244,0.2863362729549408,0.2812085747718811,0.21113765239715576,0.1989375799894333
54,S3,ComHvy,local,local,0,local,local,0,0.44327008724212646,0.5298893451690674,0.08661925792694092,0.015236441045999527,0.17323850095272064,0.44327008724212646,0.5298893451690674,0.256858229637146,0.22327087819576263,0.29987168312072754,0.24683979153633118
54,S3,BWHvy,local,local,0,local,local,0,0.43000203371047974,0.38489294052124023,-0.0451090931892395,0.004521258175373077,0.090218186378479,0.43000203371047974,0.38489294052124023,0.3265119791030884,0.36184877157211304,0.24348598718643188,0.25325828790664673
54,S4,LatCrit,local,local,0,local,local,0,0.5744827389717102,0.5731369853019714,-0.0013457536697387695,0.0005368534475564957,0.02241729199886322,0.5744827389717102,0.5731369853019714,0.24164311587810516,0.23178021609783173,0.18387416005134583,0.19508279860019684
54,S4,ComHvy,local,local,0,local,local,0,0.6410442590713501,0.6501694917678833,0.009125232696533203,0.002950606867671013,0.05415365844964981,0.6410442590713501,0.6501694917678833,0.24063581228256226,0.21355900168418884,0.11831990629434586,0.13627152144908905
54,S4,BWHvy,local,local,0,local,local,0,0.6018253564834595,0.5885097980499268,-0.013315558433532715,0.0006948963273316622,0.03231106698513031,0.6018253564834595,0.5885097980499268,0.24049249291419983,0.2566480338573456,0.1576821357011795,0.15484216809272766
54,S5,LatCrit,local,local,0,local,local,0,0.5584686994552612,0.5662631392478943,0.007794439792633057,0.0021696966141462326,0.05052855610847473,0.5584686994552612,0.5662631392478943,0.2524886429309845,0.22722436487674713,0.18904265761375427,0.20651249587535858
54,S5,ComHvy,BS2,BS1,1,BS1,BS1,0,0.396379679441452,0.40452441573143005,0.008144736289978027,0.01748163253068924,0.15421441197395325,0.27620309591293335,0.21007603406906128,0.3274172246456146,0.40452441573143005,0.396379679441452,0.3853995203971863
54,S5,BWHvy,local,local,0,BS1,BS1,0,0.528042197227478,0.4979976415634155,-0.0300445556640625,0.0036097876727581024,0.07183292508125305,0.528042197227478,0.4979976415634155,0.25236955285072327,0.24649764597415924,0.2195882350206375,0.25550469756126404
54,S6,LatCrit,local,local,0,local,local,0,0.5467503666877747,0.5685204267501831,0.021770060062408447,0.014862317591905594,0.12116086483001709,0.5467503666877747,0.5685204267501831,0.2556038498878479,0.294414222240448,0.19764582812786102,0.13706539571285248
54,S6,ComHvy,local,local,0,BS2,BS2,0,0.43681925535202026,0.4061490297317505,-0.030670225620269775,0.007258247584104538,0.11217048764228821,0.43681925535202026,0.4061490297317505,0.2845754623413086,0.3406606912612915,0.27860531210899353,0.253190279006958
54,S6,BWHvy,local,local,0,local,local,0,0.5762780904769897,0.5507304668426514,-0.02554762363433838,0.0013265972957015038,0.05109524726867676,0.5762780904769897,0.5507304668426514,0.20119985938072205,0.2125602662563324,0.2225220501422882,0.23670926690101624
54,S7,LatCrit,local,local,0,local,local,0,0.6072758436203003,0.5744465589523315,-0.03282928466796875,0.002227243036031723,0.06565859913825989,0.6072758436203003,0.5744465589523315,0.25112029910087585,0.27094635367393494,0.14160381257534027,0.15460707247257233
54,S7,ComHvy,local,local,0,local,local,0,0.6621675491333008,0.7344443798065186,0.07227683067321777,0.02649754285812378,0.14455372095108032,0.6621675491333008,0.7344443798065186,0.20379593968391418,0.19510625302791595,0.13403654098510742,0.0704493448138237
54,S7,BWHvy,local,local,0,local,local,0,0.5530420541763306,0.5388546586036682,-0.014187395572662354,0.005060873925685883,0.08084399998188019,0.5530420541763306,0.5388546586036682,0.2021927386522293,0.17595814168453217,0.24476517736911774,0.2851871848106384
54,S8,LatCrit,local,BS1,1,BS1,BS1,0,0.41655588150024414,0.4364442229270935,0.019888341426849365,0.012135200202465057,0.15243962407112122,0.41655588150024414,0.3617480397224426,0.3602243959903717,0.4364442229270935,0.22321970760822296,0.20180775225162506
54,S8,ComHvy,local,local,0,local,local,0,0.503568172454834,0.5175026655197144,0.013934493064880371,0.003640115261077881,0.07112579047679901,0.503568172454834,0.5175026655197144,0.13304848968982697,0.1546768844127655,0.36338335275650024,0.32782045006752014
54,S8,BWHvy,local,local,0,BS2,BS2,0,0.44486427307128906,0.41542941331863403,-0.02943485975265503,0.0023279227316379547,0.05963873863220215,0.44486427307128906,0.41542941331863403,0.2351149171590805,0.23473040759563446,0.32002079486846924,0.3498401641845703
55,S1,LatCrit,local,local,0,local,local,0,0.6445024013519287,0.6639655828475952,0.019463181495666504,0.0012792811030521989,0.03892628848552704,0.6445024013519287,0.6639655828475952,0.19393311440944672,0.17498764395713806,0.161564439535141,0.1610468029975891
55,S1,ComHvy,BS1,BS1,0,BS1,BS1,0,0.43914589285850525,0.4677329361438751,0.028587043285369873,0.010321401059627533,0.12666310369968414,0.3258935213088989,0.26256197690963745,0.43914589285850525,0.4677329361438751,0.23496057093143463,0.2697050869464874
55,S1,BWHvy,local,local,0,local,local,0,0.5788819789886475,0.5995548963546753,0.020672917366027832,0.001000894233584404,0.041345804929733276,0.5788819789886475,0.5995548963546753,0.2555701732635498,0.23842346668243408,0.16554784774780273,0.162021666765213
55,S2,LatCrit,local,local,0,local,local,0,0.6785105466842651,0.7248153686523438,0.04630482196807861,0.005650883540511131,0.09260967373847961,0.6785105466842651,0.7248153686523438,0.11613117903470993,0.09252289682626724,0.20535831153392792,0.1826617419719696
55,S2,ComHvy,BS2,BS2,0,BS2,BS2,0,0.5084521770477295,0.5102304816246033,0.0017783045768737793,0.00019894447177648544,0.015038520097732544,0.2817678451538086,0.2875087857246399,0.2097800225019455,0.20226074755191803,0.5084521770477295,0.5102304816246033
55,S2,BWHvy,local,local,0,local,local,0,0.4465736746788025,0.42599183320999146,-0.020581841468811035,0.001437520608305931,0.042429715394973755,0.4465736746788025,0.42599183320999146,0.32996389269828796,0.3293308615684509,0.22346246242523193,0.24467730522155762
55,S3,LatCrit,local,local,0,local,local,0,0.5706404447555542,0.5997331142425537,0.02909266948699951,0.003707918105646968,0.06567125022411346,0.5706404447555542,0.5997331142425537,0.20435181260108948,0.17151618003845215,0.2250077873468399,0.22875073552131653
55,S3,ComHvy,local,local,0,local,local,0,0.5648961067199707,0.6350812911987305,0.07018518447875977,0.010384108871221542,0.14037033915519714,0.5648961067199707,0.6350812911987305,0.20782862603664398,0.17460739612579346,0.22727525234222412,0.19031132757663727
55,S3,BWHvy,local,local,0,local,local,0,0.4162370562553406,0.41054338216781616,-0.005693674087524414,6.834161467850208e-05,0.011387348175048828,0.4162370562553406,0.41054338216781616,0.3155452609062195,0.31798040866851807,0.26821768283843994,0.27147620916366577
55,S4,LatCrit,local,local,0,local,local,0,0.5083370804786682,0.5380445718765259,0.029707491397857666,0.0017760619521141052,0.059414997696876526,0.5083370804786682,0.5380445718765259,0.26045727729797363,0.2436748892068863,0.23120565712451935,0.21828053891658783
55,S4,ComHvy,local,local,0,local,BS2,1,0.5581923723220825,0.445315420627594,-0.11287695169448853,0.02584158256649971,0.22575390338897705,0.5581923723220825,0.445315420627594,0.2811664342880249,0.3438512980937958,0.16064119338989258,0.21083328127861023
55,S4,BWHvy,local,local,0,local,local,0,0.5276841521263123,0.5183230638504028,-0.009361088275909424,0.0006554806604981422,0.029798060655593872,0.5276841521263123,0.5183230638504028,0.2657929062843323,0.26025494933128357,0.20652294158935547,0.2214219570159912
55,S5,LatCrit,local,local,0,local,local,0,0.5745711922645569,0.5876281261444092,0.013056933879852295,0.0038037672638893127,0.06785671412944794,0.5745711922645569,0.5876281261444092,0.25606024265289307,0.2221318930387497,0.16936855018138885,0.19023998081684113
55,S5,ComHvy,BS2,BS2,0,BS2,BS2,0,0.4821094274520874,0.47316914796829224,-0.008940279483795166,0.0031341053545475006,0.06477558612823486,0.2764536738395691,0.2530061602592468,0.2414369285106659,0.2738247215747833,0.4821094274520874,0.47316914796829224
55,S5,BWHvy,local,local,0,BS1,BS1,0,0.4663248062133789,0.4519439935684204,-0.014380812644958496,0.0028851963579654694,0.06600941717624664,0.4663248062133789,0.4519439935684204,0.2866440713405609,0.2680201828479767,0.247031107544899,0.2800358235836029
55,S6,LatCrit,local,local,0,local,local,0,0.6501017212867737,0.7489359974861145,0.09883427619934082,0.024554070085287094,0.19766855239868164,0.6501017212867737,0.7489359974861145,0.20684848725795746,0.15440121293067932,0.14304979145526886,0.09666278958320618
55,S6,ComHvy,local,local,0,local,local,0,0.5481431484222412,0.5706393718719482,0.02249622344970703,0.0021328721195459366,0.052081406116485596,0.5481431484222412,0.5706393718719482,0.2296302318572998,0.23317474126815796,0.2222266048192978,0.19618593156337738
55,S6,BWHvy,local,local,0,local,local,0,0.47556108236312866,0.46396833658218384,-0.011592745780944824,0.000290075084194541,0.023185521364212036,0.47556108236312866,0.46396833658218384,0.2700725793838501,0.2783943712711334,0.25436630845069885,0.25763729214668274
55,S7,LatCrit,BS1,BS1,0,BS1,BS1,0,0.4603450894355774,0.5039337277412415,0.04358863830566406,0.00402216799557209,0.08717730641365051,0.29921382665634155,0.2680099606513977,0.4603450894355774,0.5039337277412415,0.24044112861156464,0.22805632650852203
55,S7,ComHvy,local,local,0,local,local,0,0.5567762851715088,0.5079641938209534,-0.04881209135055542,0.005649130791425705,0.09762419760227203,0.5567762851715088,0.5079641938209534,0.20950034260749817,0.21723055839538574,0.23372338712215424,0.2748052775859833
55,S7,BWHvy,local,local,0,BS2,BS2,0,0.5374671220779419,0.5469399094581604,0.009472787380218506,0.0018900511786341667,0.04810014367103577,0.5374671220779419,0.5469399094581604,0.22649544477462769,0.2024453729391098,0.236037477850914,0.2506147623062134
55,S8,LatCrit,local,local,0,local,local,0,0.5833806991577148,0.5903024673461914,0.0069217681884765625,0.00011704163625836372,0.013843506574630737,0.5833806991577148,0.5903024673461914,0.2413208782672882,0.23541879653930664,0.17529839277267456,0.17427873611450195
55,S8,ComHvy,local,BS2,1,BS2,BS2,0,0.43576765060424805,0.4239528179168701,-0.01181483268737793,0.02027072384953499,0.1789070963859558,0.43576765060424805,0.34631407260894775,0.17003867030143738,0.22973307967185974,0.39419370889663696,0.4239528179168701
55,S8,BWHvy,local,local,0,local,local,0,0.45767372846603394,0.4576425552368164,-3.11732292175293e-05,0.0005516679957509041,0.02443799376487732,0.45767372846603394,0.4576425552368164,0.2453685700893402,0.25758758187294006,0.29695767164230347,0.28476986289024353
56,S1,LatCrit,local,local,0,local,local,0,0.616591215133667,0.5902866125106812,-0.02630460262298584,0.0014472492039203644,0.052609220147132874,0.616591215133667,0.5902866125106812,0.21128329634666443,0.22458212077617645,0.17212547361850739,0.1851312667131424
56,S1,ComHvy,local,BS2,1,local,local,0,0.4028671979904175,0.38319534063339233,-0.019671857357025146,0.012562468647956848,0.14921824634075165,0.4028671979904175,0.3701380491256714,0.2885465919971466,0.24666659533977509,0.3085862398147583,0.38319534063339233
56,S1,BWHvy,local,local,0,local,local,0,0.5106270909309387,0.4527774453163147,-0.05784964561462402,0.006881881505250931,0.11569924652576447,0.5106270909309387,0.4527774453163147,0.3219655752182007,0.35329556465148926,0.16740736365318298,0.19392697513103485
56,S2,LatCrit,local,local,0,local,local,0,0.5517520904541016,0.5761644840240479,0.02441239356994629,0.0035185255110263824,0.05611087381839752,0.5517520904541016,0.5761644840240479,0.1514624059200287,0.12340693175792694,0.29678553342819214,0.3004285395145416
56,S2,ComHvy,local,local,0,BS2,BS2,0,0.49743151664733887,0.5156025886535645,0.018171072006225586,0.006848253309726715,0.08024494349956512,0.49743151664733887,0.5156025886535645,0.1652105748653412,0.12508808076381683,0.33735793828964233,0.3593093156814575
56,S2,BWHvy,local,BS1,1,BS1,BS1,0,0.40801334381103516,0.38679957389831543,-0.021213769912719727,0.011800456792116165,0.14611835777759552,0.40801334381103516,0.3349542021751404,0.3516484200954437,0.38679957389831543,0.24033819139003754,0.2782462537288666
56,S3,LatCrit,local,local,0,local,local,0,0.4212779998779297,0.40300703048706055,-0.01827096939086914,0.00069386325776577,0.03654196858406067,0.4212779998779297,0.40300703048706055,0.282240092754364,0.29013606905937195,0.2964818775653839,0.3068569004535675
56,S3,ComHvy,local,local,0,local,local,0,0.7220159769058228,0.7712326049804688,0.049216628074645996,0.007400989532470703,0.09843321889638901,0.7220159769058228,0.7712326049804688,0.18197235465049744,0.15808217227458954,0.09601163864135742,0.07068523019552231
56,S3,BWHvy,BS1,BS1,0,BS2,BS2,0,0.3608691096305847,0.4183654189109802,0.05749630928039551,0.015528127551078796,0.15706878900527954,0.3425166606903076,0.26398223638534546,0.3608691096305847,0.4183654189109802,0.29661428928375244,0.3176523447036743
56,S4,LatCrit,local,local,0,local,BS2,1,0.437921404838562,0.40376222133636475,-0.034159183502197266,0.0032647084444761276,0.06831841170787811,0.437921404838562,0.40376222133636475,0.3190280795097351,0.32199564576148987,0.24305053055286407,0.27424219250679016
56,S4,ComHvy,local,local,0,local,local,0,0.635933518409729,0.5551236867904663,-0.0808098316192627,0.01714959740638733,0.16161973774433136,0.635933518409729,0.5551236867904663,0.21229980885982513,0.22778791189193726,0.15176662802696228,0.21708843111991882
56,S4,BWHvy,local,local,0,local,local,0,0.47536712884902954,0.4367399215698242,-0.03862720727920532,0.0030595064163208008,0.07725445926189423,0.47536712884902954,0.4367399215698242,0.2259492576122284,0.23898707330226898,0.2986835837364197,0.324273020029068
56,S5,LatCrit,local,local,0,local,local,0,0.5538179874420166,0.4828498959541321,-0.07096809148788452,0.017522983253002167,0.1550310105085373,0.5538179874420166,0.4828498959541321,0.25530216097831726,0.24875472486019135,0.1908799111843109,0.26839539408683777
56,S5,ComHvy,BS2,BS2,0,BS1,BS1,0,0.4022481143474579,0.37745246291160583,-0.02479565143585205,0.007861096411943436,0.1160135567188263,0.30817097425460815,0.27495986223220825,0.28958094120025635,0.3475877344608307,0.4022481143474579,0.37745246291160583
56,S5,BWHvy,local,BS2,1,local,BS2,1,0.4213017225265503,0.40353822708129883,-0.017763495445251465,0.015256300568580627,0.1646949052810669,0.4213017225265503,0.33895426988601685,0.23854559659957886,0.2575075030326843,0.34015268087387085,0.40353822708129883
56,S6,LatCrit,local,local,0,local,local,0,0.6166005730628967,0.6908496618270874,0.07424908876419067,0.012851528823375702,0.14849817752838135,0.6166005730628967,0.6908496618270874,0.18675892055034637,0.15793636441230774,0.1966405063867569,0.15121397376060486
56,S6,ComHvy,local,local,0,local,local,0,0.524262011051178,0.5641870498657227,0.03992503881454468,0.0033654551953077316,0.07985009253025055,0.524262011051178,0.5641870498657227,0.15965434908866882,0.1412421613931656,0.3160836696624756,0.29457080364227295
56,S6,BWHvy,local,BS2,1,BS1,BS1,0,0.38657230138778687,0.35818982124328613,-0.028382480144500732,0.018475573509931564,0.17921915650367737,0.38657230138778687,0.2969627380371094,0.29365143179893494,0.3448474407196045,0.3197762370109558,0.35818982124328613
56,S7,LatCrit,BS1,BS1,0,BS1,BS1,0,0.5442230105400085,0.6244783401489258,0.08025532960891724,0.01709504798054695,0.1605105996131897,0.1550605297088623,0.10588067770004272,0.5442230105400085,0.6244783401489258,0.30071642994880676,0.2696410119533539
56,S7,ComHvy,local,local,0,BS2,BS2,0,0.5566719174385071,0.5211989879608154,-0.03547292947769165,0.002650993876159191,0.0709458589553833,0.5566719174385071,0.5211989879608154,0.20891615748405457,0.23125745356082916,0.23441192507743835,0.2475435584783554
56,S7,BWHvy,local,local,0,local,local,0,0.4258086681365967,0.37714195251464844,-0.04866671562194824,0.011659611016511917,0.13819682598114014,0.4258086681365967,0.37714195251464844,0.31959211826324463,0.2991604208946228,0.2545992136001587,0.32369762659072876
56,S8,LatCrit,local,local,0,local,local,0,0.5203725099563599,0.49374568462371826,-0.0266268253326416,0.0026629213243722916,0.06016138195991516,0.5203725099563599,0.49374568462371826,0.2656359076499939,0.2621820569038391,0.21399159729480743,0.2440723031759262
56,S8,ComHvy,local,BS2,1,local,local,0,0.3947020173072815,0.40428245067596436,0.009580433368682861,0.0276360884308815,0.2177913784980774,0.3947020173072815,0.2858062982559204,0.27296245098114014,0.30991122126579285,0.33233556151390076,0.40428245067596436
56,S8,BWHvy,local,local,0,local,BS1,1,0.4265710115432739,0.34938734769821167,-0.07718366384506226,0.014463255181908607,0.1543673276901245,0.4265710115432739,0.34938734769821167,0.2576441168785095,0.3175819218158722,0.31578484177589417,0.33303070068359375
57,S1,LatCrit,local,local,0,local,local,0,0.6262954473495483,0.5812700986862183,-0.04502534866333008,0.004351499490439892,0.09005068242549896,0.6262954473495483,0.5812700986862183,0.2225136160850525,0.2548978626728058,0.15119090676307678,0.16383199393749237
57,S1,ComHvy,local,BS2,1,BS1,BS2,1,0.36760252714157104,0.42769721150398254,0.0600946843624115,0.012488029897212982,0.13486653566360474,0.36760252714157104,0.356117308139801,0.2721335291862488,0.21618548035621643,0.3602639436721802,0.42769721150398254
57,S1,BWHvy,local,local,0,local,BS1,1,0.542017936706543,0.4547410011291504,-0.08727693557739258,0.015318511053919792,0.17455387115478516,0.542017936706543,0.4547410011291504,0.3246276080608368,0.3831198811531067,0.13335442543029785,0.16213908791542053
57,S2,LatCrit,local,BS2,1,BS2,BS2,0,0.4576813578605652,0.4249591827392578,-0.03272217512130737,0.008046012371778488,0.1228918731212616,0.4576813578605652,0.4199345111846924,0.178805410861969,0.1551063060760498,0.3635132610797882,0.4249591827392578
57,S2,ComHvy,BS2,BS2,0,local,local,0,0.44903215765953064,0.4603794813156128,0.011347323656082153,0.010329821147024632,0.10137400031089783,0.3592718243598938,0.39861148595809937,0.19169603288173676,0.14100901782512665,0.44903215765953064,0.4603794813156128
57,S2,BWHvy,local,local,0,local,local,0,0.5387698411941528,0.42204248905181885,-0.11672735214233398,0.027508307248353958,0.23345470428466797,0.5387698411941528,0.42204248905181885,0.2461443394422531,0.309794157743454,0.21508581936359406,0.2681633532047272
57,S3,LatCrit,local,BS1,1,BS2,BS2,0,0.39006179571151733,0.4181283116340637,0.028066515922546387,0.03922369331121445,0.24131575226783752,0.39006179571151733,0.2788613438606262,0.29747042059898376,0.4181283116340637,0.3124677538871765,0.30301034450531006
57,S3,ComHvy,local,local,0,local,local,0,0.577146053314209,0.650817334651947,0.07367128133773804,0.012096602469682693,0.14734256267547607,0.577146053314209,0.650817334651947,0.20423777401447296,0.16032306849956512,0.21861617267131805,0.18885959684848785
57,S3,BWHvy,local,local,0,local,BS1,1,0.5219628810882568,0.4249785542488098,-0.09698432683944702,0.027882127091288567,0.21577303111553192,0.5219628810882568,0.4249785542488098,0.26684513688087463,0.3747316598892212,0.21119195222854614,0.2002897709608078
57,S4,LatCrit,local,BS1,1,local,BS1,1,0.4511348009109497,0.38565123081207275,-0.06548357009887695,0.023599766194820404,0.19985602796077728,0.4511348009109497,0.35120677947998047,0.3515090346336365,0.38565123081207275,0.19735614955425262,0.2631419599056244
57,S4,ComHvy,local,local,0,local,local,0,0.5472593903541565,0.558555006980896,0.011295616626739502,0.0006153658032417297,0.026050448417663574,0.5472593903541565,0.558555006980896,0.27260199189186096,0.27433159947395325,0.18013861775398254,0.16711339354515076
57,S4,BWHvy,local,local,0,local,local,0,0.5690789222717285,0.45602208375930786,-0.11305683851242065,0.025687769055366516,0.22611364722251892,0.5690789222717285,0.45602208375930786,0.20507563650608063,0.26288723945617676,0.22584544122219086,0.281090646982193
57,S5,LatCrit,local,local,0,local,local,0,0.5278716087341309,0.42959457635879517,-0.0982770323753357,0.020329564809799194,0.1965540647506714,0.5278716087341309,0.42959457635879517,0.25745490193367004,0.3281100392341614,0.21467351913452148,0.24229541420936584
57,S5,ComHvy,local,BS1,1,BS2,BS2,0,0.36920833587646484,0.38174182176589966,0.012533485889434814,0.026354804635047913,0.21743261814117432,0.36920833587646484,0.3193240761756897,0.2730255126953125,0.38174182176589966,0.35776615142822266,0.29893410205841064
57,S5,BWHvy,local,local,0,local,BS2,1,0.5459022521972656,0.411531925201416,-0.1343703269958496,0.036802131682634354,0.26874059438705444,0.5459022521972656,0.411531925201416,0.1918516755104065,0.25853466987609863,0.26224610209465027,0.32993337512016296
57,S6,LatCrit,local,local,0,local,local,0,0.5968436002731323,0.5812091827392578,-0.01563441753387451,0.004342809319496155,0.07408058643341064,0.5968436002731323,0.5812091827392578,0.2370973527431488,0.2741376459598541,0.16605907678604126,0.14465320110321045
57,S6,ComHvy,BS2,BS2,0,BS2,BS2,0,0.48596248030662537,0.5567808747291565,0.07081839442253113,0.01105576753616333,0.14163677394390106,0.3440520167350769,0.2836684584617615,0.16998550295829773,0.15955068171024323,0.48596248030662537,0.5567808747291565
57,S6,BWHvy,local,local,0,local,local,0,0.4940950274467468,0.3672736883163452,-0.1268213391304016,0.03341210260987282,0.2536426782608032,0.4940950274467468,0.3672736883163452,0.2200625091791153,0.27793532609939575,0.2858424484729767,0.35479098558425903
57,S7,LatCrit,local,local,0,local,BS1,1,0.5086861848831177,0.4143197536468506,-0.09436643123626709,0.01809864304959774,0.1887328177690506,0.5086861848831177,0.4143197536468506,0.31839719414711,0.3830674886703491,0.17291663587093353,0.2026127278804779
57,S7,ComHvy,local,local,0,local,local,0,0.5536558628082275,0.708310604095459,0.15465474128723145,0.054195694625377655,0.3093094825744629,0.5536558628082275,0.708310604095459,0.2124786376953125,0.14706896245479584,0.23386548459529877,0.14462041854858398
57,S7,BWHvy,local,local,0,local,local,0,0.5510379672050476,0.4743983745574951,-0.07663959264755249,0.021205902099609375,0.17401914298534393,0.5510379672050476,0.4743983745574951,0.25463956594467163,0.24426959455013275,0.19432246685028076,0.2813320457935333
57,S8,LatCrit,local,local,0,BS2,BS2,0,0.49060022830963135,0.45020413398742676,-0.04039609432220459,0.004809470847249031,0.08079220354557037,0.49060022830963135,0.45020413398742676,0.19227656722068787,0.22840093076229095,0.3171232044696808,0.3213949501514435
57,S8,ComHvy,local,BS2,1,BS2,BS2,0,0.44534367322921753,0.4880221486091614,0.04267847537994385,0.012260351330041885,0.15042822062969208,0.44534367322921753,0.3701295852661133,0.13386981189250946,0.14184829592704773,0.4207864999771118,0.4880221486091614
57,S8,BWHvy,local,local,0,local,local,0,0.5255234837532043,0.4024214744567871,-0.12310200929641724,0.031132888048887253,0.24620403349399567,0.5255234837532043,0.4024214744567871,0.24707289040088654,0.3221680819988251,0.22740361094474792,0.2754104435443878
58,S1,LatCrit,local,BS1,1,local,BS2,1,0.4039093852043152,0.34495657682418823,-0.05895280838012695,0.010445207357406616,0.1303621530532837,0.4039093852043152,0.33872830867767334,0.3299642503261566,0.34495657682418823,0.2661263644695282,0.3163151144981384
58,S1,ComHvy,local,local,0,BS1,BS1,0,0.4655238389968872,0.4088965654373169,-0.05662727355957031,0.012885808944702148,0.13471730053424835,0.4655238389968872,0.4088965654373169,0.3249598741531372,0.31422850489616394,0.2095162719488144,0.27687492966651917
58,S1,BWHvy,local,local,0,local,local,0,0.42409300804138184,0.3926740884780884,-0.03141891956329346,0.0057311393320560455,0.09187258780002594,0.42409300804138184,0.3926740884780884,0.35491088032722473,0.3403934836387634,0.22099612653255463,0.2669323980808258
58,S2,LatCrit,local,local,0,local,local,0,0.6279512643814087,0.595390796661377,-0.03256046772003174,0.0022252872586250305,0.06512095034122467,0.6279512643814087,0.595390796661377,0.15985754132270813,0.17477740347385406,0.2121911495923996,0.2298317700624466
58,S2,ComHvy,local,local,0,local,local,0,0.43828731775283813,0.3942576050758362,-0.04402971267700195,0.010183976963162422,0.12836283445358276,0.43828731775283813,0.3942576050758362,0.24653208255767822,0.3107134997844696,0.31518059968948364,0.2950288951396942
58,S2,BWHvy,local,local,0,local,local,0,0.4826359748840332,0.43286335468292236,-0.04977262020111084,0.00952063873410225,0.11377717554569244,0.4826359748840332,0.43286335468292236,0.31230664253234863,0.30519071221351624,0.20505736768245697,0.2619459927082062
58,S3,LatCrit,local,local,0,local,local,0,0.5390803813934326,0.4574396014213562,-0.08164077997207642,0.01344381645321846,0.16328157484531403,0.5390803813934326,0.4574396014213562,0.20105138421058655,0.241712287068367,0.25986823439598083,0.300848126411438
58,S3,ComHvy,local,local,0,local,local,0,0.5450148582458496,0.6049193739891052,0.059904515743255615,0.01304660364985466,0.12444423139095306,0.5450148582458496,0.6049193739891052,0.2181852161884308,0.2205028235912323,0.23679989576339722,0.17457778751850128
58,S3,BWHvy,local,local,0,local,local,0,0.4829871654510498,0.4455116391181946,-0.037475526332855225,0.006677607074379921,0.10541810095310211,0.4829871654510498,0.4455116391181946,0.2629735469818115,0.31568261981010437,0.25403928756713867,0.23880578577518463
58,S4,LatCrit,local,local,0,local,local,0,0.4041033387184143,0.3903023600578308,-0.013800978660583496,0.0018533989787101746,0.05456000566482544,0.4041033387184143,0.3903023600578308,0.3348689377307892,0.3213898837566376,0.2610277533531189,0.28830772638320923
58,S4,ComHvy,local,local,0,local,local,0,0.4930761456489563,0.4152575135231018,-0.07781863212585449,0.015513165853917599,0.1625971794128418,0.4930761456489563,0.4152575135231018,0.33088308572769165,0.41218167543411255,0.17604078352451324,0.17256082594394684
58,S4,BWHvy,local,BS2,1,local,BS2,1,0.37861692905426025,0.395649790763855,0.017032861709594727,0.008414298295974731,0.1252862811088562,0.37861692905426025,0.3401832580566406,0.2883763909339905,0.2641669511795044,0.3330066204071045,0.395649790763855
58,S5,LatCrit,local,local,0,local,local,0,0.5523875951766968,0.5596975088119507,0.007309913635253906,0.003704765811562538,0.05936107039451599,0.5523875951766968,0.5596975088119507,0.2687661647796631,0.291136771440506,0.17884626984596252,0.14916571974754333
58,S5,ComHvy,BS2,BS2,0,BS2,BS2,0,0.43774184584617615,0.4325326383113861,-0.005209207534790039,0.00030573783442378044,0.02264443039894104,0.31867504119873047,0.3299972414970398,0.24358311295509338,0.2374700903892517,0.43774184584617615,0.4325326383113861
58,S5,BWHvy,local,local,0,BS1,BS1,0,0.43594926595687866,0.3883526921272278,-0.04759657382965088,0.006505295634269714,0.09519311785697937,0.43594926595687866,0.3883526921272278,0.31370478868484497,0.3157980442047119,0.25034597516059875,0.2958492636680603
58,S6,LatCrit,local,local,0,BS1,local,1,0.5017579793930054,0.5422763824462891,0.04051840305328369,0.0036942660808563232,0.081036776304245,0.5017579793930054,0.5422763824462891,0.3146015703678131,0.2977835237979889,0.18364045023918152,0.15994012355804443
58,S6,ComHvy,BS2,BS2,0,BS2,BS2,0,0.46834155917167664,0.5201858878135681,0.05184432864189148,0.011491209268569946,0.1134117841720581,0.22186875343322754,0.1651628613471985,0.3097896873950958,0.3146512508392334,0.46834155917167664,0.5201858878135681
58,S6,BWHvy,local,local,0,local,local,0,0.41596245765686035,0.37322378158569336,-0.04273867607116699,0.0038844477385282516,0.08547738194465637,0.41596245765686035,0.37322378158569336,0.27892255783081055,0.3027322292327881,0.3051149845123291,0.32404401898384094
58,S7,LatCrit,local,local,0,local,local,0,0.5085350871086121,0.5026196241378784,-0.005915462970733643,0.001196693629026413,0.03835494816303253,0.5085350871086121,0.5026196241378784,0.3475928008556366,0.3667702376842499,0.14387214183807373,0.13061009347438812
58,S7,ComHvy,local,local,0,local,local,0,0.6310255527496338,0.6903003454208374,0.05927479267120361,0.008795276284217834,0.11854956299066544,0.6310255527496338,0.6903003454208374,0.14842823147773743,0.1144837960600853,0.22054624557495117,0.19521591067314148
58,S7,BWHvy,local,local,0,BS1,BS1,0,0.5112788081169128,0.5188313722610474,0.0075525641441345215,0.0019294824451208115,0.049436867237091064,0.5112788081169128,0.5188313722610474,0.257968544960022,0.23325012624263763,0.2307526171207428,0.247918501496315
58,S8,LatCrit,local,local,0,local,local,0,0.46183639764785767,0.5194939374923706,0.05765753984451294,0.01651107519865036,0.15191175043582916,0.46183639764785767,0.5194939374923706,0.2565748393535614,0.27487319707870483,0.28158873319625854,0.20563288033008575
58,S8,ComHvy,BS2,BS2,0,BS2,BS2,0,0.4444710314273834,0.45266368985176086,0.008192658424377441,0.06943896412849426,0.28135251998901367,0.352209210395813,0.21153295040130615,0.20331977307796478,0.33580338954925537,0.4444710314273834,0.45266368985176086
58,S8,BWHvy,local,BS1,1,local,local,0,0.379213809967041,0.3443440794944763,-0.0348697304725647,0.0028690453618764877,0.07142674922943115,0.379213809967041,0.34350043535232544,0.3307149410247803,0.3443440794944763,0.2900712490081787,0.31215548515319824
59,S1,LatCrit,local,local,0,local,local,0,0.6900413036346436,0.6696709394454956,-0.02037036418914795,0.0013796553248539567,0.04074066877365112,0.6900413036346436,0.6696709394454956,0.15616916120052338,0.17513836920261383,0.15378956496715546,0.15519066154956818
59,S1,ComHvy,local,local,0,BS1,BS1,0,0.42553651332855225,0.47384339570999146,0.04830688238143921,0.005793338641524315,0.09661373496055603,0.42553651332855225,0.47384339570999146,0.3975365161895752,0.37880367040634155,0.17692694067955017,0.147352933883667
59,S1,BWHvy,local,local,0,local,local,0,0.7097489237785339,0.766538143157959,0.05678921937942505,0.012454184703528881,0.1135784387588501,0.7097489237785339,0.766538143157959,0.13044986128807068,0.08624835312366486,0.15980121493339539,0.14721350371837616
59,S2,LatCrit,local,local,0,local,local,0,0.7322425246238708,0.723137378692627,-0.009105145931243896,0.0011237328872084618,0.03172440826892853,0.7322425246238708,0.723137378692627,0.13004077970981598,0.14590300619602203,0.13771669566631317,0.1309596598148346
59,S2,ComHvy,BS2,BS2,0,BS2,BS2,0,0.41621652245521545,0.41041356325149536,-0.005802959203720093,0.003664858639240265,0.07068422436714172,0.31818145513534546,0.2886422872543335,0.2656020522117615,0.30094414949417114,0.41621652245521545,0.41041356325149536
59,S2,BWHvy,local,local,0,local,local,0,0.6874353289604187,0.7495870590209961,0.06215173006057739,0.009794861078262329,0.124303437769413,0.6874353289604187,0.7495870590209961,0.16750697791576385,0.13416093587875366,0.14505767822265625,0.11625201255083084
59,S3,LatCrit,local,local,0,local,local,0,0.5872359871864319,0.5891420245170593,0.0019060373306274414,0.00041797757148742676,0.020309537649154663,0.5872359871864319,0.5891420245170593,0.1973685473203659,0.2056172788143158,0.2153954654932022,0.20524069666862488
59,S3,ComHvy,local,local,0,local,local,0,0.5474586486816406,0.5802479386329651,0.03278928995132446,0.005586270242929459,0.09142710268497467,0.5474586486816406,0.5802479386329651,0.1715407520532608,0.18446503579616547,0.281000554561615,0.23528702557086945
59,S3,BWHvy,local,local,0,local,local,0,0.7321110963821411,0.7708193063735962,0.03870820999145508,0.004181280732154846,0.07741647958755493,0.7321110963821411,0.7708193063735962,0.13887982070446014,0.12183810770511627,0.12900911271572113,0.10734255611896515
59,S4,LatCrit,local,local,0,local,local,0,0.6446760296821594,0.6764925718307495,0.03181654214859009,0.0022897738963365555,0.06363311409950256,0.6446760296821594,0.6764925718307495,0.17231757938861847,0.1554592251777649,0.1830063909292221,0.1680481731891632
59,S4,ComHvy,local,local,0,local,local,0,0.576309859752655,0.6630809307098389,0.08677107095718384,0.017812881618738174,0.1735420972108841,0.576309859752655,0.6630809307098389,0.26002782583236694,0.2205890268087387,0.16366231441497803,0.116330087184906
59,S4,BWHvy,local,local,0,local,local,0,0.7447450160980225,0.8195162415504456,0.0747712254524231,0.017344899475574493,0.1495424509048462,0.7447450160980225,0.8195162415504456,0.12422572821378708,0.09059622883796692,0.13102924823760986,0.08988752961158752
59,S5,LatCrit,local,local,0,local,local,0,0.6747913956642151,0.7534070014953613,0.07861560583114624,0.017099641263484955,0.15723121166229248,0.6747913956642151,0.7534070014953613,0.20786119997501373,0.16863782703876495,0.11734740436077118,0.07795516401529312
59,S5,ComHvy,BS2,BS2,0,local,BS2,1,0.4609396755695343,0.5306028127670288,0.0696631371974945,0.010523609817028046,0.1393263339996338,0.3333730697631836,0.2777279019355774,0.20568729937076569,0.1916692703962326,0.4609396755695343,0.5306028127670288
59,S5,BWHvy,local,local,0,local,local,0,0.7735445499420166,0.8161176443099976,0.04257309436798096,0.005717786028981209,0.08514618128538132,0.7735445499420166,0.8161176443099976,0.1535181850194931,0.12441932410001755,0.07293727993965149,0.059463053941726685
59,S6,LatCrit,local,BS1,1,BS1,BS1,0,0.43002355098724365,0.4400797486305237,0.01005619764328003,0.0022310689091682434,0.044490963220596313,0.43002355098724365,0.4361675977706909,0.423978328704834,0.4400797486305237,0.14599813520908356,0.1237526386976242
59,S6,ComHvy,BS1,BS1,0,BS1,BS1,0,0.4002196192741394,0.45738884806632996,0.05716922879219055,0.009181704372167587,0.11433848738670349,0.2873268723487854,0.2848919630050659,0.4002196192741394,0.45738884806632996,0.3124535083770752,0.25771915912628174
59,S6,BWHvy,local,local,0,local,local,0,0.6911951303482056,0.7450316548347473,0.05383652448654175,0.007327329367399216,0.10767301917076111,0.6911951303482056,0.7450316548347473,0.1521901786327362,0.1267959624528885,0.15661467611789703,0.1281723976135254
59,S7,LatCrit,local,local,0,local,local,0,0.663252592086792,0.6287442445755005,-0.034508347511291504,0.003749850206077099,0.0691111832857132,0.663252592086792,0.6287442445755005,0.1890231966972351,0.22357876598834991,0.1477241963148117,0.14767692983150482
59,S7,ComHvy,local,local,0,local,local,0,0.3955671787261963,0.39270222187042236,-0.0028649568557739258,0.0030504241585731506,0.06261993944644928,0.3955671787261963,0.39270222187042236,0.3495698571205139,0.38087981939315796,0.2548629641532898,0.22641794383525848
59,S7,BWHvy,local,local,0,local,local,0,0.6791771650314331,0.7377516031265259,0.05857443809509277,0.009081091731786728,0.11714881658554077,0.6791771650314331,0.7377516031265259,0.14399327337741852,0.12563511729240417,0.176829531788826,0.13661330938339233
59,S8,LatCrit,BS1,BS1,0,BS1,BS1,0,0.4290441870689392,0.5343132615089417,0.10526907444000244,0.026157934218645096,0.2105381339788437,0.33037418127059937,0.29604780673980713,0.4290441870689392,0.5343132615089417,0.24058160185813904,0.16963891685009003
59,S8,ComHvy,local,BS2,1,local,BS2,1,0.38262397050857544,0.3879626989364624,0.005338728427886963,0.010617250576615334,0.12231427431106567,0.38262397050857544,0.3214668035507202,0.23817038536071777,0.290570467710495,0.3792056739330292,0.3879626989364624
59,S8,BWHvy,local,local,0,local,local,0,0.7102176547050476,0.7732668519020081,0.06304919719696045,0.012208852916955948,0.1260983943939209,0.7102176547050476,0.7732668519020081,0.14282238483428955,0.10019870102405548,0.14695997536182404,0.12653446197509766
60,S1,LatCrit,local,local,0,local,local,0,0.6701188087463379,0.6830804347991943,0.012961626052856445,0.0010635275393724442,0.025934889912605286,0.6701188087463379,0.6830804347991943,0.2316691279411316,0.2316749542951584,0.09821206331253052,0.08524462580680847
60,S1,ComHvy,local,local,0,local,local,0,0.41331732273101807,0.4682632088661194,0.05494588613510132,0.0063978154212236404,0.10989177227020264,0.41331732273101807,0.4682632088661194,0.3205334544181824,0.2988798916339874,0.2661491930484772,0.2328568696975708
60,S1,BWHvy,local,local,0,local,local,0,0.6542657613754272,0.6885825395584106,0.0343167781829834,0.004101341590285301,0.06863349676132202,0.6542657613754272,0.6885825395584106,0.19272415339946747,0.1595723181962967,0.1530100703239441,0.15184518694877625
60,S2,LatCrit,local,local,0,local,local,0,0.6880755424499512,0.7129055261611938,0.024829983711242676,0.003888179315254092,0.04966001212596893,0.6880755424499512,0.7129055261611938,0.0862860456109047,0.06417553871870041,0.22563843429088593,0.22291891276836395
60,S2,ComHvy,local,BS2,1,BS2,BS2,0,0.41763293743133545,0.4535519480705261,0.035919010639190674,0.0110694020986557,0.1423884779214859,0.41763293743133545,0.3464387059211731,0.1849653273820877,0.20000934600830078,0.39740172028541565,0.4535519480705261
60,S2,BWHvy,local,local,0,local,local,0,0.660063624382019,0.6970033645629883,0.03693974018096924,0.0031620971858501434,0.07387948036193848,0.660063624382019,0.6970033645629883,0.17663037776947021,0.15751783549785614,0.16330599784851074,0.14547879993915558
60,S3,LatCrit,local,local,0,local,local,0,0.4402725100517273,0.4204164743423462,-0.019856035709381104,0.0026797810569405556,0.06870953738689423,0.4402725100517273,0.4204164743423462,0.30817705392837524,0.34253183007240295,0.25155043601989746,0.23705171048641205
60,S3,ComHvy,local,local,0,local,BS2,1,0.5513297319412231,0.516672670841217,-0.034657061100006104,0.01739954948425293,0.15676815807819366,0.5513297319412231,0.516672670841217,0.16453181207180023,0.1208047866821289,0.2841384708881378,0.36252254247665405
60,S3,BWHvy,local,local,0,local,local,0,0.6733678579330444,0.6963337063789368,0.022965848445892334,0.001866813749074936,0.04593166708946228,0.6733678579330444,0.6963337063789368,0.1625198870897293,0.1605648398399353,0.16411221027374268,0.14310143887996674
60,S4,LatCrit,local,local,0,local,local,0,0.5631412267684937,0.5748746395111084,0.011733412742614746,0.00170033797621727,0.0461755245923996,0.5631412267684937,0.5748746395111084,0.22219032049179077,0.19910258054733276,0.21466846764087677,0.2260228395462036
60,S4,ComHvy,local,local,0,local,local,0,0.5925559401512146,0.7092597484588623,0.1167038083076477,0.031295474618673325,0.2334076464176178,0.5925559401512146,0.7092597484588623,0.25154581665992737,0.18507206439971924,0.15589825809001923,0.10566816478967667
60,S4,BWHvy,local,local,0,local,local,0,0.7314205765724182,0.7934937477111816,0.06207317113876343,0.011445913463830948,0.12414631992578506,0.7314205765724182,0.7934937477111816,0.1526634395122528,0.11151081323623657,0.11591598391532898,0.09499546140432358
60,S5,LatCrit,local,local,0,local,local,0,0.6528778076171875,0.6690211296081543,0.016143321990966797,0.002744898200035095,0.05254317820072174,0.6528778076171875,0.6690211296081543,0.17732520401477814,0.1874534636735916,0.16979697346687317,0.1435253769159317
60,S5,ComHvy,local,BS1,1,local,local,0,0.43695706129074097,0.34796708822250366,-0.0889899730682373,0.02068507857620716,0.18743988871574402,0.43695706129074097,0.34323710203170776,0.2752750813961029,0.34796708822250366,0.2877678871154785,0.3087958097457886
60,S5,BWHvy,local,local,0,local,local,0,0.7403017282485962,0.770694375038147,0.03039264678955078,0.002593168057501316,0.06078535318374634,0.7403017282485962,0.770694375038147,0.14035189151763916,0.12156851589679718,0.11934641748666763,0.10773708671331406
60,S6,LatCrit,BS1,BS1,0,BS1,BS1,0,0.4561536908149719,0.5307354927062988,0.0745818018913269,0.011596722528338432,0.14916366338729858,0.3355008363723755,0.28008705377578735,0.4561536908149719,0.5307354927062988,0.20834548771381378,0.18917740881443024
60,S6,ComHvy,local,local,0,local,local,0,0.4034862518310547,0.44660645723342896,0.04312020540237427,0.006621893495321274,0.09497950971126556,0.4034862518310547,0.44660645723342896,0.31035926938056946,0.3147287964820862,0.28615447878837585,0.23866470158100128
60,S6,BWHvy,local,local,0,local,local,0,0.6444264650344849,0.6795185208320618,0.035092055797576904,0.0027879420667886734,0.070184126496315,0.6444264650344849,0.6795185208320618,0.1706838756799698,0.15257684886455536,0.18488967418670654,0.16790463030338287
60,S7,LatCrit,local,local,0,local,local,0,0.5702882409095764,0.5594774484634399,-0.010810792446136475,0.00937926396727562,0.09669439494609833,0.5702882409095764,0.5594774484634399,0.28233101963996887,0.2447945922613144,0.1473807394504547,0.19572791457176208
60,S7,ComHvy,local,local,0,local,local,0,0.47152048349380493,0.48199743032455444,0.010476946830749512,0.0008049942553043365,0.032704129815101624,0.47152048349380493,0.48199743032455444,0.3068807125091553,0.312755823135376,0.2215988039970398,0.2052467316389084
60,S7,BWHvy,local,local,0,local,local,0,0.6746458411216736,0.7378319501876831,0.06318610906600952,0.011549105867743492,0.12637224793434143,0.6746458411216736,0.7378319501876831,0.16840258240699768,0.12232571095228195,0.15695159137248993,0.13984233140945435
60,S8,LatCrit,BS2,BS2,0,BS2,BS2,0,0.5152002573013306,0.5096256732940674,-0.005574584007263184,0.0043875775299966335,0.0703086256980896,0.21383708715438843,0.18425732851028442,0.2709626853466034,0.3061169683933258,0.5152002573013306,0.5096256732940674
60,S8,ComHvy,BS2,BS2,0,BS2,BS2,0,0.5058153867721558,0.48793840408325195,-0.01787698268890381,0.0007360782474279404,0.03575393557548523,0.34101951122283936,0.35801440477371216,0.15316511690616608,0.1540471762418747,0.5058153867721558,0.48793840408325195
60,S8,BWHvy,local,local,0,local,local,0,0.6268911361694336,0.6683675646781921,0.041476428508758545,0.00472106970846653,0.08295285701751709,0.6268911361694336,0.6683675646781921,0.17557604610919952,0.14451293647289276,0.1975328028202057,0.1871194839477539
61,S1,LatCrit,local,local,0,local,local,0,0.765545129776001,0.7619694471359253,-0.0035756826400756836,0.0006501488387584686,0.020985692739486694,0.765545129776001,0.7619694471359253,0.12982936203479767,0.14032219350337982,0.10462552309036255,0.09770834445953369
61,S1,ComHvy,BS2,BS2,0,BS2,local,1,0.41614001989364624,0.43754294514656067,0.02140292525291443,0.026916800066828728,0.1743752658367157,0.34033018350601196,0.4061148762702942,0.2435297966003418,0.15634214878082275,0.41614001989364624,0.43754294514656067
61,S1,BWHvy,local,local,0,local,local,0,0.77742600440979,0.8016812205314636,0.024255216121673584,0.0018413020297884941,0.04851039499044418,0.77742600440979,0.8016812205314636,0.10295695066452026,0.08976361155509949,0.1196170225739479,0.10855518281459808
61,S2,LatCrit,local,local,0,local,local,0,0.6745461225509644,0.6788002252578735,0.00425410270690918,0.002285655587911606,0.042355164885520935,0.6745461225509644,0.6788002252578735,0.14746715128421783,0.1643906533718109,0.17798669636249542,0.15680913627147675
61,S2,ComHvy,local,local,0,local,local,0,0.4535689949989319,0.4736907482147217,0.020121753215789795,0.009209781885147095,0.11301039159297943,0.4535689949989319,0.4736907482147217,0.2605694532394409,0.29695290327072144,0.2858615517616272,0.22935636341571808
61,S2,BWHvy,local,local,0,local,local,0,0.7810801267623901,0.8215945959091187,0.040514469146728516,0.005998507142066956,0.08102895319461823,0.7810801267623901,0.8215945959091187,0.09720298647880554,0.08631251007318497,0.12171687185764313,0.09209286421537399
61,S3,LatCrit,local,local,0,local,local,0,0.6839840412139893,0.6750963926315308,-0.008887648582458496,0.006342064589262009,0.07193906605243683,0.6839840412139893,0.6750963926315308,0.17897455394268036,0.21494407951831818,0.13704141974449158,0.10995952785015106
61,S3,ComHvy,local,BS1,1,local,local,0,0.46552544832229614,0.4588946998119354,-0.006630748510360718,0.00537274032831192,0.08658500015735626,0.46552544832229614,0.44644176959991455,0.4156022071838379,0.4588946998119354,0.11887234449386597,0.09466351568698883
61,S3,BWHvy,local,local,0,local,local,0,0.7180584669113159,0.7534806728363037,0.03542220592498779,0.006329841911792755,0.0717473030090332,0.7180584669113159,0.7534806728363037,0.14008751511573792,0.14053896069526672,0.14185398817062378,0.10598033666610718
61,S4,LatCrit,local,local,0,local,local,0,0.7283056974411011,0.7425618767738342,0.014256179332733154,0.0006498303264379501,0.028512395918369293,0.7283056974411011,0.7425618767738342,0.10530472546815872,0.09600168466567993,0.1663896143436432,0.16143643856048584
61,S4,ComHvy,BS1,local,1,BS1,BS2,1,0.3933681845664978,0.3906029462814331,-0.0027652382850646973,0.017437607049942017,0.16679489612579346,0.3072054982185364,0.3906029462814331,0.3933681845664978,0.32095015048980713,0.2994263172149658,0.28844690322875977
61,S4,BWHvy,local,local,0,local,local,0,0.7688145041465759,0.8106468915939331,0.04183238744735718,0.005532998591661453,0.08366478979587555,0.7688145041465759,0.8106468915939331,0.11624716222286224,0.09827165305614471,0.11493832617998123,0.09108143299818039
61,S5,LatCrit,local,local,0,local,local,0,0.7166486978530884,0.7491283416748047,0.03247964382171631,0.007895238697528839,0.07559586316347122,0.7166486978530884,0.7491283416748047,0.15668419003486633,0.16200248897075653,0.1266670823097229,0.08886916190385818
61,S5,ComHvy,local,local,0,local,local,0,0.5081374645233154,0.41478556394577026,-0.09335190057754517,0.023791000247001648,0.1867038458585739,0.5081374645233154,0.41478556394577026,0.2867727279663086,0.29516249895095825,0.2050897628068924,0.2900519371032715
61,S5,BWHvy,local,local,0,local,local,0,0.8299829959869385,0.8678486943244934,0.03786569833755493,0.005945535376667976,0.07573144137859344,0.8299829959869385,0.8678486943244934,0.07542742043733597,0.061269666999578476,0.09458961337804794,0.07088162004947662
61,S6,LatCrit,local,local,0,local,local,0,0.5027381777763367,0.44948554039001465,-0.05325263738632202,0.00870971754193306,0.12224715948104858,0.5027381777763367,0.44948554039001465,0.2987492084503174,0.3598727881908417,0.19851261377334595,0.19064167141914368
61,S6,ComHvy,local,local,0,local,local,0,0.4541308879852295,0.50552898645401,0.05139809846878052,0.009343513287603855,0.10590703785419464,0.4541308879852295,0.50552898645401,0.24737808108329773,0.1944245845079422,0.2984910011291504,0.300046443939209
61,S6,BWHvy,local,local,0,local,local,0,0.7843723297119141,0.8069989085197449,0.02262657880783081,0.0025339964777231216,0.04525315761566162,0.7843723297119141,0.8069989085197449,0.10575588792562485,0.10364171117544174,0.10987178981304169,0.08935938775539398
61,S7,LatCrit,local,local,0,local,local,0,0.6779712438583374,0.6241723299026489,-0.05379891395568848,0.014549508690834045,0.14579632878303528,0.6779712438583374,0.6241723299026489,0.2044120579957962,0.27731019258499146,0.11761674284934998,0.09851745516061783
61,S7,ComHvy,BS1,BS2,1,BS1,BS1,0,0.3678539991378784,0.36259227991104126,-0.005261719226837158,0.006347358226776123,0.10577324032783508,0.32244032621383667,0.2910674810409546,0.3678539991378784,0.34634020924568176,0.3097056746482849,0.36259227991104126
61,S7,BWHvy,local,local,0,local,local,0,0.8220933675765991,0.8455846309661865,0.023491263389587402,0.002048339694738388,0.0469825342297554,0.8220933675765991,0.8455846309661865,0.10068463534116745,0.0863485187292099,0.07722199708223343,0.06806684285402298
61,S8,LatCrit,local,local,0,BS2,local,1,0.4887363314628601,0.48738372325897217,-0.0013526082038879395,0.000874876044690609,0.030448734760284424,0.4887363314628601,0.48738372325897217,0.19829514622688293,0.21351948380470276,0.31296855211257935,0.2990967631340027
61,S8,ComHvy,local,BS2,1,BS1,BS2,1,0.3640420436859131,0.4654613435268402,0.10141929984092712,0.028594836592674255,0.2302035540342331,0.3640420436859131,0.3170408606529236,0.28559839725494385,0.217497780919075,0.35035958886146545,0.4654613435268402
61,S8,BWHvy,local,local,0,local,local,0,0.7602194547653198,0.8080565929412842,0.047837138175964355,0.006964746862649918,0.0956743136048317,0.7602194547653198,0.8080565929412842,0.12080464512109756,0.09657015651464462,0.1189759224653244,0.09537323564291
62,S1,LatCrit,local,local,0,local,BS1,1,0.6071316599845886,0.4559359550476074,-0.1511957049369812,0.04641289636492729,0.3023914098739624,0.6071316599845886,0.4559359550476074,0.1938505917787552,0.2814619541168213,0.1990177482366562,0.2626020908355713
62,S1,ComHvy,local,local,0,local,local,0,0.6019185185432434,0.684599757194519,0.08268123865127563,0.01680852100253105,0.1653624325990677,0.6019185185432434,0.684599757194519,0.18516221642494202,0.1326698511838913,0.21291926503181458,0.18273043632507324
62,S1,BWHvy,local,BS1,1,local,local,0,0.5240519046783447,0.36393892765045166,-0.16011297702789307,0.11737968027591705,0.4637032747268677,0.5240519046783447,0.2922002673149109,0.23905494809150696,0.36393892765045166,0.23689314723014832,0.34386080503463745
62,S2,LatCrit,local,local,0,local,local,0,0.5478090047836304,0.4087408185005188,-0.13906818628311157,0.03976777195930481,0.27813631296157837,0.5478090047836304,0.4087408185005188,0.24091583490371704,0.2997964024543762,0.21127517521381378,0.2914627492427826
62,S2,ComHvy,local,local,0,BS1,BS1,0,0.44043922424316406,0.3968701958656311,-0.04356902837753296,0.003923699259757996,0.08713802695274353,0.44043922424316406,0.3968701958656311,0.35117635130882263,0.37772005796432495,0.2083844393491745,0.22540973126888275
62,S2,BWHvy,local,BS1,1,local,local,0,0.5213568210601807,0.37236252427101135,-0.1489942967891693,0.06773277372121811,0.35916560888290405,0.5213568210601807,0.341774046421051,0.26688846945762634,0.37236252427101135,0.2117546647787094,0.2858634293079376
62,S3,LatCrit,local,local,0,local,local,0,0.5524225234985352,0.3711465001106262,-0.18127602338790894,0.0677059143781662,0.36255204677581787,0.5524225234985352,0.3711465001106262,0.2508199214935303,0.34313517808914185,0.19675756990909576,0.28571832180023193
62,S3,ComHvy,local,local,0,local,local,0,0.6075586080551147,0.6806632280349731,0.0731046199798584,0.021299496293067932,0.1462092250585556,0.6075586080551147,0.6806632280349731,0.28860411047935486,0.2630317807197571,0.1038372740149498,0.056304994970560074
62,S3,BWHvy,local,BS2,1,local,BS2,1,0.48020052909851074,0.38763436675071716,-0.09256616234779358,0.10278883576393127,0.4252724349498749,0.48020052909851074,0.2675642967224121,0.2374614030122757,0.3448013365268707,0.28233808279037476,0.38763436675071716
62,S4,LatCrit,local,BS2,1,local,BS2,1,0.43138134479522705,0.43583160638809204,0.00445026159286499,0.04831099510192871,0.2907642126083374,0.43138134479522705,0.28599923849105835,0.21027298271656036,0.2781691551208496,0.3583456575870514,0.43583160638809204
62,S4,ComHvy,local,local,0,local,local,0,0.5967015027999878,0.6862725615501404,0.08957105875015259,0.019627034664154053,0.1791420876979828,0.5967015027999878,0.6862725615501404,0.20342795550823212,0.14348892867565155,0.1998705118894577,0.17023850977420807
62,S4,BWHvy,local,local,0,local,local,0,0.573591947555542,0.46057426929473877,-0.11301767826080322,0.02581179514527321,0.22603535652160645,0.573591947555542,0.46057426929473877,0.21280042827129364,0.2610997259616852,0.21360762417316437,0.27832600474357605
62,S5,LatCrit,local,BS1,1,BS1,BS1,0,0.38307714462280273,0.42338281869888306,0.04030567407608032,0.06397639214992523,0.30613642930984497,0.38307714462280273,0.23000895977020264,0.3791905641555786,0.42338281869888306,0.23773227632045746,0.3466082513332367
62,S5,ComHvy,local,local,0,BS2,local,1,0.4986339211463928,0.5097306966781616,0.011096775531768799,0.00032236240804195404,0.022193536162376404,0.4986339211463928,0.5097306966781616,0.23064367473125458,0.22979873418807983,0.2707223892211914,0.26047056913375854
62,S5,BWHvy,local,local,0,local,BS2,1,0.6011233925819397,0.3858717679977417,-0.215251624584198,0.09577801823616028,0.4305032789707184,0.6011233925819397,0.3858717679977417,0.1934168040752411,0.27181586623191833,0.2054598033428192,0.34231239557266235
62,S6,LatCrit,BS1,BS2,1,local,local,0,0.35541629791259766,0.3722209632396698,0.016804665327072144,0.014610141515731812,0.14686480164527893,0.3457951545715332,0.2821122407913208,0.35541629791259766,0.3456667959690094,0.29878857731819153,0.3722209632396698
62,S6,ComHvy,local,local,0,local,local,0,0.4580814838409424,0.5178498029708862,0.05976831912994385,0.011266769841313362,0.11953659355640411,0.4580814838409424,0.5178498029708862,0.2534870505332947,0.1961461752653122,0.28843146562576294,0.28600406646728516
62,S6,BWHvy,local,BS1,1,local,BS2,1,0.5097861289978027,0.35847628116607666,-0.15130984783172607,0.10441981256008148,0.4322327971458435,0.5097861289978027,0.29366976022720337,0.22505417466163635,0.35847628116607666,0.2651596665382385,0.34785398840904236
62,S7,LatCrit,local,BS1,1,local,BS1,1,0.5152398943901062,0.4242050349712372,-0.09103485941886902,0.041661668568849564,0.2768525183200836,0.5152398943901062,0.40403151512145996,0.2857787609100342,0.4242050349712372,0.19898132979869843,0.17176346480846405
62,S7,ComHvy,local,local,0,local,local,0,0.6184529066085815,0.7070158123970032,0.08856290578842163,0.01816541701555252,0.17712579667568207,0.6184529066085815,0.7070158123970032,0.11621515452861786,0.08534754812717438,0.2653319239616394,0.20763663947582245
62,S7,BWHvy,local,local,0,local,BS1,1,0.5152361989021301,0.3782375454902649,-0.13699865341186523,0.039347223937511444,0.27399733662605286,0.5152361989021301,0.3782375454902649,0.2574222683906555,0.3129771947860718,0.22734153270721436,0.3087852895259857
62,S8,LatCrit,BS2,BS2,0,BS2,BS1,1,0.468683660030365,0.48647964000701904,0.017795979976654053,0.025220492854714394,0.15999868512153625,0.22037649154663086,0.14037716388702393,0.31093984842300415,0.3731432259082794,0.468683660030365,0.48647964000701904
62,S8,ComHvy,local,local,0,local,BS2,1,0.5070955753326416,0.45258694887161255,-0.05450862646102905,0.007259692996740341,0.1090172678232193,0.5070955753326416,0.45258694887161255,0.2437628209590912,0.2509327530860901,0.24914158880710602,0.29648029804229736
62,S8,BWHvy,local,BS1,1,BS1,BS1,0,0.42602062225341797,0.40629249811172485,-0.019728124141693115,0.08539410680532455,0.3734375536441803,0.42602062225341797,0.239301860332489,0.32608455419540405,0.40629249811172485,0.24789482355117798,0.3544056713581085
63,S1,LatCrit,local,local,0,local,BS1,1,0.5156422257423401,0.4497266411781311,-0.06591558456420898,0.009581492282450199,0.13183118402957916,0.5156422257423401,0.4497266411781311,0.2810784876346588,0.33535048365592957,0.2032792568206787,0.21492286026477814
63,S1,ComHvy,local,local,0,local,local,0,0.6427847146987915,0.7096359729766846,0.06685125827789307,0.01236084382981062,0.13370253145694733,0.6427847146987915,0.7096359729766846,0.21977989375591278,0.1637103110551834,0.13743536174297333,0.12665367126464844
63,S1,BWHvy,local,BS2,1,local,BS1,1,0.41886651515960693,0.37185949087142944,-0.04700702428817749,0.043543264269828796,0.2719399333000183,0.41886651515960693,0.28289657831192017,0.299419105052948,0.3452439606189728,0.2817143499851227,0.37185949087142944
63,S2,LatCrit,local,local,0,local,local,0,0.5735424757003784,0.5301553010940552,-0.04338717460632324,0.005114004015922546,0.08695796132087708,0.5735424757003784,0.5301553010940552,0.17583927512168884,0.17574748396873474,0.25061821937561035,0.2940972149372101
63,S2,ComHvy,BS2,BS2,0,BS1,BS1,0,0.4738529622554779,0.4984742999076843,0.02462133765220642,0.004163879901170731,0.07884484529495239,0.27524030208587646,0.23581790924072266,0.25090673565864563,0.2657078504562378,0.4738529622554779,0.4984742999076843
63,S2,BWHvy,local,BS1,1,local,BS1,1,0.4365502595901489,0.4102103114128113,-0.026339948177337646,0.05526939779520035,0.3114279508590698,0.4365502595901489,0.280836284160614,0.314310222864151,0.4102103114128113,0.24913953244686127,0.3089534342288971
63,S3,LatCrit,local,BS1,1,BS1,BS1,0,0.42163562774658203,0.3516124188899994,-0.07002320885658264,0.027197234332561493,0.22076153755187988,0.42163562774658203,0.3112548589706421,0.28693729639053345,0.3516124188899994,0.2914270758628845,0.3371327221393585
63,S3,ComHvy,local,local,0,local,local,0,0.4665074348449707,0.49671560525894165,0.030208170413970947,0.009769923985004425,0.11865948140621185,0.4665074348449707,0.49671560525894165,0.25079581141471863,0.2799173891544342,0.28269675374031067,0.22336702048778534
63,S3,BWHvy,local,BS1,1,local,BS2,1,0.3931500315666199,0.38600942492485046,-0.007140606641769409,0.05386665463447571,0.2975166141986847,0.3931500315666199,0.24439173936843872,0.3091520369052887,0.38600942492485046,0.2976979613304138,0.3695988953113556
63,S4,LatCrit,local,BS2,1,BS2,BS2,0,0.39412063360214233,0.3947228789329529,0.0006022453308105469,0.026962891221046448,0.20178958773612976,0.39412063360214233,0.29322582483291626,0.301043301820755,0.31205129623413086,0.30483609437942505,0.3947228789329529
63,S4,ComHvy,local,local,0,local,local,0,0.6226137280464172,0.704265832901001,0.08165210485458374,0.015899937599897385,0.16330423951148987,0.6226137280464172,0.704265832901001,0.23053514957427979,0.17236369848251343,0.14685112237930298,0.1233704462647438
63,S4,BWHvy,local,local,0,local,BS1,1,0.4435427784919739,0.368202269077301,-0.07534050941467285,0.012776810675859451,0.1506810188293457,0.4435427784919739,0.368202269077301,0.3094189763069153,0.3337550759315491,0.24703821539878845,0.2980426251888275
63,S5,LatCrit,BS1,BS1,0,BS1,BS1,0,0.43513762950897217,0.4911230802536011,0.055985450744628906,0.03253276273608208,0.19278812408447266,0.23980921506881714,0.1434151530265808,0.43513762950897217,0.4911230802536011,0.3250531554222107,0.3654617667198181
63,S5,ComHvy,local,local,0,local,local,0,0.5030232667922974,0.5024645328521729,-0.0005587339401245117,0.0012650713324546814,0.03571599721908569,0.5030232667922974,0.5024645328521729,0.20805835723876953,0.22591635584831238,0.2889183759689331,0.27161911129951477
63,S5,BWHvy,local,BS2,1,BS1,BS1,0,0.48882657289505005,0.34503379464149475,-0.1437927782535553,0.06246000528335571,0.3373239040374756,0.48882657289505005,0.32016462087631226,0.2703733444213867,0.334801584482193,0.24080008268356323,0.34503379464149475
63,S6,LatCrit,BS1,BS1,0,BS1,BS1,0,0.41056615114212036,0.47547394037246704,0.06490778923034668,0.014417765662074089,0.15416468679904938,0.3667939305305481,0.289711594581604,0.41056615114212036,0.47547394037246704,0.22263990342617035,0.23481446504592896
63,S6,ComHvy,local,local,0,local,local,0,0.4500237703323364,0.45573997497558594,0.005716204643249512,9.047472849488258e-05,0.011432379484176636,0.4500237703323364,0.45573997497558594,0.2836960554122925,0.2833177149295807,0.2662801742553711,0.26094233989715576
63,S6,BWHvy,local,BS2,1,local,BS1,1,0.40738004446029663,0.40042421221733093,-0.006955832242965698,0.050407007336616516,0.2922782003879547,0.40738004446029663,0.26124095916748047,0.26838088035583496,0.338334858417511,0.3242390751838684,0.40042421221733093
63,S7,LatCrit,local,local,0,local,local,0,0.537168025970459,0.4687158465385437,-0.06845217943191528,0.009400010108947754,0.13690435886383057,0.537168025970459,0.4687158465385437,0.25026652216911316,0.28949087858200073,0.21256546676158905,0.24179328978061676
63,S7,ComHvy,local,local,0,local,local,0,0.590451717376709,0.6914698481559753,0.10101813077926636,0.02400631085038185,0.20203623175621033,0.590451717376709,0.6914698481559753,0.24147257208824158,0.19367988407611847,0.16807568073272705,0.11485026031732559
63,S7,BWHvy,local,BS2,1,local,BS2,1,0.46284252405166626,0.37475183606147766,-0.0880906879901886,0.02403036504983902,0.20533597469329834,0.46284252405166626,0.3601745367050171,0.24489790201187134,0.26507362723350525,0.2922595739364624,0.37475183606147766
63,S8,LatCrit,BS2,BS1,1,BS2,BS2,0,0.39129650592803955,0.45096927881240845,0.059672772884368896,0.01761302724480629,0.14789846539497375,0.23168349266052246,0.16724258661270142,0.37702006101608276,0.45096927881240845,0.39129650592803955,0.3817881643772125
63,S8,ComHvy,local,local,0,local,local,0,0.47519057989120483,0.4526190161705017,-0.022571563720703125,0.006003467366099358,0.08717259764671326,0.47519057989120483,0.4526190161705017,0.16925179958343506,0.21283811330795288,0.3555575907230377,0.3345428705215454
63,S8,BWHvy,BS2,BS2,0,BS2,BS2,0,0.4135452210903168,0.4489547312259674,0.035409510135650635,0.032492272555828094,0.1822509765625,0.21594321727752686,0.12481772899627686,0.37051156163215637,0.42622753977775574,0.4135452210903168,0.4489547312259674
