probe_index,sensor_id,task_name,old_top1_choice,new_top1_choice,top1_changed,old_sampled_choice,new_sampled_choice,sampled_changed,old_top1_prob,new_top1_prob,top1_prob_delta,decision_kl,decision_l1,old_local_prob,new_local_prob,old_BS1_prob,new_BS1_prob,old_BS2_prob,new_BS2_prob
0,S1,LatCrit,local,local,0,local,local,0,0.5088779926300049,0.5254223942756653,0.0165444016456604,0.000558692030608654,0.0330888032913208,0.5088779926300049,0.5254223942756653,0.19996041059494019,0.1947411298751831,0.29116159677505493,0.2798364758491516
0,S1,ComHvy,local,local,0,BS1,BS2,1,0.4825894236564636,0.4765840768814087,-0.006005346775054932,0.0016138534992933273,0.04649291932582855,0.4825894236564636,0.4765840768814087,0.24620552361011505,0.2289644181728363,0.27120503783226013,0.294451504945755
0,S1,BWHvy,local,local,0,local,local,0,0.4884730577468872,0.5222899913787842,0.03381693363189697,0.002317258156836033,0.06763388216495514,0.4884730577468872,0.5222899913787842,0.25886428356170654,0.23923327028751373,0.25266265869140625,0.2384767234325409
0,S2,LatCrit,BS2,BS2,0,BS2,BS2,0,0.391467422246933,0.4062817692756653,0.0148143470287323,0.0006527276709675789,0.0296286940574646,0.38916969299316406,0.3868940472602844,0.21936285495758057,0.2068241536617279,0.391467422246933,0.4062817692756653
0,S2,ComHvy,local,local,0,local,local,0,0.4640556573867798,0.4933101534843445,0.029254496097564697,0.0018985867500305176,0.05850896239280701,0.4640556573867798,0.4933101534843445,0.2668372094631195,0.2589242458343506,0.2691071033477783,0.24776560068130493
0,S2,BWHvy,local,local,0,BS1,BS1,0,0.47021400928497314,0.4393826127052307,-0.03083139657974243,0.0025358926504850388,0.06166279315948486,0.47021400928497314,0.4393826127052307,0.3545230031013489,0.3623073101043701,0.17526297271251678,0.19831006228923798
0,S3,LatCrit,local,local,0,local,local,0,0.3898940086364746,0.3980669379234314,0.008172929286956787,0.00031126663088798523,0.022229820489883423,0.3898940086364746,0.3980669379234314,0.31271669268608093,0.31565868854522705,0.29738929867744446,0.28627440333366394
0,S3,ComHvy,local,local,0,local,local,0,0.5010842084884644,0.48073089122772217,-0.020353317260742188,0.0031487345695495605,0.0723288506269455,0.5010842084884644,0.48073089122772217,0.28718698024749756,0.3233513832092285,0.21172885596752167,0.19591772556304932
0,S3,BWHvy,local,local,0,local,local,0,0.4685605764389038,0.48258209228515625,0.014021515846252441,0.0028800740838050842,0.06093481183052063,0.4685605764389038,0.48258209228515625,0.22728288173675537,0.19681549072265625,0.3041565418243408,0.3206024467945099
0,S4,LatCrit,local,local,0,local,local,0,0.5427454710006714,0.5124145150184631,-0.030330955982208252,0.002719564363360405,0.060661911964416504,0.5427454710006714,0.5124145150184631,0.30724477767944336,0.3132576048374176,0.15000975131988525,0.17432788014411926
0,S4,ComHvy,local,local,0,local,local,0,0.45830434560775757,0.49994343519210815,0.041639089584350586,0.005234505981206894,0.08327814936637878,0.45830434560775757,0.49994343519210815,0.30787181854248047,0.30400824546813965,0.23382383584976196,0.19604834914207458
0,S4,BWHvy,local,local,0,local,local,0,0.5943194627761841,0.6276533603668213,0.03333389759063721,0.0046908063814044,0.06666781008243561,0.5943194627761841,0.6276533603668213,0.15639753639698029,0.12446272373199463,0.24928300082683563,0.2478839010000229
0,S5,LatCrit,local,BS1,1,BS1,BS1,0,0.47488588094711304,0.45102664828300476,-0.023859232664108276,0.011872528120875359,0.15146036446094513,0.47488588094711304,0.42200595140457153,0.3752964735031128,0.45102664828300476,0.14981764554977417,0.1269673854112625
0,S5,ComHvy,local,local,0,local,local,0,0.6299686431884766,0.6478441953659058,0.0178755521774292,0.0013517439365386963,0.0357511043548584,0.6299686431884766,0.6478441953659058,0.23336437344551086,0.23209893703460693,0.13666696846485138,0.12005685269832611
0,S5,BWHvy,local,local,0,local,local,0,0.4416821599006653,0.44416987895965576,0.0024877190589904785,0.001278374344110489,0.03922690451145172,0.4416821599006653,0.44416987895965576,0.24969393014907837,0.2300805002450943,0.30862388014793396,0.32574963569641113
0,S6,LatCrit,local,local,0,local,local,0,0.5305687189102173,0.5677037239074707,0.03713500499725342,0.004269640892744064,0.07426990568637848,0.5305687189102173,0.5677037239074707,0.2696065306663513,0.2650720775127411,0.19982469081878662,0.1672242432832718
0,S6,ComHvy,local,local,0,BS1,BS1,0,0.4100135564804077,0.4322859048843384,0.022272348403930664,0.00697997584939003,0.09295105934143066,0.4100135564804077,0.4322859048843384,0.36659035086631775,0.3907935321331024,0.22339610755443573,0.1769205778837204
0,S6,BWHvy,local,local,0,local,local,0,0.4444804787635803,0.42256391048431396,-0.021916568279266357,0.0016656136140227318,0.05167338252067566,0.4444804787635803,0.42256391048431396,0.2927124500274658,0.31854915618896484,0.26280707120895386,0.2588869631290436
0,S7,LatCrit,local,local,0,local,local,0,0.6737750768661499,0.6966601610183716,0.02288508415222168,0.0017273426055908203,0.045770175755023956,0.6737750768661499,0.6966601610183716,0.13995461165905,0.12183427065610886,0.1862703263759613,0.18150557577610016
0,S7,ComHvy,local,local,0,local,local,0,0.4567680358886719,0.4230985641479492,-0.033669471740722656,0.0023121535778045654,0.0673389583826065,0.4567680358886719,0.4230985641479492,0.18994002044200897,0.20060038566589355,0.35329192876815796,0.3763010501861572
0,S7,BWHvy,local,local,0,BS1,local,1,0.42559683322906494,0.4993587136268616,0.07376188039779663,0.012826401740312576,0.14752380549907684,0.42559683322906494,0.4993587136268616,0.24941018223762512,0.19735892117023468,0.3249930143356323,0.30328235030174255
0,S8,LatCrit,local,local,0,BS1,BS1,0,0.47569888830184937,0.4657052755355835,-0.00999361276626587,0.00048429565504193306,0.02907504141330719,0.47569888830184937,0.4657052755355835,0.3119712769985199,0.3265088200569153,0.21232981979846954,0.2077859342098236
0,S8,ComHvy,local,local,0,local,local,0,0.640418529510498,0.612484335899353,-0.02793419361114502,0.0025035312864929438,0.05586840212345123,0.640418529510498,0.612484335899353,0.14286136627197266,0.16706188023090363,0.2167201191186905,0.22045381367206573
0,S8,BWHvy,local,local,0,local,local,0,0.5322142839431763,0.5316125154495239,-0.0006017684936523438,4.23947349190712e-05,0.0062020570039749146,0.5322142839431763,0.5316125154495239,0.3210149109363556,0.3185156583786011,0.14677079021930695,0.149871826171875
1,S1,LatCrit,local,local,0,local,local,0,0.5789881944656372,0.5851101875305176,0.006121993064880371,7.844972424209118e-05,0.01224394142627716,0.5789881944656372,0.5851101875305176,0.21984468400478363,0.21610677242279053,0.20116712152957916,0.19878308475017548
1,S1,ComHvy,local,local,0,local,local,0,0.6264681816101074,0.60792076587677,-0.018547415733337402,0.0015999022871255875,0.04632599651813507,0.6264681816101074,0.60792076587677,0.1755998134613037,0.17098425328731537,0.19793196022510529,0.2210949808359146
1,S1,BWHvy,local,local,0,local,local,0,0.4349052906036377,0.4609121084213257,0.02600681781768799,0.004014596343040466,0.08396551012992859,0.4349052906036377,0.4609121084213257,0.3565981984138489,0.3146154582500458,0.20849649608135223,0.22447244822978973
1,S2,LatCrit,local,local,0,local,local,0,0.48594915866851807,0.45447784662246704,-0.031471312046051025,0.006696086376905441,0.10880427062511444,0.48594915866851807,0.45447784662246704,0.19391316175460815,0.17098231613636017,0.32013770937919617,0.3745398223400116
1,S2,ComHvy,local,local,0,BS2,BS2,0,0.49439316987991333,0.4819076657295227,-0.012485504150390625,0.0007828997913748026,0.0323328822851181,0.49439316987991333,0.4819076657295227,0.20721419155597687,0.22338062524795532,0.298392653465271,0.294711709022522
1,S2,BWHvy,local,local,0,local,local,0,0.4583256244659424,0.44505995512008667,-0.013265669345855713,0.002069832757115364,0.0553780198097229,0.4583256244659424,0.44505995512008667,0.3088105618953705,0.29438722133636475,0.23286381363868713,0.2605528235435486
1,S3,LatCrit,local,local,0,BS1,BS1,0,0.39811527729034424,0.4042699933052063,0.0061547160148620605,0.00041528744623064995,0.026744425296783447,0.39811527729034424,0.4042699933052063,0.3390088677406311,0.3256366550922394,0.26287585496902466,0.2700933516025543
1,S3,ComHvy,local,local,0,local,local,0,0.5061118006706238,0.49875128269195557,-0.007360517978668213,0.00019603397231549025,0.01638038456439972,0.5061118006706238,0.49875128269195557,0.23296430706977844,0.2411545068025589,0.2609238922595978,0.26009422540664673
1,S3,BWHvy,local,local,0,local,BS2,1,0.4133787155151367,0.41182541847229004,-0.0015532970428466797,0.0008964110165834427,0.03366553783416748,0.4133787155151367,0.41182541847229004,0.3292571008205414,0.3139776289463043,0.2573641836643219,0.27419695258140564
1,S4,LatCrit,local,local,0,local,local,0,0.4740840792655945,0.4690619111061096,-0.005022168159484863,0.0019972510635852814,0.04880301654338837,0.4740840792655945,0.4690619111061096,0.3242851793766022,0.30490583181381226,0.20163075625896454,0.22603225708007812
1,S4,ComHvy,local,local,0,BS1,local,1,0.46188658475875854,0.48466306924819946,0.022776484489440918,0.001586497062817216,0.05210454761981964,0.46188658475875854,0.48466306924819946,0.352108359336853,0.3260560631752014,0.18600508570671082,0.18928085267543793
1,S4,BWHvy,local,local,0,BS2,BS2,0,0.6074953079223633,0.6104966402053833,0.0030013322830200195,0.001139502041041851,0.030656322836875916,0.6074953079223633,0.6104966402053833,0.1525517702102661,0.13722360134124756,0.2399529665708542,0.25227978825569153
1,S5,LatCrit,local,local,0,local,BS1,1,0.4245314598083496,0.4103502035140991,-0.014181256294250488,0.003755951300263405,0.07817584276199341,0.4245314598083496,0.4103502035140991,0.31533512473106384,0.35442304611206055,0.26013341546058655,0.23522675037384033
1,S5,ComHvy,local,local,0,local,local,0,0.48091185092926025,0.5018523931503296,0.020940542221069336,0.001046318793669343,0.04188111424446106,0.48091185092926025,0.5018523931503296,0.32073891162872314,0.3015971779823303,0.1983492374420166,0.1965503990650177
1,S5,BWHvy,local,local,0,local,local,0,0.5196900367736816,0.527439534664154,0.007749497890472412,0.0001353828702121973,0.015498995780944824,0.5196900367736816,0.527439534664154,0.23100045323371887,0.2254096120595932,0.24930952489376068,0.24715086817741394
1,S6,LatCrit,local,local,0,local,local,0,0.5668690204620361,0.6149475574493408,0.04807853698730469,0.0073829032480716705,0.0961570292711258,0.5668690204620361,0.6149475574493408,0.21509502828121185,0.21213412284851074,0.21803590655326843,0.17291831970214844
1,S6,ComHvy,local,local,0,BS2,BS2,0,0.488889217376709,0.49728310108184814,0.00839388370513916,0.0002472167834639549,0.020458325743675232,0.488889217376709,0.49728310108184814,0.19141103327274323,0.19324630498886108,0.3196997344493866,0.3094705641269684
1,S6,BWHvy,local,local,0,local,local,0,0.45493781566619873,0.4558161497116089,0.0008783340454101562,3.1440285965800285e-05,0.006504654884338379,0.45493781566619873,0.4558161497116089,0.290618896484375,0.29299288988113403,0.25444328784942627,0.2511909604072571
1,S7,LatCrit,local,local,0,local,local,0,0.5509133338928223,0.5667644739151001,0.015851140022277832,0.001979060471057892,0.050837188959121704,0.5509133338928223,0.5667644739151001,0.22458940744400024,0.19917082786560059,0.22449719905853271,0.23406466841697693
1,S7,ComHvy,local,local,0,local,local,0,0.5099703073501587,0.5007883310317993,-0.009181976318359375,0.00016937218606472015,0.018363922834396362,0.5099703073501587,0.5007883310317993,0.26748767495155334,0.27293527126312256,0.22254204750061035,0.22627639770507812
1,S7,BWHvy,local,local,0,local,local,0,0.42295682430267334,0.44237977266311646,0.019422948360443115,0.0011951788328588009,0.04052084684371948,0.42295682430267334,0.44237977266311646,0.2832007110118866,0.26294028759002686,0.29384246468544006,0.2946799397468567
1,S8,LatCrit,local,local,0,BS2,BS2,0,0.45062506198883057,0.46923595666885376,0.018610894680023193,0.004775404930114746,0.08386527001857758,0.45062506198883057,0.46923595666885376,0.2845771014690399,0.24264447391033173,0.2647978663444519,0.2881196141242981
1,S8,ComHvy,local,local,0,local,local,0,0.4418521523475647,0.4246867299079895,-0.017165422439575195,0.0006025712937116623,0.034330815076828,0.4418521523475647,0.4246867299079895,0.23847204446792603,0.2451348602771759,0.3196758031845093,0.3301783800125122
1,S8,BWHvy,local,local,0,local,local,0,0.5571651458740234,0.5500638484954834,-0.007101297378540039,0.0020813364535570145,0.04725036025047302,0.5571651458740234,0.5500638484954834,0.27450940012931824,0.25798553228378296,0.16832540929317474,0.19195060431957245
2,S1,LatCrit,local,local,0,local,local,0,0.5912668108940125,0.5570571422576904,-0.03420966863632202,0.0024097664281725883,0.06841930747032166,0.5912668108940125,0.5570571422576904,0.2817733883857727,0.30755800008773804,0.12695981562137604,0.13538484275341034
2,S1,ComHvy,local,local,0,local,local,0,0.4942397475242615,0.4863392114639282,-0.007900536060333252,0.0008209743537008762,0.031226038932800293,0.4942397475242615,0.4863392114639282,0.1725253015756607,0.18813835084438324,0.33323490619659424,0.32552245259284973
2,S1,BWHvy,local,local,0,local,local,0,0.5286092758178711,0.5614325404167175,0.032823264598846436,0.006308610551059246,0.08650775253772736,0.5286092758178711,0.5614325404167175,0.21189142763614655,0.16863754391670227,0.25949931144714355,0.2699299156665802
2,S2,LatCrit,local,local,0,local,local,0,0.5646577477455139,0.5669148564338684,0.002257108688354492,7.94136431068182e-05,0.00908803939819336,0.5646577477455139,0.5669148564338684,0.1607898324728012,0.15624581277370453,0.27455243468284607,0.27683934569358826
2,S2,ComHvy,local,local,0,local,local,0,0.5229024291038513,0.47365713119506836,-0.04924529790878296,0.005248699337244034,0.09849058091640472,0.5229024291038513,0.47365713119506836,0.1854778528213501,0.215109184384346,0.2916197180747986,0.31123366951942444
2,S2,BWHvy,local,local,0,BS1,BS1,0,0.39254528284072876,0.40016674995422363,0.007621467113494873,0.0028056036680936813,0.06401336193084717,0.39254528284072876,0.40016674995422363,0.3072628080844879,0.27525612711906433,0.3001919090747833,0.32457712292671204
2,S3,LatCrit,local,local,0,BS1,BS2,1,0.46822619438171387,0.4598817825317383,-0.008344411849975586,0.007428482174873352,0.09716664254665375,0.46822619438171387,0.4598817825317383,0.273140549659729,0.2329016476869583,0.25863325595855713,0.3072165846824646
2,S3,ComHvy,local,local,0,local,local,0,0.39689159393310547,0.38580769300460815,-0.011083900928497314,0.0004231799393892288,0.024398982524871826,0.39689159393310547,0.38580769300460815,0.32892727851867676,0.32781171798706055,0.2741810977458954,0.2863806188106537
2,S3,BWHvy,local,local,0,local,local,0,0.5605983734130859,0.5656836032867432,0.0050852298736572266,0.00014870648737996817,0.011732816696166992,0.5605983734130859,0.5656836032867432,0.14185968041419983,0.13599327206611633,0.29754191637039185,0.2983230948448181
2,S4,LatCrit,local,local,0,local,local,0,0.40211576223373413,0.372380793094635,-0.02973496913909912,0.001873173750936985,0.059469908475875854,0.40211576223373413,0.372380793094635,0.3276210129261017,0.34348064661026,0.2702632248401642,0.2841385304927826
2,S4,ComHvy,local,local,0,local,local,0,0.5356423854827881,0.5612595677375793,0.02561718225479126,0.0013306448236107826,0.05123439431190491,0.5356423854827881,0.5612595677375793,0.22742204368114471,0.2156865894794464,0.2369356006383896,0.22305384278297424
2,S4,BWHvy,local,local,0,local,local,0,0.5742263793945312,0.5593286752700806,-0.014897704124450684,0.0009914115071296692,0.03567950427532196,0.5742263793945312,0.5593286752700806,0.2325027883052826,0.2295607179403305,0.19327087700366974,0.21111060678958893
2,S5,LatCrit,local,local,0,local,local,0,0.5168783068656921,0.532109797000885,0.015231490135192871,0.0005141315050423145,0.030462995171546936,0.5168783068656921,0.532109797000885,0.23208832740783691,0.22145222127437592,0.25103339552879333,0.24643799662590027
2,S5,ComHvy,local,local,0,local,local,0,0.4067257046699524,0.4108995199203491,0.0041738152503967285,0.0007158303633332253,0.03224390745162964,0.4067257046699524,0.4108995199203491,0.29030686616897583,0.274184912443161,0.3029674291610718,0.31491556763648987
2,S5,BWHvy,local,local,0,local,local,0,0.4477604627609253,0.4566718339920044,0.008911371231079102,0.00020391051657497883,0.017822742462158203,0.4477604627609253,0.4566718339920044,0.1928572803735733,0.18649528920650482,0.3593822419643402,0.3568328619003296
2,S6,LatCrit,local,local,0,local,local,0,0.4791509509086609,0.5083983540534973,0.029247403144836426,0.0019400883466005325,0.05849480628967285,0.4791509509086609,0.5083983540534973,0.3301100730895996,0.31855496764183044,0.1907389760017395,0.17304667830467224
2,S6,ComHvy,local,local,0,local,local,0,0.4412023425102234,0.42091238498687744,-0.020289957523345947,0.0008414136245846748,0.04057997465133667,0.4412023425102234,0.42091238498687744,0.26831161975860596,0.27839916944503784,0.29048600792884827,0.3006884753704071
2,S6,BWHvy,local,local,0,local,local,0,0.5388797521591187,0.5581107139587402,0.019230961799621582,0.0012454204261302948,0.040796831250190735,0.5388797521591187,0.5581107139587402,0.2430867701768875,0.22268830239772797,0.21803352236747742,0.21920092403888702
2,S7,LatCrit,local,local,0,local,local,0,0.5391367673873901,0.5577912330627441,0.018654465675354004,0.001339353621006012,0.04129815101623535,0.5391367673873901,0.5577912330627441,0.2370644062757492,0.23905904591083527,0.22379879653453827,0.20314975082874298
2,S7,ComHvy,local,local,0,BS1,local,1,0.4491366147994995,0.4585941433906555,0.009457528591156006,0.0001976886996999383,0.018915116786956787,0.4491366147994995,0.4585941433906555,0.3419312834739685,0.3339758813381195,0.20893211662769318,0.2074299305677414
2,S7,BWHvy,local,local,0,local,local,0,0.5368719100952148,0.5344675779342651,-0.002404332160949707,0.00012365402653813362,0.01215989887714386,0.5368719100952148,0.5344675779342651,0.2681180536746979,0.26444244384765625,0.19501006603240967,0.2010900229215622
2,S8,LatCrit,local,local,0,local,local,0,0.5027046203613281,0.4859316945075989,-0.016772925853729248,0.0008642533794045448,0.0367242693901062,0.5027046203613281,0.4859316945075989,0.28246718645095825,0.30082932114601135,0.21482819318771362,0.21323898434638977
2,S8,ComHvy,local,local,0,local,local,0,0.4560510516166687,0.4729574918746948,0.016906440258026123,0.0006003854796290398,0.03381285071372986,0.4560510516166687,0.4729574918746948,0.24309325218200684,0.2381158471107483,0.3008556663990021,0.2889266610145569
2,S8,BWHvy,local,local,0,local,local,0,0.5967410802841187,0.6109848022460938,0.014243721961975098,0.0023925332352519035,0.05259077250957489,0.5967410802841187,0.6109848022460938,0.2017746865749359,0.17547930777072906,0.20148420333862305,0.213535875082016
3,S1,LatCrit,local,local,0,local,local,0,0.6058472394943237,0.6421470642089844,0.036299824714660645,0.0029826387763023376,0.07259967923164368,0.6058472394943237,0.6421470642089844,0.142671138048172,0.1343778371810913,0.2514816224575043,0.22347506880760193
3,S1,ComHvy,local,local,0,local,local,0,0.5801714658737183,0.6193484663963318,0.039177000522613525,0.00444743363186717,0.07835401594638824,0.5801714658737183,0.6193484663963318,0.25680360198020935,0.2184867262840271,0.16302494704723358,0.1621648073196411
3,S1,BWHvy,local,BS1,1,BS1,BS1,0,0.40078407526016235,0.3810080587863922,-0.01977601647377014,0.0009693065658211708,0.04274526238441467,0.40078407526016235,0.3794114589691162,0.36919641494750977,0.3810080587863922,0.23001950979232788,0.23958051204681396
3,S2,LatCrit,local,local,0,local,local,0,0.4360273480415344,0.4419791102409363,0.0059517621994018555,0.0018977336585521698,0.044937461614608765,0.4360273480415344,0.4419791102409363,0.1822950690984726,0.1598263531923294,0.3816775679588318,0.3981945514678955
3,S2,ComHvy,local,local,0,local,local,0,0.4933069348335266,0.49195271730422974,-0.001354217529296875,2.642860636115074e-05,0.005851641297340393,0.4933069348335266,0.49195271730422974,0.2992071509361267,0.297635555267334,0.20748591423034668,0.21041174232959747
3,S2,BWHvy,local,local,0,local,local,0,0.48053908348083496,0.4789074659347534,-0.001631617546081543,0.00450042262673378,0.06851597130298615,0.48053908348083496,0.4789074659347534,0.330236554145813,0.29761019349098206,0.18922436237335205,0.22348235547542572
3,S3,LatCrit,local,local,0,local,local,0,0.4391787648200989,0.411857545375824,-0.027321219444274902,0.0016075745224952698,0.054642438888549805,0.4391787648200989,0.411857545375824,0.27965086698532104,0.2884294390678406,0.2811703681945801,0.29971301555633545
3,S3,ComHvy,local,local,0,local,local,0,0.43086183071136475,0.3865407109260559,-0.04432111978530884,0.004192935302853584,0.08864220976829529,0.43086183071136475,0.3865407109260559,0.27452418208122253,0.3017307221889496,0.2946140170097351,0.3117285668849945
3,S3,BWHvy,local,local,0,BS1,BS1,0,0.4310266971588135,0.435342013835907,0.004315316677093506,0.0007263189181685448,0.032521530985832214,0.4310266971588135,0.435342013835907,0.35237860679626465,0.33611786365509033,0.21659468114376068,0.22854015231132507
3,S4,LatCrit,local,local,0,local,local,0,0.5906355381011963,0.5944443345069885,0.0038087964057922363,0.0011721029877662659,0.034512728452682495,0.5906355381011963,0.5944443345069885,0.24547642469406128,0.22822003066539764,0.16388806700706482,0.17733560502529144
3,S4,ComHvy,local,local,0,local,local,0,0.4402695894241333,0.4653397798538208,0.0250701904296875,0.0012941611930727959,0.050140380859375,0.4402695894241333,0.4653397798538208,0.30775174498558044,0.2913232445716858,0.25197863578796387,0.24333694577217102
3,S4,BWHvy,local,local,0,local,local,0,0.6694597601890564,0.7064058780670166,0.036946117877960205,0.0037015601992607117,0.07389220595359802,0.6694597601890564,0.7064058780670166,0.14349760115146637,0.11961671710014343,0.18704263865947723,0.17397743463516235
3,S5,LatCrit,local,BS1,1,local,local,0,0.4381358027458191,0.4635160565376282,0.025380253791809082,0.006117792800068855,0.10964582860469818,0.4381358027458191,0.39984941482543945,0.4086931347846985,0.4635160565376282,0.15317106246948242,0.13663454353809357
3,S5,ComHvy,local,local,0,local,local,0,0.5718536376953125,0.5762988328933716,0.004445195198059082,5.6181903346441686e-05,0.008890464901924133,0.5718536376953125,0.5762988328933716,0.23302166163921356,0.2287941724061966,0.19512474536895752,0.19490696489810944
3,S5,BWHvy,local,local,0,local,local,0,0.543148398399353,0.5609296560287476,0.01778125762939453,0.0008691817056387663,0.03556247055530548,0.543148398399353,0.5609296560287476,0.22593563795089722,0.21019324660301208,0.23091593384742737,0.22887711226940155
3,S6,LatCrit,local,local,0,local,local,0,0.5721645951271057,0.6246110796928406,0.05244648456573486,0.006081888452172279,0.10489293187856674,0.5721645951271057,0.6246110796928406,0.2902040183544159,0.26125413179397583,0.1376313716173172,0.11413481086492538
3,S6,ComHvy,local,local,0,local,local,0,0.4786313772201538,0.4938393235206604,0.015207946300506592,0.0005173534154891968,0.030415892601013184,0.4786313772201538,0.4938393235206604,0.23775248229503632,0.23446698486804962,0.2836161255836487,0.2716936767101288
3,S6,BWHvy,local,local,0,local,BS1,1,0.49965572357177734,0.4479605555534363,-0.051695168018341064,0.006475403904914856,0.10339030623435974,0.49965572357177734,0.4479605555534363,0.24459853768348694,0.2515994608402252,0.2557457685470581,0.3004399836063385
3,S7,LatCrit,local,local,0,local,local,0,0.6748182773590088,0.652014970779419,-0.022803306579589844,0.0023545045405626297,0.05362175405025482,0.6748182773590088,0.652014970779419,0.15441115200519562,0.15040360391139984,0.1707705706357956,0.1975814700126648
3,S7,ComHvy,local,local,0,local,local,0,0.5238877534866333,0.521466076374054,-0.0024216771125793457,0.002070154994726181,0.04671093821525574,0.5238877534866333,0.521466076374054,0.21923962235450745,0.24259509146213531,0.25687265396118164,0.23593886196613312
3,S7,BWHvy,local,local,0,BS2,local,1,0.46359866857528687,0.5309248566627502,0.06732618808746338,0.009167559444904327,0.13465240597724915,0.46359866857528687,0.5309248566627502,0.22751083970069885,0.20321208238601685,0.30889052152633667,0.2658630609512329
3,S8,LatCrit,local,local,0,local,local,0,0.4368326663970947,0.4544672966003418,0.01763463020324707,0.001322384923696518,0.045116037130355835,0.4368326663970947,0.4544672966003418,0.28806743025779724,0.2655094265937805,0.27509990334510803,0.2800233066082001
3,S8,ComHvy,local,local,0,local,local,0,0.5402765870094299,0.5260487794876099,-0.014227807521820068,0.000492907827720046,0.028455600142478943,0.5402765870094299,0.5260487794876099,0.20028389990329742,0.21104773879051208,0.25943952798843384,0.26290348172187805
3,S8,BWHvy,local,local,0,local,local,0,0.4962526559829712,0.5173147916793823,0.021062135696411133,0.0043855588883161545,0.0796557366847992,0.4962526559829712,0.5173147916793823,0.2726082503795624,0.23278038203716278,0.23113912343978882,0.24990485608577728
4,S1,LatCrit,local,local,0,local,local,0,0.5400186777114868,0.5475677251815796,0.0075490474700927734,0.0005253846757113934,0.025160685181617737,0.5400186777114868,0.5475677251815796,0.19415883719921112,0.18157848715782166,0.26582252979278564,0.27085381746292114
4,S1,ComHvy,local,local,0,local,local,0,0.5972499847412109,0.6242119073867798,0.026961922645568848,0.0020340289920568466,0.05392386019229889,0.5972499847412109,0.6242119073867798,0.17533519864082336,0.15437571704387665,0.2274148315191269,0.22141237556934357
4,S1,BWHvy,local,local,0,BS2,BS2,0,0.37804269790649414,0.3719528913497925,-0.00608980655670166,0.0009442232549190521,0.03847634792327881,0.37804269790649414,0.3719528913497925,0.34412693977355957,0.33097854256629944,0.2778303921222687,0.2970685362815857
4,S2,LatCrit,local,local,0,local,local,0,0.4823604226112366,0.512704610824585,0.03034418821334839,0.0035256189294159412,0.06357444822788239,0.4823604226112366,0.512704610824585,0.2153439223766327,0.1835566908121109,0.30229565501213074,0.30373868346214294
4,S2,ComHvy,local,local,0,local,local,0,0.5260874032974243,0.47766339778900146,-0.04842400550842285,0.00811491534113884,0.10867658257484436,0.5260874032974243,0.47766339778900146,0.24902066588401794,0.24310635030269623,0.22489197552204132,0.2792302370071411
4,S2,BWHvy,local,local,0,local,local,0,0.4321686029434204,0.43891680240631104,0.006748199462890625,0.0001873272703960538,0.016410857439041138,0.4321686029434204,0.43891680240631104,0.2608759105205536,0.2526705265045166,0.3069554269313812,0.30841270089149475
4,S3,LatCrit,local,local,0,BS2,BS2,0,0.417674720287323,0.38988882303237915,-0.027785897254943848,0.0019262749701738358,0.05557176470756531,0.417674720287323,0.38988882303237915,0.2768479287624359,0.28002816438674927,0.3054773509502411,0.3300829827785492
4,S3,ComHvy,local,local,0,local,local,0,0.46489793062210083,0.4656384587287903,0.0007405281066894531,0.0001761922612786293,0.01433628797531128,0.46489793062210083,0.4656384587287903,0.2820006012916565,0.2884282171726227,0.2531014680862427,0.24593332409858704
4,S3,BWHvy,local,local,0,local,local,0,0.467586874961853,0.4659571647644043,-0.0016297101974487305,3.570970147848129e-05,0.00713936984539032,0.467586874961853,0.4659571647644043,0.29398757219314575,0.2920476198196411,0.23842553794384003,0.24199524521827698
4,S4,LatCrit,local,local,0,local,local,0,0.5529735088348389,0.5382213592529297,-0.01475214958190918,0.0004928060807287693,0.02950434386730194,0.5529735088348389,0.5382213592529297,0.23397737741470337,0.24529089033603668,0.21304908394813538,0.21648776531219482
4,S4,ComHvy,local,local,0,local,local,0,0.45923036336898804,0.4692295789718628,0.009999215602874756,0.002345047891139984,0.058155909180641174,0.45923036336898804,0.4692295789718628,0.29551854729652405,0.26644057035446167,0.2452511340379715,0.26432985067367554
4,S4,BWHvy,local,local,0,local,local,0,0.6288950443267822,0.6303563117980957,0.0014612674713134766,0.0007196096703410149,0.024488821625709534,0.6288950443267822,0.6303563117980957,0.1968020349740982,0.18455763161182404,0.17430292069911957,0.18508607149124146
4,S5,LatCrit,local,local,0,local,local,0,0.4872969388961792,0.44207149744033813,-0.045225441455841064,0.004126068204641342,0.09045086801052094,0.4872969388961792,0.44207149744033813,0.3102051317691803,0.3385288715362549,0.2024979144334793,0.2193996012210846
4,S5,ComHvy,local,local,0,local,local,0,0.4268478751182556,0.4548393487930298,0.02799147367477417,0.0016301609575748444,0.055982962250709534,0.4268478751182556,0.4548393487930298,0.22115331888198853,0.2136455625295639,0.35199880599975586,0.3315150737762451
4,S5,BWHvy,local,local,0,local,local,0,0.47890955209732056,0.5015630722045898,0.022653520107269287,0.0010853046551346779,0.04530702531337738,0.47890955209732056,0.5015630722045898,0.2357998639345169,0.221829354763031,0.28529059886932373,0.27660760283470154
4,S6,LatCrit,local,local,0,local,local,0,0.5689800977706909,0.6036931276321411,0.034713029861450195,0.004670705646276474,0.06942611932754517,0.5689800977706909,0.6036931276321411,0.24525178968906403,0.24498417973518372,0.18576814234256744,0.15132266283035278
4,S6,ComHvy,local,local,0,local,local,0,0.4919350743293762,0.508172869682312,0.01623779535293579,0.0012619178742170334,0.04560881853103638,0.4919350743293762,0.508172869682312,0.20238061249256134,0.20894722640514374,0.30568429827690125,0.28287988901138306
4,S6,BWHvy,local,local,0,local,local,0,0.5218195915222168,0.48749369382858276,-0.03432589769363403,0.005681216716766357,0.09853637218475342,0.5218195915222168,0.48749369382858276,0.20049609243869781,0.18555380403995514,0.2776843011379242,0.3269524872303009
4,S7,LatCrit,local,local,0,local,local,0,0.5965425968170166,0.574404239654541,-0.022138357162475586,0.002028726041316986,0.054666608572006226,0.5965425968170166,0.574404239654541,0.17734578251838684,0.1721508651971817,0.22611160576343536,0.25344493985176086
4,S7,ComHvy,local,local,0,local,local,0,0.5375173091888428,0.5197083950042725,-0.017808914184570312,0.001172153977677226,0.040618374943733215,0.5375173091888428,0.5197083950042725,0.22718670964241028,0.2474958896636963,0.23529601097106934,0.23279573023319244
4,S7,BWHvy,local,local,0,local,local,0,0.5369133949279785,0.547217071056366,0.010303676128387451,0.0004718182608485222,0.022686898708343506,0.5369133949279785,0.547217071056366,0.2826784551143646,0.2837182283401489,0.18040817975997925,0.1690647304058075
4,S8,LatCrit,local,local,0,local,local,0,0.5421142578125,0.5491827130317688,0.007068455219268799,0.0003497898578643799,0.0215226411819458,0.5421142578125,0.5491827130317688,0.240953728556633,0.2446466088294983,0.2169319987297058,0.2061706930398941
4,S8,ComHvy,local,local,0,local,local,0,0.5302302837371826,0.5318401455879211,0.0016098618507385254,0.0007123267278075218,0.027230650186538696,0.5302302837371826,0.5318401455879211,0.23088669776916504,0.21727140247821808,0.23888297379016876,0.250888466835022
4,S8,BWHvy,local,local,0,local,local,0,0.46046721935272217,0.4959350824356079,0.03546786308288574,0.0027651889249682426,0.07093572616577148,0.46046721935272217,0.4959350824356079,0.24812479317188263,0.22424091398715973,0.2914080023765564,0.27982401847839355
5,S1,LatCrit,local,local,0,local,local,0,0.5689854025840759,0.5676923990249634,-0.0012930035591125488,2.5064684450626373e-05,0.00579872727394104,0.5689854025840759,0.5676923990249634,0.16514398157596588,0.1635376363992691,0.2658706307411194,0.2687700092792511
5,S1,ComHvy,local,local,0,local,local,0,0.540752649307251,0.5633506774902344,0.0225980281829834,0.0016922422219067812,0.05093669891357422,0.540752649307251,0.5633506774902344,0.2852984666824341,0.2598300874233246,0.17394892871379852,0.17681922018527985
5,S1,BWHvy,local,local,0,local,local,0,0.4477583169937134,0.4546546936035156,0.006896376609802246,0.00024876929819583893,0.019037753343582153,0.4477583169937134,0.4546546936035156,0.30083706974983215,0.3034595847129822,0.2514045834541321,0.2418857216835022
5,S2,LatCrit,local,local,0,local,local,0,0.3654642701148987,0.36573249101638794,0.0002682209014892578,4.815869033336639e-06,0.002643197774887085,0.3654642701148987,0.36573249101638794,0.34983140230178833,0.3508847653865814,0.284704327583313,0.28338271379470825
5,S2,ComHvy,local,local,0,local,local,0,0.5696414709091187,0.5239927768707275,-0.04564869403839111,0.004385033622384071,0.09129743278026581,0.5696414709091187,0.5239927768707275,0.28978607058525085,0.3138492703437805,0.1405724287033081,0.16215796768665314
5,S2,BWHvy,BS1,BS1,0,local,local,0,0.384833961725235,0.3875223398208618,0.002688378095626831,5.666143260896206e-05,0.010243013501167297,0.38271743059158325,0.3775959014892578,0.384833961725235,0.3875223398208618,0.23244865238666534,0.23488175868988037
5,S3,LatCrit,local,local,0,BS1,BS1,0,0.44931238889694214,0.4159342050552368,-0.03337818384170532,0.0034443549811840057,0.06828242540359497,0.44931238889694214,0.4159342050552368,0.3006815016269684,0.2999184727668762,0.2500061094760895,0.28414732217788696
5,S3,ComHvy,local,local,0,local,local,0,0.43386363983154297,0.43327605724334717,-0.0005875825881958008,9.790412150323391e-06,0.003451719880104065,0.43386363983154297,0.43327605724334717,0.19350934028625488,0.1952352076768875,0.37262699007987976,0.3714887201786041
5,S3,BWHvy,local,local,0,local,local,0,0.5378544330596924,0.533929705619812,-0.003924727439880371,0.0010645333677530289,0.03445465862751007,0.5378544330596924,0.533929705619812,0.26154500246047974,0.24824240803718567,0.20060057938098907,0.2178279161453247
5,S4,LatCrit,local,local,0,local,local,0,0.5812798738479614,0.5473577976226807,-0.03392207622528076,0.0023344475775957108,0.06784415245056152,0.5812798738479614,0.5473577976226807,0.18816861510276794,0.20315127074718475,0.23055152595043182,0.24949094653129578
5,S4,ComHvy,local,local,0,local,local,0,0.4594091773033142,0.4534345865249634,-0.00597459077835083,0.0009836070239543915,0.03539247810840607,0.4594091773033142,0.4534345865249634,0.34004533290863037,0.32832372188568115,0.20054545998573303,0.21824173629283905
5,S4,BWHvy,local,local,0,local,local,0,0.5400956869125366,0.551681637763977,0.01158595085144043,0.0003316833171993494,0.023171916604042053,0.5400956869125366,0.551681637763977,0.23200316727161407,0.22251543402671814,0.22790111601352692,0.22580288350582123
5,S5,LatCrit,local,local,0,local,local,0,0.44971734285354614,0.42926496267318726,-0.020452380180358887,0.0019063735380768776,0.05983524024486542,0.44971734285354614,0.42926496267318726,0.3573123514652252,0.3872299790382385,0.19297029078006744,0.18350505828857422
5,S5,ComHvy,local,local,0,local,local,0,0.5204802751541138,0.5557935237884521,0.03531324863433838,0.0027236230671405792,0.07062654197216034,0.5204802751541138,0.5557935237884521,0.20026585459709167,0.19201071560382843,0.27925387024879456,0.25219571590423584
5,S5,BWHvy,local,local,0,local,local,0,0.4218190908432007,0.4099732041358948,-0.011845886707305908,0.00037355534732341766,0.02369178831577301,0.4218190908432007,0.4099732041358948,0.34128493070602417,0.34331169724464417,0.23689597845077515,0.24671511352062225
5,S6,LatCrit,local,local,0,local,local,0,0.5237143039703369,0.5428286790847778,0.019114375114440918,0.0029128268361091614,0.06241317093372345,0.5237143039703369,0.5428286790847778,0.2416134476661682,0.2537056803703308,0.23467223346233368,0.20346567034721375
5,S6,ComHvy,local,local,0,local,local,0,0.478798508644104,0.48730164766311646,0.008503139019012451,0.002053210511803627,0.05333410203456879,0.478798508644104,0.48730164766311646,0.22780445218086243,0.24596835672855377,0.29339706897735596,0.26673001050949097
5,S6,BWHvy,local,local,0,local,local,0,0.5293328762054443,0.4828493595123291,-0.046483516693115234,0.00443141907453537,0.09296698868274689,0.5293328762054443,0.4828493595123291,0.1977674663066864,0.21184901893138885,0.27289968729019165,0.30530160665512085
5,S7,LatCrit,local,local,0,local,local,0,0.5647786259651184,0.5212563276290894,-0.04352229833602905,0.004008766263723373,0.0870445966720581,0.5647786259651184,0.5212563276290894,0.19955874979496002,0.21230973303318024,0.23566263914108276,0.2664339542388916
5,S7,ComHvy,local,local,0,local,local,0,0.5498228669166565,0.5635433197021484,0.013720452785491943,0.0003820965066552162,0.027440950274467468,0.5498228669166565,0.5635433197021484,0.17504137754440308,0.16992489993572235,0.27513575553894043,0.26653173565864563
5,S7,BWHvy,local,local,0,local,local,0,0.6031213998794556,0.6334105730056763,0.030289173126220703,0.0019616708159446716,0.06057831645011902,0.6031213998794556,0.6334105730056763,0.2237197905778885,0.20776069164276123,0.17315876483917236,0.1588287204504013
5,S8,LatCrit,local,local,0,BS1,local,1,0.5262449979782104,0.5559959411621094,0.029750943183898926,0.002555595710873604,0.05950196087360382,0.5262449979782104,0.5559959411621094,0.2876492142677307,0.28183355927467346,0.1861058473587036,0.16217048466205597
5,S8,ComHvy,local,local,0,local,local,0,0.5367406606674194,0.5571945905685425,0.020453929901123047,0.0008460218086838722,0.04090791940689087,0.5367406606674194,0.5571945905685425,0.28256118297576904,0.27042078971862793,0.1806981861591339,0.1723845899105072
5,S8,BWHvy,local,local,0,local,local,0,0.41218048334121704,0.4367913007736206,0.024610817432403564,0.0013667428866028786,0.04922166466712952,0.41218048334121704,0.4367913007736206,0.2070954144001007,0.19279330968856812,0.38072413206100464,0.3704153895378113
6,S1,LatCrit,local,local,0,local,local,0,0.5729851722717285,0.5365778207778931,-0.03640735149383545,0.0026799123734235764,0.07281465828418732,0.5729851722717285,0.5365778207778931,0.17887356877326965,0.19491904973983765,0.2481413036584854,0.2685031294822693
6,S1,ComHvy,local,local,0,local,local,0,0.4949842691421509,0.5454424023628235,0.05045813322067261,0.005135862156748772,0.10091628134250641,0.4949842691421509,0.5454424023628235,0.266028493642807,0.24166685342788696,0.23898723721504211,0.21289072930812836
6,S1,BWHvy,BS2,local,1,BS2,BS1,1,0.35512080788612366,0.3596569299697876,0.00453612208366394,0.003257177770137787,0.07581111788749695,0.3383777141571045,0.3596569299697876,0.30650150775909424,0.3231278359889984,0.35512080788612366,0.317215234041214
6,S2,LatCrit,local,local,0,BS1,BS1,0,0.5179280638694763,0.5443394184112549,0.026411354541778564,0.0016193026676774025,0.052822671830654144,0.5179280638694763,0.5443394184112549,0.3720889687538147,0.3573642373085022,0.10998295992612839,0.09829637408256531
6,S2,ComHvy,local,local,0,local,local,0,0.5566085577011108,0.518195629119873,-0.03841292858123779,0.0045570507645606995,0.07682588696479797,0.5566085577011108,0.518195629119873,0.2811289429664612,0.2855328619480133,0.16226249933242798,0.19627153873443604
6,S2,BWHvy,local,local,0,BS1,BS1,0,0.4246708154678345,0.4044231176376343,-0.020247697830200195,0.0015080999583005905,0.046075522899627686,0.4246708154678345,0.4044231176376343,0.3245314061641693,0.32174134254455566,0.25079774856567383,0.27383551001548767
6,S3,LatCrit,local,local,0,local,local,0,0.4544181227684021,0.44707590341567993,-0.007342219352722168,0.0027644075453281403,0.0613793283700943,0.4544181227684021,0.44707590341567993,0.21679937839508057,0.193451926112175,0.32878249883651733,0.3594721555709839
6,S3,ComHvy,local,local,0,local,local,0,0.5222697257995605,0.5369523763656616,0.014682650566101074,0.0004883892834186554,0.029365375638008118,0.5222697257995605,0.5369523763656616,0.22970739006996155,0.22617095708847046,0.2480229288339615,0.23687663674354553
6,S3,BWHvy,local,local,0,local,local,0,0.5127851963043213,0.5444296598434448,0.031644463539123535,0.003474060446023941,0.0663592666387558,0.5127851963043213,0.5444296598434448,0.24736328423023224,0.248898446559906,0.23985154926776886,0.20667190849781036
6,S4,LatCrit,local,local,0,local,local,0,0.5547391772270203,0.5774679183959961,0.02272874116897583,0.0010777581483125687,0.045457467436790466,0.5547391772270203,0.5774679183959961,0.20501530170440674,0.19237194955348969,0.24024555087089539,0.2301601767539978
6,S4,ComHvy,local,local,0,BS1,BS1,0,0.4853607416152954,0.47930264472961426,-0.006058096885681152,0.0005182232707738876,0.02832178771495819,0.4853607416152954,0.47930264472961426,0.3373141586780548,0.3514750599861145,0.1773250848054886,0.16922229528427124
6,S4,BWHvy,local,local,0,local,local,0,0.5999094247817993,0.5487879514694214,-0.05112147331237793,0.006504368036985397,0.10224296152591705,0.5999094247817993,0.5487879514694214,0.1943078339099884,0.20185203850269318,0.2057827264070511,0.24936001002788544
6,S5,LatCrit,local,local,0,BS1,BS1,0,0.4425421953201294,0.452242910861969,0.0097007155418396,0.0007127430289983749,0.027897655963897705,0.4425421953201294,0.452242910861969,0.38164058327674866,0.3858886957168579,0.17581722140312195,0.1618683934211731
6,S5,ComHvy,local,local,0,local,local,0,0.5939750671386719,0.5958999395370483,0.0019248723983764648,0.000700041651725769,0.02409539371728897,0.5939750671386719,0.5958999395370483,0.10802304744720459,0.11814586073160172,0.29800188541412354,0.28595417737960815
6,S5,BWHvy,local,local,0,BS1,local,1,0.45286792516708374,0.48102617263793945,0.028158247470855713,0.0028450749814510345,0.05639761686325073,0.45286792516708374,0.48102617263793945,0.32975730299949646,0.3297978639602661,0.2173747718334198,0.18917596340179443
6,S6,LatCrit,local,local,0,local,local,0,0.41732609272003174,0.4093080163002014,-0.008018076419830322,0.000196527034859173,0.016429126262664795,0.41732609272003174,0.4093080163002014,0.2794243395328522,0.28763890266418457,0.3032495677471161,0.303053081035614
6,S6,ComHvy,local,local,0,local,local,0,0.5073122382164001,0.5099717378616333,0.0026594996452331543,0.0004623411223292351,0.02362033724784851,0.5073122382164001,0.5099717378616333,0.17683352530002594,0.18598417937755585,0.3158542215824127,0.30404403805732727
6,S6,BWHvy,local,local,0,local,local,0,0.42165952920913696,0.40990447998046875,-0.011755049228668213,0.0003053564578294754,0.023510143160820007,0.42165952920913696,0.40990447998046875,0.17476031184196472,0.18060292303562164,0.4035801291465759,0.4094926118850708
6,S7,LatCrit,local,local,0,local,local,0,0.5528985261917114,0.538053035736084,-0.014845490455627441,0.000988820567727089,0.039152324199676514,0.5528985261917114,0.538053035736084,0.19692707061767578,0.19219639897346497,0.2501744329929352,0.26975059509277344
6,S7,ComHvy,local,local,0,local,local,0,0.5557433366775513,0.6000145673751831,0.044271230697631836,0.004592526704072952,0.08854249119758606,0.5557433366775513,0.6000145673751831,0.15434005856513977,0.14855962991714478,0.28991663455963135,0.2514258027076721
6,S7,BWHvy,local,local,0,local,local,0,0.535068154335022,0.6000691056251526,0.06500095129013062,0.009250067174434662,0.13000191748142242,0.535068154335022,0.6000691056251526,0.2887219786643982,0.25794240832328796,0.17620986700057983,0.14198847115039825
6,S8,LatCrit,local,local,0,local,local,0,0.6205500960350037,0.6336871385574341,0.01313704252243042,0.004355967044830322,0.06148338317871094,0.6205500960350037,0.6336871385574341,0.22610211372375488,0.24370674788951874,0.15334780514240265,0.12260609865188599
6,S8,ComHvy,local,local,0,local,local,0,0.6635810136795044,0.6772397756576538,0.013658761978149414,0.0006921268068253994,0.02936452627182007,0.6635810136795044,0.6772397756576538,0.2060059905052185,0.19132372736930847,0.1304129809141159,0.13143648207187653
6,S8,BWHvy,local,local,0,local,local,0,0.3940998911857605,0.4318133592605591,0.037713468074798584,0.003151196986436844,0.07542696595191956,0.3940998911857605,0.4318133592605591,0.2799968421459198,0.2703718841075897,0.3259032964706421,0.2978147566318512
7,S1,LatCrit,local,local,0,local,local,0,0.5440652370452881,0.5007630586624146,-0.043302178382873535,0.004337146878242493,0.08660441637039185,0.5440652370452881,0.5007630586624146,0.15638227760791779,0.18333496153354645,0.29955247044563293,0.3159020245075226
7,S1,ComHvy,local,local,0,local,local,0,0.5252846479415894,0.5573488473892212,0.032064199447631836,0.002075526863336563,0.06412841379642487,0.5252846479415894,0.5573488473892212,0.2187395691871643,0.20436304807662964,0.2559758126735687,0.23828811943531036
7,S1,BWHvy,BS1,BS1,0,local,local,0,0.38583213090896606,0.37611132860183716,-0.009720802307128906,0.0010308539494872093,0.042730629444122314,0.33207452297210693,0.3534398674964905,0.38583213090896606,0.37611132860183716,0.2820933163166046,0.27044883370399475
7,S2,LatCrit,local,local,0,local,local,0,0.5198414325714111,0.5745580196380615,0.05471658706665039,0.006157860159873962,0.10943315923213959,0.5198414325714111,0.5745580196380615,0.372432142496109,0.3333769142627716,0.10772640258073807,0.09206505864858627
7,S2,ComHvy,local,local,0,local,local,0,0.5494705438613892,0.5194900631904602,-0.029980480670928955,0.0043118856847286224,0.07532523572444916,0.5494705438613892,0.5194900631904602,0.2634647488594055,0.2557826042175293,0.18706472218036652,0.2247273325920105
7,S2,BWHvy,local,local,0,local,local,0,0.39713168144226074,0.39467889070510864,-0.0024527907371520996,3.386312164366245e-05,0.007492959499359131,0.39713168144226074,0.39467889070510864,0.306632936000824,0.3053392469882965,0.2962353825569153,0.29998186230659485
7,S3,LatCrit,local,local,0,local,local,0,0.398995578289032,0.40602636337280273,0.007030785083770752,0.0008484581485390663,0.03279222548007965,0.398995578289032,0.40602636337280273,0.20952551066875458,0.19312942028045654,0.39147889614105225,0.4008442461490631
7,S3,ComHvy,local,local,0,BS2,BS2,0,0.4656166434288025,0.49713045358657837,0.03151381015777588,0.002579275518655777,0.06302757561206818,0.4656166434288025,0.49713045358657837,0.27763062715530396,0.2730555832386017,0.25675269961357117,0.22981397807598114
7,S3,BWHvy,local,local,0,local,local,0,0.6054325103759766,0.6132737398147583,0.007841229438781738,0.000283106230199337,0.019282266497612,0.6054325103759766,0.6132737398147583,0.1804252564907074,0.18222513794898987,0.21414227783679962,0.20450112223625183
7,S4,LatCrit,local,local,0,local,local,0,0.5579618811607361,0.5484802722930908,-0.009481608867645264,0.00046389829367399216,0.02624356746673584,0.5579618811607361,0.5484802722930908,0.20449528098106384,0.2008551061153412,0.23754283785820007,0.250664621591568
7,S4,ComHvy,local,local,0,local,local,0,0.45374107360839844,0.44204771518707275,-0.011693358421325684,0.0004242798313498497,0.023386716842651367,0.45374107360839844,0.44204771518707275,0.30840417742729187,0.30856361985206604,0.2378547191619873,0.24938863515853882
7,S4,BWHvy,local,local,0,local,local,0,0.5603047609329224,0.517221987247467,-0.04308277368545532,0.00401078537106514,0.08616554737091064,0.5603047609329224,0.517221987247467,0.21297556161880493,0.225210502743721,0.2267196923494339,0.25756752490997314
7,S5,LatCrit,local,local,0,BS2,BS2,0,0.42267119884490967,0.42792022228240967,0.0052490234375,0.00022014370188117027,0.019639238715171814,0.42267119884490967,0.42792022228240967,0.34064310789108276,0.33082351088523865,0.23668567836284637,0.24125629663467407
7,S5,ComHvy,local,local,0,local,local,0,0.49602168798446655,0.48975813388824463,-0.006263554096221924,0.00042422767728567123,0.019139021635055542,0.49602168798446655,0.48975813388824463,0.11737477779388428,0.12694430351257324,0.38660353422164917,0.3832975924015045
7,S5,BWHvy,local,local,0,BS1,BS1,0,0.49471956491470337,0.48002684116363525,-0.014692723751068115,0.00044939247891306877,0.02938540279865265,0.49471956491470337,0.48002684116363525,0.2945792078971863,0.3052559792995453,0.21070124208927155,0.21471714973449707
7,S6,LatCrit,local,local,0,local,local,0,0.5438138246536255,0.513510525226593,-0.03030329942703247,0.0026427721604704857,0.062410056591033936,0.5438138246536255,0.513510525226593,0.25544366240501404,0.2866487205028534,0.20074248313903809,0.19984078407287598
7,S6,ComHvy,local,local,0,local,local,0,0.5222179293632507,0.5208389163017273,-0.0013790130615234375,0.0004695635288953781,0.022479742765426636,0.5222179293632507,0.5208389163017273,0.21233084797859192,0.20247000455856323,0.26545122265815735,0.27669110894203186
7,S6,BWHvy,local,local,0,local,local,0,0.5050349235534668,0.4701271057128906,-0.03490781784057617,0.004678472876548767,0.08875128626823425,0.5050349235534668,0.4701271057128906,0.21652071177959442,0.20705290138721466,0.2784443199634552,0.3228199779987335
7,S7,LatCrit,local,local,0,local,BS2,1,0.49492812156677246,0.4744647145271301,-0.020463407039642334,0.002682402729988098,0.06511610746383667,0.49492812156677246,0.4744647145271301,0.2548965811729431,0.2428019642829895,0.25017526745796204,0.28273335099220276
7,S7,ComHvy,local,local,0,local,local,0,0.6461531519889832,0.6447775959968567,-0.0013755559921264648,0.0008359663188457489,0.024972036480903625,0.6461531519889832,0.6447775959968567,0.13566051423549652,0.14814652502536774,0.21818634867668152,0.20707587897777557
7,S7,BWHvy,local,local,0,local,local,0,0.6502804756164551,0.6729133129119873,0.022632837295532227,0.0024608243256807327,0.045265644788742065,0.6502804756164551,0.6729133129119873,0.24351033568382263,0.24042925238609314,0.10620913654565811,0.08665741235017776
7,S8,LatCrit,local,local,0,local,local,0,0.6036027669906616,0.6144693493843079,0.01086658239364624,0.011513177305459976,0.09402074664831161,0.6036027669906616,0.6144693493843079,0.2405952364206314,0.2767390310764313,0.15580201148986816,0.10879164189100266
7,S8,ComHvy,local,local,0,local,local,0,0.5730798840522766,0.6074917316436768,0.034411847591400146,0.002556079998612404,0.0688236802816391,0.5730798840522766,0.6074917316436768,0.23548507690429688,0.22064293920993805,0.19143502414226532,0.1718653291463852
7,S8,BWHvy,BS2,BS2,0,BS2,local,1,0.443215548992157,0.40963199734687805,-0.03358355164527893,0.0028360262513160706,0.06721338629722595,0.3553515672683716,0.38895827531814575,0.20143286883831024,0.2014097422361374,0.443215548992157,0.40963199734687805
8,S1,LatCrit,local,local,0,local,local,0,0.5594482421875,0.520990252494812,-0.03845798969268799,0.003005199134349823,0.07691596448421478,0.5594482421875,0.520990252494812,0.14402610063552856,0.1538773626089096,0.29652562737464905,0.3251323401927948
8,S1,ComHvy,local,local,0,local,local,0,0.5481529235839844,0.5893707275390625,0.041217803955078125,0.004383050370961428,0.08243554830551147,0.5481529235839844,0.5893707275390625,0.22685644030570984,0.1931842416524887,0.2249906063079834,0.21744506061077118
8,S1,BWHvy,BS1,BS1,0,BS1,BS1,0,0.3838247060775757,0.412996381521225,0.029171675443649292,0.00201541930437088,0.05834333598613739,0.34613412618637085,0.33797192573547363,0.3838247060775757,0.412996381521225,0.27004116773605347,0.24903170764446259
8,S2,LatCrit,local,local,0,local,local,0,0.4597606658935547,0.49201565980911255,0.03225499391555786,0.0021528201177716255,0.0645100474357605,0.4597606658935547,0.49201565980911255,0.41715070605278015,0.3888258934020996,0.12308865785598755,0.11915841698646545
8,S2,ComHvy,local,local,0,local,local,0,0.5550849437713623,0.5348181128501892,-0.020266830921173096,0.0022214483469724655,0.058011606335639954,0.5550849437713623,0.5348181128501892,0.2098957747220993,0.20115680992603302,0.2350192815065384,0.26402509212493896
8,S2,BWHvy,local,local,0,local,local,0,0.384899377822876,0.4018397927284241,0.016940414905548096,0.0009891833178699017,0.037939369678497314,0.384899377822876,0.4018397927284241,0.302743524312973,0.283773809671402,0.312357097864151,0.3143863379955292
8,S3,LatCrit,local,local,0,BS1,local,1,0.5422978401184082,0.5586011409759521,0.016303300857543945,0.0006362553685903549,0.03260664641857147,0.5422978401184082,0.5586011409759521,0.21772046387195587,0.21454067528247833,0.23998169600963593,0.22685813903808594
8,S3,ComHvy,local,local,0,local,local,0,0.5493202805519104,0.57914137840271,0.02982109785079956,0.002016410231590271,0.05964216589927673,0.5493202805519104,0.57914137840271,0.2344740629196167,0.22525963187217712,0.2162056267261505,0.19559898972511292
8,S3,BWHvy,local,local,0,local,local,0,0.5811541080474854,0.5956254005432129,0.014471292495727539,0.0020801611244678497,0.052229732275009155,0.5811541080474854,0.5956254005432129,0.18013592064380646,0.1917794793844223,0.238709956407547,0.21259507536888123
8,S4,LatCrit,local,local,0,local,local,0,0.5674419403076172,0.5514229536056519,-0.016018986701965332,0.001511353999376297,0.04805588722229004,0.5674419403076172,0.5514229536056519,0.18707488477230072,0.17906594276428223,0.2454831451177597,0.2695111036300659
8,S4,ComHvy,local,local,0,local,local,0,0.41525667905807495,0.40643781423568726,-0.008818864822387695,0.0007713334634900093,0.03199151158332825,0.41525667905807495,0.40643781423568726,0.38513633608818054,0.3779594600200653,0.1996069699525833,0.21560274064540863
8,S4,BWHvy,local,local,0,local,local,0,0.514758825302124,0.4758875370025635,-0.03887128829956055,0.003157772123813629,0.07774262130260468,0.514758825302124,0.4758875370025635,0.2468968629837036,0.27281394600868225,0.23834426701068878,0.2512985169887543
8,S5,LatCrit,local,local,0,local,local,0,0.4219313859939575,0.44651174545288086,0.02458035945892334,0.003573242574930191,0.07375764846801758,0.4219313859939575,0.44651174545288086,0.28299036622047424,0.24611154198646545,0.29507824778556824,0.3073767125606537
8,S5,ComHvy,local,local,0,local,local,0,0.5444594621658325,0.5162978768348694,-0.028161585330963135,0.0024657249450683594,0.06535358726978302,0.5444594621658325,0.5162978768348694,0.15215688943862915,0.1476416438817978,0.3033837080001831,0.33606046438217163
8,S5,BWHvy,local,local,0,local,local,0,0.48773735761642456,0.5001848340034485,0.012447476387023926,0.00043856166303157806,0.024894937872886658,0.48773735761642456,0.5001848340034485,0.30786827206611633,0.30585557222366333,0.2043943554162979,0.19395959377288818
8,S6,LatCrit,local,local,0,BS1,BS1,0,0.42934131622314453,0.4091622233390808,-0.02017909288406372,0.0009460635483264923,0.040358200669288635,0.42934131622314453,0.4091622233390808,0.22273649275302887,0.22502624988555908,0.3479221761226654,0.3658115267753601
8,S6,ComHvy,local,local,0,local,local,0,0.542141318321228,0.5529749393463135,0.01083362102508545,0.0004023707297164947,0.02166728675365448,0.542141318321228,0.5529749393463135,0.2056596279144287,0.19483007490634918,0.25219908356666565,0.25219497084617615
8,S6,BWHvy,local,local,0,local,local,0,0.4679145812988281,0.4331796169281006,-0.03473496437072754,0.0029535703361034393,0.06946989893913269,0.4679145812988281,0.4331796169281006,0.2025802582502365,0.20384611189365387,0.32950517535209656,0.36297425627708435
8,S7,LatCrit,local,local,0,local,local,0,0.600161075592041,0.5616865754127502,-0.03847450017929077,0.003172498196363449,0.07694900035858154,0.600161075592041,0.5616865754127502,0.20055098831653595,0.2139766961336136,0.19928793609142303,0.22433672845363617
8,S7,ComHvy,local,local,0,local,local,0,0.5405426025390625,0.5510731935501099,0.010530591011047363,0.00046820403076708317,0.023388952016830444,0.5405426025390625,0.5510731935501099,0.19550511240959167,0.18381065130233765,0.2639522850513458,0.2651161849498749
8,S7,BWHvy,local,local,0,local,local,0,0.5774133801460266,0.5907138586044312,0.013300478458404541,0.0014252550899982452,0.038413941860198975,0.5774133801460266,0.5907138586044312,0.25689229369163513,0.2627987861633301,0.16569435596466064,0.14648738503456116
8,S8,LatCrit,local,local,0,local,local,0,0.5721101760864258,0.5819374322891235,0.009827256202697754,0.0018188171088695526,0.046102240681648254,0.5721101760864258,0.5819374322891235,0.21472950279712677,0.22795338928699493,0.21316029131412506,0.19010919332504272
8,S8,ComHvy,local,local,0,local,local,0,0.49503129720687866,0.5225870609283447,0.027555763721466064,0.0015595648437738419,0.055111512541770935,0.49503129720687866,0.5225870609283447,0.24951213598251343,0.23290759325027466,0.2554565668106079,0.2445053607225418
8,S8,BWHvy,local,local,0,BS1,BS1,0,0.36662065982818604,0.38017117977142334,0.013550519943237305,0.004561927169561386,0.08549919724464417,0.36662065982818604,0.38017117977142334,0.2967716157436371,0.32597067952156067,0.33660778403282166,0.2938581705093384
9,S1,LatCrit,local,local,0,local,local,0,0.5417858362197876,0.5248178243637085,-0.0169680118560791,0.0005918629467487335,0.03393600881099701,0.5417858362197876,0.5248178243637085,0.15843604505062103,0.166061669588089,0.29977816343307495,0.3091205358505249
9,S1,ComHvy,local,local,0,local,local,0,0.42365097999572754,0.4806826114654541,0.05703163146972656,0.006721539422869682,0.1140633076429367,0.42365097999572754,0.4806826114654541,0.31357404589653015,0.2762002944946289,0.2627750039100647,0.2431170791387558
9,S1,BWHvy,local,local,0,local,local,0,0.44845134019851685,0.4345117211341858,-0.013939619064331055,0.001676224172115326,0.05218905210494995,0.44845134019851685,0.4345117211341858,0.27012282609939575,0.2962173521518707,0.2814258337020874,0.2692709267139435
9,S2,LatCrit,local,local,0,local,local,0,0.42779290676116943,0.4714607000350952,0.04366779327392578,0.005094941705465317,0.08733555674552917,0.42779290676116943,0.4714607000350952,0.2985958755016327,0.29321426153182983,0.2736112177371979,0.23532506823539734
9,S2,ComHvy,local,local,0,local,local,0,0.5573878288269043,0.500696063041687,-0.056691765785217285,0.007841814309358597,0.11338357627391815,0.5573878288269043,0.500696063041687,0.26821237802505493,0.28297245502471924,0.17439980804920197,0.21633154153823853
9,S2,BWHvy,local,local,0,local,local,0,0.4007915258407593,0.43187767267227173,0.03108614683151245,0.0026491309981793165,0.06344670057296753,0.4007915258407593,0.43187767267227173,0.35637232661247253,0.32464900612831116,0.2428361177444458,0.2434733510017395
9,S3,LatCrit,local,local,0,local,local,0,0.4308663010597229,0.43910765647888184,0.008241355419158936,0.0004147309809923172,0.02620503306388855,0.4308663010597229,0.43910765647888184,0.30142492055892944,0.28832241892814636,0.26770874857902527,0.2725699245929718
9,S3,ComHvy,local,local,0,local,local,0,0.5509624481201172,0.5779668688774109,0.0270044207572937,0.0017598401755094528,0.05400879681110382,0.5509624481201172,0.5779668688774109,0.22241093218326569,0.21639113128185272,0.22662658989429474,0.20564201474189758
9,S3,BWHvy,local,local,0,local,local,0,0.5184313058853149,0.5265517234802246,0.008120417594909668,0.0002676186850294471,0.019193604588508606,0.5184313058853149,0.5265517234802246,0.2363024801015854,0.22670570015907288,0.24526619911193848,0.2467426061630249
9,S4,LatCrit,local,local,0,local,local,0,0.5259914398193359,0.49671638011932373,-0.029275059700012207,0.003925461322069168,0.0775558352470398,0.5259914398193359,0.49671638011932373,0.23892593383789062,0.22942306101322174,0.23508267104625702,0.2738605737686157
9,S4,ComHvy,local,local,0,local,BS1,1,0.4513093829154968,0.43692147731781006,-0.014387905597686768,0.00044240802526474,0.028775781393051147,0.4513093829154968,0.43692147731781006,0.29113131761550903,0.29621291160583496,0.25755929946899414,0.2668655812740326
9,S4,BWHvy,local,local,0,local,local,0,0.5034811496734619,0.49325650930404663,-0.010224640369415283,0.0003270283341407776,0.020449355244636536,0.5034811496734619,0.49325650930404663,0.311990350484848,0.31305649876594543,0.18452845513820648,0.19368702173233032
9,S5,LatCrit,local,local,0,BS2,BS2,0,0.39421963691711426,0.3896697163581848,-0.004549920558929443,6.176329043228179e-05,0.009474247694015503,0.39421963691711426,0.3896697163581848,0.31567955017089844,0.320416659116745,0.2901008427143097,0.2899136245250702
9,S5,ComHvy,local,local,0,local,local,0,0.49681752920150757,0.5173643827438354,0.02054685354232788,0.0013230517506599426,0.042396336793899536,0.49681752920150757,0.5173643827438354,0.2416827231645584,0.2423340231180191,0.2614997625350952,0.24030157923698425
9,S5,BWHvy,local,local,0,BS1,BS1,0,0.43313562870025635,0.43528610467910767,0.0021504759788513184,1.2899443390779197e-05,0.004582449793815613,0.43313562870025635,0.43528610467910767,0.3469681143760681,0.3446769118309021,0.21989622712135315,0.22003699839115143
9,S6,LatCrit,local,local,0,local,local,0,0.45526331663131714,0.47383517026901245,0.018571853637695312,0.0007423665374517441,0.03714372217655182,0.45526331663131714,0.47383517026901245,0.3397306799888611,0.331579327583313,0.20500600337982178,0.19458548724651337
9,S6,ComHvy,local,local,0,local,local,0,0.48749375343322754,0.5127534866333008,0.025259733200073242,0.0017496810760349035,0.0505194216966629,0.48749375343322754,0.5127534866333008,0.23109623789787292,0.20932041108608246,0.28140997886657715,0.27792611718177795
9,S6,BWHvy,local,local,0,local,local,0,0.5438970923423767,0.4856259822845459,-0.05827111005783081,0.007529024034738541,0.11654222011566162,0.5438970923423767,0.4856259822845459,0.1781459003686905,0.18681804835796356,0.2779570519924164,0.3275560140609741
9,S7,LatCrit,local,local,0,BS2,BS2,0,0.5021058320999146,0.4596744775772095,-0.04243135452270508,0.003963403403759003,0.08486275374889374,0.5021058320999146,0.4596744775772095,0.22733129560947418,0.25683245062828064,0.2705628573894501,0.2834931015968323
9,S7,ComHvy,local,local,0,local,local,0,0.5000084638595581,0.5424657464027405,0.04245728254318237,0.004075920209288597,0.08491456508636475,0.5000084638595581,0.5424657464027405,0.17578881978988647,0.15160194039344788,0.3242027163505554,0.30593231320381165
9,S7,BWHvy,local,local,0,local,local,0,0.5161508917808533,0.5242952108383179,0.0081443190574646,0.0010380037128925323,0.03857120871543884,0.5161508917808533,0.5242952108383179,0.2966437339782715,0.27735811471939087,0.18720537424087524,0.19834664463996887
9,S8,LatCrit,local,local,0,local,local,0,0.6303746700286865,0.6188774108886719,-0.011497259140014648,0.0023584403097629547,0.05227913707494736,0.6303746700286865,0.6188774108886719,0.24937792122364044,0.2755175232887268,0.12024738639593124,0.1056051105260849
9,S8,ComHvy,local,local,0,local,local,0,0.5490525960922241,0.5795416831970215,0.030489087104797363,0.0023892801254987717,0.06097814440727234,0.5490525960922241,0.5795416831970215,0.23464782536029816,0.2285897135734558,0.21629957854747772,0.1918686330318451
9,S8,BWHvy,local,local,0,BS2,BS2,0,0.4040833115577698,0.4016960859298706,-0.00238722562789917,0.0005949828773736954,0.028225883841514587,0.4040833115577698,0.4016960859298706,0.24939487874507904,0.26350781321525574,0.3465218245983124,0.33479610085487366
10,S1,LatCrit,local,local,0,local,BS2,1,0.49772071838378906,0.4562896490097046,-0.04143106937408447,0.003775288350880146,0.08286210894584656,0.49772071838378906,0.4562896490097046,0.19818738102912903,0.2241930067539215,0.3040919303894043,0.3195173442363739
10,S1,ComHvy,local,local,0,local,local,0,0.4766532778739929,0.5590966939926147,0.08244341611862183,0.013834711164236069,0.16488684713840485,0.4766532778739929,0.5590966939926147,0.29642724990844727,0.24422675371170044,0.22691947221755981,0.19667653739452362
10,S1,BWHvy,BS1,BS1,0,local,BS1,1,0.381570428609848,0.40740343928337097,0.02583301067352295,0.0013959277421236038,0.051666051149368286,0.3775843381881714,0.36077797412872314,0.381570428609848,0.40740343928337097,0.2408452332019806,0.2318185567855835
10,S2,LatCrit,local,local,0,local,local,0,0.47370994091033936,0.5118494033813477,0.0381394624710083,0.0036208592355251312,0.07627895474433899,0.47370994091033936,0.5118494033813477,0.3093372583389282,0.29932156205177307,0.21695281565189362,0.18882901966571808
10,S2,ComHvy,local,local,0,local,local,0,0.5627633333206177,0.5060930848121643,-0.05667024850845337,0.006477665156126022,0.11334052681922913,0.5627633333206177,0.5060930848121643,0.2142305076122284,0.2389237880706787,0.22300612926483154,0.254983127117157
10,S2,BWHvy,BS1,BS1,0,BS1,BS1,0,0.4045768678188324,0.36335569620132446,-0.041221171617507935,0.004267822951078415,0.08244237303733826,0.3323783874511719,0.3405802249908447,0.4045768678188324,0.36335569620132446,0.26304471492767334,0.2960640788078308
10,S3,LatCrit,local,local,0,local,local,0,0.4078730344772339,0.4033582806587219,-0.004514753818511963,0.0058244019746780396,0.08536531031131744,0.4078730344772339,0.4033582806587219,0.23966117203235626,0.2014932632446289,0.35246580839157104,0.39514845609664917
10,S3,ComHvy,local,local,0,local,local,0,0.567629337310791,0.5930486917495728,0.02541935443878174,0.0013351598754525185,0.05083875358104706,0.567629337310791,0.5930486917495728,0.25317785143852234,0.23921546339988708,0.17919282615184784,0.16773581504821777
10,S3,BWHvy,local,local,0,local,local,0,0.5890986919403076,0.5872570276260376,-0.0018416643142700195,1.597206573933363e-05,0.00478130578994751,0.5890986919403076,0.5872570276260376,0.23074737191200256,0.23313802480697632,0.180153951048851,0.17960496246814728
10,S4,LatCrit,local,local,0,local,local,0,0.5434580445289612,0.5441619157791138,0.0007038712501525879,0.0031642410904169083,0.05429047346115112,0.5434580445289612,0.5441619157791138,0.23434783518314362,0.20720261335372925,0.222194105386734,0.24863548576831818
10,S4,ComHvy,local,local,0,local,local,0,0.48848414421081543,0.48124682903289795,-0.0072373151779174805,0.0028907321393489838,0.060960933566093445,0.48848414421081543,0.48124682903289795,0.3024924397468567,0.332972913980484,0.2090234011411667,0.18578025698661804
10,S4,BWHvy,local,local,0,local,local,0,0.5540750622749329,0.5179426670074463,-0.03613239526748657,0.005094494670629501,0.08211009204387665,0.5540750622749329,0.5179426670074463,0.25188207626342773,0.24695943295955658,0.1940428614616394,0.23509791493415833
10,S5,LatCrit,BS1,BS1,0,BS1,BS1,0,0.39384931325912476,0.4030531644821167,0.009203851222991943,0.0001793988049030304,0.018407702445983887,0.32718920707702637,0.32313472032546997,0.39384931325912476,0.4030531644821167,0.2789614498615265,0.27381208539009094
10,S5,ComHvy,local,local,0,local,local,0,0.5600109100341797,0.5432605147361755,-0.01675039529800415,0.0008992515504360199,0.03853990137577057,0.5600109100341797,0.5432605147361755,0.15471048653125763,0.1521909534931183,0.2852785587310791,0.3045485317707062
10,S5,BWHvy,local,local,0,local,local,0,0.4786982536315918,0.48107361793518066,0.002375364303588867,0.0003457469865679741,0.019518062472343445,0.4786982536315918,0.48107361793518066,0.3306763172149658,0.3380599915981293,0.19062539935112,0.18086637556552887
10,S6,LatCrit,local,local,0,local,local,0,0.4603461027145386,0.48077619075775146,0.02043008804321289,0.003304479643702507,0.07443428039550781,0.4603461027145386,0.48077619075775146,0.3408927917480469,0.3036756217479706,0.19876113533973694,0.21554815769195557
10,S6,ComHvy,local,local,0,local,local,0,0.41887861490249634,0.4177229404449463,-0.0011556744575500488,0.0004342440515756607,0.023362398147583008,0.41887861490249634,0.4177229404449463,0.2413334846496582,0.23080798983573914,0.33978787064552307,0.35146909952163696
10,S6,BWHvy,local,local,0,local,local,0,0.48686152696609497,0.4355356693267822,-0.051325857639312744,0.005530333146452904,0.1026517003774643,0.48686152696609497,0.4355356693267822,0.20124609768390656,0.22930553555488586,0.3118923604488373,0.3351587653160095
10,S7,LatCrit,local,local,0,local,local,0,0.5026573538780212,0.4799630641937256,-0.022694289684295654,0.0017570871859788895,0.05184578895568848,0.5026573538780212,0.4799630641937256,0.23600943386554718,0.2327808290719986,0.2613332271575928,0.287256121635437
10,S7,ComHvy,local,local,0,local,local,0,0.532206654548645,0.6011000275611877,0.06889337301254272,0.010405033826828003,0.13778671622276306,0.532206654548645,0.6011000275611877,0.13916461169719696,0.1285276561975479,0.32862868905067444,0.27037230134010315
10,S7,BWHvy,local,local,0,local,local,0,0.5473084449768066,0.580339789390564,0.033031344413757324,0.003015275113284588,0.06885357201099396,0.5473084449768066,0.580339789390564,0.3122633397579193,0.27783653140068054,0.14042824506759644,0.1418236643075943
10,S8,LatCrit,local,local,0,local,local,0,0.5855841636657715,0.5604444146156311,-0.02513974905014038,0.00576266273856163,0.09205634891986847,0.5855841636657715,0.5604444146156311,0.25822919607162476,0.3042573928833008,0.15618659555912018,0.13529819250106812
10,S8,ComHvy,local,local,0,local,local,0,0.5702376365661621,0.587830662727356,0.017593026161193848,0.0017453841865062714,0.049558043479919434,0.5702376365661621,0.587830662727356,0.18452033400535583,0.1917063295841217,0.24524201452732086,0.22046299278736115
10,S8,BWHvy,local,local,0,local,local,0,0.4176263213157654,0.4077507257461548,-0.009875595569610596,0.0003272353205829859,0.01983356475830078,0.4176263213157654,0.4077507257461548,0.22915734350681305,0.23907412588596344,0.3532163202762604,0.3531751334667206
11,S1,LatCrit,local,local,0,BS1,BS1,0,0.510084867477417,0.4660998582839966,-0.04398500919342041,0.003920918330550194,0.08797003328800201,0.510084867477417,0.4660998582839966,0.17132407426834106,0.183297798037529,0.31859102845191956,0.35060232877731323
11,S1,ComHvy,local,local,0,local,local,0,0.42451417446136475,0.4396061301231384,0.015091955661773682,0.00047200219705700874,0.030183851718902588,0.42451417446136475,0.4396061301231384,0.30951136350631714,0.2998720407485962,0.2659744620323181,0.26052188873291016
11,S1,BWHvy,local,local,0,local,local,0,0.4311421513557434,0.4399540424346924,0.008811891078948975,0.0001578708179295063,0.017623811960220337,0.4311421513557434,0.4399540424346924,0.27816200256347656,0.27400416135787964,0.2906958758831024,0.286041796207428
11,S2,LatCrit,local,local,0,BS1,BS1,0,0.39786338806152344,0.3935586214065552,-0.004304766654968262,0.0001430036500096321,0.016274288296699524,0.39786338806152344,0.3935586214065552,0.37756186723709106,0.38569900393486023,0.2245747447013855,0.2207423597574234
11,S2,ComHvy,local,local,0,local,local,0,0.5678596496582031,0.5588641166687012,-0.008995532989501953,0.0005548140034079552,0.02733515202999115,0.5678596496582031,0.5588641166687012,0.20621731877326965,0.21988490223884583,0.22592303156852722,0.2212509959936142
11,S2,BWHvy,local,local,0,local,local,0,0.37372052669525146,0.3930956721305847,0.019375145435333252,0.0018306365236639977,0.05696970224380493,0.37372052669525146,0.3930956721305847,0.3591097593307495,0.33062490820884705,0.267169713973999,0.27627941966056824
11,S3,LatCrit,local,local,0,local,local,0,0.4125673770904541,0.45494866371154785,0.04238128662109375,0.00651722913607955,0.09684894979000092,0.4125673770904541,0.45494866371154785,0.29823291301727295,0.2498084157705307,0.28919973969459534,0.29524290561676025
11,S3,ComHvy,local,local,0,local,local,0,0.5433478355407715,0.5694974660873413,0.026149630546569824,0.0030624978244304657,0.05560015141963959,0.5433478355407715,0.5694974660873413,0.27999189496040344,0.2816423177719116,0.17666026949882507,0.1488601714372635
11,S3,BWHvy,local,local,0,local,local,0,0.5726065039634705,0.5714424848556519,-0.0011640191078186035,0.00013316096737980843,0.011326625943183899,0.5726065039634705,0.5714424848556519,0.17042435705661774,0.1760876476764679,0.256969153881073,0.25246983766555786
11,S4,LatCrit,local,local,0,local,local,0,0.5628248453140259,0.5321004390716553,-0.030724406242370605,0.006341766566038132,0.0848158597946167,0.5628248453140259,0.5321004390716553,0.2929767966270447,0.2812933027744293,0.14419832825660706,0.1866062879562378
11,S4,ComHvy,local,local,0,local,local,0,0.4647420048713684,0.4994444251060486,0.034702420234680176,0.008728057146072388,0.10401612520217896,0.4647420048713684,0.4994444251060486,0.30728477239608765,0.32459041476249695,0.22797320783138275,0.17596514523029327
11,S4,BWHvy,local,local,0,BS1,BS2,1,0.4221688508987427,0.4054543375968933,-0.016714513301849365,0.008339706808328629,0.11350253224372864,0.4221688508987427,0.4054543375968933,0.2514054477214813,0.21136868000030518,0.326425701379776,0.3831769526004791
11,S5,LatCrit,local,BS1,1,BS1,BS1,0,0.3521026372909546,0.3805621266365051,0.028459489345550537,0.004433620721101761,0.07803449034690857,0.3521026372909546,0.3494930863380432,0.34154486656188965,0.3805621266365051,0.30635249614715576,0.26994481682777405
11,S5,ComHvy,local,local,0,local,local,0,0.5990362167358398,0.5540629625320435,-0.04497325420379639,0.004996396601200104,0.08994646370410919,0.5990362167358398,0.5540629625320435,0.13654835522174835,0.13815882802009583,0.2644154727458954,0.3077782094478607
11,S5,BWHvy,local,local,0,local,local,0,0.4006959795951843,0.3878225088119507,-0.012873470783233643,0.0006247423589229584,0.030050277709960938,0.4006959795951843,0.3878225088119507,0.3315613865852356,0.32940971851348877,0.26774266362190247,0.28276780247688293
11,S6,LatCrit,local,local,0,local,local,0,0.4200100302696228,0.4377437233924866,0.01773369312286377,0.0006414223462343216,0.03546741604804993,0.4200100302696228,0.4377437233924866,0.277260422706604,0.2684476971626282,0.3027295768260956,0.29380857944488525
11,S6,ComHvy,local,local,0,local,local,0,0.42978066205978394,0.4228248596191406,-0.0069558024406433105,0.00037379004061222076,0.024118810892105103,0.42978066205978394,0.4228248596191406,0.3137451410293579,0.30864155292510986,0.25647416710853577,0.2685335874557495
11,S6,BWHvy,local,local,0,local,local,0,0.4476661682128906,0.4336954951286316,-0.013970673084259033,0.003514844924211502,0.07322853803634644,0.4476661682128906,0.4336954951286316,0.25839510560035706,0.2950093746185303,0.2939387261867523,0.27129513025283813
11,S7,LatCrit,local,local,0,local,local,0,0.5252534747123718,0.5354519486427307,0.010198473930358887,0.0008920552209019661,0.03376670181751251,0.5252534747123718,0.5354519486427307,0.21187841892242432,0.19499506056308746,0.26286813616752625,0.269553005695343
11,S7,ComHvy,local,local,0,local,local,0,0.41714799404144287,0.4332834482192993,0.016135454177856445,0.0006282925605773926,0.0322708785533905,0.41714799404144287,0.4332834482192993,0.19882695376873016,0.1982317417860031,0.38402503728866577,0.36848482489585876
11,S7,BWHvy,local,local,0,local,local,0,0.5454102158546448,0.5667048096656799,0.021294593811035156,0.0009613907895982265,0.042589202523231506,0.5454102158546448,0.5667048096656799,0.2727805972099304,0.25713691115379333,0.181809201836586,0.17615827918052673
11,S8,LatCrit,local,local,0,local,local,0,0.5413027405738831,0.5166661739349365,-0.024636566638946533,0.001974673941731453,0.054139092564582825,0.5413027405738831,0.5166661739349365,0.24716636538505554,0.27423590421676636,0.2115309089422226,0.20909792184829712
11,S8,ComHvy,local,local,0,local,local,0,0.5845819115638733,0.5896419882774353,0.005060076713562012,0.0005361055955290794,0.025608941912651062,0.5845819115638733,0.5896419882774353,0.16230975091457367,0.1700541377067566,0.25310835242271423,0.2403038740158081
11,S8,BWHvy,local,local,0,local,local,0,0.5260729789733887,0.5191341638565063,-0.006938815116882324,0.0002648932859301567,0.01999710500240326,0.5260729789733887,0.5191341638565063,0.2457641214132309,0.2557626962661743,0.22816284000873566,0.22510312497615814
12,S1,LatCrit,local,local,0,local,local,0,0.6159992218017578,0.6251226663589478,0.009123444557189941,0.0003295307978987694,0.020174190402030945,0.6159992218017578,0.6251226663589478,0.18160203099250793,0.18256565928459167,0.20239880681037903,0.19231168925762177
12,S1,ComHvy,local,local,0,local,local,0,0.5926848649978638,0.5549161434173584,-0.03776872158050537,0.0040106214582920074,0.07793141901493073,0.5926848649978638,0.5549161434173584,0.15681523084640503,0.15561823546886444,0.2504998743534088,0.2894655764102936
12,S1,BWHvy,local,local,0,local,local,0,0.45635056495666504,0.4614338278770447,0.005083262920379639,0.0005221311002969742,0.028127267956733704,0.45635056495666504,0.4614338278770447,0.3577525317668915,0.3436889052391052,0.18589690327644348,0.1948772817850113
12,S2,LatCrit,local,local,0,local,local,0,0.5502750873565674,0.5610411167144775,0.010766029357910156,0.0012119142338633537,0.03911226987838745,0.5502750873565674,0.5610411167144775,0.2149868905544281,0.19543075561523438,0.23473802208900452,0.24352812767028809
12,S2,ComHvy,local,local,0,local,local,0,0.48077142238616943,0.4870831370353699,0.0063117146492004395,0.00028420984745025635,0.02118659019470215,0.48077142238616943,0.4870831370353699,0.23869825899600983,0.24297983944416046,0.28053030371665955,0.26993700861930847
12,S2,BWHvy,local,local,0,local,local,0,0.5230851173400879,0.5047087073326111,-0.018376410007476807,0.00097760371863842,0.03954337537288666,0.5230851173400879,0.5047087073326111,0.2914292812347412,0.31120097637176514,0.1854855716228485,0.18409030139446259
12,S3,LatCrit,local,local,0,local,local,0,0.41357022523880005,0.4120733141899109,-0.0014969110488891602,0.001205606386065483,0.03836141526699066,0.41357022523880005,0.4120733141899109,0.35131654143333435,0.3336327373981476,0.2351132482290268,0.25429394841194153
12,S3,ComHvy,local,local,0,local,local,0,0.4884200096130371,0.5012433528900146,0.012823343276977539,0.0003719618543982506,0.025646671652793884,0.4884200096130371,0.5012433528900146,0.2567741274833679,0.2535729706287384,0.25480586290359497,0.24518369138240814
12,S3,BWHvy,local,local,0,BS2,BS2,0,0.40749210119247437,0.3780364990234375,-0.029455602169036865,0.0018637385219335556,0.058911219239234924,0.40749210119247437,0.3780364990234375,0.22998249530792236,0.24476899206638336,0.36252540349960327,0.37719452381134033
12,S4,LatCrit,local,local,0,BS1,BS1,0,0.4903050661087036,0.49578332901000977,0.005478262901306152,0.0003128894604742527,0.022174760699272156,0.4903050661087036,0.49578332901000977,0.3791053891181946,0.3680180013179779,0.13058951497077942,0.13619862496852875
12,S4,ComHvy,local,local,0,local,local,0,0.47454530000686646,0.49270278215408325,0.018157482147216797,0.0014555305242538452,0.048607975244522095,0.47454530000686646,0.49270278215408325,0.22345192730426788,0.22959844768047333,0.30200275778770447,0.2776987850666046
12,S4,BWHvy,local,local,0,local,local,0,0.614227294921875,0.607921838760376,-0.0063054561614990234,0.0017409995198249817,0.04258310794830322,0.614227294921875,0.607921838760376,0.19235719740390778,0.17737111449241638,0.19341547787189484,0.21470704674720764
12,S5,LatCrit,local,local,0,local,local,0,0.457469642162323,0.45411717891693115,-0.0033524632453918457,0.0007472923025488853,0.030157163739204407,0.457469642162323,0.45411717891693115,0.20626802742481232,0.22134661674499512,0.3362623453140259,0.3245362341403961
12,S5,ComHvy,local,local,0,local,local,0,0.6226352453231812,0.6356629133224487,0.013027667999267578,0.0004650736227631569,0.026055380702018738,0.6226352453231812,0.6356629133224487,0.152779221534729,0.15164247155189514,0.22458559274673462,0.21269463002681732
12,S5,BWHvy,local,local,0,local,local,0,0.4821760058403015,0.4856869578361511,0.0035109519958496094,0.0001734909601509571,0.015746623277664185,0.4821760058403015,0.4856869578361511,0.25253021717071533,0.24465692043304443,0.26529377698898315,0.26965615153312683
12,S6,LatCrit,local,local,0,local,local,0,0.4492710828781128,0.4564036726951599,0.007132589817047119,0.0004830090329051018,0.02742108702659607,0.4492710828781128,0.4564036726951599,0.27201247215270996,0.27859044075012207,0.27871641516685486,0.265005886554718
12,S6,ComHvy,local,local,0,local,local,0,0.5251615047454834,0.533352255821228,0.008190751075744629,0.00046536000445485115,0.026752397418022156,0.5251615047454834,0.533352255821228,0.2752155065536499,0.2618393301963806,0.1996229887008667,0.20480845868587494
12,S6,BWHvy,local,local,0,local,local,0,0.48662662506103516,0.5106682181358337,0.024041593074798584,0.0014527961611747742,0.04808320105075836,0.48662662506103516,0.5106682181358337,0.2917967736721039,0.2863425314426422,0.22157660126686096,0.20298923552036285
12,S7,LatCrit,local,local,0,local,local,0,0.5431963205337524,0.5742106437683105,0.031014323234558105,0.0024695689789950848,0.06202863156795502,0.5431963205337524,0.5742106437683105,0.21397976577281952,0.1894039511680603,0.24282394349575043,0.23638544976711273
12,S7,ComHvy,local,local,0,local,local,0,0.46765679121017456,0.452342689037323,-0.015314102172851562,0.00047991424798965454,0.030628204345703125,0.46765679121017456,0.452342689037323,0.2643311619758606,0.27048784494400024,0.26801204681396484,0.27716946601867676
12,S7,BWHvy,local,local,0,local,local,0,0.5017834305763245,0.473669171333313,-0.028114259243011475,0.004322849214076996,0.08757619559764862,0.5017834305763245,0.473669171333313,0.18451999127864838,0.16884613037109375,0.31369659304618835,0.3574846684932709
12,S8,LatCrit,local,local,0,BS2,BS2,0,0.4463233947753906,0.4432331323623657,-0.0030902624130249023,0.00018626824021339417,0.01705850660800934,0.4463233947753906,0.4432331323623657,0.2207755446434021,0.21533657610416412,0.3329010605812073,0.34143033623695374
12,S8,ComHvy,local,local,0,local,local,0,0.47287875413894653,0.4623345732688904,-0.010544180870056152,0.00023916922509670258,0.021088361740112305,0.47287875413894653,0.4623345732688904,0.2579973042011261,0.26523566246032715,0.26912394165992737,0.27242976427078247
12,S8,BWHvy,local,local,0,local,local,0,0.5106204152107239,0.5016698837280273,-0.008950531482696533,0.0007079737260937691,0.03274238109588623,0.5106204152107239,0.5016698837280273,0.25175777077674866,0.2681289613246918,0.23762182891368866,0.23020116984844208
13,S1,LatCrit,local,local,0,local,local,0,0.5662970542907715,0.5574727654457092,-0.008824288845062256,0.0006538121961057186,0.02559538185596466,0.5662970542907715,0.5574727654457092,0.13846570253372192,0.15126337110996246,0.295237272977829,0.2912638485431671
13,S1,ComHvy,local,local,0,local,local,0,0.5317102074623108,0.5455008149147034,0.013790607452392578,0.0022264719009399414,0.052806466817855835,0.5317102074623108,0.5455008149147034,0.21771053969860077,0.19130732119083405,0.25057923793792725,0.2631918787956238
13,S1,BWHvy,BS1,BS1,0,BS2,BS2,0,0.38458052277565,0.39507555961608887,0.010495036840438843,0.00024439464323222637,0.02099005877971649,0.37315458059310913,0.3648536205291748,0.38458052277565,0.39507555961608887,0.24226486682891846,0.24007080495357513
13,S2,LatCrit,local,local,0,local,local,0,0.482099711894989,0.5002431273460388,0.018143415451049805,0.0007874809671193361,0.03628680109977722,0.482099711894989,0.5002431273460388,0.3027442991733551,0.28662943840026855,0.2151559740304947,0.21312744915485382
13,S2,ComHvy,local,local,0,local,local,0,0.4635447859764099,0.45205157995224,-0.011493206024169922,0.0005240847822278738,0.029624268412590027,0.4635447859764099,0.45205157995224,0.2984081506729126,0.3132202923297882,0.2380470484495163,0.2347281277179718
13,S2,BWHvy,local,local,0,local,local,0,0.5123336315155029,0.5191152095794678,0.006781578063964844,0.0008254433050751686,0.03117087483406067,0.5123336315155029,0.5191152095794678,0.1972668468952179,0.18168142437934875,0.2903994917869568,0.29920336604118347
13,S3,LatCrit,local,local,0,local,local,0,0.5899931192398071,0.6036745309829712,0.013681411743164062,0.0005361596122384071,0.02736280858516693,0.5899931192398071,0.6036745309829712,0.2324897050857544,0.229966938495636,0.17751717567443848,0.16635854542255402
13,S3,ComHvy,local,local,0,local,local,0,0.5823840498924255,0.5816782712936401,-0.0007057785987854004,0.00024304259568452835,0.01492297649383545,0.5823840498924255,0.5816782712936401,0.22683937847614288,0.2343008816242218,0.19077657163143158,0.18402087688446045
13,S3,BWHvy,local,local,0,local,local,0,0.5533466935157776,0.5466422438621521,-0.006704449653625488,0.0008722525089979172,0.0310213565826416,0.5533466935157776,0.5466422438621521,0.2829151749610901,0.2741089463233948,0.16373814642429352,0.17924882471561432
13,S4,LatCrit,local,local,0,local,local,0,0.6107850074768066,0.6181280612945557,0.0073430538177490234,0.00035107648000121117,0.021457776427268982,0.6107850074768066,0.6181280612945557,0.2169518768787384,0.20622295141220093,0.17226314544677734,0.17564894258975983
13,S4,ComHvy,local,local,0,local,local,0,0.5052759647369385,0.506186842918396,0.0009108781814575195,0.0004647001624107361,0.022190451622009277,0.5052759647369385,0.506186842918396,0.23773008584976196,0.22663486003875732,0.2569939196109772,0.2671782672405243
13,S4,BWHvy,local,local,0,local,local,0,0.43650346994400024,0.4379163980484009,0.0014129281044006348,0.0015579517930746078,0.042988985776901245,0.43650346994400024,0.4379163980484009,0.2740810215473175,0.2525865435600281,0.28941550850868225,0.30949708819389343
13,S5,LatCrit,local,local,0,local,local,0,0.43563926219940186,0.4418680667877197,0.006228804588317871,7.97295942902565e-05,0.012457609176635742,0.43563926219940186,0.4418680667877197,0.25911885499954224,0.25574302673339844,0.3052418828010559,0.30238890647888184
13,S5,ComHvy,local,local,0,local,local,0,0.609735369682312,0.5979958772659302,-0.011739492416381836,0.00033028237521648407,0.023478969931602478,0.609735369682312,0.5979958772659302,0.20734640955924988,0.2106156051158905,0.1829182356595993,0.19138851761817932
13,S5,BWHvy,local,local,0,local,local,0,0.47946810722351074,0.48309797048568726,0.0036298632621765137,0.00016291718930006027,0.012385666370391846,0.47946810722351074,0.48309797048568726,0.3801061511039734,0.3826691508293152,0.1404256969690323,0.13423289358615875
13,S6,LatCrit,local,local,0,local,local,0,0.4869329333305359,0.46606534719467163,-0.020867586135864258,0.0009893085807561874,0.04173523187637329,0.4869329333305359,0.46606534719467163,0.2553219497203827,0.2600353956222534,0.25774508714675903,0.27389928698539734
13,S6,ComHvy,local,local,0,local,local,0,0.6134092807769775,0.6314575672149658,0.01804828643798828,0.0014338962500914931,0.03609659522771835,0.6134092807769775,0.6314575672149658,0.12517067790031433,0.1088424101471901,0.2614200711250305,0.2597000300884247
13,S6,BWHvy,local,local,0,local,local,0,0.5323835611343384,0.4986369013786316,-0.03374665975570679,0.0025884192436933517,0.06749336421489716,0.5323835611343384,0.4986369013786316,0.15837739408016205,0.17850586771965027,0.309239000082016,0.32285723090171814
13,S7,LatCrit,local,local,0,local,local,0,0.6399058103561401,0.5952601432800293,-0.04464566707611084,0.004569161683320999,0.08929133415222168,0.6399058103561401,0.5952601432800293,0.13005444407463074,0.13736586272716522,0.23003970086574554,0.2673739492893219
13,S7,ComHvy,local,local,0,local,local,0,0.5463571548461914,0.5785198211669922,0.03216266632080078,0.003301221877336502,0.07037106156349182,0.5463571548461914,0.5785198211669922,0.16799238324165344,0.171015202999115,0.2856505215167999,0.25046494603157043
13,S7,BWHvy,local,local,0,local,local,0,0.5985230803489685,0.6159662008285522,0.01744312047958374,0.0012038666754961014,0.04179354012012482,0.5985230803489685,0.6159662008285522,0.14884264767169952,0.1522963047027588,0.2526342570781708,0.23173749446868896
13,S8,LatCrit,local,local,0,local,local,0,0.4935539960861206,0.4972248673439026,0.0036708712577819824,2.904701977968216e-05,0.007341697812080383,0.4935539960861206,0.4972248673439026,0.29855677485466003,0.2956710755825043,0.20788921415805817,0.20710408687591553
13,S8,ComHvy,local,local,0,local,local,0,0.5431501865386963,0.5557892322540283,0.012639045715332031,0.0003877501003444195,0.025278091430664062,0.5431501865386963,0.5557892322540283,0.2605007290840149,0.2495836764574051,0.19634909927845,0.19462710618972778
13,S8,BWHvy,BS2,BS2,0,local,local,0,0.40624821186065674,0.4194546937942505,0.01320648193359375,0.0017924662679433823,0.05365338921546936,0.3000252842903137,0.27319860458374023,0.29372647404670715,0.3073467016220093,0.40624821186065674,0.4194546937942505
14,S1,LatCrit,local,local,0,local,local,0,0.4905179738998413,0.4862726330757141,-0.004245340824127197,3.617885522544384e-05,0.008490696549415588,0.4905179738998413,0.4862726330757141,0.22928935289382935,0.23099906742572784,0.28019267320632935,0.28272831439971924
14,S1,ComHvy,local,local,0,local,local,0,0.5673356056213379,0.5701481103897095,0.002812504768371582,0.00016136746853590012,0.014221042394638062,0.5673356056213379,0.5701481103897095,0.241721048951149,0.23461051285266876,0.19094333052635193,0.19524133205413818
14,S1,BWHvy,local,local,0,local,local,0,0.49645549058914185,0.48143118619918823,-0.015024304389953613,0.003016137517988682,0.06509363651275635,0.49645549058914185,0.48143118619918823,0.2164318859577179,0.24897867441177368,0.28711265325546265,0.2695901095867157
14,S2,LatCrit,local,local,0,local,local,0,0.4519433379173279,0.4491649270057678,-0.0027784109115600586,0.00011597201228141785,0.01296195387840271,0.4519433379173279,0.4491649270057678,0.3040810227394104,0.3003784418106079,0.2439756691455841,0.25045663118362427
14,S2,ComHvy,BS1,BS1,0,BS1,BS1,0,0.4053777754306793,0.41013777256011963,0.004759997129440308,8.988706395030022e-05,0.0105866938829422,0.364227294921875,0.3647606372833252,0.4053777754306793,0.41013777256011963,0.23039492964744568,0.22510157525539398
14,S2,BWHvy,local,local,0,local,local,0,0.5647762417793274,0.5865453481674194,0.02176910638809204,0.0012911390513181686,0.043538257479667664,0.5647762417793274,0.5865453481674194,0.16472835838794708,0.16420966386795044,0.2704954147338867,0.24924495816230774
14,S3,LatCrit,local,local,0,local,BS1,1,0.39779263734817505,0.3980855345726013,0.00029289722442626953,0.006170410662889481,0.08519725501537323,0.39779263734817505,0.3980855345726013,0.3225560188293457,0.36486172676086426,0.27965137362480164,0.23705272376537323
14,S3,ComHvy,local,local,0,BS1,BS1,0,0.5544633865356445,0.5768629908561707,0.022399604320526123,0.0010604830458760262,0.04479917883872986,0.5544633865356445,0.5768629908561707,0.21457068622112274,0.2065148800611496,0.23096589744091034,0.21662212908267975
14,S3,BWHvy,local,local,0,BS1,BS1,0,0.45497846603393555,0.45125216245651245,-0.0037263035774230957,0.0023610424250364304,0.05402396619319916,0.45497846603393555,0.45125216245651245,0.3087058961391449,0.3357178866863251,0.23631565272808075,0.21302998065948486
14,S4,LatCrit,local,local,0,local,local,0,0.643509030342102,0.6446410417556763,0.0011320114135742188,0.0010500326752662659,0.028128355741500854,0.643509030342102,0.6446410417556763,0.2215428650379181,0.20747867226600647,0.13494813442230225,0.14788028597831726
14,S4,ComHvy,local,local,0,local,local,0,0.4420902729034424,0.45705878734588623,0.014968514442443848,0.003736460581421852,0.07263423502445221,0.4420902729034424,0.45705878734588623,0.2645202875137329,0.2282031625509262,0.2933894693851471,0.31473806500434875
14,S4,BWHvy,local,local,0,local,local,0,0.43242859840393066,0.4338420033454895,0.0014134049415588379,0.00025734584778547287,0.01824653148651123,0.43242859840393066,0.4338420033454895,0.27310121059417725,0.263977974653244,0.2944701611995697,0.30218005180358887
14,S5,LatCrit,local,local,0,local,BS1,1,0.5746705532073975,0.5581858158111572,-0.016484737396240234,0.0014768601395189762,0.040845632553100586,0.5746705532073975,0.5581858158111572,0.15940269827842712,0.17982548475265503,0.2659267783164978,0.26198866963386536
14,S5,ComHvy,local,local,0,local,local,0,0.5667791962623596,0.5836435556411743,0.016864359378814697,0.001995483413338661,0.04883258044719696,0.5667791962623596,0.5836435556411743,0.23391063511371613,0.2414625585079193,0.19931016862392426,0.17489387094974518
14,S5,BWHvy,local,local,0,BS1,BS1,0,0.492875337600708,0.5062458515167236,0.013370513916015625,0.0008160052821040154,0.02862437069416046,0.492875337600708,0.5062458515167236,0.33659809827804565,0.3375397324562073,0.17052659392356873,0.1562143713235855
14,S6,LatCrit,local,local,0,BS2,BS2,0,0.5002784729003906,0.5121605396270752,0.01188206672668457,0.00028371065855026245,0.02376408874988556,0.5002784729003906,0.5121605396270752,0.17876029014587402,0.17504461109638214,0.32096120715141296,0.31279486417770386
14,S6,ComHvy,local,local,0,local,local,0,0.6457692980766296,0.6709494590759277,0.025180160999298096,0.0014957133680582047,0.05036036670207977,0.6457692980766296,0.6709494590759277,0.17342215776443481,0.15765811502933502,0.18080855906009674,0.17139239609241486
14,S6,BWHvy,local,local,0,local,local,0,0.4793403744697571,0.49871647357940674,0.019376099109649658,0.0007635857909917831,0.038752198219299316,0.4793403744697571,0.49871647357940674,0.25113099813461304,0.24004966020584106,0.2695286273956299,0.2612338662147522
14,S7,LatCrit,local,local,0,BS2,BS2,0,0.4298045039176941,0.43971967697143555,0.009915173053741455,0.00020515033975243568,0.01983030140399933,0.4298045039176941,0.43971967697143555,0.2237589955329895,0.2186814397573471,0.3464365005493164,0.3415989279747009
14,S7,ComHvy,local,local,0,local,local,0,0.574526846408844,0.5994212627410889,0.024894416332244873,0.00170905701816082,0.049788787961006165,0.574526846408844,0.5994212627410889,0.2163957953453064,0.21269580721855164,0.20907734334468842,0.18788295984268188
14,S7,BWHvy,local,local,0,local,local,0,0.5492883920669556,0.541768491268158,-0.007519900798797607,0.0007558446377515793,0.032167404890060425,0.5492883920669556,0.541768491268158,0.21774370968341827,0.20917989313602448,0.23296792805194855,0.24905161559581757
14,S8,LatCrit,local,local,0,local,local,0,0.5372031331062317,0.5231660604476929,-0.014037072658538818,0.0003955317661166191,0.028074190020561218,0.5372031331062317,0.5231660604476929,0.18665288388729095,0.1925698220729828,0.27614396810531616,0.28426414728164673
14,S8,ComHvy,local,local,0,local,local,0,0.6162536144256592,0.6088047027587891,-0.007448911666870117,0.00013936078175902367,0.014897897839546204,0.6162536144256592,0.6088047027587891,0.1980825960636139,0.19980229437351227,0.18566374480724335,0.19139303267002106
14,S8,BWHvy,local,local,0,BS1,BS1,0,0.43221378326416016,0.40020644664764404,-0.03200733661651611,0.002382708713412285,0.06401464343070984,0.43221378326416016,0.40020644664764404,0.3196733593940735,0.3285665214061737,0.24811288714408875,0.27122703194618225
15,S1,LatCrit,local,local,0,local,local,0,0.5184649229049683,0.5230708122253418,0.004605889320373535,0.0006641810759902,0.029143378138542175,0.5184649229049683,0.5230708122253418,0.22395215928554535,0.2339179366827011,0.2575829029083252,0.24301119148731232
15,S1,ComHvy,local,local,0,local,local,0,0.3955385088920593,0.4381777048110962,0.042639195919036865,0.00389728881418705,0.08527842164039612,0.3955385088920593,0.4381777048110962,0.3515430688858032,0.33336344361305237,0.25291842222213745,0.22845882177352905
15,S1,BWHvy,local,local,0,local,local,0,0.5223386287689209,0.5067946910858154,-0.015543937683105469,0.0022251931950449944,0.05651703476905823,0.5223386287689209,0.5067946910858154,0.22143663465976715,0.24969518184661865,0.25622469186782837,0.2435101419687271
15,S2,LatCrit,local,local,0,local,local,0,0.48739010095596313,0.5463438630104065,0.05895376205444336,0.0076780542731285095,0.11790752410888672,0.48739010095596313,0.5463438630104065,0.2118469774723053,0.19923478364944458,0.30076292157173157,0.2544213533401489
15,S2,ComHvy,local,local,0,BS1,BS1,0,0.45003998279571533,0.4754253625869751,0.025385379791259766,0.001819219789467752,0.05077075958251953,0.45003998279571533,0.4754253625869751,0.26591283082962036,0.24220553040504456,0.2840471863746643,0.28236910700798035
15,S2,BWHvy,local,local,0,local,local,0,0.5055176019668579,0.5058435201644897,0.00032591819763183594,0.002147182822227478,0.04627212882041931,0.5055176019668579,0.5058435201644897,0.2815829813480377,0.25844693183898926,0.21289944648742676,0.23570960760116577
15,S3,LatCrit,local,local,0,BS2,local,1,0.45136094093322754,0.4926689863204956,0.041308045387268066,0.006777383387088776,0.09145887196063995,0.45136094093322754,0.4926689863204956,0.3069620132446289,0.3113833963871002,0.24167703092098236,0.1959475874900818
15,S3,ComHvy,local,local,0,local,local,0,0.5855304598808289,0.5700675249099731,-0.015462934970855713,0.003504190593957901,0.06835450232028961,0.5855304598808289,0.5700675249099731,0.24911433458328247,0.2832915782928467,0.16535520553588867,0.14664088189601898
15,S3,BWHvy,local,local,0,local,local,0,0.5075852870941162,0.50461345911026,-0.002971827983856201,0.0006645889952778816,0.02760683000087738,0.5075852870941162,0.50461345911026,0.28859785199165344,0.27776625752449036,0.20381689071655273,0.21762029826641083
15,S4,LatCrit,local,local,0,local,local,0,0.4483618140220642,0.43631118535995483,-0.012050628662109375,0.00043533090502023697,0.024101227521896362,0.4483618140220642,0.43631118535995483,0.3407793939113617,0.34201622009277344,0.2108587920665741,0.22167256474494934
15,S4,ComHvy,local,local,0,local,local,0,0.5087230205535889,0.5198987126350403,0.011175692081451416,0.0006547179073095322,0.03237757086753845,0.5087230205535889,0.5198987126350403,0.2033080756664276,0.20832115411758423,0.2879689335823059,0.2717801332473755
15,S4,BWHvy,local,local,0,BS1,local,1,0.4850144386291504,0.498004674911499,0.012990236282348633,0.002471841871738434,0.05935658514499664,0.4850144386291504,0.498004674911499,0.2708992660045624,0.24122096598148346,0.24408632516860962,0.2607743740081787
15,S5,LatCrit,local,local,0,local,local,0,0.4383852481842041,0.44355112314224243,0.00516587495803833,9.94047150015831e-05,0.01304025948047638,0.4383852481842041,0.44355112314224243,0.32987654209136963,0.32335641980171204,0.23173820972442627,0.23309247195720673
15,S5,ComHvy,local,local,0,local,local,0,0.6180430054664612,0.5998760461807251,-0.018166959285736084,0.0012554186396300793,0.04303303360939026,0.6180430054664612,0.5998760461807251,0.23060967028141022,0.25212618708610535,0.1513473093509674,0.14799775183200836
15,S5,BWHvy,local,local,0,local,local,0,0.48373907804489136,0.4763857126235962,-0.007353365421295166,0.00010833027772605419,0.014706775546073914,0.48373907804489136,0.4763857126235962,0.3000296652317047,0.3044045865535736,0.21623122692108154,0.2192097157239914
15,S6,LatCrit,local,local,0,BS2,BS2,0,0.41569238901138306,0.42185914516448975,0.0061667561531066895,0.00033318065106868744,0.02444213628768921,0.41569238901138306,0.42185914516448975,0.39828985929489136,0.38606879115104675,0.18601776659488678,0.1920720785856247
15,S6,ComHvy,local,local,0,local,local,0,0.5321660041809082,0.5481687784194946,0.016002774238586426,0.006350046023726463,0.08713896572589874,0.5321660041809082,0.5481687784194946,0.2361675500869751,0.1925981044769287,0.2316664308309555,0.25923317670822144
15,S6,BWHvy,local,local,0,local,local,0,0.547631025314331,0.5238484144210815,-0.02378261089324951,0.0017247311770915985,0.05471403896808624,0.547631025314331,0.5238484144210815,0.14446312189102173,0.14088867604732513,0.3079058825969696,0.33526286482810974
15,S7,LatCrit,local,local,0,local,local,0,0.5519790649414062,0.5809124112129211,0.028933346271514893,0.0017100386321544647,0.05786667764186859,0.5519790649414062,0.5809124112129211,0.18723078072071075,0.17550736665725708,0.2607901394367218,0.24358022212982178
15,S7,ComHvy,local,local,0,BS2,BS2,0,0.42948853969573975,0.43805646896362305,0.0085679292678833,0.0001505422405898571,0.017135918140411377,0.42948853969573975,0.43805646896362305,0.24078914523124695,0.2377314269542694,0.3297223448753357,0.32421207427978516
15,S7,BWHvy,local,local,0,local,local,0,0.42790842056274414,0.4502370357513428,0.022328615188598633,0.001043703407049179,0.04465720057487488,0.42790842056274414,0.4502370357513428,0.2632456421852112,0.25001880526542664,0.3088459074497223,0.2997441589832306
15,S8,LatCrit,local,local,0,local,BS1,1,0.4657723307609558,0.4518941044807434,-0.013878226280212402,0.0004949737340211868,0.027756452560424805,0.4657723307609558,0.4518941044807434,0.3829447627067566,0.3879235088825226,0.1512829065322876,0.160182386636734
15,S8,ComHvy,local,local,0,local,local,0,0.5963813662528992,0.6050372123718262,0.008655846118927002,0.0011557117104530334,0.03739956021308899,0.5963813662528992,0.6050372123718262,0.17789241671562195,0.18793633580207825,0.22572621703147888,0.2070264220237732
15,S8,BWHvy,local,local,0,local,BS2,1,0.463360071182251,0.42419856786727905,-0.039161503314971924,0.003170900046825409,0.07832297682762146,0.463360071182251,0.42419856786727905,0.27334606647491455,0.28923192620277405,0.26329389214515686,0.2865695059299469
16,S1,LatCrit,local,local,0,local,local,0,0.5443156361579895,0.5677679777145386,0.023452341556549072,0.002790463622659445,0.0558614581823349,0.5443156361579895,0.5677679777145386,0.1913287192583084,0.16339796781539917,0.2643556594848633,0.26883402466773987
16,S1,ComHvy,local,local,0,local,local,0,0.47556376457214355,0.4894452691078186,0.013881504535675049,0.0014730580151081085,0.04545667767524719,0.47556376457214355,0.4894452691078186,0.24215224385261536,0.21942389011383057,0.2822840213775635,0.29113084077835083
16,S1,BWHvy,local,local,0,local,local,0,0.48127835988998413,0.4732610583305359,-0.008017301559448242,0.0002509306650608778,0.020580321550369263,0.48127835988998413,0.4732610583305359,0.3020343482494354,0.31232452392578125,0.21668726205825806,0.21441441774368286
16,S2,LatCrit,local,local,0,local,local,0,0.49586206674575806,0.5057996511459351,0.009937584400177002,0.00042026443406939507,0.02301780879497528,0.49586206674575806,0.5057996511459351,0.21612940728664398,0.20462051033973694,0.28800854086875916,0.2895798683166504
16,S2,ComHvy,local,local,0,local,local,0,0.5203131437301636,0.5272200107574463,0.006906867027282715,0.0004628309980034828,0.025817975401878357,0.5203131437301636,0.5272200107574463,0.2545044720172882,0.24159550666809082,0.22518235445022583,0.23118449747562408
16,S2,BWHvy,local,local,0,local,local,0,0.5578372478485107,0.5646543502807617,0.0068171024322509766,0.0010007191449403763,0.03177265822887421,0.5578372478485107,0.5646543502807617,0.27643755078315735,0.28550681471824646,0.1657252013683319,0.1498389095067978
16,S3,LatCrit,local,local,0,local,local,0,0.47748005390167236,0.4760649800300598,-0.0014150738716125488,0.0002603670582175255,0.017420485615730286,0.47748005390167236,0.4760649800300598,0.3377777338027954,0.34648799896240234,0.18474216759204865,0.17744702100753784
16,S3,ComHvy,local,local,0,local,local,0,0.6459560394287109,0.6627964973449707,0.016840457916259766,0.0008445857092738152,0.03368090093135834,0.6459560394287109,0.6627964973449707,0.18139302730560303,0.17863599956035614,0.17265096306800842,0.15856754779815674
16,S3,BWHvy,BS1,BS1,0,BS2,BS2,0,0.39364638924598694,0.3935326933860779,-0.00011369585990905762,0.000574781559407711,0.026348531246185303,0.34459376335144043,0.33153319358825684,0.39364638924598694,0.3935326933860779,0.26175984740257263,0.2749341130256653
16,S4,LatCrit,local,local,0,BS1,BS1,0,0.44784218072891235,0.46697598695755005,0.019133806228637695,0.0007554246112704277,0.03826764225959778,0.44784218072891235,0.46697598695755005,0.26902052760124207,0.2618821859359741,0.28313732147216797,0.27114182710647583
16,S4,ComHvy,local,local,0,local,local,0,0.4365687370300293,0.4085298180580139,-0.02803891897201538,0.0026214774698019028,0.06336352229118347,0.4365687370300293,0.4085298180580139,0.2814589738845825,0.27781614661216736,0.2819722592830658,0.3136540353298187
16,S4,BWHvy,local,local,0,local,local,0,0.548440158367157,0.5472451448440552,-0.0011950135231018066,0.00016806414350867271,0.013393595814704895,0.548440158367157,0.5472451448440552,0.23437899351119995,0.2288772165775299,0.21718086302280426,0.2238776683807373
16,S5,LatCrit,local,local,0,local,local,0,0.4578561782836914,0.4587470293045044,0.0008908510208129883,1.818058080971241e-06,0.0017817020416259766,0.4578561782836914,0.4587470293045044,0.25921905040740967,0.2590162456035614,0.2829247713088989,0.2822367250919342
16,S5,ComHvy,local,local,0,local,local,0,0.5514253377914429,0.5848497152328491,0.03342437744140625,0.002356181852519512,0.0668487697839737,0.5514253377914429,0.5848497152328491,0.2842758893966675,0.2595108151435852,0.16429878771305084,0.15563946962356567
16,S5,BWHvy,local,local,0,local,local,0,0.503849446773529,0.5194205641746521,0.015571117401123047,0.000560421496629715,0.031142234802246094,0.503849446773529,0.5194205641746521,0.31218764185905457,0.3064153790473938,0.1839628964662552,0.1741640418767929
16,S6,LatCrit,local,local,0,local,local,0,0.4464714527130127,0.4487276077270508,0.002256155014038086,4.6387314796447754e-05,0.008389085531234741,0.4464714527130127,0.4487276077270508,0.2944874167442322,0.29642578959465027,0.2590411603450775,0.25484660267829895
16,S6,ComHvy,local,local,0,local,local,0,0.527033269405365,0.5616045594215393,0.034571290016174316,0.002506095916032791,0.06914256513118744,0.527033269405365,0.5616045594215393,0.17158479988574982,0.16319027543067932,0.301381915807724,0.27520516514778137
16,S6,BWHvy,local,local,0,BS1,BS1,0,0.5173200368881226,0.48478013277053833,-0.03253990411758423,0.002299059182405472,0.06507977843284607,0.5173200368881226,0.48478013277053833,0.1901286393404007,0.20986022055149078,0.2925513684749603,0.3053596615791321
16,S7,LatCrit,local,local,0,local,local,0,0.573940634727478,0.5803515911102295,0.006410956382751465,9.10232774913311e-05,0.012821957468986511,0.573940634727478,0.5803515911102295,0.21621954441070557,0.21178728342056274,0.2098398208618164,0.20786108076572418
16,S7,ComHvy,local,local,0,local,local,0,0.463503360748291,0.46699267625808716,0.0034893155097961426,0.004074683412909508,0.06827645003795624,0.463503360748291,0.46699267625808716,0.2562275230884552,0.22208930552005768,0.2802690863609314,0.31091800332069397
16,S7,BWHvy,BS2,BS2,0,BS1,BS2,1,0.39251962304115295,0.43816134333610535,0.04564172029495239,0.004496794193983078,0.09128347039222717,0.33340466022491455,0.31598031520843506,0.2740757465362549,0.2458583414554596,0.39251962304115295,0.43816134333610535
16,S8,LatCrit,local,local,0,local,local,0,0.5221903920173645,0.5343443155288696,0.012153923511505127,0.0008941604755818844,0.03792542219161987,0.5221903920173645,0.5343443155288696,0.2987315058708191,0.27976876497268677,0.1790781021118164,0.18588685989379883
16,S8,ComHvy,local,local,0,local,local,0,0.47954297065734863,0.4745408892631531,-0.005002081394195557,0.00012179510667920113,0.01366722583770752,0.47954297065734863,0.4745408892631531,0.2574571669101715,0.26429077982902527,0.26299986243247986,0.26116833090782166
16,S8,BWHvy,local,BS1,1,local,local,0,0.35987919569015503,0.3652661442756653,0.005386948585510254,0.0022288672626018524,0.0626777708530426,0.35987919569015503,0.34793609380722046,0.3339272737503052,0.3652661442756653,0.3061935603618622,0.28679776191711426
17,S1,LatCrit,local,local,0,local,local,0,0.6542083621025085,0.6091781854629517,-0.045030176639556885,0.004522641189396381,0.09006035327911377,0.6542083621025085,0.6091781854629517,0.18126526474952698,0.21146489679813385,0.16452635824680328,0.1793569028377533
17,S1,ComHvy,local,local,0,local,local,0,0.4772734045982361,0.49503302574157715,0.017759621143341064,0.0013469681143760681,0.0444938987493515,0.4772734045982361,0.49503302574157715,0.2567642033100128,0.2612515389919281,0.2659623920917511,0.24371545016765594
17,S1,BWHvy,local,local,0,local,local,0,0.4388737678527832,0.4472010135650635,0.008327245712280273,0.00022076845925766975,0.01707896590232849,0.4388737678527832,0.4472010135650635,0.2612595856189728,0.2527201175689697,0.29986661672592163,0.3000788688659668
17,S2,LatCrit,local,local,0,local,local,0,0.5128143429756165,0.5129591822624207,0.00014483928680419922,0.00031154509633779526,0.01752813160419464,0.5128143429756165,0.5129591822624207,0.2673262655735016,0.25856220722198486,0.21985937654972076,0.22847861051559448
17,S2,ComHvy,local,local,0,local,local,0,0.5347722172737122,0.5087323188781738,-0.02603989839553833,0.0013670232146978378,0.05207976698875427,0.5347722172737122,0.5087323188781738,0.27835512161254883,0.295432448387146,0.18687264621257782,0.1958351880311966
17,S2,BWHvy,local,local,0,local,local,0,0.5654373168945312,0.6004756689071655,0.03503835201263428,0.0026526320725679398,0.07007670402526855,0.5654373168945312,0.6004756689071655,0.15792183578014374,0.14965780079364777,0.2766408622264862,0.2498665452003479
17,S3,LatCrit,local,local,0,local,local,0,0.5097708106040955,0.5178749561309814,0.008104145526885986,0.001088688150048256,0.03662094473838806,0.5097708106040955,0.5178749561309814,0.2790132761001587,0.28921961784362793,0.21121589839458466,0.19290544092655182
17,S3,ComHvy,local,local,0,local,local,0,0.5124826431274414,0.5396208167076111,0.027138173580169678,0.0019194334745407104,0.054276347160339355,0.5124826431274414,0.5396208167076111,0.21119552850723267,0.20917156338691711,0.2763218283653259,0.2512076199054718
17,S3,BWHvy,local,local,0,local,local,0,0.560981273651123,0.5462400317192078,-0.014741241931915283,0.0015178536996245384,0.04200418293476105,0.560981273651123,0.5462400317192078,0.1627698391675949,0.18377190828323364,0.27624890208244324,0.2699880301952362
17,S4,LatCrit,local,local,0,BS1,BS1,0,0.43865376710891724,0.4409217834472656,0.0022680163383483887,0.0004265615716576576,0.023969516158103943,0.43865376710891724,0.4409217834472656,0.314657062292099,0.30267229676246643,0.24668918550014496,0.25640591979026794
17,S4,ComHvy,local,local,0,local,local,0,0.4954603314399719,0.5110743045806885,0.015613973140716553,0.0004993276670575142,0.03122793138027191,0.4954603314399719,0.5110743045806885,0.20914314687252045,0.2010340690612793,0.2953965365886688,0.2878916561603546
17,S4,BWHvy,BS1,BS1,0,local,local,0,0.38143789768218994,0.40074750781059265,0.01930961012840271,0.004512816667556763,0.0879632830619812,0.3589532971382141,0.3149716854095459,0.38143789768218994,0.40074750781059265,0.25960877537727356,0.28428083658218384
17,S5,LatCrit,local,local,0,local,local,0,0.5088024139404297,0.5221951007843018,0.01339268684387207,0.003628753125667572,0.06914627552032471,0.5088024139404297,0.5221951007843018,0.2577855885028839,0.22321248054504395,0.233411967754364,0.2545924484729767
17,S5,ComHvy,local,local,0,local,local,0,0.41976678371429443,0.3964560627937317,-0.023310720920562744,0.0011865287087857723,0.04662144184112549,0.41976678371429443,0.3964560627937317,0.27818870544433594,0.293636679649353,0.30204448103904724,0.3099072277545929
17,S5,BWHvy,local,local,0,local,local,0,0.5350586175918579,0.5061467885971069,-0.028911828994750977,0.0017092665657401085,0.05782359838485718,0.5350586175918579,0.5061467885971069,0.22448451817035675,0.24149148166179657,0.24045690894126892,0.2523617148399353
17,S6,LatCrit,local,local,0,BS2,BS2,0,0.4235970377922058,0.4298834800720215,0.006286442279815674,0.000659378245472908,0.032673418521881104,0.4235970377922058,0.4298834800720215,0.23616982996463776,0.24622009694576263,0.34023311734199524,0.3238964080810547
17,S6,ComHvy,local,local,0,BS2,BS2,0,0.4507119655609131,0.46882379055023193,0.018111824989318848,0.0022849272936582565,0.053210511803627014,0.4507119655609131,0.46882379055023193,0.21182137727737427,0.18521614372730255,0.33746662735939026,0.3459600806236267
17,S6,BWHvy,local,local,0,local,local,0,0.4496961236000061,0.49927932024002075,0.04958319664001465,0.004929933696985245,0.0991663783788681,0.4496961236000061,0.49927932024002075,0.1741560995578766,0.15939782559871674,0.3761477768421173,0.3413228690624237
17,S7,LatCrit,local,local,0,local,local,0,0.5009958744049072,0.512884259223938,0.011888384819030762,0.0003112414851784706,0.023776769638061523,0.5009958744049072,0.512884259223938,0.25807425379753113,0.2545262575149536,0.24092984199523926,0.232589453458786
17,S7,ComHvy,local,local,0,local,local,0,0.4797137379646301,0.49152421951293945,0.011810481548309326,0.0012530116364359856,0.04506765305995941,0.4797137379646301,0.49152421951293945,0.3199654817581177,0.29743167757987976,0.200320765376091,0.21104413270950317
17,S7,BWHvy,local,local,0,local,local,0,0.5150496959686279,0.4884577989578247,-0.026591897010803223,0.0014780815690755844,0.05318385362625122,0.5150496959686279,0.4884577989578247,0.25501495599746704,0.2731344699859619,0.22993531823158264,0.23840776085853577
17,S8,LatCrit,local,local,0,local,local,0,0.5699561238288879,0.5652295351028442,-0.004726588726043701,4.8905378207564354e-05,0.00945320725440979,0.5699561238288879,0.5652295351028442,0.207541823387146,0.20895381271839142,0.22250205278396606,0.22581668198108673
17,S8,ComHvy,local,local,0,local,local,0,0.5726556777954102,0.5765477418899536,0.003892064094543457,0.0008446788415312767,0.030450791120529175,0.5726556777954102,0.5765477418899536,0.2465142458677292,0.2312888205051422,0.18083010613918304,0.1921634078025818
17,S8,BWHvy,local,local,0,local,local,0,0.5338598489761353,0.5226507782936096,-0.011209070682525635,0.0006416491232812405,0.031029075384140015,0.5338598489761353,0.5226507782936096,0.24002127349376678,0.2555358111858368,0.22611890733242035,0.22181344032287598
18,S1,LatCrit,local,local,0,local,local,0,0.6389191746711731,0.6468106508255005,0.007891476154327393,0.00040672277100384235,0.020880743861198425,0.6389191746711731,0.6468106508255005,0.16646389663219452,0.15602350234985352,0.1946169137954712,0.19716578722000122
18,S1,ComHvy,local,local,0,local,local,0,0.4611203074455261,0.4803727865219116,0.019252479076385498,0.002992577850818634,0.05980616807937622,0.4611203074455261,0.4803727865219116,0.3351263999938965,0.3457770049571991,0.2037532776594162,0.1738501936197281
18,S1,BWHvy,local,local,0,local,local,0,0.4362785816192627,0.43856680393218994,0.002288222312927246,7.356400601565838e-05,0.010977163910865784,0.4362785816192627,0.43856680393218994,0.37806689739227295,0.37257829308509827,0.18565455079078674,0.1888548880815506
18,S2,LatCrit,local,local,0,local,local,0,0.5158752202987671,0.5323514938354492,0.01647627353668213,0.0005556866526603699,0.03295262157917023,0.5158752202987671,0.5323514938354492,0.19349844753742218,0.18846407532691956,0.2906263470649719,0.27918437123298645
18,S2,ComHvy,local,local,0,local,local,0,0.5305485725402832,0.5042233467102051,-0.026325225830078125,0.0015221312642097473,0.052650466561317444,0.5305485725402832,0.5042233467102051,0.23036058247089386,0.23733772337436676,0.23909081518650055,0.25843891501426697
18,S2,BWHvy,local,local,0,local,local,0,0.4437636733055115,0.4420393705368042,-0.0017243027687072754,1.9080238416790962e-05,0.004798561334609985,0.4437636733055115,0.4420393705368042,0.3678898513317108,0.3672148883342743,0.1883464753627777,0.1907457709312439
18,S3,LatCrit,BS1,BS1,0,BS1,BS1,0,0.37305787205696106,0.386940062046051,0.013882189989089966,0.0014572357758879662,0.04991960525512695,0.3264312744140625,0.301471471786499,0.37305787205696106,0.386940062046051,0.30051082372665405,0.31158843636512756
18,S3,ComHvy,local,local,0,BS1,BS1,0,0.47849929332733154,0.4687883257865906,-0.009710967540740967,0.006620440632104874,0.09263157844543457,0.47849929332733154,0.4687883257865906,0.2629363536834717,0.30925214290618896,0.2585643529891968,0.22195953130722046
18,S3,BWHvy,local,local,0,local,local,0,0.4550005793571472,0.4394682049751282,-0.015532374382019043,0.005939997732639313,0.09448117017745972,0.4550005793571472,0.4394682049751282,0.27035167813301086,0.23864349722862244,0.27464771270751953,0.3218883275985718
18,S4,LatCrit,local,local,0,local,local,0,0.3964560627937317,0.38741493225097656,-0.009041130542755127,0.0001843044301494956,0.018082231283187866,0.3964560627937317,0.38741493225097656,0.349368155002594,0.3565461337566376,0.2541757822036743,0.2560389041900635
18,S4,ComHvy,local,local,0,local,local,0,0.4527018070220947,0.43792057037353516,-0.01478123664855957,0.0056861042976379395,0.09258115291595459,0.4527018070220947,0.43792057037353516,0.2512895464897156,0.21978020668029785,0.2960086464881897,0.342299222946167
18,S4,BWHvy,local,local,0,local,local,0,0.6116056442260742,0.6013466119766235,-0.010259032249450684,0.0002889535389840603,0.020518064498901367,0.6116056442260742,0.6013466119766235,0.23850932717323303,0.2411465346813202,0.14988502860069275,0.15750685334205627
18,S5,LatCrit,local,local,0,BS1,BS1,0,0.3552664518356323,0.34597909450531006,-0.009287357330322266,0.0009649451822042465,0.04095804691314697,0.3552664518356323,0.34597909450531006,0.336044043302536,0.3248523473739624,0.30868953466415405,0.32916852831840515
18,S5,ComHvy,local,local,0,local,local,0,0.5102061033248901,0.5621386170387268,0.05193251371383667,0.007233519107103348,0.10386499762535095,0.5102061033248901,0.5621386170387268,0.3007889986038208,0.2868565320968628,0.18900489807128906,0.1510048806667328
18,S5,BWHvy,local,local,0,local,local,0,0.5788900852203369,0.5454757809638977,-0.03341430425643921,0.0023328475654125214,0.06682860851287842,0.5788900852203369,0.5454757809638977,0.21951843798160553,0.23278801143169403,0.20159146189689636,0.22173619270324707
18,S6,LatCrit,local,local,0,local,local,0,0.5134015083312988,0.5292203426361084,0.01581883430480957,0.004340674728155136,0.05852711945772171,0.5134015083312988,0.5292203426361084,0.3555713891983032,0.3690160810947418,0.13102713227272034,0.1017635390162468
18,S6,ComHvy,local,local,0,BS1,BS1,0,0.4556678533554077,0.47212809324264526,0.01646023988723755,0.0005451389588415623,0.032920464873313904,0.4556678533554077,0.47212809324264526,0.2896363139152527,0.28040942549705505,0.2546958029270172,0.2474624663591385
18,S6,BWHvy,local,local,0,local,local,0,0.5489280819892883,0.5231602787971497,-0.025767803192138672,0.0016347449272871017,0.051535576581954956,0.5489280819892883,0.5231602787971497,0.19294433295726776,0.19537873566150665,0.2581275999546051,0.2814609706401825
18,S7,LatCrit,local,local,0,local,local,0,0.4903758764266968,0.48625457286834717,-0.004121303558349609,5.073950160294771e-05,0.008962094783782959,0.4903758764266968,0.48625457286834717,0.3010340631008148,0.3055151104927063,0.2085900455713272,0.20823030173778534
18,S7,ComHvy,local,local,0,local,local,0,0.484849214553833,0.4785591959953308,-0.006290018558502197,0.00042027607560157776,0.024592623114585876,0.484849214553833,0.4785591959953308,0.2829020023345947,0.2768957018852234,0.23224881291389465,0.244545117020607
18,S7,BWHvy,local,local,0,local,local,0,0.4307665228843689,0.4238309860229492,-0.006935536861419678,0.0012431740760803223,0.03859570622444153,0.4307665228843689,0.4238309860229492,0.3936103284358978,0.38124799728393555,0.17562317848205566,0.19492101669311523
18,S8,LatCrit,local,local,0,local,local,0,0.5135955810546875,0.5454823970794678,0.03188681602478027,0.00237167626619339,0.06377366185188293,0.5135955810546875,0.5454823970794678,0.3428867757320404,0.32793131470680237,0.1435176432132721,0.12658625841140747
18,S8,ComHvy,local,local,0,local,local,0,0.5272103548049927,0.5576499700546265,0.03043961524963379,0.0025234073400497437,0.06087912619113922,0.5272103548049927,0.5576499700546265,0.18382249772548676,0.18340465426445007,0.2889670729637146,0.25894540548324585
18,S8,BWHvy,local,local,0,local,local,0,0.5158230066299438,0.5456089377403259,0.02978593111038208,0.0019313385710120201,0.059571847319602966,0.5158230066299438,0.5456089377403259,0.16393323242664337,0.1485709846019745,0.3202437460422516,0.3058200776576996
19,S1,LatCrit,local,local,0,local,local,0,0.60857754945755,0.5695003271102905,-0.03907722234725952,0.0034585725516080856,0.07815445214509964,0.60857754945755,0.5695003271102905,0.2705038785934448,0.28940802812576294,0.12091860920190811,0.14109168946743011
19,S1,ComHvy,local,local,0,local,local,0,0.48098045587539673,0.49152588844299316,0.010545432567596436,0.0026546381413936615,0.060482487082481384,0.48098045587539673,0.49152588844299316,0.2416672259569168,0.26136305928230286,0.27735230326652527,0.24711108207702637
19,S1,BWHvy,local,local,0,local,local,0,0.5212550163269043,0.5413333177566528,0.020078301429748535,0.001511086942628026,0.044596582651138306,0.5212550163269043,0.5413333177566528,0.23617731034755707,0.21387901902198792,0.24256765842437744,0.24478764832019806
19,S2,LatCrit,local,local,0,BS2,BS2,0,0.4817068576812744,0.4578102231025696,-0.023896634578704834,0.0023597865365445614,0.059745341539382935,0.4817068576812744,0.4578102231025696,0.24584367871284485,0.2757163345813751,0.2724494934082031,0.2664734423160553
19,S2,ComHvy,local,local,0,local,local,0,0.5397063493728638,0.5142396092414856,-0.025466740131378174,0.00163164921104908,0.05093353986740112,0.5397063493728638,0.5142396092414856,0.19475598633289337,0.2146756500005722,0.2655376195907593,0.2710847556591034
19,S2,BWHvy,local,BS2,1,BS2,BS2,0,0.3551502227783203,0.3634030818939209,0.008252859115600586,0.001564105972647667,0.05217689275741577,0.3551502227783203,0.3363279104232788,0.3075351417064667,0.3002689778804779,0.3373146653175354,0.3634030818939209
19,S3,LatCrit,local,local,0,local,local,0,0.5380341410636902,0.5024820566177368,-0.03555208444595337,0.007921628654003143,0.10899190604686737,0.5380341410636902,0.5024820566177368,0.2470831573009491,0.22813929617404938,0.21488270163536072,0.269378662109375
19,S3,ComHvy,local,local,0,local,local,0,0.4780920147895813,0.4728277325630188,-0.0052642822265625,0.001679636538028717,0.04608486592769623,0.4780920147895813,0.4728277325630188,0.19062922894954681,0.1728510856628418,0.3312787711620331,0.3543212115764618
19,S3,BWHvy,local,local,0,local,local,0,0.5376815795898438,0.5372911691665649,-0.0003904104232788086,0.0005611991509795189,0.023145586252212524,0.5376815795898438,0.5372911691665649,0.23890183866024017,0.2504746615886688,0.2234165519475937,0.21223419904708862
19,S4,LatCrit,BS2,BS2,0,BS2,BS2,0,0.3979722559452057,0.40583184361457825,0.007859587669372559,0.00021011987701058388,0.018908903002738953,0.3541097640991211,0.3446553349494934,0.24791797995567322,0.24951286613941193,0.3979722559452057,0.40583184361457825
19,S4,ComHvy,local,local,0,local,local,0,0.5805808305740356,0.5661966800689697,-0.014384150505065918,0.000589284929446876,0.028768301010131836,0.5805808305740356,0.5661966800689697,0.22633926570415497,0.24019169807434082,0.193079873919487,0.19361159205436707
19,S4,BWHvy,local,local,0,local,local,0,0.5025829672813416,0.4724903106689453,-0.03009265661239624,0.002099421340972185,0.06018531322479248,0.5025829672813416,0.4724903106689453,0.22811713814735413,0.2508407235145569,0.2692998945713043,0.2766689658164978
19,S5,LatCrit,local,local,0,local,local,0,0.47992390394210815,0.5038955807685852,0.02397167682647705,0.0016150746960192919,0.048583537340164185,0.47992390394210815,0.5038955807685852,0.30128616094589233,0.27699437737464905,0.2187899500131607,0.21911002695560455
19,S5,ComHvy,local,local,0,local,local,0,0.5036075115203857,0.5125008821487427,0.008893370628356934,0.0023956559598445892,0.05457744002342224,0.5036075115203857,0.5125008821487427,0.23848752677440643,0.21119879186153412,0.257904976606369,0.276300311088562
19,S5,BWHvy,local,local,0,local,local,0,0.5052183866500854,0.49956274032592773,-0.005655646324157715,0.0003937454894185066,0.02330435812473297,0.5052183866500854,0.49956274032592773,0.22252139449119568,0.23417358100414276,0.2722601890563965,0.2662636637687683
19,S6,LatCrit,local,local,0,BS1,BS1,0,0.41185373067855835,0.4169750213623047,0.005121290683746338,0.0006284769624471664,0.028254270553588867,0.41185373067855835,0.4169750213623047,0.37526077032089233,0.38426661491394043,0.2128855139017105,0.19875837862491608
19,S6,ComHvy,local,local,0,local,local,0,0.4350792169570923,0.42243051528930664,-0.012648701667785645,0.0006921254098415375,0.03599365055561066,0.4350792169570923,0.42243051528930664,0.20265710353851318,0.1973089724779129,0.36226367950439453,0.38026049733161926
19,S6,BWHvy,local,local,0,local,local,0,0.4903453588485718,0.5039503574371338,0.013604998588562012,0.0003987876698374748,0.027210041880607605,0.4903453588485718,0.5039503574371338,0.2090628296136856,0.20090222358703613,0.3005918562412262,0.2951474189758301
19,S7,LatCrit,local,local,0,local,local,0,0.5108010172843933,0.517427384853363,0.0066263675689697266,0.001448802649974823,0.04257233440876007,0.5108010172843933,0.517427384853363,0.24457645416259766,0.25923624634742737,0.24462252855300903,0.2233363538980484
19,S7,ComHvy,local,local,0,local,local,0,0.4848169684410095,0.5313149094581604,0.04649794101715088,0.005436205305159092,0.09299585223197937,0.4848169684410095,0.5313149094581604,0.2922021448612213,0.2505415380001068,0.22298088669776917,0.21814358234405518
19,S7,BWHvy,local,local,0,local,local,0,0.51274573802948,0.522914469242096,0.010168731212615967,0.0007429979741573334,0.03165425360202789,0.51274573802948,0.522914469242096,0.26187822222709656,0.26753661036491394,0.22537602484226227,0.20954889059066772
19,S8,LatCrit,local,local,0,local,local,0,0.5405535697937012,0.5693967342376709,0.028843164443969727,0.0020193252712488174,0.057686373591423035,0.5405535697937012,0.5693967342376709,0.28646114468574524,0.2763424217700958,0.17298530042171478,0.1542608141899109
19,S8,ComHvy,local,local,0,local,local,0,0.4419386386871338,0.4456665515899658,0.0037279129028320312,0.0007627159357070923,0.03249697387218475,0.4419386386871338,0.4456665515899658,0.310127854347229,0.29387935996055603,0.2479335218667984,0.26045408844947815
19,S8,BWHvy,local,local,0,local,local,0,0.5454140901565552,0.5524405241012573,0.0070264339447021484,0.0020595919340848923,0.04717874526977539,0.5454140901565552,0.5524405241012573,0.2021021842956543,0.178512841463089,0.25248369574546814,0.2690466642379761
20,S1,LatCrit,local,local,0,local,local,0,0.643976092338562,0.6116557121276855,-0.032320380210876465,0.003322601318359375,0.0680871456861496,0.643976092338562,0.6116557121276855,0.1441115289926529,0.14238834381103516,0.2119123935699463,0.24595597386360168
20,S1,ComHvy,local,local,0,local,local,0,0.5268474221229553,0.531552791595459,0.004705369472503662,0.0004943972453474998,0.023617789149284363,0.5268474221229553,0.531552791595459,0.28477632999420166,0.2918798625469208,0.18837623298168182,0.17656734585762024
20,S1,BWHvy,local,BS1,1,BS2,BS2,0,0.4042307138442993,0.3771810233592987,-0.02704969048500061,0.003791412338614464,0.07956713438034058,0.4042307138442993,0.3697471618652344,0.3373974561691284,0.3771810233592987,0.25837182998657227,0.2530718147754669
20,S2,LatCrit,local,local,0,local,local,0,0.43806910514831543,0.4287002682685852,-0.009368836879730225,0.0002619278966449201,0.02060548961162567,0.43806910514831543,0.4287002682685852,0.3280600607395172,0.33836281299591064,0.23387081921100616,0.23293691873550415
20,S2,ComHvy,local,local,0,local,local,0,0.5095926523208618,0.5134363174438477,0.00384366512298584,0.002198474481701851,0.04998721182346344,0.5095926523208618,0.5134363174438477,0.28539592027664185,0.2604023218154907,0.20501141250133514,0.22616136074066162
20,S2,BWHvy,local,local,0,local,local,0,0.5202751159667969,0.5159761309623718,-0.004298985004425049,0.0024365633726119995,0.051674842834472656,0.5202751159667969,0.5159761309623718,0.2814043164253235,0.2598658800125122,0.19832056760787964,0.22415798902511597
20,S3,LatCrit,local,local,0,local,local,0,0.4655829071998596,0.4098217487335205,-0.05576115846633911,0.017059579491615295,0.1775992214679718,0.4655829071998596,0.4098217487335205,0.22517329454421997,0.192134827375412,0.3092438280582428,0.3980434238910675
20,S3,ComHvy,local,local,0,BS2,BS2,0,0.4288007616996765,0.4317600131034851,0.0029592514038085938,0.00881955400109291,0.10264790058135986,0.4288007616996765,0.4317600131034851,0.2683684229850769,0.31673309206962585,0.30283084511756897,0.25150686502456665
20,S3,BWHvy,local,local,0,local,local,0,0.499431312084198,0.531801164150238,0.03236985206604004,0.0059734731912612915,0.09347721934318542,0.499431312084198,0.531801164150238,0.22796812653541565,0.24233689904212952,0.27260056138038635,0.22586196660995483
20,S4,LatCrit,local,local,0,local,local,0,0.4693775773048401,0.5116854906082153,0.042307913303375244,0.004320554435253143,0.08461588621139526,0.4693775773048401,0.5116854906082153,0.23880535364151,0.20699691772460938,0.2918170988559723,0.2813175618648529
20,S4,ComHvy,local,local,0,local,local,0,0.5031884908676147,0.5082671046257019,0.005078613758087158,0.0018838178366422653,0.04772907495498657,0.5031884908676147,0.5082671046257019,0.22654230892658234,0.24532824754714966,0.2702691853046417,0.24640466272830963
20,S4,BWHvy,local,local,0,local,local,0,0.4685097932815552,0.452451229095459,-0.01605856418609619,0.00056812958791852,0.032117173075675964,0.4685097932815552,0.452451229095459,0.20902080833911896,0.2189636528491974,0.3224693834781647,0.328585147857666
20,S5,LatCrit,local,local,0,local,local,0,0.48763859272003174,0.4654207229614258,-0.022217869758605957,0.0014626160264015198,0.044435739517211914,0.48763859272003174,0.4654207229614258,0.2825239300727844,0.28333044052124023,0.22983747720718384,0.251248836517334
20,S5,ComHvy,local,local,0,local,local,0,0.5374457836151123,0.5033093690872192,-0.034136414527893066,0.00733204185962677,0.11053696274757385,0.5374457836151123,0.5033093690872192,0.1881585270166397,0.16702644526958466,0.27439573407173157,0.3296642005443573
20,S5,BWHvy,local,local,0,local,local,0,0.6045863628387451,0.5987266898155212,-0.005859673023223877,0.0001180870458483696,0.011719375848770142,0.6045863628387451,0.5987266898155212,0.20768103003501892,0.20768201351165771,0.18773257732391357,0.19359129667282104
20,S6,LatCrit,local,local,0,local,local,0,0.4289599657058716,0.4294813275337219,0.0005213618278503418,0.0003433758392930031,0.020013555884361267,0.4289599657058716,0.4294813275337219,0.32066506147384644,0.33015045523643494,0.25037500262260437,0.24036820232868195
20,S6,ComHvy,local,local,0,local,local,0,0.41334688663482666,0.39989519119262695,-0.013451695442199707,0.0005183359608054161,0.027445852756500244,0.41334688663482666,0.39989519119262695,0.275985449552536,0.2757142186164856,0.31066766381263733,0.32439059019088745
20,S6,BWHvy,local,local,0,local,local,0,0.4858062267303467,0.4641866683959961,-0.021619558334350586,0.0009486889466643333,0.04323914647102356,0.4858062267303467,0.4641866683959961,0.2282378226518631,0.23611409962177277,0.28595593571662903,0.29969924688339233
20,S7,LatCrit,local,local,0,local,local,0,0.5719301700592041,0.5811234712600708,0.0091933012008667,0.00020722125191241503,0.018386557698249817,0.5719301700592041,0.5811234712600708,0.26371249556541443,0.25547701120376587,0.16435731947422028,0.16339954733848572
20,S7,ComHvy,local,local,0,BS2,BS2,0,0.4900779128074646,0.49924391508102417,0.00916600227355957,0.00017981277778744698,0.01833195984363556,0.4900779128074646,0.49924391508102417,0.24324679374694824,0.24057672917842865,0.26667529344558716,0.26017940044403076
20,S7,BWHvy,local,local,0,local,local,0,0.4537094831466675,0.46181851625442505,0.008109033107757568,0.0055513158440589905,0.08495986461639404,0.4537094831466675,0.46181851625442505,0.2326016128063202,0.26697251200675964,0.3136889338493347,0.2712090015411377
20,S8,LatCrit,local,local,0,local,local,0,0.4842481017112732,0.5002294182777405,0.015981316566467285,0.0017192363739013672,0.04932570457458496,0.4842481017112732,0.5002294182777405,0.2695072591304779,0.2781887948513031,0.2462446391582489,0.22158178687095642
20,S8,ComHvy,local,local,0,local,local,0,0.5551657676696777,0.5610601305961609,0.005894362926483154,0.001571493223309517,0.03986614942550659,0.5551657676696777,0.5610601305961609,0.18203021585941315,0.16209711134433746,0.2628040611743927,0.27684274315834045
20,S8,BWHvy,local,local,0,local,local,0,0.5682152509689331,0.6041730046272278,0.03595775365829468,0.002738170325756073,0.07191546261310577,0.5682152509689331,0.6041730046272278,0.18571950495243073,0.16697970032691956,0.2460651993751526,0.22884729504585266
21,S1,LatCrit,local,local,0,local,local,0,0.5423670411109924,0.513068675994873,-0.029298365116119385,0.001721428707242012,0.058596789836883545,0.5423670411109924,0.513068675994873,0.2873501777648926,0.30532705783843994,0.1702827662229538,0.1816043108701706
21,S1,ComHvy,local,local,0,local,local,0,0.5319613218307495,0.5312227010726929,-0.0007386207580566406,0.0018660351634025574,0.042110517621040344,0.5319613218307495,0.5312227010726929,0.19086819887161255,0.21192346513271332,0.27717044949531555,0.2568538188934326
21,S1,BWHvy,local,local,0,local,local,0,0.500019907951355,0.49000245332717896,-0.010017454624176025,0.0012634843587875366,0.04189549386501312,0.500019907951355,0.49000245332717896,0.28136205673217773,0.2704317569732666,0.21861805021762848,0.23956578969955444
21,S2,LatCrit,local,local,0,local,local,0,0.5186226963996887,0.5443682074546814,0.025745511054992676,0.0017771758139133453,0.051490992307662964,0.5186226963996887,0.5443682074546814,0.22347666323184967,0.22130589187145233,0.2579006254673004,0.23432591557502747
21,S2,ComHvy,local,local,0,local,local,0,0.501724898815155,0.47123390436172485,-0.030490994453430176,0.0018727686256170273,0.060982003808021545,0.501724898815155,0.47123390436172485,0.2472579926252365,0.2606792449951172,0.25101712346076965,0.26808688044548035
21,S2,BWHvy,local,local,0,local,local,0,0.45081210136413574,0.43545669317245483,-0.015355408191680908,0.0011512581259012222,0.04215934872627258,0.45081210136413574,0.43545669317245483,0.2946062982082367,0.2888820469379425,0.2545815706253052,0.27566125988960266
21,S3,LatCrit,local,local,0,local,local,0,0.5118754506111145,0.4893431067466736,-0.022532343864440918,0.004140149801969528,0.08220644295215607,0.5118754506111145,0.4893431067466736,0.2074422389268875,0.1888713538646698,0.2806823253631592,0.3217855393886566
21,S3,ComHvy,local,local,0,local,local,0,0.4821622967720032,0.48832589387893677,0.006163597106933594,0.0003525456413626671,0.023931875824928284,0.4821622967720032,0.48832589387893677,0.1996091604232788,0.20541150867938995,0.318228542804718,0.3062626123428345
21,S3,BWHvy,local,local,0,local,local,0,0.5409759283065796,0.5472011566162109,0.006225228309631348,0.0006651813164353371,0.028616786003112793,0.5409759283065796,0.5472011566162109,0.21482999622821808,0.20052161812782288,0.24419407546520233,0.2522772550582886
21,S4,LatCrit,local,local,0,local,local,0,0.4329153895378113,0.4304071068763733,-0.0025082826614379883,1.57882459461689e-05,0.005016639828681946,0.4329153895378113,0.4304071068763733,0.2472815364599228,0.24745160341262817,0.31980302929878235,0.3221413195133209
21,S4,ComHvy,local,local,0,BS1,BS1,0,0.4869099259376526,0.4904080629348755,0.0034981369972229004,0.0006865244358778,0.029567182064056396,0.4869099259376526,0.4904080629348755,0.2426680624485016,0.2539535164833069,0.27042198181152344,0.25563839077949524
21,S4,BWHvy,local,local,0,local,local,0,0.49246925115585327,0.4766002893447876,-0.015868961811065674,0.0006019382271915674,0.031737878918647766,0.49246925115585327,0.4766002893447876,0.2410743087530136,0.2537381947040558,0.2664564847946167,0.2696615159511566
21,S5,LatCrit,local,local,0,BS1,local,1,0.48879802227020264,0.5026890635490417,0.013891041278839111,0.0014875717461109161,0.04546341300010681,0.48879802227020264,0.5026890635490417,0.23934341967105865,0.21661169826984406,0.2718585729598999,0.280699223279953
21,S5,ComHvy,local,local,0,local,local,0,0.5141193866729736,0.5136675834655762,-0.00045180320739746094,0.0005058534443378448,0.022578895092010498,0.5141193866729736,0.5136675834655762,0.22959233820438385,0.21875472366809845,0.25628823041915894,0.2675777077674866
21,S5,BWHvy,local,local,0,local,local,0,0.5376586318016052,0.5223281383514404,-0.015330493450164795,0.0004742271266877651,0.030661016702651978,0.5376586318016052,0.5223281383514404,0.224842369556427,0.23312339186668396,0.23749898374080658,0.2445484846830368
21,S6,LatCrit,local,local,0,local,local,0,0.5455304384231567,0.5454050898551941,-0.00012534856796264648,2.9178918339312077e-06,0.001685306429862976,0.5455304384231567,0.5454050898551941,0.2705385088920593,0.2698211967945099,0.18393106758594513,0.18477371335029602
21,S6,ComHvy,local,local,0,BS2,BS2,0,0.47373706102371216,0.4707639813423157,-0.0029730796813964844,0.0005198996514081955,0.026177778840065002,0.47373706102371216,0.4707639813423157,0.2475820630788803,0.2374662458896637,0.2786808907985687,0.29176977276802063
21,S6,BWHvy,local,local,0,local,local,0,0.5701038837432861,0.5578913688659668,-0.012212514877319336,0.0018940195441246033,0.050512462854385376,0.5701038837432861,0.5578913688659668,0.2072986215353012,0.19425490498542786,0.22259752452373505,0.24785375595092773
21,S7,LatCrit,local,local,0,local,local,0,0.45576006174087524,0.45372122526168823,-0.0020388364791870117,0.0003292476758360863,0.020591914653778076,0.45576006174087524,0.45372122526168823,0.29472553730010986,0.28646841645240784,0.2495144009590149,0.25981035828590393
21,S7,ComHvy,local,local,0,local,local,0,0.5759828090667725,0.5724259614944458,-0.00355684757232666,0.0007697399705648422,0.028880491852760315,0.5759828090667725,0.5724259614944458,0.17109033465385437,0.16020695865154266,0.2529267966747284,0.26736706495285034
21,S7,BWHvy,local,local,0,local,local,0,0.48278266191482544,0.46531832218170166,-0.01746433973312378,0.0008791536092758179,0.03492863476276398,0.48278266191482544,0.46531832218170166,0.28008878231048584,0.28097230195999146,0.2371286004781723,0.2537093758583069
21,S8,LatCrit,local,local,0,local,local,0,0.5843759179115295,0.5671930313110352,-0.017182886600494385,0.0037091970443725586,0.06999017298221588,0.5843759179115295,0.5671930313110352,0.20932637155056,0.24432148039340973,0.20629772543907166,0.1884855479001999
21,S8,ComHvy,local,local,0,local,local,0,0.41079843044281006,0.43035972118377686,0.019561290740966797,0.0008270693942904472,0.03912252187728882,0.41079843044281006,0.43035972118377686,0.33698299527168274,0.3292182981967926,0.2522185444831848,0.24042201042175293
21,S8,BWHvy,local,local,0,local,local,0,0.47581207752227783,0.4552035331726074,-0.02060854434967041,0.0025717876851558685,0.067104771733284,0.47581207752227783,0.4552035331726074,0.21732757985591888,0.2043837308883667,0.3068603575229645,0.3404127359390259
22,S1,LatCrit,local,local,0,local,local,0,0.46159911155700684,0.4692791700363159,0.007680058479309082,0.00012502912431955338,0.01536010205745697,0.46159911155700684,0.4692791700363159,0.24610784649848938,0.2412990778684616,0.2922930419445038,0.28942176699638367
22,S1,ComHvy,local,local,0,local,local,0,0.42343252897262573,0.422728955745697,-0.0007035732269287109,2.893689088523388e-05,0.006417036056518555,0.42343252897262573,0.422728955745697,0.2686769366264343,0.26617199182510376,0.30789053440093994,0.3110990524291992
22,S1,BWHvy,local,local,0,local,local,0,0.6225840449333191,0.6267392039299011,0.004155158996582031,3.955990541726351e-05,0.008310303092002869,0.6225840449333191,0.6267392039299011,0.16843850910663605,0.16588033735752106,0.20897744596004486,0.207380473613739
22,S2,LatCrit,local,local,0,local,local,0,0.43674349784851074,0.4346998333930969,-0.0020436644554138184,3.5328324884176254e-05,0.0074370503425598145,0.43674349784851074,0.4346998333930969,0.29716169834136963,0.29548683762550354,0.26609480381011963,0.26981332898139954
22,S2,ComHvy,local,local,0,local,local,0,0.5499551296234131,0.5756404995918274,0.025685369968414307,0.0020391885191202164,0.051370665431022644,0.5499551296234131,0.5756404995918274,0.2537219822406769,0.25087547302246094,0.19632282853126526,0.17348404228687286
22,S2,BWHvy,local,local,0,local,BS1,1,0.46188104152679443,0.45388537645339966,-0.007995665073394775,0.0008298568427562714,0.03670893609523773,0.46188104152679443,0.45388537645339966,0.3451915681362152,0.3635460138320923,0.19292740523815155,0.18256857991218567
22,S3,LatCrit,local,local,0,local,local,0,0.44857949018478394,0.4539179801940918,0.005338490009307861,5.922839045524597e-05,0.010676950216293335,0.44857949018478394,0.4539179801940918,0.24449405074119568,0.2427968978881836,0.3069264590740204,0.303285151720047
22,S3,ComHvy,local,local,0,local,local,0,0.5189144611358643,0.5314221382141113,0.01250767707824707,0.00037424545735120773,0.025015413761138916,0.5189144611358643,0.5314221382141113,0.2918034493923187,0.2878345847129822,0.1892821341753006,0.1807432621717453
22,S3,BWHvy,local,local,0,local,local,0,0.48858821392059326,0.4922773241996765,0.003689110279083252,0.00015886034816503525,0.015482813119888306,0.48858821392059326,0.4922773241996765,0.23507867753505707,0.23913098871707916,0.2763330638408661,0.26859167218208313
22,S4,LatCrit,local,local,0,local,local,0,0.5637704133987427,0.5512561202049255,-0.012514293193817139,0.0004292130470275879,0.025448083877563477,0.5637704133987427,0.5512561202049255,0.27258244156837463,0.285306453704834,0.16364718973636627,0.16343741118907928
22,S4,ComHvy,local,local,0,BS1,BS1,0,0.43427908420562744,0.4571378231048584,0.022858738899230957,0.0031056515872478485,0.06775259971618652,0.43427908420562744,0.4571378231048584,0.296010285615921,0.3070278465747833,0.26971063017845154,0.23583433032035828
22,S4,BWHvy,local,local,0,local,local,0,0.5306879281997681,0.5596625804901123,0.02897465229034424,0.0017805565148591995,0.05794927477836609,0.5306879281997681,0.5596625804901123,0.15882253646850586,0.1450861096382141,0.3104895353317261,0.29525133967399597
22,S5,LatCrit,local,local,0,BS1,BS1,0,0.5573098659515381,0.5412867069244385,-0.01602315902709961,0.0017816657200455666,0.05151352286338806,0.5573098659515381,0.5412867069244385,0.23620569705963135,0.2619624733924866,0.20648443698883057,0.19675084948539734
22,S5,ComHvy,local,local,0,local,local,0,0.6596125960350037,0.6733636856079102,0.013751089572906494,0.000585290021263063,0.0275021493434906,0.6596125960350037,0.6733636856079102,0.17363518476486206,0.16163811087608337,0.16675221920013428,0.16499823331832886
22,S5,BWHvy,local,local,0,BS2,BS2,0,0.4347318410873413,0.4413600564002991,0.006628215312957764,0.00022908556275069714,0.019026637077331543,0.4347318410873413,0.4413600564002991,0.2814268469810486,0.2719135582447052,0.2838412821292877,0.2867264151573181
22,S6,LatCrit,local,local,0,local,local,0,0.4275767207145691,0.44008904695510864,0.01251232624053955,0.00038289744406938553,0.02502460777759552,0.4275767207145691,0.44008904695510864,0.3483152985572815,0.3447969853878021,0.22410793602466583,0.21511396765708923
22,S6,ComHvy,local,local,0,local,local,0,0.535746693611145,0.5413058400154114,0.005559146404266357,0.0018837861716747284,0.04530709981918335,0.535746693611145,0.5413058400154114,0.2515256106853485,0.26862001419067383,0.21272768080234528,0.1900741308927536
22,S6,BWHvy,local,local,0,local,local,0,0.49187374114990234,0.488248348236084,-0.0036253929138183594,0.0009031137451529503,0.03351287543773651,0.49187374114990234,0.488248348236084,0.24205248057842255,0.2588089108467102,0.2660737633705139,0.2529427111148834
22,S7,LatCrit,local,local,0,local,local,0,0.6094746589660645,0.634194016456604,0.02471935749053955,0.0015900423750281334,0.049438655376434326,0.6094746589660645,0.634194016456604,0.17239199578762054,0.15456408262252808,0.21813331544399261,0.2112419307231903
22,S7,ComHvy,local,BS2,1,BS2,BS2,0,0.44205331802368164,0.42589887976646423,-0.016154438257217407,0.0009317174553871155,0.041403934359550476,0.44205331802368164,0.42335349321365356,0.15274977684020996,0.1507476419210434,0.4051969051361084,0.42589887976646423
22,S7,BWHvy,local,local,0,local,local,0,0.44929754734039307,0.47429436445236206,0.024996817111968994,0.006129059940576553,0.09077589213848114,0.44929754734039307,0.47429436445236206,0.24505066871643066,0.1996627300977707,0.30565178394317627,0.32604292035102844
22,S8,LatCrit,local,local,0,local,local,0,0.5127261877059937,0.5035080909729004,-0.009218096733093262,0.00029623997397720814,0.020534604787826538,0.5127261877059937,0.5035080909729004,0.2440764456987381,0.25434374809265137,0.24319736659526825,0.24214816093444824
22,S8,ComHvy,local,local,0,local,local,0,0.5628296136856079,0.5368756055831909,-0.025954008102416992,0.0026796709280461073,0.05926801264286041,0.5628296136856079,0.5368756055831909,0.1963711977005005,0.2260051965713501,0.2407991886138916,0.2371191829442978
22,S8,BWHvy,local,local,0,local,local,0,0.5013402700424194,0.5157754421234131,0.014435172080993652,0.0004170895554125309,0.028870388865470886,0.5013402700424194,0.5157754421234131,0.30445703864097595,0.2955055236816406,0.1942027360200882,0.1887190341949463
23,S1,LatCrit,local,local,0,BS1,BS1,0,0.40972793102264404,0.40664422512054443,-0.0030837059020996094,0.0009172018617391586,0.035745978355407715,0.40972793102264404,0.40664422512054443,0.2904394865036011,0.30831247568130493,0.2998325824737549,0.28504329919815063
23,S1,ComHvy,local,local,0,BS2,BS2,0,0.3794470429420471,0.39973771572113037,0.020290672779083252,0.0008814679458737373,0.04058130085468292,0.3794470429420471,0.39973771572113037,0.24400359392166138,0.23828665912151337,0.3765493333339691,0.36197564005851746
23,S1,BWHvy,local,local,0,local,local,0,0.5818071961402893,0.6040918827056885,0.02228468656539917,0.002717055846005678,0.05427753925323486,0.5818071961402893,0.6040918827056885,0.1818816363811493,0.15474288165569305,0.2363111823797226,0.24116528034210205
23,S2,LatCrit,local,local,0,local,local,0,0.47770893573760986,0.5022814273834229,0.02457249164581299,0.002458706498146057,0.05820511281490326,0.47770893573760986,0.5022814273834229,0.26869988441467285,0.2732299268245697,0.2535911798477173,0.22448860108852386
23,S2,ComHvy,local,local,0,local,local,0,0.5516228675842285,0.5233652591705322,-0.02825760841369629,0.0017159897834062576,0.0565151572227478,0.5516228675842285,0.5233652591705322,0.20634372532367706,0.22465810179710388,0.2420334368944168,0.2519766092300415
23,S2,BWHvy,local,local,0,BS2,BS2,0,0.36158281564712524,0.3764461874961853,0.014863371849060059,0.003557458519935608,0.07580399513244629,0.36158281564712524,0.3764461874961853,0.31581372022628784,0.2779116928577423,0.3226034939289093,0.34564208984375
23,S3,LatCrit,local,local,0,local,local,0,0.47480911016464233,0.48529988527297974,0.010490775108337402,0.006329318508505821,0.07554243505001068,0.47480911016464233,0.48529988527297974,0.16189098358154297,0.12411977350711823,0.3632998764514923,0.39058032631874084
23,S3,ComHvy,local,local,0,BS1,BS2,1,0.46365147829055786,0.4444403648376465,-0.019211113452911377,0.0027581900358200073,0.06474758684635162,0.46365147829055786,0.4444403648376465,0.3025572896003723,0.2893945872783661,0.23379124701023102,0.26616501808166504
23,S3,BWHvy,local,local,0,local,local,0,0.5875684022903442,0.5935157537460327,0.0059473514556884766,0.002282867208123207,0.04756893217563629,0.5875684022903442,0.5935157537460327,0.19883476197719574,0.1750503033399582,0.21359680593013763,0.2314339280128479
23,S4,LatCrit,local,local,0,local,local,0,0.43567997217178345,0.42433369159698486,-0.011346280574798584,0.0005184488254599273,0.024476006627082825,0.43567997217178345,0.42433369159698486,0.19591981172561646,0.20815782248973846,0.3684002161026001,0.36750850081443787
23,S4,ComHvy,local,local,0,local,local,0,0.507770836353302,0.5273564457893372,0.019585609436035156,0.0027547702193260193,0.06045795977115631,0.507770836353302,0.5273564457893372,0.26185187697410583,0.27249523997306824,0.23037730157375336,0.2001483142375946
23,S4,BWHvy,local,local,0,BS1,BS1,0,0.469332218170166,0.45555007457733154,-0.013782143592834473,0.001001136377453804,0.04101519286632538,0.469332218170166,0.45555007457733154,0.2440018653869629,0.23727641999721527,0.2866659164428711,0.3071735203266144
23,S5,LatCrit,local,local,0,local,local,0,0.5357019305229187,0.5653934478759766,0.02969151735305786,0.0018145851790904999,0.0593830943107605,0.5357019305229187,0.5653934478759766,0.2997455596923828,0.2782476544380188,0.16455252468585968,0.15635885298252106
23,S5,ComHvy,local,local,0,local,local,0,0.42432743310928345,0.4046056866645813,-0.01972174644470215,0.001010071486234665,0.03968752920627594,0.42432743310928345,0.4046056866645813,0.22218532860279083,0.22206330299377441,0.3534872233867645,0.3733309805393219
23,S5,BWHvy,local,local,0,local,local,0,0.45450884103775024,0.44194871187210083,-0.012560129165649414,0.0005544796586036682,0.031149163842201233,0.45450884103775024,0.44194871187210083,0.2155422866344452,0.21252785623073578,0.3299488425254822,0.3455234467983246
23,S6,LatCrit,local,local,0,local,local,0,0.453411340713501,0.43582677841186523,-0.017584562301635742,0.0014572199434041977,0.037907227873802185,0.453411340713501,0.43582677841186523,0.3965272903442383,0.3951582610607147,0.15006135404109955,0.16901499032974243
23,S6,ComHvy,local,local,0,BS2,BS2,0,0.4253457188606262,0.41692686080932617,-0.008418858051300049,0.00014686118811368942,0.016837701201438904,0.4253457188606262,0.41692686080932617,0.24607501924037933,0.2503001093864441,0.32857927680015564,0.33277302980422974
23,S6,BWHvy,local,local,0,local,local,0,0.46029794216156006,0.4482821226119995,-0.012015819549560547,0.0012967642396688461,0.04455697536468506,0.46029794216156006,0.4482821226119995,0.24541231989860535,0.2676908075809479,0.294289767742157,0.284027099609375
23,S7,LatCrit,local,local,0,local,local,0,0.5506957173347473,0.5555517673492432,0.00485605001449585,5.0220522098243237e-05,0.009712070226669312,0.5506957173347473,0.5555517673492432,0.22339779138565063,0.22023631632328033,0.22590649127960205,0.2242119461297989
23,S7,ComHvy,local,local,0,local,local,0,0.4855858087539673,0.5009415149688721,0.015355706214904785,0.0008805692195892334,0.03900134563446045,0.4855858087539673,0.5009415149688721,0.1825110912322998,0.18665605783462524,0.3319031000137329,0.3124024271965027
23,S7,BWHvy,local,local,0,local,local,0,0.5044291019439697,0.5389422178268433,0.034513115882873535,0.0030312915332615376,0.06902623176574707,0.5044291019439697,0.5389422178268433,0.30733558535575867,0.27446046471595764,0.1882353127002716,0.1865973174571991
23,S8,LatCrit,local,local,0,local,local,0,0.5401358604431152,0.5231962203979492,-0.016939640045166016,0.0023151058703660965,0.06043693423271179,0.5401358604431152,0.5231962203979492,0.27719518542289734,0.30741366744041443,0.18266898393630981,0.16939017176628113
23,S8,ComHvy,local,local,0,local,local,0,0.5062658786773682,0.5124580264091492,0.006192147731781006,0.0009914133697748184,0.036586374044418335,0.5062658786773682,0.5124580264091492,0.21213091909885406,0.22423194348812103,0.28160321712493896,0.2633100152015686
23,S8,BWHvy,local,local,0,local,local,0,0.5375615358352661,0.5192008018493652,-0.01836073398590088,0.0010250210762023926,0.037750303745269775,0.5375615358352661,0.5192008018493652,0.22174590826034546,0.22123150527477264,0.24069254100322723,0.2595677077770233
24,S1,LatCrit,local,local,0,local,local,0,0.4955291748046875,0.4976195693016052,0.0020903944969177246,0.0007626041769981384,0.029489368200302124,0.4955291748046875,0.4976195693016052,0.2487855702638626,0.23404087126255035,0.2556852698326111,0.2683395445346832
24,S1,ComHvy,local,local,0,local,local,0,0.4464632272720337,0.4548027515411377,0.008339524269104004,0.0017800144851207733,0.05151370167732239,0.4464632272720337,0.4548027515411377,0.21800313889980316,0.23542048037052155,0.33553361892700195,0.30977678298950195
24,S1,BWHvy,local,local,0,local,local,0,0.5787349939346313,0.5666351914405823,-0.012099802494049072,0.0003828108310699463,0.024199649691581726,0.5787349939346313,0.5666351914405823,0.22121192514896393,0.2232392579317093,0.20005305111408234,0.21012556552886963
24,S2,LatCrit,local,local,0,local,local,0,0.4548031687736511,0.44263237714767456,-0.012170791625976562,0.0008064322173595428,0.037941545248031616,0.4548031687736511,0.44263237714767456,0.3246787488460541,0.3436495065689087,0.220518097281456,0.21371810138225555
24,S2,ComHvy,local,local,0,local,local,0,0.6097366213798523,0.6221593618392944,0.012422740459442139,0.0012285388074815273,0.03925091028213501,0.6097366213798523,0.6221593618392944,0.213645800948143,0.1940203458070755,0.1766175776720047,0.18382029235363007
24,S2,BWHvy,local,local,0,BS1,BS1,0,0.4313719868659973,0.41254544258117676,-0.018826544284820557,0.0037794727832078934,0.07900458574295044,0.4313719868659973,0.41254544258117676,0.2749033272266388,0.314405620098114,0.2937247157096863,0.2730489671230316
24,S3,LatCrit,local,local,0,BS1,BS2,1,0.421908974647522,0.3919806480407715,-0.02992832660675049,0.00442948192358017,0.08914566040039062,0.421908974647522,0.3919806480407715,0.2641628086566925,0.24951833486557007,0.31392818689346313,0.35850104689598083
24,S3,ComHvy,local,local,0,local,local,0,0.5089744329452515,0.49754130840301514,-0.011433124542236328,0.0005533946678042412,0.02772367000579834,0.5089744329452515,0.49754130840301514,0.2669908404350281,0.26456212997436523,0.22403471171855927,0.23789654672145844
24,S3,BWHvy,local,local,0,local,local,0,0.46944087743759155,0.4722210168838501,0.002780139446258545,0.001519564539194107,0.042326584458351135,0.46944087743759155,0.4722210168838501,0.19561134278774261,0.21399450302124023,0.33494776487350464,0.31378448009490967
24,S4,LatCrit,local,local,0,local,local,0,0.5111846923828125,0.5320015549659729,0.0208168625831604,0.0016086511313915253,0.05076013505458832,0.5111846923828125,0.5320015549659729,0.1897449493408203,0.19430817663669586,0.2990703284740448,0.27369028329849243
24,S4,ComHvy,local,local,0,local,local,0,0.4510263204574585,0.45667654275894165,0.005650222301483154,0.0027740690857172012,0.05823974311351776,0.4510263204574585,0.45667654275894165,0.3032386600971222,0.3267083168029785,0.24573498964309692,0.21661512553691864
24,S4,BWHvy,local,local,0,local,local,0,0.5914357900619507,0.5950449705123901,0.003609180450439453,5.139457789482549e-05,0.007444202899932861,0.5914357900619507,0.5950449705123901,0.1738387942314148,0.17011669278144836,0.23472543060779572,0.2348383516073227
24,S5,LatCrit,local,local,0,local,local,0,0.5215743780136108,0.5331665277481079,0.01159214973449707,0.000679871067404747,0.031421318650245667,0.5215743780136108,0.5331665277481079,0.24958392977714539,0.23387323319911957,0.22884175181388855,0.23296022415161133
24,S5,ComHvy,local,local,0,local,local,0,0.571250319480896,0.5812222957611084,0.009971976280212402,0.0011661304160952568,0.036188721656799316,0.571250319480896,0.5812222957611084,0.1848752349615097,0.16678090393543243,0.24387440085411072,0.25199681520462036
24,S5,BWHvy,local,local,0,local,local,0,0.44828933477401733,0.4637323021888733,0.015442967414855957,0.0009371016640216112,0.03450292348861694,0.44828933477401733,0.4637323021888733,0.23299749195575714,0.21574606001377106,0.31871315836906433,0.32052168250083923
24,S6,LatCrit,local,local,0,local,local,0,0.44231027364730835,0.4448733329772949,0.0025630593299865723,5.801301449537277e-05,0.00902324914932251,0.44231027364730835,0.4448733329772949,0.3277161419391632,0.3296647071838379,0.22997359931468964,0.22546197474002838
24,S6,ComHvy,local,local,0,local,local,0,0.486674427986145,0.5008318424224854,0.014157414436340332,0.0039108991622924805,0.06955581903457642,0.486674427986145,0.5008318424224854,0.2885979413986206,0.3092184364795685,0.22472763061523438,0.18994972109794617
24,S6,BWHvy,local,local,0,local,local,0,0.48185795545578003,0.4813687205314636,-0.0004892349243164062,1.219345722347498e-05,0.00397944450378418,0.48185795545578003,0.4813687205314636,0.26289305090904236,0.26488277316093445,0.2552489936351776,0.25374850630760193
24,S7,LatCrit,local,local,0,local,local,0,0.5712356567382812,0.5879803895950317,0.01674473285675049,0.0007904083468019962,0.03348945081233978,0.5712356567382812,0.5879803895950317,0.22738227248191833,0.2119990736246109,0.2013821005821228,0.20002058148384094
24,S7,ComHvy,local,local,0,local,local,0,0.4870988130569458,0.4720258116722107,-0.015073001384735107,0.0012660454958677292,0.045499444007873535,0.4870988130569458,0.4720258116722107,0.24145571887493134,0.23377899825572968,0.27144545316696167,0.29419517517089844
24,S7,BWHvy,local,local,0,BS2,BS2,0,0.43776702880859375,0.4612470269203186,0.023479998111724854,0.0013078562915325165,0.04695999622344971,0.43776702880859375,0.4612470269203186,0.28457850217819214,0.26559075713157654,0.2776544392108917,0.27316218614578247
24,S8,LatCrit,local,local,0,local,local,0,0.5641957521438599,0.5753792524337769,0.011183500289916992,0.00031447969377040863,0.022367000579833984,0.5641957521438599,0.5753792524337769,0.22761812806129456,0.22526668012142181,0.2081860899925232,0.19935403764247894
24,S8,ComHvy,local,local,0,BS2,BS2,0,0.46060436964035034,0.43587958812713623,-0.02472478151321411,0.0013149678707122803,0.04944956302642822,0.46060436964035034,0.43587958812713623,0.24761104583740234,0.2637051045894623,0.2917845845222473,0.3004153072834015
24,S8,BWHvy,local,local,0,local,local,0,0.4992392063140869,0.5219483375549316,0.022709131240844727,0.0012987703084945679,0.045418232679367065,0.4992392063140869,0.5219483375549316,0.26248031854629517,0.25835397839546204,0.23828047513961792,0.2196977138519287
25,S1,LatCrit,local,local,0,BS2,local,1,0.4050195813179016,0.4299875497817993,0.024967968463897705,0.0012787841260433197,0.0499359667301178,0.4050195813179016,0.4299875497817993,0.206335186958313,0.19798552989959717,0.3886452317237854,0.37202689051628113
25,S1,ComHvy,local,local,0,BS1,local,1,0.3647434115409851,0.41842514276504517,0.05368173122406006,0.006903074681758881,0.10736346244812012,0.3647434115409851,0.41842514276504517,0.2776356637477875,0.23892071843147278,0.3576209247112274,0.34265413880348206
25,S1,BWHvy,local,local,0,local,local,0,0.5814039707183838,0.5870758891105652,0.0056719183921813965,0.00017979415133595467,0.014157399535179138,0.5814039707183838,0.5870758891105652,0.24485909938812256,0.24626585841178894,0.17373697459697723,0.16665825247764587
25,S2,LatCrit,local,local,0,local,local,0,0.5063662528991699,0.5633503198623657,0.0569840669631958,0.0072641521692276,0.1139681339263916,0.5063662528991699,0.5633503198623657,0.2615852952003479,0.2430710643529892,0.23204845190048218,0.19357861578464508
25,S2,ComHvy,local,local,0,local,local,0,0.5824508666992188,0.5655536651611328,-0.016897201538085938,0.0006927158683538437,0.03379443287849426,0.5824508666992188,0.5655536651611328,0.17892861366271973,0.18125030398368835,0.23862048983573914,0.25319603085517883
25,S2,BWHvy,local,local,0,BS1,BS1,0,0.44287747144699097,0.4393324851989746,-0.0035449862480163574,0.001140223816037178,0.03707878291606903,0.44287747144699097,0.4393324851989746,0.35446470975875854,0.3394702970981598,0.2026578187942505,0.2211972028017044
25,S3,LatCrit,local,local,0,local,BS2,1,0.4810791611671448,0.4677152633666992,-0.013363897800445557,0.0006706714630126953,0.034981146454811096,0.4810791611671448,0.4677152633666992,0.17699028551578522,0.17286360263824463,0.3419305682182312,0.35942113399505615
25,S3,ComHvy,local,local,0,local,local,0,0.5275751352310181,0.5353848934173584,0.007809758186340332,0.00015483090828638524,0.015658557415008545,0.5275751352310181,0.5353848934173584,0.3194113075733185,0.3115819990634918,0.15301361680030823,0.15303310751914978
25,S3,BWHvy,local,local,0,local,local,0,0.5546888113021851,0.5637365579605103,0.009047746658325195,0.0021858951076865196,0.04973773658275604,0.5546888113021851,0.5637365579605103,0.20942723751068115,0.18455839157104492,0.2358839064836502,0.2517050504684448
25,S4,LatCrit,local,local,0,BS2,BS2,0,0.49281740188598633,0.5054943561553955,0.01267695426940918,0.0005946244928054512,0.02692592144012451,0.49281740188598633,0.5054943561553955,0.21819080412387848,0.20472784340381622,0.2889918088912964,0.28977781534194946
25,S4,ComHvy,local,local,0,local,local,0,0.46606940031051636,0.4733496904373169,0.007280290126800537,0.000600016675889492,0.026380673050880432,0.46606940031051636,0.4733496904373169,0.3490678668022156,0.35497790575027466,0.18486276268959045,0.17167241871356964
25,S4,BWHvy,local,local,0,local,local,0,0.5605053901672363,0.5788071155548096,0.018301725387573242,0.0007578511722385883,0.036603450775146484,0.5605053901672363,0.5788071155548096,0.19358272850513458,0.18170438706874847,0.24591191112995148,0.23948852717876434
25,S5,LatCrit,local,local,0,local,local,0,0.4634486436843872,0.4778738021850586,0.014425158500671387,0.0005998853594064713,0.028850287199020386,0.4634486436843872,0.4778738021850586,0.3068799078464508,0.3053494691848755,0.2296714335680008,0.2167767435312271
25,S5,ComHvy,local,local,0,local,local,0,0.5329138040542603,0.549919843673706,0.0170060396194458,0.0005865255370736122,0.03401203453540802,0.5329138040542603,0.549919843673706,0.21182213723659515,0.20323510468006134,0.255264014005661,0.2468450516462326
25,S5,BWHvy,local,local,0,BS2,BS2,0,0.4257503151893616,0.4302324056625366,0.004482090473175049,0.001038077287375927,0.037608325481414795,0.4257503151893616,0.4302324056625366,0.26941898465156555,0.25061485171318054,0.3048306405544281,0.31915274262428284
25,S6,LatCrit,local,local,0,local,local,0,0.44985395669937134,0.4581258296966553,0.008271872997283936,0.0012662634253501892,0.04291054606437683,0.44985395669937134,0.4581258296966553,0.4193202555179596,0.39786496758461,0.13082577288150787,0.14400915801525116
25,S6,ComHvy,local,local,0,BS2,BS2,0,0.41836875677108765,0.4177279472351074,-0.0006408095359802246,0.0005162674933671951,0.024594902992248535,0.41836875677108765,0.4177279472351074,0.2292117327451706,0.24150915443897247,0.35241952538490295,0.3407628536224365
25,S6,BWHvy,local,local,0,local,local,0,0.5077774524688721,0.47063881158828735,-0.03713864088058472,0.002882588654756546,0.07427728176116943,0.5077774524688721,0.47063881158828735,0.2306510955095291,0.2422265261411667,0.2615714371204376,0.28713464736938477
25,S7,LatCrit,local,local,0,local,local,0,0.579867959022522,0.5792528390884399,-0.0006151199340820312,0.0003842981532216072,0.018543720245361328,0.579867959022522,0.5792528390884399,0.19464468955993652,0.1859879195690155,0.22548739612102509,0.23475922644138336
25,S7,ComHvy,local,local,0,local,local,0,0.4578155279159546,0.46182018518447876,0.00400465726852417,4.279986023902893e-05,0.008009284734725952,0.4578155279159546,0.46182018518447876,0.13556024432182312,0.1331067979335785,0.4066242277622223,0.40507304668426514
25,S7,BWHvy,local,local,0,local,local,0,0.48590147495269775,0.5181701183319092,0.032268643379211426,0.0035087643191218376,0.07591672241687775,0.48590147495269775,0.5181701183319092,0.3259829580783844,0.28802457451820374,0.18811556696891785,0.1938052624464035
25,S8,LatCrit,local,local,0,local,local,0,0.563835859298706,0.5474289059638977,-0.01640695333480835,0.0008425979176536202,0.03597468137741089,0.563835859298706,0.5474289059638977,0.261352002620697,0.27933934330940247,0.17481210827827454,0.17323172092437744
25,S8,ComHvy,local,local,0,local,local,0,0.5382313132286072,0.5391960144042969,0.0009647011756896973,0.0011757668107748032,0.033865973353385925,0.5382313132286072,0.5391960144042969,0.21895550191402435,0.23492376506328583,0.24281318485736847,0.22588017582893372
25,S8,BWHvy,local,local,0,local,local,0,0.37385982275009155,0.37172722816467285,-0.002132594585418701,0.00019294023513793945,0.017397314310073853,0.37385982275009155,0.37172722816467285,0.29924777150154114,0.2926816940307617,0.3268924057483673,0.33559104800224304
26,S1,LatCrit,local,local,0,local,local,0,0.5217316150665283,0.4912939667701721,-0.0304376482963562,0.0018931832164525986,0.06087532639503479,0.5217316150665283,0.4912939667701721,0.24596934020519257,0.2583393156528473,0.23229901492595673,0.2503667175769806
26,S1,ComHvy,local,local,0,BS2,BS2,0,0.524276614189148,0.5228388905525208,-0.0014377236366271973,2.4873996153473854e-05,0.006106942892074585,0.524276614189148,0.5228388905525208,0.1788208782672882,0.1772051453590393,0.29690250754356384,0.29995599389076233
26,S1,BWHvy,local,local,0,local,local,0,0.5175118446350098,0.5324010848999023,0.014889240264892578,0.0016313698142766953,0.04865959286689758,0.5175118446350098,0.5324010848999023,0.2572076916694641,0.2328779250383377,0.22528044879436493,0.23472103476524353
26,S2,LatCrit,local,local,0,BS1,BS1,0,0.5451099276542664,0.5219417810440063,-0.02316814661026001,0.001169293187558651,0.04633632302284241,0.5451099276542664,0.5219417810440063,0.3331303596496582,0.34581226110458374,0.12175968289375305,0.1322459578514099
26,S2,ComHvy,local,local,0,local,local,0,0.537857174873352,0.5231127738952637,-0.014744400978088379,0.0015251943841576576,0.04659770429134369,0.537857174873352,0.5231127738952637,0.21731963753700256,0.24061845242977142,0.24482323229312897,0.23626874387264252
26,S2,BWHvy,local,local,0,local,local,0,0.46398669481277466,0.4931982159614563,0.02921152114868164,0.002606034278869629,0.06857359409332275,0.46398669481277466,0.4931982159614563,0.15499567985534668,0.16007095575332642,0.38101765513420105,0.3467308580875397
26,S3,LatCrit,local,local,0,local,local,0,0.5435917377471924,0.5628262758255005,0.019234538078308105,0.0008338512852787971,0.03846900165081024,0.5435917377471924,0.5628262758255005,0.17660079896450043,0.17326465249061584,0.2798074185848236,0.26390910148620605
26,S3,ComHvy,local,local,0,BS1,BS1,0,0.45996153354644775,0.47389233112335205,0.013930797576904297,0.003742918372154236,0.07357540726661682,0.45996153354644775,0.47389233112335205,0.2900935113430023,0.2533058226108551,0.24994495511054993,0.27280187606811523
26,S3,BWHvy,local,local,0,local,local,0,0.6031157374382019,0.6009303331375122,-0.0021854043006896973,0.0019535869359970093,0.039735645055770874,0.6031157374382019,0.6009303331375122,0.13629379868507385,0.15616163611412048,0.26059046387672424,0.2429080605506897
26,S4,LatCrit,local,local,0,local,local,0,0.5598257780075073,0.5704563856124878,0.010630607604980469,0.0003851465880870819,0.023504003882408142,0.5598257780075073,0.5704563856124878,0.18749429285526276,0.18861566483974457,0.2526799440383911,0.24092791974544525
26,S4,ComHvy,local,local,0,local,local,0,0.43036675453186035,0.43455028533935547,0.004183530807495117,0.0022447369992733,0.054323285818099976,0.43036675453186035,0.43455028533935547,0.31048035621643066,0.2833186984062195,0.259152889251709,0.28213098645210266
26,S4,BWHvy,BS2,BS2,0,local,local,0,0.40061888098716736,0.4109160900115967,0.010297209024429321,0.001044541597366333,0.04316723346710205,0.3884081244468689,0.36682450771331787,0.21097300946712494,0.22225941717624664,0.40061888098716736,0.4109160900115967
26,S5,LatCrit,local,local,0,local,local,0,0.602279782295227,0.651955783367157,0.04967600107192993,0.006697650998830795,0.09935197234153748,0.602279782295227,0.651955783367157,0.14845284819602966,0.11617554724216461,0.2492673546075821,0.2318686842918396
26,S5,ComHvy,local,local,0,local,local,0,0.4101807475090027,0.40731948614120483,-0.0028612613677978516,0.0011768043041229248,0.038516461849212646,0.4101807475090027,0.40731948614120483,0.20197734236717224,0.18558037281036377,0.38784193992614746,0.4071001708507538
26,S5,BWHvy,local,local,0,local,local,0,0.49962031841278076,0.47539883852005005,-0.024221479892730713,0.0014643985778093338,0.048442959785461426,0.49962031841278076,0.47539883852005005,0.22943134605884552,0.2494448870420456,0.2709483504295349,0.27515628933906555
26,S6,LatCrit,local,local,0,local,local,0,0.4798612594604492,0.4649290442466736,-0.014932215213775635,0.00199844129383564,0.057909801602363586,0.4798612594604492,0.4649290442466736,0.20865081250667572,0.19462814927101135,0.31148791313171387,0.34044283628463745
26,S6,ComHvy,local,local,0,local,local,0,0.5456924438476562,0.5436908006668091,-0.002001643180847168,5.000503733754158e-05,0.008192569017410278,0.5456924438476562,0.5436908006668091,0.22816622257232666,0.2260715812444687,0.22614134848117828,0.23023763298988342
26,S6,BWHvy,local,local,0,local,local,0,0.4964163303375244,0.5327673554420471,0.036351025104522705,0.002782527357339859,0.07270205020904541,0.4964163303375244,0.5327673554420471,0.29655617475509644,0.26982319355010986,0.20702749490737915,0.19740945100784302
26,S7,LatCrit,local,local,0,local,local,0,0.4877384901046753,0.4864466190338135,-0.0012918710708618164,0.0003102850168943405,0.018684372305870056,0.4877384901046753,0.4864466190338135,0.29777538776397705,0.28972506523132324,0.21448610723018646,0.2238282859325409
26,S7,ComHvy,local,local,0,local,local,0,0.5251457691192627,0.5162222385406494,-0.008923530578613281,0.0006663007661700249,0.029813066124916077,0.5251457691192627,0.5162222385406494,0.27223488688468933,0.2662518620491028,0.20261937379837036,0.2175258845090866
26,S7,BWHvy,local,local,0,local,local,0,0.6407626867294312,0.6387228965759277,-0.002039790153503418,0.0006119273602962494,0.02247568964958191,0.6407626867294312,0.6387228965759277,0.22943557798862457,0.24067343771457672,0.12980176508426666,0.12060372531414032
26,S8,LatCrit,local,local,0,BS2,BS2,0,0.5340157151222229,0.5569412708282471,0.02292555570602417,0.0013929535634815693,0.045851096510887146,0.5340157151222229,0.5569412708282471,0.1549018770456314,0.1394834816455841,0.3110823929309845,0.3035752475261688
26,S8,ComHvy,local,local,0,local,local,0,0.43114882707595825,0.4392050504684448,0.008056223392486572,0.00016135908663272858,0.016112446784973145,0.43114882707595825,0.4392050504684448,0.28407639265060425,0.28290435671806335,0.2847748100757599,0.2778906226158142
26,S8,BWHvy,local,local,0,local,local,0,0.4437367916107178,0.42472511529922485,-0.01901167631149292,0.0008047758601605892,0.03802338242530823,0.4437367916107178,0.42472511529922485,0.25109344720840454,0.2641507685184479,0.3051697611808777,0.31112414598464966
27,S1,LatCrit,local,local,0,local,local,0,0.5715265274047852,0.565387487411499,-0.006139039993286133,0.0007241852581501007,0.03018668293952942,0.5715265274047852,0.565387487411499,0.22192907333374023,0.23702242970466614,0.2065444141626358,0.19759012758731842
27,S1,ComHvy,local,local,0,local,local,0,0.41719162464141846,0.4466858506202698,0.02949422597885132,0.0021398812532424927,0.058988407254219055,0.41719162464141846,0.4466858506202698,0.34988459944725037,0.34180548787117004,0.2329237461090088,0.21150867640972137
27,S1,BWHvy,local,local,0,local,local,0,0.5019113421440125,0.5075011849403381,0.005589842796325684,0.00011653563706204295,0.012341022491455078,0.5019113421440125,0.5075011849403381,0.22798503935337067,0.22181452810764313,0.2701036036014557,0.27068427205085754
27,S2,LatCrit,local,local,0,local,local,0,0.4606606364250183,0.45369404554367065,-0.006966590881347656,0.00010583968833088875,0.013933256268501282,0.4606606364250183,0.45369404554367065,0.3312308192253113,0.33404865860939026,0.20810851454734802,0.21225734055042267
27,S2,ComHvy,local,local,0,local,local,0,0.570112407207489,0.5684085488319397,-0.0017038583755493164,0.00014282949268817902,0.01240435242652893,0.570112407207489,0.5684085488319397,0.19485309720039368,0.20105527341365814,0.2350345104932785,0.23053619265556335
27,S2,BWHvy,local,local,0,local,local,0,0.4166192412376404,0.43437355756759644,0.017754316329956055,0.0020870277658104897,0.05654431879520416,0.4166192412376404,0.43437355756759644,0.2781915068626404,0.2499193698167801,0.30518922209739685,0.31570708751678467
27,S3,LatCrit,local,local,0,local,local,0,0.5728485584259033,0.5593498349189758,-0.01349872350692749,0.000408942811191082,0.02699744701385498,0.5728485584259033,0.5593498349189758,0.1687147319316864,0.1711617410182953,0.2584366798400879,0.2694883942604065
27,S3,ComHvy,local,BS2,1,BS1,BS1,0,0.3848584294319153,0.36366981267929077,-0.02118861675262451,0.0039907172322273254,0.08496758341789246,0.3848584294319153,0.35841572284698486,0.29395556449890137,0.27791449427604675,0.32118600606918335,0.36366981267929077
27,S3,BWHvy,local,local,0,local,local,0,0.5305039882659912,0.5472488403320312,0.01674485206604004,0.001609601080417633,0.0467676967382431,0.5305039882659912,0.5472488403320312,0.23667754232883453,0.24331654608249664,0.23281845450401306,0.2094346135854721
27,S4,LatCrit,local,local,0,local,local,0,0.48745667934417725,0.49117106199264526,0.0037143826484680176,0.0005355635657906532,0.026776835322380066,0.48745667934417725,0.49117106199264526,0.2092599868774414,0.21893401443958282,0.30328333377838135,0.2898949086666107
27,S4,ComHvy,local,local,0,local,local,0,0.48741579055786133,0.4980282783508301,0.01061248779296875,0.0002377564087510109,0.021224990487098694,0.48741579055786133,0.4980282783508301,0.3283658027648926,0.31988468766212463,0.1842184215784073,0.1820870339870453
27,S4,BWHvy,local,local,0,local,local,0,0.46395373344421387,0.44533050060272217,-0.0186232328414917,0.0018150610849261284,0.0525495707988739,0.46395373344421387,0.44533050060272217,0.24224695563316345,0.2685217559337616,0.2937992811203003,0.28614774346351624
27,S5,LatCrit,local,local,0,local,local,0,0.5241899490356445,0.5730385184288025,0.04884856939315796,0.004847727715969086,0.0976971685886383,0.5241899490356445,0.5730385184288025,0.3235357105731964,0.28900688886642456,0.15227437019348145,0.13795459270477295
27,S5,ComHvy,local,local,0,local,local,0,0.421034574508667,0.4034960865974426,-0.017538487911224365,0.0020979102700948715,0.061778947710990906,0.421034574508667,0.4034960865974426,0.24430835247039795,0.23095737397670746,0.33465707302093506,0.3655465543270111
27,S5,BWHvy,local,local,0,local,local,0,0.5353312492370605,0.5282049775123596,-0.007126271724700928,0.00029915664345026016,0.02144967019557953,0.5353312492370605,0.5282049775123596,0.2106168419122696,0.20701825618743896,0.25405192375183105,0.26477673649787903
27,S6,LatCrit,local,BS2,1,local,local,0,0.3490449786186218,0.3564145267009735,0.007369548082351685,0.0018736403435468674,0.058204442262649536,0.3490449786186218,0.33290916681289673,0.3236427307128906,0.31067630648612976,0.32731232047080994,0.3564145267009735
27,S6,ComHvy,local,local,0,local,local,0,0.4450668692588806,0.443264901638031,-0.0018019676208496094,0.0001561804674565792,0.014824673533439636,0.4450668692588806,0.443264901638031,0.24796809256076813,0.24235773086547852,0.30696502327919006,0.3143773674964905
27,S6,BWHvy,local,local,0,local,local,0,0.49864381551742554,0.5047614574432373,0.006117641925811768,0.0007011881098151207,0.028371334075927734,0.49864381551742554,0.5047614574432373,0.18866056203842163,0.17447489500045776,0.31269562244415283,0.32076364755630493
27,S7,LatCrit,local,local,0,BS2,BS2,0,0.5878258347511292,0.5921105742454529,0.0042847394943237305,7.333559915423393e-05,0.008962124586105347,0.5878258347511292,0.5921105742454529,0.23516277968883514,0.23535911738872528,0.1770113706588745,0.17253032326698303
27,S7,ComHvy,local,local,0,local,local,0,0.4536735415458679,0.4660331606864929,0.012359619140625,0.0006275121122598648,0.02931046485900879,0.4536735415458679,0.4660331606864929,0.29966026544570923,0.3019558787345886,0.24666619300842285,0.23201096057891846
27,S7,BWHvy,local,local,0,local,local,0,0.4863836169242859,0.5086898803710938,0.02230626344680786,0.003675714135169983,0.07153661549091339,0.4863836169242859,0.5086898803710938,0.2648770213127136,0.2783390283584595,0.24873939156532288,0.2129710465669632
27,S8,LatCrit,local,local,0,local,local,0,0.4398753046989441,0.4690319299697876,0.029156625270843506,0.0021424342412501574,0.05831323564052582,0.4398753046989441,0.4690319299697876,0.3097086548805237,0.28321129083633423,0.2504160404205322,0.24775679409503937
27,S8,ComHvy,local,local,0,BS2,local,1,0.47787439823150635,0.49828827381134033,0.020413875579833984,0.0013188403099775314,0.04384468495845795,0.47787439823150635,0.49828827381134033,0.23746243119239807,0.23897092044353485,0.2846631407737732,0.262740820646286
27,S8,BWHvy,local,local,0,local,local,0,0.5106838941574097,0.5307052135467529,0.02002131938934326,0.0008253036066889763,0.04004265367984772,0.5106838941574097,0.5307052135467529,0.244111105799675,0.23191773891448975,0.24520498514175415,0.23737701773643494
28,S1,LatCrit,local,local,0,local,local,0,0.48135906457901,0.46280789375305176,-0.018551170825958252,0.0011897720396518707,0.04539407789707184,0.48135906457901,0.46280789375305176,0.20348036289215088,0.19933448731899261,0.3151606023311615,0.3378576338291168
28,S1,ComHvy,local,local,0,local,local,0,0.4163159132003784,0.4328840374946594,0.016568124294281006,0.0006830673664808273,0.033136263489723206,0.4163159132003784,0.4328840374946594,0.2453753650188446,0.24414996802806854,0.33830875158309937,0.3229660093784332
28,S1,BWHvy,local,local,0,local,local,0,0.5343114137649536,0.5434911251068115,0.00917971134185791,0.0006769336760044098,0.029117628931999207,0.5343114137649536,0.5434911251068115,0.20444636046886444,0.18988755345344543,0.26124221086502075,0.26662132143974304
28,S2,LatCrit,local,local,0,local,local,0,0.484974205493927,0.5073456764221191,0.02237147092819214,0.0011501498520374298,0.044742971658706665,0.484974205493927,0.5073456764221191,0.2618924677371979,0.2564391791820526,0.2531333267688751,0.23621511459350586
28,S2,ComHvy,local,local,0,local,local,0,0.567936897277832,0.5565522909164429,-0.01138460636138916,0.00033537764102220535,0.022769242525100708,0.567936897277832,0.5565522909164429,0.14953100681304932,0.14962488412857056,0.28253206610679626,0.2938228249549866
28,S2,BWHvy,local,local,0,BS1,BS1,0,0.3849908709526062,0.388184130191803,0.0031932592391967773,0.002132069319486618,0.05413469672203064,0.3849908709526062,0.388184130191803,0.35037872195243835,0.32331135869026184,0.26463040709495544,0.2885044813156128
28,S3,LatCrit,local,local,0,BS2,BS2,0,0.46156513690948486,0.46984875202178955,0.008283615112304688,0.00016808882355690002,0.016567230224609375,0.46156513690948486,0.46984875202178955,0.19771337509155273,0.19196733832359314,0.3407214879989624,0.3381839096546173
28,S3,ComHvy,local,local,0,BS1,BS1,0,0.38631898164749146,0.39886772632598877,0.012548744678497314,0.0011251475661993027,0.03997594118118286,0.38631898164749146,0.39886772632598877,0.3654978573322296,0.37293705344200134,0.24818319082260132,0.2281951904296875
28,S3,BWHvy,local,local,0,local,local,0,0.5837568044662476,0.5975347757339478,0.013777971267700195,0.0011493507772684097,0.040468648076057434,0.5837568044662476,0.5975347757339478,0.1666499227285385,0.17310628294944763,0.24959328770637512,0.229358971118927
28,S4,LatCrit,local,local,0,local,local,0,0.487815797328949,0.4827524423599243,-0.005063354969024658,0.0003385618329048157,0.021641403436660767,0.487815797328949,0.4827524423599243,0.2887958288192749,0.283038467168808,0.2233884036540985,0.2342090904712677
28,S4,ComHvy,local,local,0,BS2,BS2,0,0.45453280210494995,0.4819824695587158,0.02744966745376587,0.0016718711704015732,0.05489937961101532,0.45453280210494995,0.4819824695587158,0.2938978672027588,0.2853565514087677,0.25156936049461365,0.23266096413135529
28,S4,BWHvy,local,local,0,local,local,0,0.5448693037033081,0.541580855846405,-0.003288447856903076,0.0004098145291209221,0.022328928112983704,0.5448693037033081,0.541580855846405,0.21538390219211578,0.20750786364078522,0.2397468537092209,0.25091129541397095
28,S5,LatCrit,local,local,0,local,local,0,0.555866539478302,0.5559402704238892,7.37309455871582e-05,3.784731961786747e-05,0.005858659744262695,0.555866539478302,0.5559402704238892,0.2429504692554474,0.24002115428447723,0.20118297636508942,0.2040385901927948
28,S5,ComHvy,local,local,0,local,local,0,0.484912633895874,0.4887499213218689,0.003837287425994873,0.0002620536834001541,0.017288297414779663,0.484912633895874,0.4887499213218689,0.18148952722549438,0.17284539341926575,0.3335978388786316,0.33840471506118774
28,S5,BWHvy,local,local,0,local,local,0,0.47144508361816406,0.47060245275497437,-0.0008426308631896973,6.427057087421417e-06,0.00328865647315979,0.47144508361816406,0.47060245275497437,0.19188463687896729,0.19108295440673828,0.33667027950286865,0.33831462264060974
28,S6,LatCrit,local,local,0,local,local,0,0.44833993911743164,0.4824122190475464,0.034072279930114746,0.002671817084774375,0.06814451515674591,0.44833993911743164,0.4824122190475464,0.37694722414016724,0.34511691331863403,0.17471283674240112,0.17247091233730316
28,S6,ComHvy,local,local,0,local,local,0,0.482820987701416,0.47457003593444824,-0.008250951766967773,0.0003056442365050316,0.021935731172561646,0.482820987701416,0.47457003593444824,0.2504155933856964,0.24769866466522217,0.2667634189128876,0.2777312695980072
28,S6,BWHvy,local,local,0,local,local,0,0.49458593130111694,0.49924057722091675,0.004654645919799805,0.002114454284310341,0.04936675727367401,0.49458593130111694,0.49924057722091675,0.23741593956947327,0.21273256838321686,0.2679980993270874,0.2880268394947052
28,S7,LatCrit,local,local,0,local,local,0,0.5351934432983398,0.5717695951461792,0.036576151847839355,0.0027436092495918274,0.07315225899219513,0.5351934432983398,0.5717695951461792,0.24432340264320374,0.22746947407722473,0.22048312425613403,0.20076094567775726
28,S7,ComHvy,local,local,0,local,local,0,0.4107840657234192,0.407317578792572,-0.003466486930847168,0.0001749647781252861,0.01720137894153595,0.4107840657234192,0.407317578792572,0.24497482180595398,0.23984061181545258,0.3442411422729492,0.3528418242931366
28,S7,BWHvy,local,local,0,local,local,0,0.5050075054168701,0.5104992389678955,0.005491733551025391,0.0003563365899026394,0.023213118314743042,0.5050075054168701,0.5104992389678955,0.29331302642822266,0.28170648217201233,0.20167948305606842,0.20779432356357574
28,S8,LatCrit,local,local,0,local,local,0,0.567573070526123,0.5574960708618164,-0.01007699966430664,0.00020806770771741867,0.020153984427452087,0.567573070526123,0.5574960708618164,0.18980823457241058,0.194880872964859,0.24261870980262756,0.24762305617332458
28,S8,ComHvy,local,local,0,local,local,0,0.5336620807647705,0.5195143222808838,-0.014147758483886719,0.0004426748491823673,0.02829556167125702,0.5336620807647705,0.5195143222808838,0.1815175861120224,0.19015419483184814,0.2848203182220459,0.29033151268959045
28,S8,BWHvy,local,local,0,local,local,0,0.5299210548400879,0.5469927787780762,0.01707172393798828,0.0009718664223328233,0.03752470016479492,0.5299210548400879,0.5469927787780762,0.26562029123306274,0.2468578964471817,0.20445871353149414,0.20614929497241974
29,S1,LatCrit,local,local,0,local,local,0,0.6380469799041748,0.626159131526947,-0.011887848377227783,0.0011990070343017578,0.03997930884361267,0.6380469799041748,0.626159131526947,0.13616815209388733,0.12806636095046997,0.22578483819961548,0.245774507522583
29,S1,ComHvy,local,local,0,local,local,0,0.48864221572875977,0.504602313041687,0.015960097312927246,0.0007569082081317902,0.031920284032821655,0.48864221572875977,0.504602313041687,0.3419164717197418,0.3384421169757843,0.1694413423538208,0.1569555103778839
29,S1,BWHvy,local,local,0,local,local,0,0.4777635335922241,0.4630207419395447,-0.014742791652679443,0.005879659205675125,0.08774957060813904,0.4777635335922241,0.4630207419395447,0.19729281961917877,0.2411675900220871,0.3249436616897583,0.29581165313720703
29,S2,LatCrit,local,local,0,local,local,0,0.43702924251556396,0.4464779496192932,0.009448707103729248,0.00028927065432071686,0.020813733339309692,0.43702924251556396,0.4464779496192932,0.2662146985530853,0.2671728730201721,0.2967560589313507,0.28634920716285706
29,S2,ComHvy,local,local,0,local,local,0,0.5173099040985107,0.5281267166137695,0.010816812515258789,0.00030947334016673267,0.0216510146856308,0.5173099040985107,0.5281267166137695,0.3034166097640991,0.29259106516838074,0.1792735457420349,0.17928220331668854
29,S2,BWHvy,local,local,0,local,local,0,0.42395538091659546,0.42209410667419434,-0.001861274242401123,4.323059692978859e-05,0.00832715630531311,0.42395538091659546,0.42209410667419434,0.28990301489830017,0.28760072588920593,0.28614160418510437,0.2903051972389221
29,S3,LatCrit,local,local,0,local,local,0,0.49773019552230835,0.5128515958786011,0.015121400356292725,0.0016600321978330612,0.04570676386356354,0.49773019552230835,0.5128515958786011,0.2911377549171448,0.2988697588443756,0.2111320197582245,0.1882786601781845
29,S3,ComHvy,local,local,0,BS1,BS1,0,0.3745197057723999,0.3994751572608948,0.024955451488494873,0.0069475919008255005,0.10504347085952759,0.3745197057723999,0.3994751572608948,0.31461286544799805,0.34217914938926697,0.31086742877960205,0.25834569334983826
29,S3,BWHvy,local,local,0,BS2,BS2,0,0.5627964735031128,0.5579140186309814,-0.004882454872131348,0.002993900328874588,0.05387541651725769,0.5627964735031128,0.5579140186309814,0.1594693809747696,0.18640710413455963,0.27773410081863403,0.25567886233329773
29,S4,LatCrit,local,local,0,local,local,0,0.6108068227767944,0.6037570238113403,-0.0070497989654541016,0.00021339301019906998,0.014099568128585815,0.6108068227767944,0.6037570238113403,0.25384098291397095,0.2539447247982025,0.13535217940807343,0.14229820668697357
29,S4,ComHvy,local,local,0,local,local,0,0.5060503482818604,0.5292232036590576,0.023172855377197266,0.0015373099595308304,0.046345680952072144,0.5060503482818604,0.5292232036590576,0.22287100553512573,0.2225629836320877,0.27107861638069153,0.24821381270885468
29,S4,BWHvy,local,local,0,local,local,0,0.440250039100647,0.4806215167045593,0.040371477603912354,0.0045603010803461075,0.08074289560317993,0.440250039100647,0.4806215167045593,0.2922074496746063,0.2535359859466553,0.2675424814224243,0.2658425271511078
29,S5,LatCrit,local,local,0,local,local,0,0.5638871192932129,0.5438592433929443,-0.020027875900268555,0.003689228557050228,0.06822799146175385,0.5638871192932129,0.5438592433929443,0.1762704849243164,0.21038448810577393,0.2598423957824707,0.24575628340244293
29,S5,ComHvy,local,local,0,local,local,0,0.5970258712768555,0.5822802186012268,-0.014745652675628662,0.00047670677304267883,0.029491320252418518,0.5970258712768555,0.5822802186012268,0.17074140906333923,0.1745494157075882,0.2322327047586441,0.243170365691185
29,S5,BWHvy,local,local,0,local,local,0,0.4012741446495056,0.4037368893623352,0.00246274471282959,2.7105968911200762e-05,0.006768375635147095,0.4012741446495056,0.4037368893623352,0.3181273639202118,0.31474319100379944,0.2805984914302826,0.28151994943618774
29,S6,LatCrit,local,local,0,local,local,0,0.46680712699890137,0.49920654296875,0.03239941596984863,0.002102784812450409,0.06479881703853607,0.46680712699890137,0.49920654296875,0.2561064064502716,0.2411799281835556,0.277086466550827,0.2596135437488556
29,S6,ComHvy,local,local,0,local,local,0,0.5749714970588684,0.5419008731842041,-0.03307062387466431,0.002248365432024002,0.06614118814468384,0.5749714970588684,0.5419008731842041,0.23120532929897308,0.25214463472366333,0.1938231885433197,0.205954447388649
29,S6,BWHvy,local,local,0,local,local,0,0.5188896059989929,0.5221722722053528,0.0032826662063598633,6.451341323554516e-05,0.008665233850479126,0.5188896059989929,0.5221722722053528,0.18238279223442078,0.17805016040802002,0.2987276017665863,0.2997775375843048
29,S7,LatCrit,local,local,0,local,local,0,0.6036607027053833,0.6035532355308533,-0.0001074671745300293,0.00013615749776363373,0.010384753346443176,0.6036607027053833,0.6035532355308533,0.1674322783946991,0.17262467741966248,0.22890698909759521,0.22382210195064545
29,S7,ComHvy,local,local,0,local,local,0,0.37739503383636475,0.37707269191741943,-0.0003223419189453125,0.00018112873658537865,0.015301138162612915,0.37739503383636475,0.37707269191741943,0.3340497314929962,0.34170031547546387,0.28855523467063904,0.2812270224094391
29,S7,BWHvy,local,local,0,BS1,BS1,0,0.5924899578094482,0.5937533378601074,0.0012633800506591797,0.0032598860561847687,0.05156949162483215,0.5924899578094482,0.5937533378601074,0.22480127215385437,0.24932262301445007,0.1827087551355362,0.15692399442195892
29,S8,LatCrit,local,local,0,local,local,0,0.5173920392990112,0.5246231555938721,0.00723111629486084,0.0018641520291566849,0.04707527160644531,0.5173920392990112,0.5246231555938721,0.22625336050987244,0.20271575450897217,0.25635457038879395,0.27266111969947815
29,S8,ComHvy,local,local,0,local,local,0,0.5664613246917725,0.564831018447876,-0.0016303062438964844,0.0002800477668642998,0.016922220587730408,0.5664613246917725,0.564831018447876,0.23757559061050415,0.23074477910995483,0.19596309959888458,0.2044242024421692
29,S8,BWHvy,local,local,0,local,local,0,0.5356974005699158,0.5910025835037231,0.05530518293380737,0.00632428377866745,0.11061033606529236,0.5356974005699158,0.5910025835037231,0.1863187551498413,0.16763223707675934,0.2779838442802429,0.2413652092218399
30,S1,LatCrit,local,local,0,local,local,0,0.5802969932556152,0.5570579767227173,-0.02323901653289795,0.0012080855667591095,0.04647798836231232,0.5802969932556152,0.5570579767227173,0.19482184946537018,0.21065586805343628,0.22488120198249817,0.23228615522384644
30,S1,ComHvy,local,local,0,local,local,0,0.5916746854782104,0.6217048168182373,0.030030131340026855,0.002066016662865877,0.060060203075408936,0.5916746854782104,0.6217048168182373,0.2560829222202301,0.2319878190755844,0.15224234759807587,0.14630737900733948
30,S1,BWHvy,local,local,0,BS1,BS1,0,0.4827282428741455,0.4385449290275574,-0.044183313846588135,0.0050494009628891945,0.08878129720687866,0.4827282428741455,0.4385449290275574,0.3110928237438202,0.3554835021495819,0.20617890357971191,0.2059715986251831
30,S2,LatCrit,local,local,0,local,local,0,0.49352866411209106,0.4805145263671875,-0.013014137744903564,0.0009131375700235367,0.0377180278301239,0.49352866411209106,0.4805145263671875,0.2535759508609772,0.24773108959197998,0.25289538502693176,0.2717544138431549
30,S2,ComHvy,local,local,0,local,local,0,0.5390998721122742,0.5040102005004883,-0.03508967161178589,0.0034212563186883926,0.07017932832241058,0.5390998721122742,0.5040102005004883,0.2701520025730133,0.2748872637748718,0.19074812531471252,0.2211025208234787
30,S2,BWHvy,local,local,0,BS2,BS2,0,0.41129451990127563,0.39745163917541504,-0.013842880725860596,0.0030399635434150696,0.0688546895980835,0.41129451990127563,0.39745163917541504,0.334661602973938,0.31407713890075684,0.2540438771247864,0.2884712219238281
30,S3,LatCrit,local,local,0,local,local,0,0.41394567489624023,0.4027162194252014,-0.011229455471038818,0.0033466629683971405,0.07198724150657654,0.41394567489624023,0.4027162194252014,0.3059293329715729,0.2811651825904846,0.2801249921321869,0.31611862778663635
30,S3,ComHvy,local,local,0,local,local,0,0.44891709089279175,0.4502573609352112,0.0013402700424194336,0.005962252616882324,0.08186191320419312,0.44891709089279175,0.4502573609352112,0.2719224989414215,0.311513215303421,0.27916038036346436,0.23822945356369019
30,S3,BWHvy,local,local,0,local,local,0,0.5944646596908569,0.5993657112121582,0.0049010515213012695,0.001726018264889717,0.04184456169605255,0.5944646596908569,0.5993657112121582,0.17812953889369965,0.19415074586868286,0.227405846118927,0.20648354291915894
30,S4,LatCrit,local,local,0,BS1,BS1,0,0.5687682628631592,0.5616747140884399,-0.007093548774719238,0.000825369730591774,0.03247921168804169,0.5687682628631592,0.5616747140884399,0.21473978459835052,0.20559373497962952,0.2164919227361679,0.23273153603076935
30,S4,ComHvy,local,local,0,local,local,0,0.48675280809402466,0.5044653415679932,0.017712533473968506,0.0008911062031984329,0.03542506694793701,0.48675280809402466,0.5044653415679932,0.26910293102264404,0.26773741841316223,0.2441442757844925,0.2277972549200058
30,S4,BWHvy,local,local,0,local,local,0,0.43059444427490234,0.46762770414352417,0.037033259868621826,0.004136061295866966,0.07406650483608246,0.43059444427490234,0.46762770414352417,0.24167130887508392,0.20784991979599,0.32773423194885254,0.32452237606048584
30,S5,LatCrit,local,local,0,local,local,0,0.39644718170166016,0.3975348472595215,0.0010876655578613281,0.00021276157349348068,0.017034798860549927,0.39644718170166016,0.3975348472595215,0.28868257999420166,0.2961123287677765,0.3148702085018158,0.306352823972702
30,S5,ComHvy,local,local,0,local,local,0,0.5710701942443848,0.5622991323471069,-0.008771061897277832,0.0016028620302677155,0.04508936405181885,0.5710701942443848,0.5622991323471069,0.19706308841705322,0.18328948318958282,0.2318667322397232,0.2544114291667938
30,S5,BWHvy,local,local,0,local,local,0,0.47764676809310913,0.4713820815086365,-0.006264686584472656,0.00010702619329094887,0.0125294029712677,0.47764676809310913,0.4713820815086365,0.24551215767860413,0.24570906162261963,0.27684107422828674,0.2829088866710663
30,S6,LatCrit,local,local,0,BS2,BS2,0,0.5173701047897339,0.5478241443634033,0.030454039573669434,0.001949939876794815,0.06090809404850006,0.5173701047897339,0.5478241443634033,0.274480938911438,0.2613343298435211,0.20814897119998932,0.19084152579307556
30,S6,ComHvy,local,local,0,local,local,0,0.45980244874954224,0.44332098960876465,-0.016481459140777588,0.0007652323693037033,0.032962992787361145,0.45980244874954224,0.44332098960876465,0.312362939119339,0.3140932321548462,0.2278345823287964,0.24258582293987274
30,S6,BWHvy,local,local,0,local,local,0,0.5273342132568359,0.5079863667488098,-0.019347846508026123,0.0007507726550102234,0.038695722818374634,0.5273342132568359,0.5079863667488098,0.18723128736019135,0.1954827755689621,0.2854344844818115,0.2965308725833893
30,S7,LatCrit,local,local,0,local,local,0,0.5706334114074707,0.5470584034919739,-0.023575007915496826,0.0011814478784799576,0.04714997112751007,0.5706334114074707,0.5470584034919739,0.20108236372470856,0.20847000181674957,0.22828425467014313,0.24447157979011536
30,S7,ComHvy,local,local,0,local,local,0,0.4827655553817749,0.5010268688201904,0.018261313438415527,0.0009743571281433105,0.03652259707450867,0.4827655553817749,0.5010268688201904,0.24789276719093323,0.24773913621902466,0.2693416476249695,0.2512339949607849
30,S7,BWHvy,local,local,0,local,local,0,0.5713505744934082,0.5980778932571411,0.02672731876373291,0.0024605635553598404,0.05345466732978821,0.5713505744934082,0.5980778932571411,0.2712959349155426,0.26733317971229553,0.1573535054922104,0.13458891212940216
30,S8,LatCrit,local,local,0,local,local,0,0.4810017943382263,0.48024773597717285,-0.0007540583610534668,0.0012197308242321014,0.03632868826389313,0.4810017943382263,0.48024773597717285,0.2722603976726532,0.2548501193523407,0.2467377930879593,0.26490214467048645
30,S8,ComHvy,local,local,0,BS1,BS1,0,0.5056158304214478,0.5089755058288574,0.003359675407409668,2.456572838127613e-05,0.006719380617141724,0.5056158304214478,0.5089755058288574,0.22285598516464233,0.22065237164497375,0.2715281844139099,0.27037209272384644
30,S8,BWHvy,local,local,0,local,local,0,0.5921280384063721,0.6012816429138184,0.009153604507446289,0.0012339581735432148,0.03326478600502014,0.5921280384063721,0.6012816429138184,0.14159250259399414,0.12496012449264526,0.2662794589996338,0.27375826239585876
31,S1,LatCrit,local,local,0,local,local,0,0.6280725002288818,0.5812784433364868,-0.04679405689239502,0.005677059292793274,0.09358811378479004,0.6280725002288818,0.5812784433364868,0.17828628420829773,0.18451279401779175,0.19364126026630402,0.23420880734920502
31,S1,ComHvy,local,local,0,local,local,0,0.5480462908744812,0.5750964879989624,0.0270501971244812,0.0015282351523637772,0.0541003942489624,0.5480462908744812,0.5750964879989624,0.2798246741294861,0.26576468348503113,0.1721290498971939,0.15913884341716766
31,S1,BWHvy,local,BS1,1,local,local,0,0.3547024130821228,0.3973919749259949,0.04268956184387207,0.004651311784982681,0.09011802077293396,0.3547024130821228,0.33986568450927734,0.3523329496383667,0.3973919749259949,0.2929646372795105,0.26274237036705017
31,S2,LatCrit,local,local,0,local,local,0,0.5216878652572632,0.5129330158233643,-0.008754849433898926,0.00015441840514540672,0.017509713768959045,0.5216878652572632,0.5129330158233643,0.3110601305961609,0.3162781298160553,0.16725197434425354,0.17078883945941925
31,S2,ComHvy,local,local,0,local,local,0,0.6075228452682495,0.581647515296936,-0.025875329971313477,0.004436735063791275,0.07610519230365753,0.6075228452682495,0.581647515296936,0.21080990135669708,0.19863265752792358,0.1816672533750534,0.21971987187862396
31,S2,BWHvy,local,local,0,local,local,0,0.4254206418991089,0.40532445907592773,-0.020096182823181152,0.003043007105588913,0.059917330741882324,0.4254206418991089,0.40532445907592773,0.4097701907157898,0.3999077081680298,0.16480915248394012,0.1947678178548813
31,S3,LatCrit,local,local,0,local,local,0,0.41731876134872437,0.4041094183921814,-0.013209342956542969,0.0036673136055469513,0.07620447874069214,0.41731876134872437,0.4041094183921814,0.3004785180091858,0.2755856215953827,0.28220272064208984,0.3203049600124359
31,S3,ComHvy,local,local,0,local,local,0,0.5094602704048157,0.4966689944267273,-0.012791275978088379,0.0007699690759181976,0.03339952230453491,0.5094602704048157,0.4966689944267273,0.23059915006160736,0.24729891121387482,0.25994056463241577,0.2560320794582367
31,S3,BWHvy,local,local,0,local,local,0,0.4942915439605713,0.5427954196929932,0.048503875732421875,0.011805575340986252,0.12649008631706238,0.4942915439605713,0.5427954196929932,0.24380972981452942,0.2585509121417999,0.2618987262248993,0.1986536979675293
31,S4,LatCrit,local,local,0,BS2,BS2,0,0.4554208517074585,0.48696619272232056,0.03154534101486206,0.0019964873790740967,0.06309068202972412,0.4554208517074585,0.48696619272232056,0.2561422288417816,0.24071741104125977,0.2884369194507599,0.2723163962364197
31,S4,ComHvy,local,local,0,local,local,0,0.5301234722137451,0.5283490419387817,-0.001774430274963379,0.005837026983499527,0.07260924577713013,0.5301234722137451,0.5283490419387817,0.28553250432014465,0.32183709740638733,0.18434405326843262,0.14981383085250854
31,S4,BWHvy,local,local,0,local,local,0,0.5913710594177246,0.5657296180725098,-0.025641441345214844,0.002438940107822418,0.055693864822387695,0.5913710594177246,0.5657296180725098,0.21799421310424805,0.21578875184059143,0.19063471257686615,0.21848167479038239
31,S5,LatCrit,local,local,0,local,local,0,0.4499819278717041,0.42023515701293945,-0.02974677085876465,0.0045587364584207535,0.0869303047657013,0.4499819278717041,0.42023515701293945,0.26796117424964905,0.3114263415336609,0.28205689787864685,0.26833853125572205
31,S5,ComHvy,local,local,0,local,local,0,0.5406388640403748,0.5208280682563782,-0.019810795783996582,0.0011494550853967667,0.04486224055290222,0.5406388640403748,0.5208280682563782,0.13994033634662628,0.13732002675533295,0.31942078471183777,0.3418519198894501
31,S5,BWHvy,local,local,0,local,local,0,0.47032666206359863,0.4979056119918823,0.02757894992828369,0.001965712755918503,0.05515795946121216,0.47032666206359863,0.4979056119918823,0.25338825583457947,0.25046515464782715,0.2762851119041443,0.25162920355796814
31,S6,LatCrit,local,local,0,BS1,BS1,0,0.4596341848373413,0.4730759263038635,0.013441741466522217,0.0003675089683383703,0.026883482933044434,0.4596341848373413,0.4730759263038635,0.3589542806148529,0.34898918867111206,0.18141156435012817,0.1779349148273468
31,S6,ComHvy,local,local,0,local,local,0,0.4368927478790283,0.41530841588974,-0.02158433198928833,0.0024526724591851234,0.05996815860271454,0.4368927478790283,0.41530841588974,0.2308931201696396,0.26087719202041626,0.3322141766548157,0.32381442189216614
31,S6,BWHvy,local,local,0,BS2,BS2,0,0.4467744827270508,0.47306883335113525,0.026294350624084473,0.0015404857695102692,0.05258873105049133,0.4467744827270508,0.47306883335113525,0.22401651740074158,0.21941736340522766,0.32920899987220764,0.3075137734413147
31,S7,LatCrit,local,local,0,local,local,0,0.5408625602722168,0.555018961429596,0.01415640115737915,0.00043348222970962524,0.02831283211708069,0.5408625602722168,0.555018961429596,0.2653205990791321,0.25958606600761414,0.1938169002532959,0.1853950023651123
31,S7,ComHvy,local,local,0,local,local,0,0.48250001668930054,0.5221948027610779,0.039694786071777344,0.00426096748560667,0.07938960194587708,0.48250001668930054,0.5221948027610779,0.24740049242973328,0.2128559947013855,0.2700994908809662,0.26494917273521423
31,S7,BWHvy,local,local,0,BS2,BS2,0,0.36059844493865967,0.40012800693511963,0.03952956199645996,0.0032965615391731262,0.07905909419059753,0.36059844493865967,0.40012800693511963,0.34751465916633606,0.32536831498146057,0.2918868958950043,0.2745037078857422
31,S8,LatCrit,local,local,0,local,local,0,0.511031985282898,0.49787241220474243,-0.013159573078155518,0.0007374836131930351,0.03537604212760925,0.511031985282898,0.49787241220474243,0.2940013110637665,0.3116893172264099,0.19496673345565796,0.19043827056884766
31,S8,ComHvy,local,local,0,BS1,BS1,0,0.5143415927886963,0.5176150798797607,0.003273487091064453,0.0006914613768458366,0.02875252068042755,0.5143415927886963,0.5176150798797607,0.25336089730262756,0.23898465931415558,0.23229748010635376,0.24340027570724487
31,S8,BWHvy,local,local,0,local,local,0,0.5859127044677734,0.5713973045349121,-0.014515399932861328,0.0004329569637775421,0.029030874371528625,0.5859127044677734,0.5713973045349121,0.21666377782821655,0.22366832196712494,0.19742347300052643,0.20493440330028534
32,S1,LatCrit,local,local,0,local,local,0,0.6298261880874634,0.6017575263977051,-0.0280686616897583,0.0020659975707530975,0.05613727867603302,0.6298261880874634,0.6017575263977051,0.1687023788690567,0.17221324145793915,0.2014714628458023,0.22602921724319458
32,S1,ComHvy,local,local,0,local,local,0,0.5295314788818359,0.5737549066543579,0.04422342777252197,0.004062650725245476,0.08844679594039917,0.5295314788818359,0.5737549066543579,0.29775452613830566,0.26563945412635803,0.1727139800786972,0.16060568392276764
32,S1,BWHvy,local,BS1,1,BS2,BS2,0,0.33842045068740845,0.3831850588321686,0.04476460814476013,0.00787103921175003,0.11645105481147766,0.33842045068740845,0.3215484023094177,0.32495954632759094,0.3831850588321686,0.3366200029850006,0.2952665090560913
32,S2,LatCrit,local,local,0,BS1,BS1,0,0.4588099718093872,0.4540538191795349,-0.004756152629852295,0.0007750224322080612,0.031540438532829285,0.4588099718093872,0.4540538191795349,0.3306080102920532,0.31959396600723267,0.21058200299739838,0.2263522446155548
32,S2,ComHvy,local,local,0,local,local,0,0.5119327306747437,0.4914901852607727,-0.020442545413970947,0.002460658550262451,0.060771554708480835,0.5119327306747437,0.4914901852607727,0.25782421231269836,0.2478809505701065,0.23024310171604156,0.2606288492679596
32,S2,BWHvy,local,local,0,local,local,0,0.45244306325912476,0.44341254234313965,-0.009030520915985107,0.0024346988648176193,0.05759154260158539,0.45244306325912476,0.44341254234313965,0.3250764310359955,0.3053111732006073,0.22248052060604095,0.25127628445625305
32,S3,LatCrit,local,local,0,local,local,0,0.4742346405982971,0.4795675277709961,0.005332887172698975,0.0002613114193081856,0.019806981086730957,0.4742346405982971,0.4795675277709961,0.261372447013855,0.2514689564704895,0.2643929123878479,0.2689635157585144
32,S3,ComHvy,local,local,0,local,local,0,0.4845086932182312,0.48063600063323975,-0.003872692584991455,0.0019100736826658249,0.04814465343952179,0.4845086932182312,0.48063600063323975,0.2569710314273834,0.2810433506965637,0.2585202753543854,0.23832063376903534
32,S3,BWHvy,local,local,0,local,local,0,0.5095329284667969,0.5324259400367737,0.022893011569976807,0.005515389144420624,0.09050537645816803,0.5095329284667969,0.5324259400367737,0.19017314910888672,0.21253283321857452,0.300293892621994,0.2550412118434906
32,S4,LatCrit,local,local,0,local,local,0,0.5144163966178894,0.534690260887146,0.020273864269256592,0.0008654482662677765,0.04054775834083557,0.5144163966178894,0.534690260887146,0.2850028872489929,0.2760646939277649,0.20058073103427887,0.18924503028392792
32,S4,ComHvy,local,local,0,local,local,0,0.5080256462097168,0.5121421813964844,0.004116535186767578,0.002928469330072403,0.052645355463027954,0.5080256462097168,0.5121421813964844,0.31392166018486023,0.33612778782844543,0.17805270850658417,0.151730015873909
32,S4,BWHvy,local,local,0,local,local,0,0.5026237368583679,0.4928169250488281,-0.009806811809539795,0.0022247731685638428,0.055812954902648926,0.5026237368583679,0.4928169250488281,0.23855964839458466,0.2204599827528,0.25881659984588623,0.2867230772972107
32,S5,LatCrit,local,local,0,BS1,BS1,0,0.4437124729156494,0.4144288897514343,-0.029283583164215088,0.003456026315689087,0.07917426526546478,0.4437124729156494,0.4144288897514343,0.32943055033683777,0.36901769042015076,0.22685694694519043,0.21655340492725372
32,S5,ComHvy,local,local,0,local,local,0,0.5461408495903015,0.5230271220207214,-0.023113727569580078,0.0013696402311325073,0.046227410435676575,0.5461408495903015,0.5230271220207214,0.1952822059392929,0.19671663641929626,0.2585769593715668,0.2802562117576599
32,S5,BWHvy,local,local,0,local,local,0,0.4676796793937683,0.5038334131240845,0.03615373373031616,0.0031143873929977417,0.07230746746063232,0.4676796793937683,0.5038334131240845,0.2936015725135803,0.2843054234981537,0.23871874809265137,0.21186116337776184
32,S6,LatCrit,local,local,0,local,local,0,0.43892109394073486,0.44763195514678955,0.008710861206054688,0.0008452292531728745,0.03441092371940613,0.43892109394073486,0.44763195514678955,0.2393692433834076,0.22216376662254333,0.32170969247817993,0.3302042782306671
32,S6,ComHvy,local,local,0,local,local,0,0.4373055696487427,0.441487193107605,0.004181623458862305,0.002397064119577408,0.055682212114334106,0.4373055696487427,0.441487193107605,0.25726351141929626,0.2809230089187622,0.30543091893196106,0.2775898277759552
32,S6,BWHvy,local,local,0,local,local,0,0.4139467477798462,0.4109286665916443,-0.0030180811882019043,0.0001425514928996563,0.013831719756126404,0.4139467477798462,0.4109286665916443,0.2106608897447586,0.2175767421722412,0.3753924071788788,0.3714946210384369
32,S7,LatCrit,local,local,0,local,local,0,0.5923770666122437,0.6049157977104187,0.012538731098175049,0.0005146822077222168,0.02508823573589325,0.5923770666122437,0.6049157977104187,0.21341553330421448,0.20087139308452606,0.19420745968818665,0.19421282410621643
32,S7,ComHvy,local,local,0,local,local,0,0.524370014667511,0.5389206409454346,0.014550626277923584,0.000918279867619276,0.034601837396621704,0.524370014667511,0.5389206409454346,0.22387073934078217,0.20656980574131012,0.25175923109054565,0.25450950860977173
32,S7,BWHvy,local,local,0,BS2,local,1,0.44981706142425537,0.501194953918457,0.05137789249420166,0.005751848220825195,0.1027558296918869,0.44981706142425537,0.501194953918457,0.2886327803134918,0.27189111709594727,0.2615501880645752,0.2269139140844345
32,S8,LatCrit,local,local,0,local,local,0,0.4962707757949829,0.48622483015060425,-0.010045945644378662,0.0003275275230407715,0.020091906189918518,0.4962707757949829,0.48622483015060425,0.3023897409439087,0.30278342962265015,0.2013394683599472,0.2109917402267456
32,S8,ComHvy,local,local,0,local,local,0,0.6071068048477173,0.6083767414093018,0.0012699365615844727,0.000570317730307579,0.022370651364326477,0.6071068048477173,0.6083767414093018,0.20687323808670044,0.1956879049539566,0.1860199272632599,0.19593530893325806
32,S8,BWHvy,local,local,0,local,local,0,0.47136497497558594,0.49412399530410767,0.02275902032852173,0.0020571332424879074,0.05241367220878601,0.47136497497558594,0.49412399530410767,0.282653272151947,0.2861010730266571,0.24598178267478943,0.21977493166923523
33,S1,LatCrit,local,local,0,local,local,0,0.5180193185806274,0.5412735939025879,0.02325427532196045,0.0018144497880712152,0.04817119240760803,0.5180193185806274,0.5412735939025879,0.23827026784420013,0.21418464183807373,0.2437104433774948,0.244541734457016
33,S1,ComHvy,local,local,0,BS1,local,1,0.5145115852355957,0.5357316732406616,0.021220088005065918,0.0009176284074783325,0.04244019091129303,0.5145115852355957,0.5357316732406616,0.3191813826560974,0.30355599522590637,0.16630704700946808,0.160712331533432
33,S1,BWHvy,local,local,0,local,local,0,0.4373122453689575,0.4399263262748718,0.0026140809059143066,0.0038563795387744904,0.06827318668365479,0.4373122453689575,0.4399263262748718,0.24061313271522522,0.2721356451511383,0.32207465171813965,0.28793805837631226
33,S2,LatCrit,local,local,0,BS1,BS1,0,0.4079429507255554,0.4018758535385132,-0.006067097187042236,0.00039407704025506973,0.024733752012252808,0.4079429507255554,0.4018758535385132,0.33530768752098083,0.32900792360305786,0.25674933195114136,0.26911622285842896
33,S2,ComHvy,local,local,0,local,local,0,0.4972738027572632,0.5167953372001648,0.01952153444290161,0.0013411924010142684,0.04290245473384857,0.4972738027572632,0.5167953372001648,0.2539812922477722,0.23253007233142853,0.2487449049949646,0.25067460536956787
33,S2,BWHvy,local,BS1,1,BS1,BS1,0,0.4155237078666687,0.40100669860839844,-0.014517009258270264,0.0010324071627110243,0.04328964650630951,0.4155237078666687,0.3974083662033081,0.3793618679046631,0.40100669860839844,0.20511440932750702,0.20158493518829346
33,S3,LatCrit,local,local,0,BS1,BS1,0,0.447451651096344,0.44957858324050903,0.002126932144165039,0.0018763449043035507,0.047515928745269775,0.447451651096344,0.44957858324050903,0.24033257365226746,0.2619636058807373,0.31221577525138855,0.28845781087875366
33,S3,ComHvy,local,local,0,local,local,0,0.46289217472076416,0.4645054340362549,0.0016132593154907227,1.1956988601014018e-05,0.0040245503187179565,0.46289217472076416,0.4645054340362549,0.22906304895877838,0.22705078125,0.30804479122161865,0.3084438145160675
33,S3,BWHvy,local,local,0,local,local,0,0.44001609086990356,0.4405648708343506,0.0005487799644470215,0.0018538013100624084,0.04576936364173889,0.44001609086990356,0.4405648708343506,0.2944946587085724,0.3168305456638336,0.26548928022384644,0.2426045835018158
33,S4,LatCrit,local,local,0,local,local,0,0.4422260522842407,0.4545801281929016,0.012354075908660889,0.000438883900642395,0.02470819652080536,0.4422260522842407,0.4545801281929016,0.30549681186676025,0.3045955300331116,0.2522771656513214,0.24082432687282562
33,S4,ComHvy,local,local,0,local,BS1,1,0.4915096163749695,0.4863988161087036,-0.005110800266265869,0.00035834498703479767,0.023482173681259155,0.4915096163749695,0.4863988161087036,0.33736133575439453,0.3491024076938629,0.17112906277179718,0.16449876129627228
33,S4,BWHvy,local,local,0,local,local,0,0.5622677803039551,0.5783224105834961,0.016054630279541016,0.0005302149802446365,0.03210929036140442,0.5622677803039551,0.5783224105834961,0.19984041154384613,0.19167768955230713,0.23789182305335999,0.22999988496303558
33,S5,LatCrit,local,local,0,local,BS1,1,0.5231778621673584,0.4971289038658142,-0.02604895830154419,0.004149293527007103,0.08354043960571289,0.5231778621673584,0.4971289038658142,0.28397130966186523,0.3257415294647217,0.19285082817077637,0.1771295666694641
33,S5,ComHvy,local,local,0,local,local,0,0.5355880260467529,0.5475800037384033,0.01199197769165039,0.00034730788320302963,0.023983895778656006,0.5355880260467529,0.5475800037384033,0.19880780577659607,0.19720378518104553,0.2656041085720062,0.25521621108055115
33,S5,BWHvy,local,local,0,local,local,0,0.46004682779312134,0.458465039730072,-0.0015817880630493164,0.00046038348227739334,0.023734360933303833,0.46004682779312134,0.458465039730072,0.28374171257019043,0.273456335067749,0.25621145963668823,0.26807865500450134
33,S6,LatCrit,local,local,0,local,local,0,0.4610823392868042,0.4760069251060486,0.014924585819244385,0.0006882436573505402,0.02984917163848877,0.4610823392868042,0.4760069251060486,0.3007279634475708,0.30016571283340454,0.2381897121667862,0.22382737696170807
33,S6,ComHvy,local,local,0,local,local,0,0.5089105367660522,0.5023308396339417,-0.006579697132110596,0.000985046848654747,0.03642556071281433,0.5089105367660522,0.5023308396339417,0.23598279058933258,0.25419560074806213,0.2551066279411316,0.2434735745191574
33,S6,BWHvy,local,local,0,local,local,0,0.43177467584609985,0.42845672369003296,-0.0033179521560668945,2.3827655240893364e-05,0.006635919213294983,0.43177467584609985,0.42845672369003296,0.24384422600269318,0.24464461207389832,0.32438111305236816,0.3268986940383911
33,S7,LatCrit,local,local,0,local,local,0,0.47230809926986694,0.5003871321678162,0.02807903289794922,0.001731999684125185,0.05615811049938202,0.47230809926986694,0.5003871321678162,0.28149521350860596,0.2604833245277405,0.2461967170238495,0.23912952840328217
33,S7,ComHvy,local,local,0,local,local,0,0.5184410810470581,0.4947360157966614,-0.02370506525039673,0.0011900998651981354,0.04741011559963226,0.5184410810470581,0.4947360157966614,0.2081577330827713,0.21426555514335632,0.2734012007713318,0.2909984290599823
33,S7,BWHvy,local,local,0,local,local,0,0.4431922435760498,0.46360647678375244,0.020414233207702637,0.000856584869325161,0.040828436613082886,0.4431922435760498,0.46360647678375244,0.33900347352027893,0.3245415687561035,0.21780426800251007,0.21185196936130524
33,S8,LatCrit,local,local,0,local,local,0,0.5095491409301758,0.5191507339477539,0.009601593017578125,0.0020574554800987244,0.052484750747680664,0.5095491409301758,0.5191507339477539,0.2681024670600891,0.24186007678508759,0.2223484218120575,0.2389891892671585
33,S8,ComHvy,local,local,0,local,local,0,0.5551812052726746,0.5390430092811584,-0.016138195991516113,0.0005850475281476974,0.03227640688419342,0.5551812052726746,0.5390430092811584,0.2526197135448456,0.2580294907093048,0.19219905138015747,0.20292748510837555
33,S8,BWHvy,local,local,0,local,local,0,0.4712546467781067,0.5059828758239746,0.03472822904586792,0.002692118287086487,0.06945650279521942,0.4712546467781067,0.5059828758239746,0.27505701780319214,0.2650001645088196,0.2536883056163788,0.22901688516139984
34,S1,LatCrit,local,local,0,local,local,0,0.499714195728302,0.5086795091629028,0.00896531343460083,0.0003064824268221855,0.021626994013786316,0.499714195728302,0.5086795091629028,0.2267046570777893,0.22855283319950104,0.2735811471939087,0.26276764273643494
34,S1,ComHvy,local,local,0,local,local,0,0.4997027516365051,0.5341817140579224,0.034478962421417236,0.002708832733333111,0.06895795464515686,0.4997027516365051,0.5341817140579224,0.2575843334197998,0.2314292937517166,0.24271292984485626,0.23438897728919983
34,S1,BWHvy,local,local,0,BS2,BS2,0,0.48623424768447876,0.48706698417663574,0.0008327364921569824,5.074916407465935e-05,0.007972314953804016,0.48623424768447876,0.48706698417663574,0.2016874998807907,0.20484092831611633,0.31207823753356934,0.3080920875072479
34,S2,LatCrit,local,local,0,local,local,0,0.48248666524887085,0.5195735692977905,0.03708690404891968,0.0037947497330605984,0.07417377829551697,0.48248666524887085,0.5195735692977905,0.24785438179969788,0.2149011790752411,0.2696589529514313,0.26552528142929077
34,S2,ComHvy,local,local,0,local,local,0,0.49878865480422974,0.5024627447128296,0.0036740899085998535,0.0012271534651517868,0.03801538050174713,0.49878865480422974,0.5024627447128296,0.24839110672473907,0.2293834090232849,0.2528202533721924,0.2681538462638855
34,S2,BWHvy,local,local,0,local,local,0,0.4635019898414612,0.46074599027633667,-0.0027559995651245117,0.0002836771309375763,0.018767312169075012,0.4635019898414612,0.46074599027633667,0.3313865661621094,0.324758917093277,0.20511144399642944,0.21449510753154755
34,S3,LatCrit,local,local,0,local,local,0,0.5151728391647339,0.5381094813346863,0.022936642169952393,0.0012594200670719147,0.04587326943874359,0.5151728391647339,0.5381094813346863,0.20532993972301483,0.20224204659461975,0.2794971764087677,0.2596484422683716
34,S3,ComHvy,local,local,0,local,local,0,0.43083035945892334,0.41947734355926514,-0.011353015899658203,0.0004025361849926412,0.023603975772857666,0.43083035945892334,0.41947734355926514,0.2708379328250885,0.28263989090919495,0.29833173751831055,0.29788273572921753
34,S3,BWHvy,local,local,0,local,local,0,0.5242635011672974,0.5282019376754761,0.003938436508178711,6.529223173856735e-05,0.010084852576255798,0.5242635011672974,0.5282019376754761,0.20536047220230103,0.206464484333992,0.2703759968280792,0.2653335928916931
34,S4,LatCrit,local,local,0,local,local,0,0.433235764503479,0.4292479157447815,-0.00398784875869751,0.002202538773417473,0.05350831151008606,0.433235764503479,0.4292479157447815,0.2563556730747223,0.2831098139286041,0.3104085922241211,0.2876422703266144
34,S4,ComHvy,local,local,0,local,local,0,0.46594494581222534,0.47515857219696045,0.009213626384735107,0.0005912240594625473,0.030420899391174316,0.46594494581222534,0.47515857219696045,0.2562016546726227,0.26219847798347473,0.27785342931747437,0.2626429796218872
34,S4,BWHvy,local,local,0,local,local,0,0.5226762890815735,0.5310072898864746,0.008331000804901123,0.00023259688168764114,0.016662001609802246,0.5226762890815735,0.5310072898864746,0.17669570446014404,0.16914835572242737,0.30062800645828247,0.299844354391098
34,S5,LatCrit,local,local,0,local,local,0,0.5651230812072754,0.5486303567886353,-0.016492724418640137,0.0005811587907373905,0.032985493540763855,0.5651230812072754,0.5486303567886353,0.29806047677993774,0.3068661391735077,0.13681639730930328,0.14450350403785706
34,S5,ComHvy,local,local,0,local,local,0,0.5527082681655884,0.5200014114379883,-0.0327068567276001,0.0024405792355537415,0.06541366875171661,0.5527082681655884,0.5200014114379883,0.1957130879163742,0.20144402980804443,0.251578688621521,0.2785545587539673
34,S5,BWHvy,local,local,0,local,local,0,0.4674462080001831,0.49178946018218994,0.024343252182006836,0.001218174584209919,0.04868650436401367,0.4674462080001831,0.49178946018218994,0.26774099469184875,0.25273609161376953,0.26481279730796814,0.2554744482040405
34,S6,LatCrit,local,local,0,BS1,BS1,0,0.5376094579696655,0.5173022747039795,-0.020307183265686035,0.000940266065299511,0.04061436653137207,0.5376094579696655,0.5173022747039795,0.2547871768474579,0.2606496512889862,0.2076033353805542,0.22204804420471191
34,S6,ComHvy,local,local,0,BS2,BS2,0,0.5284805297851562,0.5195102095603943,-0.008970320224761963,0.00021372095216065645,0.017940640449523926,0.5284805297851562,0.5195102095603943,0.21899864077568054,0.226741760969162,0.2525207996368408,0.25374799966812134
34,S6,BWHvy,local,local,0,BS2,BS2,0,0.4983481764793396,0.4734035134315491,-0.024944663047790527,0.0012500816956162453,0.04988929629325867,0.4983481764793396,0.4734035134315491,0.2104431539773941,0.22191478312015533,0.2912086844444275,0.3046816885471344
34,S7,LatCrit,local,local,0,local,local,0,0.5287376046180725,0.5506702065467834,0.021932601928710938,0.0009806109592318535,0.04386521875858307,0.5287376046180725,0.5506702065467834,0.2486276477575302,0.23551391065120697,0.22263474762439728,0.2138158679008484
34,S7,ComHvy,local,local,0,local,local,0,0.551787257194519,0.5250818133354187,-0.026705443859100342,0.0015187952667474747,0.053410887718200684,0.551787257194519,0.5250818133354187,0.16699019074440002,0.1814415156841278,0.28122255206108093,0.2934766709804535
34,S7,BWHvy,local,local,0,local,local,0,0.49468880891799927,0.5014055967330933,0.006716787815093994,9.049545042216778e-05,0.013433590531349182,0.49468880891799927,0.5014055967330933,0.2609325647354126,0.2576906085014343,0.24437864124774933,0.2409037947654724
34,S8,LatCrit,local,local,0,local,local,0,0.5251080989837646,0.5056954026222229,-0.019412696361541748,0.0010223519057035446,0.03882543742656708,0.5251080989837646,0.5056954026222229,0.286880224943161,0.29044657945632935,0.18801163136959076,0.20385801792144775
34,S8,ComHvy,local,local,0,local,local,0,0.5544971823692322,0.5419735312461853,-0.012523651123046875,0.0005051176995038986,0.025047317147254944,0.5544971823692322,0.5419735312461853,0.24404950439929962,0.24426262080669403,0.201453298330307,0.21376384794712067
34,S8,BWHvy,local,local,0,local,local,0,0.3866487145423889,0.4093807339668274,0.022732019424438477,0.0024544931948184967,0.06417369842529297,0.3866487145423889,0.4093807339668274,0.28154364228248596,0.29089850187301636,0.33180761337280273,0.29972079396247864
35,S1,LatCrit,local,local,0,BS1,BS1,0,0.4614701271057129,0.4491785168647766,-0.01229161024093628,0.00031421612948179245,0.024583205580711365,0.4614701271057129,0.4491785168647766,0.19643524289131165,0.1993560642004013,0.3420946002006531,0.3514653742313385
35,S1,ComHvy,local,local,0,local,local,0,0.4564940929412842,0.49103325605392456,0.03453916311264038,0.00611565075814724,0.09665533900260925,0.4564940929412842,0.49103325605392456,0.2918124794960022,0.24348482489585876,0.25169339776039124,0.2654819190502167
35,S1,BWHvy,local,local,0,local,local,0,0.5136545896530151,0.5208619832992554,0.007207393646240234,0.001083696261048317,0.03866320848464966,0.5136545896530151,0.5208619832992554,0.19547560811042786,0.20759978890419006,0.2908698320388794,0.2715381979942322
35,S2,LatCrit,local,local,0,local,local,0,0.504704475402832,0.5255111455917358,0.02080667018890381,0.0009186095558106899,0.041613295674324036,0.504704475402832,0.5255111455917358,0.3255692422389984,0.30863434076309204,0.16972625255584717,0.1658545285463333
35,S2,ComHvy,local,local,0,local,local,0,0.5393819808959961,0.5301584005355835,-0.009223580360412598,0.000617210753262043,0.031100809574127197,0.5393819808959961,0.5301584005355835,0.18931078910827637,0.18298396468162537,0.2713072896003723,0.2868576943874359
35,S2,BWHvy,local,local,0,BS1,BS1,0,0.40819084644317627,0.41795092821121216,0.009760081768035889,0.0010080793872475624,0.04159124195575714,0.40819084644317627,0.41795092821121216,0.3444966673851013,0.32370105385780334,0.24731247127056122,0.2583480179309845
35,S3,LatCrit,local,local,0,local,local,0,0.538490355014801,0.5540064573287964,0.015516102313995361,0.000752605265006423,0.031032264232635498,0.538490355014801,0.5540064573287964,0.15821149945259094,0.14575567841529846,0.30329814553260803,0.3002378046512604
35,S3,ComHvy,local,local,0,local,local,0,0.4710136651992798,0.4750305414199829,0.004016876220703125,0.00026206159964203835,0.01999850571155548,0.4710136651992798,0.4750305414199829,0.3101550042629242,0.30015575885772705,0.21883131563663483,0.22481369972229004
35,S3,BWHvy,local,local,0,local,local,0,0.5208383798599243,0.5530924797058105,0.03225409984588623,0.0028091035783290863,0.06565843522548676,0.5208383798599243,0.5530924797058105,0.16559885442256927,0.16617396473884583,0.3135627508163452,0.28073352575302124
35,S4,LatCrit,local,local,0,local,local,0,0.4552465081214905,0.47277379035949707,0.017527282238006592,0.00092318095266819,0.03722301125526428,0.4552465081214905,0.47277379035949707,0.23959417641162872,0.24067838490009308,0.3051593005657196,0.28654778003692627
35,S4,ComHvy,local,local,0,BS2,BS2,0,0.4773833751678467,0.4872910976409912,0.009907722473144531,0.00189264677464962,0.04541495442390442,0.4773833751678467,0.4872910976409912,0.3417694568634033,0.3545692265033722,0.1808471530675888,0.1581396907567978
35,S4,BWHvy,local,local,0,local,local,0,0.46619701385498047,0.4464953541755676,-0.019701659679412842,0.0007854467257857323,0.03940330445766449,0.46619701385498047,0.4464953541755676,0.20253174006938934,0.20924466848373413,0.3312712609767914,0.34425997734069824
35,S5,LatCrit,local,local,0,local,local,0,0.5810189843177795,0.5917363166809082,0.010717332363128662,0.0002843020483851433,0.021434709429740906,0.5810189843177795,0.5917363166809082,0.2144346982240677,0.20588745176792145,0.20454631745815277,0.20237618684768677
35,S5,ComHvy,local,local,0,local,local,0,0.5300770998001099,0.4894726872444153,-0.04060441255569458,0.005667123943567276,0.10173936188220978,0.5300770998001099,0.4894726872444153,0.14982329308986664,0.13955804705619812,0.3200995624065399,0.3709692656993866
35,S5,BWHvy,local,local,0,local,local,0,0.4245415925979614,0.4595358967781067,0.034994304180145264,0.002514231950044632,0.06998857855796814,0.4245415925979614,0.4595358967781067,0.2741624414920807,0.2544134259223938,0.3012959361076355,0.2860506772994995
35,S6,LatCrit,local,local,0,local,BS2,1,0.4241306781768799,0.3943163752555847,-0.029814302921295166,0.004814550280570984,0.09141349792480469,0.4241306781768799,0.3943163752555847,0.28502196073532104,0.26912954449653625,0.2908473312854767,0.3365541100502014
35,S6,ComHvy,local,local,0,local,BS2,1,0.4964483976364136,0.4620574116706848,-0.03439098596572876,0.003914752043783665,0.0702148973941803,0.4964483976364136,0.4620574116706848,0.20817336440086365,0.243280827999115,0.2953782081604004,0.2946617603302002
35,S6,BWHvy,local,local,0,BS2,BS2,0,0.3926394581794739,0.40911972522735596,0.01648026704788208,0.005319997668266296,0.09280332922935486,0.3926394581794739,0.40911972522735596,0.2552574574947357,0.2851788401603699,0.3521031141281128,0.30570143461227417
35,S7,LatCrit,local,local,0,local,local,0,0.5695886015892029,0.5843304395675659,0.014741837978363037,0.0009136069566011429,0.03473307192325592,0.5695886015892029,0.5843304395675659,0.2062259316444397,0.2088506519794464,0.22418545186519623,0.20681893825531006
35,S7,ComHvy,local,local,0,local,local,0,0.4426642060279846,0.4425402879714966,-0.0001239180564880371,1.5040510334074497e-05,0.003975182771682739,0.4426642060279846,0.4425402879714966,0.19107048213481903,0.1930580586194992,0.36626532673835754,0.364401638507843
35,S7,BWHvy,local,local,0,local,local,0,0.49411118030548096,0.5166791677474976,0.0225679874420166,0.0012107875663787127,0.04513595998287201,0.49411118030548096,0.5166791677474976,0.28639084100723267,0.26700517535209656,0.21949797868728638,0.21631567180156708
35,S8,LatCrit,local,local,0,local,local,0,0.5073350667953491,0.49043118953704834,-0.01690387725830078,0.0006715841591358185,0.03380768001079559,0.5073350667953491,0.49043118953704834,0.22947324812412262,0.23223164677619934,0.26319172978401184,0.27733713388442993
35,S8,ComHvy,local,local,0,local,local,0,0.5601076483726501,0.5587767958641052,-0.0013308525085449219,0.0001438632607460022,0.012521550059318542,0.5601076483726501,0.5587767958641052,0.2061069756746292,0.20117707550525665,0.23378536105155945,0.2400461584329605
35,S8,BWHvy,local,local,0,local,local,0,0.411909282207489,0.4303135275840759,0.018404245376586914,0.004720490425825119,0.08381617069244385,0.411909282207489,0.4303135275840759,0.30618351697921753,0.3296873867511749,0.28190717101097107,0.23999911546707153
36,S1,LatCrit,local,local,0,BS1,BS1,0,0.4885799288749695,0.4753841161727905,-0.013195812702178955,0.0010067988187074661,0.03605124354362488,0.4885799288749695,0.4753841161727905,0.19419865310192108,0.21222425997257233,0.31722143292427063,0.31239160895347595
36,S1,ComHvy,local,local,0,local,local,0,0.49072879552841187,0.496712863445282,0.005984067916870117,0.0033116787672042847,0.06257525086402893,0.49072879552841187,0.496712863445282,0.25463101267814636,0.2233433723449707,0.25464022159576416,0.2799437642097473
36,S1,BWHvy,local,local,0,local,local,0,0.4648987650871277,0.48882347345352173,0.023924708366394043,0.0014767022803425789,0.0478493869304657,0.4648987650871277,0.48882347345352173,0.26735740900039673,0.2464287281036377,0.2677438259124756,0.26474782824516296
36,S2,LatCrit,local,local,0,local,local,0,0.5138285756111145,0.5482116937637329,0.03438311815261841,0.0027206754311919212,0.0687662661075592,0.5138285756111145,0.5482116937637329,0.2806760370731354,0.2524156868457794,0.20549537241458893,0.1993725746870041
36,S2,ComHvy,local,local,0,local,local,0,0.532086968421936,0.5179169178009033,-0.014170050621032715,0.0005103042349219322,0.02834010124206543,0.532086968421936,0.5179169178009033,0.22606298327445984,0.22773990035057068,0.24185004830360413,0.254343181848526
36,S2,BWHvy,local,local,0,local,local,0,0.41927480697631836,0.4387012720108032,0.019426465034484863,0.0025101313367486,0.06323796510696411,0.41927480697631836,0.4387012720108032,0.29598361253738403,0.264364629983902,0.2847415804862976,0.2969340980052948
36,S3,LatCrit,local,local,0,local,local,0,0.48149025440216064,0.5210909843444824,0.03960072994232178,0.006278161890804768,0.07920147478580475,0.48149025440216064,0.5210909843444824,0.1900191605091095,0.15070022642612457,0.32849055528640747,0.3282087445259094
36,S3,ComHvy,local,local,0,local,local,0,0.4518868923187256,0.4557691216468811,0.0038822293281555176,0.0002732621505856514,0.02053244411945343,0.4518868923187256,0.4557691216468811,0.3162330090999603,0.3059667646884918,0.23188011348247528,0.2382640838623047
36,S3,BWHvy,local,local,0,local,local,0,0.5431674718856812,0.5603471398353577,0.017179667949676514,0.0005988338962197304,0.03435935080051422,0.5431674718856812,0.5603471398353577,0.18922273814678192,0.1815708875656128,0.2676098048686981,0.25808197259902954
36,S4,LatCrit,local,local,0,local,local,0,0.4530717134475708,0.4755457639694214,0.022474050521850586,0.0010146666318178177,0.04494808614253998,0.4530717134475708,0.4755457639694214,0.24300119280815125,0.23275132477283478,0.30392706394195557,0.29170289635658264
36,S4,ComHvy,local,local,0,local,local,0,0.554987370967865,0.5561432838439941,0.0011559128761291504,0.0031391065567731857,0.052704423666000366,0.554987370967865,0.5561432838439941,0.24820740520954132,0.27340370416641235,0.1968052238225937,0.1704530119895935
36,S4,BWHvy,local,local,0,local,local,0,0.47893959283828735,0.4751747250556946,-0.0037648677825927734,0.00020523648709058762,0.017757505178451538,0.47893959283828735,0.4751747250556946,0.2294933795928955,0.22437947988510132,0.2915670573711395,0.3004457950592041
36,S5,LatCrit,local,local,0,local,local,0,0.509968638420105,0.5428873300552368,0.032918691635131836,0.0026615317910909653,0.06583735346794128,0.509968638420105,0.5428873300552368,0.25701427459716797,0.24988478422164917,0.23301705718040466,0.207227885723114
36,S5,ComHvy,local,local,0,BS2,BS2,0,0.47530853748321533,0.43263310194015503,-0.0426754355430603,0.004593327641487122,0.08764071762561798,0.47530853748321533,0.43263310194015503,0.1772242784500122,0.17607934772968292,0.34746721386909485,0.39128756523132324
36,S5,BWHvy,local,local,0,BS2,BS2,0,0.445728063583374,0.44286108016967773,-0.002866983413696289,3.129243850708008e-05,0.0067864954471588135,0.445728063583374,0.44286108016967773,0.2895846366882324,0.2890583872795105,0.26468726992607117,0.26808053255081177
36,S6,LatCrit,local,local,0,BS2,BS2,0,0.45235246419906616,0.4127342104911804,-0.03961825370788574,0.004516083747148514,0.07923644781112671,0.45235246419906616,0.4127342104911804,0.32163378596305847,0.3248017430305481,0.22601374983787537,0.2624639868736267
36,S6,ComHvy,local,local,0,local,local,0,0.45255398750305176,0.44640135765075684,-0.006152629852294922,0.0002178475260734558,0.019524037837982178,0.45255398750305176,0.44640135765075684,0.22954382002353668,0.22593440115451813,0.31790220737457275,0.32766419649124146
36,S6,BWHvy,local,local,0,local,local,0,0.4276241064071655,0.42584770917892456,-0.0017763972282409668,0.0021587051451206207,0.05148443579673767,0.4276241064071655,0.42584770917892456,0.2821695804595947,0.30791181325912476,0.29020628333091736,0.2662404775619507
36,S7,LatCrit,local,local,0,local,local,0,0.5813490748405457,0.573372483253479,-0.00797659158706665,0.00033308565616607666,0.021346762776374817,0.5813490748405457,0.573372483253479,0.20680364966392517,0.204106867313385,0.21184729039669037,0.22252067923545837
36,S7,ComHvy,local,local,0,BS2,BS2,0,0.4875909686088562,0.48928189277648926,0.0016909241676330566,0.000714646652340889,0.028663933277130127,0.4875909686088562,0.48928189277648926,0.22809864580631256,0.24073968827724457,0.28431040048599243,0.26997843384742737
36,S7,BWHvy,local,local,0,local,local,0,0.5573846697807312,0.5966955423355103,0.03931087255477905,0.003365352749824524,0.0786217451095581,0.5573846697807312,0.5966955423355103,0.20485030114650726,0.19247125089168549,0.23776502907276154,0.21083320677280426
36,S8,LatCrit,local,local,0,local,local,0,0.4681966304779053,0.46588146686553955,-0.0023151636123657227,0.0004437072202563286,0.023842424154281616,0.4681966304779053,0.46588146686553955,0.3106883466243744,0.322609543800354,0.22111503779888153,0.21150897443294525
36,S8,ComHvy,local,local,0,local,local,0,0.5309247970581055,0.5521992444992065,0.021274447441101074,0.0018980223685503006,0.052323028445243835,0.5309247970581055,0.5521992444992065,0.21171149611473083,0.2165985405445099,0.2573637068271637,0.2312021702528
36,S8,BWHvy,local,local,0,local,local,0,0.4740578532218933,0.4520931839942932,-0.021964669227600098,0.002651751972734928,0.06332845985889435,0.4740578532218933,0.4520931839942932,0.23470069468021393,0.2663649320602417,0.29124146699905396,0.2815419137477875
37,S1,LatCrit,local,local,0,local,local,0,0.48737090826034546,0.512112021446228,0.02474111318588257,0.001983368769288063,0.049482181668281555,0.48737090826034546,0.512112021446228,0.22768160700798035,0.20356540381908417,0.2849474847316742,0.2843226194381714
37,S1,ComHvy,local,local,0,local,local,0,0.5037597417831421,0.4874259829521179,-0.01633375883102417,0.0011897645890712738,0.04578785598278046,0.5037597417831421,0.4874259829521179,0.1833926886320114,0.17683252692222595,0.3128475546836853,0.33574149012565613
37,S1,BWHvy,local,local,0,local,local,0,0.47684812545776367,0.49771636724472046,0.020868241786956787,0.0016938853077590466,0.04604122042655945,0.47684812545776367,0.49771636724472046,0.22876796126365662,0.20574736595153809,0.2943839132785797,0.29653629660606384
37,S2,LatCrit,local,local,0,local,local,0,0.48988544940948486,0.4722710847854614,-0.017614364624023438,0.0006310669705271721,0.03522871434688568,0.48988544940948486,0.4722710847854614,0.2801815867424011,0.2882688343524933,0.2299329936504364,0.23946009576320648
37,S2,ComHvy,local,local,0,local,local,0,0.48569202423095703,0.5012773275375366,0.01558530330657959,0.0005587805062532425,0.031170621514320374,0.48569202423095703,0.5012773275375366,0.20115475356578827,0.1991664469242096,0.3131532371044159,0.2995562255382538
37,S2,BWHvy,local,local,0,local,local,0,0.4234755039215088,0.4288436770439148,0.005368173122406006,0.00159403495490551,0.047430455684661865,0.4234755039215088,0.4288436770439148,0.2666819095611572,0.28502896428108215,0.309842586517334,0.28612735867500305
37,S3,LatCrit,local,local,0,local,local,0,0.47097843885421753,0.4668465852737427,-0.0041318535804748535,0.00015591643750667572,0.015168875455856323,0.47097843885421753,0.4668465852737427,0.24102136492729187,0.24860581755638123,0.2880001664161682,0.2845475971698761
37,S3,ComHvy,local,local,0,local,local,0,0.43555915355682373,0.426250159740448,-0.009308993816375732,0.0012583620846271515,0.04406839609146118,0.43555915355682373,0.426250159740448,0.30436235666275024,0.2916371524333954,0.2600785195827484,0.282112717628479
37,S3,BWHvy,local,local,0,local,local,0,0.4681593179702759,0.4529430866241455,-0.015216231346130371,0.001499684527516365,0.05187925696372986,0.4681593179702759,0.4529430866241455,0.14838807284832,0.13766469061374664,0.38345256447792053,0.40939220786094666
37,S4,LatCrit,local,local,0,local,local,0,0.3974573016166687,0.42407751083374023,0.026620209217071533,0.0016505960375070572,0.05324038863182068,0.3974573016166687,0.42407751083374023,0.2931572496891022,0.2874578833580017,0.3093854486942291,0.28846463561058044
37,S4,ComHvy,local,local,0,local,local,0,0.4823463559150696,0.4897395968437195,0.007393240928649902,0.00014540459960699081,0.014786496758460999,0.4823463559150696,0.4897395968437195,0.3015463650226593,0.30020439624786377,0.21610727906227112,0.21005599200725555
37,S4,BWHvy,local,local,0,local,local,0,0.5565378665924072,0.5510736703872681,-0.00546419620513916,0.0002240389585494995,0.017650604248046875,0.5565378665924072,0.5510736703872681,0.22204039990901947,0.2186792939901352,0.2214217185974121,0.23024702072143555
37,S5,LatCrit,local,local,0,local,local,0,0.5186736583709717,0.5120372176170349,-0.006636440753936768,0.000284779816865921,0.018453896045684814,0.5186736583709717,0.5120372176170349,0.17829473316669464,0.18752168118953705,0.3030316233634949,0.30044111609458923
37,S5,ComHvy,local,local,0,local,local,0,0.4562966823577881,0.4672163128852844,0.010919630527496338,0.0006141061894595623,0.02749776840209961,0.4562966823577881,0.4672163128852844,0.208767831325531,0.1950189769268036,0.3349354565143585,0.3377647399902344
37,S5,BWHvy,local,local,0,BS2,BS2,0,0.48021548986434937,0.4613955020904541,-0.018819987773895264,0.000898018479347229,0.03815704584121704,0.48021548986434937,0.4613955020904541,0.18186832964420319,0.18160979449748993,0.33791619539260864,0.35699471831321716
37,S6,LatCrit,local,local,0,local,local,0,0.5030738711357117,0.5009295344352722,-0.002144336700439453,9.129894897341728e-05,0.010820969939231873,0.5030738711357117,0.5009295344352722,0.2846790552139282,0.28141289949417114,0.2122470885515213,0.21765756607055664
37,S6,ComHvy,local,local,0,local,local,0,0.5098744630813599,0.5035839080810547,-0.006290555000305176,0.0008157100528478622,0.03332141041755676,0.5098744630813599,0.5035839080810547,0.23797832429409027,0.25463905930519104,0.2521471679210663,0.24177704751491547
37,S6,BWHvy,local,local,0,local,local,0,0.378917396068573,0.41174203157424927,0.03282463550567627,0.004334922879934311,0.07782909274101257,0.378917396068573,0.41174203157424927,0.336922824382782,0.3430127501487732,0.284159779548645,0.24524524807929993
37,S7,LatCrit,local,local,0,local,local,0,0.5039322972297668,0.5379537343978882,0.03402143716812134,0.0028034886345267296,0.06804285943508148,0.5039322972297668,0.5379537343978882,0.21731151640415192,0.19235053658485413,0.27875617146492004,0.2696957290172577
37,S7,ComHvy,local,local,0,local,local,0,0.4457363486289978,0.4258462190628052,-0.019890129566192627,0.0008066920563578606,0.03978024423122406,0.4457363486289978,0.4258462190628052,0.3318662941455841,0.34335917234420776,0.2223973274230957,0.23079456388950348
37,S7,BWHvy,local,local,0,local,local,0,0.5538380742073059,0.5858200788497925,0.03198200464248657,0.002507422585040331,0.06396400928497314,0.5538380742073059,0.5858200788497925,0.2603369653224945,0.23284177482128143,0.18582497537136078,0.18133816123008728
37,S8,LatCrit,local,local,0,local,local,0,0.5194343328475952,0.5298994779586792,0.010465145111083984,0.00022159889340400696,0.020930245518684387,0.5194343328475952,0.5298994779586792,0.17029687762260437,0.16594399511814117,0.3102687895298004,0.3041565716266632
37,S8,ComHvy,local,local,0,BS1,BS1,0,0.5069049596786499,0.4974980354309082,-0.0094069242477417,0.00043086358346045017,0.025010839104652405,0.5069049596786499,0.4974980354309082,0.23314325511455536,0.24564868211746216,0.25995180010795593,0.256853312253952
37,S8,BWHvy,local,local,0,BS1,BS1,0,0.47774505615234375,0.46740496158599854,-0.010340094566345215,0.00036745588295161724,0.023531079292297363,0.47774505615234375,0.46740496158599854,0.26917192339897156,0.28093746304512024,0.2530830204486847,0.2516575753688812
38,S1,LatCrit,local,local,0,local,local,0,0.4905007481575012,0.5179567337036133,0.02745598554611206,0.0016757166013121605,0.05491194128990173,0.4905007481575012,0.5179567337036133,0.16666465997695923,0.15192395448684692,0.34283459186553955,0.3301193416118622
38,S1,ComHvy,local,local,0,local,local,0,0.481813907623291,0.46612948179244995,-0.015684425830841064,0.0007799938321113586,0.03437879681587219,0.481813907623291,0.46612948179244995,0.24234351515769958,0.24083855748176575,0.275842547416687,0.2930319607257843
38,S1,BWHvy,local,local,0,local,local,0,0.5073581337928772,0.5086220502853394,0.0012639164924621582,2.4567474611103535e-05,0.005975499749183655,0.5073581337928772,0.5086220502853394,0.2786925435066223,0.2757048010826111,0.2139493077993393,0.21567314863204956
38,S2,LatCrit,local,local,0,local,local,0,0.40804553031921387,0.41613632440567017,0.008090794086456299,0.00017425304395146668,0.016181617975234985,0.40804553031921387,0.41613632440567017,0.3354446291923523,0.32752418518066406,0.2565098702907562,0.25633949041366577
38,S2,ComHvy,local,local,0,local,local,0,0.5205425024032593,0.5534690022468567,0.03292649984359741,0.0021847467869520187,0.06585299968719482,0.5205425024032593,0.5534690022468567,0.22448985278606415,0.20925618708133698,0.25496765971183777,0.23727482557296753
38,S2,BWHvy,local,local,0,local,local,0,0.46294331550598145,0.4549940228462219,-0.007949292659759521,0.0032228101044893265,0.06594717502593994,0.46294331550598145,0.4549940228462219,0.25176045298576355,0.2847340404987335,0.285296231508255,0.26027193665504456
38,S3,LatCrit,local,local,0,local,local,0,0.42501580715179443,0.42032140493392944,-0.00469440221786499,6.388113251887262e-05,0.009900122880935669,0.42501580715179443,0.42032140493392944,0.32183030247688293,0.32678037881851196,0.25315389037132263,0.252898246049881
38,S3,ComHvy,local,local,0,BS1,BS1,0,0.4670090675354004,0.46762603521347046,0.0006169676780700684,1.631502527743578e-06,0.001707807183265686,0.4670090675354004,0.46762603521347046,0.32766756415367126,0.326813668012619,0.20532339811325073,0.2055603414773941
38,S3,BWHvy,local,local,0,local,local,0,0.46252381801605225,0.46151477098464966,-0.0010090470314025879,0.00037679821252822876,0.020846456289291382,0.46252381801605225,0.46151477098464966,0.21803516149520874,0.20862099528312683,0.3194409906864166,0.3298642337322235
38,S4,LatCrit,local,local,0,local,local,0,0.4960499405860901,0.514392077922821,0.018342137336730957,0.000693335197865963,0.03668428957462311,0.4960499405860901,0.514392077922821,0.25765013694763184,0.25044628977775574,0.24629993736743927,0.23516163229942322
38,S4,ComHvy,local,local,0,local,local,0,0.48185962438583374,0.473632276058197,-0.008227348327636719,0.0011277850717306137,0.039163753390312195,0.48185962438583374,0.473632276058197,0.30230289697647095,0.29094836115837097,0.21583746373653412,0.23541933298110962
38,S4,BWHvy,local,local,0,local,local,0,0.5022614002227783,0.5377797484397888,0.0355183482170105,0.003994304686784744,0.0754496306180954,0.5022614002227783,0.5377797484397888,0.21663805842399597,0.21884450316429138,0.2811005711555481,0.2433757334947586
38,S5,LatCrit,local,local,0,local,local,0,0.47180789709091187,0.4707840085029602,-0.0010238885879516602,0.0014585759490728378,0.04025837779045105,0.47180789709091187,0.4707840085029602,0.24889302253723145,0.26902222633361816,0.2792990803718567,0.260193794965744
38,S5,ComHvy,local,local,0,BS2,BS2,0,0.4997749328613281,0.5234564542770386,0.02368152141571045,0.004182957112789154,0.07494582235813141,0.4997749328613281,0.5234564542770386,0.23891276121139526,0.20143987238407135,0.2613122761249542,0.27510368824005127
38,S5,BWHvy,local,local,0,local,local,0,0.48560184240341187,0.47401630878448486,-0.011585533618927002,0.0011929888278245926,0.04433266818523407,0.48560184240341187,0.47401630878448486,0.21597176790237427,0.20539097487926483,0.29842638969421387,0.3205927312374115
38,S6,LatCrit,local,local,0,local,BS2,1,0.48269301652908325,0.45810019969940186,-0.024592816829681396,0.001538668991997838,0.04918566346168518,0.48269301652908325,0.45810019969940186,0.2630453109741211,0.28512299060821533,0.25426164269447327,0.2567768096923828
38,S6,ComHvy,local,local,0,local,local,0,0.4545994997024536,0.47300994396209717,0.018410444259643555,0.002504037693142891,0.057990819215774536,0.4545994997024536,0.47300994396209717,0.31197184324264526,0.3225567936897278,0.2334287017583847,0.20443327724933624
38,S6,BWHvy,local,local,0,local,local,0,0.5115300416946411,0.48230087757110596,-0.029229164123535156,0.004251275211572647,0.07666522264480591,0.5115300416946411,0.48230087757110596,0.2865648567676544,0.2774614095687866,0.20190510153770447,0.24023771286010742
38,S7,LatCrit,local,local,0,local,local,0,0.6179537773132324,0.6130983829498291,-0.00485539436340332,0.0008084187284111977,0.028971850872039795,0.6179537773132324,0.6130983829498291,0.20136134326457977,0.1917308270931244,0.18068484961986542,0.1951707899570465
38,S7,ComHvy,local,local,0,local,BS1,1,0.47021782398223877,0.422788143157959,-0.047429680824279785,0.0053558312356472015,0.09485937654972076,0.47021782398223877,0.422788143157959,0.28518179059028625,0.29501307010650635,0.24460037052631378,0.28219878673553467
38,S7,BWHvy,local,local,0,local,local,0,0.5506677627563477,0.5512312650680542,0.000563502311706543,0.0009154463186860085,0.029117554426193237,0.5506677627563477,0.5512312650680542,0.23021236062049866,0.24420763552188873,0.2191198617219925,0.20456108450889587
38,S8,LatCrit,local,local,0,local,local,0,0.38805025815963745,0.43695104122161865,0.0489007830619812,0.004986237734556198,0.09780159592628479,0.38805025815963745,0.43695104122161865,0.30170556902885437,0.2731291353702545,0.3102441728115082,0.28991979360580444
38,S8,ComHvy,local,local,0,local,local,0,0.44710975885391235,0.46029096841812134,0.013181209564208984,0.00040682125836610794,0.02636241912841797,0.44710975885391235,0.46029096841812134,0.2527620792388916,0.2505861818790436,0.30012816190719604,0.2891228497028351
38,S8,BWHvy,local,local,0,BS1,BS1,0,0.4425872564315796,0.4717123508453369,0.029125094413757324,0.0031423084437847137,0.07140932977199554,0.4425872564315796,0.4717123508453369,0.23462051153182983,0.24120010435581207,0.3227922022342682,0.2870875597000122
39,S1,LatCrit,local,local,0,BS2,BS2,0,0.4439837336540222,0.43324047327041626,-0.010743260383605957,0.0031852051615715027,0.06704854965209961,0.4439837336540222,0.43324047327041626,0.23181182146072388,0.2653360962867737,0.3242044448852539,0.30142343044281006
39,S1,ComHvy,local,local,0,local,local,0,0.5986502170562744,0.589823842048645,-0.008826375007629395,0.0012864526361227036,0.039643362164497375,0.5986502170562744,0.589823842048645,0.19644522666931152,0.18544992804527283,0.20490452647209167,0.22472621500492096
39,S1,BWHvy,local,local,0,BS1,BS1,0,0.36161696910858154,0.3725549578666687,0.010937988758087158,0.0006916285492479801,0.033158719539642334,0.36161696910858154,0.3725549578666687,0.2953541576862335,0.27877476811408997,0.3430289328098297,0.34867027401924133
39,S2,LatCrit,local,local,0,local,local,0,0.5119496583938599,0.549431562423706,0.03748190402984619,0.0031697205267846584,0.07496383786201477,0.5119496583938599,0.549431562423706,0.30154553055763245,0.2701251208782196,0.1865048110485077,0.18044328689575195
39,S2,ComHvy,local,local,0,local,BS2,1,0.398184597492218,0.3842371106147766,-0.013947486877441406,0.0008257254958152771,0.037445276975631714,0.398184597492218,0.3842371106147766,0.2869061827659607,0.28213104605674744,0.3149092197418213,0.33363187313079834
39,S2,BWHvy,local,local,0,local,local,0,0.5056121945381165,0.5288114547729492,0.023199260234832764,0.0010979771614074707,0.046398505568504333,0.5056121945381165,0.5288114547729492,0.13959069550037384,0.13493046164512634,0.3547971248626709,0.3362581133842468
39,S3,LatCrit,local,local,0,local,local,0,0.49880892038345337,0.5071443319320679,0.008335411548614502,0.0004446059465408325,0.027129724621772766,0.49880892038345337,0.5071443319320679,0.1908198744058609,0.19604933261871338,0.3103712499141693,0.2968063950538635
39,S3,ComHvy,local,local,0,local,local,0,0.5206446051597595,0.5391355752944946,0.018490970134735107,0.0007252329960465431,0.03698192536830902,0.5206446051597595,0.5391355752944946,0.23146149516105652,0.21961937844753265,0.24789391458034515,0.2412450760602951
39,S3,BWHvy,local,local,0,local,local,0,0.48587512969970703,0.48784339427948,0.0019682645797729492,0.00010913936421275139,0.012153208255767822,0.48587512969970703,0.48784339427948,0.25533077120780945,0.2594391405582428,0.25879406929016113,0.2527174949645996
39,S4,LatCrit,local,local,0,local,local,0,0.547484278678894,0.5638914108276367,0.016407132148742676,0.000622827559709549,0.03281426429748535,0.547484278678894,0.5638914108276367,0.17180167138576508,0.16168124973773956,0.2807140648365021,0.2744273543357849
39,S4,ComHvy,local,local,0,local,local,0,0.5095847845077515,0.5054508447647095,-0.004133939743041992,0.004915628582239151,0.07206286489963531,0.5095847845077515,0.5054508447647095,0.3049938678741455,0.27309638261795044,0.18542133271694183,0.2214527726173401
39,S4,BWHvy,local,local,0,local,local,0,0.4204893708229065,0.4046659469604492,-0.015823423862457275,0.0008393600583076477,0.03355175256729126,0.4204893708229065,0.4046659469604492,0.32638612389564514,0.3254336416721344,0.25312453508377075,0.269900381565094
39,S5,LatCrit,local,local,0,local,local,0,0.48769813776016235,0.5226517915725708,0.03495365381240845,0.0028724633157253265,0.06990726292133331,0.48769813776016235,0.5226517915725708,0.21685029566287994,0.19246813654899597,0.2954515516757965,0.2848801016807556
39,S5,ComHvy,BS2,BS2,0,BS2,BS2,0,0.4109044671058655,0.4258650541305542,0.01496058702468872,0.000499039888381958,0.029921159148216248,0.3660627007484436,0.35999995470046997,0.22303283214569092,0.21413500607013702,0.4109044671058655,0.4258650541305542
39,S5,BWHvy,local,local,0,local,local,0,0.5419212579727173,0.5391178131103516,-0.0028034448623657227,0.00033853575587272644,0.019182100892066956,0.5419212579727173,0.5391178131103516,0.27831414341926575,0.2715265452861786,0.17976461350917816,0.18935567140579224
39,S6,LatCrit,local,local,0,local,local,0,0.5451159477233887,0.5034569501876831,-0.041658997535705566,0.0034783445298671722,0.08331799507141113,0.5451159477233887,0.5034569501876831,0.1567622423171997,0.17179906368255615,0.29812178015708923,0.32474395632743835
39,S6,ComHvy,local,local,0,local,local,0,0.5548422336578369,0.5630495548248291,0.008207321166992188,0.0017418237403035164,0.04158391058444977,0.5548422336578369,0.5630495548248291,0.16793738305568695,0.14714539051055908,0.2772204279899597,0.28980502486228943
39,S6,BWHvy,local,local,0,local,local,0,0.45590174198150635,0.45250362157821655,-0.003398120403289795,0.0016085859388113022,0.045145466923713684,0.45590174198150635,0.45250362157821655,0.26816806197166443,0.24899344146251678,0.2759301960468292,0.29850292205810547
39,S7,LatCrit,local,local,0,local,local,0,0.4381645917892456,0.43247556686401367,-0.005689024925231934,0.0006418395787477493,0.031789109110832214,0.4381645917892456,0.43247556686401367,0.24522534012794495,0.23501978814601898,0.31661009788513184,0.33250463008880615
39,S7,ComHvy,local,local,0,local,local,0,0.686522901058197,0.6779235005378723,-0.008599400520324707,0.001410938799381256,0.038016825914382935,0.686522901058197,0.6779235005378723,0.19648854434490204,0.2154969722032547,0.11698853969573975,0.10657954216003418
39,S7,BWHvy,local,local,0,local,local,0,0.6100778579711914,0.5835584402084351,-0.026519417762756348,0.005504727363586426,0.08908732235431671,0.6100778579711914,0.5835584402084351,0.23205724358558655,0.2766008973121643,0.15786489844322205,0.13984064757823944
39,S8,LatCrit,local,local,0,local,local,0,0.5003640651702881,0.5095447301864624,0.009180665016174316,0.00018605869263410568,0.018361300230026245,0.5003640651702881,0.5095447301864624,0.25126492977142334,0.24869899451732635,0.24837099015712738,0.24175629019737244
39,S8,ComHvy,local,local,0,local,local,0,0.4700790047645569,0.504223108291626,0.03414410352706909,0.002636226359754801,0.06828820705413818,0.4700790047645569,0.504223108291626,0.28568336367607117,0.2588995695114136,0.24423760175704956,0.23687729239463806
39,S8,BWHvy,local,local,0,BS2,BS2,0,0.3934745192527771,0.3945682644844055,0.001093745231628418,4.609115421772003e-05,0.008438408374786377,0.3934745192527771,0.3945682644844055,0.25257354974746704,0.2556990087032318,0.35395193099975586,0.34973272681236267
40,S1,LatCrit,local,local,0,local,local,0,0.5453256368637085,0.5755007863044739,0.03017514944076538,0.0021851491183042526,0.06035034358501434,0.5453256368637085,0.5755007863044739,0.17092040181159973,0.16748155653476715,0.28375399112701416,0.2570176422595978
40,S1,ComHvy,local,local,0,local,local,0,0.5570218563079834,0.5380811095237732,-0.018940746784210205,0.002409445121884346,0.058337777853012085,0.5570218563079834,0.5380811095237732,0.23195502161979675,0.22172687947750092,0.21102312207221985,0.2401920109987259
40,S1,BWHvy,local,local,0,local,local,0,0.42491114139556885,0.4011717438697815,-0.023739397525787354,0.0021200384944677353,0.0560971200466156,0.42491114139556885,0.4011717438697815,0.31288257241249084,0.3085733950138092,0.2622062861919403,0.2902548313140869
40,S2,LatCrit,local,local,0,local,local,0,0.48851287364959717,0.4698191285133362,-0.018693745136260986,0.004768408834934235,0.08640976250171661,0.48851287364959717,0.4698191285133362,0.18881872296333313,0.1643075793981552,0.3226684033870697,0.3658732771873474
40,S2,ComHvy,local,local,0,local,local,0,0.5096414089202881,0.5298717021942139,0.02023029327392578,0.0019374331459403038,0.050538599491119385,0.5096414089202881,0.5298717021942139,0.23013925552368164,0.20486992597579956,0.26021936535835266,0.2652583420276642
40,S2,BWHvy,local,local,0,local,local,0,0.507456362247467,0.512924313545227,0.00546795129776001,0.0001817396841943264,0.017207428812980652,0.507456362247467,0.512924313545227,0.29521644115448,0.28661274909973145,0.19732719659805298,0.20046298205852509
40,S3,LatCrit,local,local,0,local,local,0,0.4200822114944458,0.426965594291687,0.006883382797241211,0.0019057299941778183,0.05027596652507782,0.4200822114944458,0.426965594291687,0.33156418800354004,0.34981879591941833,0.24835358560085297,0.22321560978889465
40,S3,ComHvy,local,local,0,local,BS1,1,0.5290554761886597,0.4926491975784302,-0.03640627861022949,0.003733498277142644,0.07281254231929779,0.5290554761886597,0.4926491975784302,0.24482807517051697,0.28088316321372986,0.22611644864082336,0.22646762430667877
40,S3,BWHvy,local,local,0,local,local,0,0.3806775212287903,0.38758236169815063,0.0069048404693603516,0.0005909213796257973,0.030960768461227417,0.3806775212287903,0.38758236169815063,0.2979387640953064,0.2824583947658539,0.32138368487358093,0.3299592435359955
40,S4,LatCrit,local,local,0,local,local,0,0.5689504146575928,0.5434004068374634,-0.025550007820129395,0.0013202140107750893,0.05110006034374237,0.5689504146575928,0.5434004068374634,0.2263696789741516,0.24001720547676086,0.20467989146709442,0.21658241748809814
40,S4,ComHvy,local,local,0,BS1,local,1,0.4485209584236145,0.4452921748161316,-0.00322878360748291,0.0033400245010852814,0.06377550959587097,0.4485209584236145,0.4452921748161316,0.29995426535606384,0.2712952792644501,0.25152480602264404,0.28341254591941833
40,S4,BWHvy,local,local,0,local,local,0,0.5771785974502563,0.605986475944519,0.028807878494262695,0.0017486093565821648,0.05761578679084778,0.5771785974502563,0.605986475944519,0.20896974205970764,0.1968453973531723,0.2138516902923584,0.19716812670230865
40,S5,LatCrit,local,local,0,local,local,0,0.3921164870262146,0.37986958026885986,-0.012246906757354736,0.0005152132362127304,0.027828723192214966,0.3921164870262146,0.37986958026885986,0.3101917505264282,0.3085242807865143,0.2976917624473572,0.31160610914230347
40,S5,ComHvy,local,local,0,local,local,0,0.5236753821372986,0.5292370319366455,0.005561649799346924,0.000510496087372303,0.0264197438955307,0.5236753821372986,0.5292370319366455,0.2578601837158203,0.24465031921863556,0.2184644341468811,0.22611266374588013
40,S5,BWHvy,local,local,0,local,local,0,0.554607629776001,0.5633207559585571,0.008713126182556152,0.0010804170742630959,0.037018224596977234,0.554607629776001,0.5633207559585571,0.2266300916671753,0.20812097191810608,0.21876227855682373,0.2285582572221756
40,S6,LatCrit,local,local,0,local,local,0,0.5939276814460754,0.6075426340103149,0.013614952564239502,0.000753217376768589,0.028987616300582886,0.5939276814460754,0.6075426340103149,0.22065208852291107,0.2215309590101242,0.1854202300310135,0.17092643678188324
40,S6,ComHvy,local,local,0,local,local,0,0.5205689072608948,0.5533650517463684,0.03279614448547363,0.002168879844248295,0.06559227406978607,0.5205689072608948,0.5533650517463684,0.2578454911708832,0.23963478207588196,0.22158558666706085,0.20700016617774963
40,S6,BWHvy,local,local,0,local,local,0,0.5375379323959351,0.51979660987854,-0.01774132251739502,0.0009903665632009506,0.03657761216163635,0.5375379323959351,0.51979660987854,0.23232577741146088,0.2317783087491989,0.23013627529144287,0.24842509627342224
40,S7,LatCrit,local,local,0,local,local,0,0.6050525903701782,0.5949740409851074,-0.0100785493850708,0.0002744225785136223,0.020157068967819214,0.6050525903701782,0.5949740409851074,0.1825786978006363,0.183632954955101,0.21236877143383026,0.22139303386211395
40,S7,ComHvy,local,local,0,local,local,0,0.5297110080718994,0.48823821544647217,-0.041472792625427246,0.003622140735387802,0.08294562995433807,0.5297110080718994,0.48823821544647217,0.2428102344274521,0.2713088393211365,0.2274787276983261,0.24045296013355255
40,S7,BWHvy,local,local,0,local,local,0,0.4119531512260437,0.4098411798477173,-0.002111971378326416,3.4473370760679245e-05,0.007860511541366577,0.4119531512260437,0.4098411798477173,0.24253833293914795,0.24072006344795227,0.34550851583480835,0.34943878650665283
40,S8,LatCrit,local,local,0,local,local,0,0.4900820255279541,0.49194657802581787,0.0018645524978637695,0.0015086624771356583,0.04098701477050781,0.4900820255279541,0.49194657802581787,0.27749013900756836,0.25699663162231445,0.23242783546447754,0.2510567903518677
40,S8,ComHvy,local,local,0,local,local,0,0.4289383888244629,0.42573195695877075,-0.0032064318656921387,0.0008901916444301605,0.03445360064506531,0.4289383888244629,0.42573195695877075,0.2543245553970337,0.27155134081840515,0.3167370855808258,0.3027167022228241
40,S8,BWHvy,local,local,0,local,local,0,0.5014666318893433,0.49290984869003296,-0.008556783199310303,0.00017651665257290006,0.017113566398620605,0.5014666318893433,0.49290984869003296,0.2924562394618988,0.30021414160728455,0.20607711374759674,0.2068759948015213
41,S1,LatCrit,local,local,0,local,local,0,0.47786521911621094,0.48863881826400757,0.01077359914779663,0.00024932343512773514,0.021547183394432068,0.47786521911621094,0.48863881826400757,0.2108805626630783,0.2045067548751831,0.31125420331954956,0.3068544268608093
41,S1,ComHvy,local,local,0,local,local,0,0.4946099519729614,0.49251610040664673,-0.0020938515663146973,0.0004195012152194977,0.022527068853378296,0.4946099519729614,0.49251610040664673,0.25571370124816895,0.2465440332889557,0.24967634677886963,0.26093989610671997
41,S1,BWHvy,local,local,0,local,local,0,0.4805862307548523,0.4934793710708618,0.012893140316009521,0.0003485698252916336,0.02578626573085785,0.4805862307548523,0.4934793710708618,0.21503309905529022,0.20774054527282715,0.3043806552886963,0.29878008365631104
41,S2,LatCrit,local,local,0,local,local,0,0.43808168172836304,0.43754369020462036,-0.0005379915237426758,9.727198630571365e-06,0.0037736743688583374,0.43808168172836304,0.43754369020462036,0.23519715666770935,0.23384828865528107,0.32672119140625,0.3286080062389374
41,S2,ComHvy,local,local,0,local,local,0,0.47960352897644043,0.47691673040390015,-0.002686798572540283,0.00017182808369398117,0.01576000452041626,0.47960352897644043,0.47691673040390015,0.2935430109500885,0.30142301321029663,0.22685346007347107,0.22166025638580322
41,S2,BWHvy,local,local,0,local,local,0,0.5019371509552002,0.5119720697402954,0.010034918785095215,0.00030778656946495175,0.020413070917129517,0.5019371509552002,0.5119720697402954,0.2563219964504242,0.24611546099185944,0.2417408674955368,0.24191248416900635
41,S3,LatCrit,local,local,0,local,local,0,0.41693127155303955,0.4327167272567749,0.01578545570373535,0.0007797069847583771,0.031570836901664734,0.41693127155303955,0.4327167272567749,0.3437756896018982,0.34293806552886963,0.23929299414157867,0.22434523701667786
41,S3,ComHvy,local,local,0,local,local,0,0.5810909867286682,0.5709961652755737,-0.010094821453094482,0.0003037507995031774,0.020189642906188965,0.5810909867286682,0.5709961652755737,0.1983204483985901,0.20767228305339813,0.2205885499715805,0.22133153676986694
41,S3,BWHvy,local,local,0,BS1,BS1,0,0.40625858306884766,0.38193607330322266,-0.024322509765625,0.006754271686077118,0.10579600930213928,0.40625858306884766,0.38193607330322266,0.329525887966156,0.30095037817955017,0.2642155587673187,0.3171135485172272
41,S4,LatCrit,local,local,0,local,local,0,0.5547621846199036,0.5255271196365356,-0.02923506498336792,0.0017250105738639832,0.058470115065574646,0.5547621846199036,0.5255271196365356,0.2337040901184082,0.2477468103170395,0.21153371036052704,0.22672604024410248
41,S4,ComHvy,local,local,0,local,local,0,0.4747921824455261,0.4816250801086426,0.006832897663116455,0.0002395189367234707,0.019832134246826172,0.4747921824455261,0.4816250801086426,0.29542168974876404,0.28550559282302856,0.22978615760803223,0.23286929726600647
41,S4,BWHvy,local,local,0,local,local,0,0.4509100317955017,0.4631185531616211,0.012208521366119385,0.00400739349424839,0.07384905219078064,0.4509100317955017,0.4631185531616211,0.26632341742515564,0.2293989062309265,0.28276652097702026,0.3074825406074524
41,S5,LatCrit,local,local,0,local,BS1,1,0.474128782749176,0.4555279016494751,-0.018600881099700928,0.002338096499443054,0.06432738900184631,0.474128782749176,0.4555279016494751,0.33100467920303345,0.3631683588027954,0.1948665827512741,0.18130375444889069
41,S5,ComHvy,local,local,0,BS1,BS1,0,0.4785466194152832,0.5015641450881958,0.023017525672912598,0.0019298773258924484,0.046035036444664,0.4785466194152832,0.5015641450881958,0.3203067481517792,0.32004523277282715,0.20114664733409882,0.17839065194129944
41,S5,BWHvy,local,local,0,local,local,0,0.47130370140075684,0.48044300079345703,0.009139299392700195,0.0007038326002657413,0.033497512340545654,0.47130370140075684,0.48044300079345703,0.29432764649391174,0.2775788903236389,0.23436866700649261,0.24197812378406525
41,S6,LatCrit,local,local,0,local,local,0,0.5717302560806274,0.5890474319458008,0.01731717586517334,0.0006344504654407501,0.0346343070268631,0.5717302560806274,0.5890474319458008,0.1917894184589386,0.18588654696941376,0.23648031055927277,0.22506605088710785
41,S6,ComHvy,local,local,0,local,local,0,0.48557335138320923,0.5155887603759766,0.030015408992767334,0.0024554915726184845,0.06003083288669586,0.48557335138320923,0.5155887603759766,0.2601079046726227,0.25712230801582336,0.2543187737464905,0.22728894650936127
41,S6,BWHvy,local,local,0,local,local,0,0.461026668548584,0.44040757417678833,-0.020619094371795654,0.001133243553340435,0.0412382036447525,0.461026668548584,0.44040757417678833,0.21041090786457062,0.22719454765319824,0.3285624086856842,0.3323978781700134
41,S7,LatCrit,local,local,0,local,local,0,0.5416604280471802,0.5553271174430847,0.013666689395904541,0.0006578933098353446,0.027453914284706116,0.5416604280471802,0.5553271174430847,0.20215670764446259,0.18842974305152893,0.25618287920951843,0.25624313950538635
41,S7,ComHvy,local,local,0,local,local,0,0.5227428674697876,0.5206387639045715,-0.0021041035652160645,0.00020410679280757904,0.015935495495796204,0.5227428674697876,0.5206387639045715,0.20593763887882233,0.2000739872455597,0.27131950855255127,0.2792872488498688
41,S7,BWHvy,local,local,0,BS2,BS2,0,0.4088427424430847,0.41415804624557495,0.005315303802490234,0.0032990165054798126,0.06416647136211395,0.4088427424430847,0.41415804624557495,0.2482159584760666,0.2161327302455902,0.3429413139820099,0.3697092533111572
41,S8,LatCrit,local,local,0,local,local,0,0.5295828580856323,0.5176291465759277,-0.01195371150970459,0.00036135222762823105,0.023907482624053955,0.5295828580856323,0.5176291465759277,0.27559182047843933,0.27834028005599976,0.19482530653476715,0.2040306180715561
41,S8,ComHvy,local,local,0,local,local,0,0.5252086520195007,0.5314328670501709,0.006224215030670166,0.00087008997797966,0.0332363098859787,0.5252086520195007,0.5314328670501709,0.23849107325077057,0.24888499081134796,0.2363002747297287,0.21968209743499756
41,S8,BWHvy,local,local,0,local,local,0,0.4955558776855469,0.4627872705459595,-0.0327686071395874,0.002170250751078129,0.06553719937801361,0.4955558776855469,0.4627872705459595,0.3116302490234375,0.3339644968509674,0.192813903093338,0.20324824750423431
42,S1,LatCrit,local,local,0,local,local,0,0.5623487234115601,0.549895167350769,-0.012453556060791016,0.0003455681726336479,0.02490714192390442,0.5623487234115601,0.549895167350769,0.2206132560968399,0.22417937219142914,0.21703800559043884,0.225925475358963
42,S1,ComHvy,local,local,0,local,local,0,0.47750598192214966,0.46287333965301514,-0.014632642269134521,0.0024528130888938904,0.0610903799533844,0.47750598192214966,0.46287333965301514,0.2470492124557495,0.2775944173336029,0.27544480562210083,0.25953227281570435
42,S1,BWHvy,local,local,0,local,local,0,0.4875020384788513,0.5024878978729248,0.014985859394073486,0.0010177455842494965,0.03807111084461212,0.4875020384788513,0.5024878978729248,0.25083625316619873,0.23180072009563446,0.26166170835494995,0.2657114267349243
42,S2,LatCrit,local,local,0,local,local,0,0.4477062225341797,0.44705772399902344,-0.00064849853515625,0.0005575250834226608,0.025383293628692627,0.4477062225341797,0.44705772399902344,0.25304242968559265,0.26573407649993896,0.29925134778022766,0.2872081995010376
42,S2,ComHvy,local,local,0,local,local,0,0.5453701019287109,0.5523338317871094,0.0069637298583984375,0.00012083456385880709,0.01392751932144165,0.5453701019287109,0.5523338317871094,0.24376524984836578,0.23779374361038208,0.21086466312408447,0.20987237989902496
42,S2,BWHvy,local,local,0,local,local,0,0.4790160655975342,0.45554542541503906,-0.023470640182495117,0.0015547561924904585,0.052365660667419434,0.4790160655975342,0.45554542541503906,0.34775540232658386,0.3739382326602936,0.17322854697704315,0.17051635682582855
42,S3,LatCrit,local,local,0,local,BS2,1,0.3830336928367615,0.3772438168525696,-0.0057898759841918945,0.000813215970993042,0.035673439502716064,0.3830336928367615,0.3772438168525696,0.33970627188682556,0.3276594579219818,0.2772600054740906,0.295096755027771
42,S3,ComHvy,local,local,0,local,local,0,0.48246073722839355,0.478299617767334,-0.00416111946105957,0.002817157655954361,0.057883426547050476,0.48246073722839355,0.478299617767334,0.23684386909008026,0.2657855749130249,0.2806954085826874,0.2559148073196411
42,S3,BWHvy,BS2,BS2,0,local,local,0,0.40313947200775146,0.42351874709129333,0.02037927508354187,0.002371968701481819,0.05417710542678833,0.3763989210128784,0.3831081986427307,0.22046160697937012,0.19337305426597595,0.40313947200775146,0.42351874709129333
42,S4,LatCrit,local,local,0,BS2,BS2,0,0.45645803213119507,0.4861237406730652,0.029665708541870117,0.0017927773296833038,0.05933144688606262,0.45645803213119507,0.4861237406730652,0.3003448247909546,0.2865597903728485,0.24319715797901154,0.2273164540529251
42,S4,ComHvy,local,local,0,local,local,0,0.4643828868865967,0.46307802200317383,-0.0013048648834228516,0.0029298458248376846,0.0572415292263031,0.4643828868865967,0.46307802200317383,0.2711406350135803,0.2997613847255707,0.2644765079021454,0.2371605932712555
42,S4,BWHvy,local,local,0,local,local,0,0.6367250680923462,0.6207783818244934,-0.015946686267852783,0.0012463554739952087,0.03699587285518646,0.6367250680923462,0.6207783818244934,0.20899006724357605,0.206438809633255,0.15428487956523895,0.1727828085422516
42,S5,LatCrit,local,local,0,BS1,BS1,0,0.40034836530685425,0.3971198797225952,-0.003228485584259033,8.38874839246273e-05,0.012155205011367798,0.40034836530685425,0.3971198797225952,0.32708919048309326,0.33316677808761597,0.2725624740123749,0.2697133421897888
42,S5,ComHvy,local,local,0,local,local,0,0.5975461006164551,0.6226109266281128,0.025064826011657715,0.001534758135676384,0.050129637122154236,0.5975461006164551,0.6226109266281128,0.21820196509361267,0.21065624058246613,0.18425194919109344,0.16673286259174347
42,S5,BWHvy,local,local,0,local,local,0,0.4558343291282654,0.4518998861312866,-0.00393444299697876,0.0002877507358789444,0.02051764726638794,0.4558343291282654,0.4518998861312866,0.288225382566452,0.2819010019302368,0.2559402883052826,0.26619911193847656
42,S6,LatCrit,local,local,0,BS1,BS1,0,0.494780957698822,0.5009232759475708,0.006142318248748779,7.906951941549778e-05,0.012284696102142334,0.494780957698822,0.5009232759475708,0.28498509526252747,0.28059229254722595,0.2202339768409729,0.21848440170288086
42,S6,ComHvy,local,local,0,local,local,0,0.475735068321228,0.5036228895187378,0.027887821197509766,0.0036573372781276703,0.06987211108207703,0.475735068321228,0.5036228895187378,0.28144291043281555,0.2884911298751831,0.24282203614711761,0.2078859657049179
42,S6,BWHvy,local,local,0,local,local,0,0.4544326663017273,0.46726465225219727,0.01283198595046997,0.0020765922963619232,0.056052982807159424,0.4544326663017273,0.46726465225219727,0.25971052050590515,0.2749050259590149,0.28585681319236755,0.25783032178878784
42,S7,LatCrit,local,local,0,local,local,0,0.4874805808067322,0.5128893852233887,0.025408804416656494,0.0014956486411392689,0.050817593932151794,0.4874805808067322,0.5128893852233887,0.24932657182216644,0.2300991415977478,0.2631928622722626,0.2570115029811859
42,S7,ComHvy,local,local,0,local,local,0,0.5279088020324707,0.5195035934448242,-0.008405208587646484,0.00042947567999362946,0.025911375880241394,0.5279088020324707,0.5195035934448242,0.21200095117092133,0.2074504792690277,0.26009026169776917,0.27304595708847046
42,S7,BWHvy,local,local,0,local,local,0,0.4149285554885864,0.4299659729003906,0.0150374174118042,0.0029848869889974594,0.06530512869358063,0.4149285554885864,0.4299659729003906,0.25777867436408997,0.22512610256671906,0.3272927701473236,0.3449079096317291
42,S8,LatCrit,local,local,0,local,local,0,0.5500932931900024,0.537739098072052,-0.01235419511795044,0.00046010338701307774,0.02693970501422882,0.5500932931900024,0.537739098072052,0.2784369885921478,0.29190686345100403,0.17146968841552734,0.17035405337810516
42,S8,ComHvy,local,local,0,local,local,0,0.5098166465759277,0.5057888031005859,-0.004027843475341797,0.000998498871922493,0.03505986928939819,0.5098166465759277,0.5057888031005859,0.24846181273460388,0.26599177718162537,0.2417215257883072,0.22821946442127228
42,S8,BWHvy,local,local,0,local,local,0,0.5175319910049438,0.5182489156723022,0.0007169246673583984,1.1753756552934647e-05,0.003941386938095093,0.5175319910049438,0.5182489156723022,0.2484012395143509,0.24643051624298096,0.23406681418418884,0.2353205531835556
43,S1,LatCrit,local,local,0,BS2,BS2,0,0.4747995138168335,0.4549717903137207,-0.019827723503112793,0.0011581312865018845,0.04053938388824463,0.4747995138168335,0.4549717903137207,0.2579163610935211,0.2574743926525116,0.2672841250896454,0.2875538170337677
43,S1,ComHvy,local,local,0,local,local,0,0.5087538361549377,0.47199928760528564,-0.0367545485496521,0.0037721749395132065,0.073509082198143,0.5087538361549377,0.47199928760528564,0.17457254230976105,0.20449280738830566,0.3166736364364624,0.3235079050064087
43,S1,BWHvy,local,local,0,local,local,0,0.5614213943481445,0.5862827301025391,0.02486133575439453,0.004953615367412567,0.07425755262374878,0.5614213943481445,0.5862827301025391,0.19237062335014343,0.15524187684059143,0.24620795249938965,0.2584754228591919
43,S2,LatCrit,local,local,0,BS2,BS2,0,0.42600661516189575,0.4028737545013428,-0.02313286066055298,0.0025415602140128613,0.06031295657157898,0.42600661516189575,0.4028737545013428,0.23035183548927307,0.26050832867622375,0.3436415493488312,0.33661794662475586
43,S2,ComHvy,local,local,0,local,local,0,0.4606279730796814,0.47528916597366333,0.014661192893981934,0.001282908022403717,0.04586362838745117,0.4606279730796814,0.47528916597366333,0.23590980470180511,0.24418042600154877,0.3034622073173523,0.2805303931236267
43,S2,BWHvy,local,local,0,BS1,BS1,0,0.4619660973548889,0.4369043707847595,-0.025061726570129395,0.0014933687634766102,0.05012346804141998,0.4619660973548889,0.4369043707847595,0.3122797906398773,0.3347774147987366,0.22575409710407257,0.2283182144165039
43,S3,LatCrit,local,local,0,BS1,BS2,1,0.3996219038963318,0.39606451988220215,-0.0035573840141296387,0.001486223191022873,0.04561257362365723,0.3996219038963318,0.39606451988220215,0.30175888538360596,0.282509982585907,0.29861921072006226,0.32142549753189087
43,S3,ComHvy,local,local,0,BS1,BS1,0,0.46810656785964966,0.4410325884819031,-0.027073979377746582,0.00242773350328207,0.06014186143875122,0.46810656785964966,0.4410325884819031,0.26335230469703674,0.29342323541641235,0.268541157245636,0.26554420590400696
43,S3,BWHvy,local,local,0,local,local,0,0.5067057609558105,0.517504870891571,0.010799109935760498,0.005147486925125122,0.06974108517169952,0.5067057609558105,0.517504870891571,0.1690627485513687,0.13419222831726074,0.32423144578933716,0.3483029007911682
43,S4,LatCrit,local,local,0,local,local,0,0.4497367739677429,0.44505399465560913,-0.004682779312133789,0.0012384504079818726,0.04058083891868591,0.4497367739677429,0.44505399465560913,0.3077557384967804,0.2921481132507324,0.24250748753547668,0.26279792189598083
43,S4,ComHvy,local,local,0,BS2,local,1,0.45024293661117554,0.45531511306762695,0.005072176456451416,0.0013285968452692032,0.042418837547302246,0.45024293661117554,0.45531511306762695,0.26231053471565247,0.2784477472305298,0.2874465584754944,0.2662371098995209
43,S4,BWHvy,local,local,0,local,local,0,0.5454735159873962,0.5563094019889832,0.010835886001586914,0.00047839339822530746,0.024815887212753296,0.5454735159873962,0.5563094019889832,0.2180827260017395,0.20567476749420166,0.23644375801086426,0.2380158007144928
43,S5,LatCrit,local,local,0,local,local,0,0.4663623571395874,0.4682823419570923,0.0019199848175048828,0.00017711427062749863,0.015261262655258179,0.4663623571395874,0.4682823419570923,0.2591806948184967,0.2515500783920288,0.2744569480419159,0.2801676094532013
43,S5,ComHvy,local,local,0,local,local,0,0.5513816475868225,0.5713599324226379,0.01997828483581543,0.0015712480526417494,0.047831714153289795,0.5513816475868225,0.5713599324226379,0.25893858075141907,0.23502272367477417,0.18967975676059723,0.1936173290014267
43,S5,BWHvy,local,local,0,local,local,0,0.49136149883270264,0.4618071913719177,-0.029554307460784912,0.0027099568396806717,0.06537370383739471,0.49136149883270264,0.4618071913719177,0.22704821825027466,0.2239156812429428,0.2815902829170227,0.31427714228630066
43,S6,LatCrit,local,local,0,local,local,0,0.5884904861450195,0.6109951138496399,0.02250462770462036,0.001060018315911293,0.04500928521156311,0.5884904861450195,0.6109951138496399,0.25700095295906067,0.24347098171710968,0.15450860559940338,0.14553391933441162
43,S6,ComHvy,local,local,0,local,local,0,0.5106923580169678,0.5391245484352112,0.028432190418243408,0.002042870968580246,0.05686432123184204,0.5106923580169678,0.5391245484352112,0.28577396273612976,0.27853408455848694,0.20353364944458008,0.18234139680862427
43,S6,BWHvy,local,local,0,local,local,0,0.49503982067108154,0.48852604627609253,-0.006513774394989014,0.0002469378523528576,0.020128294825553894,0.49503982067108154,0.48852604627609253,0.2825961112976074,0.29266026616096497,0.22236403822898865,0.2188136726617813
43,S7,LatCrit,local,local,0,local,local,0,0.4762924909591675,0.49653542041778564,0.020242929458618164,0.0008679144084453583,0.04048587381839752,0.4762924909591675,0.49653542041778564,0.2608262598514557,0.25415048003196716,0.2628812789916992,0.2493141144514084
43,S7,ComHvy,local,local,0,local,local,0,0.5102685689926147,0.49891579151153564,-0.011352777481079102,0.0010680798441171646,0.04081858694553375,0.5102685689926147,0.49891579151153564,0.22720706462860107,0.2181505709886551,0.2625243365764618,0.28293365240097046
43,S7,BWHvy,local,local,0,local,local,0,0.5022671222686768,0.5149046778678894,0.012637555599212646,0.002738330513238907,0.06001751124858856,0.5022671222686768,0.5149046778678894,0.24384528398513794,0.21383653581142426,0.2538875937461853,0.27125880122184753
43,S8,LatCrit,local,local,0,local,local,0,0.5777732133865356,0.569804310798645,-0.007968902587890625,0.0006829765625298023,0.03016015887260437,0.5777732133865356,0.569804310798645,0.2166937291622162,0.23177382349967957,0.20553302764892578,0.19842186570167542
43,S8,ComHvy,local,local,0,local,local,0,0.4656277894973755,0.45409154891967773,-0.011536240577697754,0.0029537659138441086,0.06567564606666565,0.4656277894973755,0.45409154891967773,0.25400158762931824,0.28683942556381226,0.2803706228733063,0.2590690553188324
43,S8,BWHvy,local,local,0,local,local,0,0.5601139068603516,0.5300495624542236,-0.03006434440612793,0.002641787752509117,0.06012864410877228,0.5601139068603516,0.5300495624542236,0.24675767123699188,0.2493068426847458,0.19312843680381775,0.2206435650587082
44,S1,LatCrit,local,local,0,local,BS2,1,0.4615185856819153,0.4390982389450073,-0.02242034673690796,0.0024067815393209457,0.06032988429069519,0.4615185856819153,0.4390982389450073,0.2413916289806366,0.271556556224823,0.2970897853374481,0.2893451750278473
44,S1,ComHvy,local,local,0,local,local,0,0.5290027856826782,0.5140028595924377,-0.014999926090240479,0.0006136568263173103,0.029999852180480957,0.5290027856826782,0.5140028595924377,0.23282098770141602,0.23384639620780945,0.23817622661590576,0.2521507441997528
44,S1,BWHvy,local,local,0,local,local,0,0.5515848398208618,0.5539780259132385,0.002393186092376709,0.0006163045763969421,0.02508358657360077,0.5515848398208618,0.5539780259132385,0.20093128085136414,0.18838948011398315,0.24748389422893524,0.2576324939727783
44,S2,LatCrit,local,local,0,local,local,0,0.5324397087097168,0.5626705884933472,0.03023087978363037,0.0021357592195272446,0.060461729764938354,0.5324397087097168,0.5626705884933472,0.16260895133018494,0.1594477891921997,0.3049513101577759,0.2778816223144531
44,S2,ComHvy,local,local,0,local,BS1,1,0.48875004053115845,0.4727264642715454,-0.016023576259613037,0.0005149943754076958,0.032047122716903687,0.48875004053115845,0.4727264642715454,0.2526673972606659,0.2609310448169708,0.25858259201049805,0.26634249091148376
44,S2,BWHvy,local,local,0,BS1,BS1,0,0.4483147859573364,0.4554157257080078,0.007100939750671387,0.00011387804988771677,0.014201909303665161,0.4483147859573364,0.4554157257080078,0.28416648507118225,0.2787064015865326,0.2675187289714813,0.2658778429031372
44,S3,LatCrit,local,local,0,BS2,BS2,0,0.40611332654953003,0.4148781895637512,0.008764863014221191,0.00074028130620718,0.03440326452255249,0.40611332654953003,0.4148781895637512,0.28946617245674133,0.2722645699977875,0.30442047119140625,0.3128572702407837
44,S3,ComHvy,local,local,0,local,local,0,0.49170100688934326,0.5198429822921753,0.02814197540283203,0.002723701298236847,0.05628398060798645,0.49170100688934326,0.5198429822921753,0.2888505458831787,0.28866273164749146,0.21944846212863922,0.19149427115917206
44,S3,BWHvy,local,local,0,local,local,0,0.5013737678527832,0.484566867351532,-0.01680690050125122,0.004192370921373367,0.0798008143901825,0.5013737678527832,0.484566867351532,0.21432295441627502,0.1912294328212738,0.28430330753326416,0.3242036998271942
44,S4,LatCrit,local,local,0,BS2,BS2,0,0.4432153105735779,0.4325166344642639,-0.010698676109313965,0.0002613593824207783,0.02139735221862793,0.4432153105735779,0.4325166344642639,0.28599074482917786,0.2943612039089203,0.27079394459724426,0.2731221616268158
44,S4,ComHvy,local,local,0,BS2,BS2,0,0.482530415058136,0.4809701442718506,-0.0015602707862854004,0.000396018847823143,0.02174586057662964,0.482530415058136,0.4809701442718506,0.2550981044769287,0.2457854449748993,0.2623714804649353,0.2732444107532501
44,S4,BWHvy,local,local,0,local,local,0,0.5212427377700806,0.5099988579750061,-0.011243879795074463,0.0002872645854949951,0.022487729787826538,0.5212427377700806,0.5099988579750061,0.25398144125938416,0.257023423910141,0.22477583587169647,0.2329777032136917
44,S5,LatCrit,local,local,0,local,local,0,0.5118950605392456,0.4925827383995056,-0.01931232213973999,0.0007485561072826385,0.03862467408180237,0.5118950605392456,0.4925827383995056,0.17510412633419037,0.18282319605350494,0.31300076842308044,0.32459405064582825
44,S5,ComHvy,local,local,0,local,local,0,0.46137720346450806,0.4890635013580322,0.02768629789352417,0.0016168821603059769,0.055372655391693115,0.46137720346450806,0.4890635013580322,0.2939411699771881,0.2744152545928955,0.24468164145946503,0.23652119934558868
44,S5,BWHvy,local,local,0,local,local,0,0.4816131591796875,0.4641414284706116,-0.017471730709075928,0.0006203306838870049,0.034943416714668274,0.4816131591796875,0.4641414284706116,0.2839110195636749,0.2920435070991516,0.23447583615779877,0.24381503462791443
44,S6,LatCrit,local,local,0,local,local,0,0.5801382064819336,0.5659075975418091,-0.014230608940124512,0.00041697314009070396,0.028461232781410217,0.5801382064819336,0.5659075975418091,0.2534583508968353,0.2611621916294098,0.1664034128189087,0.17293019592761993
44,S6,ComHvy,local,local,0,local,local,0,0.5315653085708618,0.5219993591308594,-0.009565949440002441,0.0008192304521799088,0.03443436324596405,0.5315653085708618,0.5219993591308594,0.23470711708068848,0.2270558923482895,0.2337276041507721,0.2509447932243347
44,S6,BWHvy,local,local,0,local,local,0,0.5080280303955078,0.4944339394569397,-0.013594090938568115,0.0004343451000750065,0.027188122272491455,0.5080280303955078,0.4944339394569397,0.23786522448062897,0.2485373169183731,0.2541067600250244,0.2570286989212036
44,S7,LatCrit,local,local,0,local,local,0,0.4421650767326355,0.45807355642318726,0.015908479690551758,0.0006112102419137955,0.03181697428226471,0.4421650767326355,0.45807355642318726,0.2084425538778305,0.20748946070671082,0.3493923842906952,0.33443698287010193
44,S7,ComHvy,local,local,0,local,local,0,0.49848806858062744,0.4967235326766968,-0.001764535903930664,1.1765019735321403e-05,0.0037962794303894043,0.49848806858062744,0.4967235326766968,0.20738065242767334,0.20927879214286804,0.2941312789916992,0.2939976751804352
44,S7,BWHvy,local,local,0,local,local,0,0.5548983812332153,0.5459448099136353,-0.008953571319580078,0.0023443717509508133,0.05384571850299835,0.5548983812332153,0.5459448099136353,0.2211366891860962,0.20316742360591888,0.2239648997783661,0.25088778138160706
44,S8,LatCrit,local,local,0,local,local,0,0.5199809670448303,0.4960535168647766,-0.02392745018005371,0.0035421475768089294,0.07584986090660095,0.5199809670448303,0.4960535168647766,0.26217055320739746,0.30009549856185913,0.21784846484661102,0.20385099947452545
44,S8,ComHvy,local,local,0,local,local,0,0.4882470965385437,0.5084534287452698,0.020206332206726074,0.0022968482226133347,0.058560118079185486,0.4882470965385437,0.5084534287452698,0.2435321807861328,0.2526058852672577,0.2682207524776459,0.23894067108631134
44,S8,BWHvy,local,local,0,local,local,0,0.4868046045303345,0.4777163863182068,-0.009088218212127686,0.0005448469892144203,0.030203506350517273,0.4868046045303345,0.4777163863182068,0.21894413232803345,0.2129305750131607,0.2942512631416321,0.3093529939651489
45,S1,LatCrit,local,local,0,local,local,0,0.4966333508491516,0.4882699251174927,-0.008363425731658936,0.00021516572451218963,0.01672688126564026,0.4966333508491516,0.4882699251174927,0.21942906081676483,0.227469339966774,0.28393760323524475,0.2842607796192169
45,S1,ComHvy,local,local,0,local,local,0,0.43591374158859253,0.4611802101135254,0.02526646852493286,0.0013598743826150894,0.05053293704986572,0.43591374158859253,0.4611802101135254,0.2741396725177765,0.25757771730422974,0.289946585893631,0.2812420725822449
45,S1,BWHvy,local,local,0,local,local,0,0.5092945098876953,0.5226485729217529,0.013354063034057617,0.0004335131961852312,0.02670803666114807,0.5092945098876953,0.5226485729217529,0.24065853655338287,0.2298981100320816,0.25004690885543823,0.24745336174964905
45,S2,LatCrit,local,local,0,local,local,0,0.5187699794769287,0.49967074394226074,-0.01909923553466797,0.0010259710252285004,0.0389627069234848,0.5187699794769287,0.49967074394226074,0.20886962115764618,0.20848751068115234,0.2723603844642639,0.2918417453765869
45,S2,ComHvy,local,local,0,local,local,0,0.5212201476097107,0.5116546154022217,-0.009565532207489014,0.0009805457666516304,0.035818859934806824,0.5212201476097107,0.5116546154022217,0.19768185913562775,0.21559131145477295,0.28109800815582275,0.27275413274765015
45,S2,BWHvy,local,local,0,BS1,local,1,0.37401479482650757,0.37564021348953247,0.0016254186630249023,0.00020428886637091637,0.017230212688446045,0.37401479482650757,0.37564021348953247,0.2963387966156006,0.28772369027137756,0.32964640855789185,0.33663609623908997
45,S3,LatCrit,local,local,0,BS1,BS1,0,0.49557065963745117,0.48682910203933716,-0.008741557598114014,0.002579210326075554,0.05894462764263153,0.49557065963745117,0.48682910203933716,0.25261497497558594,0.2318841964006424,0.2518143951892853,0.28128668665885925
45,S3,ComHvy,local,local,0,local,local,0,0.5073421001434326,0.4945680499076843,-0.012774050235748291,0.00032780971378088,0.025548100471496582,0.5073421001434326,0.4945680499076843,0.29773226380348206,0.3060491979122162,0.19492565095424652,0.19938276708126068
45,S3,BWHvy,local,local,0,local,local,0,0.56085604429245,0.5590899586677551,-0.0017660856246948242,0.0019360873848199844,0.0430179089307785,0.56085604429245,0.5590899586677551,0.22327305376529694,0.2035301923751831,0.2158709019422531,0.23737986385822296
45,S4,LatCrit,local,local,0,local,local,0,0.42762625217437744,0.4236909747123718,-0.003935277462005615,0.00015605660155415535,0.015525907278060913,0.42762625217437744,0.4236909747123718,0.25850170850753784,0.2662646770477295,0.31387200951576233,0.3100443482398987
45,S4,ComHvy,local,local,0,local,local,0,0.5242120027542114,0.5297290086746216,0.005517005920410156,0.00018779700621962547,0.014830812811851501,0.5242120027542114,0.5297290086746216,0.2909484803676605,0.2928468883037567,0.18483956158161163,0.17742416262626648
45,S4,BWHvy,local,local,0,local,local,0,0.5000228881835938,0.48852694034576416,-0.01149594783782959,0.0009005106985569,0.03770555555820465,0.5000228881835938,0.48852694034576416,0.2394406497478485,0.23208381235599518,0.26053646206855774,0.27938923239707947
45,S5,LatCrit,local,local,0,local,local,0,0.4421263337135315,0.43144601583480835,-0.010680317878723145,0.000307978130877018,0.021360665559768677,0.4421263337135315,0.43144601583480835,0.3015236258506775,0.3026173710823059,0.256350040435791,0.26593664288520813
45,S5,ComHvy,local,local,0,local,local,0,0.5397109985351562,0.5405534505844116,0.0008424520492553711,0.0013740863651037216,0.036032140254974365,0.5397109985351562,0.5405534505844116,0.21555715799331665,0.19754110276699066,0.2447318285703659,0.2619054615497589
45,S5,BWHvy,local,local,0,local,local,0,0.4786328077316284,0.4759784936904907,-0.0026543140411376953,5.012890323996544e-05,0.00854162871837616,0.4786328077316284,0.4759784936904907,0.2850976884365082,0.2834811806678772,0.2362695038318634,0.2405403107404709
45,S6,LatCrit,local,local,0,local,local,0,0.42545753717422485,0.40036147832870483,-0.02509605884552002,0.0013521090149879456,0.05019216239452362,0.42545753717422485,0.40036147832870483,0.35037028789520264,0.36948147416114807,0.22417216002941132,0.23015707731246948
45,S6,ComHvy,local,local,0,local,local,0,0.48338156938552856,0.465304970741272,-0.018076598644256592,0.0013450168771669269,0.03615322709083557,0.48338156938552856,0.465304970741272,0.14198097586631775,0.1594865620136261,0.3746374547481537,0.3752084970474243
45,S6,BWHvy,local,local,0,local,local,0,0.42298948764801025,0.4116871953010559,-0.011302292346954346,0.0065996162593364716,0.09245909750461578,0.42298948764801025,0.4116871953010559,0.19492486119270325,0.24115441739559174,0.3820856511592865,0.34715840220451355
45,S7,LatCrit,local,local,0,local,local,0,0.6188269257545471,0.6305084228515625,0.01168149709701538,0.00041631609201431274,0.023996710777282715,0.6188269257545471,0.6305084228515625,0.1386977583169937,0.1390146017074585,0.24247531592845917,0.23047694563865662
45,S7,ComHvy,local,local,0,local,local,0,0.46270376443862915,0.4837573766708374,0.021053612232208252,0.0010070372372865677,0.0421072393655777,0.46270376443862915,0.4837573766708374,0.24292205274105072,0.23880627751350403,0.29437416791915894,0.2774363160133362
45,S7,BWHvy,local,local,0,local,local,0,0.5185133218765259,0.5569955706596375,0.03848224878311157,0.004978337325155735,0.07743653655052185,0.5185133218765259,0.5569955706596375,0.23343093693256378,0.19471263885498047,0.24805578589439392,0.2482917755842209
45,S8,LatCrit,local,local,0,local,local,0,0.5046959519386292,0.4918786883354187,-0.01281726360321045,0.0024084430187940598,0.06033731997013092,0.5046959519386292,0.4918786883354187,0.2950802445411682,0.3252488970756531,0.20022381842136383,0.18287241458892822
45,S8,ComHvy,local,local,0,local,local,0,0.5230197310447693,0.5243348479270935,0.0013151168823242188,0.0006495798006653786,0.0261276513338089,0.5230197310447693,0.5243348479270935,0.20738117396831512,0.21912986040115356,0.2695991098880768,0.25653526186943054
45,S8,BWHvy,local,local,0,local,local,0,0.39733225107192993,0.40540486574172974,0.008072614669799805,0.00026913289912045,0.01911500096321106,0.39733225107192993,0.40540486574172974,0.25309088826179504,0.2435334026813507,0.349576860666275,0.35106176137924194
46,S1,LatCrit,local,local,0,local,local,0,0.5109431743621826,0.45481598377227783,-0.056127190589904785,0.006704986095428467,0.11225436627864838,0.5109431743621826,0.45481598377227783,0.2640044689178467,0.28354141116142273,0.2250523716211319,0.26164260506629944
46,S1,ComHvy,local,local,0,local,local,0,0.5044035911560059,0.467292845249176,-0.037110745906829834,0.002887694165110588,0.07422146201133728,0.5044035911560059,0.467292845249176,0.2002619504928589,0.22121205925941467,0.29533445835113525,0.3114950656890869
46,S1,BWHvy,local,local,0,local,local,0,0.5651719570159912,0.5805025100708008,0.01533055305480957,0.0006866147741675377,0.030661076307296753,0.5651719570159912,0.5805025100708008,0.20074281096458435,0.20010514557361603,0.23408520221710205,0.2193923443555832
46,S2,LatCrit,local,local,0,local,local,0,0.44380706548690796,0.4421623945236206,-0.0016446709632873535,0.0010038474574685097,0.03482748568058014,0.44380706548690796,0.4421623945236206,0.31203940510749817,0.32945317029953003,0.24415349960327148,0.22838445007801056
46,S2,ComHvy,local,local,0,local,local,0,0.5313462018966675,0.5328776836395264,0.0015314817428588867,0.0004725111648440361,0.022105753421783447,0.5313462018966675,0.5328776836395264,0.255899578332901,0.26542097330093384,0.21275420486927032,0.2017013281583786
46,S2,BWHvy,local,local,0,BS2,BS2,0,0.4274454116821289,0.4239502549171448,-0.003495156764984131,0.002322262153029442,0.05144090950489044,0.4274454116821289,0.4239502549171448,0.18384960293769836,0.20957006514072418,0.38870498538017273,0.36647969484329224
46,S3,LatCrit,local,local,0,local,local,0,0.5884811282157898,0.6134299039840698,0.02494877576828003,0.0027615828439593315,0.06386537849903107,0.5884811282157898,0.6134299039840698,0.26608026027679443,0.2341475635766983,0.14543862640857697,0.15242253243923187
46,S3,ComHvy,local,local,0,local,local,0,0.5194962024688721,0.5599963665008545,0.04050016403198242,0.004276536405086517,0.08100034296512604,0.5194962024688721,0.5599963665008545,0.23320426046848297,0.2274966835975647,0.24729950726032257,0.21250690519809723
46,S3,BWHvy,local,local,0,local,local,0,0.5922586917877197,0.5836016535758972,-0.00865703821182251,0.0002935389056801796,0.02153201401233673,0.5922586917877197,0.5836016535758972,0.14417366683483124,0.14206469058990479,0.26356762647628784,0.2743336260318756
46,S4,LatCrit,local,local,0,local,local,0,0.4722411036491394,0.4583863615989685,-0.013854742050170898,0.0004988797008991241,0.027709484100341797,0.4722411036491394,0.4583863615989685,0.2597176432609558,0.2609381079673767,0.2680412232875824,0.2806755006313324
46,S4,ComHvy,local,local,0,local,local,0,0.5428681373596191,0.5451310873031616,0.0022629499435424805,0.0017016828060150146,0.04034537076950073,0.5428681373596191,0.5451310873031616,0.2596499025821686,0.27755963802337646,0.1974819451570511,0.17730925977230072
46,S4,BWHvy,local,BS2,1,local,local,0,0.3488895893096924,0.36427855491638184,0.015388965606689453,0.0009959116578102112,0.03792974352836609,0.3488895893096924,0.35165637731552124,0.30302995443344116,0.2840650975704193,0.34808045625686646,0.36427855491638184
46,S5,LatCrit,local,local,0,local,local,0,0.49796104431152344,0.5187249779701233,0.020763933658599854,0.0009239809587597847,0.041527919471263885,0.49796104431152344,0.5187249779701233,0.13213896751403809,0.12338639050722122,0.36990001797676086,0.3578886091709137
46,S5,ComHvy,local,local,0,local,local,0,0.4687291383743286,0.46491509675979614,-0.0038140416145324707,0.002802744507789612,0.05823996663093567,0.4687291383743286,0.46491509675979614,0.2817975580692291,0.25649160146713257,0.24947333335876465,0.2785933017730713
46,S5,BWHvy,local,BS1,1,local,local,0,0.3868262767791748,0.36782675981521606,-0.01899951696395874,0.000921446830034256,0.03868195414543152,0.3868262767791748,0.36748528480529785,0.36261674761772156,0.36782675981521606,0.25055697560310364,0.2646879255771637
46,S6,LatCrit,local,local,0,local,local,0,0.47075724601745605,0.43879449367523193,-0.03196275234222412,0.0025131702423095703,0.06392547488212585,0.47075724601745605,0.43879449367523193,0.19587154686450958,0.1966346949338913,0.33337122201919556,0.3645707964897156
46,S6,ComHvy,local,local,0,BS2,BS2,0,0.5501165390014648,0.5174003839492798,-0.03271615505218506,0.0029723134357482195,0.06543225049972534,0.5501165390014648,0.5174003839492798,0.20992781221866608,0.23979328572750092,0.23995566368103027,0.24280628561973572
46,S6,BWHvy,local,local,0,local,local,0,0.49222952127456665,0.47489988803863525,-0.017329633235931396,0.0008589704521000385,0.03465922176837921,0.49222952127456665,0.47489988803863525,0.24670325219631195,0.2634810507297516,0.2610672414302826,0.26161903142929077
46,S7,LatCrit,local,local,0,local,local,0,0.5684401392936707,0.5590770840644836,-0.009363055229187012,0.00018268125131726265,0.018726110458374023,0.5684401392936707,0.5590770840644836,0.1790083348751068,0.18389537930488586,0.25255152583122253,0.2570275366306305
46,S7,ComHvy,local,local,0,local,local,0,0.43749916553497314,0.4187229871749878,-0.01877617835998535,0.003792550414800644,0.07711118459701538,0.43749916553497314,0.4187229871749878,0.3157348930835724,0.29595547914505005,0.24676594138145447,0.28532153367996216
46,S7,BWHvy,local,local,0,local,local,0,0.6955287456512451,0.6758885383605957,-0.019640207290649414,0.0012538409791886806,0.039280399680137634,0.6955287456512451,0.6758885383605957,0.1487952023744583,0.1663137972354889,0.15567608177661896,0.1577976793050766
46,S8,LatCrit,local,local,0,BS2,BS2,0,0.41442203521728516,0.41468632221221924,0.00026428699493408203,8.161505684256554e-05,0.010020852088928223,0.41442203521728516,0.41468632221221924,0.2959430515766144,0.3006891906261444,0.28963491320610046,0.28462448716163635
46,S8,ComHvy,local,local,0,BS1,local,1,0.4096333980560303,0.4451584219932556,0.03552502393722534,0.0025816839188337326,0.07105003297328949,0.4096333980560303,0.4451584219932556,0.33776822686195374,0.315753698348999,0.252598375082016,0.23908789455890656
46,S8,BWHvy,local,local,0,local,local,0,0.3966473937034607,0.39780348539352417,0.0011560916900634766,0.001123843714594841,0.03735843300819397,0.3966473937034607,0.39780348539352417,0.2275579571723938,0.2450810670852661,0.3757946491241455,0.35711541771888733
47,S1,LatCrit,local,local,0,local,local,0,0.5838629007339478,0.5452572703361511,-0.03860563039779663,0.003078317269682884,0.07721127569675446,0.5838629007339478,0.5452572703361511,0.24289895594120026,0.26176169514656067,0.1732381284236908,0.1929810345172882
47,S1,ComHvy,local,local,0,local,local,0,0.5915811061859131,0.5797892808914185,-0.011791825294494629,0.0008097998797893524,0.03505349159240723,0.5915811061859131,0.5797892808914185,0.1565859317779541,0.15085101127624512,0.2518329620361328,0.2693597078323364
47,S1,BWHvy,local,local,0,local,local,0,0.4641236662864685,0.459026038646698,-0.005097627639770508,0.0009997868910431862,0.03732745349407196,0.4641236662864685,0.459026038646698,0.27487751841545105,0.2935412526130676,0.26099881529808044,0.24743272364139557
47,S2,LatCrit,local,local,0,local,local,0,0.6406635642051697,0.6624102592468262,0.021746695041656494,0.0011580884456634521,0.0434933602809906,0.6406635642051697,0.6624102592468262,0.15263934433460236,0.13925936818122864,0.20669707655906677,0.19833038747310638
47,S2,ComHvy,local,local,0,BS1,BS1,0,0.4536454677581787,0.41846323013305664,-0.03518223762512207,0.002743583172559738,0.07036447525024414,0.4536454677581787,0.41846323013305664,0.26148855686187744,0.27012836933135986,0.28486597537994385,0.3114084005355835
47,S2,BWHvy,local,local,0,local,local,0,0.5219563841819763,0.5221352577209473,0.00017887353897094727,0.0011014621704816818,0.03261624276638031,0.5219563841819763,0.5221352577209473,0.25572603940963745,0.2394179254770279,0.22231756150722504,0.23844681680202484
47,S3,LatCrit,local,local,0,local,local,0,0.4933258295059204,0.5147521495819092,0.02142632007598877,0.0013937620678916574,0.04609940946102142,0.4933258295059204,0.5147521495819092,0.29951784014701843,0.2764681577682495,0.20715633034706116,0.2087797373533249
47,S3,ComHvy,local,local,0,local,local,0,0.5285075902938843,0.5706437826156616,0.042136192321777344,0.007815510034561157,0.09169887006282806,0.5285075902938843,0.5706437826156616,0.27059081196784973,0.274304062128067,0.200901597738266,0.15505217015743256
47,S3,BWHvy,local,local,0,local,local,0,0.5049786567687988,0.5143485069274902,0.009369850158691406,0.00019890069961547852,0.018739700317382812,0.5049786567687988,0.5143485069274902,0.13353212177753448,0.1330992430448532,0.3614892363548279,0.35255226492881775
47,S4,LatCrit,local,local,0,BS1,BS1,0,0.40524792671203613,0.43362122774124146,0.028373301029205322,0.001690697856247425,0.056746646761894226,0.40524792671203613,0.43362122774124146,0.3528299629688263,0.3326740860939026,0.24192214012145996,0.23370467126369476
47,S4,ComHvy,local,local,0,local,local,0,0.5453687906265259,0.539466142654419,-0.005902647972106934,0.00011000905942637473,0.012071937322616577,0.5453687906265259,0.539466142654419,0.23008522391319275,0.23612122237682343,0.22454598546028137,0.2244126945734024
47,S4,BWHvy,local,local,0,local,local,0,0.4954996109008789,0.4716644883155823,-0.02383512258529663,0.0019790492951869965,0.051659271121025085,0.4954996109008789,0.4716644883155823,0.27974969148635864,0.27775517106056213,0.22475071251392365,0.2505803406238556
47,S5,LatCrit,local,local,0,local,local,0,0.4989092946052551,0.4924560785293579,-0.006453216075897217,0.00014655012637376785,0.016592949628829956,0.4989092946052551,0.4924560785293579,0.12925823032855988,0.1274149864912033,0.3718324303627014,0.3801289200782776
47,S5,ComHvy,local,local,0,local,BS1,1,0.5197832584381104,0.5212030410766602,0.0014197826385498047,8.325744420289993e-05,0.010040909051895142,0.5197832584381104,0.5212030410766602,0.2505846619606018,0.25418534874916077,0.22963203489780426,0.22461159527301788
47,S5,BWHvy,local,local,0,local,local,0,0.4487209916114807,0.46329349279403687,0.014572501182556152,0.0028427019715309143,0.06459695100784302,0.4487209916114807,0.46329349279403687,0.277234822511673,0.29496079683303833,0.2740441858768463,0.2417457103729248
47,S6,LatCrit,local,local,0,local,local,0,0.4684898257255554,0.4503248333930969,-0.018164992332458496,0.0021606460213661194,0.05980953574180603,0.4684898257255554,0.4503248333930969,0.25775572657585144,0.24601596593856812,0.27375441789627075,0.30365920066833496
47,S6,ComHvy,local,local,0,local,local,0,0.5164216160774231,0.5198585391044617,0.0034369230270385742,2.8782058507204056e-05,0.006873860955238342,0.5164216160774231,0.5198585391044617,0.20361341536045074,0.2032526731491089,0.27996498346328735,0.27688878774642944
47,S6,BWHvy,local,local,0,local,local,0,0.43047481775283813,0.46130239963531494,0.030827581882476807,0.002467554062604904,0.06165517866611481,0.43047481775283813,0.46130239963531494,0.24474385380744934,0.24323804676532745,0.3247813284397125,0.2954595386981964
47,S7,LatCrit,local,local,0,local,local,0,0.597314715385437,0.5963678359985352,-0.0009468793869018555,0.00045503396540880203,0.01901109516620636,0.597314715385437,0.5963678359985352,0.13814851641654968,0.14765407145023346,0.2645367681980133,0.2559781074523926
47,S7,ComHvy,local,local,0,local,local,0,0.4700111150741577,0.48934823274612427,0.019337117671966553,0.0008948913309723139,0.03867422044277191,0.4700111150741577,0.48934823274612427,0.3067338764667511,0.2896082401275635,0.2232550084590912,0.22104354202747345
47,S7,BWHvy,local,local,0,local,local,0,0.5545631647109985,0.5503427982330322,-0.004220366477966309,0.0002302238717675209,0.01754353940486908,0.5545631647109985,0.5503427982330322,0.22001798450946808,0.21546657383441925,0.22541886568069458,0.23419062793254852
47,S8,LatCrit,local,local,0,local,local,0,0.4654597043991089,0.43736588954925537,-0.028093814849853516,0.0031317626126110554,0.07082793116569519,0.4654597043991089,0.43736588954925537,0.268926203250885,0.3043401539325714,0.2656140923500061,0.25829392671585083
47,S8,ComHvy,local,local,0,local,local,0,0.5355848670005798,0.5554043054580688,0.019819438457489014,0.000896580284461379,0.039638906717300415,0.5355848670005798,0.5554043054580688,0.2648265063762665,0.24887356162071228,0.1995886266231537,0.19572210311889648
47,S8,BWHvy,local,local,0,local,local,0,0.48719048500061035,0.46094751358032227,-0.026242971420288086,0.0013847947120666504,0.05248594284057617,0.48719048500061035,0.46094751358032227,0.25223639607429504,0.26592209935188293,0.2605731189250946,0.2731303870677948
48,S1,LatCrit,local,local,0,local,local,0,0.52610182762146,0.47902506589889526,-0.0470767617225647,0.004435699433088303,0.0941535234451294,0.52610182762146,0.47902506589889526,0.18180683255195618,0.2002633512020111,0.29209133982658386,0.32071158289909363
48,S1,ComHvy,local,local,0,local,local,0,0.5537729263305664,0.5664064884185791,0.012633562088012695,0.0003290250897407532,0.02526707947254181,0.5537729263305664,0.5664064884185791,0.2690182626247406,0.26238682866096497,0.1772087812423706,0.17120669782161713
48,S1,BWHvy,local,local,0,local,local,0,0.45262712240219116,0.4296834468841553,-0.02294367551803589,0.0013481960631906986,0.045887380838394165,0.45262712240219116,0.4296834468841553,0.29759377241134644,0.3191092908382416,0.24977907538414001,0.25120726227760315
48,S2,LatCrit,local,local,0,local,local,0,0.481153666973114,0.456601619720459,-0.02455204725265503,0.001268988475203514,0.04910409450531006,0.481153666973114,0.456601619720459,0.26759427785873413,0.2762240171432495,0.25125205516815186,0.2671743631362915
48,S2,ComHvy,local,local,0,local,local,0,0.4715472459793091,0.43230295181274414,-0.03924429416656494,0.003414246253669262,0.0784885585308075,0.4715472459793091,0.43230295181274414,0.2741503417491913,0.30398741364479065,0.25430241227149963,0.2637096047401428
48,S2,BWHvy,local,local,0,local,local,0,0.43153369426727295,0.4680445194244385,0.03651082515716553,0.0027505680918693542,0.07302166521549225,0.43153369426727295,0.4680445194244385,0.20414453744888306,0.19483403861522675,0.364321768283844,0.3371214270591736
48,S3,LatCrit,local,local,0,local,local,0,0.4540267586708069,0.43674248456954956,-0.017284274101257324,0.002983205020427704,0.06884446740150452,0.4540267586708069,0.43674248456954956,0.288671612739563,0.27153363823890686,0.2573016583919525,0.2917238771915436
48,S3,ComHvy,local,local,0,local,local,0,0.47460758686065674,0.45738738775253296,-0.01722019910812378,0.0005969982594251633,0.034440457820892334,0.47460758686065674,0.45738738775253296,0.24344268441200256,0.25097718834877014,0.2819497287273407,0.2916354835033417
48,S3,BWHvy,local,local,0,local,local,0,0.5714563131332397,0.5600754618644714,-0.01138085126876831,0.0008993092924356461,0.03705325722694397,0.5714563131332397,0.5600754618644714,0.16719280183315277,0.1600470095872879,0.26135092973709106,0.27987754344940186
48,S4,LatCrit,local,local,0,local,local,0,0.5315197110176086,0.5589271783828735,0.027407467365264893,0.003573737572878599,0.061139702796936035,0.5315197110176086,0.5589271783828735,0.18332384526729584,0.15275399386882782,0.2851564288139343,0.28831881284713745
48,S4,ComHvy,local,local,0,local,local,0,0.5055028200149536,0.4934092164039612,-0.012093603610992432,0.0003534434363245964,0.024187251925468445,0.5055028200149536,0.4934092164039612,0.27996137738227844,0.28286102414131165,0.21453578770160675,0.22372978925704956
48,S4,BWHvy,local,local,0,BS1,BS1,0,0.39247453212738037,0.39506959915161133,0.002595067024230957,1.4298013411462307e-05,0.005190134048461914,0.39247453212738037,0.39506959915161133,0.3561106324195862,0.35433879494667053,0.25141483545303345,0.25059160590171814
48,S5,LatCrit,local,local,0,local,local,0,0.47186076641082764,0.471363365650177,-0.0004974007606506348,0.000712953507900238,0.027019068598747253,0.47186076641082764,0.471363365650177,0.2003597617149353,0.1873476356267929,0.3277794420719147,0.3412889838218689
48,S5,ComHvy,BS2,BS2,0,BS2,BS2,0,0.36263787746429443,0.3994501531124115,0.036812275648117065,0.0034018903970718384,0.07362452149391174,0.3600601553916931,0.3515282869338989,0.27730193734169006,0.24902155995368958,0.36263787746429443,0.3994501531124115
48,S5,BWHvy,local,local,0,local,local,0,0.5420743227005005,0.5247141122817993,-0.017360210418701172,0.0009293407201766968,0.03472051024436951,0.5420743227005005,0.5247141122817993,0.23699799180030823,0.23703882098197937,0.2209276407957077,0.2382471114397049
48,S6,LatCrit,local,local,0,local,local,0,0.5405887365341187,0.5323374271392822,-0.008251309394836426,0.001208016648888588,0.040593668818473816,0.5405887365341187,0.5323374271392822,0.21122993528842926,0.19918443262577057,0.2481812983751297,0.2684781551361084
48,S6,ComHvy,local,local,0,local,local,0,0.5007667541503906,0.46458321809768677,-0.03618353605270386,0.002854602411389351,0.07236705720424652,0.5007667541503906,0.46458321809768677,0.23713113367557526,0.2624332904815674,0.2621021270751953,0.27298349142074585
48,S6,BWHvy,local,local,0,local,local,0,0.45207536220550537,0.42743146419525146,-0.024643898010253906,0.0013577351346611977,0.04928779602050781,0.45207536220550537,0.42743146419525146,0.2637537121772766,0.2816680371761322,0.284170925617218,0.29090049862861633
48,S7,LatCrit,local,local,0,local,local,0,0.5238468050956726,0.4873359799385071,-0.03651082515716553,0.0030969223007559776,0.07302168011665344,0.5238468050956726,0.4873359799385071,0.21610093116760254,0.24354296922683716,0.26005226373672485,0.26912108063697815
48,S7,ComHvy,local,local,0,local,local,0,0.5768190622329712,0.5942440629005432,0.01742500066757202,0.0006474209949374199,0.03485001623630524,0.5768190622329712,0.5942440629005432,0.27213793992996216,0.2590167224407196,0.15104302763938904,0.14673922955989838
48,S7,BWHvy,local,local,0,local,local,0,0.6216685175895691,0.61041259765625,-0.011255919933319092,0.0009354301728308201,0.035578906536102295,0.6216685175895691,0.61041259765625,0.21488216519355774,0.2326716184616089,0.16344934701919556,0.1569158136844635
48,S8,LatCrit,local,local,0,BS1,BS1,0,0.4575951099395752,0.46301162242889404,0.005416512489318848,0.0009804870933294296,0.03685116767883301,0.4575951099395752,0.46301162242889404,0.2642819583415985,0.27729105949401855,0.2781229019165039,0.2596973478794098
48,S8,ComHvy,local,local,0,BS1,BS1,0,0.41206973791122437,0.45243263244628906,0.0403628945350647,0.00332077220082283,0.08072584867477417,0.41206973791122437,0.45243263244628906,0.2892853617668152,0.27116119861602783,0.29864493012428284,0.2764061391353607
48,S8,BWHvy,local,local,0,BS2,BS2,0,0.46411848068237305,0.4641039967536926,-1.4483928680419922e-05,7.014535367488861e-05,0.00822371244430542,0.46411848068237305,0.4641039967536926,0.1840507686138153,0.17995339632034302,0.35183075070381165,0.35594260692596436
49,S1,LatCrit,local,local,0,BS2,BS2,0,0.4518105387687683,0.47084254026412964,0.019032001495361328,0.0008936880622059107,0.03806404769420624,0.4518105387687683,0.47084254026412964,0.2549203932285309,0.23959289491176605,0.2932690978050232,0.2895645499229431
49,S1,ComHvy,local,local,0,local,local,0,0.5334888696670532,0.5569318532943726,0.023442983627319336,0.001119391992688179,0.046885907649993896,0.5334888696670532,0.5569318532943726,0.2853451669216156,0.2696301341056824,0.18116594851016998,0.17343805730342865
49,S1,BWHvy,local,local,0,BS1,BS1,0,0.47020643949508667,0.4581559896469116,-0.012050449848175049,0.0038948580622673035,0.06958611309528351,0.47020643949508667,0.4581559896469116,0.18155086040496826,0.21634389460086823,0.34824272990226746,0.32550010085105896
49,S2,LatCrit,local,local,0,local,local,0,0.5269597768783569,0.5264607667922974,-0.0004990100860595703,0.0006586778908967972,0.025428161025047302,0.5269597768783569,0.5264607667922974,0.2272500842809677,0.21503502130508423,0.24579009413719177,0.258504182100296
49,S2,ComHvy,BS1,BS1,0,BS2,BS2,0,0.3812722861766815,0.3865516483783722,0.005279362201690674,6.791111081838608e-05,0.010558724403381348,0.3404868245124817,0.33923035860061646,0.3812722861766815,0.3865516483783722,0.2782408893108368,0.27421799302101135
49,S2,BWHvy,local,local,0,BS2,local,1,0.5441384315490723,0.5710285902023315,0.026890158653259277,0.0019202418625354767,0.053780317306518555,0.5441384315490723,0.5710285902023315,0.16812962293624878,0.16749075055122375,0.28773194551467896,0.2614806592464447
49,S3,LatCrit,local,local,0,BS1,BS1,0,0.42262816429138184,0.42023754119873047,-0.002390623092651367,0.0005186554044485092,0.026043325662612915,0.42262816429138184,0.42023754119873047,0.24028155207633972,0.253303200006485,0.33709031343460083,0.32645925879478455
49,S3,ComHvy,local,local,0,local,local,0,0.5674376487731934,0.5630866885185242,-0.0043509602546691895,5.116472311783582e-05,0.008701875805854797,0.5674376487731934,0.5630866885185242,0.2535684406757355,0.25776034593582153,0.17899394035339355,0.1791529506444931
49,S3,BWHvy,BS2,BS2,0,local,local,0,0.3629274368286133,0.3932793438434601,0.030351907014846802,0.0025232862681150436,0.060703814029693604,0.3421434164047241,0.3129809498786926,0.294929176568985,0.2937397360801697,0.3629274368286133,0.3932793438434601
49,S4,LatCrit,local,local,0,local,local,0,0.49745839834213257,0.5451115965843201,0.0476531982421875,0.004569036886096001,0.09530635178089142,0.49745839834213257,0.5451115965843201,0.2598435580730438,0.2366059273481369,0.24269801378250122,0.21828249096870422
49,S4,ComHvy,local,local,0,local,local,0,0.5220272541046143,0.514924168586731,-0.007103085517883301,0.0004393532872200012,0.024143412709236145,0.5220272541046143,0.514924168586731,0.2748781740665436,0.2699095606803894,0.20309454202651978,0.21516625583171844
49,S4,BWHvy,local,local,0,local,local,0,0.4526395797729492,0.47200679779052734,0.019367218017578125,0.0020819026976823807,0.057936444878578186,0.4526395797729492,0.47200679779052734,0.29964086413383484,0.27067264914512634,0.24771957099437714,0.2573205828666687
49,S5,LatCrit,local,local,0,local,local,0,0.5335626006126404,0.5167170763015747,-0.016845524311065674,0.002217838540673256,0.056702569127082825,0.5335626006126404,0.5167170763015747,0.22252561151981354,0.25087690353393555,0.24391178786754608,0.23240603506565094
49,S5,ComHvy,local,local,0,local,local,0,0.5231397151947021,0.5276308059692383,0.004491090774536133,0.002035645768046379,0.04679165780544281,0.5231397151947021,0.5276308059692383,0.2599785625934601,0.27888327836990356,0.21688176691532135,0.19348591566085815
49,S5,BWHvy,local,local,0,BS1,BS1,0,0.4504958391189575,0.48560792207717896,0.035112082958221436,0.0025256117805838585,0.07022416591644287,0.4504958391189575,0.48560792207717896,0.3395747244358063,0.31441518664360046,0.2099294364452362,0.19997689127922058
49,S6,LatCrit,local,local,0,local,local,0,0.4444752335548401,0.4455936551094055,0.0011184215545654297,0.000794360414147377,0.029055088758468628,0.4444752335548401,0.4455936551094055,0.20386983454227448,0.18934227526187897,0.35165494680404663,0.3650640547275543
49,S6,ComHvy,local,local,0,local,local,0,0.5496295094490051,0.5343873500823975,-0.015242159366607666,0.002133747562766075,0.054045602679252625,0.5496295094490051,0.5343873500823975,0.20704112946987152,0.23406390845775604,0.24332937598228455,0.2315487116575241
49,S6,BWHvy,BS2,BS2,0,BS2,BS2,0,0.4182244837284088,0.3854024410247803,-0.03282204270362854,0.004531998187303543,0.07703104615211487,0.3699887990951538,0.3642953038215637,0.21178674697875977,0.250302255153656,0.4182244837284088,0.3854024410247803
49,S7,LatCrit,local,local,0,local,local,0,0.5096062421798706,0.5239032506942749,0.014297008514404297,0.0006432458758354187,0.03319475054740906,0.5096062421798706,0.5239032506942749,0.15888714790344238,0.1611875295639038,0.3315065801143646,0.3149092197418213
49,S7,ComHvy,local,local,0,local,local,0,0.5530290603637695,0.5644717216491699,0.01144266128540039,0.0013571586459875107,0.040842205286026,0.5530290603637695,0.5644717216491699,0.2394910603761673,0.2484695017337799,0.20747989416122437,0.18705879151821136
49,S7,BWHvy,local,local,0,local,local,0,0.49826663732528687,0.49957937002182007,0.0013127326965332031,0.0008161598816514015,0.029872223734855652,0.49826663732528687,0.49957937002182007,0.2719663679599762,0.2570302486419678,0.22976699471473694,0.24339036643505096
49,S8,LatCrit,local,local,0,local,local,0,0.5182455778121948,0.5050601959228516,-0.013185381889343262,0.00037381332367658615,0.026370853185653687,0.5182455778121948,0.5050601959228516,0.261766254901886,0.2663642168045044,0.21998809278011322,0.22857560217380524
49,S8,ComHvy,local,local,0,local,local,0,0.6630250215530396,0.6681568026542664,0.005131781101226807,0.00013973936438560486,0.01213015615940094,0.6630250215530396,0.6681568026542664,0.17641526460647583,0.1773485690355301,0.16055968403816223,0.15449461340904236
49,S8,BWHvy,local,local,0,BS2,BS2,0,0.46609848737716675,0.5016257762908936,0.03552728891372681,0.0027604643255472183,0.07105457782745361,0.46609848737716675,0.5016257762908936,0.234371155500412,0.22611919045448303,0.29953035712242126,0.2722550332546234
50,S1,LatCrit,local,local,0,local,BS1,1,0.4262937903404236,0.3970799446105957,-0.02921384572982788,0.0017688358202576637,0.058427661657333374,0.4262937903404236,0.3970799446105957,0.280410498380661,0.29487037658691406,0.2932957410812378,0.30804967880249023
50,S1,ComHvy,local,local,0,BS2,BS2,0,0.48910123109817505,0.4987673759460449,0.009666144847869873,0.0007134508341550827,0.0335385799407959,0.48910123109817505,0.4987673759460449,0.22314460575580597,0.23024775087833405,0.2877541780471802,0.2709848880767822
50,S1,BWHvy,local,local,0,local,local,0,0.5041980743408203,0.5095623135566711,0.00536423921585083,0.0016322247684001923,0.04415573179721832,0.5041980743408203,0.5095623135566711,0.2406388372182846,0.21856099367141724,0.2551630437374115,0.2718766927719116
50,S2,LatCrit,local,local,0,local,local,0,0.5070579051971436,0.5245128870010376,0.017454981803894043,0.0006648767739534378,0.03491000831127167,0.5070579051971436,0.5245128870010376,0.2960033416748047,0.28897982835769653,0.19693876802921295,0.18650725483894348
50,S2,ComHvy,local,local,0,local,local,0,0.5139532089233398,0.5084807872772217,-0.005472421646118164,0.00012901192530989647,0.01491500437259674,0.5139532089233398,0.5084807872772217,0.17688947916030884,0.17490442097187042,0.30915728211402893,0.3166148066520691
50,S2,BWHvy,local,local,0,local,local,0,0.43159031867980957,0.43293237686157227,0.0013420581817626953,6.74128532409668e-05,0.009945154190063477,0.43159031867980957,0.43293237686157227,0.2498112916946411,0.25344181060791016,0.3185984194278717,0.31362584233283997
50,S3,LatCrit,local,local,0,BS2,BS2,0,0.43712812662124634,0.43973660469055176,0.00260847806930542,0.00254208967089653,0.047441452741622925,0.43712812662124634,0.43973660469055176,0.15639133751392365,0.13267062604427338,0.4064805209636688,0.42759278416633606
50,S3,ComHvy,local,local,0,local,local,0,0.40213263034820557,0.3972827196121216,-0.004849910736083984,0.0002094535157084465,0.01955007016658783,0.40213263034820557,0.3972827196121216,0.383017897605896,0.3927929401397705,0.21484945714473724,0.2099243402481079
50,S3,BWHvy,local,local,0,local,local,0,0.5810478925704956,0.588576078414917,0.007528185844421387,0.00012613413855433464,0.015056386590003967,0.5810478925704956,0.588576078414917,0.13065901398658752,0.12958194315433502,0.28829312324523926,0.2818419933319092
50,S4,LatCrit,local,local,0,local,local,0,0.5029963254928589,0.5324453115463257,0.029448986053466797,0.002257482148706913,0.05889798700809479,0.5029963254928589,0.5324453115463257,0.1901417374610901,0.16857121884822845,0.3068619668483734,0.29898348450660706
50,S4,ComHvy,local,local,0,local,local,0,0.4770638942718506,0.45822596549987793,-0.018837928771972656,0.0007329815998673439,0.0376758873462677,0.4770638942718506,0.45822596549987793,0.32807570695877075,0.34215986728668213,0.19486038386821747,0.19961418211460114
50,S4,BWHvy,local,local,0,local,local,0,0.5118727087974548,0.5242380499839783,0.012365341186523438,0.0011863932013511658,0.04252731800079346,0.5118727087974548,0.5242380499839783,0.20967334508895874,0.21857166290283203,0.2784539759159088,0.2571903169155121
50,S5,LatCrit,local,local,0,local,local,0,0.4639017581939697,0.5146577954292297,0.05075603723526001,0.007409209385514259,0.10151210427284241,0.4639017581939697,0.5146577954292297,0.292327880859375,0.24241428077220917,0.24377037584781647,0.2429279088973999
50,S5,ComHvy,local,BS2,1,BS2,BS2,0,0.40917158126831055,0.45056408643722534,0.041392505168914795,0.006306536495685577,0.10832537710666656,0.40917158126831055,0.3808230757713318,0.19442704319953918,0.16861285269260406,0.39640140533447266,0.45056408643722534
50,S5,BWHvy,local,local,0,local,local,0,0.5159974098205566,0.49620044231414795,-0.01979696750640869,0.0015763305127620697,0.05235318839550018,0.5159974098205566,0.49620044231414795,0.18170423805713654,0.17532461881637573,0.30229833722114563,0.3284749388694763
50,S6,LatCrit,local,local,0,local,local,0,0.467132031917572,0.4719957113265991,0.0048636794090271,0.0008704671636223793,0.03430032730102539,0.467132031917572,0.4719957113265991,0.2717909812927246,0.2546408176422119,0.26107698678970337,0.27336347103118896
50,S6,ComHvy,local,local,0,BS2,BS2,0,0.42739081382751465,0.42160123586654663,-0.005789577960968018,0.00038450490683317184,0.024620354175567627,0.42739081382751465,0.42160123586654663,0.3043581545352936,0.29783758521080017,0.2682510018348694,0.2805612087249756
50,S6,BWHvy,local,local,0,local,local,0,0.4823307394981384,0.45452725887298584,-0.027803480625152588,0.004722006618976593,0.08853304386138916,0.4823307394981384,0.45452725887298584,0.25230035185813904,0.23583734035491943,0.26536887884140015,0.3096354305744171
50,S7,LatCrit,local,local,0,local,local,0,0.5005406737327576,0.5001862645149231,-0.00035440921783447266,0.00031426455825567245,0.01794584095478058,0.5005406737327576,0.5001862645149231,0.2805473506450653,0.2719288468360901,0.21891197562217712,0.227884903550148
50,S7,ComHvy,local,local,0,local,local,0,0.5830940008163452,0.5556532144546509,-0.027440786361694336,0.0017410814762115479,0.05488152801990509,0.5830940008163452,0.5556532144546509,0.22472424805164337,0.2324916273355484,0.1921817809343338,0.21185514330863953
50,S7,BWHvy,local,local,0,local,local,0,0.5958691835403442,0.5852260589599609,-0.0106431245803833,0.0027180425822734833,0.05490511655807495,0.5958691835403442,0.5852260589599609,0.2925010621547699,0.31995365023612976,0.11162973195314407,0.09482032805681229
50,S8,LatCrit,local,local,0,local,local,0,0.542250394821167,0.5618005394935608,0.0195501446723938,0.0011309180408716202,0.039100274443626404,0.542250394821167,0.5618005394935608,0.26209843158721924,0.2594294250011444,0.19565118849277496,0.1787700653076172
50,S8,ComHvy,local,local,0,local,local,0,0.4874592423439026,0.5012880563735962,0.013828814029693604,0.0006804950535297394,0.032463476061820984,0.4874592423439026,0.5012880563735962,0.22443296015262604,0.22683587670326233,0.28810781240463257,0.2718760669231415
50,S8,BWHvy,local,local,0,local,local,0,0.48448091745376587,0.5192710161209106,0.034790098667144775,0.002504989504814148,0.0695800930261612,0.48448091745376587,0.5192710161209106,0.18976882100105286,0.1728111058473587,0.3257502317428589,0.3079179525375366
51,S1,LatCrit,local,local,0,local,local,0,0.4851740002632141,0.48520225286483765,2.8252601623535156e-05,4.5356107875704765e-05,0.006860136985778809,0.4851740002632141,0.48520225286483765,0.24971845746040344,0.24628841876983643,0.26510751247406006,0.2685093581676483
51,S1,ComHvy,local,local,0,local,local,0,0.580763578414917,0.5887985229492188,0.008034944534301758,0.0011254465207457542,0.03572815656661987,0.580763578414917,0.5887985229492188,0.19791628420352936,0.18005217611789703,0.22132016718387604,0.23114927113056183
51,S1,BWHvy,local,local,0,local,local,0,0.551992654800415,0.5032650828361511,-0.048727571964263916,0.004768639802932739,0.09745511412620544,0.551992654800415,0.5032650828361511,0.2090321183204651,0.23342905938625336,0.23897524178028107,0.2633058428764343
51,S2,LatCrit,local,local,0,local,local,0,0.5234067440032959,0.5195515155792236,-0.0038552284240722656,8.691893890500069e-05,0.01179678738117218,0.5234067440032959,0.5195515155792236,0.20096753537654877,0.19892439246177673,0.27562567591667175,0.28152409195899963
51,S2,ComHvy,local,local,0,local,local,0,0.5225799679756165,0.520219087600708,-0.0023608803749084473,6.790412589907646e-05,0.010034635663032532,0.5225799679756165,0.520219087600708,0.19987869262695312,0.1972222775220871,0.2775413393974304,0.2825586795806885
51,S2,BWHvy,local,local,0,BS2,BS2,0,0.4559212327003479,0.47006702423095703,0.01414579153060913,0.0012185461819171906,0.04398295283317566,0.4559212327003479,0.47006702423095703,0.256356805562973,0.2642025053501129,0.2877219319343567,0.26573047041893005
51,S3,LatCrit,local,local,0,local,local,0,0.5604661703109741,0.5370580554008484,-0.023408114910125732,0.0011056168004870415,0.04681628942489624,0.5604661703109741,0.5370580554008484,0.21157732605934143,0.22327746450901031,0.22795644402503967,0.2396644800901413
51,S3,ComHvy,local,local,0,BS2,BS2,0,0.3902896046638489,0.4180445671081543,0.02775496244430542,0.0016006473451852798,0.05550995469093323,0.3902896046638489,0.4180445671081543,0.28497666120529175,0.2733509838581085,0.3247337341308594,0.3086044192314148
51,S3,BWHvy,local,local,0,local,local,0,0.5397769212722778,0.5461833477020264,0.006406426429748535,0.0020483359694480896,0.04917672276496887,0.5397769212722778,0.5461833477020264,0.1723214089870453,0.19050332903862,0.28790172934532166,0.263313353061676
51,S4,LatCrit,local,local,0,local,local,0,0.5469328165054321,0.5625413060188293,0.015608489513397217,0.0004974398761987686,0.03121696412563324,0.5469328165054321,0.5625413060188293,0.15444126725196838,0.14828680455684662,0.2986259162425995,0.28917190432548523
51,S4,ComHvy,local,local,0,local,local,0,0.4608059525489807,0.4647652506828308,0.003959298133850098,0.001002402976155281,0.03620690107345581,0.4608059525489807,0.4647652506828308,0.27858370542526245,0.26048025488853455,0.26061034202575684,0.27475449442863464
51,S4,BWHvy,local,local,0,local,local,0,0.41428476572036743,0.4638829827308655,0.04959821701049805,0.006057798862457275,0.09919646382331848,0.41428476572036743,0.4638829827308655,0.2656000554561615,0.2593613266944885,0.32011520862579346,0.276755690574646
51,S5,LatCrit,local,local,0,local,local,0,0.5719426870346069,0.5779303908348083,0.005987703800201416,0.0012722285464406013,0.030206814408302307,0.5719426870346069,0.5779303908348083,0.11278216540813446,0.09767872095108032,0.3152751922607422,0.32439085841178894
51,S5,ComHvy,local,local,0,local,local,0,0.40717703104019165,0.4252607226371765,0.018083691596984863,0.012628842145204544,0.1223345696926117,0.40717703104019165,0.4252607226371765,0.2316131442785263,0.17044587433338165,0.36120980978012085,0.404293417930603
51,S5,BWHvy,local,local,0,local,local,0,0.5217323899269104,0.5156074166297913,-0.006124973297119141,0.0018611401319503784,0.04807315766811371,0.5217323899269104,0.5156074166297913,0.21985343098640442,0.2019418329000473,0.2584141790866852,0.28245076537132263
51,S6,LatCrit,local,local,0,local,local,0,0.5445840358734131,0.5607908368110657,0.016206800937652588,0.0010115904733538628,0.03498782217502594,0.5445840358734131,0.5607908368110657,0.21002420783042908,0.1925302892923355,0.24539178609848022,0.24667888879776
51,S6,ComHvy,local,local,0,local,BS2,1,0.535428524017334,0.5136712789535522,-0.02175724506378174,0.0009563202038407326,0.04351446032524109,0.535428524017334,0.5136712789535522,0.19268861413002014,0.20032888650894165,0.2718828618526459,0.2859998047351837
51,S6,BWHvy,local,local,0,local,local,0,0.5458636283874512,0.53773033618927,-0.008133292198181152,0.0007165996357798576,0.031633540987968445,0.5458636283874512,0.53773033618927,0.22441700100898743,0.21673351526260376,0.2297193855047226,0.24553614854812622
51,S7,LatCrit,local,local,0,local,local,0,0.4640084505081177,0.46799516677856445,0.003986716270446777,0.0002838987857103348,0.020302236080169678,0.4640084505081177,0.46799516677856445,0.26763632893562317,0.27380073070526123,0.26835522055625916,0.2582041025161743
51,S7,ComHvy,local,local,0,local,local,0,0.5045249462127686,0.4841904640197754,-0.020334482192993164,0.0022451933473348618,0.05792151391506195,0.5045249462127686,0.4841904640197754,0.2650595009326935,0.25643324851989746,0.23041550815105438,0.25937628746032715
51,S7,BWHvy,local,local,0,BS1,BS1,0,0.5644822120666504,0.5152725577354431,-0.049209654331207275,0.005136534571647644,0.09841929376125336,0.5644822120666504,0.5152725577354431,0.2303021103143692,0.26484766602516174,0.2052157074213028,0.21987979114055634
51,S8,LatCrit,local,local,0,local,local,0,0.5582041144371033,0.5459508895874023,-0.012253224849700928,0.006557326763868332,0.08519543707370758,0.5582041144371033,0.5459508895874023,0.1486230194568634,0.11827854812145233,0.2931728661060333,0.3357706069946289
51,S8,ComHvy,BS1,BS1,0,BS2,BS2,0,0.3503505289554596,0.35628974437713623,0.005939215421676636,0.0003819819539785385,0.025535672903060913,0.31890106201171875,0.3061332106590271,0.3503505289554596,0.35628974437713623,0.33074840903282166,0.3375770151615143
51,S8,BWHvy,local,local,0,local,local,0,0.4736207127571106,0.5100905895233154,0.036469876766204834,0.0027629975229501724,0.07293976843357086,0.4736207127571106,0.5100905895233154,0.203538179397583,0.18475253880023956,0.3228411078453064,0.3051568567752838
52,S1,LatCrit,local,local,0,BS1,BS1,0,0.5800902843475342,0.5463994741439819,-0.033690810203552246,0.0033562257885932922,0.06738162040710449,0.5800902843475342,0.5463994741439819,0.20953457057476044,0.21029171347618103,0.21037514507770538,0.24330881237983704
52,S1,ComHvy,local,local,0,local,local,0,0.5049446821212769,0.529309868812561,0.02436518669128418,0.0012814649380743504,0.048730283975601196,0.5049446821212769,0.529309868812561,0.2775934636592865,0.2594214975833893,0.21746180951595306,0.21126867830753326
52,S1,BWHvy,local,local,0,BS2,BS2,0,0.4951820373535156,0.4802156686782837,-0.014966368675231934,0.00045245327055454254,0.02993270754814148,0.4951820373535156,0.4802156686782837,0.20624831318855286,0.21338048577308655,0.2985696792602539,0.30640384554862976
52,S2,LatCrit,local,local,0,local,local,0,0.5244480967521667,0.5194228887557983,-0.005025207996368408,5.1791081205010414e-05,0.010050386190414429,0.5244480967521667,0.5194228887557983,0.20559078454971313,0.20828697085380554,0.2699611485004425,0.2722901403903961
52,S2,ComHvy,local,local,0,local,local,0,0.5545414686203003,0.5326192378997803,-0.02192223072052002,0.0012539904564619064,0.04384443163871765,0.5545414686203003,0.5326192378997803,0.19283795356750488,0.19405192136764526,0.2526205778121948,0.2733288109302521
52,S2,BWHvy,local,local,0,local,local,0,0.4071228504180908,0.4130827784538269,0.005959928035736084,0.011968191713094711,0.12265439331531525,0.4071228504180908,0.4130827784538269,0.3991343379020691,0.33780714869499207,0.1937427967786789,0.24911007285118103
52,S3,LatCrit,local,BS2,1,BS1,BS1,0,0.39789360761642456,0.39639538526535034,-0.0014982223510742188,0.005425248295068741,0.09288448095321655,0.39789360761642456,0.3843725919723511,0.2521532475948334,0.21923202276229858,0.34995314478874207,0.39639538526535034
52,S3,ComHvy,BS1,BS1,0,BS2,BS2,0,0.37807172536849976,0.42311421036720276,0.045042484998703,0.004561483860015869,0.09008494019508362,0.3538286089897156,0.3378867506980896,0.37807172536849976,0.42311421036720276,0.26809966564178467,0.23899906873703003
52,S3,BWHvy,local,local,0,local,local,0,0.6137553453445435,0.6505366563796997,0.03678131103515625,0.005389772355556488,0.08430512249469757,0.6137553453445435,0.6505366563796997,0.1478821337223053,0.15325339138507843,0.23836253583431244,0.19620998203754425
52,S4,LatCrit,local,local,0,local,local,0,0.49819910526275635,0.4902421832084656,-0.007956922054290771,0.002594936639070511,0.057034045457839966,0.49819910526275635,0.4902421832084656,0.2904660701751709,0.2699059545993805,0.21133485436439514,0.23985186219215393
52,S4,ComHvy,local,local,0,local,local,0,0.5384265184402466,0.5782771110534668,0.039850592613220215,0.006495662033557892,0.0930432379245758,0.5384265184402466,0.5782771110534668,0.21305780112743378,0.21972885727882385,0.24851565062999725,0.20199406147003174
52,S4,BWHvy,local,local,0,local,local,0,0.5076125860214233,0.5242838263511658,0.01667124032974243,0.0026788339018821716,0.05615721642971039,0.5076125860214233,0.5242838263511658,0.19854971766471863,0.17047108709812164,0.2938377261161804,0.3052450716495514
52,S5,LatCrit,local,local,0,local,local,0,0.4728708863258362,0.47086870670318604,-0.0020021796226501465,1.329672522842884e-05,0.004140570759773254,0.4728708863258362,0.47086870670318604,0.29042303562164307,0.2903549075126648,0.23670609295368195,0.23877635598182678
52,S5,ComHvy,local,local,0,local,local,0,0.5612412095069885,0.5175526142120361,-0.04368859529495239,0.005459923297166824,0.09873390942811966,0.5612412095069885,0.5175526142120361,0.12650497257709503,0.12082663923501968,0.31225377321243286,0.3616207540035248
52,S5,BWHvy,local,local,0,local,local,0,0.47760045528411865,0.49074631929397583,0.013145864009857178,0.0003468617796897888,0.026291698217391968,0.47760045528411865,0.49074631929397583,0.1467210203409195,0.14257939159870148,0.37567853927612305,0.3666743338108063
52,S6,LatCrit,local,local,0,BS1,BS1,0,0.45682209730148315,0.508741021156311,0.05191892385482788,0.005564921535551548,0.10383784770965576,0.45682209730148315,0.508741021156311,0.3739219307899475,0.33246877789497375,0.16925595700740814,0.15879018604755402
52,S6,ComHvy,local,local,0,BS2,BS2,0,0.4322696924209595,0.4072715640068054,-0.024998128414154053,0.0018641985952854156,0.04999628663063049,0.4322696924209595,0.4072715640068054,0.3088048994541168,0.30905717611312866,0.2589253783226013,0.2836712598800659
52,S6,BWHvy,local,local,0,BS1,BS1,0,0.46290135383605957,0.4854239821434021,0.02252262830734253,0.0010211793705821037,0.045045241713523865,0.46290135383605957,0.4854239821434021,0.2205505669116974,0.210258349776268,0.31654807925224304,0.3043176829814911
52,S7,LatCrit,local,local,0,local,local,0,0.6211678981781006,0.6117352247238159,-0.009432673454284668,0.0006556548178195953,0.029288843274116516,0.6211678981781006,0.6117352247238159,0.20280902087688446,0.21745343506336212,0.17602309584617615,0.17081134021282196
52,S7,ComHvy,local,local,0,local,local,0,0.353459894657135,0.387146532535553,0.03368663787841797,0.003505207598209381,0.06750035285949707,0.353459894657135,0.387146532535553,0.33836376667022705,0.3384273052215576,0.30817633867263794,0.2744261622428894
52,S7,BWHvy,local,local,0,local,local,0,0.4705185294151306,0.5018845796585083,0.031366050243377686,0.0027025211602449417,0.06273210048675537,0.4705185294151306,0.5018845796585083,0.30305367708206177,0.2980002164840698,0.22642776370048523,0.2001151740550995
52,S8,LatCrit,local,local,0,BS1,BS1,0,0.49299752712249756,0.4877173900604248,-0.005280137062072754,0.00019615795463323593,0.017553821206092834,0.49299752712249756,0.4877173900604248,0.2418416291475296,0.23834484815597534,0.26516085863113403,0.27393776178359985
52,S8,ComHvy,local,local,0,local,local,0,0.5436667203903198,0.5325887203216553,-0.01107800006866455,0.0002826238051056862,0.02215602993965149,0.5436667203903198,0.5325887203216553,0.1910826563835144,0.19861739873886108,0.265250563621521,0.26879385113716125
52,S8,BWHvy,local,local,0,local,local,0,0.6837791204452515,0.6812103986740112,-0.0025687217712402344,0.001913953572511673,0.03728675842285156,0.6837791204452515,0.6812103986740112,0.17071406543254852,0.15463943779468536,0.14550676941871643,0.1641501784324646
53,S1,LatCrit,local,local,0,local,local,0,0.5252751708030701,0.5032283067703247,-0.02204686403274536,0.001325402408838272,0.04414576292037964,0.5252751708030701,0.5032283067703247,0.20254123210906982,0.20251521468162537,0.2721835970878601,0.2942564785480499
53,S1,ComHvy,local,local,0,local,local,0,0.5530897974967957,0.5420933961868286,-0.010996401309967041,0.000532844103872776,0.02556799352169037,0.5530897974967957,0.5420933961868286,0.2588788866996765,0.2570912837982178,0.18803133070468903,0.2008153200149536
53,S1,BWHvy,local,local,0,local,local,0,0.5180492401123047,0.4903523325920105,-0.02769690752029419,0.0015460923314094543,0.05539381504058838,0.5180492401123047,0.4903523325920105,0.21266530454158783,0.22313301265239716,0.2692854404449463,0.28651463985443115
53,S2,LatCrit,local,local,0,BS2,BS2,0,0.507183849811554,0.5056542754173279,-0.0015295743942260742,0.000854073092341423,0.030377760529518127,0.507183849811554,0.5056542754173279,0.22450415790081024,0.23969301581382751,0.268312007188797,0.2546526789665222
53,S2,ComHvy,local,local,0,local,local,0,0.4880881905555725,0.48461276292800903,-0.0034754276275634766,0.00024688802659511566,0.01897948980331421,0.4880881905555725,0.48461276292800903,0.1896633803844452,0.18364906311035156,0.3222483992576599,0.331738144159317
53,S2,BWHvy,BS1,BS1,0,local,local,0,0.40940189361572266,0.367464542388916,-0.04193735122680664,0.008554968982934952,0.11293144524097443,0.359463095664978,0.34493470191955566,0.40940189361572266,0.367464542388916,0.2311350554227829,0.2876007556915283
53,S3,LatCrit,local,local,0,local,BS2,1,0.4280892610549927,0.41781705617904663,-0.010272204875946045,0.008200548589229584,0.10585770010948181,0.4280892610549927,0.41781705617904663,0.24576473236083984,0.2031080722808838,0.3261460065841675,0.3790748417377472
53,S3,ComHvy,local,BS1,1,BS1,BS1,0,0.36366772651672363,0.3603874742984772,-0.00328025221824646,0.0006547491066157818,0.033631861209869385,0.36366772651672363,0.35097330808639526,0.3435715436935425,0.3603874742984772,0.2927607297897339,0.28863921761512756
53,S3,BWHvy,local,local,0,local,local,0,0.5371077656745911,0.5524790287017822,0.015371263027191162,0.003863167017698288,0.07216240465641022,0.5371077656745911,0.5524790287017822,0.18516305088996887,0.20587295293807983,0.27772921323776245,0.24164797365665436
53,S4,LatCrit,local,local,0,local,local,0,0.4724111557006836,0.48550015687942505,0.013089001178741455,0.0010235048830509186,0.039895638823509216,0.4724111557006836,0.48550015687942505,0.27759993076324463,0.2576521039009094,0.24998892843723297,0.2568477392196655
53,S4,ComHvy,local,local,0,local,local,0,0.5412221550941467,0.5672122240066528,0.025990068912506104,0.005187477916479111,0.08120112121105194,0.5412221550941467,0.5672122240066528,0.2322561889886856,0.24686667323112488,0.22652165591716766,0.1859210878610611
53,S4,BWHvy,local,local,0,local,local,0,0.5571212768554688,0.5648874044418335,0.007766127586364746,0.0006969654932618141,0.028988733887672424,0.5571212768554688,0.5648874044418335,0.2000887393951416,0.185594379901886,0.24278993904590607,0.24951818585395813
53,S5,LatCrit,local,local,0,local,local,0,0.513611912727356,0.5047905445098877,-0.008821368217468262,0.0017746556550264359,0.04788622260093689,0.513611912727356,0.5047905445098877,0.2101762294769287,0.23411935567855835,0.27621185779571533,0.26109012961387634
53,S5,ComHvy,local,local,0,local,local,0,0.5638349056243896,0.5422719717025757,-0.021562933921813965,0.0026140306144952774,0.06557264924049377,0.5638349056243896,0.5422719717025757,0.1510477066040039,0.1398243010044098,0.28511738777160645,0.31790369749069214
53,S5,BWHvy,local,local,0,local,local,0,0.4475075602531433,0.45511549711227417,0.007607936859130859,0.0002208128571510315,0.020190492272377014,0.4475075602531433,0.45511549711227417,0.18181952834129333,0.18430684506893158,0.37067291140556335,0.36057767271995544
53,S6,LatCrit,local,local,0,local,local,0,0.5028502941131592,0.5410125255584717,0.0381622314453125,0.003856766503304243,0.08081892132759094,0.5028502941131592,0.5410125255584717,0.35910797119140625,0.318698525428772,0.13804173469543457,0.14028897881507874
53,S6,ComHvy,local,local,0,BS1,BS2,1,0.45751655101776123,0.43195801973342896,-0.025558531284332275,0.00196683406829834,0.05111706256866455,0.45751655101776123,0.43195801973342896,0.3298610746860504,0.33182865381240845,0.21262238919734955,0.2362133413553238
53,S6,BWHvy,local,local,0,local,local,0,0.4784706234931946,0.509334921836853,0.030864298343658447,0.0020564068108797073,0.06172865629196167,0.4784706234931946,0.509334921836853,0.2882486879825592,0.265315443277359,0.2332807034254074,0.22534959018230438
53,S7,LatCrit,local,local,0,local,local,0,0.5301945209503174,0.5494037866592407,0.01920926570892334,0.0009460682049393654,0.0384184867143631,0.5301945209503174,0.5494037866592407,0.2449757158756256,0.241562619805336,0.2248297482728958,0.20903362333774567
53,S7,ComHvy,local,local,0,BS1,local,1,0.3760443925857544,0.4123140573501587,0.0362696647644043,0.0028251521289348602,0.0725392997264862,0.3760443925857544,0.4123140573501587,0.3265758752822876,0.31240880489349365,0.2973797023296356,0.27527713775634766
53,S7,BWHvy,local,local,0,local,local,0,0.4831441044807434,0.5071650743484497,0.0240209698677063,0.001298489049077034,0.04804195463657379,0.4831441044807434,0.5071650743484497,0.2809476852416992,0.273682177066803,0.23590819537639618,0.21915271878242493
53,S8,LatCrit,local,local,0,local,local,0,0.5189390182495117,0.5183980464935303,-0.0005409717559814453,3.177765756845474e-05,0.005895942449569702,0.5189390182495117,0.5183980464935303,0.20442333817481995,0.20737135410308838,0.27663758397102356,0.27423062920570374
53,S8,ComHvy,local,local,0,local,local,0,0.48871946334838867,0.4816816449165344,-0.007037818431854248,0.0003617694601416588,0.021726205945014954,0.48871946334838867,0.4816816449165344,0.19833895564079285,0.20920206606388092,0.3129415810108185,0.30911630392074585
53,S8,BWHvy,local,local,0,local,local,0,0.7049473524093628,0.6832238435745239,-0.021723508834838867,0.0018326416611671448,0.043447062373161316,0.7049473524093628,0.6832238435745239,0.1538517326116562,0.15405131876468658,0.14120088517665863,0.16272485256195068
54,S1,LatCrit,local,local,0,BS1,BS1,0,0.47924429178237915,0.4944218397140503,0.015177547931671143,0.0023754239082336426,0.05403126776218414,0.47924429178237915,0.4944218397140503,0.20814204216003418,0.1811264306306839,0.3126136362552643,0.324451744556427
54,S1,ComHvy,local,local,0,local,BS1,1,0.4950399398803711,0.4763405919075012,-0.018699347972869873,0.001201709732413292,0.039715930819511414,0.4950399398803711,0.4763405919075012,0.28254133462905884,0.2813827097415924,0.22241872549057007,0.24227668344974518
54,S1,BWHvy,local,local,0,BS1,BS1,0,0.5663207173347473,0.5654406547546387,-0.0008800625801086426,3.658421337604523e-05,0.006432190537452698,0.5663207173347473,0.5654406547546387,0.2259506732225418,0.22916674613952637,0.20772860944271088,0.20539255440235138
54,S2,LatCrit,local,local,0,BS2,BS2,0,0.46698540449142456,0.47234654426574707,0.00536113977432251,0.0002472279593348503,0.020264267921447754,0.46698540449142456,0.47234654426574707,0.21361348032951355,0.2183845043182373,0.3194010853767395,0.309268981218338
54,S2,ComHvy,local,local,0,local,local,0,0.44558441638946533,0.4881511926651001,0.042566776275634766,0.004019273445010185,0.08513352274894714,0.44558441638946533,0.4881511926651001,0.2825968563556671,0.2513737380504608,0.27181869745254517,0.2604750692844391
54,S2,BWHvy,local,local,0,local,local,0,0.46832722425460815,0.4319709539413452,-0.03635627031326294,0.0026792455464601517,0.07271258533000946,0.46832722425460815,0.4319709539413452,0.2963542342185974,0.3172605037689209,0.23531849682331085,0.2507685422897339
54,S3,LatCrit,local,local,0,BS1,BS1,0,0.4275134801864624,0.4109805226325989,-0.016532957553863525,0.001876000314950943,0.057205647230148315,0.4275134801864624,0.4109805226325989,0.26898157596588135,0.2569117248058319,0.30350494384765625,0.3321077823638916
54,S3,ComHvy,local,local,0,local,local,0,0.5100595951080322,0.5182189345359802,0.008159339427947998,0.0010986179113388062,0.03818538784980774,0.5100595951080322,0.5182189345359802,0.24970386922359467,0.26063722372055054,0.2402365505695343,0.22114385664463043
54,S3,BWHvy,local,local,0,local,local,0,0.39043062925338745,0.3992046117782593,0.008773982524871826,0.0008797664195299149,0.035430654883384705,0.39043062925338745,0.3992046117782593,0.3651998043060303,0.3741411566734314,0.24436956644058228,0.22665424644947052
54,S4,LatCrit,local,local,0,local,local,0,0.48201698064804077,0.5153992176055908,0.03338223695755005,0.0022721532732248306,0.06676448881626129,0.48201698064804077,0.5153992176055908,0.2215888500213623,0.21039028465747833,0.2963941693305969,0.27421048283576965
54,S4,ComHvy,local,local,0,BS1,BS1,0,0.5434590578079224,0.5313316583633423,-0.012127399444580078,0.0009496165439486504,0.03557269275188446,0.5434590578079224,0.5313316583633423,0.19940698146820068,0.21719329059123993,0.25713399052619934,0.2514750063419342
54,S4,BWHvy,local,local,0,local,local,0,0.5208299160003662,0.5492422580718994,0.028412342071533203,0.0018313024193048477,0.05682466924190521,0.5208299160003662,0.5492422580718994,0.16457535326480865,0.14857906103134155,0.31459468603134155,0.30217865109443665
54,S5,LatCrit,local,local,0,local,local,0,0.5287367701530457,0.5300649404525757,0.0013281702995300293,0.00016734935343265533,0.013393476605415344,0.5287367701530457,0.5300649404525757,0.2673741281032562,0.27274268865585327,0.20388910174369812,0.19719235599040985
54,S5,ComHvy,local,local,0,local,local,0,0.6541632413864136,0.6846505403518677,0.0304872989654541,0.003666674718260765,0.06403864920139313,0.6541632413864136,0.6846505403518677,0.19427719712257385,0.1622578352689743,0.15155960619449615,0.15309159457683563
54,S5,BWHvy,local,local,0,local,local,0,0.5339618921279907,0.5415102243423462,0.007548332214355469,0.00029736943542957306,0.021071791648864746,0.5339618921279907,0.5415102243423462,0.25540903210639954,0.24487310647964478,0.21062912046909332,0.21361665427684784
54,S6,LatCrit,local,local,0,local,local,0,0.5205166339874268,0.5056493878364563,-0.014867246150970459,0.0005103519652038813,0.02973441779613495,0.5205166339874268,0.5056493878364563,0.31029850244522095,0.3238828778266907,0.16918490827083588,0.17046770453453064
54,S6,ComHvy,local,local,0,local,local,0,0.5060172080993652,0.5218061804771423,0.0157889723777771,0.0007338821887969971,0.031577929854393005,0.5060172080993652,0.5218061804771423,0.2782369554042816,0.27663454413414,0.21574585139751434,0.20155930519104004
54,S6,BWHvy,local,local,0,local,local,0,0.4912971258163452,0.4859275221824646,-0.005369603633880615,0.00010115228360518813,0.012514367699623108,0.4912971258163452,0.4859275221824646,0.27598559856414795,0.2822427749633789,0.23271730542182922,0.2318297177553177
54,S7,LatCrit,local,local,0,local,local,0,0.5485671758651733,0.5907108187675476,0.04214364290237427,0.003758564591407776,0.08428728580474854,0.5485671758651733,0.5907108187675476,0.22803813219070435,0.2020459771156311,0.22339469194412231,0.2072432041168213
54,S7,ComHvy,local,local,0,local,local,0,0.448255717754364,0.44480961561203003,-0.0034461021423339844,0.0004284437745809555,0.0248643159866333,0.448255717754364,0.44480961561203003,0.22407691180706024,0.21509085595607758,0.32766735553741455,0.3400995135307312
54,S7,BWHvy,local,local,0,local,local,0,0.4195237159729004,0.4372268319129944,0.017703115940093994,0.0009022378362715244,0.035406291484832764,0.4195237159729004,0.4372268319129944,0.19264371693134308,0.1788465529680252,0.3878325819969177,0.3839265704154968
54,S8,LatCrit,local,local,0,local,local,0,0.4999912977218628,0.513793408870697,0.013802111148834229,0.00044304924085736275,0.027604207396507263,0.4999912977218628,0.513793408870697,0.26780375838279724,0.2565922439098358,0.23220494389533997,0.22961436212062836
54,S8,ComHvy,local,local,0,local,local,0,0.49799489974975586,0.4674715995788574,-0.030523300170898438,0.0023531359620392323,0.06104661524295807,0.49799489974975586,0.4674715995788574,0.21086038649082184,0.23529237508773804,0.2911446988582611,0.29723602533340454
54,S8,BWHvy,local,local,0,local,local,0,0.5648208260536194,0.5473813414573669,-0.01743948459625244,0.0008531324565410614,0.03487896919250488,0.5648208260536194,0.5473813414573669,0.21028348803520203,0.21123959124088287,0.2248956859111786,0.24137906730175018
55,S1,LatCrit,local,local,0,local,local,0,0.6272560358047485,0.6172710061073303,-0.009985029697418213,0.0005149664357304573,0.024879202246665955,0.6272560358047485,0.6172710061073303,0.19638659060001373,0.19393201172351837,0.17635738849639893,0.1887969821691513
55,S1,ComHvy,local,local,0,local,local,0,0.5575451850891113,0.5289722681045532,-0.028572916984558105,0.0018568197265267372,0.05714578926563263,0.5575451850891113,0.5289722681045532,0.181313157081604,0.20025043189525604,0.26114168763160706,0.27077728509902954
55,S1,BWHvy,local,local,0,local,local,0,0.4737536907196045,0.4915599226951599,0.01780623197555542,0.003218701109290123,0.06862713396549225,0.4737536907196045,0.4915599226951599,0.2703185975551605,0.2360050231218338,0.2559277415275574,0.2724350690841675
55,S2,LatCrit,local,local,0,local,local,0,0.5136086940765381,0.49793004989624023,-0.01567864418029785,0.000807611271739006,0.03393663465976715,0.5136086940765381,0.49793004989624023,0.2404673993587494,0.23917770385742188,0.24592392146587372,0.2628922164440155
55,S2,ComHvy,local,local,0,local,local,0,0.5258052349090576,0.5560693740844727,0.03026413917541504,0.0018485188484191895,0.06052829325199127,0.5258052349090576,0.5560693740844727,0.2419096976518631,0.22610273957252502,0.23228508234024048,0.21782788634300232
55,S2,BWHvy,local,local,0,local,BS1,1,0.4622783064842224,0.4201582074165344,-0.04212009906768799,0.004402708727866411,0.08424019813537598,0.4622783064842224,0.4201582074165344,0.267361044883728,0.30401483178138733,0.27036064863204956,0.27582696080207825
55,S3,LatCrit,local,local,0,BS1,BS1,0,0.4257892966270447,0.4197869896888733,-0.006002306938171387,0.0001306423218920827,0.015330180525779724,0.4257892966270447,0.4197869896888733,0.3550122082233429,0.36267730593681335,0.21919851005077362,0.21753573417663574
55,S3,ComHvy,local,local,0,local,local,0,0.4531251788139343,0.4511492848396301,-0.0019758939743041992,0.0009413016960024834,0.033666059374809265,0.4531251788139343,0.4511492848396301,0.23882953822612762,0.25566256046295166,0.30804529786109924,0.2931881546974182
55,S3,BWHvy,local,local,0,local,local,0,0.47410714626312256,0.474611759185791,0.000504612922668457,0.00011417130008339882,0.011265963315963745,0.47410714626312256,0.474611759185791,0.2308093011379242,0.22517633438110352,0.29508352279663086,0.30021190643310547
55,S4,LatCrit,local,local,0,BS1,BS1,0,0.39581865072250366,0.377052903175354,-0.018765747547149658,0.0011082624550908804,0.0423661470413208,0.39581865072250366,0.377052903175354,0.33775755763053894,0.35894063115119934,0.2664237916469574,0.26400646567344666
55,S4,ComHvy,local,local,0,local,local,0,0.5246648788452148,0.5286576747894287,0.003992795944213867,8.295336738228798e-05,0.011674180626869202,0.5246648788452148,0.5286576747894287,0.1801164150238037,0.18196068704128265,0.29521870613098145,0.28938159346580505
55,S4,BWHvy,local,local,0,local,local,0,0.5401068925857544,0.5312083959579468,-0.008898496627807617,0.00017453753389418125,0.01779697835445404,0.5401068925857544,0.5312083959579468,0.18451648950576782,0.18996866047382355,0.2753765881061554,0.2788228988647461
55,S5,LatCrit,local,local,0,BS2,BS2,0,0.4408379793167114,0.42791473865509033,-0.012923240661621094,0.000951053574681282,0.039806216955184937,0.4408379793167114,0.42791473865509033,0.27583760023117065,0.2688577175140381,0.2833244502544403,0.3032275438308716
55,S5,ComHvy,local,local,0,local,local,0,0.6651057004928589,0.6547633409500122,-0.01034235954284668,0.0003432556986808777,0.020684704184532166,0.6651057004928589,0.6547633409500122,0.14109040796756744,0.14118044078350067,0.19380387663841248,0.20405618846416473
55,S5,BWHvy,local,local,0,local,local,0,0.5094178915023804,0.4836735129356384,-0.025744378566741943,0.0013261046260595322,0.05148881673812866,0.5094178915023804,0.4836735129356384,0.20676997303962708,0.21774569153785706,0.2838120758533478,0.2985807955265045
55,S6,LatCrit,local,local,0,local,local,0,0.5580158233642578,0.5556801557540894,-0.002335667610168457,0.0035769063979387283,0.05789664387702942,0.5580158233642578,0.5556801557540894,0.24646452069282532,0.2754128575325012,0.19551964104175568,0.16890700161457062
55,S6,ComHvy,local,local,0,BS2,BS2,0,0.5268726348876953,0.5404903292655945,0.01361769437789917,0.00044066086411476135,0.027235373854637146,0.5268726348876953,0.5404903292655945,0.2376224249601364,0.23467297852039337,0.2355049103498459,0.22483667731285095
55,S6,BWHvy,local,local,0,local,local,0,0.4918901324272156,0.5196686387062073,0.0277785062789917,0.0016185017302632332,0.05555702745914459,0.4918901324272156,0.5196686387062073,0.19637943804264069,0.1816549301147461,0.31173044443130493,0.29867643117904663
55,S7,LatCrit,local,local,0,local,local,0,0.5703523755073547,0.5826454162597656,0.012293040752410889,0.000924963504076004,0.033910274505615234,0.5703523755073547,0.5826454162597656,0.2038440704345703,0.1868889331817627,0.22580353915691376,0.23046563565731049
55,S7,ComHvy,local,local,0,local,local,0,0.4324089288711548,0.40637141466140747,-0.026037514209747314,0.0014219479635357857,0.05207502841949463,0.4324089288711548,0.40637141466140747,0.30108603835105896,0.31208860874176025,0.26650503277778625,0.2815399765968323
55,S7,BWHvy,local,local,0,local,local,0,0.5258923768997192,0.5461215972900391,0.020229220390319824,0.001262947916984558,0.041322097182273865,0.5258923768997192,0.5461215972900391,0.21857337653636932,0.21900519728660583,0.25553423166275024,0.23487317562103271
55,S8,LatCrit,local,local,0,local,local,0,0.5225999355316162,0.544964075088501,0.022364139556884766,0.0011806096881628036,0.04472823441028595,0.5225999355316162,0.544964075088501,0.22750040888786316,0.2229936271905899,0.24989964067935944,0.2320423275232315
55,S8,ComHvy,local,local,0,local,local,0,0.5049831867218018,0.4797512888908386,-0.025231897830963135,0.0012745335698127747,0.05046379566192627,0.5049831867218018,0.4797512888908386,0.2814488708972931,0.2955016791820526,0.21356792747974396,0.22474701702594757
55,S8,BWHvy,local,local,0,local,local,0,0.5345860123634338,0.5305453538894653,-0.004040658473968506,0.0007647965103387833,0.030491620302200317,0.5345860123634338,0.5305453538894653,0.2179085612297058,0.20670342445373535,0.24750539660453796,0.2627512216567993
56,S1,LatCrit,local,local,0,BS1,BS1,0,0.5377870798110962,0.5282773375511169,-0.009509742259979248,0.00048040971159935,0.027074962854385376,0.5377870798110962,0.5282773375511169,0.21454204618930817,0.21051432192325592,0.24767085909843445,0.26120835542678833
56,S1,ComHvy,local,local,0,local,local,0,0.46964794397354126,0.4666496515274048,-0.0029982924461364746,0.00018127448856830597,0.01594880223274231,0.46964794397354126,0.4666496515274048,0.2874511480331421,0.2824750542640686,0.24290087819099426,0.2508752942085266
56,S1,BWHvy,local,local,0,BS2,local,1,0.4394412636756897,0.4690885543823242,0.02964729070663452,0.0019921697676181793,0.05929456651210785,0.4394412636756897,0.4690885543823242,0.24980656802654266,0.22918272018432617,0.31075215339660645,0.3017287254333496
56,S2,LatCrit,local,local,0,BS2,local,1,0.4412515163421631,0.46813422441482544,0.026882708072662354,0.0015256814658641815,0.05376538634300232,0.4412515163421631,0.46813422441482544,0.260751336812973,0.252422034740448,0.2979971468448639,0.27944377064704895
56,S2,ComHvy,local,local,0,local,local,0,0.5283422470092773,0.540496826171875,0.012154579162597656,0.0007911375723779202,0.030768364667892456,0.5283422470092773,0.540496826171875,0.19680705666542053,0.1814228594303131,0.2748507261276245,0.2780803143978119
56,S2,BWHvy,BS1,BS1,0,local,local,0,0.4156094193458557,0.42399922013282776,0.008389800786972046,0.0025843698531389236,0.061776936054229736,0.38975387811660767,0.3588654398918152,0.4156094193458557,0.42399922013282776,0.19463667273521423,0.21713536977767944
56,S3,LatCrit,local,local,0,BS2,BS2,0,0.40830641984939575,0.40910178422927856,0.0007953643798828125,0.0008702892810106277,0.03285062313079834,0.40830641984939575,0.40910178422927856,0.30868229269981384,0.2922569811344147,0.2830112874507904,0.29864123463630676
56,S3,ComHvy,local,local,0,local,local,0,0.46714693307876587,0.43526798486709595,-0.03187894821166992,0.0022860728204250336,0.06375789642333984,0.46714693307876587,0.43526798486709595,0.29765206575393677,0.323659211397171,0.23520100116729736,0.24107280373573303
56,S3,BWHvy,local,local,0,BS2,local,1,0.456145703792572,0.48809170722961426,0.031946003437042236,0.002300344407558441,0.06389199197292328,0.456145703792572,0.48809170722961426,0.24976257979869843,0.22730034589767456,0.29409170150756836,0.2846079468727112
56,S4,LatCrit,local,local,0,BS1,BS1,0,0.45925551652908325,0.43985867500305176,-0.019396841526031494,0.00094528344925493,0.03881482779979706,0.45925551652908325,0.43985867500305176,0.3466930687427521,0.3661004900932312,0.19405141472816467,0.19404084980487823
56,S4,ComHvy,local,local,0,local,BS1,1,0.5054939985275269,0.5125086903572083,0.0070146918296813965,0.0016373414546251297,0.042275622487068176,0.5054939985275269,0.5125086903572083,0.304566353559494,0.3186894655227661,0.18993966281414032,0.16880184412002563
56,S4,BWHvy,local,local,0,local,local,0,0.6626758575439453,0.6679049730300903,0.0052291154861450195,0.0005187680944800377,0.02257956564426422,0.6626758575439453,0.6679049730300903,0.17070625722408295,0.15941648185253143,0.16661788523197174,0.17267856001853943
56,S5,LatCrit,local,local,0,local,local,0,0.44426268339157104,0.42780327796936035,-0.016459405422210693,0.002450237050652504,0.06533044576644897,0.44426268339157104,0.42780327796936035,0.324371874332428,0.35703709721565247,0.23136545717716217,0.21515963971614838
56,S5,ComHvy,local,local,0,local,local,0,0.5838202834129333,0.5808916091918945,-0.0029286742210388184,0.0003122463822364807,0.018260598182678223,0.5838202834129333,0.5808916091918945,0.18241488933563232,0.19154517352581024,0.23376481235027313,0.22756317257881165
56,S5,BWHvy,local,local,0,local,local,0,0.46524590253829956,0.4750276803970337,0.00978177785873413,0.0002845942508429289,0.019563540816307068,0.46524590253829956,0.4750276803970337,0.24177271127700806,0.23249323666095734,0.2929813861846924,0.29247909784317017
56,S6,LatCrit,local,local,0,BS1,local,1,0.47960764169692993,0.4981774091720581,0.018569767475128174,0.0011810287833213806,0.03713954985141754,0.47960764169692993,0.4981774091720581,0.34721851348876953,0.34499111771583557,0.17317384481430054,0.15683145821094513
56,S6,ComHvy,local,local,0,BS1,BS1,0,0.4888729453086853,0.5005415678024292,0.011668622493743896,0.002251468598842621,0.051774799823760986,0.4888729453086853,0.5005415678024292,0.30699265003204346,0.32121142745018005,0.20413438975811005,0.17824698984622955
56,S6,BWHvy,local,local,0,local,local,0,0.4721575379371643,0.4806317090988159,0.008474171161651611,0.0003076255088672042,0.020646095275878906,0.4721575379371643,0.4806317090988159,0.24206626415252686,0.2317432463169098,0.28577616810798645,0.2876250743865967
56,S7,LatCrit,local,local,0,local,local,0,0.6311721205711365,0.6449458599090576,0.013773739337921143,0.0006231308216229081,0.027547508478164673,0.6311721205711365,0.6449458599090576,0.1716212034225464,0.15923023223876953,0.19720667600631714,0.19582387804985046
56,S7,ComHvy,local,local,0,BS1,BS1,0,0.41765671968460083,0.40963733196258545,-0.00801938772201538,0.00014033331535756588,0.01603877544403076,0.41765671968460083,0.40963733196258545,0.2623211145401001,0.2674383819103241,0.3200221657752991,0.32292428612709045
56,S7,BWHvy,local,local,0,local,local,0,0.44623368978500366,0.5052582025527954,0.05902451276779175,0.007231041789054871,0.11804898083209991,0.44623368978500366,0.5052582025527954,0.3207855522632599,0.27920252084732056,0.23298074305057526,0.21553930640220642
56,S8,LatCrit,local,local,0,local,local,0,0.4624882936477661,0.4663231372833252,0.003834843635559082,0.0015266761183738708,0.041297391057014465,0.4624882936477661,0.4663231372833252,0.3289966285228729,0.34581050276756287,0.20851506292819977,0.18786638975143433
56,S8,ComHvy,local,local,0,local,local,0,0.5874089002609253,0.5862596035003662,-0.001149296760559082,0.0005011847242712975,0.021285295486450195,0.5874089002609253,0.5862596035003662,0.18265362083911896,0.19329628348350525,0.22993749380111694,0.22044415771961212
56,S8,BWHvy,local,local,0,local,local,0,0.5298526883125305,0.5313913226127625,0.0015386343002319336,4.668603651225567e-05,0.007171630859375,0.5298526883125305,0.5313913226127625,0.2960650324821472,0.2981122136116028,0.17408229410648346,0.17049647867679596
57,S1,LatCrit,local,local,0,BS2,local,1,0.5098271369934082,0.5658366084098816,0.05600947141647339,0.008932314813137054,0.11495599150657654,0.5098271369934082,0.5658366084098816,0.17852583527565002,0.1799943745136261,0.3116469979286194,0.2541690170764923
57,S1,ComHvy,local,local,0,local,local,0,0.5187438726425171,0.553052544593811,0.034308671951293945,0.0068626925349235535,0.09979437291622162,0.5187438726425171,0.553052544593811,0.27222102880477905,0.22232383489608765,0.20903509855270386,0.22462360560894012
57,S1,BWHvy,local,local,0,local,local,0,0.5020096302032471,0.47295475006103516,-0.029054880142211914,0.001808973029255867,0.058109745383262634,0.5020096302032471,0.47295475006103516,0.27459263801574707,0.2963159680366516,0.22339771687984467,0.23072925209999084
57,S2,LatCrit,local,local,0,local,local,0,0.46594691276550293,0.4864623546600342,0.02051544189453125,0.002008941024541855,0.046524062752723694,0.46594691276550293,0.4864623546600342,0.18920333683490753,0.1659412682056427,0.3448497951030731,0.34759634733200073
57,S2,ComHvy,local,local,0,local,local,0,0.47671324014663696,0.4718754291534424,-0.00483781099319458,0.0013909339904785156,0.04269665479660034,0.47671324014663696,0.4718754291534424,0.26724815368652344,0.2885964810848236,0.2560386061668396,0.239528089761734
57,S2,BWHvy,local,local,0,local,local,0,0.49688196182250977,0.5162107348442078,0.019328773021697998,0.0009207297116518021,0.03865751624107361,0.49688196182250977,0.5162107348442078,0.22305910289287567,0.2081971913576126,0.28005895018577576,0.2755921185016632
57,S3,LatCrit,local,local,0,local,local,0,0.5403398275375366,0.5174325704574585,-0.022907257080078125,0.0018872772343456745,0.05213978886604309,0.5403398275375366,0.5174325704574585,0.23165331780910492,0.25772321224212646,0.22800680994987488,0.22484417259693146
57,S3,ComHvy,local,local,0,local,local,0,0.45485562086105347,0.4225255250930786,-0.032330095767974854,0.006552927196025848,0.10603587329387665,0.45485562086105347,0.4225255250930786,0.2679484188556671,0.24726058542728424,0.2771959602832794,0.33021390438079834
57,S3,BWHvy,local,local,0,BS1,BS1,0,0.42583388090133667,0.4177846312522888,-0.008049249649047852,0.00154045969247818,0.04505011439323425,0.42583388090133667,0.4177846312522888,0.3731822669506073,0.3587064743041992,0.20098383724689484,0.22350890934467316
57,S4,LatCrit,local,local,0,local,local,0,0.6111795902252197,0.6051545739173889,-0.0060250163078308105,0.0002788053825497627,0.01909664273262024,0.6111795902252197,0.6051545739173889,0.1825868934392929,0.1790635734796524,0.20623354613780975,0.21578185260295868
57,S4,ComHvy,local,local,0,local,local,0,0.5099114775657654,0.5292344093322754,0.01932293176651001,0.004737464711070061,0.07961058616638184,0.5099114775657654,0.5292344093322754,0.24984118342399597,0.21003590524196625,0.24024732410907745,0.26072970032691956
57,S4,BWHvy,local,local,0,BS2,local,1,0.5436244606971741,0.5969593524932861,0.05333489179611206,0.006565287709236145,0.10666981339454651,0.5436244606971741,0.5969593524932861,0.20157627761363983,0.18934543430805206,0.2547992467880249,0.21369516849517822
57,S5,LatCrit,local,local,0,local,local,0,0.5321784019470215,0.5245363116264343,-0.007642090320587158,0.0013604732230305672,0.04264441132545471,0.5321784019470215,0.5245363116264343,0.2539477050304413,0.27526989579200745,0.21387390792369843,0.20019377768039703
57,S5,ComHvy,local,local,0,local,local,0,0.5019352436065674,0.5264010429382324,0.02446579933166504,0.0011990591883659363,0.04893156886100769,0.5019352436065674,0.5264010429382324,0.24773158133029938,0.2353842556476593,0.25033316016197205,0.23821471631526947
57,S5,BWHvy,local,local,0,local,local,0,0.5441427826881409,0.5627721548080444,0.018629372119903564,0.0015068226493895054,0.04600100219249725,0.5441427826881409,0.5627721548080444,0.24541322886943817,0.22241273522377014,0.21044397354125977,0.21481510996818542
57,S6,LatCrit,local,local,0,local,local,0,0.5137594938278198,0.5101011991500854,-0.003658294677734375,0.0001442236825823784,0.013712853193283081,0.5137594938278198,0.5101011991500854,0.28285232186317444,0.27965423464775085,0.20338813960552216,0.21024461090564728
57,S6,ComHvy,local,local,0,local,local,0,0.5444262027740479,0.5449844598770142,0.0005582571029663086,0.00026367325335741043,0.015795916318893433,0.5444262027740479,0.5449844598770142,0.20036198198795319,0.19246403872966766,0.25521180033683777,0.26255151629447937
57,S6,BWHvy,local,local,0,local,local,0,0.5563063621520996,0.5037693977355957,-0.052536964416503906,0.0070800743997097015,0.1050739735364914,0.5563063621520996,0.5037693977355957,0.23454034328460693,0.24160081148147583,0.20915327966213226,0.25462982058525085
57,S7,LatCrit,local,local,0,local,local,0,0.6143451929092407,0.5856887102127075,-0.028656482696533203,0.0018047355115413666,0.057312920689582825,0.6143451929092407,0.5856887102127075,0.15934693813323975,0.16655226051807404,0.22630789875984192,0.24775901436805725
57,S7,ComHvy,local,local,0,local,local,0,0.5085423588752747,0.5169727802276611,0.008430421352386475,0.003060121089220047,0.062275588512420654,0.5085423588752747,0.5169727802276611,0.19977974891662598,0.22248712182044983,0.29167789220809937,0.26054009795188904
57,S7,BWHvy,local,local,0,local,local,0,0.5157134532928467,0.5330753326416016,0.017361879348754883,0.0010921061038970947,0.03472377359867096,0.5157134532928467,0.5330753326416016,0.18874242901802063,0.17183391749858856,0.2955441474914551,0.29509076476097107
57,S8,LatCrit,local,local,0,local,local,0,0.43356335163116455,0.4332302212715149,-0.0003331303596496582,1.3310229405760765e-05,0.004191577434539795,0.43356335163116455,0.4332302212715149,0.2596302628517151,0.25786760449409485,0.30680638551712036,0.30890217423439026
57,S8,ComHvy,local,local,0,local,local,0,0.4568899869918823,0.4726788401603699,0.01578885316848755,0.001667102798819542,0.0499272495508194,0.4568899869918823,0.4726788401603699,0.27747270464897156,0.2866474986076355,0.2656373083591461,0.2406737059354782
57,S8,BWHvy,local,local,0,BS2,BS2,0,0.3738119602203369,0.388691246509552,0.014879286289215088,0.0008813878521323204,0.036806076765060425,0.3738119602203369,0.388691246509552,0.30756330490112305,0.28916028141975403,0.31862473487854004,0.32214850187301636
58,S1,LatCrit,local,local,0,local,local,0,0.4712512493133545,0.5064700245857239,0.035218775272369385,0.0031637847423553467,0.07043758034706116,0.4712512493133545,0.5064700245857239,0.22291862964630127,0.22050830721855164,0.3058301508426666,0.2730216681957245
58,S1,ComHvy,local,local,0,local,local,0,0.4624452590942383,0.47091734409332275,0.008472084999084473,0.00047105085104703903,0.02759169042110443,0.4624452590942383,0.47091734409332275,0.2910355031490326,0.2772396504878998,0.24651925265789032,0.25184300541877747
58,S1,BWHvy,local,local,0,local,local,0,0.5028384923934937,0.514460027217865,0.011621534824371338,0.00038613309152424335,0.02324308454990387,0.5028384923934937,0.514460027217865,0.20242944359779358,0.19256247580051422,0.29473209381103516,0.292977511882782
58,S2,LatCrit,local,local,0,BS2,BS2,0,0.4201563000679016,0.3991859555244446,-0.02097034454345703,0.0035096928477287292,0.07998396456241608,0.4201563000679016,0.3991859555244446,0.2350747436285019,0.2160530686378479,0.3447690010070801,0.38476094603538513
58,S2,ComHvy,local,local,0,local,local,0,0.47254425287246704,0.48550480604171753,0.012960553169250488,0.0021451320499181747,0.05470667779445648,0.47254425287246704,0.48550480604171753,0.27646970748901367,0.290862500667572,0.2509860098361969,0.22363267838954926
58,S2,BWHvy,local,local,0,local,local,0,0.4896712303161621,0.5237724781036377,0.034101247787475586,0.0023286212235689163,0.06820251047611237,0.4896712303161621,0.5237724781036377,0.16385827958583832,0.15330758690834045,0.34647050499916077,0.32291993498802185
58,S3,LatCrit,local,local,0,local,local,0,0.44928616285324097,0.468275249004364,0.018989086151123047,0.008365720510482788,0.10795187950134277,0.44928616285324097,0.468275249004364,0.2651861608028412,0.3001730144023895,0.28552767634391785,0.23155173659324646
58,S3,ComHvy,local,local,0,local,local,0,0.506517767906189,0.48621320724487305,-0.020304560661315918,0.0022632330656051636,0.05689823627471924,0.506517767906189,0.48621320724487305,0.2774089276790619,0.2692644000053406,0.21607325971126556,0.24452240765094757
58,S3,BWHvy,local,local,0,BS1,BS1,0,0.4637097120285034,0.4504358172416687,-0.013273894786834717,0.0004405006766319275,0.026547804474830627,0.4637097120285034,0.4504358172416687,0.3467716574668884,0.35065579414367676,0.18951860070228577,0.19890837371349335
58,S4,LatCrit,local,local,0,local,local,0,0.5961440801620483,0.5663923621177673,-0.029751718044281006,0.0018206369131803513,0.05950342118740082,0.5961440801620483,0.5663923621177673,0.22401899099349976,0.2418515533208847,0.1798369437456131,0.19175608456134796
58,S4,ComHvy,local,local,0,BS2,BS2,0,0.4771004319190979,0.5050373077392578,0.027936875820159912,0.008669665083289146,0.10216288268566132,0.4771004319190979,0.5050373077392578,0.2201184779405594,0.16903704404830933,0.3027811050415039,0.32592567801475525
58,S4,BWHvy,local,local,0,local,local,0,0.47212517261505127,0.4894036650657654,0.01727849245071411,0.0010586893185973167,0.035933300852775574,0.47212517261505127,0.4894036650657654,0.22747226059436798,0.2095056176185608,0.30040255188941956,0.30109071731567383
58,S5,LatCrit,local,local,0,local,local,0,0.5569424629211426,0.5604591965675354,0.0035167336463928223,0.0010922122746706009,0.03281717002391815,0.5569424629211426,0.5604591965675354,0.2567296326160431,0.26962149143218994,0.18632788956165314,0.16991931200027466
58,S5,ComHvy,local,local,0,local,local,0,0.5336950421333313,0.5502759218215942,0.01658087968826294,0.0017757527530193329,0.04856814444065094,0.5336950421333313,0.5502759218215942,0.23967482149600983,0.24737799167633057,0.22663013637065887,0.2023460417985916
58,S5,BWHvy,local,local,0,local,local,0,0.5255930423736572,0.5182223320007324,-0.007370710372924805,0.00010902225039899349,0.014741390943527222,0.5255930423736572,0.5182223320007324,0.24995268881320953,0.2540096044540405,0.22445425391197205,0.22776801884174347
58,S6,LatCrit,local,local,0,local,local,0,0.4580504298210144,0.45358848571777344,-0.004461944103240967,0.0006213495507836342,0.029547184705734253,0.4580504298210144,0.45358848571777344,0.25779858231544495,0.27257218956947327,0.28415095806121826,0.2738393247127533
58,S6,ComHvy,local,local,0,local,local,0,0.6045488715171814,0.6257370114326477,0.02118813991546631,0.001142039429396391,0.04237626492977142,0.6045488715171814,0.6257370114326477,0.1578071415424347,0.1436893343925476,0.23764397203922272,0.2305736541748047
58,S6,BWHvy,local,local,0,local,local,0,0.46248364448547363,0.47419053316116333,0.011706888675689697,0.00027716439217329025,0.023413807153701782,0.46248364448547363,0.47419053316116333,0.2178952693939209,0.21386337280273438,0.31962111592292786,0.3119460940361023
58,S7,LatCrit,local,local,0,local,local,0,0.5716451406478882,0.5725607872009277,0.0009156465530395508,0.0001301211304962635,0.010931417346000671,0.5716451406478882,0.5725607872009277,0.16982221603393555,0.1643565446138382,0.2585325837135315,0.26308268308639526
58,S7,ComHvy,local,local,0,local,local,0,0.4839308261871338,0.4845958352088928,0.0006650090217590332,0.0022226516157388687,0.048231884837150574,0.4839308261871338,0.4845958352088928,0.2670339047908783,0.29048481583595276,0.2490352988243103,0.22491933405399323
58,S7,BWHvy,local,local,0,local,local,0,0.5257219076156616,0.5412744283676147,0.015552520751953125,0.0007867380045354366,0.032259196043014526,0.5257219076156616,0.5412744283676147,0.24294020235538483,0.22681060433387756,0.23133787512779236,0.2319149523973465
58,S8,LatCrit,local,local,0,local,local,0,0.5084408521652222,0.5163881182670593,0.007947266101837158,0.00047925300896167755,0.025893136858940125,0.5084408521652222,0.5163881182670593,0.23544487357139587,0.22249828279018402,0.25611430406570435,0.26111358404159546
58,S8,ComHvy,local,local,0,local,local,0,0.5748517513275146,0.5703084468841553,-0.004543304443359375,0.000335147138684988,0.020117223262786865,0.5748517513275146,0.5703084468841553,0.1959793120622635,0.20603790879249573,0.22916892170906067,0.22365359961986542
58,S8,BWHvy,local,local,0,local,local,0,0.45934194326400757,0.4497530460357666,-0.009588897228240967,0.00025448109954595566,0.01917777955532074,0.45934194326400757,0.4497530460357666,0.2983675003051758,0.2992857098579407,0.24229054152965546,0.25096121430397034
59,S1,LatCrit,local,local,0,local,local,0,0.505329966545105,0.5449469089508057,0.039616942405700684,0.003603776916861534,0.07923385500907898,0.505329966545105,0.5449469089508057,0.21925082802772522,0.21137137711048126,0.2754191756248474,0.24368171393871307
59,S1,ComHvy,local,local,0,local,local,0,0.5121603012084961,0.5255982875823975,0.013437986373901367,0.0011514406651258469,0.03600861132144928,0.5121603012084961,0.5255982875823975,0.30410313606262207,0.30866947770118713,0.18373653292655945,0.1657322496175766
59,S1,BWHvy,local,local,0,local,local,0,0.5622596740722656,0.5533316135406494,-0.008928060531616211,0.00018584541976451874,0.017856165766716003,0.5622596740722656,0.5533316135406494,0.18572017550468445,0.1918412297964096,0.2520201504230499,0.25482720136642456
59,S2,LatCrit,local,local,0,BS2,BS2,0,0.4540709853172302,0.435683012008667,-0.018387973308563232,0.0010366085916757584,0.04454399645328522,0.4540709853172302,0.435683012008667,0.14899258315563202,0.14510855078697205,0.39693647623062134,0.41920846700668335
59,S2,ComHvy,local,local,0,local,local,0,0.4276391863822937,0.43458110094070435,0.0069419145584106445,0.0021364260464906693,0.053832218050956726,0.4276391863822937,0.43458110094070435,0.30516576766967773,0.32513996958732605,0.26719504594802856,0.2402789443731308
59,S2,BWHvy,local,local,0,BS2,BS2,0,0.4117095470428467,0.44234293699264526,0.030633389949798584,0.003258297685533762,0.06205843389034271,0.4117095470428467,0.44234293699264526,0.24256473779678345,0.2115355283021927,0.3457257151603699,0.34612154960632324
59,S3,LatCrit,local,local,0,local,local,0,0.4642120599746704,0.45942509174346924,-0.004786968231201172,0.0016053039580583572,0.045935556292533875,0.4642120599746704,0.45942509174346924,0.3056735098361969,0.32864126563072205,0.23011445999145508,0.21193362772464752
59,S3,ComHvy,local,local,0,local,local,0,0.499761164188385,0.46096986532211304,-0.03879129886627197,0.003062831237912178,0.07758256793022156,0.499761164188385,0.46096986532211304,0.25822001695632935,0.2746710181236267,0.24201881885528564,0.26435908675193787
59,S3,BWHvy,local,BS2,1,local,BS2,1,0.39654701948165894,0.3482972979545593,-0.04824972152709961,0.018840476870536804,0.17812243103981018,0.39654701948165894,0.3367878794670105,0.34421688318252563,0.3149148225784302,0.25923606753349304,0.3482972979545593
59,S4,LatCrit,local,local,0,local,local,0,0.4872928857803345,0.4869064688682556,-0.0003864169120788574,4.367902874946594e-07,0.0008561462163925171,0.4872928857803345,0.4869064688682556,0.22474613785743713,0.22470448911190033,0.2879609763622284,0.28838905692100525
59,S4,ComHvy,local,local,0,local,local,0,0.5191421508789062,0.527283787727356,0.008141636848449707,0.005654199048876762,0.08024546504020691,0.5191421508789062,0.527283787727356,0.2567596733570099,0.21663695573806763,0.22409817576408386,0.2560792863368988
59,S4,BWHvy,local,local,0,local,local,0,0.4820674657821655,0.4909016489982605,0.00883418321609497,0.0012347912415862083,0.0411161333322525,0.4820674657821655,0.4909016489982605,0.24632135033607483,0.22576327621936798,0.27161118388175964,0.2833350598812103
59,S5,LatCrit,local,local,0,local,local,0,0.44012922048568726,0.4557124376296997,0.015583217144012451,0.0013368558138608932,0.04252970218658447,0.44012922048568726,0.4557124376296997,0.32347211241722107,0.32915374636650085,0.23639868199825287,0.21513383090496063
59,S5,ComHvy,local,local,0,local,local,0,0.5419572591781616,0.53782057762146,-0.00413668155670166,0.0007710959762334824,0.030476167798042297,0.5419572591781616,0.53782057762146,0.24379372596740723,0.2590318024158478,0.21424905955791473,0.20314764976501465
59,S5,BWHvy,local,local,0,local,local,0,0.47306329011917114,0.47362250089645386,0.0005592107772827148,0.00028351228684186935,0.017828255891799927,0.47306329011917114,0.47362250089645386,0.27714723348617554,0.26823312044143677,0.24978947639465332,0.25814440846443176
59,S6,LatCrit,local,local,0,local,local,0,0.5643757581710815,0.5517901182174683,-0.012585639953613281,0.0016976948827505112,0.048604339361190796,0.5643757581710815,0.5517901182174683,0.20816633105278015,0.19644981622695923,0.22745788097381592,0.2517600655555725
59,S6,ComHvy,local,local,0,local,local,0,0.5379605293273926,0.5083133578300476,-0.02964717149734497,0.0018873699009418488,0.05929432809352875,0.5379605293273926,0.5083133578300476,0.2027757167816162,0.21008305251598358,0.2592637836933136,0.28160360455513
59,S6,BWHvy,local,local,0,local,BS2,1,0.46662425994873047,0.4350985288619995,-0.03152573108673096,0.003124999115243554,0.06305147707462311,0.46662425994873047,0.4350985288619995,0.19654974341392517,0.22596047818660736,0.33682599663734436,0.3389410078525543
59,S7,LatCrit,local,local,0,local,local,0,0.576079249382019,0.5583935379981995,-0.01768571138381958,0.0006401343271136284,0.035371385514736176,0.576079249382019,0.5583935379981995,0.12487136572599411,0.1309533566236496,0.29904940724372864,0.31065309047698975
59,S7,ComHvy,local,local,0,local,local,0,0.4836347699165344,0.5084335803985596,0.024798810482025146,0.008589308708906174,0.10523232817649841,0.4836347699165344,0.5084335803985596,0.27220016717910767,0.30001750588417053,0.2441650778055191,0.1915488988161087
59,S7,BWHvy,local,local,0,local,local,0,0.5327318906784058,0.5308268070220947,-0.0019050836563110352,0.00024346308782696724,0.01686476171016693,0.5327318906784058,0.5308268070220947,0.24147945642471313,0.24991187453269958,0.22578860819339752,0.21926134824752808
59,S8,LatCrit,local,local,0,BS1,local,1,0.4782916307449341,0.4895167350769043,0.011225104331970215,0.0005683745257556438,0.03104257583618164,0.4782916307449341,0.4895167350769043,0.3156750798225403,0.30015382170677185,0.20603325963020325,0.21032947301864624
59,S8,ComHvy,local,local,0,BS1,BS1,0,0.4720897674560547,0.48170655965805054,0.00961679220199585,0.0026035960763692856,0.057373031973838806,0.4720897674560547,0.48170655965805054,0.2934991121292114,0.3125688433647156,0.23441113531589508,0.20572462677955627
59,S8,BWHvy,local,local,0,local,local,0,0.4848216772079468,0.48393571376800537,-0.0008859634399414062,0.0025389138609170914,0.04742099344730377,0.4848216772079468,0.48393571376800537,0.1620832234621048,0.13925868272781372,0.3530951142311096,0.3768056035041809
60,S1,LatCrit,local,local,0,local,local,0,0.48921728134155273,0.48207855224609375,-0.007138729095458984,0.0003633573651313782,0.02485010027885437,0.48921728134155273,0.48207855224609375,0.1935422420501709,0.1882559061050415,0.31724047660827637,0.32966551184654236
60,S1,ComHvy,local,local,0,local,local,0,0.5320556163787842,0.5309770107269287,-0.0010786056518554688,0.0012240242213010788,0.03406347334384918,0.5320556163787842,0.5309770107269287,0.18505093455314636,0.16909779608249664,0.28289341926574707,0.29992514848709106
60,S1,BWHvy,local,local,0,local,local,0,0.475974440574646,0.45726460218429565,-0.018709838390350342,0.002835344523191452,0.06427545845508575,0.475974440574646,0.45726460218429565,0.30540356040000916,0.2919756770133972,0.21862198412418365,0.25075972080230713
60,S2,LatCrit,local,local,0,local,local,0,0.4694591164588928,0.45916926860809326,-0.01028984785079956,0.002224499359726906,0.05581037700176239,0.4694591164588928,0.45916926860809326,0.30176013708114624,0.284144788980484,0.22878076136112213,0.25668594241142273
60,S2,ComHvy,local,local,0,local,local,0,0.4928929805755615,0.45475101470947266,-0.03814196586608887,0.0030715782195329666,0.07628394663333893,0.4928929805755615,0.45475101470947266,0.23322157561779022,0.24419379234313965,0.27388542890548706,0.3010551929473877
60,S2,BWHvy,local,local,0,local,local,0,0.49471449851989746,0.5104401111602783,0.01572561264038086,0.0033057164400815964,0.07071539759635925,0.49471449851989746,0.5104401111602783,0.34928926825523376,0.31393155455589294,0.15599624812602997,0.17562831938266754
60,S3,LatCrit,local,local,0,BS2,BS2,0,0.4500131607055664,0.44277578592300415,-0.007237374782562256,0.002437423914670944,0.058166876435279846,0.4500131607055664,0.44277578592300415,0.21766287088394165,0.1958167999982834,0.33232396841049194,0.36140739917755127
60,S3,ComHvy,local,local,0,BS2,BS2,0,0.4543358087539673,0.44188928604125977,-0.01244652271270752,0.0004073232412338257,0.02489301562309265,0.4543358087539673,0.44188928604125977,0.3076077103614807,0.3094853162765503,0.238056480884552,0.24862536787986755
60,S3,BWHvy,local,local,0,local,local,0,0.43939346075057983,0.4407830834388733,0.001389622688293457,0.0010000793263316154,0.03337547183036804,0.43939346075057983,0.4407830834388733,0.22112412750720978,0.20443640649318695,0.3394823968410492,0.35478052496910095
60,S4,LatCrit,local,local,0,local,local,0,0.5096054077148438,0.5177907943725586,0.008185386657714844,0.0002701289486140013,0.019889533519744873,0.5096054077148438,0.5177907943725586,0.2557421922683716,0.24579741060733795,0.23465244472026825,0.23641180992126465
60,S4,ComHvy,local,local,0,local,local,0,0.4194284677505493,0.43151330947875977,0.01208484172821045,0.0008389819413423538,0.033904075622558594,0.4194284677505493,0.43151330947875977,0.3425077497959137,0.34737494587898254,0.23806379735469818,0.22111175954341888
60,S4,BWHvy,local,local,0,local,local,0,0.6300662159919739,0.6130180358886719,-0.017048180103302002,0.0006402484141290188,0.034096360206604004,0.6300662159919739,0.6130180358886719,0.15209968388080597,0.16128861904144287,0.21783410012722015,0.22569334506988525
60,S5,LatCrit,local,local,0,local,local,0,0.46614235639572144,0.45768964290618896,-0.00845271348953247,0.0005376003682613373,0.02770000696182251,0.46614235639572144,0.45768964290618896,0.31056368350982666,0.3051663935184479,0.2232939600944519,0.23714396357536316
60,S5,ComHvy,local,local,0,local,local,0,0.6030198335647583,0.5903069972991943,-0.012712836265563965,0.000420101685449481,0.025425702333450317,0.6030198335647583,0.5903069972991943,0.16421951353549957,0.17366135120391846,0.23276060819625854,0.236031636595726
60,S5,BWHvy,local,local,0,local,local,0,0.5195366144180298,0.5529183149337769,0.03338170051574707,0.0028246473520994186,0.06676340103149414,0.5195366144180298,0.5529183149337769,0.20006750524044037,0.1970473676919937,0.28039586544036865,0.25003430247306824
60,S6,LatCrit,local,local,0,local,local,0,0.4799466133117676,0.4997827410697937,0.019836127758026123,0.0033429963514208794,0.0715554803609848,0.4799466133117676,0.4997827410697937,0.28871458768844604,0.25293686985969543,0.2313387542963028,0.24728038907051086
60,S6,ComHvy,local,local,0,local,local,0,0.4810033440589905,0.5062291622161865,0.025225818157196045,0.0015462841838598251,0.050451621413230896,0.4810033440589905,0.5062291622161865,0.2792351245880127,0.2736384868621826,0.23976153135299683,0.22013236582279205
60,S6,BWHvy,local,local,0,local,local,0,0.4675096273422241,0.4508313536643982,-0.016678273677825928,0.0006422216538339853,0.03335653245449066,0.4675096273422241,0.4508313536643982,0.3050093948841095,0.3193092942237854,0.22748099267482758,0.2298593521118164
60,S7,LatCrit,local,local,0,local,local,0,0.5924069285392761,0.5741851329803467,-0.018221795558929443,0.0006872154772281647,0.036443620920181274,0.5924069285392761,0.5741851329803467,0.22863563895225525,0.23996171355247498,0.17895744740962982,0.18585319817066193
60,S7,ComHvy,local,local,0,BS2,BS2,0,0.500591516494751,0.5010339021682739,0.0004423856735229492,0.00020268000662326813,0.013143554329872131,0.500591516494751,0.5010339021682739,0.14876309037208557,0.1421913355588913,0.35064536333084106,0.35677477717399597
60,S7,BWHvy,local,local,0,local,local,0,0.4456526041030884,0.4388456344604492,-0.00680696964263916,0.009483225643634796,0.10556751489639282,0.4456526041030884,0.4388456344604492,0.21716928482055664,0.171192467212677,0.33717814087867737,0.3899618685245514
60,S8,LatCrit,local,local,0,local,local,0,0.5223384499549866,0.5040748119354248,-0.018263638019561768,0.004047198221087456,0.07219922542572021,0.5223384499549866,0.5040748119354248,0.18259942531585693,0.21869900822639465,0.2950621247291565,0.27722612023353577
60,S8,ComHvy,local,local,0,local,local,0,0.5274192094802856,0.5260313749313354,-0.0013878345489501953,0.0005450481548905373,0.023861348628997803,0.5274192094802856,0.5260313749313354,0.21139222383499146,0.22332289814949036,0.2611885964870453,0.2506457567214966
60,S8,BWHvy,local,local,0,local,local,0,0.47162336111068726,0.4315071105957031,-0.04011625051498413,0.003736562095582485,0.08023248612880707,0.47162336111068726,0.4315071105957031,0.2929079830646515,0.32711151242256165,0.23546865582466125,0.24138136208057404
61,S1,LatCrit,local,local,0,local,local,0,0.41403770446777344,0.4065942168235779,-0.007443487644195557,0.0009688427671790123,0.035485923290252686,0.41403770446777344,0.4065942168235779,0.19450533390045166,0.212248295545578,0.3914569616317749,0.3811574876308441
61,S1,ComHvy,local,local,0,local,local,0,0.4332294464111328,0.46993571519851685,0.03670626878738403,0.002774646505713463,0.07341252267360687,0.4332294464111328,0.46993571519851685,0.3184814453125,0.30166715383529663,0.2482891082763672,0.22839714586734772
61,S1,BWHvy,local,local,0,local,local,0,0.5265551805496216,0.5186783671379089,-0.007876813411712646,0.00013579661026597023,0.015753626823425293,0.5265551805496216,0.5186783671379089,0.22052352130413055,0.22252298891544342,0.25292131304740906,0.25879865884780884
61,S2,LatCrit,local,local,0,local,local,0,0.4283760190010071,0.4365164637565613,0.0081404447555542,0.00013630441389977932,0.0162808895111084,0.4283760190010071,0.4365164637565613,0.34316423535346985,0.33889126777648926,0.22845973074436188,0.22459225356578827
61,S2,ComHvy,local,local,0,BS1,BS1,0,0.4491273760795593,0.427711546421051,-0.0214158296585083,0.003326933830976486,0.07599872350692749,0.4491273760795593,0.427711546421051,0.2988729476928711,0.33687227964401245,0.25199970602989197,0.23541614413261414
61,S2,BWHvy,local,local,0,local,local,0,0.44167888164520264,0.49922531843185425,0.05754643678665161,0.009205671027302742,0.11509290337562561,0.44167888164520264,0.49922531843185425,0.20295663177967072,0.1594085544347763,0.35536450147628784,0.34136611223220825
61,S3,LatCrit,local,local,0,BS2,BS2,0,0.4986141324043274,0.49782663583755493,-0.0007874965667724609,0.00011269701644778252,0.01030644029378891,0.4986141324043274,0.49782663583755493,0.12673448026180267,0.12236877530813217,0.37465137243270874,0.3798046112060547
61,S3,ComHvy,local,local,0,local,local,0,0.4253472685813904,0.4299144148826599,0.004567146301269531,0.00026206066831946373,0.0210389643907547,0.4253472685813904,0.4299144148826599,0.36210691928863525,0.3515874147415161,0.21254585683345795,0.21849817037582397
61,S3,BWHvy,local,local,0,BS1,BS1,0,0.5540741682052612,0.5333934426307678,-0.020680725574493408,0.0014572478830814362,0.04667675495147705,0.5540741682052612,0.5333934426307678,0.2004219889640808,0.1977643519639969,0.24550382792949677,0.2688422203063965
61,S4,LatCrit,local,local,0,local,local,0,0.6278721690177917,0.6548163890838623,0.026944220066070557,0.0024584524799138308,0.05388842523097992,0.6278721690177917,0.6548163890838623,0.16178062558174133,0.13844241201877594,0.21034720540046692,0.20674121379852295
61,S4,ComHvy,local,local,0,local,local,0,0.39863860607147217,0.42835062742233276,0.029712021350860596,0.00212648743763566,0.059424057602882385,0.39863860607147217,0.42835062742233276,0.35975971817970276,0.33291757106781006,0.24160167574882507,0.23873178660869598
61,S4,BWHvy,local,local,0,BS1,BS1,0,0.3915175795555115,0.37728339433670044,-0.014234185218811035,0.0010987073183059692,0.04517768323421478,0.3915175795555115,0.37728339433670044,0.2558935284614563,0.24753884971141815,0.3525888919830322,0.3751777112483978
61,S5,LatCrit,local,local,0,local,local,0,0.5437235832214355,0.5658366680145264,0.02211308479309082,0.0011633438989520073,0.044226184487342834,0.5437235832214355,0.5658366680145264,0.2687898874282837,0.2616018056869507,0.18748651444911957,0.17256149649620056
61,S5,ComHvy,local,local,0,local,local,0,0.43459397554397583,0.41753607988357544,-0.01705789566040039,0.0005989661440253258,0.03411582112312317,0.43459397554397583,0.41753607988357544,0.24268512427806854,0.24908091127872467,0.32272088527679443,0.3333830237388611
61,S5,BWHvy,local,local,0,local,local,0,0.5418460369110107,0.529521107673645,-0.012324929237365723,0.0004653278738260269,0.024649813771247864,0.5418460369110107,0.529521107673645,0.2432316094636917,0.24356231093406677,0.21492238342761993,0.22691656649112701
61,S6,LatCrit,local,local,0,local,local,0,0.4792035222053528,0.47284942865371704,-0.006354093551635742,0.005150265991687775,0.07921117544174194,0.4792035222053528,0.47284942865371704,0.2368965744972229,0.20364508032798767,0.2838999032974243,0.3235054910182953
61,S6,ComHvy,local,local,0,local,local,0,0.4880373477935791,0.4716988801956177,-0.016338467597961426,0.0010999739170074463,0.04158321022987366,0.4880373477935791,0.4716988801956177,0.24856775999069214,0.24411460757255554,0.26339489221572876,0.2841864824295044
61,S6,BWHvy,local,local,0,local,local,0,0.48320674896240234,0.45123159885406494,-0.0319751501083374,0.0024585691280663013,0.06395027041435242,0.48320674896240234,0.45123159885406494,0.2578142583370209,0.28457462787628174,0.25897902250289917,0.2641937732696533
61,S7,LatCrit,local,local,0,local,local,0,0.5030505657196045,0.4991292357444763,-0.003921329975128174,0.0007672104984521866,0.03120778501033783,0.5030505657196045,0.4991292357444763,0.24494341015815735,0.23326082527637482,0.25200605392456055,0.26760992407798767
61,S7,ComHvy,local,local,0,local,local,0,0.5669126510620117,0.5861753821372986,0.019262731075286865,0.0028745830059051514,0.06461358070373535,0.5669126510620117,0.5861753821372986,0.1547429859638214,0.16778706014156342,0.27834436297416687,0.2460375875234604
61,S7,BWHvy,local,local,0,local,local,0,0.6029490232467651,0.602454662322998,-0.0004943609237670898,0.00026924069970846176,0.014797493815422058,0.6029490232467651,0.602454662322998,0.23792435228824615,0.23101994395256042,0.1591266393661499,0.16652536392211914
61,S8,LatCrit,local,local,0,local,local,0,0.5592012405395508,0.5441529750823975,-0.01504826545715332,0.0014311997219920158,0.04287257790565491,0.5592012405395508,0.5441529750823975,0.18678122758865356,0.2082175463438034,0.2540174722671509,0.24762947857379913
61,S8,ComHvy,local,local,0,local,local,0,0.5683325529098511,0.5865651369094849,0.01823258399963379,0.0016065575182437897,0.048435747623443604,0.5683325529098511,0.5865651369094849,0.17506906390190125,0.18105436861515045,0.2565983533859253,0.23238049447536469
61,S8,BWHvy,local,local,0,local,local,0,0.45074570178985596,0.458609938621521,0.007864236831665039,0.00018312502652406693,0.01709379255771637,0.45074570178985596,0.458609938621521,0.22374525666236877,0.22442789375782013,0.32550904154777527,0.3169621229171753
62,S1,LatCrit,local,local,0,local,local,0,0.47233879566192627,0.494440495967865,0.02210170030593872,0.001492477604188025,0.044203415513038635,0.47233879566192627,0.494440495967865,0.2300722450017929,0.20940935611724854,0.297588974237442,0.2961501479148865
62,S1,ComHvy,local,local,0,BS2,BS2,0,0.4534004330635071,0.4397431015968323,-0.013657331466674805,0.0006501819007098675,0.028554126620292664,0.4534004330635071,0.4397431015968323,0.2223004251718521,0.23657751083374023,0.3242990970611572,0.3236793875694275
62,S1,BWHvy,local,local,0,local,local,0,0.5350894331932068,0.5498824119567871,0.014792978763580322,0.004137556999921799,0.07364839315414429,0.5350894331932068,0.5498824119567871,0.2678835988044739,0.23105943202972412,0.19702693819999695,0.21905818581581116
62,S2,LatCrit,local,local,0,local,local,0,0.5059914588928223,0.492644727230072,-0.013346731662750244,0.000844273716211319,0.03746747970581055,0.5059914588928223,0.492644727230072,0.21171212196350098,0.20632511377334595,0.28229641914367676,0.30103015899658203
62,S2,ComHvy,local,local,0,BS2,local,1,0.44452202320098877,0.46327173709869385,0.018749713897705078,0.003647647798061371,0.07820051908493042,0.44452202320098877,0.46327173709869385,0.183678537607193,0.20402908325195312,0.37179943919181824,0.332699179649353
62,S2,BWHvy,local,local,0,BS1,BS1,0,0.4497925043106079,0.44011247158050537,-0.009680032730102539,0.0010482966899871826,0.038670167326927185,0.4497925043106079,0.44011247158050537,0.32877856492996216,0.3191235363483429,0.22142890095710754,0.24076400697231293
62,S3,LatCrit,BS2,BS2,0,BS2,BS2,0,0.4378821849822998,0.4424223005771637,0.004540115594863892,0.000608351081609726,0.028452426195144653,0.3242380619049072,0.33392417430877686,0.23787972331047058,0.22365352511405945,0.4378821849822998,0.4424223005771637
62,S3,ComHvy,local,BS1,1,BS1,BS1,0,0.4448423981666565,0.4418617784976959,-0.0029806196689605713,0.0018501533195376396,0.05624103546142578,0.4448423981666565,0.4302428364753723,0.41374126076698303,0.4418617784976959,0.14141634106636047,0.12789538502693176
62,S3,BWHvy,local,local,0,local,local,0,0.514925479888916,0.506244957447052,-0.008680522441864014,0.0013181176036596298,0.04361540079116821,0.514925479888916,0.506244957447052,0.19865281879901886,0.18552567064762115,0.28642165660858154,0.30822938680648804
62,S4,LatCrit,local,local,0,local,local,0,0.48895251750946045,0.4942646622657776,0.005312144756317139,0.00214940682053566,0.05144910514354706,0.48895251750946045,0.4942646622657776,0.325842022895813,0.30011746287345886,0.18520544469356537,0.20561784505844116
62,S4,ComHvy,local,local,0,BS2,BS2,0,0.411959171295166,0.43402910232543945,0.022069931030273438,0.0015137807931751013,0.04413989186286926,0.411959171295166,0.43402910232543945,0.2241169959306717,0.20425187051296234,0.3639238178730011,0.3617189824581146
62,S4,BWHvy,local,local,0,local,local,0,0.5410229563713074,0.566372811794281,0.025349855422973633,0.0018143337219953537,0.05069969594478607,0.5410229563713074,0.566372811794281,0.15703995525836945,0.13876092433929443,0.301937073469162,0.29486626386642456
62,S5,LatCrit,local,local,0,local,local,0,0.44327718019485474,0.4468883275985718,0.003611147403717041,4.887161776423454e-05,0.008449316024780273,0.44327718019485474,0.4468883275985718,0.2884671986103058,0.2890807092189789,0.2682556211948395,0.26403096318244934
62,S5,ComHvy,local,local,0,local,local,0,0.6436337232589722,0.6624778509140015,0.018844127655029297,0.0011799255153164268,0.03768821060657501,0.6436337232589722,0.6624778509140015,0.17728957533836365,0.15999628603458405,0.1790766716003418,0.17752587795257568
62,S5,BWHvy,local,local,0,local,local,0,0.5118559002876282,0.480211079120636,-0.03164482116699219,0.0020605698227882385,0.06328965723514557,0.5118559002876282,0.480211079120636,0.17527258396148682,0.1828475147485733,0.312871515750885,0.3369414210319519
62,S6,LatCrit,local,local,0,BS1,local,1,0.5037351846694946,0.532978355884552,0.029243171215057373,0.002377847209572792,0.05848632752895355,0.5037351846694946,0.532978355884552,0.37473008036613464,0.36281561851501465,0.12153473496437073,0.10420604050159454
62,S6,ComHvy,local,local,0,local,local,0,0.5131919384002686,0.5195597410202026,0.006367802619934082,0.000683940015733242,0.0312880277633667,0.5131919384002686,0.5195597410202026,0.3030512034893036,0.28740718960762024,0.18375684320926666,0.19303305447101593
62,S6,BWHvy,local,local,0,local,local,0,0.5266208648681641,0.5102641582489014,-0.016356706619262695,0.0005388529971241951,0.032713428139686584,0.5266208648681641,0.5102641582489014,0.27648186683654785,0.28514185547828674,0.1968972533941269,0.2045939862728119
62,S7,LatCrit,local,local,0,local,local,0,0.5675666332244873,0.576124906539917,0.008558273315429688,0.0010717269033193588,0.03672093152999878,0.5675666332244873,0.576124906539917,0.22857765853405,0.2102171778678894,0.2038556933403015,0.21365787088871002
62,S7,ComHvy,local,local,0,local,local,0,0.4698672890663147,0.4515637755393982,-0.018303513526916504,0.000949912122450769,0.03660707175731659,0.4698672890663147,0.4515637755393982,0.2297278195619583,0.2464364469051361,0.3004048764705658,0.3019998073577881
62,S7,BWHvy,local,local,0,BS1,BS1,0,0.48384398221969604,0.505108118057251,0.02126413583755493,0.0021750545129179955,0.060669898986816406,0.48384398221969604,0.505108118057251,0.3244853913784027,0.2941504716873169,0.19167062640190125,0.2007414698600769
62,S8,LatCrit,local,local,0,local,local,0,0.5545616149902344,0.5686925053596497,0.014130890369415283,0.00040770648047327995,0.02826179563999176,0.5545616149902344,0.5686925053596497,0.2319873571395874,0.2252187430858612,0.21345104277133942,0.20608875155448914
62,S8,ComHvy,local,local,0,local,local,0,0.5456830263137817,0.5195529460906982,-0.026130080223083496,0.002745094709098339,0.05226019024848938,0.5456830263137817,0.5195529460906982,0.14016908407211304,0.16584205627441406,0.3141478896141052,0.3146050274372101
62,S8,BWHvy,local,local,0,local,local,0,0.5388038754463196,0.5462770462036133,0.007473170757293701,0.0019173016771674156,0.04699812829494476,0.5388038754463196,0.5462770462036133,0.21919499337673187,0.1956959068775177,0.24200114607810974,0.25802701711654663
63,S1,LatCrit,local,local,0,local,local,0,0.6290613412857056,0.653899073600769,0.024837732315063477,0.0014129998162388802,0.049675434827804565,0.6290613412857056,0.653899073600769,0.23903122544288635,0.21992331743240356,0.13190744817256927,0.12617765367031097
63,S1,ComHvy,local,local,0,local,local,0,0.5448798537254333,0.5402209758758545,-0.004658877849578857,0.0012064902111887932,0.036730021238327026,0.5448798537254333,0.5402209758758545,0.19578523933887482,0.21415026485919952,0.25933489203453064,0.24562877416610718
63,S1,BWHvy,local,local,0,local,local,0,0.5105658173561096,0.5426331758499146,0.03206735849380493,0.005148346535861492,0.08092287182807922,0.5105658173561096,0.5426331758499146,0.22958673536777496,0.18912528455257416,0.2598474621772766,0.2682415246963501
63,S2,LatCrit,local,local,0,local,local,0,0.5035425424575806,0.49505239725112915,-0.008490145206451416,0.0017128121107816696,0.04730386286973953,0.5035425424575806,0.49505239725112915,0.13933143019676208,0.12416964024305344,0.35712602734565735,0.3807779550552368
63,S2,ComHvy,local,local,0,local,local,0,0.4840221405029297,0.4912559986114502,0.007233858108520508,0.0028479844331741333,0.058455854654312134,0.4840221405029297,0.4912559986114502,0.27974504232406616,0.3017390966415405,0.23623283207416534,0.20700488984584808
63,S2,BWHvy,local,local,0,local,local,0,0.5378234386444092,0.5250577926635742,-0.012765645980834961,0.0005829205038025975,0.027460873126983643,0.5378234386444092,0.5250577926635742,0.21158623695373535,0.22531667351722717,0.25059032440185547,0.2496255338191986
63,S3,LatCrit,local,local,0,local,local,0,0.4246706962585449,0.42223548889160156,-0.0024352073669433594,0.00024436041712760925,0.018881291151046753,0.4246706962585449,0.42223548889160156,0.28260576725006104,0.2756003141403198,0.29272356629371643,0.3021641969680786
63,S3,ComHvy,local,local,0,local,local,0,0.3823683261871338,0.3624458312988281,-0.019922494888305664,0.0009819120168685913,0.039845019578933716,0.3823683261871338,0.3624458312988281,0.2816320061683655,0.2842203378677368,0.33599966764450073,0.35333386063575745
63,S3,BWHvy,local,local,0,local,local,0,0.45690226554870605,0.43585729598999023,-0.02104496955871582,0.0009000375866889954,0.04208993911743164,0.45690226554870605,0.43585729598999023,0.26436102390289307,0.2737579643726349,0.2787367105484009,0.2903847396373749
63,S4,LatCrit,local,local,0,local,local,0,0.4885444641113281,0.48398399353027344,-0.0045604705810546875,0.00030404143035411835,0.018035411834716797,0.4885444641113281,0.48398399353027344,0.35777682065963745,0.35331958532333374,0.15367871522903442,0.16269642114639282
63,S4,ComHvy,local,local,0,BS2,BS2,0,0.47685492038726807,0.5045039057731628,0.027648985385894775,0.001613733358681202,0.05529794096946716,0.47685492038726807,0.5045039057731628,0.16705498099327087,0.15409520268440247,0.35609006881713867,0.3414008915424347
63,S4,BWHvy,local,local,0,local,local,0,0.5188362002372742,0.5457417964935303,0.026905596256256104,0.0014725811779499054,0.05381116271018982,0.5188362002372742,0.5457417964935303,0.14120391011238098,0.13503459095954895,0.33995985984802246,0.3192236125469208
63,S5,LatCrit,local,local,0,local,local,0,0.5832479000091553,0.5860909223556519,0.002843022346496582,0.0002133469097316265,0.013714507222175598,0.5832479000091553,0.5860909223556519,0.2800646722316742,0.2840789258480072,0.13668742775917053,0.12983019649982452
63,S5,ComHvy,local,local,0,local,local,0,0.4738602638244629,0.46748673915863037,-0.0063735246658325195,0.00011757016181945801,0.012840420007705688,0.4738602638244629,0.46748673915863037,0.2530665397644043,0.25301986932754517,0.2730731964111328,0.27949342131614685
63,S5,BWHvy,local,local,0,local,local,0,0.5318658351898193,0.5139734148979187,-0.017892420291900635,0.0007437951862812042,0.03578481078147888,0.5318658351898193,0.5139734148979187,0.15613530576229095,0.1573340743780136,0.3119988739490509,0.3286924958229065
63,S6,LatCrit,local,local,0,local,local,0,0.4997595548629761,0.5319480895996094,0.0321885347366333,0.006519846618175507,0.08868978917598724,0.4997595548629761,0.5319480895996094,0.2836204469203949,0.2957767844200134,0.21662001311779022,0.1722750961780548
63,S6,ComHvy,local,local,0,BS1,BS1,0,0.4724138379096985,0.4638124108314514,-0.00860142707824707,0.0002472987398505211,0.018375635147094727,0.4724138379096985,0.4638124108314514,0.2816042900085449,0.28101789951324463,0.2459818720817566,0.25516968965530396
63,S6,BWHvy,local,local,0,local,local,0,0.528888463973999,0.5466861128807068,0.017797648906707764,0.0018952800892293453,0.0505828857421875,0.528888463973999,0.5466861128807068,0.23206330835819244,0.2067718505859375,0.23904824256896973,0.24654202163219452
63,S7,LatCrit,local,local,0,local,local,0,0.5853537917137146,0.5972341299057007,0.011880338191986084,0.002446933649480343,0.05230216681957245,0.5853537917137146,0.5972341299057007,0.2001742571592331,0.17402316629886627,0.2144719511270523,0.22874268889427185
63,S7,ComHvy,local,local,0,BS1,BS1,0,0.48240745067596436,0.44394832849502563,-0.03845912218093872,0.0059550441801548,0.10416245460510254,0.48240745067596436,0.44394832849502563,0.3181992471218109,0.3702804744243622,0.19939328730106354,0.185771182179451
63,S7,BWHvy,local,local,0,local,local,0,0.499272882938385,0.5010138750076294,0.0017409920692443848,0.0014102663844823837,0.037419289350509644,0.499272882938385,0.5010138750076294,0.3040464222431183,0.3210150897502899,0.1966806948184967,0.17797106504440308
63,S8,LatCrit,local,local,0,local,local,0,0.47704893350601196,0.501932680606842,0.024883747100830078,0.0017237397842109203,0.04976747930049896,0.47704893350601196,0.501932680606842,0.22049236297607422,0.1994607001543045,0.3024587035179138,0.29860663414001465
63,S8,ComHvy,local,local,0,local,local,0,0.5199387073516846,0.5010257959365845,-0.018912911415100098,0.00164802186191082,0.048583850264549255,0.5199387073516846,0.5010257959365845,0.25789692997932434,0.2525179088115692,0.22216437757015228,0.2464562952518463
63,S8,BWHvy,local,local,0,local,local,0,0.552937388420105,0.6089098453521729,0.05597245693206787,0.0074716052040457726,0.11194492876529694,0.552937388420105,0.6089098453521729,0.22768360376358032,0.18617329001426697,0.2193790078163147,0.204916849732399
