probe_index,sensor_id,task_name,old_top1_choice,new_top1_choice,top1_changed,old_sampled_choice,new_sampled_choice,sampled_changed,old_top1_prob,new_top1_prob,top1_prob_delta,decision_kl,decision_l1,old_local_prob,new_local_prob,old_BS1_prob,new_BS1_prob,old_BS2_prob,new_BS2_prob
0,S1,LatCrit,local,local,0,local,local,0,0.5501148700714111,0.525908350944519,-0.02420651912689209,0.0011900141835212708,0.048413023352622986,0.5501148700714111,0.525908350944519,0.2211763709783554,0.23484568297863007,0.22870877385139465,0.2392459660768509
0,S1,ComHvy,local,local,0,local,local,0,0.5008804798126221,0.568178117275238,0.06729763746261597,0.009909965097904205,0.13459528982639313,0.5008804798126221,0.568178117275238,0.22279199957847595,0.1809159368276596,0.27632755041122437,0.25090596079826355
0,S1,BWHvy,local,local,0,local,BS1,1,0.4994611144065857,0.49288368225097656,-0.006577432155609131,0.0077748969197273254,0.09464137256145477,0.4994611144065857,0.49288368225097656,0.25739315152168274,0.3047138452529907,0.24314571917057037,0.20240247249603271
0,S2,LatCrit,local,local,0,local,BS2,1,0.4933280348777771,0.4932039976119995,-0.0001240372657775879,0.0075258128345012665,0.08674675226211548,0.4933280348777771,0.4932039976119995,0.2512867748737335,0.20803743600845337,0.255385160446167,0.29875853657722473
0,S2,ComHvy,local,local,0,local,local,0,0.5239351987838745,0.5304409861564636,0.006505787372589111,0.0015754736959934235,0.04335017502307892,0.5239351987838745,0.5304409861564636,0.23126041889190674,0.20958535373210907,0.24480435252189636,0.2599736750125885
0,S2,BWHvy,local,local,0,BS1,BS1,0,0.466921865940094,0.4117366671562195,-0.05518519878387451,0.011748358607292175,0.13495193421840668,0.466921865940094,0.4117366671562195,0.29034140706062317,0.27805063128471375,0.24273674190044403,0.3102127015590668
0,S3,LatCrit,local,local,0,local,local,0,0.47922664880752563,0.4877893328666687,0.008562684059143066,0.00015293387696146965,0.01712539792060852,0.47922664880752563,0.4877893328666687,0.2652272880077362,0.25962454080581665,0.25554609298706055,0.25258612632751465
0,S3,ComHvy,local,local,0,local,BS1,1,0.47202324867248535,0.4032077193260193,-0.06881552934646606,0.01912367343902588,0.18284136056900024,0.47202324867248535,0.4032077193260193,0.2752313017845154,0.3666519820690155,0.25274544954299927,0.2301402986049652
0,S3,BWHvy,local,local,0,local,local,0,0.4922470450401306,0.5128288269042969,0.02058178186416626,0.0020901900716125965,0.0521780401468277,0.4922470450401306,0.5128288269042969,0.22789761424064636,0.20180858671665192,0.2798553705215454,0.2853626012802124
0,S4,LatCrit,local,local,0,local,local,0,0.48410898447036743,0.5001062154769897,0.015997231006622314,0.0015106555074453354,0.04622018337249756,0.48410898447036743,0.5001062154769897,0.27016323804855347,0.2772761285305023,0.2457277774810791,0.2226177155971527
0,S4,ComHvy,local,local,0,local,local,0,0.47710514068603516,0.492872416973114,0.015767276287078857,0.009548529982566833,0.11179609596729279,0.47710514068603516,0.492872416973114,0.23210886120796204,0.272239625453949,0.2907860279083252,0.2348879724740982
0,S4,BWHvy,local,local,0,local,local,0,0.5005875825881958,0.5518261194229126,0.0512385368347168,0.007592084817588329,0.10247714817523956,0.5005875825881958,0.5518261194229126,0.22382065653800964,0.17960043251514435,0.27559179067611694,0.2685734033584595
0,S5,LatCrit,local,local,0,local,BS1,1,0.5275670289993286,0.4668208360671997,-0.060746192932128906,0.010756404139101505,0.12982293963432312,0.5275670289993286,0.4668208360671997,0.26181137561798096,0.3267228901386261,0.21062155067920685,0.20645631849765778
0,S5,ComHvy,local,local,0,local,local,0,0.5181787014007568,0.4558837413787842,-0.062294960021972656,0.008642522618174553,0.1245899498462677,0.5181787014007568,0.4558837413787842,0.24546723067760468,0.2934052348136902,0.2363540679216385,0.250711053609848
0,S5,BWHvy,local,local,0,local,local,0,0.5006980895996094,0.46001720428466797,-0.040680885314941406,0.003331175073981285,0.08136172592639923,0.5006980895996094,0.46001720428466797,0.23945678770542145,0.2571992576122284,0.25984513759613037,0.28278350830078125
0,S6,LatCrit,local,local,0,local,local,0,0.47240257263183594,0.5176817774772644,0.04527920484542847,0.0234665684401989,0.18017061054706573,0.47240257263183594,0.5176817774772644,0.29195764660835266,0.2018723487854004,0.2356397658586502,0.2804458737373352
0,S6,ComHvy,local,local,0,BS2,BS2,0,0.48762816190719604,0.41807371377944946,-0.06955444812774658,0.020400270819664,0.19045013189315796,0.48762816190719604,0.41807371377944946,0.23608613014221191,0.21041551232337952,0.27628570795059204,0.371510773897171
0,S6,BWHvy,local,local,0,local,local,0,0.5160313844680786,0.45309334993362427,-0.06293803453445435,0.008241446688771248,0.12587599456310272,0.5160313844680786,0.45309334993362427,0.23940470814704895,0.2800121009349823,0.24456395208835602,0.26689451932907104
0,S7,LatCrit,local,local,0,local,local,0,0.554343581199646,0.5521194934844971,-0.0022240877151489258,0.0022557899355888367,0.04701735079288483,0.554343581199646,0.5521194934844971,0.21474742889404297,0.19346286356449127,0.23090896010398865,0.25441765785217285
0,S7,ComHvy,local,local,0,local,local,0,0.45927101373672485,0.483458936214447,0.024187922477722168,0.0034904321655631065,0.07080960273742676,0.45927101373672485,0.483458936214447,0.2597895860671997,0.22438478469848633,0.28093940019607544,0.29215627908706665
0,S7,BWHvy,local,local,0,BS1,BS1,0,0.47737830877304077,0.501036524772644,0.02365821599960327,0.002367899287492037,0.06026281416416168,0.47737830877304077,0.501036524772644,0.28518542647361755,0.2550539970397949,0.23743629455566406,0.24390946328639984
0,S8,LatCrit,local,local,0,local,BS1,1,0.5396883487701416,0.47541964054107666,-0.06426870822906494,0.01885862834751606,0.17207536101341248,0.5396883487701416,0.47541964054107666,0.21496310830116272,0.30100077390670776,0.24534855782985687,0.22357957065105438
0,S8,ComHvy,local,local,0,local,local,0,0.5331869125366211,0.5657840967178345,0.03259718418121338,0.009101476520299911,0.10549366474151611,0.5331869125366211,0.5657840967178345,0.24152551591396332,0.2616751492023468,0.2252875715494156,0.17254072427749634
0,S8,BWHvy,local,local,0,local,local,0,0.48883527517318726,0.48225975036621094,-0.006575524806976318,0.00010757881682366133,0.013151034712791443,0.48883527517318726,0.48225975036621094,0.24037684500217438,0.2458134889602661,0.27078789472579956,0.27192676067352295
1,S1,LatCrit,local,local,0,local,local,0,0.54327392578125,0.47642868757247925,-0.06684523820877075,0.008961360901594162,0.1336904764175415,0.54327392578125,0.47642868757247925,0.2241171896457672,0.25473928451538086,0.2326088547706604,0.2688319981098175
1,S1,ComHvy,local,local,0,local,local,0,0.504402756690979,0.5269647836685181,0.022562026977539062,0.0010963249951601028,0.04512408375740051,0.504402756690979,0.5269647836685181,0.22665910422801971,0.22048594057559967,0.2689381539821625,0.25254926085472107
1,S1,BWHvy,local,local,0,local,local,0,0.4958440661430359,0.42138874530792236,-0.07445532083511353,0.01242807786911726,0.14891059696674347,0.4958440661430359,0.42138874530792236,0.2651420831680298,0.3241325318813324,0.2390138953924179,0.25447872281074524
1,S2,LatCrit,local,local,0,local,local,0,0.49654972553253174,0.4231787323951721,-0.07337099313735962,0.013179343193769455,0.14674198627471924,0.49654972553253174,0.4231787323951721,0.243132084608078,0.25125652551651,0.26031818985939026,0.32556474208831787
1,S2,ComHvy,local,local,0,local,BS2,1,0.5063525438308716,0.48117291927337646,-0.025179624557495117,0.0025878287851810455,0.06429019570350647,0.5063525438308716,0.48117291927337646,0.2331773042678833,0.22621184587478638,0.2604701519012451,0.29261526465415955
1,S2,BWHvy,local,local,0,local,local,0,0.47500091791152954,0.47448140382766724,-0.0005195140838623047,0.0020494461059570312,0.04652749001979828,0.47500091791152954,0.47448140382766724,0.2837260663509369,0.3069898188114166,0.24127303063869476,0.21852880716323853
1,S3,LatCrit,local,local,0,BS1,BS1,0,0.4667326807975769,0.38677024841308594,-0.07996243238449097,0.01331128180027008,0.15992486476898193,0.4667326807975769,0.38677024841308594,0.264180451631546,0.309922993183136,0.2690868675708771,0.3033067584037781
1,S3,ComHvy,local,local,0,local,local,0,0.48460155725479126,0.4641530513763428,-0.020448505878448486,0.0008637644350528717,0.040897026658058167,0.48460155725479126,0.4641530513763428,0.26677045226097107,0.27474045753479004,0.24862797558307648,0.2611064910888672
1,S3,BWHvy,local,local,0,local,local,0,0.4893643260002136,0.47190386056900024,-0.01746046543121338,0.0019538188353180885,0.05357925593852997,0.4893643260002136,0.47190386056900024,0.22492478787899017,0.25171443819999695,0.285710871219635,0.2763817310333252
1,S4,LatCrit,local,local,0,local,local,0,0.4729313850402832,0.45254719257354736,-0.02038419246673584,0.0016715247184038162,0.05058145523071289,0.4729313850402832,0.45254719257354736,0.2714555561542511,0.2665490210056305,0.2556130588054657,0.28090378642082214
1,S4,ComHvy,local,local,0,local,local,0,0.47419488430023193,0.46241533756256104,-0.011779546737670898,0.009443271905183792,0.11114828288555145,0.47419488430023193,0.46241533756256104,0.2476075142621994,0.3031816780567169,0.27819758653640747,0.23440301418304443
1,S4,BWHvy,local,local,0,BS1,BS1,0,0.5018182992935181,0.5319629907608032,0.030144691467285156,0.01177912950515747,0.12579979002475739,0.5018182992935181,0.5319629907608032,0.22987814247608185,0.262633353471756,0.2683035135269165,0.2054036259651184
1,S5,LatCrit,local,local,0,local,BS2,1,0.5164361000061035,0.47103047370910645,-0.04540562629699707,0.026131510734558105,0.2002188116312027,0.5164361000061035,0.47103047370910645,0.2570246160030365,0.20232081413269043,0.22653929889202118,0.32664868235588074
1,S5,ComHvy,local,local,0,local,local,0,0.5176326632499695,0.38702791929244995,-0.13060474395751953,0.042587071657180786,0.26120948791503906,0.5176326632499695,0.38702791929244995,0.24579764902591705,0.36639583110809326,0.23656968772411346,0.2465762346982956
1,S5,BWHvy,local,local,0,local,local,0,0.49949491024017334,0.49158841371536255,-0.007906496524810791,0.001546194776892662,0.04642572999000549,0.49949491024017334,0.49158841371536255,0.23721817135810852,0.22191181778907776,0.26328688859939575,0.2864997684955597
1,S6,LatCrit,local,local,0,BS1,BS1,0,0.47997087240219116,0.503832995891571,0.023862123489379883,0.0024812067858874798,0.06248290836811066,0.47997087240219116,0.503832995891571,0.2937637269496918,0.26252228021621704,0.22626538574695587,0.23364472389221191
1,S6,ComHvy,local,local,0,BS2,BS2,0,0.48900336027145386,0.4463497996330261,-0.042653560638427734,0.006358969956636429,0.09638096392154694,0.48900336027145386,0.4463497996330261,0.23676271736621857,0.28495320677757263,0.27423393726348877,0.26869702339172363
1,S6,BWHvy,local,local,0,local,local,0,0.504525899887085,0.48826688528060913,-0.01625901460647583,0.0010921848006546497,0.04099328815937042,0.504525899887085,0.48826688528060913,0.2533496618270874,0.2738463282585144,0.24212439358234406,0.23788678646087646
1,S7,LatCrit,local,local,0,local,BS1,1,0.5431709289550781,0.4561254382133484,-0.08704549074172974,0.03529081493616104,0.24560542404651642,0.5431709289550781,0.4561254382133484,0.23138977587223053,0.35419246554374695,0.22543929517269135,0.18968205153942108
1,S7,ComHvy,local,local,0,local,local,0,0.4726755619049072,0.4630177617073059,-0.009657800197601318,0.00029207399347797036,0.020429015159606934,0.4726755619049072,0.4630177617073059,0.26577332615852356,0.27598780393600464,0.261551171541214,0.26099443435668945
1,S7,BWHvy,local,local,0,local,BS1,1,0.47499167919158936,0.38614511489868164,-0.08884656429290771,0.01659717783331871,0.17769315838813782,0.47499167919158936,0.38614511489868164,0.29538846015930176,0.33478158712387085,0.2296198606491089,0.2790733277797699
1,S8,LatCrit,local,local,0,BS2,BS2,0,0.5401372909545898,0.5193092823028564,-0.0208280086517334,0.0021082106977701187,0.057721301913261414,0.5401372909545898,0.5193092823028564,0.20790748298168182,0.19987481832504272,0.2519552409648895,0.28081586956977844
1,S8,ComHvy,local,local,0,local,local,0,0.5311369895935059,0.5142913460731506,-0.016845643520355225,0.013590119779109955,0.12973596155643463,0.5311369895935059,0.5142913460731506,0.23248998820781708,0.18446765840053558,0.23637302219867706,0.301241010427475
1,S8,BWHvy,local,local,0,local,local,0,0.49416714906692505,0.5486264228820801,0.05445927381515503,0.01638946682214737,0.14693981409072876,0.49416714906692505,0.5486264228820801,0.24616993963718414,0.2651805877685547,0.2596628963947296,0.18619300425052643
2,S1,LatCrit,local,local,0,local,local,0,0.5460598468780518,0.4667567014694214,-0.07930314540863037,0.03683634474873543,0.2499515414237976,0.5460598468780518,0.4667567014694214,0.23222705721855164,0.35720282793045044,0.2217130959033966,0.17604047060012817
2,S1,ComHvy,local,local,0,local,local,0,0.5011253356933594,0.4505515694618225,-0.050573766231536865,0.0060482332482934,0.10114753246307373,0.5011253356933594,0.4505515694618225,0.2271583378314972,0.26673978567123413,0.27171632647514343,0.28270864486694336
2,S1,BWHvy,local,local,0,local,local,0,0.506105899810791,0.5255258679389954,0.019419968128204346,0.015073440968990326,0.13094745576381683,0.506105899810791,0.5255258679389954,0.2400740087032318,0.174600288271904,0.2538200616836548,0.29987382888793945
2,S2,LatCrit,local,local,0,local,local,0,0.4945094585418701,0.41483181715011597,-0.07967764139175415,0.015586033463478088,0.1593553125858307,0.4945094585418701,0.41483181715011597,0.24580788612365723,0.25450146198272705,0.25968262553215027,0.330666720867157
2,S2,ComHvy,local,local,0,local,local,0,0.52305006980896,0.5134126543998718,-0.009637415409088135,0.0036494433879852295,0.06813949346542358,0.52305006980896,0.5134126543998718,0.24244128167629242,0.2765110433101654,0.23450861871242523,0.21007630228996277
2,S2,BWHvy,local,local,0,BS1,BS1,0,0.4653286337852478,0.4216373562812805,-0.043691277503967285,0.0047064051032066345,0.08738254010677338,0.4653286337852478,0.4216373562812805,0.2944609820842743,0.30250775814056396,0.2402103990316391,0.2758548855781555
2,S3,LatCrit,local,local,0,local,BS2,1,0.4830148220062256,0.49041903018951416,0.007404208183288574,0.014761775732040405,0.1282242387533188,0.4830148220062256,0.49041903018951416,0.2717756927013397,0.20766358077526093,0.2452094554901123,0.3019173741340637
2,S3,ComHvy,local,local,0,local,local,0,0.47783851623535156,0.43913716077804565,-0.03870135545730591,0.0037774257361888885,0.07740271091461182,0.47783851623535156,0.43913716077804565,0.2521446943283081,0.2558113932609558,0.27001678943634033,0.30505144596099854
2,S3,BWHvy,local,local,0,local,local,0,0.5011903047561646,0.5792067050933838,0.07801640033721924,0.012635752558708191,0.15603281557559967,0.5011903047561646,0.5792067050933838,0.21231696009635925,0.1718529760837555,0.2864927649497986,0.2489403337240219
2,S4,LatCrit,local,local,0,local,local,0,0.4738472104072571,0.46267688274383545,-0.01117032766342163,0.004651486873626709,0.08043307065963745,0.4738472104072571,0.46267688274383545,0.2600044906139374,0.23095828294754028,0.26614829897880554,0.30636483430862427
2,S4,ComHvy,local,local,0,local,local,0,0.4806762933731079,0.461614727973938,-0.019061565399169922,0.012229438871145248,0.13063332438468933,0.4806762933731079,0.461614727973938,0.24201245605945587,0.30732911825180054,0.2773112654685974,0.23105616867542267
2,S4,BWHvy,local,local,0,local,local,0,0.5103377103805542,0.528791069984436,0.018453359603881836,0.008599866181612015,0.10394033789634705,0.5103377103805542,0.528791069984436,0.23147635161876678,0.26499316096305847,0.2581859230995178,0.2062157541513443
2,S5,LatCrit,local,local,0,local,local,0,0.522323727607727,0.5752441883087158,0.05292046070098877,0.005722347646951675,0.10584089159965515,0.522323727607727,0.5752441883087158,0.25754642486572266,0.2261975109577179,0.2201298028230667,0.1985582858324051
2,S5,ComHvy,local,local,0,local,local,0,0.5222752094268799,0.42554157972335815,-0.09673362970352173,0.019364558160305023,0.19346725940704346,0.5222752094268799,0.42554157972335815,0.2373250126838684,0.29818403720855713,0.24039974808692932,0.27627435326576233
2,S5,BWHvy,local,local,0,local,local,0,0.49515217542648315,0.41907817125320435,-0.07607400417327881,0.016065821051597595,0.15693625807762146,0.49515217542648315,0.41907817125320435,0.23309695720672607,0.23070284724235535,0.2717508375644684,0.3502189815044403
2,S6,LatCrit,local,local,0,local,local,0,0.48136353492736816,0.5300332307815552,0.04866969585418701,0.007854744791984558,0.09733940660953522,0.48136353492736816,0.5300332307815552,0.30054619908332825,0.29738056659698486,0.2180902659893036,0.17258618772029877
2,S6,ComHvy,local,local,0,local,local,0,0.49641621112823486,0.4900398850440979,-0.006376326084136963,0.005685791373252869,0.08203102648258209,0.49641621112823486,0.4900398850440979,0.24305003881454468,0.2840655446052551,0.26053375005722046,0.22589455544948578
2,S6,BWHvy,local,local,0,local,local,0,0.5250921249389648,0.5454843044281006,0.020392179489135742,0.002585434354841709,0.058719292283058167,0.5250921249389648,0.5454843044281006,0.23123903572559357,0.2018793821334839,0.24366888403892517,0.2526363432407379
2,S7,LatCrit,local,local,0,local,local,0,0.5555254220962524,0.521115779876709,-0.03440964221954346,0.009187471121549606,0.1178315132856369,0.5555254220962524,0.521115779876709,0.22441968321800232,0.28333544731140137,0.22005490958690643,0.19554880261421204
2,S7,ComHvy,local,local,0,local,BS2,1,0.4567376971244812,0.43169063329696655,-0.02504706382751465,0.002988949418067932,0.07056504487991333,0.4567376971244812,0.43169063329696655,0.26647838950157166,0.256242960691452,0.27678385376930237,0.3120664060115814
2,S7,BWHvy,local,local,0,local,local,0,0.4972909688949585,0.5281227827072144,0.03083181381225586,0.001965135335922241,0.06166355311870575,0.4972909688949585,0.5281227827072144,0.2719878554344177,0.2589717507362366,0.23072116076946259,0.21290552616119385
2,S8,LatCrit,local,local,0,local,local,0,0.5354299545288086,0.5086209774017334,-0.026808977127075195,0.004263116046786308,0.07916219532489777,0.5354299545288086,0.5086209774017334,0.21665522456169128,0.25623631477355957,0.24791482090950012,0.23514269292354584
2,S8,ComHvy,local,local,0,local,local,0,0.5227859020233154,0.49172234535217285,-0.031063556671142578,0.0026926714926958084,0.062127113342285156,0.5227859020233154,0.49172234535217285,0.24446609616279602,0.24601717293262482,0.23274798691272736,0.26226046681404114
2,S8,BWHvy,local,local,0,local,local,0,0.502174973487854,0.5350247025489807,0.03284972906112671,0.002990264445543289,0.06569939851760864,0.502174973487854,0.5350247025489807,0.23811675608158112,0.23580029606819153,0.2597082257270813,0.22917501628398895
3,S1,LatCrit,local,local,0,local,local,0,0.5430600643157959,0.5332776308059692,-0.00978243350982666,0.00808832049369812,0.09578970074653625,0.5430600643157959,0.5332776308059692,0.226146399974823,0.18803395330905914,0.2307935506105423,0.27868837118148804
3,S1,ComHvy,local,local,0,local,local,0,0.5037950873374939,0.5793217420578003,0.0755266547203064,0.015415642410516739,0.151053324341774,0.5037950873374939,0.5793217420578003,0.23463009297847748,0.22511868178844452,0.2615748345851898,0.1955595761537552
3,S1,BWHvy,local,local,0,BS2,BS1,1,0.48931556940078735,0.4195249676704407,-0.06979060173034668,0.024274174124002457,0.20379680395126343,0.48931556940078735,0.4195249676704407,0.2458704560995102,0.3477688431739807,0.26481395959854126,0.23270614445209503
3,S2,LatCrit,local,local,0,local,local,0,0.4987325072288513,0.4814777970314026,-0.01725471019744873,0.018773071467876434,0.1542690396308899,0.4987325072288513,0.4814777970314026,0.24666471779346466,0.18678490817546844,0.2546027600765228,0.3317372798919678
3,S2,ComHvy,local,local,0,local,local,0,0.5120694637298584,0.4954529404640198,-0.016616523265838623,0.0009915456175804138,0.03797703981399536,0.5120694637298584,0.4954529404640198,0.24457985162734985,0.242207869887352,0.24335066974163055,0.26233920454978943
3,S2,BWHvy,local,local,0,local,local,0,0.4778156876564026,0.4477549195289612,-0.030060768127441406,0.004457477480173111,0.08257614076137543,0.4778156876564026,0.4477549195289612,0.2866252362728119,0.275397926568985,0.23555909097194672,0.27684715390205383
3,S3,LatCrit,local,local,0,local,local,0,0.4803119897842407,0.45646607875823975,-0.023845911026000977,0.0032889731228351593,0.07314322888851166,0.4803119897842407,0.45646607875823975,0.25976845622062683,0.24704276025295258,0.25991955399513245,0.29649117588996887
3,S3,ComHvy,local,local,0,local,local,0,0.4823511838912964,0.3814889192581177,-0.10086226463317871,0.0236662607640028,0.20172448456287384,0.4823511838912964,0.3814889192581177,0.2685774266719818,0.35208970308303833,0.249071404337883,0.2664213478565216
3,S3,BWHvy,local,local,0,local,BS1,1,0.4834516644477844,0.4388425350189209,-0.044609129428863525,0.022448450326919556,0.1900697946548462,0.4834516644477844,0.4388425350189209,0.23871636390686035,0.33375126123428345,0.2778319716453552,0.22740620374679565
3,S4,LatCrit,local,local,0,local,local,0,0.4810222387313843,0.4956939220428467,0.014671683311462402,0.010620146989822388,0.11146178841590881,0.4810222387313843,0.4956939220428467,0.27757394313812256,0.31863316893577576,0.24140378832817078,0.18567290902137756
3,S4,ComHvy,local,local,0,local,local,0,0.4772607088088989,0.5389209985733032,0.0616602897644043,0.00774013064801693,0.12332051992416382,0.4772607088088989,0.5389209985733032,0.2306150645017624,0.1985267847776413,0.2921242117881775,0.26255226135253906
3,S4,BWHvy,local,local,0,local,local,0,0.516000509262085,0.5751205682754517,0.0591200590133667,0.010774429887533188,0.1182401180267334,0.516000509262085,0.5751205682754517,0.2215583175420761,0.22072137892246246,0.2624411880970001,0.20415806770324707
3,S5,LatCrit,local,local,0,local,local,0,0.5130071640014648,0.45083099603652954,-0.0621761679649353,0.008178766816854477,0.12435230612754822,0.5130071640014648,0.45083099603652954,0.26796722412109375,0.2908734381198883,0.2190256416797638,0.25829556584358215
3,S5,ComHvy,local,local,0,local,local,0,0.5287300944328308,0.49231797456741333,-0.03641211986541748,0.005082082003355026,0.0883370190858841,0.5287300944328308,0.49231797456741333,0.23195089399814606,0.2241944968700409,0.23931899666786194,0.2834874987602234
3,S5,BWHvy,local,local,0,local,local,0,0.49642062187194824,0.5431636571884155,0.046743035316467285,0.0046247448772192,0.09348604083061218,0.49642062187194824,0.5431636571884155,0.2349872589111328,0.22021210193634033,0.26859208941459656,0.23662424087524414
3,S6,LatCrit,local,local,0,local,local,0,0.4727013111114502,0.5412448644638062,0.06854355335235596,0.009441675618290901,0.13708701729774475,0.4727013111114502,0.5412448644638062,0.29836294054985046,0.2574673295021057,0.22893570363521576,0.20128785073757172
3,S6,ComHvy,local,local,0,local,local,0,0.5042635798454285,0.4863762855529785,-0.01788729429244995,0.0021976884454488754,0.057297393679618835,0.5042635798454285,0.4863762855529785,0.2299879640340805,0.2586366534233093,0.2657484710216522,0.25498706102371216
3,S6,BWHvy,local,local,0,local,local,0,0.512610673904419,0.5422180891036987,0.029607415199279785,0.004740055650472641,0.08121137320995331,0.512610673904419,0.5422180891036987,0.23510833084583282,0.2461066097021103,0.25228098034858704,0.21167530119419098
3,S7,LatCrit,local,local,0,local,local,0,0.5497391223907471,0.5672584772109985,0.017519354820251465,0.0018211021088063717,0.04877403378486633,0.5497391223907471,0.5672584772109985,0.2219996601343155,0.19761264324188232,0.22826121747493744,0.23512887954711914
3,S7,ComHvy,local,local,0,local,local,0,0.46820008754730225,0.4905291199684143,0.02232903242111206,0.007905449718236923,0.10433545708656311,0.46820008754730225,0.4905291199684143,0.2695995271205902,0.21743181347846985,0.26220038533210754,0.29203909635543823
3,S7,BWHvy,local,local,0,local,BS2,1,0.4659809470176697,0.4878386855125427,0.021857738494873047,0.009561490267515182,0.11647816002368927,0.4659809470176697,0.4878386855125427,0.3007902204990387,0.24255113303661346,0.233228862285614,0.269610196352005
3,S8,LatCrit,local,local,0,local,local,0,0.5311294794082642,0.44199323654174805,-0.08913624286651611,0.01721217669546604,0.17827244102954865,0.5311294794082642,0.44199323654174805,0.22812575101852417,0.2917936444282532,0.24074481427669525,0.2662131190299988
3,S8,ComHvy,local,local,0,local,local,0,0.5334088802337646,0.5006600618362427,-0.03274881839752197,0.002768406644463539,0.06549765169620514,0.5334088802337646,0.5006600618362427,0.23494838178157806,0.23855546116828918,0.23164278268814087,0.2607845366001129
3,S8,BWHvy,local,local,0,BS2,local,1,0.48305392265319824,0.5624342560768127,0.0793803334236145,0.012730445712804794,0.158760666847229,0.48305392265319824,0.5624342560768127,0.24381697177886963,0.2092364877462387,0.2731291353702545,0.22832928597927094
4,S1,LatCrit,local,local,0,local,BS1,1,0.5443805456161499,0.46748191118240356,-0.07689863443374634,0.012621335685253143,0.1537972241640091,0.5443805456161499,0.46748191118240356,0.22955213487148285,0.25275859236717224,0.22606736421585083,0.2797594964504242
4,S1,ComHvy,local,local,0,local,local,0,0.5047377347946167,0.5222750306129456,0.017537295818328857,0.0006195632740855217,0.035074517130851746,0.5047377347946167,0.5222750306129456,0.23105265200138092,0.22193503379821777,0.2642095685005188,0.25578996539115906
4,S1,BWHvy,local,local,0,local,BS2,1,0.4984235167503357,0.4751132130622864,-0.023310303688049316,0.0020129354670643806,0.054479047656059265,0.4984235167503357,0.4751132130622864,0.2432563751935959,0.2704958915710449,0.2583200931549072,0.2543908655643463
4,S2,LatCrit,local,local,0,local,local,0,0.5076051950454712,0.4496568441390991,-0.05794835090637207,0.00751657597720623,0.11589677631855011,0.5076051950454712,0.4496568441390991,0.2427237629890442,0.2866674065589905,0.24967102706432343,0.2636758089065552
4,S2,ComHvy,local,local,0,local,local,0,0.5157680511474609,0.4510372281074524,-0.06473082304000854,0.011328071355819702,0.12946166098117828,0.5157680511474609,0.4510372281074524,0.24562041461467743,0.24839982390403748,0.23861154913902283,0.3005629777908325
4,S2,BWHvy,local,local,0,local,local,0,0.4687821865081787,0.4138903021812439,-0.054891884326934814,0.023748323321342468,0.20105670392513275,0.4687821865081787,0.4138903021812439,0.28311821818351746,0.2374817430973053,0.24809958040714264,0.3486279249191284
4,S3,LatCrit,local,local,0,local,local,0,0.4774465560913086,0.4655517339706421,-0.011894822120666504,0.02214036136865616,0.16378138959407806,0.4774465560913086,0.4655517339706421,0.2699257731437683,0.199929878115654,0.2526277005672455,0.3345183730125427
4,S3,ComHvy,local,local,0,local,local,0,0.49232053756713867,0.4276248812675476,-0.06469565629959106,0.015083618462085724,0.1587866097688675,0.49232053756713867,0.4276248812675476,0.2647749185562134,0.3441682457923889,0.24290452897548676,0.22820690274238586
4,S3,BWHvy,local,local,0,local,local,0,0.49646085500717163,0.4686819314956665,-0.027778923511505127,0.009286519140005112,0.11820602416992188,0.49646085500717163,0.4686819314956665,0.22794778645038605,0.2870507836341858,0.27559134364128113,0.24426724016666412
4,S4,LatCrit,local,local,0,local,local,0,0.4846039414405823,0.5480021238327026,0.06339818239212036,0.009479906409978867,0.1267964243888855,0.4846039414405823,0.5480021238327026,0.26326653361320496,0.24755872786045074,0.25212955474853516,0.20443911850452423
4,S4,ComHvy,local,local,0,local,local,0,0.48338615894317627,0.4739686846733093,-0.009417474269866943,0.008869484066963196,0.10472191870212555,0.48338615894317627,0.4739686846733093,0.22821743786334991,0.2805784046649933,0.2883963882923126,0.2454529106616974
4,S4,BWHvy,local,local,0,local,local,0,0.5059483051300049,0.5288266539573669,0.02287834882736206,0.0027676988393068314,0.06336337327957153,0.5059483051300049,0.5288266539573669,0.2341817319393158,0.2429850697517395,0.2598699629306793,0.22818827629089355
4,S5,LatCrit,local,local,0,local,local,0,0.5280121564865112,0.5411617159843445,0.013149559497833252,0.005399053916335106,0.08083976805210114,0.5280121564865112,0.5411617159843445,0.2480655312538147,0.20764565467834473,0.22392232716083527,0.2511926591396332
4,S5,ComHvy,local,local,0,local,local,0,0.5186572670936584,0.45130717754364014,-0.06735008955001831,0.0152512788772583,0.1575196236371994,0.5186572670936584,0.45130717754364014,0.2274862676858902,0.2160765528678894,0.25385645031929016,0.33261626958847046
4,S5,BWHvy,local,local,0,local,local,0,0.48670172691345215,0.4468647241592407,-0.039837002754211426,0.0043541016057133675,0.07967399060726166,0.48670172691345215,0.4468647241592407,0.24245883524417877,0.27985528111457825,0.2708394527435303,0.27327999472618103
4,S6,LatCrit,local,local,0,local,local,0,0.46727102994918823,0.5012353658676147,0.033964335918426514,0.0030692340806126595,0.06792868673801422,0.46727102994918823,0.5012353658676147,0.3029594123363495,0.27038872241973877,0.22976957261562347,0.22837591171264648
4,S6,ComHvy,local,local,0,local,local,0,0.5140151381492615,0.5828262567520142,0.06881111860275269,0.011481411755084991,0.13762226700782776,0.5140151381492615,0.5828262567520142,0.2245165854692459,0.21098338067531586,0.2614682912826538,0.2061903476715088
4,S6,BWHvy,local,local,0,local,local,0,0.5110733509063721,0.5593147277832031,0.048241376876831055,0.006033238023519516,0.09648269414901733,0.5110733509063721,0.5593147277832031,0.23362287878990173,0.22689026594161987,0.2553037405014038,0.2137950360774994
4,S7,LatCrit,local,local,0,local,local,0,0.5473431944847107,0.5295522809028625,-0.017790913581848145,0.0011015022173523903,0.038190409541130066,0.5473431944847107,0.5295522809028625,0.2145887315273285,0.23368392884731293,0.23806807398796082,0.23676377534866333
4,S7,ComHvy,local,local,0,local,local,0,0.456449031829834,0.5157961845397949,0.05934715270996094,0.010097011923789978,0.11869435012340546,0.456449031829834,0.5157961845397949,0.2713831067085266,0.21619246900081635,0.2721678614616394,0.26801130175590515
4,S7,BWHvy,local,local,0,local,local,0,0.4899824857711792,0.5232079029083252,0.033225417137145996,0.0025836857967078686,0.0664508193731308,0.4899824857711792,0.5232079029083252,0.2806512713432312,0.2532643973827362,0.2293662428855896,0.2235277146100998
4,S8,LatCrit,local,local,0,local,local,0,0.5330080986022949,0.541364312171936,0.008356213569641113,0.008044425398111343,0.09272538125514984,0.5330080986022949,0.541364312171936,0.22386465966701508,0.2618710994720459,0.24312728643417358,0.19676455855369568
4,S8,ComHvy,local,local,0,local,local,0,0.5279914140701294,0.49274247884750366,-0.03524893522262573,0.0030918102711439133,0.07049791514873505,0.5279914140701294,0.49274247884750366,0.23431433737277985,0.23897229135036469,0.23769421875476837,0.26828524470329285
4,S8,BWHvy,local,local,0,local,local,0,0.49711209535598755,0.4564718008041382,-0.040640294551849365,0.003647308796644211,0.08128061890602112,0.49711209535598755,0.4564718008041382,0.23642085492610931,0.24570249021053314,0.26646703481674194,0.29782572388648987
5,S1,LatCrit,local,local,0,local,local,0,0.5482534170150757,0.5311087369918823,-0.01714468002319336,0.0006223623640835285,0.034289389848709106,0.5482534170150757,0.5311087369918823,0.2263127714395523,0.2376592755317688,0.22543378174304962,0.23123198747634888
5,S1,ComHvy,local,local,0,local,local,0,0.5020318627357483,0.4931058883666992,-0.008925974369049072,0.0031812619417905807,0.06480398774147034,0.5020318627357483,0.4931058883666992,0.23121875524520874,0.20774272084236145,0.26674941182136536,0.29915139079093933
5,S1,BWHvy,local,local,0,local,local,0,0.5017553567886353,0.5115078687667847,0.009752511978149414,0.009170666337013245,0.10212616622447968,0.5017553567886353,0.5115078687667847,0.2435283213853836,0.28483888506889343,0.25471633672714233,0.2036532461643219
5,S2,LatCrit,local,local,0,local,local,0,0.48833489418029785,0.4535929560661316,-0.03474193811416626,0.002463296987116337,0.06948384642601013,0.48833489418029785,0.4535929560661316,0.2605268955230713,0.28149375319480896,0.25113824009895325,0.26491329073905945
5,S2,ComHvy,local,local,0,local,local,0,0.5222488045692444,0.5366752743721008,0.014426469802856445,0.0016620894894003868,0.04823213815689087,0.5222488045692444,0.5366752743721008,0.245191752910614,0.22107566893100739,0.2325594574213028,0.2422490417957306
5,S2,BWHvy,local,local,0,local,local,0,0.4690104126930237,0.4717753529548645,0.0027649402618408203,0.0023499466478824615,0.05184584856033325,0.4690104126930237,0.4717753529548645,0.27843236923217773,0.30159035325050354,0.2525572180747986,0.22663429379463196
5,S3,LatCrit,local,local,0,local,BS1,1,0.48170989751815796,0.4472338557243347,-0.03447604179382324,0.0024241236969828606,0.06895206868648529,0.48170989751815796,0.4472338557243347,0.2686038017272949,0.28943800926208496,0.2496863156557083,0.2633281350135803
5,S3,ComHvy,local,local,0,local,local,0,0.4862350821495056,0.425401508808136,-0.06083357334136963,0.008947156369686127,0.12166714668273926,0.4862350821495056,0.425401508808136,0.26187965273857117,0.27131080627441406,0.2518852651119232,0.30328768491744995
5,S3,BWHvy,local,local,0,local,local,0,0.49429255723953247,0.46754592657089233,-0.026746630668640137,0.0028316592797636986,0.06376573443412781,0.49429255723953247,0.46754592657089233,0.22903519868850708,0.2609180808067322,0.27667224407196045,0.2715360224246979
5,S4,LatCrit,local,local,0,local,local,0,0.47560960054397583,0.5387468338012695,0.0631372332572937,0.009377162903547287,0.12627454102039337,0.47560960054397583,0.5387468338012695,0.2679818570613861,0.25244832038879395,0.25640857219696045,0.20880480110645294
5,S4,ComHvy,local,local,0,local,local,0,0.4829413890838623,0.4963131546974182,0.013371765613555908,0.015647485852241516,0.136369988322258,0.4829413890838623,0.4963131546974182,0.2373269647359848,0.2921402156352997,0.2797316312789917,0.2115466594696045
5,S4,BWHvy,local,local,0,local,local,0,0.4984777569770813,0.5268434286117554,0.028365671634674072,0.004053443670272827,0.07779049873352051,0.4984777569770813,0.5268434286117554,0.22628818452358246,0.23681777715682983,0.27523404359817505,0.236338809132576
5,S5,LatCrit,local,local,0,local,local,0,0.510716438293457,0.4083799719810486,-0.10233646631240845,0.028546234592795372,0.2099810689687729,0.510716438293457,0.4083799719810486,0.2627158463001251,0.3677063584327698,0.22656774520874023,0.22391365468502045
5,S5,ComHvy,local,local,0,local,local,0,0.5184172987937927,0.48695701360702515,-0.03146028518676758,0.002347191795706749,0.06292060017585754,0.5184172987937927,0.48695701360702515,0.23281484842300415,0.2380247563123703,0.24876783788204193,0.27501824498176575
5,S5,BWHvy,local,local,0,local,local,0,0.4830560088157654,0.48246848583221436,-0.0005875229835510254,0.00010103126987814903,0.01077982783317566,0.4830560088157654,0.48246848583221436,0.2560894191265106,0.26147934794425964,0.2608545422554016,0.256052166223526
5,S6,LatCrit,local,local,0,local,local,0,0.45778506994247437,0.4197147488594055,-0.03807032108306885,0.0031752195209264755,0.0761406421661377,0.45778506994247437,0.4197147488594055,0.2968394458293915,0.3094119429588318,0.24537548422813416,0.2708733081817627
5,S6,ComHvy,local,local,0,local,local,0,0.5007652044296265,0.5073607563972473,0.00659555196762085,0.0013738777488470078,0.041157156229019165,0.5007652044296265,0.5073607563972473,0.22991184890270233,0.20933325588703156,0.2693229615688324,0.28330597281455994
5,S6,BWHvy,local,local,0,local,local,0,0.5174198150634766,0.4773173928260803,-0.04010242223739624,0.0036277975887060165,0.08020490407943726,0.5174198150634766,0.4773173928260803,0.22879192233085632,0.25856268405914307,0.25378820300102234,0.2641199231147766
5,S7,LatCrit,local,local,0,local,local,0,0.5395054817199707,0.5887935757637024,0.04928809404373169,0.005458304658532143,0.09857621788978577,0.5395054817199707,0.5887935757637024,0.21817509829998016,0.18534578382968903,0.24231944978237152,0.22586064040660858
5,S7,ComHvy,local,local,0,local,local,0,0.47155582904815674,0.5620573163032532,0.09050148725509644,0.016483444720506668,0.18100298941135406,0.47155582904815674,0.5620573163032532,0.2555079758167267,0.21079328656196594,0.27293622493743896,0.22714941203594208
5,S7,BWHvy,local,local,0,local,local,0,0.49103718996047974,0.5493748188018799,0.058337628841400146,0.006839197129011154,0.11667525768280029,0.49103718996047974,0.5493748188018799,0.2874859571456909,0.25529003143310547,0.22147688269615173,0.19533517956733704
5,S8,LatCrit,local,local,0,local,BS1,1,0.532557487487793,0.5460445880889893,0.013487100601196289,0.03200545161962509,0.17709825932979584,0.532557487487793,0.5460445880889893,0.22388571500778198,0.2989477515220642,0.24355676770210266,0.15500764548778534
5,S8,ComHvy,local,local,0,local,local,0,0.5291533470153809,0.5438674688339233,0.01471412181854248,0.004165630787611008,0.07129168510437012,0.5291533470153809,0.5438674688339233,0.24247638881206512,0.2634081244468689,0.2283702790737152,0.19272445142269135
5,S8,BWHvy,local,local,0,local,local,0,0.4691696763038635,0.42330896854400635,-0.04586070775985718,0.004787318408489227,0.09172144532203674,0.4691696763038635,0.42330896854400635,0.23856648802757263,0.24659210443496704,0.29226380586624146,0.3300989270210266
6,S1,LatCrit,local,local,0,BS1,BS1,0,0.5550698041915894,0.48013728857040405,-0.0749325156211853,0.011329900473356247,0.14986500144004822,0.5550698041915894,0.48013728857040405,0.2239616960287094,0.266755074262619,0.22096849977970123,0.25310760736465454
6,S1,ComHvy,local,local,0,local,local,0,0.5091638565063477,0.5673916339874268,0.0582277774810791,0.007342074066400528,0.11645561456680298,0.5091638565063477,0.5673916339874268,0.23489831387996674,0.1973671317100525,0.2559378743171692,0.23524121940135956
6,S1,BWHvy,local,local,0,BS1,BS1,0,0.49111098051071167,0.4641181230545044,-0.026992857456207275,0.0060807205736637115,0.09793174266815186,0.49111098051071167,0.4641181230545044,0.2436486929655075,0.29261454939842224,0.2652403712272644,0.24326734244823456
6,S2,LatCrit,local,local,0,BS1,local,1,0.5131460428237915,0.5722695589065552,0.05912351608276367,0.013442207127809525,0.12774302065372467,0.5131460428237915,0.5722695589065552,0.2430357038974762,0.17916420102119446,0.2438182532787323,0.24856625497341156
6,S2,ComHvy,local,local,0,local,local,0,0.5120444893836975,0.4545840620994568,-0.05746042728424072,0.012951340526342392,0.14238367974758148,0.5120444893836975,0.4545840620994568,0.2553033232688904,0.24157190322875977,0.2326522022485733,0.30384403467178345
6,S2,BWHvy,local,local,0,local,local,0,0.46423619985580444,0.46037930250167847,-0.0038568973541259766,0.001203887164592743,0.03945288062095642,0.46423619985580444,0.46037930250167847,0.27622538805007935,0.2603558599948883,0.2595384120941162,0.2792648673057556
6,S3,LatCrit,local,local,0,local,local,0,0.4792311191558838,0.4348708391189575,-0.04436028003692627,0.00398985855281353,0.08872056007385254,0.4792311191558838,0.4348708391189575,0.26653486490249634,0.29116272926330566,0.2542339861392975,0.27396640181541443
6,S3,ComHvy,local,local,0,local,local,0,0.5108976364135742,0.5386054515838623,0.027707815170288086,0.0018700603395700455,0.055415645241737366,0.5108976364135742,0.5386054515838623,0.25197070837020874,0.2461453676223755,0.23713162541389465,0.21524913609027863
6,S3,BWHvy,local,local,0,local,local,0,0.5001654624938965,0.5043424367904663,0.004176974296569824,0.0020101405680179596,0.048572197556495667,0.5001654624938965,0.5043424367904663,0.22876621782779694,0.24887534976005554,0.2710683345794678,0.24678224325180054
6,S4,LatCrit,local,local,0,local,local,0,0.47123152017593384,0.510489821434021,0.03925830125808716,0.003199128434062004,0.0785166323184967,0.47123152017593384,0.510489821434021,0.26959121227264404,0.24445877969264984,0.2591772675514221,0.24505136907100677
6,S4,ComHvy,local,local,0,BS1,BS1,0,0.48682624101638794,0.515230655670166,0.028404414653778076,0.023647546768188477,0.17146702110767365,0.48682624101638794,0.515230655670166,0.23603975772857666,0.2933688759803772,0.2771340012550354,0.19140051305294037
6,S4,BWHvy,local,local,0,local,local,0,0.5138970613479614,0.5563328266143799,0.04243576526641846,0.0038078222423791885,0.08487148582935333,0.5138970613479614,0.5563328266143799,0.22144968807697296,0.2081221640110016,0.26465317606925964,0.23554497957229614
6,S5,LatCrit,local,local,0,local,local,0,0.5015569925308228,0.4187144637107849,-0.08284252882003784,0.015089541673660278,0.16568513214588165,0.5015569925308228,0.4187144637107849,0.26631003618240356,0.290567547082901,0.2321329265832901,0.2907180190086365
6,S5,ComHvy,local,local,0,local,local,0,0.5342971682548523,0.5441986322402954,0.009901463985443115,0.001013197936117649,0.035535022616386414,0.5342971682548523,0.5441986322402954,0.2080518752336502,0.1902843415737152,0.2576509714126587,0.265516996383667
6,S5,BWHvy,local,local,0,local,local,0,0.4880037307739258,0.523452877998352,0.03544914722442627,0.0040594786405563354,0.07341495156288147,0.4880037307739258,0.523452877998352,0.24897246062755585,0.2502307891845703,0.2630237936973572,0.22631631791591644
6,S6,LatCrit,local,local,0,local,local,0,0.45082229375839233,0.44162946939468384,-0.009192824363708496,0.011740729212760925,0.12273798882961273,0.45082229375839233,0.44162946939468384,0.29804009199142456,0.2458638995885849,0.2511376440525055,0.31250661611557007
6,S6,ComHvy,local,local,0,local,local,0,0.5088195204734802,0.5512561798095703,0.04243665933609009,0.006650799885392189,0.08724649250507355,0.5088195204734802,0.5512561798095703,0.2210201770067215,0.17739692330360413,0.2701603174209595,0.27134689688682556
6,S6,BWHvy,local,local,0,local,local,0,0.49732112884521484,0.4865475296974182,-0.01077359914779663,0.015127159655094147,0.13198070228099823,0.49732112884521484,0.4865475296974182,0.22137807309627533,0.16616132855415344,0.281300812959671,0.34729117155075073
6,S7,LatCrit,local,local,0,local,local,0,0.5447269082069397,0.5954420566558838,0.05071514844894409,0.01791713945567608,0.1384858340024948,0.5447269082069397,0.5954420566558838,0.2072000801563263,0.1379571408033371,0.248073011636734,0.26660075783729553
6,S7,ComHvy,local,local,0,local,local,0,0.46324044466018677,0.5323582887649536,0.06911784410476685,0.012577224522829056,0.13823559880256653,0.46324044466018677,0.5323582887649536,0.2621707022190094,0.20376825332641602,0.27458882331848145,0.26387351751327515
6,S7,BWHvy,local,local,0,local,local,0,0.49080324172973633,0.5268133878707886,0.036010146141052246,0.00266449898481369,0.07202032208442688,0.49080324172973633,0.5268133878707886,0.2908669412136078,0.2741170823574066,0.2183298021554947,0.19906948506832123
6,S8,LatCrit,local,local,0,local,local,0,0.5300648212432861,0.4948326349258423,-0.03523218631744385,0.012442328035831451,0.13768063485622406,0.5300648212432861,0.4948326349258423,0.23011229932308197,0.2989526093006134,0.2398228645324707,0.20621472597122192
6,S8,ComHvy,local,local,0,local,local,0,0.5350655317306519,0.5378228425979614,0.0027573108673095703,0.000847342424094677,0.030447140336036682,0.5350655317306519,0.5378228425979614,0.23656129837036133,0.22133775055408478,0.22837315499782562,0.24083943665027618
6,S8,BWHvy,local,local,0,local,local,0,0.4814668893814087,0.46272045373916626,-0.01874643564224243,0.002865551970899105,0.06638376414775848,0.4814668893814087,0.46272045373916626,0.24009038507938385,0.2732822597026825,0.27844274044036865,0.26399728655815125
7,S1,LatCrit,local,local,0,local,local,0,0.5486457347869873,0.46485257148742676,-0.08379316329956055,0.014225423336029053,0.1675863415002823,0.5486457347869873,0.46485257148742676,0.22471845149993896,0.2593606114387512,0.22663579881191254,0.275786817073822
7,S1,ComHvy,local,local,0,local,local,0,0.5008994340896606,0.546535074710846,0.0456356406211853,0.012546177953481674,0.12879908084869385,0.5008994340896606,0.546535074710846,0.24572879076004028,0.2644927203655243,0.2533717453479767,0.18897223472595215
7,S1,BWHvy,local,local,0,local,local,0,0.49118733406066895,0.4843546152114868,-0.006832718849182129,0.007513128221035004,0.09430688619613647,0.49118733406066895,0.4843546152114868,0.2475692331790924,0.29472267627716064,0.26124343276023865,0.22092270851135254
7,S2,LatCrit,local,local,0,BS2,local,1,0.510591983795166,0.5413415431976318,0.03074955940246582,0.0022079776972532272,0.06149910390377045,0.510591983795166,0.5413415431976318,0.24614453315734863,0.23882697522640228,0.24326348304748535,0.21983149647712708
7,S2,ComHvy,local,local,0,local,local,0,0.5224014520645142,0.5122159719467163,-0.010185480117797852,0.0005103768780827522,0.027310654520988464,0.5224014520645142,0.5122159719467163,0.2444368153810501,0.24096697568893433,0.23316173255443573,0.24681706726551056
7,S2,BWHvy,local,local,0,local,local,0,0.46142303943634033,0.4186512231826782,-0.04277181625366211,0.004462305456399918,0.08554361760616302,0.46142303943634033,0.4186512231826782,0.2889045178890228,0.29667752981185913,0.24967245757579803,0.28467124700546265
7,S3,LatCrit,local,local,0,local,local,0,0.4741501212120056,0.4019116759300232,-0.07223844528198242,0.01860044151544571,0.17576175928115845,0.4741501212120056,0.4019116759300232,0.2606377899646759,0.2449953556060791,0.2652120888233185,0.3530929684638977
7,S3,ComHvy,local,local,0,BS2,BS1,1,0.5028460025787354,0.4718276858329773,-0.031018316745758057,0.006277306005358696,0.10127627849578857,0.5028460025787354,0.4718276858329773,0.255763977766037,0.30640214681625366,0.24138997495174408,0.22177018225193024
7,S3,BWHvy,local,local,0,local,local,0,0.5020454525947571,0.5875371694564819,0.08549171686172485,0.015185154974460602,0.17098338901996613,0.5020454525947571,0.5875371694564819,0.2244747430086136,0.1934816986322403,0.27347978949546814,0.21898116171360016
7,S4,LatCrit,local,local,0,local,local,0,0.46777641773223877,0.4910814166069031,0.023304998874664307,0.003184143453836441,0.06773030757904053,0.46777641773223877,0.4910814166069031,0.2727184295654297,0.28327858448028564,0.25950518250465393,0.22564002871513367
7,S4,ComHvy,local,local,0,local,local,0,0.4901440143585205,0.50360107421875,0.013457059860229492,0.004116866737604141,0.0743977278470993,0.4901440143585205,0.50360107421875,0.2408750355243683,0.26461684703826904,0.2689809203147888,0.23178206384181976
7,S4,BWHvy,local,local,0,local,local,0,0.5095347762107849,0.5615304708480835,0.051995694637298584,0.005462596192955971,0.10399137437343597,0.5095347762107849,0.5615304708480835,0.22086815536022186,0.19881458580493927,0.26959705352783203,0.23965494334697723
7,S5,LatCrit,local,local,0,local,BS2,1,0.50249183177948,0.42892712354660034,-0.07356470823287964,0.01696086674928665,0.1564033329486847,0.50249183177948,0.42892712354660034,0.26899367570877075,0.26435673236846924,0.22851446270942688,0.3067161440849304
7,S5,ComHvy,local,local,0,local,local,0,0.5234287977218628,0.513408899307251,-0.010019898414611816,0.005847718566656113,0.08432386815547943,0.5234287977218628,0.513408899307251,0.2132018506526947,0.1810598522424698,0.2633693218231201,0.3055312931537628
7,S5,BWHvy,local,local,0,local,local,0,0.4934554100036621,0.5147295594215393,0.021274149417877197,0.0009893067181110382,0.042548298835754395,0.4934554100036621,0.5147295594215393,0.2432677298784256,0.23746350407600403,0.2632768750190735,0.24780695140361786
7,S6,LatCrit,local,local,0,local,local,0,0.4851973056793213,0.5593395233154297,0.0741422176361084,0.011119376868009567,0.1482844054698944,0.4851973056793213,0.5593395233154297,0.28534653782844543,0.24755048751831055,0.22945615649223328,0.19311001896858215
7,S6,ComHvy,local,local,0,local,local,0,0.5056754946708679,0.5406025648117065,0.03492707014083862,0.006318826228380203,0.09448181092739105,0.5056754946708679,0.5406025648117065,0.2322392463684082,0.2445530742406845,0.2620852589607239,0.21484434604644775
7,S6,BWHvy,local,local,0,local,local,0,0.4959561228752136,0.481198787689209,-0.014757335186004639,0.004772260785102844,0.08295148611068726,0.4959561228752136,0.481198787689209,0.23554694652557373,0.20882853865623474,0.26849693059921265,0.3099726736545563
7,S7,LatCrit,local,local,0,local,local,0,0.5477060079574585,0.5553305149078369,0.007624506950378418,0.006709737703204155,0.08188429474830627,0.5477060079574585,0.5553305149078369,0.21253754198551178,0.17159539461135864,0.23975645005702972,0.27307409048080444
7,S7,ComHvy,local,local,0,local,local,0,0.46684545278549194,0.5347272157669067,0.0678817629814148,0.027614831924438477,0.18463212251663208,0.46684545278549194,0.5347272157669067,0.2567431926727295,0.16442710161209106,0.27641138434410095,0.3008456528186798
7,S7,BWHvy,local,local,0,local,local,0,0.4883502721786499,0.5672705173492432,0.07892024517059326,0.014761112630367279,0.15784044563770294,0.4883502721786499,0.5672705173492432,0.29026511311531067,0.26517578959465027,0.22138461470603943,0.16755373775959015
7,S8,LatCrit,local,local,0,local,local,0,0.523828387260437,0.43309783935546875,-0.09073054790496826,0.027975864708423615,0.2120896875858307,0.523828387260437,0.43309783935546875,0.23429222404956818,0.3403370976448059,0.24187935888767242,0.22656509280204773
7,S8,ComHvy,local,local,0,local,local,0,0.5208309292793274,0.4946192502975464,-0.026211678981781006,0.002457873895764351,0.059792980551719666,0.5208309292793274,0.4946192502975464,0.24311023950576782,0.2394254505634308,0.2360588163137436,0.2659553289413452
7,S8,BWHvy,local,local,0,local,local,0,0.4812624454498291,0.5106296539306641,0.02936720848083496,0.001789487898349762,0.05873444676399231,0.4812624454498291,0.5106296539306641,0.23276816308498383,0.2234259396791458,0.28596940636634827,0.26594439148902893
8,S1,LatCrit,local,local,0,local,local,0,0.5498745441436768,0.4698936939239502,-0.07998085021972656,0.01703440397977829,0.1599617302417755,0.5498745441436768,0.4698936939239502,0.2283901572227478,0.2327951043844223,0.22173528373241425,0.2973112165927887
8,S1,ComHvy,local,local,0,local,local,0,0.5180333852767944,0.5503432750701904,0.032309889793395996,0.03896115720272064,0.20477722585201263,0.5180333852767944,0.5503432750701904,0.23061268031597137,0.3006914258003235,0.251353919506073,0.14896532893180847
8,S1,BWHvy,local,local,0,local,local,0,0.48520612716674805,0.5292160511016846,0.04400992393493652,0.006356135010719299,0.09114478528499603,0.48520612716674805,0.5292160511016846,0.2515389919281006,0.2531014680862427,0.26325491070747375,0.21768252551555634
8,S2,LatCrit,local,local,0,local,local,0,0.5163531303405762,0.5219222903251648,0.005569159984588623,0.022322244942188263,0.14730487763881683,0.5163531303405762,0.5219222903251648,0.2415568232536316,0.16790436208248138,0.24209007620811462,0.3101733326911926
8,S2,ComHvy,local,local,0,local,BS2,1,0.505445659160614,0.4087386727333069,-0.09670698642730713,0.01991693675518036,0.19341395795345306,0.505445659160614,0.4087386727333069,0.24482432007789612,0.27482733130455017,0.24973000586032867,0.31643396615982056
8,S2,BWHvy,local,local,0,local,local,0,0.45295190811157227,0.3929511308670044,-0.06000077724456787,0.00988248735666275,0.12000158429145813,0.45295190811157227,0.3929511308670044,0.2837987244129181,0.28621378540992737,0.26324936747550964,0.3208351135253906
8,S3,LatCrit,local,local,0,BS1,BS1,0,0.5074960589408875,0.4922104477882385,-0.015285611152648926,0.006046617403626442,0.0914805680513382,0.5074960589408875,0.4922104477882385,0.25348156690597534,0.29922184348106384,0.2390223890542984,0.20856770873069763
8,S3,ComHvy,local,local,0,local,local,0,0.5115668773651123,0.5641674995422363,0.05260062217712402,0.01981162279844284,0.15321724116802216,0.5115668773651123,0.5641674995422363,0.2546762228012085,0.27868422865867615,0.2337569296360016,0.1571483165025711
8,S3,BWHvy,local,local,0,local,local,0,0.500461757183075,0.5688836574554443,0.06842190027236938,0.012258943170309067,0.13684386014938354,0.500461757183075,0.5688836574554443,0.2263491451740265,0.21817763149738312,0.27318912744522095,0.21293868124485016
8,S4,LatCrit,local,local,0,local,local,0,0.4790647625923157,0.4611756205558777,-0.01788914203643799,0.0010306696640327573,0.038910865783691406,0.4790647625923157,0.4611756205558777,0.26407909393310547,0.28353452682495117,0.25685617327690125,0.25528988242149353
8,S4,ComHvy,local,local,0,local,local,0,0.487748920917511,0.5449744462966919,0.05722552537918091,0.007183905690908432,0.11445105075836182,0.487748920917511,0.5449744462966919,0.24783174693584442,0.2090490162372589,0.2644193470478058,0.2459765523672104
8,S4,BWHvy,local,local,0,local,local,0,0.506359338760376,0.4638739824295044,-0.04248535633087158,0.0036335494369268417,0.08497072756290436,0.506359338760376,0.4638739824295044,0.22588780522346497,0.2432405799627304,0.26775285601615906,0.2928854525089264
8,S5,LatCrit,local,local,0,local,local,0,0.49239784479141235,0.43518954515457153,-0.05720829963684082,0.03612887114286423,0.2432229369878769,0.49239784479141235,0.43518954515457153,0.2683320939540863,0.20392893254756927,0.23927006125450134,0.3608815371990204
8,S5,ComHvy,local,local,0,local,local,0,0.5367053747177124,0.5787900686264038,0.042084693908691406,0.004724949598312378,0.0841694176197052,0.5367053747177124,0.5787900686264038,0.2113836109638214,0.20681650936603546,0.2519110143184662,0.21439339220523834
8,S5,BWHvy,local,local,0,local,local,0,0.4988275170326233,0.5744019746780396,0.07557445764541626,0.011758629232645035,0.1511489599943161,0.4988275170326233,0.5744019746780396,0.23809325695037842,0.20832614600658417,0.2630792260169983,0.2172718346118927
8,S6,LatCrit,local,local,0,BS1,BS1,0,0.46986091136932373,0.4633311629295349,-0.006529748439788818,0.0019679125398397446,0.051358774304389954,0.46986091136932373,0.4633311629295349,0.28070366382598877,0.2615540325641632,0.2494354099035263,0.2751148045063019
8,S6,ComHvy,local,local,0,local,local,0,0.5028997659683228,0.5219651460647583,0.019065380096435547,0.0015134736895561218,0.04772031307220459,0.5028997659683228,0.5219651460647583,0.2247609794139862,0.22955575585365295,0.27233925461769104,0.24847909808158875
8,S6,BWHvy,local,local,0,local,local,0,0.4884721040725708,0.4810142517089844,-0.007457852363586426,0.005962599068880081,0.08536292612552643,0.4884721040725708,0.4810142517089844,0.24133232235908508,0.2061087042093277,0.2701955735683441,0.31287702918052673
8,S7,LatCrit,local,local,0,local,BS2,1,0.5550647974014282,0.5878688097000122,0.032804012298583984,0.03514658659696579,0.18030111491680145,0.5550647974014282,0.5878688097000122,0.20685264468193054,0.11670209467411041,0.23808255791664124,0.2954291105270386
8,S7,ComHvy,local,local,0,local,local,0,0.4737120270729065,0.4747377634048462,0.0010257363319396973,0.016055170446634293,0.1291477084159851,0.4737120270729065,0.4747377634048462,0.267413467168808,0.20283961296081543,0.2588745057582855,0.3224226236343384
8,S7,BWHvy,local,local,0,local,local,0,0.49947863817214966,0.5870904922485352,0.0876118540763855,0.016861695796251297,0.17522376775741577,0.49947863817214966,0.5870904922485352,0.28407347202301025,0.2488267719745636,0.21644790470600128,0.16408269107341766
8,S8,LatCrit,local,local,0,local,local,0,0.5249500274658203,0.40591341257095337,-0.11903661489486694,0.02947710081934929,0.2380731701850891,0.5249500274658203,0.40591341257095337,0.22816872596740723,0.30149874091148376,0.24688130617141724,0.29258784651756287
8,S8,ComHvy,local,local,0,local,local,0,0.5239081978797913,0.5240606665611267,0.00015246868133544922,0.012287303805351257,0.10754890739917755,0.5239081978797913,0.5240606665611267,0.24919022619724274,0.19541575014591217,0.226901575922966,0.28052353858947754
8,S8,BWHvy,local,local,0,BS1,BS1,0,0.46020185947418213,0.521465539932251,0.06126368045806885,0.01557900756597519,0.148222416639328,0.46020185947418213,0.521465539932251,0.2506076395511627,0.26345518231391907,0.28919050097465515,0.21507930755615234
9,S1,LatCrit,local,local,0,local,local,0,0.5578258037567139,0.4710052013397217,-0.08682060241699219,0.017241142690181732,0.17364126443862915,0.5578258037567139,0.4710052013397217,0.21590419113636017,0.23238343000411987,0.2262699455022812,0.29661136865615845
9,S1,ComHvy,local,local,0,local,local,0,0.49442607164382935,0.48997193574905396,-0.004454135894775391,0.020052768290042877,0.14522862434387207,0.49442607164382935,0.48997193574905396,0.2520700991153717,0.32468441128730774,0.25350379943847656,0.18534362316131592
9,S1,BWHvy,local,local,0,local,local,0,0.4958121180534363,0.5419235229492188,0.04611140489578247,0.005745396018028259,0.09222280979156494,0.4958121180534363,0.5419235229492188,0.23988454043865204,0.23548494279384613,0.2643033266067505,0.22259151935577393
9,S2,LatCrit,local,local,0,local,local,0,0.4939931631088257,0.4521147608757019,-0.04187840223312378,0.020824067294597626,0.18327116966247559,0.4939931631088257,0.4521147608757019,0.243750661611557,0.193993479013443,0.2622561752796173,0.3538917601108551
9,S2,ComHvy,local,local,0,local,local,0,0.5302103161811829,0.47505611181259155,-0.05515420436859131,0.006583896465599537,0.11030840873718262,0.5302103161811829,0.47505611181259155,0.24032548069953918,0.28056827187538147,0.22946420311927795,0.24437561631202698
9,S2,BWHvy,local,local,0,local,local,0,0.4647691249847412,0.4867297410964966,0.02196061611175537,0.004147091880440712,0.08005699515342712,0.4647691249847412,0.4867297410964966,0.2941475212574005,0.25411903858184814,0.24108335375785828,0.25915125012397766
9,S3,LatCrit,local,local,0,local,local,0,0.4680936932563782,0.37533944845199585,-0.09275424480438232,0.019684255123138428,0.18550850450992584,0.4680936932563782,0.37533944845199585,0.2860024869441986,0.3101149797439575,0.24590380489826202,0.31454557180404663
9,S3,ComHvy,local,local,0,local,local,0,0.49367618560791016,0.46601277589797974,-0.02766340970993042,0.00459936261177063,0.08597101271152496,0.49367618560791016,0.46601277589797974,0.25029096007347107,0.29327645897865295,0.2560328543186188,0.24071075022220612
9,S3,BWHvy,local,local,0,local,local,0,0.4982641339302063,0.5403013825416565,0.042037248611450195,0.005848076194524765,0.08931435644626617,0.4982641339302063,0.5403013825416565,0.23146690428256989,0.23408682644367218,0.270268976688385,0.22561179101467133
9,S4,LatCrit,local,local,0,local,local,0,0.4684932827949524,0.47202008962631226,0.0035268068313598633,4.420930054038763e-05,0.008255407214164734,0.4684932827949524,0.47202008962631226,0.28399577736854553,0.27986806631088257,0.24751093983650208,0.24811182916164398
9,S4,ComHvy,local,local,0,local,local,0,0.4826119542121887,0.5075793266296387,0.02496737241744995,0.00524776428937912,0.08892720937728882,0.4826119542121887,0.5075793266296387,0.22995565831661224,0.24945186078548431,0.28743240237236023,0.24296876788139343
9,S4,BWHvy,local,local,0,local,local,0,0.4975798726081848,0.498721182346344,0.0011413097381591797,0.0008265310898423195,0.029888644814491272,0.4975798726081848,0.498721182346344,0.24196374416351318,0.25576674938201904,0.260456383228302,0.24551205337047577
9,S5,LatCrit,local,local,0,local,BS2,1,0.5145312547683716,0.4627953767776489,-0.051735877990722656,0.02514681965112686,0.1997460126876831,0.5145312547683716,0.4627953767776489,0.2617585062980652,0.21362139284610748,0.22371019423007965,0.3235832154750824
9,S5,ComHvy,local,local,0,local,BS1,1,0.5219495296478271,0.42897671461105347,-0.09297281503677368,0.026730254292488098,0.2000606209039688,0.5219495296478271,0.42897671461105347,0.225982204079628,0.326012521982193,0.25206825137138367,0.24501076340675354
9,S5,BWHvy,local,local,0,local,local,0,0.49692654609680176,0.5604746341705322,0.06354808807373047,0.008141614496707916,0.12709619104862213,0.49692654609680176,0.5604746341705322,0.24733613431453705,0.21727041900157928,0.2557373046875,0.2222549170255661
9,S6,LatCrit,local,local,0,local,local,0,0.46001332998275757,0.45303553342819214,-0.00697779655456543,0.0002917698584496975,0.0222599059343338,0.46001332998275757,0.45303553342819214,0.29913195967674255,0.31026190519332886,0.24085471034049988,0.2367025464773178
9,S6,ComHvy,local,local,0,local,local,0,0.5051988363265991,0.509163498878479,0.003964662551879883,0.010954413563013077,0.10716347396373749,0.5051988363265991,0.509163498878479,0.2261485606431961,0.275765597820282,0.26865264773368835,0.21507087349891663
9,S6,BWHvy,local,local,0,local,local,0,0.49949079751968384,0.5494560599327087,0.0499652624130249,0.005960296839475632,0.099930539727211,0.49949079751968384,0.5494560599327087,0.23247574269771576,0.22308729588985443,0.2680334746837616,0.22745664417743683
9,S7,LatCrit,local,local,0,local,BS2,1,0.5447361469268799,0.5077172517776489,-0.03701889514923096,0.003441115841269493,0.07403786480426788,0.5447361469268799,0.5077172517776489,0.21601973474025726,0.2200365513563156,0.23924408853054047,0.27224624156951904
9,S7,ComHvy,local,local,0,local,local,0,0.4523812532424927,0.5185176134109497,0.06613636016845703,0.016974108293652534,0.1461769938468933,0.4523812532424927,0.5185176134109497,0.26406046748161316,0.19097194075584412,0.28355830907821655,0.2905104160308838
9,S7,BWHvy,local,local,0,local,local,0,0.48045241832733154,0.5288482904434204,0.04839587211608887,0.016972586512565613,0.14142762124538422,0.48045241832733154,0.5288482904434204,0.2907063961029053,0.3130243420600891,0.22884118556976318,0.15812738239765167
9,S8,LatCrit,local,local,0,local,local,0,0.5363435745239258,0.45671772956848145,-0.07962584495544434,0.013485539704561234,0.1592516452074051,0.5363435745239258,0.45671772956848145,0.21666230261325836,0.269546240568161,0.24699416756629944,0.27373602986335754
9,S8,ComHvy,local,local,0,local,local,0,0.5210800170898438,0.454673707485199,-0.06640630960464478,0.018771514296531677,0.1746136099100113,0.5210800170898438,0.454673707485199,0.24696601927280426,0.2260655015707016,0.23195399343967438,0.31926077604293823
9,S8,BWHvy,local,local,0,BS2,local,1,0.4857073426246643,0.5339995622634888,0.04829221963882446,0.013476423919200897,0.1390230506658554,0.4857073426246643,0.5339995622634888,0.23253905773162842,0.25375837087631226,0.2817535698413849,0.21224205195903778
10,S1,LatCrit,local,local,0,local,BS2,1,0.5414313077926636,0.42531639337539673,-0.11611491441726685,0.032449908554553986,0.2322298139333725,0.5414313077926636,0.42531639337539673,0.2209629863500595,0.2338230311870575,0.2376057207584381,0.3408605754375458
10,S1,ComHvy,local,local,0,local,local,0,0.5019634962081909,0.5081584453582764,0.006194949150085449,0.04209741950035095,0.19870711863040924,0.5019634962081909,0.5081584453582764,0.2543366551399231,0.34749528765678406,0.2436998337507248,0.14434629678726196
10,S1,BWHvy,local,local,0,local,local,0,0.4947115182876587,0.49022144079208374,-0.004490077495574951,0.0048349034041166306,0.07435911893844604,0.4947115182876587,0.49022144079208374,0.2554372549057007,0.2926168143749237,0.24985124170780182,0.21716175973415375
10,S2,LatCrit,local,local,0,local,local,0,0.4970289468765259,0.42856287956237793,-0.06846606731414795,0.027510426938533783,0.21959003806114197,0.4970289468765259,0.42856287956237793,0.24650521576404572,0.20517627894878387,0.2564658224582672,0.3662608563899994
10,S2,ComHvy,local,local,0,local,local,0,0.5151814222335815,0.4405995011329651,-0.07458192110061646,0.013579975813627243,0.14916381239891052,0.5151814222335815,0.4405995011329651,0.23084865510463715,0.2387896627187729,0.2539699375629425,0.32061082124710083
10,S2,BWHvy,local,local,0,local,local,0,0.46270930767059326,0.45095717906951904,-0.011752128601074219,0.00027938513085246086,0.023504257202148438,0.46270930767059326,0.45095717906951904,0.2854859232902527,0.29122868180274963,0.25180473923683167,0.25781410932540894
10,S3,LatCrit,local,BS2,1,local,BS2,1,0.46358752250671387,0.3432297706604004,-0.12035775184631348,0.03386761248111725,0.24906191229820251,0.46358752250671387,0.3390565514564514,0.2727530002593994,0.3177136778831482,0.2636595070362091,0.3432297706604004
10,S3,ComHvy,local,local,0,local,local,0,0.5003610849380493,0.47339022159576416,-0.026970863342285156,0.023591820150613785,0.18011371791362762,0.5003610849380493,0.47339022159576416,0.258339524269104,0.348396360874176,0.24129942059516907,0.17821340262889862
10,S3,BWHvy,local,local,0,local,local,0,0.5127024054527283,0.6250208616256714,0.11231845617294312,0.026113279163837433,0.22463688254356384,0.5127024054527283,0.6250208616256714,0.2182507961988449,0.16802825033664703,0.2690467834472656,0.20695090293884277
10,S4,LatCrit,local,local,0,local,local,0,0.462454617023468,0.4861481785774231,0.023693561553955078,0.007391775026917458,0.10237462818622589,0.462454617023468,0.4861481785774231,0.2746514081954956,0.22346408665180206,0.2628939747810364,0.29038771986961365
10,S4,ComHvy,local,local,0,local,local,0,0.4835513234138489,0.46953147649765015,-0.01401984691619873,0.0026350412517786026,0.06416521966457367,0.4835513234138489,0.46953147649765015,0.23294520378112793,0.21488241851329803,0.2835035026073456,0.3155860900878906
10,S4,BWHvy,local,local,0,local,local,0,0.4870092272758484,0.4648364186286926,-0.02217280864715576,0.004312627017498016,0.08185988664627075,0.4870092272758484,0.4648364186286926,0.24237722158432007,0.28330716490745544,0.27061352133750916,0.25185638666152954
10,S5,LatCrit,local,BS2,1,local,BS2,1,0.5039582252502441,0.432063490152359,-0.07189473509788513,0.08593794703483582,0.388672798871994,0.5039582252502441,0.40108972787857056,0.25831466913223267,0.16684676706790924,0.237727090716362,0.432063490152359
10,S5,ComHvy,local,local,0,local,local,0,0.5296434760093689,0.5144057273864746,-0.015237748622894287,0.006746202707290649,0.09369140863418579,0.5296434760093689,0.5144057273864746,0.22462721168994904,0.27147290110588074,0.24572934210300446,0.21412137150764465
10,S5,BWHvy,local,local,0,local,local,0,0.500106930732727,0.5317842364311218,0.031677305698394775,0.0031033996492624283,0.06335464119911194,0.500106930732727,0.5317842364311218,0.25095635652542114,0.25051072239875793,0.248936727643013,0.21770502626895905
10,S6,LatCrit,local,local,0,local,local,0,0.4630267024040222,0.47408223152160645,0.011055529117584229,0.0004673898220062256,0.024786293506622314,0.4630267024040222,0.47408223152160645,0.2990723252296448,0.3004099428653717,0.237900972366333,0.22550782561302185
10,S6,ComHvy,local,local,0,local,BS1,1,0.4840574264526367,0.4488254189491272,-0.03523200750350952,0.02615515887737274,0.1975916624069214,0.4840574264526367,0.4488254189491272,0.2359212189912796,0.3347170650959015,0.2800213396549225,0.2164575308561325
10,S6,BWHvy,local,local,0,local,local,0,0.49186044931411743,0.5435441732406616,0.05168372392654419,0.010626807808876038,0.12012243270874023,0.49186044931411743,0.5435441732406616,0.2402271330356598,0.24860462546348572,0.2679124176502228,0.20785120129585266
10,S7,LatCrit,local,local,0,local,local,0,0.5335142612457275,0.4564107060432434,-0.07710355520248413,0.01193714514374733,0.15420711040496826,0.5335142612457275,0.4564107060432434,0.22542604804039001,0.2649471163749695,0.24105969071388245,0.2786421775817871
10,S7,ComHvy,local,local,0,BS2,BS2,0,0.4623696804046631,0.45981305837631226,-0.00255662202835083,0.005917321890592575,0.0818091630935669,0.4623696804046631,0.45981305837631226,0.2553049623966217,0.2169570028781891,0.2823253571987152,0.32322993874549866
10,S7,BWHvy,local,local,0,local,local,0,0.47944217920303345,0.5267245173454285,0.04728233814239502,0.018076032400131226,0.14408332109451294,0.47944217920303345,0.5267245173454285,0.2969033718109131,0.32166269421577454,0.22365444898605347,0.151612788438797
10,S8,LatCrit,local,local,0,local,local,0,0.531409740447998,0.45597803592681885,-0.0754317045211792,0.018214568495750427,0.17290499806404114,0.531409740447998,0.45597803592681885,0.21338677406311035,0.2023659646511078,0.255203515291214,0.34165599942207336
10,S8,ComHvy,local,local,0,local,local,0,0.5284795761108398,0.508551836013794,-0.0199277400970459,0.027007997035980225,0.17944775521755219,0.5284795761108398,0.508551836013794,0.23736734688282013,0.16757121682167053,0.23415306210517883,0.3238769471645355
10,S8,BWHvy,local,local,0,local,local,0,0.49353164434432983,0.5446575880050659,0.051125943660736084,0.010190807282924652,0.11897861957550049,0.49353164434432983,0.5446575880050659,0.23210029304027557,0.24046365916728973,0.2743680775165558,0.21487876772880554
11,S1,LatCrit,local,local,0,BS1,BS1,0,0.556562602519989,0.48350173234939575,-0.07306087017059326,0.011183321475982666,0.14612174034118652,0.556562602519989,0.48350173234939575,0.21926045417785645,0.26755020022392273,0.22417692840099335,0.24894805252552032
11,S1,ComHvy,local,local,0,local,local,0,0.5090997815132141,0.5200029015541077,0.010903120040893555,0.014483325183391571,0.12608110904693604,0.5090997815132141,0.5200029015541077,0.2343885451555252,0.28652599453926086,0.2565116584300995,0.19347111880779266
11,S1,BWHvy,local,local,0,local,local,0,0.4860284924507141,0.4324277639389038,-0.0536007285118103,0.008076783269643784,0.107201486825943,0.4860284924507141,0.4324277639389038,0.2610521912574768,0.2616434693336487,0.2529193162918091,0.3059287965297699
11,S2,LatCrit,local,local,0,BS2,BS2,0,0.4946441054344177,0.42983442544937134,-0.06480967998504639,0.009168388321995735,0.12961933016777039,0.4946441054344177,0.42983442544937134,0.25057482719421387,0.29748713970184326,0.2547810673713684,0.272678405046463
11,S2,ComHvy,local,local,0,local,local,0,0.5182753801345825,0.5478618144989014,0.029586434364318848,0.0038465559482574463,0.07244910299777985,0.5182753801345825,0.5478618144989014,0.2341274619102478,0.24076557159423828,0.24759715795516968,0.21137259900569916
11,S2,BWHvy,local,local,0,local,local,0,0.46554553508758545,0.4229223132133484,-0.04262322187423706,0.0036935582756996155,0.08524645864963531,0.46554553508758545,0.4229223132133484,0.2932592034339905,0.3168596625328064,0.24119524657726288,0.2602180242538452
11,S3,LatCrit,local,local,0,local,local,0,0.4680097699165344,0.46487343311309814,-0.0031363368034362793,0.00014577992260456085,0.014616012573242188,0.4680097699165344,0.46487343311309814,0.27981576323509216,0.27564412355422974,0.252174437046051,0.2594824731349945
11,S3,ComHvy,local,local,0,local,local,0,0.48231279850006104,0.44175004959106445,-0.04056274890899658,0.011940564960241318,0.14206993579864502,0.48231279850006104,0.44175004959106445,0.26321396231651306,0.33424893021583557,0.2544732391834259,0.22400102019309998
11,S3,BWHvy,local,local,0,local,local,0,0.4957379698753357,0.5810095071792603,0.08527153730392456,0.025707026943564415,0.17054316401481628,0.4957379698753357,0.5810095071792603,0.21601469814777374,0.1375470906496048,0.28824737668037415,0.28144335746765137
11,S4,LatCrit,local,local,0,local,local,0,0.47089070081710815,0.4914202094078064,0.020529508590698242,0.001366792363114655,0.044343188405036926,0.47089070081710815,0.4914202094078064,0.2801799178123474,0.25800833106040955,0.24892939627170563,0.25057148933410645
11,S4,ComHvy,local,local,0,local,local,0,0.46908140182495117,0.4182819724082947,-0.050799429416656494,0.0099405562505126,0.12326715886592865,0.46908140182495117,0.4182819724082947,0.24038363993167877,0.3020172417163849,0.29053494334220886,0.2797008156776428
11,S4,BWHvy,local,local,0,BS1,local,1,0.49351614713668823,0.48942774534225464,-0.004088401794433594,0.0020939167588949203,0.049979642033576965,0.49351614713668823,0.48942774534225464,0.23018142580986023,0.20927999913692474,0.27630242705345154,0.3012922406196594
11,S5,LatCrit,local,local,0,local,local,0,0.5197641849517822,0.446577787399292,-0.07318639755249023,0.01991640031337738,0.1752399355173111,0.5197641849517822,0.446577787399292,0.2589811086654663,0.2445475161075592,0.22125475108623505,0.3088746964931488
11,S5,ComHvy,local,local,0,local,local,0,0.5309809446334839,0.4554726481437683,-0.07550829648971558,0.012070868164300919,0.15101663768291473,0.5309809446334839,0.4554726481437683,0.22995859384536743,0.2528214752674103,0.2390604168176651,0.2917058765888214
11,S5,BWHvy,local,local,0,local,local,0,0.5024960041046143,0.43921762704849243,-0.06327837705612183,0.008763294667005539,0.12655672430992126,0.5024960041046143,0.43921762704849243,0.23757100105285645,0.2529969811439514,0.2599329948425293,0.30778536200523376
11,S6,LatCrit,local,local,0,local,local,0,0.4694995880126953,0.5116696357727051,0.042170047760009766,0.005416956264525652,0.08709704875946045,0.4694995880126953,0.5116696357727051,0.29097533226013184,0.247426837682724,0.23952504992485046,0.2409035563468933
11,S6,ComHvy,local,local,0,local,local,0,0.49089688062667847,0.4206603169441223,-0.07023656368255615,0.010101467370986938,0.1404731124639511,0.49089688062667847,0.4206603169441223,0.2471712976694107,0.275578111410141,0.261931836605072,0.3037615716457367
11,S6,BWHvy,local,local,0,local,local,0,0.49408167600631714,0.4136854410171509,-0.08039623498916626,0.013926791027188301,0.1607924997806549,0.49408167600631714,0.4136854410171509,0.24604246020317078,0.30156153440475464,0.2598758637905121,0.28475305438041687
11,S7,LatCrit,local,local,0,local,local,0,0.547965407371521,0.44311225414276123,-0.10485315322875977,0.02470206469297409,0.20970627665519714,0.547965407371521,0.44311225414276123,0.21663151681423187,0.2968185544013977,0.23540310561656952,0.26006919145584106
11,S7,ComHvy,local,local,0,local,local,0,0.460848867893219,0.44091302156448364,-0.01993584632873535,0.0016229860484600067,0.050981998443603516,0.460848867893219,0.44091302156448364,0.26595497131347656,0.26039978861808777,0.27319619059562683,0.2986871600151062
11,S7,BWHvy,local,local,0,local,local,0,0.47883057594299316,0.500273585319519,0.02144300937652588,0.023819252848625183,0.16194520890712738,0.47883057594299316,0.500273585319519,0.2813853919506073,0.3409149944782257,0.23978403210639954,0.15881143510341644
11,S8,LatCrit,local,local,0,local,local,0,0.529358983039856,0.5055618286132812,-0.023797154426574707,0.00678659975528717,0.10147365927696228,0.529358983039856,0.5055618286132812,0.20164786279201508,0.17470814287662506,0.26899319887161255,0.3197299838066101
11,S8,ComHvy,local,local,0,local,local,0,0.5281999111175537,0.5776938199996948,0.04949390888214111,0.005632675252854824,0.09898772835731506,0.5281999111175537,0.5776938199996948,0.24067677557468414,0.20429545640945435,0.23112328350543976,0.2180107831954956
11,S8,BWHvy,local,local,0,local,local,0,0.49286991357803345,0.47643178701400757,-0.01643812656402588,0.002709031105041504,0.06416666507720947,0.49286991357803345,0.47643178701400757,0.24338071048259735,0.2754640579223633,0.2637493908405304,0.24810419976711273
12,S1,LatCrit,local,local,0,local,local,0,0.5616981983184814,0.516573429107666,-0.04512476921081543,0.008346782997250557,0.11342768371105194,0.5616981983184814,0.516573429107666,0.22645625472068787,0.28317010402679443,0.21184556186199188,0.20025649666786194
12,S1,ComHvy,local,local,0,local,local,0,0.5019260048866272,0.5270137786865234,0.02508777379989624,0.008584704250097275,0.10675165057182312,0.5019260048866272,0.5270137786865234,0.2403775304555893,0.2686655819416046,0.2576964795589447,0.20432065427303314
12,S1,BWHvy,local,local,0,local,local,0,0.5007184743881226,0.4900338649749756,-0.010684609413146973,0.0003555843431968242,0.02204558253288269,0.5007184743881226,0.4900338649749756,0.24612542986869812,0.25714823603630066,0.25315606594085693,0.25281789898872375
12,S2,LatCrit,local,local,0,local,local,0,0.4988206624984741,0.43037551641464233,-0.06844514608383179,0.01616159826517105,0.1612147092819214,0.4988206624984741,0.43037551641464233,0.2494993656873703,0.2373371571302414,0.2516799569129944,0.3322873115539551
12,S2,ComHvy,local,local,0,local,local,0,0.5386645793914795,0.5233896970748901,-0.015274882316589355,0.002035379409790039,0.05478711426258087,0.5386645793914795,0.5233896970748901,0.2360031008720398,0.263396680355072,0.22533228993415833,0.21321363747119904
12,S2,BWHvy,local,local,0,local,local,0,0.4669690728187561,0.41265565156936646,-0.05431342124938965,0.006136905401945114,0.1086268424987793,0.4669690728187561,0.41265565156936646,0.2876930832862854,0.3108580410480499,0.24533787369728088,0.276486337184906
12,S3,LatCrit,local,local,0,local,local,0,0.4773823022842407,0.4481191039085388,-0.029263198375701904,0.0029111839830875397,0.06449426710605621,0.4773823022842407,0.4481191039085388,0.2785814702510834,0.27559754252433777,0.2440362423658371,0.2762833833694458
12,S3,ComHvy,local,local,0,local,local,0,0.47850680351257324,0.43962961435317993,-0.03887718915939331,0.005814937874674797,0.09656763076782227,0.47850680351257324,0.43962961435317993,0.26188844442367554,0.31017228960990906,0.25960472226142883,0.2501981258392334
12,S3,BWHvy,local,local,0,local,local,0,0.49601978063583374,0.5371546149253845,0.04113483428955078,0.004787064157426357,0.08226972818374634,0.49601978063583374,0.5371546149253845,0.22819110751152039,0.19253408908843994,0.27578914165496826,0.27031126618385315
12,S4,LatCrit,local,local,0,local,local,0,0.485038161277771,0.4813780188560486,-0.003660142421722412,0.0006316686049103737,0.028651520609855652,0.485038161277771,0.4813780188560486,0.2675081491470337,0.2568425238132477,0.24745367467403412,0.26177942752838135
12,S4,ComHvy,local,local,0,local,local,0,0.4866778254508972,0.45820754766464233,-0.028470277786254883,0.006717881187796593,0.10085885226726532,0.4866778254508972,0.45820754766464233,0.2223733514547348,0.27280277013778687,0.2909488379955292,0.2689896821975708
12,S4,BWHvy,local,local,0,local,local,0,0.5044234991073608,0.5481613874435425,0.04373788833618164,0.005976546555757523,0.08818699419498444,0.5044234991073608,0.5481613874435425,0.2333303987979889,0.23368600010871887,0.26224613189697266,0.21815262734889984
12,S5,LatCrit,local,local,0,local,local,0,0.5135618448257446,0.49048173427581787,-0.023080110549926758,0.01998750865459442,0.16225826740264893,0.5135618448257446,0.49048173427581787,0.2626352608203888,0.20458626747131348,0.2238028645515442,0.30493202805519104
12,S5,ComHvy,local,local,0,local,local,0,0.5396448373794556,0.4833652377128601,-0.05627959966659546,0.0068683139979839325,0.11255918443202972,0.5396448373794556,0.4833652377128601,0.22008942067623138,0.2346494048833847,0.24026577174663544,0.2819853723049164
12,S5,BWHvy,local,local,0,local,local,0,0.4954169988632202,0.45137476921081543,-0.044042229652404785,0.004666554741561413,0.08808448910713196,0.4954169988632202,0.45137476921081543,0.24562525749206543,0.2821919322013855,0.25895774364471436,0.26643332839012146
12,S6,LatCrit,local,local,0,local,local,0,0.46193671226501465,0.5022077560424805,0.04027104377746582,0.003435085527598858,0.08054213225841522,0.46193671226501465,0.5022077560424805,0.3074629306793213,0.27791160345077515,0.23060035705566406,0.2198805958032608
12,S6,ComHvy,local,local,0,local,BS1,1,0.4982795715332031,0.4679304361343384,-0.030349135398864746,0.001885540783405304,0.06069821119308472,0.4982795715332031,0.4679304361343384,0.2319754958152771,0.2426854372024536,0.26974496245384216,0.2893840968608856
12,S6,BWHvy,local,local,0,local,local,0,0.5043784976005554,0.4201967120170593,-0.0841817855834961,0.015016354620456696,0.16836360096931458,0.5043784976005554,0.4201967120170593,0.2401581108570099,0.2959783971309662,0.2554633915424347,0.2838249206542969
12,S7,LatCrit,local,local,0,local,local,0,0.5514763593673706,0.4785970449447632,-0.07287931442260742,0.011075165122747421,0.14575867354869843,0.5514763593673706,0.4785970449447632,0.21321550011634827,0.23635601997375488,0.23530809581279755,0.28504693508148193
12,S7,ComHvy,local,local,0,local,local,0,0.46376633644104004,0.43980252742767334,-0.0239638090133667,0.0011619552969932556,0.04792755842208862,0.46376633644104004,0.43980252742767334,0.27750909328460693,0.28951331973075867,0.2587246000766754,0.2706841230392456
12,S7,BWHvy,local,local,0,local,local,0,0.5018395185470581,0.5546318888664246,0.052792370319366455,0.007979750633239746,0.10558471083641052,0.5018395185470581,0.5546318888664246,0.25661996006965637,0.2077154815196991,0.24154052138328552,0.23765265941619873
12,S8,LatCrit,local,local,0,local,local,0,0.524556577205658,0.46709775924682617,-0.05745881795883179,0.0066261813044548035,0.11491763591766357,0.524556577205658,0.46709775924682617,0.2241889089345932,0.24929480254650116,0.25125452876091003,0.28360745310783386
12,S8,ComHvy,local,local,0,local,local,0,0.5221915245056152,0.49841028451919556,-0.023781239986419678,0.0031341761350631714,0.07051059603691101,0.5221915245056152,0.49841028451919556,0.24968422949314117,0.2849395275115967,0.22812426090240479,0.21665020287036896
12,S8,BWHvy,local,local,0,local,local,0,0.4824329614639282,0.5161049365997314,0.03367197513580322,0.00376148521900177,0.0719776302576065,0.4824329614639282,0.5161049365997314,0.24683049321174622,0.24914735555648804,0.27073654532432556,0.2347477525472641
13,S1,LatCrit,local,local,0,local,local,0,0.5631924867630005,0.5021036863327026,-0.06108880043029785,0.024199895560741425,0.1969318836927414,0.5631924867630005,0.5021036863327026,0.21404650807380676,0.1766693890094757,0.22276096045970917,0.32122692465782166
13,S1,ComHvy,local,local,0,BS1,BS1,0,0.48537540435791016,0.49211788177490234,0.0067424774169921875,0.060300447046756744,0.24257545173168182,0.48537540435791016,0.49211788177490234,0.24409811198711395,0.3586433529853821,0.2705264985561371,0.14923876523971558
13,S1,BWHvy,local,local,0,BS2,BS2,0,0.4948796033859253,0.44544196128845215,-0.049437642097473145,0.009440567344427109,0.12119075655937195,0.4948796033859253,0.44544196128845215,0.24059277772903442,0.3011881411075592,0.26452764868736267,0.25336989760398865
13,S2,LatCrit,local,local,0,local,local,0,0.4970693588256836,0.5279816389083862,0.030912280082702637,0.00826183333992958,0.105727419257164,0.4970693588256836,0.5279816389083862,0.2533624768257141,0.2004987597465515,0.2495681494474411,0.27151957154273987
13,S2,ComHvy,local,local,0,local,local,0,0.5261070728302002,0.4559904932975769,-0.07011657953262329,0.009868955239653587,0.14023321866989136,0.5261070728302002,0.4559904932975769,0.24111007153987885,0.2784305810928345,0.23278282582759857,0.265578955411911
13,S2,BWHvy,local,local,0,local,local,0,0.47618383169174194,0.4849969148635864,0.008813083171844482,0.007931854575872421,0.09802451729774475,0.47618383169174194,0.4849969148635864,0.28056585788726807,0.23155361413955688,0.2432502806186676,0.2834494709968567
13,S3,LatCrit,local,local,0,local,local,0,0.4986749291419983,0.4646177291870117,-0.03405719995498657,0.0061531104147434235,0.10256025195121765,0.4986749291419983,0.4646177291870117,0.2764641046524048,0.3277442455291748,0.22486093640327454,0.20763802528381348
13,S3,ComHvy,local,local,0,local,BS1,1,0.49531716108322144,0.47051429748535156,-0.024802863597869873,0.03004639595746994,0.19822213053703308,0.49531716108322144,0.47051429748535156,0.2600686252117157,0.35917970538139343,0.24461418390274048,0.170305997133255
13,S3,BWHvy,local,local,0,local,local,0,0.49564409255981445,0.5496540665626526,0.054009974002838135,0.02895566076040268,0.19184225797653198,0.49564409255981445,0.5496540665626526,0.23704883456230164,0.2789599895477295,0.2673070728778839,0.17138594388961792
13,S4,LatCrit,local,local,0,local,local,0,0.4743468761444092,0.5355533957481384,0.06120651960372925,0.007637692615389824,0.12241308391094208,0.4743468761444092,0.5355533957481384,0.26806554198265076,0.2316475659608841,0.25758761167526245,0.23279902338981628
13,S4,ComHvy,local,local,0,local,local,0,0.5083423852920532,0.5989576578140259,0.09061527252197266,0.038244277238845825,0.18677756190299988,0.5083423852920532,0.5989576578140259,0.2060876339673996,0.11269890516996384,0.2855699360370636,0.28834348917007446
13,S4,BWHvy,local,local,0,local,local,0,0.4885715842247009,0.397826611995697,-0.0907449722290039,0.01734735071659088,0.181489959359169,0.4885715842247009,0.397826611995697,0.2452055960893631,0.3019753396511078,0.2662228047847748,0.3001980483531952
13,S5,LatCrit,local,BS2,1,local,BS2,1,0.5096920728683472,0.4130821228027344,-0.09660995006561279,0.0828612893819809,0.37318146228790283,0.5096920728683472,0.3529796600341797,0.26381656527519226,0.23393824696540833,0.22649139165878296,0.4130821228027344
13,S5,ComHvy,local,local,0,local,local,0,0.5457577109336853,0.5535961985588074,0.00783848762512207,0.0005101794376969337,0.026522502303123474,0.5457577109336853,0.5535961985588074,0.21894457936286926,0.22436735033988953,0.23529769480228424,0.2220364511013031
13,S5,BWHvy,local,local,0,local,local,0,0.4953690767288208,0.5794944167137146,0.0841253399848938,0.029966413974761963,0.18811802566051483,0.4953690767288208,0.5794944167137146,0.2500356435775757,0.2599693238735199,0.2545952796936035,0.1605362743139267
13,S6,LatCrit,local,local,0,local,local,0,0.4570559859275818,0.5108922719955444,0.053836286067962646,0.006293458864092827,0.10767263174057007,0.4570559859275818,0.5108922719955444,0.30878469347953796,0.28843212127685547,0.23415935039520264,0.2006755769252777
13,S6,ComHvy,local,local,0,local,local,0,0.5010843276977539,0.5385882258415222,0.03750389814376831,0.004692927002906799,0.08144903182983398,0.5010843276977539,0.5385882258415222,0.22258220613002777,0.22580282390117645,0.2763334810733795,0.23560896515846252
13,S6,BWHvy,local,local,0,local,local,0,0.5184352397918701,0.5941805839538574,0.0757453441619873,0.011837910860776901,0.1514907330274582,0.5184352397918701,0.5941805839538574,0.22790750861167908,0.19667211174964905,0.2536572813987732,0.20914728939533234
13,S7,LatCrit,local,local,0,local,BS2,1,0.5590348243713379,0.5401016473770142,-0.01893317699432373,0.014131247997283936,0.1305270493030548,0.5590348243713379,0.5401016473770142,0.2090959995985031,0.16276560723781586,0.23186922073364258,0.2971327006816864
13,S7,ComHvy,local,local,0,local,local,0,0.45437878370285034,0.4176557660102844,-0.03672301769256592,0.017736412584781647,0.17133311927318573,0.45437878370285034,0.4176557660102844,0.273093044757843,0.22414948046207428,0.27252817153930664,0.3581947088241577
13,S7,BWHvy,local,local,0,local,local,0,0.4923129677772522,0.5774180889129639,0.08510512113571167,0.018533118069171906,0.17021028697490692,0.4923129677772522,0.5774180889129639,0.265644371509552,0.24701541662216187,0.2420426905155182,0.17556647956371307
13,S8,LatCrit,local,local,0,local,local,0,0.5311539173126221,0.43014925718307495,-0.10100466012954712,0.020706195384263992,0.20200935006141663,0.5311539173126221,0.43014925718307495,0.22682321071624756,0.2828286588191986,0.24202287197113037,0.28702211380004883
13,S8,ComHvy,local,local,0,local,BS2,1,0.5257427096366882,0.47827744483947754,-0.04746526479721069,0.02375638484954834,0.1918727606534958,0.5257427096366882,0.47827744483947754,0.2497870773077011,0.2013159841299057,0.22447021305561066,0.32040661573410034
13,S8,BWHvy,local,local,0,local,local,0,0.4649900197982788,0.4962904453277588,0.03130042552947998,0.0034853259567171335,0.06510189175605774,0.4649900197982788,0.4962904453277588,0.23608438670635223,0.20353345572948456,0.2989255487918854,0.30017608404159546
14,S1,LatCrit,local,local,0,local,local,0,0.5639224052429199,0.519932746887207,-0.04398965835571289,0.005548675544559956,0.08797930181026459,0.5639224052429199,0.519932746887207,0.22423042356967926,0.26769933104515076,0.21184714138507843,0.21236787736415863
14,S1,ComHvy,local,local,0,local,local,0,0.5018671751022339,0.5566565990447998,0.05478942394256592,0.006700552999973297,0.10957887768745422,0.5018671751022339,0.5566565990447998,0.23753739893436432,0.22279463708400726,0.260595440864563,0.22054874897003174
14,S1,BWHvy,local,local,0,local,local,0,0.49645358324050903,0.4191017150878906,-0.07735186815261841,0.020077146589756012,0.18031474947929382,0.49645358324050903,0.4191017150878906,0.25399550795555115,0.34415289759635925,0.249550923705101,0.2367454320192337
14,S2,LatCrit,local,local,0,local,local,0,0.5088663101196289,0.5155717134475708,0.0067054033279418945,0.005262654274702072,0.07686460018157959,0.5088663101196289,0.5155717134475708,0.2497674822807312,0.2113351970911026,0.2413661628961563,0.2730930745601654
14,S2,ComHvy,local,local,0,local,local,0,0.5225933790206909,0.49331170320510864,-0.029281675815582275,0.0018983464688062668,0.05856335163116455,0.5225933790206909,0.49331170320510864,0.23782485723495483,0.2594277560710907,0.23958177864551544,0.24726055562496185
14,S2,BWHvy,local,local,0,local,local,0,0.48354995250701904,0.5475391149520874,0.06398916244506836,0.015280906111001968,0.1416046917438507,0.48354995250701904,0.5475391149520874,0.2703303396701813,0.19952796399593353,0.24611972272396088,0.2529328763484955
14,S3,LatCrit,local,local,0,local,local,0,0.4796198010444641,0.41652625799179077,-0.06309354305267334,0.008356096222996712,0.12618710100650787,0.4796198010444641,0.41652625799179077,0.28127551078796387,0.3245644271373749,0.23910467326641083,0.25890931487083435
14,S3,ComHvy,local,local,0,BS1,BS1,0,0.49104219675064087,0.4589948058128357,-0.032047390937805176,0.0020691752433776855,0.06409481167793274,0.49104219675064087,0.4589948058128357,0.2545195519924164,0.2691216468811035,0.25443822145462036,0.2718835473060608
14,S3,BWHvy,local,local,0,local,BS1,1,0.4975901246070862,0.46758919954299927,-0.030000925064086914,0.005235783755779266,0.08919285237789154,0.4975901246070862,0.46758919954299927,0.22610990703105927,0.27070632576942444,0.27629998326301575,0.2617044746875763
14,S4,LatCrit,local,local,0,local,local,0,0.48450422286987305,0.5483431816101074,0.06383895874023438,0.01600184291601181,0.13683205842971802,0.48450422286987305,0.5483431816101074,0.27509915828704834,0.279676228761673,0.2403966188430786,0.1719805896282196
14,S4,ComHvy,local,local,0,local,local,0,0.4942566752433777,0.5241625905036926,0.02990591526031494,0.0060868896543979645,0.09566231071949005,0.4942566752433777,0.5241625905036926,0.22062984108924866,0.23855508863925934,0.28511345386505127,0.23728230595588684
14,S4,BWHvy,local,local,0,local,local,0,0.49480772018432617,0.5050201416015625,0.010212421417236328,0.0008133240044116974,0.03504683077335358,0.49480772018432617,0.5050201416015625,0.23709899187088013,0.24440999329090118,0.2680932879447937,0.2505698800086975
14,S5,LatCrit,local,local,0,BS1,BS1,0,0.5165882110595703,0.3882957696914673,-0.12829244136810303,0.03393814340233803,0.25658494234085083,0.5165882110595703,0.3882957696914673,0.26571279764175415,0.3459697365760803,0.21769897639751434,0.2657345235347748
14,S5,ComHvy,local,local,0,local,local,0,0.5347782969474792,0.45940178632736206,-0.07537651062011719,0.011640742421150208,0.15075305104255676,0.5347782969474792,0.45940178632736206,0.23300200700759888,0.2796505391597748,0.23221969604492188,0.26094770431518555
14,S5,BWHvy,local,local,0,local,local,0,0.5057245492935181,0.5708855986595154,0.06516104936599731,0.015218988060951233,0.13669347763061523,0.5057245492935181,0.5708855986595154,0.2413441240787506,0.24452978372573853,0.2529313862323761,0.1845846176147461
14,S6,LatCrit,local,local,0,BS2,BS2,0,0.4489361047744751,0.4573180079460144,0.008381903171539307,0.018073517829179764,0.14758381247520447,0.4489361047744751,0.4573180079460144,0.31192442774772644,0.2381325364112854,0.23913943767547607,0.3045494556427002
14,S6,ComHvy,local,local,0,local,local,0,0.500697135925293,0.49530696868896484,-0.005390167236328125,0.0018678531050682068,0.04838158190250397,0.500697135925293,0.49530696868896484,0.23523275554180145,0.216432124376297,0.2640701234340668,0.28826090693473816
14,S6,BWHvy,local,local,0,local,local,0,0.5021189451217651,0.4234845042228699,-0.07863444089889526,0.014151092618703842,0.15726889669895172,0.5021189451217651,0.4234845042228699,0.23674197494983673,0.25086510181427,0.26113903522491455,0.3256503641605377
14,S7,LatCrit,local,local,0,local,local,0,0.5519018173217773,0.5171207189559937,-0.03478109836578369,0.0036222711205482483,0.07094451785087585,0.5519018173217773,0.5171207189559937,0.2174583524465561,0.21676719188690186,0.23063980042934418,0.2661120593547821
14,S7,ComHvy,local,local,0,local,local,0,0.47632139921188354,0.5318616628646851,0.055540263652801514,0.009011183865368366,0.111080601811409,0.47632139921188354,0.5318616628646851,0.2713124454021454,0.21821101009845734,0.25236618518829346,0.24992728233337402
14,S7,BWHvy,local,local,0,local,local,0,0.4959864020347595,0.5414328575134277,0.04544645547866821,0.006293336860835552,0.09089288115501404,0.4959864020347595,0.5414328575134277,0.26634037494659424,0.22115564346313477,0.23767319321632385,0.2374114990234375
14,S8,LatCrit,local,local,0,local,local,0,0.5345696806907654,0.47898125648498535,-0.05558842420578003,0.01423574611544609,0.14827413856983185,0.5345696806907654,0.47898125648498535,0.2159646898508072,0.2901017367839813,0.24946562945842743,0.23091696202754974
14,S8,ComHvy,local,local,0,local,local,0,0.5344955921173096,0.5979385375976562,0.06344294548034668,0.008310001343488693,0.12688592076301575,0.5344955921173096,0.5979385375976562,0.23893386125564575,0.20952151715755463,0.22657054662704468,0.19253991544246674
14,S8,BWHvy,local,local,0,BS2,BS1,1,0.46699100732803345,0.4377545118331909,-0.02923649549484253,0.002884057816118002,0.06441263854503632,0.46699100732803345,0.4377545118331909,0.24983523786067963,0.2820415496826172,0.28317373991012573,0.2802039086818695
15,S1,LatCrit,local,local,0,local,local,0,0.5586187243461609,0.5796777606010437,0.021059036254882812,0.013960454612970352,0.12099139392375946,0.5586187243461609,0.5796777606010437,0.21608327329158783,0.1555875688791275,0.22529800236225128,0.2647346556186676
15,S1,ComHvy,local,local,0,local,local,0,0.4978793263435364,0.5310521125793457,0.033172786235809326,0.031803108751773834,0.19248905777931213,0.4978793263435364,0.5310521125793457,0.23979471623897552,0.30286645889282227,0.2623259723186493,0.16608144342899323
15,S1,BWHvy,local,local,0,local,local,0,0.502449631690979,0.5207928419113159,0.018343210220336914,0.012666799128055573,0.12254118919372559,0.502449631690979,0.5207928419113159,0.2470056712627411,0.28993305563926697,0.2505447268486023,0.1892741322517395
15,S2,LatCrit,local,local,0,local,local,0,0.5042704939842224,0.4850184917449951,-0.019252002239227295,0.0019697919487953186,0.05535416305065155,0.5042704939842224,0.4850184917449951,0.24931856989860535,0.24089346826076508,0.24641093611717224,0.2740879952907562
15,S2,ComHvy,local,local,0,BS1,BS1,0,0.5130618810653687,0.47244346141815186,-0.0406184196472168,0.004454907961189747,0.0812368243932724,0.5130618810653687,0.47244346141815186,0.2388945072889328,0.2769524157047272,0.24804362654685974,0.25060412287712097
15,S2,BWHvy,local,local,0,local,local,0,0.4860091209411621,0.48149269819259644,-0.004516422748565674,0.0011004330590367317,0.037902817130088806,0.4860091209411621,0.48149269819259644,0.27276331186294556,0.29171472787857056,0.24122758209705353,0.2267926037311554
15,S3,LatCrit,local,local,0,local,BS1,1,0.48749834299087524,0.41329318284988403,-0.07420516014099121,0.023024413734674454,0.20135922729969025,0.48749834299087524,0.41329318284988403,0.2685191333293915,0.3691987693309784,0.24398250877857208,0.21750807762145996
15,S3,ComHvy,local,local,0,local,local,0,0.5012156963348389,0.47940874099731445,-0.021806955337524414,0.0037601981312036514,0.07708866894245148,0.5012156963348389,0.47940874099731445,0.2521263659000397,0.2906707227230072,0.24665789306163788,0.22992053627967834
15,S3,BWHvy,local,local,0,local,local,0,0.4970012307167053,0.5796283483505249,0.08262711763381958,0.017426863312721252,0.16525423526763916,0.4970012307167053,0.5796283483505249,0.2303110659122467,0.2176169753074646,0.27268773317337036,0.20275470614433289
15,S4,LatCrit,local,local,0,local,local,0,0.47101521492004395,0.5021305680274963,0.031115353107452393,0.00229586660861969,0.062230706214904785,0.47101521492004395,0.5021305680274963,0.27601614594459534,0.2689252197742462,0.2529686391353607,0.22894421219825745
15,S4,ComHvy,local,local,0,local,local,0,0.4908406138420105,0.5020908117294312,0.011250197887420654,0.005280850455164909,0.07759632170200348,0.4908406138420105,0.5020908117294312,0.21791720390319824,0.17911900579929352,0.29124218225479126,0.31879010796546936
15,S4,BWHvy,local,local,0,local,local,0,0.49696141481399536,0.5246144533157349,0.027653038501739502,0.0016474314033985138,0.05530603229999542,0.49696141481399536,0.5246144533157349,0.22806957364082336,0.22062934935092926,0.2749690115451813,0.25475624203681946
15,S5,LatCrit,local,local,0,local,BS1,1,0.5160714387893677,0.36152970790863037,-0.1545417308807373,0.052541427314281464,0.30908337235450745,0.5160714387893677,0.36152970790863037,0.2652370035648346,0.31449756026268005,0.2186916172504425,0.3239727020263672
15,S5,ComHvy,local,local,0,local,local,0,0.5515948534011841,0.6250312328338623,0.07343637943267822,0.011552006006240845,0.14687280356884003,0.5515948534011841,0.6250312328338623,0.22473223507404327,0.19472895562648773,0.22367297112941742,0.18023982644081116
15,S5,BWHvy,local,local,0,local,local,0,0.5070892572402954,0.5926651954650879,0.08557593822479248,0.017343126237392426,0.17115186154842377,0.5070892572402954,0.5926651954650879,0.241578608751297,0.21981503069400787,0.25133216381073,0.18751981854438782
15,S6,LatCrit,local,local,0,BS2,BS2,0,0.4554558992385864,0.4821147322654724,0.026658833026885986,0.003029266372323036,0.06161904335021973,0.4554558992385864,0.4821147322654724,0.31291109323501587,0.31706178188323975,0.2316330075263977,0.20082348585128784
15,S6,ComHvy,local,local,0,local,local,0,0.4973143935203552,0.4854511022567749,-0.011863291263580322,0.015633411705493927,0.13737773895263672,0.4973143935203552,0.4854511022567749,0.24016259610652924,0.3088514506816864,0.26252302527427673,0.2056974321603775
15,S6,BWHvy,local,local,0,local,local,0,0.5104920864105225,0.5307721495628357,0.020280063152313232,0.007699020206928253,0.09982143342494965,0.5104920864105225,0.5307721495628357,0.2315489500761032,0.2611795961856842,0.2579589784145355,0.2080482542514801
15,S7,LatCrit,local,local,0,local,local,0,0.5479413270950317,0.5443593263626099,-0.003582000732421875,0.0004802299663424492,0.0239880234003067,0.5479413270950317,0.5443593263626099,0.22500428557395935,0.2369983196258545,0.22705435752868652,0.21864236891269684
15,S7,ComHvy,local,local,0,BS2,BS2,0,0.4641517400741577,0.4619525671005249,-0.0021991729736328125,0.0029001999646425247,0.05795770883560181,0.4641517400741577,0.4619525671005249,0.2777668833732605,0.2509872019290924,0.2580813765525818,0.2870602309703827
15,S7,BWHvy,local,local,0,local,local,0,0.4899139404296875,0.5834663510322571,0.09355241060256958,0.018524784594774246,0.18710480630397797,0.4899139404296875,0.5834663510322571,0.2677883207798004,0.23022888600826263,0.2422977238893509,0.18630476295948029
15,S8,LatCrit,local,local,0,local,BS2,1,0.5318001508712769,0.4222220182418823,-0.10957813262939453,0.02516801655292511,0.21915629506111145,0.5318001508712769,0.4222220182418823,0.22145089507102966,0.29140788316726685,0.24674895405769348,0.2863701283931732
15,S8,ComHvy,local,local,0,local,local,0,0.5287760496139526,0.44136977195739746,-0.08740627765655518,0.01670001447200775,0.17481252551078796,0.5287760496139526,0.44136977195739746,0.2405509650707245,0.2641146183013916,0.23067298531532288,0.29451557993888855
15,S8,BWHvy,local,local,0,BS2,local,1,0.47827303409576416,0.5166007280349731,0.038327693939208984,0.009194551967084408,0.10782827436923981,0.47827303409576416,0.5166007280349731,0.23507939279079437,0.18116527795791626,0.2866475582122803,0.302234023809433
16,S1,LatCrit,local,local,0,local,local,0,0.547465443611145,0.4181908369064331,-0.12927460670471191,0.043958231806755066,0.2585492432117462,0.547465443611145,0.4181908369064331,0.2275058478116989,0.2313631772994995,0.22502867877483368,0.3504459857940674
16,S1,ComHvy,local,local,0,local,local,0,0.5041910409927368,0.4112269878387451,-0.0929640531539917,0.0354464165866375,0.2455388456583023,0.5041910409927368,0.4112269878387451,0.23779453337192535,0.3605639338493347,0.258014440536499,0.22820904850959778
16,S1,BWHvy,local,local,0,local,local,0,0.5127139091491699,0.5808703899383545,0.06815648078918457,0.01020364835858345,0.13631285727024078,0.5127139091491699,0.5808703899383545,0.24366748332977295,0.22139905393123627,0.24361856281757355,0.19773061573505402
16,S2,LatCrit,local,local,0,local,local,0,0.5115086436271667,0.4469829201698303,-0.06452572345733643,0.026303254067897797,0.21187253296375275,0.5115086436271667,0.4469829201698303,0.2429506480693817,0.20154009759426117,0.24554070830345154,0.3514769673347473
16,S2,ComHvy,local,local,0,local,local,0,0.5262128114700317,0.431846022605896,-0.09436678886413574,0.018166329711675644,0.18873360753059387,0.5262128114700317,0.431846022605896,0.24116593599319458,0.2804777920246124,0.2326212227344513,0.2876761853694916
16,S2,BWHvy,local,local,0,local,local,0,0.4671591520309448,0.4591018557548523,-0.00805729627609253,0.0011028852313756943,0.04113300144672394,0.4671591520309448,0.4591018557548523,0.28738948702812195,0.3079559803009033,0.24545137584209442,0.23294216394424438
16,S3,LatCrit,local,local,0,local,BS1,1,0.4665052890777588,0.3553035855293274,-0.1112017035484314,0.026224713772535324,0.2224033921957016,0.4665052890777588,0.3553035855293274,0.2837684154510498,0.35179173946380615,0.2497263103723526,0.29290467500686646
16,S3,ComHvy,local,local,0,local,local,0,0.5088644027709961,0.5807563066482544,0.0718919038772583,0.018460094928741455,0.14400340616703033,0.5088644027709961,0.5807563066482544,0.2540338337421417,0.254143625497818,0.23710177838802338,0.1651000678539276
16,S3,BWHvy,local,local,0,local,local,0,0.49683088064193726,0.4845430850982666,-0.012287795543670654,0.01113203912973404,0.11791029572486877,0.49683088064193726,0.4845430850982666,0.23020264506340027,0.28915777802467346,0.27296650409698486,0.22629913687705994
16,S4,LatCrit,local,local,0,BS1,BS2,1,0.4787827730178833,0.472909152507782,-0.005873620510101318,0.008819770067930222,0.10164341330528259,0.4787827730178833,0.472909152507782,0.2601436972618103,0.21519562602043152,0.2610735297203064,0.3118952512741089
16,S4,ComHvy,local,local,0,local,local,0,0.49022185802459717,0.4962090849876404,0.005987226963043213,0.0004793880507349968,0.02670927345752716,0.49022185802459717,0.4962090849876404,0.22761356830596924,0.2349809855222702,0.2821645736694336,0.2688099443912506
16,S4,BWHvy,local,local,0,local,local,0,0.49777036905288696,0.5051051378250122,0.007334768772125244,0.005448516458272934,0.07985417544841766,0.49777036905288696,0.5051051378250122,0.23611003160476685,0.26870232820510864,0.2661195993423462,0.22619248926639557
16,S5,LatCrit,local,local,0,local,local,0,0.515741765499115,0.4922068119049072,-0.023534953594207764,0.03128015249967575,0.1980394572019577,0.515741765499115,0.4922068119049072,0.25570207834243774,0.18021729588508606,0.22855617105960846,0.3275758922100067
16,S5,ComHvy,local,local,0,local,local,0,0.5348838567733765,0.5573592185974121,0.022475361824035645,0.021422944962978363,0.15131717920303345,0.5348838567733765,0.5573592185974121,0.22979260981082916,0.28297585248947144,0.23532353341579437,0.15966495871543884
16,S5,BWHvy,local,local,0,local,local,0,0.49267101287841797,0.5179542303085327,0.025283217430114746,0.004262041300535202,0.07761691510677338,0.49267101287841797,0.5179542303085327,0.25178560614585876,0.2653108537197113,0.25554338097572327,0.21673493087291718
16,S6,LatCrit,local,local,0,local,local,0,0.45748597383499146,0.41335564851760864,-0.04413032531738281,0.007908588275313377,0.1183713972568512,0.45748597383499146,0.41335564851760864,0.30180811882019043,0.3609938323497772,0.24070587754249573,0.22565051913261414
16,S6,ComHvy,local,local,0,local,local,0,0.5038119554519653,0.5274950265884399,0.02368307113647461,0.006696790456771851,0.09650079905986786,0.5038119554519653,0.5274950265884399,0.22662471234798431,0.25119203329086304,0.26956331729888916,0.22131291031837463
16,S6,BWHvy,local,local,0,BS1,BS1,0,0.4973081350326538,0.5325442552566528,0.03523612022399902,0.0029451847076416016,0.07047222554683685,0.4973081350326538,0.5325442552566528,0.24539251625537872,0.23815809190273285,0.25729936361312866,0.2292976826429367
16,S7,LatCrit,local,local,0,local,local,0,0.5457499623298645,0.5236772894859314,-0.022072672843933105,0.0028907712548971176,0.06671382486820221,0.5457499623298645,0.5236772894859314,0.2143198400735855,0.2030356079339981,0.23993019759655,0.2732871174812317
16,S7,ComHvy,local,local,0,local,local,0,0.47371596097946167,0.4507807493209839,-0.022935211658477783,0.0049576908349990845,0.0908370167016983,0.47371596097946167,0.4507807493209839,0.28666043281555176,0.3320789635181427,0.23962357640266418,0.2171403020620346
16,S7,BWHvy,local,local,0,local,local,0,0.4989323019981384,0.5135912895202637,0.014658987522125244,0.009266853332519531,0.10243430733680725,0.4989323019981384,0.5135912895202637,0.27363061904907227,0.31018880009651184,0.2274370789527893,0.17621994018554688
16,S8,LatCrit,local,local,0,local,local,0,0.5288158655166626,0.4854857921600342,-0.04333007335662842,0.004938215482980013,0.08666011691093445,0.5288158655166626,0.4854857921600342,0.23213547468185425,0.2716897428035736,0.23904868960380554,0.2428244650363922
16,S8,ComHvy,local,local,0,local,local,0,0.5272338390350342,0.4971119165420532,-0.030121922492980957,0.048532821238040924,0.24388939142227173,0.5272338390350342,0.4971119165420532,0.24284031987190247,0.15101754665374756,0.22992581129074097,0.35187050700187683
16,S8,BWHvy,local,local,0,local,local,0,0.4765723943710327,0.5690947771072388,0.09252238273620605,0.025200314819812775,0.18504473567008972,0.4765723943710327,0.5690947771072388,0.24109232425689697,0.23595814406871796,0.2823352813720703,0.19494710862636566
17,S1,LatCrit,local,local,0,local,local,0,0.5731478333473206,0.5552577972412109,-0.01789003610610962,0.004063837230205536,0.0741230696439743,0.5731478333473206,0.5552577972412109,0.21692758798599243,0.2539891302585602,0.20992454886436462,0.1907530575990677
17,S1,ComHvy,local,local,0,local,local,0,0.4988148808479309,0.4540955424308777,-0.04471933841705322,0.02167592942714691,0.18798863887786865,0.4988148808479309,0.4540955424308777,0.23674768209457397,0.18747270107269287,0.2644374370574951,0.35843175649642944
17,S1,BWHvy,local,local,0,local,local,0,0.5044926404953003,0.4519476294517517,-0.052545011043548584,0.005799427628517151,0.10509008169174194,0.5044926404953003,0.4519476294517517,0.24921287596225739,0.28440016508102417,0.24629442393779755,0.2636522054672241
17,S2,LatCrit,local,local,0,local,local,0,0.5200643539428711,0.593441367149353,0.07337701320648193,0.011510569602251053,0.14675408601760864,0.5200643539428711,0.593441367149353,0.24207574129104614,0.21450935304164886,0.23785990476608276,0.19204922020435333
17,S2,ComHvy,local,local,0,local,local,0,0.5355846881866455,0.5636259317398071,0.02804124355316162,0.0020471177995204926,0.05608247220516205,0.5355846881866455,0.5636259317398071,0.24011726677417755,0.23526202142238617,0.22429804503917694,0.2011120617389679
17,S2,BWHvy,local,local,0,local,local,0,0.48454469442367554,0.5501849055290222,0.06564021110534668,0.015326689928770065,0.13128045201301575,0.48454469442367554,0.5501849055290222,0.2838922441005707,0.28312185406684875,0.23156306147575378,0.16669321060180664
17,S3,LatCrit,local,local,0,local,local,0,0.48467642068862915,0.4841616749763489,-0.0005147457122802734,0.0020361095666885376,0.045592665672302246,0.48467642068862915,0.4841616749763489,0.2914190888404846,0.31421542167663574,0.22390449047088623,0.20162290334701538
17,S3,ComHvy,local,local,0,local,local,0,0.507391095161438,0.5514191389083862,0.04402804374694824,0.017083074897527695,0.14475971460342407,0.507391095161438,0.5514191389083862,0.23955608904361725,0.1671762317419052,0.25305283069610596,0.28140464425086975
17,S3,BWHvy,local,local,0,local,local,0,0.4965779781341553,0.41741514205932617,-0.0791628360748291,0.012736879289150238,0.1583256870508194,0.4965779781341553,0.41741514205932617,0.22787965834140778,0.26656481623649597,0.27554234862327576,0.31602004170417786
17,S4,LatCrit,local,local,0,BS1,BS1,0,0.47694826126098633,0.4986651539802551,0.0217168927192688,0.000945177860558033,0.043433770537376404,0.47694826126098633,0.4986651539802551,0.27856090664863586,0.2676069736480713,0.2444908171892166,0.23372787237167358
17,S4,ComHvy,local,local,0,local,local,0,0.4887505769729614,0.5090404152870178,0.020289838314056396,0.011866495013237,0.125300794839859,0.4887505769729614,0.5090404152870178,0.21656763553619385,0.25892820954322815,0.2946817874908447,0.23203140497207642
17,S4,BWHvy,local,local,0,local,local,0,0.49000710248947144,0.49274492263793945,0.0027378201484680176,0.01339646801352501,0.11810171604156494,0.49000710248947144,0.49274492263793945,0.24555718898773193,0.3018702268600464,0.26443567872047424,0.20538482069969177
17,S5,LatCrit,local,local,0,local,local,0,0.5277366638183594,0.4866073727607727,-0.04112929105758667,0.003517785109579563,0.08225853741168976,0.5277366638183594,0.4866073727607727,0.2601518929004669,0.2888637185096741,0.2121114730834961,0.22452889382839203
17,S5,ComHvy,local,local,0,local,local,0,0.528581976890564,0.40918004512786865,-0.11940193176269531,0.03248228877782822,0.238803893327713,0.528581976890564,0.40918004512786865,0.23451724648475647,0.2576987147331238,0.23690074682235718,0.33312124013900757
17,S5,BWHvy,local,local,0,local,local,0,0.5132113695144653,0.5931095480918884,0.0798981785774231,0.013076473027467728,0.1597963273525238,0.5132113695144653,0.5931095480918884,0.2365420013666153,0.2008933573961258,0.2502465844154358,0.20599707961082458
17,S6,LatCrit,local,BS1,1,BS1,BS1,0,0.43759483098983765,0.3859837055206299,-0.051611125469207764,0.012367312796413898,0.1425071805715561,0.43759483098983765,0.366341233253479,0.3212415874004364,0.3859837055206299,0.24116358160972595,0.24767504632472992
17,S6,ComHvy,local,local,0,local,local,0,0.5014694929122925,0.5635672807693481,0.062097787857055664,0.025641106069087982,0.17064009606838226,0.5014694929122925,0.5635672807693481,0.2313186079263687,0.1459985375404358,0.2672119140625,0.2904341518878937
17,S6,BWHvy,local,BS2,1,local,BS2,1,0.49033409357070923,0.38773036003112793,-0.1026037335395813,0.03165328502655029,0.2276526540517807,0.49033409357070923,0.3866962790489197,0.2357618808746338,0.2255733460187912,0.27390405535697937,0.38773036003112793
17,S7,LatCrit,local,local,0,local,local,0,0.5605026483535767,0.5916147232055664,0.031112074851989746,0.004455823451280594,0.07225939631462097,0.5605026483535767,0.5916147232055664,0.20731352269649506,0.17118386924266815,0.2321837842464447,0.23720145225524902
17,S7,ComHvy,local,local,0,local,local,0,0.4627450704574585,0.5217273235321045,0.058982253074645996,0.007150135934352875,0.1179644912481308,0.4627450704574585,0.5217273235321045,0.2750539779663086,0.25115862488746643,0.2622009217739105,0.22711403667926788
17,S7,BWHvy,local,local,0,local,local,0,0.4828113913536072,0.46358227729797363,-0.019229114055633545,0.005481846630573273,0.09111741185188293,0.4828113913536072,0.46358227729797363,0.26613831520080566,0.23980870842933655,0.25105029344558716,0.29660898447036743
17,S8,LatCrit,local,local,0,local,local,0,0.5383894443511963,0.597132682800293,0.05874323844909668,0.029483407735824585,0.18659476935863495,0.5383894443511963,0.597132682800293,0.21548648178577423,0.2500406503677368,0.2461240589618683,0.1528266966342926
17,S8,ComHvy,local,local,0,local,local,0,0.5317947864532471,0.540349006652832,0.008554220199584961,0.00014777807518839836,0.017108425498008728,0.5317947864532471,0.540349006652832,0.24459247291088104,0.24049882590770721,0.22361275553703308,0.21915219724178314
17,S8,BWHvy,local,local,0,local,local,0,0.4848451614379883,0.45084846019744873,-0.03399670124053955,0.023239046335220337,0.187208890914917,0.4848451614379883,0.45084846019744873,0.2520321309566498,0.3456365466117859,0.2631227374076843,0.203514963388443
18,S1,LatCrit,local,local,0,local,local,0,0.5541479587554932,0.5452547073364258,-0.008893251419067383,0.001049969345331192,0.037674009799957275,0.5541479587554932,0.5452547073364258,0.2208450436592102,0.21090130507946014,0.22500699758529663,0.24384401738643646
18,S1,ComHvy,local,local,0,local,local,0,0.4971269965171814,0.4574701189994812,-0.039656877517700195,0.011978022754192352,0.1410946547985077,0.4971269965171814,0.4574701189994812,0.24453260004520416,0.2136421650648117,0.25834035873413086,0.3288877010345459
18,S1,BWHvy,local,local,0,local,local,0,0.4989175796508789,0.5692716240882874,0.07035404443740845,0.020333431661128998,0.1556847095489502,0.4989175796508789,0.5692716240882874,0.25439581274986267,0.2618841230869293,0.24668662250041962,0.16884426772594452
18,S2,LatCrit,local,local,0,local,local,0,0.502263069152832,0.5224998593330383,0.0202367901802063,0.003074520267546177,0.06463819742202759,0.502263069152832,0.5224998593330383,0.23907755315303802,0.20675845444202423,0.25865936279296875,0.27074167132377625
18,S2,ComHvy,local,local,0,local,local,0,0.5176317691802979,0.4433748126029968,-0.07425695657730103,0.022071965038776398,0.19225181639194489,0.5176317691802979,0.4433748126029968,0.23888801038265228,0.21701903641223907,0.24348025023937225,0.3396061360836029
18,S2,BWHvy,local,local,0,local,local,0,0.47226136922836304,0.5005893707275391,0.028328001499176025,0.028335772454738617,0.17536425590515137,0.47226136922836304,0.5005893707275391,0.2940382957458496,0.35339242219924927,0.23370030522346497,0.14601817727088928
18,S3,LatCrit,local,local,0,local,local,0,0.4633517265319824,0.35542863607406616,-0.10792309045791626,0.02503840997815132,0.21584618091583252,0.4633517265319824,0.35542863607406616,0.2729252576828003,0.34187495708465576,0.2637230157852173,0.3026964068412781
18,S3,ComHvy,local,local,0,local,local,0,0.49262017011642456,0.519200325012207,0.02658015489578247,0.0024292482994496822,0.057690128684043884,0.49262017011642456,0.519200325012207,0.26035362482070923,0.23150856792926788,0.2470262050628662,0.24929112195968628
18,S3,BWHvy,local,local,0,local,local,0,0.5026336908340454,0.4908105134963989,-0.011823177337646484,0.00048186921048909426,0.02538701891899109,0.5026336908340454,0.4908105134963989,0.22906512022018433,0.24175864458084106,0.2683011591434479,0.26743084192276
18,S4,LatCrit,local,local,0,local,local,0,0.48320287466049194,0.4733463525772095,-0.00985652208328247,0.00019476981833577156,0.019713014364242554,0.48320287466049194,0.4733463525772095,0.2702166438102722,0.27534377574920654,0.24658048152923584,0.2513098418712616
18,S4,ComHvy,local,local,0,local,local,0,0.47915834188461304,0.4334374666213989,-0.04572087526321411,0.03140738606452942,0.2225775122642517,0.47915834188461304,0.4334374666213989,0.2356441169977188,0.34693285822868347,0.28519752621650696,0.21962963044643402
18,S4,BWHvy,local,local,0,local,local,0,0.4965667128562927,0.5743401050567627,0.07777339220046997,0.032352447509765625,0.20290397107601166,0.4965667128562927,0.5743401050567627,0.23290616273880005,0.2565847635269165,0.2705271244049072,0.169075146317482
18,S5,LatCrit,local,local,0,local,BS1,1,0.5030843615531921,0.4547688961029053,-0.048315465450286865,0.007462512701749802,0.10333923995494843,0.5030843615531921,0.4547688961029053,0.2617010772228241,0.25834691524505615,0.23521457612514496,0.2868841886520386
18,S5,ComHvy,local,local,0,local,local,0,0.5298644304275513,0.5742933750152588,0.04442894458770752,0.020069405436515808,0.15517279505729675,0.5298644304275513,0.5742933750152588,0.23002631962299347,0.2631837725639343,0.24010922014713287,0.1625228226184845
18,S5,BWHvy,local,local,0,local,local,0,0.5042110681533813,0.5187433958053589,0.014532327651977539,0.0014345571398735046,0.044914618134498596,0.5042110681533813,0.5187433958053589,0.24279993772506714,0.22034259140491486,0.2529890239238739,0.2609139680862427
18,S6,LatCrit,local,local,0,local,local,0,0.4746968150138855,0.4204859137535095,-0.05421090126037598,0.015727471560239792,0.1693846583366394,0.4746968150138855,0.4204859137535095,0.299363374710083,0.3840557038784027,0.2259397804737091,0.19545835256576538
18,S6,ComHvy,local,local,0,local,local,0,0.5058305859565735,0.5600215196609497,0.05419093370437622,0.006337717175483704,0.10838188230991364,0.5058305859565735,0.5600215196609497,0.22990202903747559,0.21373888850212097,0.2642673850059509,0.22623957693576813
18,S6,BWHvy,local,local,0,local,local,0,0.5086178779602051,0.48956143856048584,-0.01905643939971924,0.0007321210578083992,0.03811286389827728,0.5086178779602051,0.48956143856048584,0.23778115212917328,0.24577298760414124,0.2536010146141052,0.2646656036376953
18,S7,LatCrit,local,local,0,local,local,0,0.5420510172843933,0.5798978805541992,0.03784686326980591,0.0030651353299617767,0.0756937712430954,0.5420510172843933,0.5798978805541992,0.22610563039779663,0.21273183822631836,0.23184336721897125,0.20737025141716003
18,S7,ComHvy,local,local,0,local,local,0,0.4651951193809509,0.5432525873184204,0.07805746793746948,0.02033890038728714,0.15611490607261658,0.4651951193809509,0.5432525873184204,0.27186569571495056,0.271604061126709,0.2629391849040985,0.185143381357193
18,S7,BWHvy,local,local,0,local,local,0,0.4907769560813904,0.5117825269699097,0.021005570888519287,0.001358482986688614,0.04201124608516693,0.4907769560813904,0.5117825269699097,0.28878575563430786,0.28728383779525757,0.22043731808662415,0.2009335607290268
18,S8,LatCrit,local,local,0,local,local,0,0.5357627272605896,0.5543704032897949,0.018607676029205322,0.023689180612564087,0.1568164974451065,0.5357627272605896,0.5543704032897949,0.22510169446468353,0.28490227460861206,0.23913556337356567,0.16072732210159302
18,S8,ComHvy,local,local,0,local,local,0,0.5214691162109375,0.5144431591033936,-0.007025957107543945,0.0043889544904232025,0.07176436483860016,0.5214691162109375,0.5144431591033936,0.23580680787563324,0.20695056021213531,0.24272407591342926,0.27860623598098755
18,S8,BWHvy,local,local,0,local,local,0,0.485649049282074,0.5125451683998108,0.026896119117736816,0.0035614483058452606,0.07315124571323395,0.485649049282074,0.5125451683998108,0.23736099898815155,0.2470405101776123,0.2769899368286133,0.2404143214225769
19,S1,LatCrit,local,local,0,local,local,0,0.562149167060852,0.4992503523826599,-0.06289881467819214,0.01769389770925045,0.1688707321882248,0.562149167060852,0.4992503523826599,0.2255067229270935,0.3099420964717865,0.21234411001205444,0.19080756604671478
19,S1,ComHvy,local,local,0,local,local,0,0.5103662610054016,0.4358285069465637,-0.07453775405883789,0.011197410523891449,0.14907552301883698,0.5103662610054016,0.4358285069465637,0.22714738547801971,0.26259174942970276,0.26248636841773987,0.3015797734260559
19,S1,BWHvy,local,local,0,local,local,0,0.4958609938621521,0.46607518196105957,-0.02978581190109253,0.0018894914537668228,0.05957162380218506,0.4958609938621521,0.46607518196105957,0.2503367066383362,0.2595347762107849,0.2538022994995117,0.2743900418281555
19,S2,LatCrit,local,local,0,BS2,BS2,0,0.5080198049545288,0.49522966146469116,-0.012790143489837646,0.001361338421702385,0.04572388529777527,0.5080198049545288,0.49522966146469116,0.2406616508960724,0.2305898666381836,0.2513185143470764,0.27418047189712524
19,S2,ComHvy,local,local,0,local,local,0,0.5159024000167847,0.515864372253418,-3.802776336669922e-05,0.0015750769525766373,0.03905189037322998,0.5159024000167847,0.515864372253418,0.24512979388237,0.2256418913602829,0.23896782100200653,0.2584937810897827
19,S2,BWHvy,local,local,0,local,local,0,0.484951913356781,0.5190543532371521,0.034102439880371094,0.006211884319782257,0.08960050344467163,0.484951913356781,0.5190543532371521,0.2784130871295929,0.2891108989715576,0.2366350293159485,0.19183477759361267
19,S3,LatCrit,local,local,0,local,local,0,0.481700599193573,0.447689414024353,-0.03401118516921997,0.008468471467494965,0.11636140942573547,0.481700599193573,0.447689414024353,0.2787167727947235,0.25454726815223694,0.2395826280117035,0.2977633476257324
19,S3,ComHvy,local,local,0,local,local,0,0.5000298023223877,0.5327996015548706,0.03276979923248291,0.002663278952240944,0.06553959846496582,0.5000298023223877,0.5327996015548706,0.23726843297481537,0.21119172871112823,0.26270177960395813,0.25600868463516235
19,S3,BWHvy,local,local,0,local,local,0,0.4899432063102722,0.49081355333328247,0.0008703470230102539,0.01147422194480896,0.10881030559539795,0.4899432063102722,0.49081355333328247,0.22469788789749146,0.27823272347450256,0.28535887598991394,0.23095375299453735
19,S4,LatCrit,local,local,0,BS2,BS2,0,0.4574166536331177,0.48446357250213623,0.027046918869018555,0.008781800046563148,0.11070863902568817,0.4574166536331177,0.48446357250213623,0.26815515756607056,0.21280081570148468,0.27442818880081177,0.3027355670928955
19,S4,ComHvy,local,local,0,BS2,BS2,0,0.4927626848220825,0.525822639465332,0.03305995464324951,0.005136743187904358,0.08670344948768616,0.4927626848220825,0.525822639465332,0.23417605459690094,0.2444678246974945,0.27306124567985535,0.22970952093601227
19,S4,BWHvy,local,local,0,local,local,0,0.5101522207260132,0.4843612313270569,-0.0257909893989563,0.005797989666461945,0.09329426288604736,0.5101522207260132,0.4843612313270569,0.225016251206398,0.2716633677482605,0.26483154296875,0.24397538602352142
19,S5,LatCrit,local,local,0,local,BS1,1,0.49695438146591187,0.4371575117111206,-0.05979686975479126,0.007231336086988449,0.11959373950958252,0.49695438146591187,0.4371575117111206,0.2807506322860718,0.3166780471801758,0.22229501605033875,0.246164470911026
19,S5,ComHvy,local,local,0,local,local,0,0.5347762703895569,0.49697935581207275,-0.03779691457748413,0.003919711336493492,0.07559378445148468,0.5347762703895569,0.49697935581207275,0.23686040937900543,0.2730502188205719,0.22836333513259888,0.22997039556503296
19,S5,BWHvy,local,local,0,local,local,0,0.4938760995864868,0.534712016582489,0.0408359169960022,0.003406113013625145,0.08167186379432678,0.4938760995864868,0.534712016582489,0.24230317771434784,0.21906618773937225,0.26382073760032654,0.24622178077697754
19,S6,LatCrit,local,local,0,BS1,BS1,0,0.46662211418151855,0.4611981511116028,-0.0054239630699157715,0.015712574124336243,0.13105833530426025,0.46662211418151855,0.4611981511116028,0.3008923828601837,0.36642155051231384,0.23248548805713654,0.17238028347492218
19,S6,ComHvy,local,local,0,local,local,0,0.4928129315376282,0.49306970834732056,0.0002567768096923828,0.004776507616043091,0.06976485252380371,0.4928129315376282,0.49306970834732056,0.23914624750614166,0.27377191185951233,0.26804080605506897,0.2331583946943283
19,S6,BWHvy,local,local,0,local,local,0,0.5051087141036987,0.5140841007232666,0.008975386619567871,0.0001771517563611269,0.017950773239135742,0.5051087141036987,0.5140841007232666,0.22856095433235168,0.22247251868247986,0.2663303315639496,0.26344338059425354
19,S7,LatCrit,local,local,0,local,local,0,0.5496052503585815,0.5863086581230164,0.036703407764434814,0.010296650230884552,0.11282582581043243,0.5496052503585815,0.5863086581230164,0.2199418991804123,0.2396513819694519,0.23045288026332855,0.17403994500637054
19,S7,ComHvy,local,local,0,local,local,0,0.47775405645370483,0.5383135676383972,0.06055951118469238,0.007579827681183815,0.12111906707286835,0.47775405645370483,0.5383135676383972,0.26299092173576355,0.22565579414367676,0.259255051612854,0.23603062331676483
19,S7,BWHvy,local,local,0,local,local,0,0.48824846744537354,0.44516628980636597,-0.04308217763900757,0.004769381135702133,0.08616434037685394,0.48824846744537354,0.44516628980636597,0.2801974415779114,0.2862020432949066,0.2315540760755539,0.26863163709640503
19,S8,LatCrit,local,local,0,local,local,0,0.5262572765350342,0.5006810426712036,-0.025576233863830566,0.007994050160050392,0.10850861668586731,0.5262572765350342,0.5006810426712036,0.23185980319976807,0.2861140966415405,0.24188293516635895,0.21320484578609467
19,S8,ComHvy,local,local,0,local,local,0,0.5305444002151489,0.461753249168396,-0.06879115104675293,0.029987215995788574,0.22316879034042358,0.5305444002151489,0.461753249168396,0.24217860400676727,0.1993853598833084,0.2272769808769226,0.3388613760471344
19,S8,BWHvy,local,local,0,local,local,0,0.4840537905693054,0.5050100088119507,0.020956218242645264,0.014095336198806763,0.13398583233356476,0.4840537905693054,0.5050100088119507,0.23952648043632507,0.285563200712204,0.2764196991920471,0.20942680537700653
20,S1,LatCrit,local,local,0,local,local,0,0.561152458190918,0.5474644899368286,-0.013687968254089355,0.004923101514577866,0.07854187488555908,0.561152458190918,0.5474644899368286,0.2214241623878479,0.26069509983062744,0.21742340922355652,0.19184044003486633
20,S1,ComHvy,local,local,0,local,local,0,0.5154337286949158,0.5174334049224854,0.00199967622756958,0.012638114392757416,0.10895207524299622,0.5154337286949158,0.5174334049224854,0.223068505525589,0.16859248280525208,0.26149776577949524,0.31397414207458496
20,S1,BWHvy,local,local,0,local,BS2,1,0.4873036742210388,0.4272539019584656,-0.06004977226257324,0.007330641150474548,0.12009957432746887,0.4873036742210388,0.4272539019584656,0.24905875325202942,0.27506160736083984,0.2636375427246094,0.2976844906806946
20,S2,LatCrit,local,local,0,local,local,0,0.5172475576400757,0.5350109338760376,0.017763376235961914,0.001104265684261918,0.0381123423576355,0.5172475576400757,0.5350109338760376,0.23901556432247162,0.21995937824249268,0.24373693764209747,0.24502971768379211
20,S2,ComHvy,local,local,0,local,local,0,0.5101886987686157,0.5514824390411377,0.04129374027252197,0.004007305949926376,0.08258746564388275,0.5101886987686157,0.5514824390411377,0.25696662068367004,0.24614344537258148,0.23284466564655304,0.20237411558628082
20,S2,BWHvy,local,local,0,local,local,0,0.48878806829452515,0.45582878589630127,-0.03295928239822388,0.01076129823923111,0.1336006224155426,0.48878806829452515,0.45582878589630127,0.28575435280799866,0.35255467891693115,0.2254575788974762,0.19161656498908997
20,S3,LatCrit,local,local,0,local,local,0,0.493106484413147,0.5593523979187012,0.0662459135055542,0.00891740620136261,0.132491797208786,0.493106484413147,0.5593523979187012,0.2637605369091034,0.23326075077056885,0.24313293397426605,0.2073868364095688
20,S3,ComHvy,local,local,0,BS2,BS2,0,0.49728137254714966,0.4727736711502075,-0.02450770139694214,0.01005835086107254,0.12245351076126099,0.49728137254714966,0.4727736711502075,0.254237562417984,0.21751852333545685,0.24848105013370514,0.3097078204154968
20,S3,BWHvy,local,local,0,local,local,0,0.4796430468559265,0.40812504291534424,-0.07151800394058228,0.011819269508123398,0.14303603768348694,0.4796430468559265,0.40812504291534424,0.23638075590133667,0.29042765498161316,0.28397616744041443,0.3014473021030426
20,S4,LatCrit,local,local,0,local,local,0,0.4924444556236267,0.5224909782409668,0.030046522617340088,0.0046449340879917145,0.08079235255718231,0.4924444556236267,0.5224909782409668,0.2567591369152069,0.21636296808719635,0.2507964074611664,0.26114606857299805
20,S4,ComHvy,local,local,0,local,local,0,0.48359912633895874,0.5044964551925659,0.020897328853607178,0.035595327615737915,0.20331892371177673,0.48359912633895874,0.5044964551925659,0.2256336212158203,0.3063957691192627,0.29076725244522095,0.18910780549049377
20,S4,BWHvy,local,local,0,local,local,0,0.497413694858551,0.5340326428413391,0.036618947982788086,0.004382122308015823,0.0788605660200119,0.497413694858551,0.5340326428413391,0.22352273762226105,0.2263340950012207,0.27906355261802673,0.23963329195976257
20,S5,LatCrit,local,local,0,local,local,0,0.5166964530944824,0.5836036205291748,0.06690716743469238,0.009105991572141647,0.13381431996822357,0.5166964530944824,0.5836036205291748,0.2599949836730957,0.22508828341960907,0.22330856323242188,0.19130811095237732
20,S5,ComHvy,local,local,0,local,local,0,0.5482682585716248,0.515866756439209,-0.03240150213241577,0.01067102700471878,0.12650303542613983,0.5482682585716248,0.515866756439209,0.21716932952404022,0.18631932139396667,0.23456239700317383,0.29781392216682434
20,S5,BWHvy,local,local,0,local,local,0,0.5055114030838013,0.51555335521698,0.010041952133178711,0.00025374535471200943,0.02008400857448578,0.5055114030838013,0.51555335521698,0.23712626099586487,0.2358161360025406,0.25736239552497864,0.24863046407699585
20,S6,LatCrit,local,local,0,local,local,0,0.4691060781478882,0.45872265100479126,-0.010383427143096924,0.0002214836422353983,0.020766854286193848,0.4691060781478882,0.45872265100479126,0.2966507077217102,0.30357229709625244,0.2342432290315628,0.2377050668001175
20,S6,ComHvy,local,local,0,local,local,0,0.5132365226745605,0.5362461805343628,0.023009657859802246,0.010790221393108368,0.11249782145023346,0.5132365226745605,0.5362461805343628,0.22859260439872742,0.17234371602535248,0.25817087292671204,0.2914101481437683
20,S6,BWHvy,local,local,0,local,local,0,0.5147855281829834,0.44281673431396484,-0.07196879386901855,0.011943627148866653,0.14393757283687592,0.5147855281829834,0.44281673431396484,0.22897565364837646,0.24097420275211334,0.25623881816864014,0.3162090480327606
20,S7,LatCrit,local,local,0,local,local,0,0.5599312782287598,0.655588686466217,0.09565740823745728,0.0251060351729393,0.19131484627723694,0.5599312782287598,0.655588686466217,0.2097311019897461,0.13710497319698334,0.23033764958381653,0.20730634033679962
20,S7,ComHvy,local,local,0,BS2,BS2,0,0.47218430042266846,0.4619091749191284,-0.010275125503540039,0.0006992816925048828,0.03300485014915466,0.47218430042266846,0.4619091749191284,0.2737780511379242,0.2675507366657257,0.25403767824172974,0.2705400884151459
20,S7,BWHvy,local,local,0,local,local,0,0.49093109369277954,0.5061960220336914,0.015264928340911865,0.014734223484992981,0.13186009228229523,0.49093109369277954,0.5061960220336914,0.2652069628238678,0.19927692413330078,0.24386195838451385,0.2945270836353302
20,S8,LatCrit,local,local,0,local,local,0,0.52873694896698,0.5415624380111694,0.012825489044189453,0.001670902594923973,0.04787294566631317,0.52873694896698,0.5415624380111694,0.22674791514873505,0.23785890638828278,0.24451510608196259,0.2205786406993866
20,S8,ComHvy,local,local,0,local,local,0,0.5326923131942749,0.5146448612213135,-0.018047451972961426,0.0012011737562716007,0.041582003235816956,0.5326923131942749,0.5146448612213135,0.23406915366649628,0.25486016273498535,0.23323848843574524,0.23049494624137878
20,S8,BWHvy,local,local,0,local,local,0,0.47851473093032837,0.49874526262283325,0.020230531692504883,0.004569754004478455,0.0815131664276123,0.47851473093032837,0.49874526262283325,0.24529452621936798,0.26582059264183044,0.27619072794914246,0.2354341596364975
21,S1,LatCrit,local,local,0,local,local,0,0.5526543259620667,0.5332580804824829,-0.01939624547958374,0.0038507450371980667,0.07363227009773254,0.5526543259620667,0.5332580804824829,0.21713963150978088,0.25395575165748596,0.23020604252815247,0.21278613805770874
21,S1,ComHvy,local,local,0,local,BS2,1,0.49853968620300293,0.4394392967224121,-0.05910038948059082,0.018725983798503876,0.1801968365907669,0.49853968620300293,0.4394392967224121,0.2414805293083191,0.21048249304294586,0.259979784488678,0.35007819533348083
21,S1,BWHvy,local,local,0,local,local,0,0.48397988080978394,0.49066781997680664,0.006687939167022705,0.004710817709565163,0.0741715282201767,0.48397988080978394,0.49066781997680664,0.2508765757083893,0.21379081904888153,0.2651435434818268,0.295541375875473
21,S2,LatCrit,local,local,0,local,local,0,0.4801775813102722,0.491111695766449,0.010934114456176758,0.0011349786072969437,0.04103611409664154,0.4801775813102722,0.491111695766449,0.2543313205242157,0.2639152705669403,0.2654910981655121,0.2449730485677719
21,S2,ComHvy,local,local,0,local,local,0,0.5193909406661987,0.49862563610076904,-0.020765304565429688,0.002796744927763939,0.065773144364357,0.5193909406661987,0.49862563610076904,0.23872879147529602,0.2266075164079666,0.24188029766082764,0.27476686239242554
21,S2,BWHvy,local,local,0,local,local,0,0.48229342699050903,0.5315793752670288,0.049285948276519775,0.008328702300786972,0.09857183694839478,0.48229342699050903,0.5315793752670288,0.2957567572593689,0.2940300703048706,0.2219497710466385,0.17439056932926178
21,S3,LatCrit,local,local,0,local,local,0,0.4804064631462097,0.529762864112854,0.04935640096664429,0.01485707238316536,0.1410801261663437,0.4804064631462097,0.529762864112854,0.2616810202598572,0.19114096462726593,0.2579125165939331,0.27909618616104126
21,S3,ComHvy,local,local,0,local,local,0,0.48580819368362427,0.4817085862159729,-0.004099607467651367,0.006663959473371506,0.0866299718618393,0.48580819368362427,0.4817085862159729,0.2497723251581192,0.21055695414543152,0.26441946625709534,0.3077344596385956
21,S3,BWHvy,local,local,0,local,local,0,0.47917211055755615,0.42900270223617554,-0.050169408321380615,0.00718547310680151,0.10033877193927765,0.47917211055755615,0.42900270223617554,0.24515394866466522,0.2943301498889923,0.2756739854812622,0.27666714787483215
21,S4,LatCrit,local,local,0,local,local,0,0.47689175605773926,0.46849238872528076,-0.008399367332458496,0.009595483541488647,0.10862655937671661,0.47689175605773926,0.46849238872528076,0.26951247453689575,0.22359855473041534,0.253595769405365,0.3079090416431427
21,S4,ComHvy,local,local,0,local,BS1,1,0.4846324324607849,0.4886576533317566,0.00402522087097168,0.005221378058195114,0.07685934007167816,0.4846324324607849,0.4886576533317566,0.2371269017457962,0.271531343460083,0.2782406806945801,0.2398110032081604
21,S4,BWHvy,local,local,0,local,local,0,0.4947522282600403,0.4800211787223816,-0.014731049537658691,0.0005768407136201859,0.029462113976478577,0.4947522282600403,0.4800211787223816,0.23025131225585938,0.24312199652194977,0.27499642968177795,0.27685680985450745
21,S5,LatCrit,local,local,0,BS1,BS1,0,0.5133482217788696,0.5182535648345947,0.004905343055725098,0.0029599927365779877,0.05632545053958893,0.5133482217788696,0.5182535648345947,0.2673989236354828,0.29065626859664917,0.21925289928913116,0.19109013676643372
21,S5,ComHvy,local,local,0,local,local,0,0.5325018167495728,0.4555264711380005,-0.07697534561157227,0.014058135449886322,0.15395067632198334,0.5325018167495728,0.4555264711380005,0.22982348501682281,0.241496279835701,0.23767469823360443,0.30297723412513733
21,S5,BWHvy,local,local,0,local,local,0,0.5086948871612549,0.5486986637115479,0.04000377655029297,0.008455372415482998,0.10485871136188507,0.5086948871612549,0.5486986637115479,0.24202433228492737,0.18959493935108185,0.24928081035614014,0.2617063522338867
21,S6,LatCrit,local,local,0,local,local,0,0.4865971803665161,0.48094820976257324,-0.005648970603942871,0.0006287340074777603,0.030395209789276123,0.4865971803665161,0.48094820976257324,0.2877008318901062,0.30289843678474426,0.2257019579410553,0.2161533236503601
21,S6,ComHvy,local,local,0,BS2,BS2,0,0.4937947988510132,0.48823845386505127,-0.005556344985961914,0.0005376292392611504,0.027968019247055054,0.4937947988510132,0.48823845386505127,0.23950859904289246,0.23108094930648804,0.26669660210609436,0.2806806266307831
21,S6,BWHvy,local,local,0,local,BS1,1,0.5230435132980347,0.4669652581214905,-0.05607825517654419,0.007028009742498398,0.11215648055076599,0.5230435132980347,0.4669652581214905,0.23795294761657715,0.2806538939476013,0.23900356888771057,0.2523808479309082
21,S7,LatCrit,local,local,0,local,local,0,0.5472122430801392,0.5468494892120361,-0.00036275386810302734,0.00798797607421875,0.08443857729434967,0.5472122430801392,0.5468494892120361,0.23235495388507843,0.27457424998283386,0.22043277323246002,0.1785762459039688
21,S7,ComHvy,local,local,0,local,local,0,0.47487401962280273,0.5406101942062378,0.06573617458343506,0.009202154353260994,0.13147234916687012,0.47487401962280273,0.5406101942062378,0.24864667654037476,0.20714816451072693,0.2764793336391449,0.25224167108535767
21,S7,BWHvy,local,local,0,local,BS2,1,0.46558505296707153,0.3914647698402405,-0.07412028312683105,0.01733534038066864,0.15889433026313782,0.46558505296707153,0.3914647698402405,0.2904856503009796,0.28515878319740295,0.24392929673194885,0.32337647676467896
21,S8,LatCrit,local,local,0,local,local,0,0.5408084392547607,0.5537699460983276,0.012961506843566895,0.0026542898267507553,0.05878548324108124,0.5408084392547607,0.5537699460983276,0.21130652725696564,0.22773779928684235,0.24788498878479004,0.2184922844171524
21,S8,ComHvy,local,local,0,local,local,0,0.5093443393707275,0.40356534719467163,-0.10577899217605591,0.022818144410848618,0.2115580290555954,0.5093443393707275,0.40356534719467163,0.25506117939949036,0.31381914019584656,0.2355944663286209,0.2826155424118042
21,S8,BWHvy,local,local,0,local,BS1,1,0.47596365213394165,0.43027442693710327,-0.04568922519683838,0.01552676409482956,0.160430446267128,0.47596365213394165,0.43027442693710327,0.24398361146450043,0.324198842048645,0.28005272150039673,0.2455267310142517
22,S1,LatCrit,local,local,0,local,local,0,0.5488340854644775,0.5111002922058105,-0.03773379325866699,0.0030577639117836952,0.07546761631965637,0.5488340854644775,0.5111002922058105,0.2290327548980713,0.25551241636276245,0.22213318943977356,0.23338735103607178
22,S1,ComHvy,local,local,0,local,local,0,0.5084073543548584,0.5118623971939087,0.003455042839050293,0.008113306015729904,0.09042902290821075,0.5084073543548584,0.5118623971939087,0.23290327191352844,0.18768875300884247,0.25868937373161316,0.30044883489608765
22,S1,BWHvy,local,local,0,local,local,0,0.4896166920661926,0.5606384873390198,0.07102179527282715,0.011195831000804901,0.1420435607433319,0.4896166920661926,0.5606384873390198,0.24788399040699005,0.22741501033306122,0.26249930262565613,0.2119465172290802
22,S2,LatCrit,local,local,0,local,local,0,0.4918530583381653,0.4684191346168518,-0.023433923721313477,0.0011034263297915459,0.046867817640304565,0.4918530583381653,0.4684191346168518,0.2547699511051178,0.26568764448165894,0.2533769905567169,0.26589319109916687
22,S2,ComHvy,local,local,0,BS2,BS2,0,0.5168949365615845,0.5052434206008911,-0.01165151596069336,0.00559726357460022,0.08465683460235596,0.5168949365615845,0.5052434206008911,0.2442939728498459,0.21361705660820007,0.23881112039089203,0.2811395227909088
22,S2,BWHvy,local,local,0,local,local,0,0.47878432273864746,0.4732893109321594,-0.005495011806488037,8.319867629325017e-05,0.010990038514137268,0.47878432273864746,0.4732893109321594,0.2884722650051117,0.2939547598361969,0.23274341225624084,0.23275594413280487
22,S3,LatCrit,local,local,0,local,local,0,0.4805929660797119,0.49441659450531006,0.013823628425598145,0.001530471257865429,0.0472860187292099,0.4805929660797119,0.49441659450531006,0.2577354311943054,0.23409242928028107,0.26167160272598267,0.27149099111557007
22,S3,ComHvy,local,local,0,local,local,0,0.48514753580093384,0.45491325855255127,-0.03023427724838257,0.0018577370792627335,0.060468584299087524,0.48514753580093384,0.45491325855255127,0.2644754946231842,0.282419890165329,0.25037696957588196,0.26266688108444214
22,S3,BWHvy,local,local,0,local,BS1,1,0.4751291871070862,0.42094433307647705,-0.05418485403060913,0.006302693858742714,0.10836972296237946,0.4751291871070862,0.42094433307647705,0.2436266988515854,0.279153048992157,0.28124409914016724,0.29990261793136597
22,S4,LatCrit,local,local,0,local,local,0,0.48760151863098145,0.5108323097229004,0.023230791091918945,0.012613750994205475,0.123146653175354,0.48760151863098145,0.5108323097229004,0.27315554022789,0.31149810552597046,0.23924292623996735,0.17766962945461273
22,S4,ComHvy,local,local,0,local,BS1,1,0.4752364754676819,0.4574729800224304,-0.017763495445251465,0.017463061958551407,0.15289698541164398,0.4752364754676819,0.4574729800224304,0.2388300746679306,0.3152785897254944,0.2859334349632263,0.22724846005439758
22,S4,BWHvy,local,local,0,local,local,0,0.4995841383934021,0.541914701461792,0.04233056306838989,0.009035852737724781,0.10257326066493988,0.4995841383934021,0.541914701461792,0.2176501452922821,0.16636355221271515,0.2827656865119934,0.29172179102897644
22,S5,LatCrit,local,local,0,BS1,BS1,0,0.5189698934555054,0.5270187854766846,0.0080488920211792,0.005384385585784912,0.07605080306529999,0.5189698934555054,0.5270187854766846,0.2610950469970703,0.2910715639591217,0.21993505954742432,0.18190966546535492
22,S5,ComHvy,local,local,0,local,local,0,0.5312539935112,0.546980619430542,0.01572662591934204,0.0010870154947042465,0.0384557843208313,0.5312539935112,0.546980619430542,0.23384881019592285,0.23735006153583527,0.234897181391716,0.21566927433013916
22,S5,BWHvy,local,local,0,BS2,BS2,0,0.49953895807266235,0.5366536378860474,0.03711467981338501,0.005098655819892883,0.08242714405059814,0.49953895807266235,0.5366536378860474,0.2461579591035843,0.25025686621665955,0.25430306792259216,0.21308951079845428
22,S6,LatCrit,local,local,0,local,local,0,0.4668700098991394,0.4164433479309082,-0.0504266619682312,0.012504473328590393,0.14279884099960327,0.4668700098991394,0.4164433479309082,0.28900399804115295,0.2680312395095825,0.24412599205970764,0.3155254125595093
22,S6,ComHvy,local,local,0,local,local,0,0.5043681859970093,0.5342296361923218,0.0298614501953125,0.008084265515208244,0.1016494482755661,0.5043681859970093,0.5342296361923218,0.235374316573143,0.18454957008361816,0.2602575123310089,0.28122076392173767
22,S6,BWHvy,local,local,0,local,local,0,0.5166596174240112,0.4566023349761963,-0.06005728244781494,0.008856263011693954,0.12011454999446869,0.5166596174240112,0.4566023349761963,0.22794663906097412,0.2341611534357071,0.25539377331733704,0.3092365264892578
22,S7,LatCrit,local,local,0,local,local,0,0.5452840328216553,0.6024194359779358,0.05713540315628052,0.009628300555050373,0.11427086591720581,0.5452840328216553,0.6024194359779358,0.22259090840816498,0.17225560545921326,0.23212510347366333,0.22532494366168976
22,S7,ComHvy,local,local,0,local,local,0,0.47736823558807373,0.5338597893714905,0.05649155378341675,0.012367628514766693,0.1261114627122879,0.47736823558807373,0.5338597893714905,0.2594175636768341,0.19636182487010956,0.26321423053741455,0.26977840065956116
22,S7,BWHvy,local,local,0,local,local,0,0.47561609745025635,0.507341742515564,0.03172564506530762,0.01590975746512413,0.14728088676929474,0.47561609745025635,0.507341742515564,0.2836185693740845,0.2099781334400177,0.24076537787914276,0.2826801836490631
22,S8,LatCrit,local,local,0,local,local,0,0.5318597555160522,0.5310381650924683,-0.0008215904235839844,0.012381084263324738,0.10782673954963684,0.5318597555160522,0.5310381650924683,0.22404493391513824,0.27795833349227905,0.24409529566764832,0.19100354611873627
22,S8,ComHvy,local,local,0,local,local,0,0.5244927406311035,0.5367021560668945,0.012209415435791016,0.0026727039366960526,0.05798716843128204,0.5244927406311035,0.5367021560668945,0.2436782717704773,0.2604624330997467,0.2318289875984192,0.20283539593219757
22,S8,BWHvy,local,local,0,local,local,0,0.46805453300476074,0.4082431197166443,-0.059811413288116455,0.011154832318425179,0.12778598070144653,0.46805453300476074,0.4082431197166443,0.25219327211380005,0.3160862624645233,0.2797521650791168,0.27567058801651
23,S1,LatCrit,local,local,0,BS1,BS1,0,0.5487306118011475,0.4797724485397339,-0.06895816326141357,0.012849140912294388,0.13791635632514954,0.5487306118011475,0.4797724485397339,0.21944746375083923,0.22158721089363098,0.23182186484336853,0.29864031076431274
23,S1,ComHvy,local,local,0,local,BS2,1,0.49656665325164795,0.38132160902023315,-0.1152450442314148,0.028023213148117065,0.2304900735616684,0.49656665325164795,0.38132160902023315,0.23985527455806732,0.278888076543808,0.2635780870914459,0.33979031443595886
23,S1,BWHvy,local,local,0,local,local,0,0.4959772229194641,0.5537395477294922,0.057762324810028076,0.009722759947180748,0.11552467942237854,0.4959772229194641,0.5537395477294922,0.2418556809425354,0.18990525603294373,0.2621670961380005,0.2563551664352417
23,S2,LatCrit,local,local,0,local,local,0,0.48504239320755005,0.42256373167037964,-0.06247866153717041,0.008215060457587242,0.12495732307434082,0.48504239320755005,0.42256373167037964,0.25106605887413025,0.29136985540390015,0.2638915479183197,0.2860664129257202
23,S2,ComHvy,local,local,0,local,BS2,1,0.5096431970596313,0.43959349393844604,-0.0700497031211853,0.0157645121216774,0.1568031907081604,0.5096431970596313,0.43959349393844604,0.24337951838970184,0.23502764105796814,0.24697725474834442,0.3253788650035858
23,S2,BWHvy,local,local,0,local,local,0,0.47568047046661377,0.506716251373291,0.031035780906677246,0.006365085020661354,0.09837189316749573,0.47568047046661377,0.506716251373291,0.2891276478767395,0.23994170129299164,0.23519186675548553,0.25334203243255615
23,S3,LatCrit,local,local,0,local,local,0,0.46903133392333984,0.44654524326324463,-0.022486090660095215,0.03307437151670456,0.2093323916196823,0.46903133392333984,0.44654524326324463,0.2681395411491394,0.18595944344997406,0.26282909512519836,0.3674952983856201
23,S3,ComHvy,local,local,0,local,BS2,1,0.481159508228302,0.4495905637741089,-0.031568944454193115,0.002066061832010746,0.06313785910606384,0.481159508228302,0.4495905637741089,0.25333985686302185,0.27292516827583313,0.26550063490867615,0.2774842381477356
23,S3,BWHvy,local,local,0,local,local,0,0.47894394397735596,0.44131433963775635,-0.03762960433959961,0.025597553700208664,0.19813701510429382,0.47894394397735596,0.44131433963775635,0.2392701655626297,0.3383386731147766,0.28178590536117554,0.22034700214862823
23,S4,LatCrit,local,local,0,local,local,0,0.47457355260849,0.4666340947151184,-0.007939457893371582,0.00598299503326416,0.08705207705497742,0.47457355260849,0.4666340947151184,0.27437809109687805,0.23879152536392212,0.25104835629463196,0.29457440972328186
23,S4,ComHvy,local,local,0,local,local,0,0.47393906116485596,0.48267489671707153,0.008735835552215576,0.000457199290394783,0.02713128924369812,0.47393906116485596,0.48267489671707153,0.23743648827075958,0.24226631224155426,0.28862443566322327,0.2750588059425354
23,S4,BWHvy,local,local,0,local,BS1,1,0.5003035664558411,0.4591500163078308,-0.041153550148010254,0.0034620240330696106,0.08230707049369812,0.5003035664558411,0.4591500163078308,0.22462469339370728,0.23884111642837524,0.27507174015045166,0.30200883746147156
23,S5,LatCrit,local,local,0,local,local,0,0.5190631151199341,0.588962197303772,0.06989908218383789,0.01015719398856163,0.13979819416999817,0.5190631151199341,0.588962197303772,0.2622080445289612,0.23002319037914276,0.21872884035110474,0.18101458251476288
23,S5,ComHvy,local,local,0,local,local,0,0.5249876379966736,0.4747698903083801,-0.05021774768829346,0.00548606738448143,0.10043549537658691,0.5249876379966736,0.4747698903083801,0.24108587205410004,0.25529566407203674,0.23392648994922638,0.26993444561958313
23,S5,BWHvy,local,local,0,local,local,0,0.5047043561935425,0.5342564582824707,0.029552102088928223,0.002203341107815504,0.05910418927669525,0.5047043561935425,0.5342564582824707,0.238769993185997,0.21459388732910156,0.25652560591697693,0.25114962458610535
23,S6,LatCrit,local,local,0,local,local,0,0.4788254499435425,0.45145636796951294,-0.02736908197402954,0.0027691321447491646,0.06797370314598083,0.4788254499435425,0.45145636796951294,0.28805917501449585,0.3220460116863251,0.23311538994312286,0.2264976054430008
23,S6,ComHvy,local,local,0,local,local,0,0.4949626326560974,0.5152892470359802,0.020326614379882812,0.005879286676645279,0.0890481024980545,0.4949626326560974,0.5152892470359802,0.24769195914268494,0.27188941836357117,0.25734537839889526,0.2128213495016098
23,S6,BWHvy,local,local,0,local,local,0,0.5108511447906494,0.5481541752815247,0.037303030490875244,0.0040535032749176025,0.07460610568523407,0.5108511447906494,0.5481541752815247,0.23700514435768127,0.23511193692684174,0.2521437704563141,0.2167339026927948
23,S7,LatCrit,local,local,0,local,local,0,0.5392924547195435,0.5062634944915771,-0.03302896022796631,0.011442773044109344,0.13116411864757538,0.5392924547195435,0.5062634944915771,0.2320055365562439,0.2975875735282898,0.22870202362537384,0.19614890217781067
23,S7,ComHvy,local,local,0,local,local,0,0.4659925699234009,0.4992251396179199,0.03323256969451904,0.006212462671101093,0.09274829924106598,0.4659925699234009,0.4992251396179199,0.25641733407974243,0.21004317700862885,0.2775900959968567,0.29073166847229004
23,S7,BWHvy,local,local,0,local,local,0,0.46701228618621826,0.45603930950164795,-0.010972976684570312,0.00024246890097856522,0.02194596827030182,0.46701228618621826,0.45603930950164795,0.2941855192184448,0.30009695887565613,0.2388022243976593,0.2438637763261795
23,S8,LatCrit,local,local,0,local,local,0,0.5257986783981323,0.51389479637146,-0.011903882026672363,0.0004662750579882413,0.024350285530090332,0.5257986783981323,0.51389479637146,0.2169819176197052,0.22915706038475037,0.2572193741798401,0.2569481134414673
23,S8,ComHvy,local,local,0,local,local,0,0.5147067308425903,0.4308072328567505,-0.08389949798583984,0.025497108697891235,0.20461305975914001,0.5147067308425903,0.4308072328567505,0.2451787143945694,0.22677169740200043,0.24011453986167908,0.3424210846424103
23,S8,BWHvy,local,local,0,local,local,0,0.4910129904747009,0.4892757534980774,-0.0017372369766235352,0.0033077988773584366,0.0597812682390213,0.4910129904747009,0.4892757534980774,0.2407224476337433,0.27061307430267334,0.2682645916938782,0.24011118710041046
24,S1,LatCrit,local,local,0,local,local,0,0.5530851483345032,0.5203486084938049,-0.03273653984069824,0.00756368413567543,0.10643753409385681,0.5530851483345032,0.5203486084938049,0.22772212326526642,0.20723992586135864,0.21919269859790802,0.2724114954471588
24,S1,ComHvy,local,local,0,local,local,0,0.5117311477661133,0.4663987159729004,-0.04533243179321289,0.005867715924978256,0.09280863404273987,0.5117311477661133,0.4663987159729004,0.23014840483665466,0.2290765345096588,0.25812041759490967,0.3045247495174408
24,S1,BWHvy,local,local,0,local,local,0,0.4916952848434448,0.5453380346298218,0.05364274978637695,0.015091724693775177,0.14062760770320892,0.4916952848434448,0.5453380346298218,0.2512550354003906,0.26792609691619873,0.25704964995384216,0.1867358535528183
24,S2,LatCrit,local,local,0,local,local,0,0.5087416768074036,0.4973514676094055,-0.011390209197998047,0.001167728565633297,0.041957512497901917,0.5087416768074036,0.4973514676094055,0.2463558316230774,0.26733461022377014,0.24490249156951904,0.23531396687030792
24,S2,ComHvy,local,local,0,local,local,0,0.511314868927002,0.4722227454185486,-0.03909212350845337,0.01509173959493637,0.15500062704086304,0.511314868927002,0.4722227454185486,0.24183228611946106,0.2034241110086441,0.2468528002500534,0.3243531286716461
24,S2,BWHvy,local,local,0,BS1,BS1,0,0.46828997135162354,0.43101388216018677,-0.03727608919143677,0.0028159432113170624,0.07455217838287354,0.46828997135162354,0.43101388216018677,0.27981141209602356,0.29950955510139465,0.2518986165523529,0.2694765627384186
24,S3,LatCrit,local,local,0,local,BS1,1,0.48552578687667847,0.43846505880355835,-0.04706072807312012,0.005592029541730881,0.09412145614624023,0.48552578687667847,0.43846505880355835,0.26397499442100525,0.26957783102989197,0.2504992187023163,0.2919571101665497
24,S3,ComHvy,local,local,0,local,BS1,1,0.5008581280708313,0.4821396470069885,-0.018718481063842773,0.001569561194628477,0.049944788217544556,0.5008581280708313,0.4821396470069885,0.26000726222991943,0.2849796712398529,0.23913459479808807,0.23288069665431976
24,S3,BWHvy,local,local,0,local,local,0,0.4825126528739929,0.4327348470687866,-0.0497778058052063,0.005944759584963322,0.09955556690692902,0.4825126528739929,0.4327348470687866,0.2405826896429062,0.28076258301734924,0.2769046723842621,0.28650254011154175
24,S4,LatCrit,local,local,0,local,local,0,0.48366665840148926,0.48608505725860596,0.0024183988571166992,0.011670615524053574,0.1099504679441452,0.48366665840148926,0.48608505725860596,0.264404296875,0.3169611394405365,0.25192904472351074,0.19695381820201874
24,S4,ComHvy,local,local,0,local,local,0,0.48987269401550293,0.5073123574256897,0.017439663410186768,0.0057695358991622925,0.08831942081451416,0.48987269401550293,0.5073123574256897,0.24190513789653778,0.2686251997947693,0.2682221531867981,0.2240624576807022
24,S4,BWHvy,local,local,0,local,local,0,0.5024030208587646,0.5460398197174072,0.04363679885864258,0.003931833431124687,0.08727361261844635,0.5024030208587646,0.5460398197174072,0.2240505963563919,0.1997324824333191,0.27354636788368225,0.2542276680469513
24,S5,LatCrit,local,local,0,local,local,0,0.5083569884300232,0.49270176887512207,-0.015655219554901123,0.0011039371602237225,0.04199722409248352,0.5083569884300232,0.49270176887512207,0.26369965076446533,0.2846982479095459,0.22794336080551147,0.22259995341300964
24,S5,ComHvy,local,local,0,local,local,0,0.5347976684570312,0.5794682502746582,0.04467058181762695,0.004950420930981636,0.0893411934375763,0.5347976684570312,0.5794682502746582,0.22685793042182922,0.19209879636764526,0.23834441602230072,0.22843293845653534
24,S5,BWHvy,local,local,0,local,local,0,0.5025718808174133,0.5738246440887451,0.07125276327133179,0.0108138807117939,0.14250551164150238,0.5025718808174133,0.5738246440887451,0.2372211217880249,0.21321424841880798,0.26020699739456177,0.2129611223936081
24,S6,LatCrit,local,local,0,local,local,0,0.46844911575317383,0.40848618745803833,-0.0599629282951355,0.00794309750199318,0.11992588639259338,0.46844911575317383,0.40848618745803833,0.2894112765789032,0.3080853223800659,0.24213960766792297,0.28342851996421814
24,S6,ComHvy,local,local,0,local,local,0,0.5004241466522217,0.5358480215072632,0.035423874855041504,0.0025267302989959717,0.07084770500659943,0.5004241466522217,0.5358480215072632,0.23627746105194092,0.21801690757274628,0.2632983922958374,0.24613511562347412
24,S6,BWHvy,local,local,0,local,local,0,0.506196141242981,0.4604114294052124,-0.045784711837768555,0.007140379399061203,0.10717789828777313,0.506196141242981,0.4604114294052124,0.22985324263572693,0.22204898297786713,0.2639506161212921,0.3175395429134369
24,S7,LatCrit,local,local,0,local,local,0,0.5573796629905701,0.6224939227104187,0.06511425971984863,0.012549478560686111,0.13022857904434204,0.5573796629905701,0.6224939227104187,0.21072757244110107,0.1555492877960205,0.23189279437065125,0.2219567596912384
24,S7,ComHvy,local,local,0,local,local,0,0.4827955961227417,0.5267186164855957,0.043923020362854004,0.015624277293682098,0.14591608941555023,0.4827955961227417,0.5267186164855957,0.26871058344841003,0.19575254619121552,0.24849382042884827,0.27752885222435
24,S7,BWHvy,local,local,0,local,BS2,1,0.4865642189979553,0.5228091478347778,0.03624492883682251,0.031898029148578644,0.19856135547161102,0.4865642189979553,0.5228091478347778,0.27928102016448975,0.18000034987926483,0.23415476083755493,0.29719051718711853
24,S8,LatCrit,local,local,0,local,local,0,0.5294816493988037,0.5131697058677673,-0.016311943531036377,0.021442413330078125,0.15861131250858307,0.5294816493988037,0.5131697058677673,0.22694210708141327,0.306247740983963,0.2435762733221054,0.18058253824710846
24,S8,ComHvy,local,local,0,local,local,0,0.5212880373001099,0.5227283835411072,0.0014403462409973145,0.0006983540952205658,0.02716064453125,0.5212880373001099,0.5227283835411072,0.24348215758800507,0.22990182042121887,0.23522983491420746,0.24736979603767395
24,S8,BWHvy,local,local,0,BS2,BS2,0,0.46606266498565674,0.43303507566452026,-0.033027589321136475,0.008558619767427444,0.1186743676662445,0.46606266498565674,0.43303507566452026,0.2540470361709595,0.31338420510292053,0.27989035844802856,0.2535807490348816
25,S1,LatCrit,local,local,0,local,local,0,0.5394355058670044,0.4860338568687439,-0.0534016489982605,0.01468968391418457,0.1554163545370102,0.5394355058670044,0.4860338568687439,0.22131578624248505,0.19700926542282104,0.23924869298934937,0.31695687770843506
25,S1,ComHvy,local,local,0,local,local,0,0.4968814253807068,0.4551451802253723,-0.04173624515533447,0.003685031086206436,0.08347249031066895,0.4968814253807068,0.4551451802253723,0.23585259914398193,0.26282647252082825,0.2672659754753113,0.28202834725379944
25,S1,BWHvy,local,local,0,local,local,0,0.50119948387146,0.6252868175506592,0.12408733367919922,0.03308704122900963,0.2481747418642044,0.50119948387146,0.6252868175506592,0.24916301667690277,0.20056219398975372,0.24963755905628204,0.1741509735584259
25,S2,LatCrit,local,local,0,local,local,0,0.4970889091491699,0.47368842363357544,-0.023400485515594482,0.003864537924528122,0.07855753600597382,0.4970889091491699,0.47368842363357544,0.25027400255203247,0.23439572751522064,0.2526370584964752,0.2919158339500427
25,S2,ComHvy,local,local,0,local,BS2,1,0.5019730925559998,0.39913636445999146,-0.1028367280960083,0.024310342967510223,0.2056734710931778,0.5019730925559998,0.39913636445999146,0.23610274493694305,0.2536800801753998,0.261924147605896,0.34718355536460876
25,S2,BWHvy,local,local,0,local,local,0,0.47835975885391235,0.5194514989852905,0.041091740131378174,0.015459295362234116,0.14613893628120422,0.47835975885391235,0.5194514989852905,0.2746489346027374,0.20157945156097412,0.24699127674102783,0.2789689898490906
25,S3,LatCrit,local,local,0,local,BS2,1,0.48124468326568604,0.418307363986969,-0.06293731927871704,0.013009779155254364,0.1465810239315033,0.48124468326568604,0.418307363986969,0.24183064699172974,0.23147743940353394,0.27692466974258423,0.3502151668071747
25,S3,ComHvy,local,local,0,local,local,0,0.491635262966156,0.4937037229537964,0.002068459987640381,0.024744220077991486,0.1539212167263031,0.491635262966156,0.4937037229537964,0.2695046663284302,0.34439679980278015,0.2388601005077362,0.16189947724342346
25,S3,BWHvy,local,local,0,local,local,0,0.490947425365448,0.4995846748352051,0.00863724946975708,0.0007367134094238281,0.03338885307312012,0.490947425365448,0.4995846748352051,0.23249663412570953,0.2405538111925125,0.2765559256076813,0.2598614990711212
25,S4,LatCrit,local,local,0,local,BS2,1,0.46992242336273193,0.44188040494918823,-0.0280420184135437,0.006513163447380066,0.10285761952400208,0.46992242336273193,0.44188040494918823,0.2757124602794647,0.2523256838321686,0.25436508655548096,0.3057939112186432
25,S4,ComHvy,local,local,0,local,local,0,0.47163575887680054,0.510138988494873,0.03850322961807251,0.0029759369790554047,0.07700648903846741,0.47163575887680054,0.510138988494873,0.24678151309490204,0.2273045927286148,0.2815827429294586,0.26255640387535095
25,S4,BWHvy,local,local,0,local,local,0,0.4968037009239197,0.501840353012085,0.005036652088165283,0.003411177545785904,0.060826316475868225,0.4968037009239197,0.501840353012085,0.22075112164020538,0.19033795595169067,0.28244519233703613,0.30782169103622437
25,S5,LatCrit,local,local,0,local,local,0,0.5169370770454407,0.5282500982284546,0.011313021183013916,0.01871788129210472,0.14099906384944916,0.5169370770454407,0.5282500982284546,0.25474244356155396,0.18424290418624878,0.22832049429416656,0.28750699758529663
25,S5,ComHvy,local,local,0,local,local,0,0.523701012134552,0.5184720754623413,-0.005228936672210693,0.015089191496372223,0.1246597170829773,0.523701012134552,0.5184720754623413,0.23223285377025604,0.2945627272129059,0.24406611919403076,0.186965212225914
25,S5,BWHvy,local,local,0,local,local,0,0.4980717897415161,0.5341824293136597,0.036110639572143555,0.0029701143503189087,0.07222127914428711,0.4980717897415161,0.5341824293136597,0.2520531713962555,0.22514614462852478,0.2498750239610672,0.24067141115665436
25,S6,LatCrit,local,local,0,local,local,0,0.4628770351409912,0.4466686248779297,-0.016208410263061523,0.00211248267441988,0.05963563919067383,0.4628770351409912,0.4466686248779297,0.2908719778060913,0.32068976759910583,0.24625100195407867,0.2326415628194809
25,S6,ComHvy,local,local,0,local,local,0,0.5008143186569214,0.4918038845062256,-0.0090104341506958,0.009428992867469788,0.1059952825307846,0.5008143186569214,0.4918038845062256,0.22962723672389984,0.28262487053871155,0.26955845952033997,0.22557124495506287
25,S6,BWHvy,local,local,0,local,local,0,0.5094213485717773,0.5902756452560425,0.08085429668426514,0.02291124314069748,0.16617150604724884,0.5094213485717773,0.5902756452560425,0.23143482208251953,0.2336663007736206,0.25914379954338074,0.1760580688714981
25,S7,LatCrit,local,local,0,local,local,0,0.5289946794509888,0.509422779083252,-0.019571900367736816,0.00121370330452919,0.041205137968063354,0.5289946794509888,0.509422779083252,0.23204970359802246,0.2310190498828888,0.23895558714866638,0.25955817103385925
25,S7,ComHvy,local,local,0,local,local,0,0.4719035029411316,0.5372666120529175,0.06536310911178589,0.009087461978197098,0.13072621822357178,0.4719035029411316,0.5372666120529175,0.25631338357925415,0.23491980135440826,0.27178308367729187,0.22781355679035187
25,S7,BWHvy,local,local,0,local,local,0,0.4773542284965515,0.5257114171981812,0.04835718870162964,0.014151278883218765,0.12652193009853363,0.4773542284965515,0.5257114171981812,0.30530551075935364,0.3202092945575714,0.21734026074409485,0.15407930314540863
25,S8,LatCrit,local,local,0,local,local,0,0.5379031896591187,0.47997772693634033,-0.05792546272277832,0.007410847581923008,0.11585098505020142,0.5379031896591187,0.47997772693634033,0.22142015397548676,0.2634362280368805,0.2406766265630722,0.25658607482910156
25,S8,ComHvy,local,local,0,local,local,0,0.5286605358123779,0.46070218086242676,-0.06795835494995117,0.01612883061170578,0.1574649214744568,0.5286605358123779,0.46070218086242676,0.2433323860168457,0.23255829513072968,0.22800706326961517,0.30673953890800476
25,S8,BWHvy,local,local,0,local,local,0,0.4631350040435791,0.48476678133010864,0.02163177728652954,0.008419014513492584,0.1090792715549469,0.4631350040435791,0.48476678133010864,0.24901828169822693,0.28192615509033203,0.28784671425819397,0.2333070933818817
26,S1,LatCrit,local,local,0,local,local,0,0.5566134452819824,0.5216275453567505,-0.034985899925231934,0.005559415556490421,0.09299963712692261,0.5566134452819824,0.5216275453567505,0.23429158329963684,0.28079140186309814,0.20909498631954193,0.19758106768131256
26,S1,ComHvy,local,local,0,BS2,BS2,0,0.5066255331039429,0.4532845616340637,-0.05334097146987915,0.007530633360147476,0.1066819578409195,0.5066255331039429,0.4532845616340637,0.22208356857299805,0.2229248732328415,0.2712908983230591,0.323790580034256
26,S1,BWHvy,local,local,0,local,local,0,0.49392879009246826,0.5080971717834473,0.014168381690979004,0.0007123643299564719,0.03172662854194641,0.49392879009246826,0.5080971717834473,0.2586633563041687,0.24280007183551788,0.24740782380104065,0.24910278618335724
26,S2,LatCrit,local,local,0,local,local,0,0.522432267665863,0.5558788180351257,0.033446550369262695,0.00653371587395668,0.0911632627248764,0.522432267665863,0.5558788180351257,0.24755364656448364,0.25968873500823975,0.23001408576965332,0.18443246185779572
26,S2,ComHvy,local,local,0,local,local,0,0.5103337168693542,0.46086448431015015,-0.0494692325592041,0.005118871107697487,0.0989384800195694,0.5103337168693542,0.46086448431015015,0.23425884544849396,0.26584896445274353,0.255407452583313,0.2732865810394287
26,S2,BWHvy,local,local,0,local,local,0,0.47491979598999023,0.52737957239151,0.052459776401519775,0.00774090550839901,0.10491952300071716,0.47491979598999023,0.52737957239151,0.2735341489315033,0.22442950308322906,0.2515460252761841,0.24819092452526093
26,S3,LatCrit,local,local,0,local,local,0,0.49515461921691895,0.4989885687828064,0.003833949565887451,0.006459638476371765,0.08341984450817108,0.49515461921691895,0.4989885687828064,0.25514915585517883,0.2134392261505127,0.24969623982906342,0.2875722050666809
26,S3,ComHvy,local,local,0,BS1,BS1,0,0.491422176361084,0.46704602241516113,-0.02437615394592285,0.0012132497504353523,0.048752278089523315,0.491422176361084,0.46704602241516113,0.26544520258903503,0.2757053077220917,0.24313265085220337,0.2572486698627472
26,S3,BWHvy,local,local,0,local,local,0,0.49363768100738525,0.440649151802063,-0.052988529205322266,0.008446858264505863,0.1061040610074997,0.49363768100738525,0.440649151802063,0.2267480045557022,0.27980005741119385,0.27961429953575134,0.27955082058906555
26,S4,LatCrit,local,local,0,local,local,0,0.49011677503585815,0.5222687125205994,0.03215193748474121,0.0037240274250507355,0.0691617876291275,0.49011677503585815,0.5222687125205994,0.2652772068977356,0.26770615577697754,0.24460601806640625,0.2100251168012619
26,S4,ComHvy,local,local,0,local,local,0,0.47655802965164185,0.4837665557861328,0.007208526134490967,0.0001146574504673481,0.014417082071304321,0.47655802965164185,0.4837665557861328,0.23693779110908508,0.23530682921409607,0.28650417923927307,0.28092658519744873
26,S4,BWHvy,local,local,0,local,local,0,0.49019181728363037,0.45314449071884155,-0.03704732656478882,0.0032088421285152435,0.07409468293190002,0.49019181728363037,0.45314449071884155,0.22128047049045563,0.226021870970726,0.2885276973247528,0.32083365321159363
26,S5,LatCrit,local,local,0,local,local,0,0.5149444341659546,0.5420864820480347,0.027142047882080078,0.0026642822194844484,0.061506837606430054,0.5149444341659546,0.5420864820480347,0.2639593183994293,0.23320592939853668,0.2210962176322937,0.22470761835575104
26,S5,ComHvy,local,local,0,local,local,0,0.5194519758224487,0.462601900100708,-0.05685007572174072,0.006486410275101662,0.11370016634464264,0.5194519758224487,0.462601900100708,0.24269041419029236,0.26975226402282715,0.23785759508609772,0.26764583587646484
26,S5,BWHvy,local,local,0,local,local,0,0.5090683698654175,0.6224318742752075,0.11336350440979004,0.027258846908807755,0.22672706842422485,0.5090683698654175,0.6224318742752075,0.23731349408626556,0.1926802694797516,0.25361818075180054,0.1848878413438797
26,S6,LatCrit,local,local,0,local,local,0,0.465859055519104,0.43670594692230225,-0.029153108596801758,0.0033083390444517136,0.07503952085971832,0.465859055519104,0.43670594692230225,0.29417699575424194,0.3316967487335205,0.23996393382549286,0.23159727454185486
26,S6,ComHvy,local,local,0,local,local,0,0.5073423385620117,0.5588276386260986,0.051485300064086914,0.007925987243652344,0.10297060012817383,0.5073423385620117,0.5588276386260986,0.24451950192451477,0.24151082336902618,0.24813812971115112,0.1996615082025528
26,S6,BWHvy,local,local,0,local,local,0,0.5062544941902161,0.5216306447982788,0.015376150608062744,0.0013453257270157337,0.04331512749195099,0.5062544941902161,0.5216306447982788,0.24005606770515442,0.21839852631092072,0.2536894381046295,0.25997087359428406
26,S7,LatCrit,local,local,0,local,local,0,0.5471943616867065,0.5235755443572998,-0.02361881732940674,0.001449707429856062,0.04723763465881348,0.5471943616867065,0.5235755443572998,0.22019030153751373,0.24076128005981445,0.23261530697345734,0.23566314578056335
26,S7,ComHvy,local,local,0,local,local,0,0.47752630710601807,0.5356679558753967,0.05814164876937866,0.008002475835382938,0.11628328263759613,0.47752630710601807,0.5356679558753967,0.2719101905822754,0.22572757303714752,0.25056347250938416,0.23860445618629456
26,S7,BWHvy,local,local,0,local,local,0,0.4996182322502136,0.5457761287689209,0.046157896518707275,0.011798271909356117,0.13010910153388977,0.4996182322502136,0.5457761287689209,0.27876555919647217,0.21371100842952728,0.2216162085533142,0.24051286280155182
26,S8,LatCrit,local,local,0,BS2,BS2,0,0.5348111391067505,0.5252974033355713,-0.0095137357711792,0.017788439989089966,0.13838540017604828,0.5348111391067505,0.5252974033355713,0.2145446091890335,0.28373730182647705,0.2506442964076996,0.19096532464027405
26,S8,ComHvy,local,local,0,local,local,0,0.528042197227478,0.5460688471794128,0.018026649951934814,0.006296196952462196,0.08783426880836487,0.528042197227478,0.5460688471794128,0.23631702363491058,0.19239987432956696,0.23564079403877258,0.261531263589859
26,S8,BWHvy,local,local,0,local,local,0,0.4624509811401367,0.4385244846343994,-0.023926496505737305,0.014196127653121948,0.14563454687595367,0.4624509811401367,0.4385244846343994,0.25494638085365295,0.3277636766433716,0.28260260820388794,0.2337118536233902
27,S1,LatCrit,local,local,0,local,local,0,0.5541042685508728,0.6117794513702393,0.057675182819366455,0.013387169688940048,0.12292157113552094,0.5541042685508728,0.6117794513702393,0.22473017871379852,0.22851580381393433,0.22116553783416748,0.1597047746181488
27,S1,ComHvy,local,local,0,local,local,0,0.5142109394073486,0.4997555613517761,-0.01445537805557251,0.009838774800300598,0.11177787184715271,0.5142109394073486,0.4997555613517761,0.22082491219043732,0.17939133942127228,0.26496419310569763,0.3208531141281128
27,S1,BWHvy,local,local,0,local,local,0,0.4889049530029297,0.49474191665649414,0.005836963653564453,0.0013587642461061478,0.04194064438343048,0.4889049530029297,0.49474191665649414,0.2466021329164505,0.2617354989051819,0.2644928991794586,0.24352258443832397
27,S2,LatCrit,local,local,0,local,local,0,0.5069848299026489,0.5542370080947876,0.04725217819213867,0.010054364800453186,0.11251495778560638,0.5069848299026489,0.5542370080947876,0.2523983120918274,0.2614035904407501,0.24061690270900726,0.18435940146446228
27,S2,ComHvy,local,local,0,local,local,0,0.5141729712486267,0.5411714315414429,0.026998460292816162,0.002952391281723976,0.06186665594577789,0.5141729712486267,0.5411714315414429,0.25107547640800476,0.25501033663749695,0.23475153744220734,0.2038182020187378
27,S2,BWHvy,local,local,0,local,local,0,0.47689664363861084,0.510141909122467,0.0332452654838562,0.003980036824941635,0.07123713195323944,0.47689664363861084,0.510141909122467,0.27743151783943176,0.2798048257827759,0.2456718385219574,0.21005327999591827
27,S3,LatCrit,local,local,0,local,local,0,0.5029522180557251,0.5343685150146484,0.03141629695892334,0.003431428223848343,0.06702101230621338,0.5029522180557251,0.5343685150146484,0.2480834722518921,0.2501777112483978,0.2489643096923828,0.2154538333415985
27,S3,ComHvy,local,local,0,local,local,0,0.4862404465675354,0.4516755938529968,-0.034564852714538574,0.02396038919687271,0.1901763379573822,0.4862404465675354,0.4516755938529968,0.25395336747169495,0.19343003630638123,0.25980618596076965,0.35489434003829956
27,S3,BWHvy,local,local,0,local,local,0,0.4827117323875427,0.3886271119117737,-0.09408462047576904,0.02358829975128174,0.18816925585269928,0.4827117323875427,0.3886271119117737,0.2348819524049759,0.32166025042533875,0.2824063003063202,0.2897126376628876
27,S4,LatCrit,local,local,0,local,local,0,0.48451918363571167,0.518604040145874,0.034084856510162354,0.005159728229045868,0.08365598320960999,0.48451918363571167,0.518604040145874,0.26300570368766785,0.2707488238811493,0.25247514247894287,0.21064713597297668
27,S4,ComHvy,local,local,0,local,local,0,0.4716300368309021,0.4610869288444519,-0.010543107986450195,0.006111998111009598,0.09004524350166321,0.4716300368309021,0.4610869288444519,0.2417009472846985,0.2867235541343689,0.286668986082077,0.2521894574165344
27,S4,BWHvy,local,local,0,local,local,0,0.5078680515289307,0.5354881286621094,0.02762007713317871,0.004255868494510651,0.07951046526432037,0.5078680515289307,0.5354881286621094,0.2188289910554886,0.23096415400505066,0.27330291271209717,0.23354768753051758
27,S5,LatCrit,local,local,0,local,local,0,0.5104146599769592,0.48624056577682495,-0.024174094200134277,0.010945957154035568,0.1263924241065979,0.5104146599769592,0.48624056577682495,0.2693622410297394,0.33255845308303833,0.2202230989933014,0.18120098114013672
27,S5,ComHvy,local,local,0,local,local,0,0.5267337560653687,0.48233848810195923,-0.044395267963409424,0.005961380898952484,0.0945495218038559,0.5267337560653687,0.48233848810195923,0.22210507094860077,0.21922558546066284,0.2511611580848694,0.29843592643737793
27,S5,BWHvy,local,local,0,local,local,0,0.5000410079956055,0.5677945613861084,0.06775355339050293,0.009468484669923782,0.13550712168216705,0.5000410079956055,0.5677945613861084,0.23962093889713287,0.21328818798065186,0.26033803820610046,0.21891722083091736
27,S6,LatCrit,local,local,0,local,local,0,0.46221792697906494,0.3986820578575134,-0.06353586912155151,0.008436156436800957,0.12707173824310303,0.46221792697906494,0.3986820578575134,0.29185932874679565,0.33319830894470215,0.2459227442741394,0.2681196331977844
27,S6,ComHvy,local,local,0,local,local,0,0.5006545782089233,0.5396339297294617,0.03897935152053833,0.003051901236176491,0.07795873284339905,0.5006545782089233,0.5396339297294617,0.23878930509090424,0.22099809348583221,0.2605561316013336,0.23936796188354492
27,S6,BWHvy,local,local,0,local,local,0,0.5141945481300354,0.48387598991394043,-0.03031855821609497,0.0018532518297433853,0.060637131333351135,0.5141945481300354,0.48387598991394043,0.2259601205587387,0.2380961775779724,0.2598453164100647,0.27802783250808716
27,S7,LatCrit,local,local,0,BS2,BS2,0,0.545871376991272,0.5632914304733276,0.017420053482055664,0.00515466183423996,0.07934992015361786,0.545871376991272,0.5632914304733276,0.22213803231716156,0.24439293146133423,0.23199062049388885,0.19231565296649933
27,S7,ComHvy,local,local,0,local,local,0,0.46441906690597534,0.5076600313186646,0.04324096441268921,0.007608313113451004,0.10156263411045074,0.46441906690597534,0.5076600313186646,0.2712520956993103,0.2787924110889435,0.26432886719703674,0.2135475128889084
27,S7,BWHvy,local,local,0,local,local,0,0.4867590665817261,0.4853772521018982,-0.0013818144798278809,0.03599092364311218,0.18965590000152588,0.4867590665817261,0.4853772521018982,0.27024322748184204,0.1767970770597458,0.24299775063991547,0.3378256857395172
27,S8,LatCrit,local,local,0,local,local,0,0.5186038017272949,0.4869728088378906,-0.0316309928894043,0.03980809822678566,0.22773131728172302,0.5186038017272949,0.4869728088378906,0.23344801366329193,0.34731367230415344,0.24794818460941315,0.16571351885795593
27,S8,ComHvy,local,local,0,local,BS2,1,0.5251959562301636,0.4539642333984375,-0.07123172283172607,0.010364679619669914,0.14246343076229095,0.5251959562301636,0.4539642333984375,0.24113774299621582,0.2849298417568207,0.2336663156747818,0.2611059248447418
27,S8,BWHvy,local,local,0,local,local,0,0.481941819190979,0.48622846603393555,0.004286646842956543,0.004383109509944916,0.0708320289850235,0.481941819190979,0.48622846603393555,0.2511986494064331,0.2823280096054077,0.2668595612049103,0.23144353926181793
28,S1,LatCrit,local,local,0,local,local,0,0.5533802509307861,0.4964500069618225,-0.05693024396896362,0.006857844069600105,0.11386053264141083,0.5533802509307861,0.4964500069618225,0.2192167490720749,0.25733619928359985,0.2274029701948166,0.24621380865573883
28,S1,ComHvy,local,local,0,local,local,0,0.5060852766036987,0.5514805316925049,0.04539525508880615,0.025476668030023575,0.16842436790466309,0.5060852766036987,0.5514805316925049,0.2273719608783722,0.14315980672836304,0.2665427327156067,0.30535969138145447
28,S1,BWHvy,local,local,0,local,local,0,0.504144549369812,0.5524060726165771,0.04826152324676514,0.01250261440873146,0.12495362758636475,0.504144549369812,0.5524060726165771,0.23884078860282898,0.1763639748096466,0.2570146322250366,0.27122992277145386
28,S2,LatCrit,local,local,0,local,local,0,0.4998619556427002,0.5389714241027832,0.03910946846008301,0.003922771662473679,0.07821895182132721,0.4998619556427002,0.5389714241027832,0.24900758266448975,0.24300049245357513,0.25113046169281006,0.21802806854248047
28,S2,ComHvy,local,local,0,local,local,0,0.5218106508255005,0.47811245918273926,-0.04369819164276123,0.0038818921893835068,0.08739644289016724,0.5218106508255005,0.47811245918273926,0.24564288556575775,0.26394444704055786,0.23254643380641937,0.25794312357902527
28,S2,BWHvy,local,local,0,local,local,0,0.47359246015548706,0.4514147639274597,-0.022177696228027344,0.004696238785982132,0.08601157367229462,0.47359246015548706,0.4514147639274597,0.2776101231575012,0.25678202509880066,0.2487974315881729,0.2918032109737396
28,S3,LatCrit,local,local,0,BS1,local,1,0.48292726278305054,0.5515693426132202,0.06864207983016968,0.021044796332716942,0.16414697468280792,0.48292726278305054,0.5515693426132202,0.2638152837753296,0.18174181878566742,0.2532574534416199,0.26668888330459595
28,S3,ComHvy,local,local,0,local,local,0,0.48236966133117676,0.45138299465179443,-0.030986666679382324,0.002026851288974285,0.06197333335876465,0.48236966133117676,0.45138299465179443,0.2569701671600342,0.27760204672813416,0.26066017150878906,0.2710149586200714
28,S3,BWHvy,local,local,0,local,local,0,0.507470965385437,0.5287222862243652,0.021251320838928223,0.0033641792833805084,0.06492099165916443,0.507470965385437,0.5287222862243652,0.21635937690734863,0.18389886617660522,0.27616965770721436,0.28737881779670715
28,S4,LatCrit,local,local,0,local,local,0,0.48815953731536865,0.5161830186843872,0.028023481369018555,0.0028558108024299145,0.06268265843391418,0.48815953731536865,0.5161830186843872,0.25961166620254517,0.22827035188674927,0.2522287964820862,0.2555466592311859
28,S4,ComHvy,local,local,0,BS2,BS2,0,0.4712773561477661,0.44594037532806396,-0.02533698081970215,0.019430264830589294,0.16700448095798492,0.4712773561477661,0.44594037532806396,0.23387333750724792,0.3173755705356598,0.2948492765426636,0.23668400943279266
28,S4,BWHvy,local,local,0,local,local,0,0.5009282231330872,0.5108687281608582,0.009940505027770996,0.0002836720668710768,0.019880950450897217,0.5009282231330872,0.5108687281608582,0.2280389815568924,0.218976691365242,0.27103275060653687,0.27015459537506104
28,S5,LatCrit,local,local,0,local,local,0,0.5275932550430298,0.6192914247512817,0.09169816970825195,0.018475687131285667,0.18339629471302032,0.5275932550430298,0.6192914247512817,0.25667881965637207,0.19402971863746643,0.21572791039943695,0.18667888641357422
28,S5,ComHvy,local,local,0,local,local,0,0.5229970216751099,0.4132840037345886,-0.10971301794052124,0.026170924305915833,0.21942608058452606,0.5229970216751099,0.4132840037345886,0.2247912436723709,0.2512930631637573,0.25221168994903564,0.33542293310165405
28,S5,BWHvy,local,local,0,local,local,0,0.4947981834411621,0.45333051681518555,-0.04146766662597656,0.003877418115735054,0.08293528854846954,0.4947981834411621,0.45333051681518555,0.2448064535856247,0.25374841690063477,0.2603953778743744,0.2929210364818573
28,S6,LatCrit,local,local,0,local,local,0,0.4541206359863281,0.4684017300605774,0.014281094074249268,0.002017129212617874,0.056944578886032104,0.4541206359863281,0.4684017300605774,0.3122304081916809,0.28375813364982605,0.23364895582199097,0.24784016609191895
28,S6,ComHvy,local,local,0,local,local,0,0.4985208511352539,0.5470567345619202,0.04853588342666626,0.012805016711354256,0.12491457164287567,0.4985208511352539,0.5470567345619202,0.2332765758037567,0.17081929743289948,0.2682025730609894,0.28212398290634155
28,S6,BWHvy,local,local,0,local,local,0,0.5235483646392822,0.48278719186782837,-0.04076117277145386,0.0042698681354522705,0.08152228593826294,0.5235483646392822,0.48278719186782837,0.2192988097667694,0.2218906283378601,0.25715285539627075,0.29532214999198914
28,S7,LatCrit,local,local,0,local,local,0,0.5416450500488281,0.560258686542511,0.01861363649368286,0.0007016621530056,0.037227243185043335,0.5416450500488281,0.560258686542511,0.2260732352733612,0.21656258404254913,0.23228168487548828,0.22317872941493988
28,S7,ComHvy,local,local,0,local,local,0,0.4641098380088806,0.5292676687240601,0.06515783071517944,0.008868275210261345,0.1303156316280365,0.4641098380088806,0.5292676687240601,0.26375702023506165,0.22298069298267365,0.27213314175605774,0.24775166809558868
28,S7,BWHvy,local,local,0,local,BS2,1,0.48630988597869873,0.4794357419013977,-0.006874144077301025,0.017192337661981583,0.13962455093860626,0.48630988597869873,0.4794357419013977,0.27022865414619446,0.20729051530361176,0.2434614598751068,0.31327372789382935
28,S8,LatCrit,local,local,0,local,local,0,0.5455399751663208,0.5640736222267151,0.018533647060394287,0.0024011321365833282,0.057209283113479614,0.5455399751663208,0.5640736222267151,0.2158762812614441,0.2259472906589508,0.23858371376991272,0.2099790871143341
28,S8,ComHvy,local,local,0,local,local,0,0.5296224355697632,0.5232455730438232,-0.006376862525939941,0.0029427558183670044,0.05880695581436157,0.5296224355697632,0.5232455730438232,0.23568713665008545,0.26509058475494385,0.23469044268131256,0.21166379749774933
28,S8,BWHvy,local,local,0,local,BS1,1,0.4886379837989807,0.4284512996673584,-0.060186684131622314,0.016888221725821495,0.16863957047462463,0.4886379837989807,0.4284512996673584,0.2500722110271454,0.3343919813632965,0.2612898349761963,0.2371567189693451
29,S1,LatCrit,local,local,0,local,local,0,0.5597027540206909,0.5514127016067505,-0.00829005241394043,0.0001807347871363163,0.01658010482788086,0.5597027540206909,0.5514127016067505,0.22355830669403076,0.22468341886997223,0.2167389690876007,0.22390390932559967
29,S1,ComHvy,local,local,0,local,local,0,0.5091879367828369,0.5972099900245667,0.08802205324172974,0.027511052787303925,0.1850396990776062,0.5091879367828369,0.5972099900245667,0.219547837972641,0.22404564917087555,0.2712641954421997,0.1787443608045578
29,S1,BWHvy,local,local,0,local,local,0,0.49238258600234985,0.5413179397583008,0.04893535375595093,0.005442492663860321,0.09787072241306305,0.49238258600234985,0.5413179397583008,0.24052152037620544,0.2288350909948349,0.2670958936214447,0.22984695434570312
29,S2,LatCrit,local,local,0,local,local,0,0.5041533708572388,0.5494586825370789,0.04530531167984009,0.01565936766564846,0.14175176620483398,0.5041533708572388,0.5494586825370789,0.2495809644460678,0.178705096244812,0.24626563489437103,0.27183622121810913
29,S2,ComHvy,local,local,0,local,local,0,0.5205939412117004,0.4755248427391052,-0.045069098472595215,0.00520281121134758,0.09013824164867401,0.5205939412117004,0.4755248427391052,0.24862368404865265,0.28999418020248413,0.23078234493732452,0.23448099195957184
29,S2,BWHvy,local,local,0,local,local,0,0.46040695905685425,0.42417198419570923,-0.03623497486114502,0.009425479918718338,0.12443603575229645,0.46040695905685425,0.42417198419570923,0.29077306389808655,0.26479002833366394,0.248819962143898,0.31103798747062683
29,S3,LatCrit,local,local,0,local,local,0,0.5037665367126465,0.5270017981529236,0.0232352614402771,0.0015656885225325823,0.04647049307823181,0.5037665367126465,0.5270017981529236,0.256096214056015,0.23365744948387146,0.2401372194290161,0.23934075236320496
29,S3,ComHvy,local,local,0,local,BS1,1,0.47169792652130127,0.40589427947998047,-0.0658036470413208,0.013202156871557236,0.14234468340873718,0.47169792652130127,0.40589427947998047,0.2669711410999298,0.3381434679031372,0.2613309323787689,0.25596222281455994
29,S3,BWHvy,local,local,0,BS2,local,1,0.4948776960372925,0.6090031266212463,0.11412543058395386,0.02714356780052185,0.22825084626674652,0.4948776960372925,0.6090031266212463,0.2222355604171753,0.16364356875419617,0.28288671374320984,0.2273532897233963
29,S4,LatCrit,local,local,0,local,local,0,0.4964061379432678,0.5307493209838867,0.034343183040618896,0.004262659698724747,0.07310199737548828,0.4964061379432678,0.5307493209838867,0.26461926102638245,0.2668270468711853,0.23897460103034973,0.2024235725402832
29,S4,ComHvy,local,local,0,BS1,BS1,0,0.47334927320480347,0.5070497989654541,0.033700525760650635,0.006232589483261108,0.09676636755466461,0.47334927320480347,0.5070497989654541,0.24272242188453674,0.2574051022529602,0.2839283049106598,0.23554514348506927
29,S4,BWHvy,local,local,0,local,local,0,0.5084555149078369,0.5267558097839355,0.018300294876098633,0.001056789536960423,0.03660064935684204,0.5084555149078369,0.5267558097839355,0.22528718411922455,0.20758266746997833,0.2662573456764221,0.2656615078449249
29,S5,LatCrit,local,local,0,local,local,0,0.5342749357223511,0.5202800035476685,-0.013994932174682617,0.0020444579422473907,0.05354472994804382,0.5342749357223511,0.5202800035476685,0.24690228700637817,0.2341248244047165,0.21882279217243195,0.24559512734413147
29,S5,ComHvy,local,local,0,local,local,0,0.5377583503723145,0.5968314409255981,0.05907309055328369,0.008078202605247498,0.11814619600772858,0.5377583503723145,0.5968314409255981,0.2145799696445465,0.199886292219162,0.24766170978546143,0.20328228175640106
29,S5,BWHvy,local,local,0,local,local,0,0.4930868148803711,0.4997490644454956,0.006662249565124512,0.00010707799810916185,0.013324514031410217,0.4930868148803711,0.4997490644454956,0.2414645105600357,0.2361692488193512,0.2654486894607544,0.2640816867351532
29,S6,LatCrit,local,local,0,local,local,0,0.46329301595687866,0.5230832099914551,0.059790194034576416,0.0072648171335458755,0.11958041787147522,0.46329301595687866,0.5230832099914551,0.2896104156970978,0.25254955887794495,0.24709655344486237,0.2243671864271164
29,S6,ComHvy,local,local,0,local,local,0,0.5210237503051758,0.5444345474243164,0.023410797119140625,0.0013914150185883045,0.046821534633636475,0.5210237503051758,0.5444345474243164,0.22594740986824036,0.2070123255252838,0.25302883982658386,0.24855318665504456
29,S6,BWHvy,local,local,0,local,local,0,0.52491694688797,0.542278528213501,0.017361581325531006,0.0017742267809808254,0.046901360154151917,0.52491694688797,0.542278528213501,0.20879344642162323,0.18534275889396667,0.266289621591568,0.27237871289253235
29,S7,LatCrit,local,local,0,local,local,0,0.559695839881897,0.5979290008544922,0.038233160972595215,0.01932983659207821,0.1420542448759079,0.559695839881897,0.5979290008544922,0.20695841312408447,0.13593131303787231,0.23334573209285736,0.2661397159099579
29,S7,ComHvy,local,local,0,local,local,0,0.45929521322250366,0.46862995624542236,0.009334743022918701,0.002133546397089958,0.054417774081230164,0.45929521322250366,0.46862995624542236,0.2689833343029022,0.24177445471286774,0.27172142267227173,0.2895955741405487
29,S7,BWHvy,local,local,0,BS1,BS1,0,0.5002635717391968,0.6295300126075745,0.12926644086837769,0.03900252282619476,0.25853288173675537,0.5002635717391968,0.6295300126075745,0.2727314531803131,0.22637595236301422,0.22700496017932892,0.14409402012825012
29,S8,LatCrit,local,local,0,local,local,0,0.5427228212356567,0.4515717029571533,-0.09115111827850342,0.01789136789739132,0.18230222165584564,0.5427228212356567,0.4515717029571533,0.22323516011238098,0.28776875138282776,0.2340420037508011,0.26065951585769653
29,S8,ComHvy,local,local,0,local,local,0,0.5334640741348267,0.569121778011322,0.03565770387649536,0.003196598030626774,0.07131539285182953,0.5334640741348267,0.569121778011322,0.2451591193675995,0.21532464027404785,0.22137679159641266,0.21555358171463013
29,S8,BWHvy,local,local,0,local,local,0,0.45571064949035645,0.5351458787918091,0.07943522930145264,0.012645967304706573,0.15887051820755005,0.45571064949035645,0.5351458787918091,0.25028789043426514,0.21282389760017395,0.2940014898777008,0.2520301938056946
30,S1,LatCrit,local,local,0,local,local,0,0.550593376159668,0.518938422203064,-0.031654953956604004,0.005525905638933182,0.09121726453304291,0.550593376159668,0.518938422203064,0.22773832082748413,0.21378467977046967,0.2216683030128479,0.26727697253227234
30,S1,ComHvy,local,local,0,local,local,0,0.5181424617767334,0.552916407585144,0.034773945808410645,0.0024386122822761536,0.0695478618144989,0.5181424617767334,0.552916407585144,0.21519111096858978,0.20043431222438812,0.2666664123535156,0.24664929509162903
30,S1,BWHvy,local,local,0,BS1,BS1,0,0.4748050570487976,0.481361448764801,0.006556391716003418,0.003380700945854187,0.06451752781867981,0.4748050570487976,0.481361448764801,0.2613712251186371,0.28707361221313477,0.2638237178325653,0.2315649688243866
30,S2,LatCrit,local,local,0,local,local,0,0.4965935945510864,0.516668438911438,0.020074844360351562,0.0029765786603093147,0.06548579037189484,0.4965935945510864,0.516668438911438,0.25881847739219666,0.22607557475566864,0.24458792805671692,0.2572559714317322
30,S2,ComHvy,local,local,0,local,local,0,0.4908549189567566,0.4770877957344055,-0.013767123222351074,0.0014410987496376038,0.047761738300323486,0.4908549189567566,0.4770877957344055,0.2489663064479828,0.23885256052017212,0.260178804397583,0.28405967354774475
30,S2,BWHvy,local,local,0,BS2,local,1,0.4769812226295471,0.5253284573554993,0.04834723472595215,0.006362553685903549,0.0966944694519043,0.4769812226295471,0.5253284573554993,0.27225708961486816,0.2660446763038635,0.2507616877555847,0.2086268663406372
30,S3,LatCrit,local,local,0,local,local,0,0.4922369718551636,0.49002617597579956,-0.0022107958793640137,1.1508353054523468e-05,0.004421621561050415,0.4922369718551636,0.49002617597579956,0.25074097514152527,0.2511626183986664,0.25702202320098877,0.25881120562553406
30,S3,ComHvy,local,local,0,local,local,0,0.48400843143463135,0.40197640657424927,-0.08203202486038208,0.018598049879074097,0.16406404972076416,0.48400843143463135,0.40197640657424927,0.2644576132297516,0.26564598083496094,0.25153395533561707,0.3323776125907898
30,S3,BWHvy,local,local,0,local,local,0,0.48945504426956177,0.5169340372085571,0.02747899293899536,0.002350160852074623,0.05796603858470917,0.48945504426956177,0.5169340372085571,0.22880950570106506,0.23031355440616608,0.28173545002937317,0.2527524530887604
30,S4,LatCrit,local,local,0,BS1,BS1,0,0.49445992708206177,0.5147197246551514,0.0202597975730896,0.0008497745729982853,0.04051956534385681,0.49445992708206177,0.5147197246551514,0.2654481530189514,0.2522311806678772,0.24009189009666443,0.23304909467697144
30,S4,ComHvy,local,local,0,local,local,0,0.468472957611084,0.4958563446998596,0.027383387088775635,0.0015450017526745796,0.05476680397987366,0.468472957611084,0.4958563446998596,0.24195945262908936,0.22626915574073792,0.28956761956214905,0.27787449955940247
30,S4,BWHvy,local,local,0,local,local,0,0.48709505796432495,0.4855748414993286,-0.0015202164649963379,0.0034496020525693893,0.06090885400772095,0.48709505796432495,0.4855748414993286,0.2273562252521515,0.25781065225601196,0.28554871678352356,0.2566145062446594
30,S5,LatCrit,local,local,0,local,local,0,0.5209126472473145,0.46487200260162354,-0.05604064464569092,0.009338106960058212,0.11208134889602661,0.5209126472473145,0.46487200260162354,0.26145830750465393,0.26188597083091736,0.21762898564338684,0.2732420265674591
30,S5,ComHvy,local,local,0,local,local,0,0.5371043086051941,0.548342764377594,0.011238455772399902,0.0003278283402323723,0.02247689664363861,0.5371043086051941,0.548342764377594,0.23152057826519012,0.22991657257080078,0.2313750982284546,0.22174066305160522
30,S5,BWHvy,local,local,0,local,local,0,0.49629294872283936,0.5493351221084595,0.05304217338562012,0.009740298613905907,0.10847137868404388,0.49629294872283936,0.5493351221084595,0.24435566365718842,0.19011998176574707,0.2593514025211334,0.26054492592811584
30,S6,LatCrit,local,local,0,BS2,BS2,0,0.4825025200843811,0.4754983186721802,-0.007004201412200928,0.0004956708289682865,0.02785918116569519,0.4825025200843811,0.4754983186721802,0.27228814363479614,0.28621771931648254,0.24520933628082275,0.2382839322090149
30,S6,ComHvy,local,local,0,local,local,0,0.49703145027160645,0.45503485202789307,-0.04199659824371338,0.017240475863218307,0.16767781972885132,0.49703145027160645,0.45503485202789307,0.2538520395755768,0.33769094944000244,0.24911652505397797,0.20727421343326569
30,S6,BWHvy,local,local,0,local,local,0,0.5279608368873596,0.5648233294487,0.03686249256134033,0.003910992294549942,0.07372495532035828,0.5279608368873596,0.5648233294487,0.20989255607128143,0.2087365835905075,0.26214659214019775,0.22644010186195374
30,S7,LatCrit,local,local,0,local,local,0,0.5375055074691772,0.5525952577590942,0.015089750289916992,0.001918356865644455,0.050959065556526184,0.5375055074691772,0.5525952577590942,0.22580645978450775,0.23619626462459564,0.23668798804283142,0.21120847761631012
30,S7,ComHvy,local,local,0,local,local,0,0.4774296283721924,0.5017951726913452,0.024365544319152832,0.001366680022329092,0.048731058835983276,0.4774296283721924,0.5017951726913452,0.25800007581710815,0.23945364356040955,0.26457029581069946,0.2587512135505676
30,S7,BWHvy,local,local,0,local,local,0,0.4893120527267456,0.507597804069519,0.018285751342773438,0.0006872299127280712,0.03657148778438568,0.4893120527267456,0.507597804069519,0.2901991903781891,0.27773529291152954,0.2204887419939041,0.21466690301895142
30,S8,LatCrit,local,local,0,local,local,0,0.5402686595916748,0.4816245436668396,-0.058644115924835205,0.006959401071071625,0.11728820204734802,0.5402686595916748,0.4816245436668396,0.21561144292354584,0.23842130601406097,0.24411991238594055,0.27995413541793823
30,S8,ComHvy,local,local,0,BS1,BS1,0,0.539264976978302,0.5062899589538574,-0.03297501802444458,0.006221592426300049,0.0981169044971466,0.539264976978302,0.5062899589538574,0.23022878170013428,0.21414534747600555,0.23050625622272491,0.2795647084712982
30,S8,BWHvy,local,local,0,local,local,0,0.47144079208374023,0.56513512134552,0.09369432926177979,0.023669973015785217,0.18738862872123718,0.47144079208374023,0.56513512134552,0.24096308648586273,0.23097847402095795,0.28759610652923584,0.20388641953468323
31,S1,LatCrit,local,local,0,local,local,0,0.5489341020584106,0.4889400601387024,-0.05999404191970825,0.009262552484869957,0.1199880838394165,0.5489341020584106,0.4889400601387024,0.22845953702926636,0.2831650376319885,0.222606360912323,0.22789490222930908
31,S1,ComHvy,local,local,0,local,local,0,0.5175458192825317,0.5780575275421143,0.06051170825958252,0.007762705907225609,0.12102337181568146,0.5175458192825317,0.5780575275421143,0.22112657129764557,0.1855936497449875,0.2613275647163391,0.23634882271289825
31,S1,BWHvy,local,local,0,local,local,0,0.4764893651008606,0.4395574927330017,-0.03693187236785889,0.00310517568141222,0.07386377453804016,0.4764893651008606,0.4395574927330017,0.2618531584739685,0.29058265686035156,0.2616574764251709,0.2698598802089691
31,S2,LatCrit,local,local,0,local,local,0,0.5103377103805542,0.5747125744819641,0.06437486410140991,0.009227078408002853,0.12874974310398102,0.5103377103805542,0.5747125744819641,0.24606147408485413,0.2261219024658203,0.24360083043575287,0.19916552305221558
31,S2,ComHvy,local,local,0,local,local,0,0.5077833533287048,0.5002585053443909,-0.007524847984313965,0.002328222617506981,0.054943546652793884,0.5077833533287048,0.5002585053443909,0.23868697881698608,0.2187400609254837,0.2535296678543091,0.2810014486312866
31,S2,BWHvy,local,local,0,local,local,0,0.466389000415802,0.4805658459663391,0.01417684555053711,0.0027360357344150543,0.06159697473049164,0.466389000415802,0.4805658459663391,0.28187382221221924,0.29849547147750854,0.25173717737197876,0.22093869745731354
31,S3,LatCrit,local,local,0,local,local,0,0.48868364095687866,0.48378825187683105,-0.004895389080047607,0.007256515324115753,0.09092101454734802,0.48868364095687866,0.48378825187683105,0.25329017639160156,0.21272504329681396,0.25802621245384216,0.303486704826355
31,S3,ComHvy,local,local,0,local,local,0,0.4878185987472534,0.45840322971343994,-0.029415369033813477,0.004187209531664848,0.08334338665008545,0.4878185987472534,0.45840322971343994,0.267317533493042,0.3089892268180847,0.2448638677597046,0.23260754346847534
31,S3,BWHvy,local,local,0,local,local,0,0.4974777102470398,0.5157276391983032,0.018249928951263428,0.0013311412185430527,0.04509995877742767,0.4974777102470398,0.5157276391983032,0.22350028157234192,0.22780032455921173,0.2790219783782959,0.25647199153900146
31,S4,LatCrit,local,local,0,BS2,BS2,0,0.48786503076553345,0.4967488646507263,0.008883833885192871,0.002778381109237671,0.0596814900636673,0.48786503076553345,0.4967488646507263,0.2564377784729004,0.22659702599048615,0.25569719076156616,0.27665409445762634
31,S4,ComHvy,local,local,0,BS2,BS2,0,0.481367826461792,0.4479624629020691,-0.0334053635597229,0.014454059302806854,0.15099981427192688,0.481367826461792,0.4479624629020691,0.2485266774892807,0.32402658462524414,0.2701054811477661,0.22801093757152557
31,S4,BWHvy,local,local,0,BS1,local,1,0.5092847347259521,0.5666091442108154,0.05732440948486328,0.012396387755870819,0.1275106966495514,0.5092847347259521,0.5666091442108154,0.22879697382450104,0.23522794246673584,0.2619182765483856,0.1981629580259323
31,S5,LatCrit,local,local,0,local,local,0,0.521526575088501,0.541849672794342,0.020323097705841064,0.03426206856966019,0.1887330561876297,0.521526575088501,0.541849672794342,0.2516178786754608,0.15725134313106537,0.2268555760383606,0.3008989989757538
31,S5,ComHvy,local,local,0,local,local,0,0.5312238931655884,0.46193188428878784,-0.06929200887680054,0.009951349347829819,0.13858401775360107,0.5312238931655884,0.46193188428878784,0.22254526615142822,0.2453807294368744,0.2462308406829834,0.29268738627433777
31,S5,BWHvy,local,local,0,local,local,0,0.49446970224380493,0.47643983364105225,-0.018029868602752686,0.0009244084358215332,0.0361175537109375,0.49446970224380493,0.47643983364105225,0.23997926712036133,0.23995038866996765,0.26555100083351135,0.2836098074913025
31,S6,LatCrit,local,local,0,BS1,local,1,0.4825434684753418,0.5010799765586853,0.018536508083343506,0.00071768369525671,0.037073031067848206,0.4825434684753418,0.5010799765586853,0.2887116074562073,0.27568334341049194,0.22874493896961212,0.22323668003082275
31,S6,ComHvy,local,local,0,local,local,0,0.49542391300201416,0.515536904335022,0.020112991333007812,0.0015159216709434986,0.04537208378314972,0.49542391300201416,0.515536904335022,0.24801743030548096,0.2253313511610031,0.25655868649482727,0.25913169980049133
31,S6,BWHvy,local,local,0,BS2,BS2,0,0.519258975982666,0.4958745837211609,-0.023384392261505127,0.0016775578260421753,0.04985922574996948,0.519258975982666,0.4958745837211609,0.22206471860408783,0.22051949799060822,0.2586762607097626,0.2836058735847473
31,S7,LatCrit,local,local,0,local,local,0,0.5467147827148438,0.48288166522979736,-0.06383311748504639,0.018193908035755157,0.17039138078689575,0.5467147827148438,0.48288166522979736,0.22178810834884644,0.3069837987422943,0.23149709403514862,0.21013452112674713
31,S7,ComHvy,local,local,0,local,local,0,0.4713255763053894,0.47338026762008667,0.0020546913146972656,5.5948272347450256e-05,0.00916963815689087,0.4713255763053894,0.47338026762008667,0.2570784091949463,0.25960853695869446,0.2715960443019867,0.26701122522354126
31,S7,BWHvy,local,local,0,local,local,0,0.4904112219810486,0.4521821141242981,-0.03822910785675049,0.007796026766300201,0.10970361530780792,0.4904112219810486,0.4521821141242981,0.28223228454589844,0.26560959219932556,0.22735647857189178,0.28220829367637634
31,S8,LatCrit,local,local,0,local,local,0,0.5318527221679688,0.463500440120697,-0.06835228204727173,0.009378097951412201,0.13670456409454346,0.5318527221679688,0.463500440120697,0.21734802424907684,0.24678589403629303,0.2507992684841156,0.28971368074417114
31,S8,ComHvy,local,local,0,BS1,BS1,0,0.5316222906112671,0.5281758904457092,-0.0034464001655578613,0.0024694669991731644,0.05153349041938782,0.5316222906112671,0.5281758904457092,0.2360236942768097,0.21370331943035126,0.2323540598154068,0.2581207752227783
31,S8,BWHvy,local,local,0,local,local,0,0.48031747341156006,0.5060669183731079,0.02574944496154785,0.016169220209121704,0.14469434320926666,0.48031747341156006,0.5060669183731079,0.2434738129377365,0.2900715470314026,0.27620869874954224,0.2038615345954895
32,S1,LatCrit,local,local,0,local,local,0,0.5549391508102417,0.5477156639099121,-0.00722348690032959,0.0059344470500946045,0.07990294694900513,0.5549391508102417,0.5477156639099121,0.22871041297912598,0.2686619162559509,0.21635040640830994,0.18362244963645935
32,S1,ComHvy,local,local,0,local,local,0,0.5111336708068848,0.5810937881469727,0.06996011734008789,0.017047390341758728,0.13992030918598175,0.5111336708068848,0.5810937881469727,0.221653014421463,0.15498633682727814,0.2672133445739746,0.2639198303222656
32,S1,BWHvy,local,local,0,local,local,0,0.4771130084991455,0.438113808631897,-0.038999199867248535,0.003831787034869194,0.07799842953681946,0.4771130084991455,0.438113808631897,0.2602684497833252,0.2948140501976013,0.2626185417175293,0.2670721709728241
32,S2,LatCrit,local,local,0,BS1,BS1,0,0.5050485134124756,0.5402542352676392,0.035205721855163574,0.004911411087960005,0.08126157522201538,0.5050485134124756,0.5402542352676392,0.2518521845340729,0.21122139692306519,0.24309931695461273,0.24852438271045685
32,S2,ComHvy,local,local,0,local,local,0,0.5046576261520386,0.489577054977417,-0.015080571174621582,0.0005328347906470299,0.03016108274459839,0.5046576261520386,0.489577054977417,0.24713166058063507,0.25013256072998047,0.24821077287197113,0.26029038429260254
32,S2,BWHvy,local,local,0,local,local,0,0.4717015027999878,0.44297730922698975,-0.028724193572998047,0.0017576254904270172,0.057448387145996094,0.4717015027999878,0.44297730922698975,0.27853095531463623,0.29886534810066223,0.24976754188537598,0.258157342672348
32,S3,LatCrit,local,local,0,local,local,0,0.48878687620162964,0.539706826210022,0.050919950008392334,0.007012792397290468,0.10183990001678467,0.48878687620162964,0.539706826210022,0.25302669405937195,0.20848515629768372,0.2581864595413208,0.2518080472946167
32,S3,ComHvy,local,local,0,local,BS2,1,0.486410915851593,0.4382893443107605,-0.04812157154083252,0.0046916138380765915,0.09624311327934265,0.486410915851593,0.4382893443107605,0.2653038501739502,0.2925585210323334,0.24828526377677917,0.26915213465690613
32,S3,BWHvy,local,local,0,local,local,0,0.4919617176055908,0.46701204776763916,-0.02494966983795166,0.0012623341754078865,0.049899324774742126,0.4919617176055908,0.46701204776763916,0.22433041036128998,0.23337271809577942,0.2837078869342804,0.2996152341365814
32,S4,LatCrit,local,local,0,local,local,0,0.48393934965133667,0.4978528618812561,0.013913512229919434,0.008264530450105667,0.09945985674858093,0.48393934965133667,0.4978528618812561,0.27286985516548157,0.3086862862110138,0.24319076538085938,0.1934608519077301
32,S4,ComHvy,local,local,0,local,local,0,0.4856424331665039,0.5120514631271362,0.026409029960632324,0.02850007265806198,0.1837175190448761,0.4856424331665039,0.5120514631271362,0.24337728321552277,0.3088270127773285,0.27098026871681213,0.17912150919437408
32,S4,BWHvy,local,local,0,local,local,0,0.5004874467849731,0.5405851006507874,0.04009765386581421,0.004990993998944759,0.08019532263278961,0.5004874467849731,0.5405851006507874,0.22555933892726898,0.1883738934993744,0.27395322918891907,0.27104100584983826
32,S5,LatCrit,local,local,0,BS1,BS1,0,0.5218822956085205,0.46489208936691284,-0.056990206241607666,0.007876966148614883,0.11398036777973175,0.5218822956085205,0.46489208936691284,0.26072102785110474,0.31184592843055725,0.21739672124385834,0.2232619822025299
32,S5,ComHvy,local,local,0,local,local,0,0.522216796875,0.4284118413925171,-0.09380495548248291,0.020477376878261566,0.1876099407672882,0.522216796875,0.4284118413925171,0.226938858628273,0.24118880927562714,0.2508443295955658,0.33039936423301697
32,S5,BWHvy,local,local,0,local,local,0,0.5016484260559082,0.5073547959327698,0.005706369876861572,0.0006477413699030876,0.029156342148780823,0.5016484260559082,0.5073547959327698,0.23655280470848083,0.22197465598583221,0.2617987394332886,0.2706705629825592
32,S6,LatCrit,local,local,0,local,local,0,0.47616082429885864,0.5246000289916992,0.048439204692840576,0.014822643250226974,0.14554983377456665,0.47616082429885864,0.5246000289916992,0.28278008103370667,0.21000519394874573,0.2410590648651123,0.26539480686187744
32,S6,ComHvy,local,local,0,local,local,0,0.5011822581291199,0.5016826391220093,0.0005003809928894043,0.0090554878115654,0.09411042928695679,0.5011822581291199,0.5016826391220093,0.240805521607399,0.1937503069639206,0.25801223516464233,0.3045670688152313
32,S6,BWHvy,local,local,0,local,local,0,0.506537914276123,0.4028698205947876,-0.10366809368133545,0.022877708077430725,0.20733626186847687,0.506537914276123,0.4028698205947876,0.22472049295902252,0.25322425365448,0.26874151825904846,0.3439059257507324
32,S7,LatCrit,local,local,0,local,local,0,0.5487773418426514,0.557497501373291,0.008720159530639648,0.0006933286786079407,0.02988375723361969,0.5487773418426514,0.557497501373291,0.2151554673910141,0.20021358132362366,0.23606720566749573,0.24228891730308533
32,S7,ComHvy,local,local,0,local,local,0,0.47508519887924194,0.5137696266174316,0.0386844277381897,0.003001216799020767,0.077368825674057,0.47508519887924194,0.5137696266174316,0.2570066750049591,0.23934607207775116,0.26790809631347656,0.2468843013048172
32,S7,BWHvy,local,local,0,local,local,0,0.48891741037368774,0.5165700912475586,0.02765268087387085,0.010952208191156387,0.12338034808635712,0.48891741037368774,0.5165700912475586,0.2833649814128876,0.2216748148202896,0.22771760821342468,0.261755108833313
32,S8,LatCrit,local,local,0,local,local,0,0.5370056629180908,0.49740487337112427,-0.03960078954696655,0.017958015203475952,0.16366790235042572,0.5370056629180908,0.49740487337112427,0.21988607943058014,0.3017200231552124,0.24310825765132904,0.20087508857250214
32,S8,ComHvy,local,local,0,local,local,0,0.5348186492919922,0.5574555993080139,0.02263695001602173,0.008683755993843079,0.10130979120731354,0.5348186492919922,0.5574555993080139,0.2390257716178894,0.26704370975494385,0.2261555790901184,0.17550067603588104
32,S8,BWHvy,local,local,0,local,local,0,0.473654568195343,0.4686487317085266,-0.005005836486816406,0.007026739418506622,0.09105546772480011,0.473654568195343,0.4686487317085266,0.24839696288108826,0.2939247190952301,0.2779484689235687,0.23742659389972687
33,S1,LatCrit,local,local,0,local,local,0,0.5506718158721924,0.5439291000366211,-0.006742715835571289,0.008649997413158417,0.09476377069950104,0.5506718158721924,0.5439291000366211,0.23051351308822632,0.27789542078971863,0.21881462633609772,0.17817547917366028
33,S1,ComHvy,local,local,0,local,local,0,0.518082857131958,0.5734789371490479,0.055396080017089844,0.010631490498781204,0.11079216003417969,0.518082857131958,0.5734789371490479,0.22330203652381897,0.16916707158088684,0.2586151361465454,0.2573540210723877
33,S1,BWHvy,local,local,0,local,local,0,0.48760420083999634,0.4680027365684509,-0.01960146427154541,0.0019806809723377228,0.05544252693653107,0.48760420083999634,0.4680027365684509,0.24684612452983856,0.2745673954486847,0.2655496597290039,0.2574298679828644
33,S2,LatCrit,local,local,0,local,local,0,0.5023285746574402,0.5370008945465088,0.034672319889068604,0.008284162729978561,0.10514883697032928,0.5023285746574402,0.5370008945465088,0.25022807717323303,0.26813018321990967,0.24744334816932678,0.19486893713474274
33,S2,ComHvy,local,local,0,local,local,0,0.5135911703109741,0.5545052289962769,0.040914058685302734,0.0033894293010234833,0.08182811737060547,0.5135911703109741,0.5545052289962769,0.2406718134880066,0.21852973103523254,0.2457370162010193,0.2269650399684906
33,S2,BWHvy,local,local,0,local,local,0,0.4805558919906616,0.49825161695480347,0.017695724964141846,0.0006266683340072632,0.035391464829444885,0.4805558919906616,0.49825161695480347,0.2792109251022339,0.26991504430770874,0.24023319780826569,0.2318333387374878
33,S3,LatCrit,local,local,0,local,local,0,0.48726987838745117,0.4663390517234802,-0.020930826663970947,0.0076243579387664795,0.10704565048217773,0.48726987838745117,0.4663390517234802,0.25373491644859314,0.2211429476737976,0.2589951753616333,0.31251803040504456
33,S3,ComHvy,local,local,0,local,local,0,0.4854450821876526,0.44700777530670166,-0.03843730688095093,0.0034940969198942184,0.07687461376190186,0.4854450821876526,0.44700777530670166,0.2500697374343872,0.2563526928424835,0.2644851803779602,0.2966395318508148
33,S3,BWHvy,local,local,0,local,local,0,0.4780575633049011,0.4528408646583557,-0.02521669864654541,0.00251611415296793,0.06037767231464386,0.4780575633049011,0.4528408646583557,0.23564578592777252,0.26583462953567505,0.28629663586616516,0.28132450580596924
33,S4,LatCrit,local,local,0,local,local,0,0.4610200524330139,0.45962202548980713,-0.0013980269432067871,0.0008952738717198372,0.03241981565952301,0.4610200524330139,0.45962202548980713,0.2835671603679657,0.299777090549469,0.2554127871990204,0.24060092866420746
33,S4,ComHvy,local,local,0,local,BS1,1,0.4793062210083008,0.4504910707473755,-0.028815150260925293,0.03280434012413025,0.21363599598407745,0.4793062210083008,0.4504910707473755,0.25199416279792786,0.358812153339386,0.26869961619377136,0.19069676101207733
33,S4,BWHvy,local,local,0,local,local,0,0.5086026191711426,0.5838837623596191,0.07528114318847656,0.011925701051950455,0.1505623310804367,0.5086026191711426,0.5838837623596191,0.22382968664169312,0.18102805316448212,0.2675677239894867,0.23508816957473755
33,S5,LatCrit,local,local,0,local,local,0,0.5291978120803833,0.5066412687301636,-0.022556543350219727,0.002773704007267952,0.06687475740909576,0.5291978120803833,0.5066412687301636,0.25889983773231506,0.29233723878860474,0.21190233528614044,0.20102152228355408
33,S5,ComHvy,local,local,0,local,local,0,0.5260655283927917,0.42646974325180054,-0.09959578514099121,0.02059483528137207,0.19919154047966003,0.5260655283927917,0.42646974325180054,0.2309621274471283,0.29369446635246277,0.24297234416007996,0.2798357605934143
33,S5,BWHvy,local,local,0,local,local,0,0.49213969707489014,0.4900020360946655,-0.0021376609802246094,0.0001989351585507393,0.016127169132232666,0.49213969707489014,0.4900020360946655,0.24664844572544098,0.24072252213954926,0.2612118721008301,0.2692754566669464
33,S6,LatCrit,local,local,0,local,local,0,0.46785372495651245,0.5056260824203491,0.03777235746383667,0.007257063873112202,0.10419546067714691,0.46785372495651245,0.5056260824203491,0.28626030683517456,0.2341625839471817,0.245885968208313,0.26021134853363037
33,S6,ComHvy,local,local,0,local,local,0,0.5035526752471924,0.5063789486885071,0.0028262734413146973,0.0016044378280639648,0.04194197058677673,0.5035526752471924,0.5063789486885071,0.23532366752624512,0.21435269713401794,0.2611236274242401,0.279268354177475
33,S6,BWHvy,local,local,0,local,local,0,0.5053759813308716,0.4266396760940552,-0.0787363052368164,0.012537207454442978,0.15747259557247162,0.5053759813308716,0.4266396760940552,0.22249610722064972,0.2596719264984131,0.2721278965473175,0.31368836760520935
33,S7,LatCrit,local,local,0,local,local,0,0.5391151905059814,0.47850531339645386,-0.06060987710952759,0.012258498929440975,0.13539589941501617,0.5391151905059814,0.47850531339645386,0.22660744190216064,0.2943054139614105,0.23427735269069672,0.227189302444458
33,S7,ComHvy,local,local,0,local,local,0,0.4710596203804016,0.5621431469917297,0.09108352661132812,0.018008187413215637,0.18216706812381744,0.4710596203804016,0.5621431469917297,0.2605879604816437,0.23115456104278564,0.2683524191379547,0.20670227706432343
33,S7,BWHvy,local,local,0,local,local,0,0.47509628534317017,0.4674827456474304,-0.007613539695739746,0.00023670378141105175,0.019694402813911438,0.47509628534317017,0.4674827456474304,0.2883843779563904,0.2982315719127655,0.23651935160160065,0.23428568243980408
33,S8,LatCrit,local,local,0,local,BS1,1,0.5216419100761414,0.45960909128189087,-0.06203281879425049,0.01542479358613491,0.15532878041267395,0.5216419100761414,0.45960909128189087,0.2259102314710617,0.3035746216773987,0.25244787335395813,0.23681630194187164
33,S8,ComHvy,local,local,0,local,local,0,0.5354059338569641,0.5460799932479858,0.010674059391021729,0.003365233540534973,0.06236980855464935,0.5354059338569641,0.5460799932479858,0.2447362095117569,0.26524704694747925,0.219857856631279,0.18867294490337372
33,S8,BWHvy,local,local,0,local,local,0,0.4635997414588928,0.4406493902206421,-0.022950351238250732,0.008154457435011864,0.11212606728076935,0.4635997414588928,0.4406493902206421,0.24906839430332184,0.3051314353942871,0.28733184933662415,0.2542191743850708
34,S1,LatCrit,local,local,0,local,local,0,0.5490197539329529,0.5367151498794556,-0.012304604053497314,0.005119305104017258,0.07968661189079285,0.5490197539329529,0.5367151498794556,0.22357238829135895,0.19603368639945984,0.22740785777568817,0.2672511637210846
34,S1,ComHvy,local,local,0,local,local,0,0.5129565000534058,0.4661305546760559,-0.046825945377349854,0.006245940923690796,0.09624558687210083,0.5129565000534058,0.4661305546760559,0.22666050493717194,0.225363627076149,0.2603830397129059,0.3085058033466339
34,S1,BWHvy,local,local,0,BS1,BS1,0,0.4881463646888733,0.5073384642601013,0.019192099571228027,0.0008842898532748222,0.03838422894477844,0.4881463646888733,0.5073384642601013,0.24599404633045197,0.24268288910388947,0.26585960388183594,0.24997863173484802
34,S2,LatCrit,local,local,0,local,local,0,0.4998193383216858,0.5289521813392639,0.029132843017578125,0.00203789584338665,0.05826568603515625,0.4998193383216858,0.5289521813392639,0.2537701725959778,0.24763613939285278,0.24641048908233643,0.2234116792678833
34,S2,ComHvy,local,local,0,local,local,0,0.5125692486763,0.5005732178688049,-0.011996030807495117,0.004044950008392334,0.07378588616847992,0.5125692486763,0.5005732178688049,0.24303410947322845,0.21813718974590302,0.2443966418504715,0.28128957748413086
34,S2,BWHvy,local,local,0,local,local,0,0.4767349362373352,0.5073896646499634,0.030654728412628174,0.0019776802510023117,0.06130947172641754,0.4767349362373352,0.5073896646499634,0.2934275269508362,0.27150341868400574,0.2298375368118286,0.2211069017648697
34,S3,LatCrit,local,local,0,local,local,0,0.4876372218132019,0.5211105942726135,0.03347337245941162,0.004539280664175749,0.07905338704586029,0.4876372218132019,0.5211105942726135,0.2585640847682953,0.21903739869594574,0.2537986636161804,0.25985199213027954
34,S3,ComHvy,local,local,0,local,local,0,0.48804163932800293,0.437602698802948,-0.05043894052505493,0.005744077265262604,0.10087785124778748,0.48804163932800293,0.437602698802948,0.2544468641281128,0.2657969892024994,0.25751152634620667,0.2966003119945526
34,S3,BWHvy,local,local,0,local,local,0,0.47672945261001587,0.4439232349395752,-0.032806217670440674,0.01376006007194519,0.14691530168056488,0.47672945261001587,0.4439232349395752,0.24125130474567413,0.314708948135376,0.2820192575454712,0.24136781692504883
34,S4,LatCrit,local,local,0,local,local,0,0.47652626037597656,0.4712011218070984,-0.005325138568878174,0.0001138647785410285,0.013238370418548584,0.47652626037597656,0.4712011218070984,0.2673409879207611,0.2739601731300354,0.25613272190093994,0.2548386752605438
34,S4,ComHvy,local,local,0,local,local,0,0.4808353781700134,0.47767412662506104,-0.0031612515449523926,0.0029058586806058884,0.05791528522968292,0.4808353781700134,0.47767412662506104,0.23582474887371063,0.2647823989391327,0.28333985805511475,0.2575434744358063
34,S4,BWHvy,local,local,0,local,local,0,0.497566819190979,0.4749295115470886,-0.02263730764389038,0.0010901959612965584,0.045274630188941956,0.497566819190979,0.4749295115470886,0.2253459244966507,0.23967015743255615,0.2770872712135315,0.2854003608226776
34,S5,LatCrit,local,local,0,local,local,0,0.5258164405822754,0.5671881437301636,0.041371703147888184,0.022386811673641205,0.15342780947685242,0.5258164405822754,0.5671881437301636,0.26341569423675537,0.2987578809261322,0.21076786518096924,0.13405394554138184
34,S5,ComHvy,local,local,0,local,local,0,0.5348296761512756,0.5670948028564453,0.03226512670516968,0.008150860667228699,0.1008511334657669,0.5348296761512756,0.5670948028564453,0.22835507988929749,0.17792949080467224,0.23681525886058807,0.25497567653656006
34,S5,BWHvy,local,local,0,local,local,0,0.4926683306694031,0.4943498373031616,0.001681506633758545,3.0453549697995186e-05,0.006723746657371521,0.4926683306694031,0.4943498373031616,0.24658368527889252,0.24826404452323914,0.2607479989528656,0.25738611817359924
34,S6,LatCrit,local,local,0,BS1,BS2,1,0.4779636263847351,0.46819978952407837,-0.009763836860656738,0.008574437350034714,0.1041279286146164,0.4779636263847351,0.46819978952407837,0.2819536626338959,0.239653542637825,0.24008271098136902,0.2921466827392578
34,S6,ComHvy,local,local,0,BS2,local,1,0.5006144046783447,0.5766181945800781,0.0760037899017334,0.013811368495225906,0.15200762450695038,0.5006144046783447,0.5766181945800781,0.23943352699279785,0.18359564244747162,0.2599520981311798,0.23978614807128906
34,S6,BWHvy,local,local,0,local,local,0,0.5200845003128052,0.5286915898323059,0.008607089519500732,0.00035198312252759933,0.022955074906349182,0.5200845003128052,0.5286915898323059,0.22196350991725922,0.22483396530151367,0.2579519748687744,0.24647444486618042
34,S7,LatCrit,local,local,0,local,local,0,0.5420858860015869,0.5533912777900696,0.011305391788482666,0.0010178238153457642,0.036752164363861084,0.5420858860015869,0.5533912777900696,0.22424675524234772,0.20587068796157837,0.23366732895374298,0.24073803424835205
34,S7,ComHvy,local,local,0,local,local,0,0.47116684913635254,0.5288817882537842,0.05771493911743164,0.01031486876308918,0.1154298484325409,0.47116684913635254,0.5288817882537842,0.2633129060268402,0.2070212960243225,0.26552024483680725,0.2640969455242157
34,S7,BWHvy,local,local,0,local,local,0,0.47242218255996704,0.504609227180481,0.032187044620513916,0.002927071414887905,0.06437404453754425,0.47242218255996704,0.504609227180481,0.2879801392555237,0.25633662939071655,0.23959766328334808,0.23905417323112488
34,S8,LatCrit,local,local,0,local,local,0,0.532260000705719,0.49788349866867065,-0.03437650203704834,0.00892106257379055,0.11748507618904114,0.532260000705719,0.49788349866867065,0.23045231401920319,0.28919485211372375,0.23728768527507782,0.2129216492176056
34,S8,ComHvy,local,local,0,local,local,0,0.530356228351593,0.5009243488311768,-0.02943187952041626,0.003033696673810482,0.06753431260585785,0.530356228351593,0.5009243488311768,0.24372737109661102,0.27749451994895935,0.22591641545295715,0.2215811312198639
34,S8,BWHvy,local,local,0,local,local,0,0.47142863273620605,0.4161563515663147,-0.05527228116989136,0.006548289209604263,0.1105445921421051,0.47142863273620605,0.4161563515663147,0.23509733378887177,0.24950124323368073,0.293474018573761,0.33434242010116577
35,S1,LatCrit,local,local,0,local,BS1,1,0.5362420082092285,0.4894651770591736,-0.04677683115005493,0.009127434343099594,0.11930903792381287,0.5362420082092285,0.4894651770591736,0.2327820211648941,0.2199043333530426,0.23097597062587738,0.2906304895877838
35,S1,ComHvy,local,local,0,local,local,0,0.5182557106018066,0.5077354907989502,-0.010520219802856445,0.00022316118702292442,0.021040380001068115,0.5182557106018066,0.5077354907989502,0.21964462101459503,0.2250872701406479,0.2620997130870819,0.2671772241592407
35,S1,BWHvy,local,local,0,local,local,0,0.4886922240257263,0.5625724792480469,0.07388025522232056,0.011589806526899338,0.1477605551481247,0.4886922240257263,0.5625724792480469,0.24831902980804443,0.20189647376537323,0.26298877596855164,0.2355310320854187
35,S2,LatCrit,local,local,0,local,local,0,0.5027673244476318,0.5293917655944824,0.026624441146850586,0.004081571474671364,0.07533137500286102,0.5027673244476318,0.5293917655944824,0.24985015392303467,0.21218444406986237,0.24738255143165588,0.258423775434494
35,S2,ComHvy,local,local,0,local,BS2,1,0.5002284049987793,0.4088892340660095,-0.09133917093276978,0.025463737547397614,0.20157332718372345,0.5002284049987793,0.4088892340660095,0.24282212555408478,0.23337462544441223,0.2569494843482971,0.35773614048957825
35,S2,BWHvy,local,local,0,local,local,0,0.47143036127090454,0.48045384883880615,0.009023487567901611,0.015600834041833878,0.13441814482212067,0.47143036127090454,0.48045384883880615,0.28168949484825134,0.2144804149866104,0.24688014388084412,0.30506572127342224
35,S3,LatCrit,local,local,0,local,local,0,0.5025795698165894,0.555160641670227,0.052581071853637695,0.008847624063491821,0.10516209900379181,0.5025795698165894,0.555160641670227,0.238620787858963,0.18802614510059357,0.25879961252212524,0.2568132281303406
35,S3,ComHvy,local,local,0,local,local,0,0.4890814423561096,0.525549054145813,0.03646761178970337,0.008146453648805618,0.10468775033950806,0.4890814423561096,0.525549054145813,0.2608288824558258,0.27670514583587646,0.2500896751880646,0.19774580001831055
35,S3,BWHvy,local,local,0,local,local,0,0.48674696683883667,0.47939562797546387,-0.007351338863372803,0.0020022671669721603,0.051319658756256104,0.48674696683883667,0.47939562797546387,0.23177284002304077,0.2574326694011688,0.28148019313812256,0.2631717026233673
35,S4,LatCrit,local,local,0,local,local,0,0.4747539758682251,0.4175112247467041,-0.057242751121520996,0.007902264595031738,0.1144854724407196,0.4747539758682251,0.4175112247467041,0.2682519555091858,0.2775113582611084,0.2569940686225891,0.3049773871898651
35,S4,ComHvy,local,local,0,BS2,BS2,0,0.47304636240005493,0.49649906158447266,0.023452699184417725,0.004460632801055908,0.08089564740657806,0.47304636240005493,0.49649906158447266,0.2559848129749298,0.2729799449443817,0.27096882462501526,0.23052100837230682
35,S4,BWHvy,local,local,0,local,BS2,1,0.4910261034965515,0.4065206050872803,-0.08450549840927124,0.015288174152374268,0.16901101171970367,0.4910261034965515,0.4065206050872803,0.2264193892478943,0.24825753271579742,0.2825545072555542,0.3452218770980835
35,S5,LatCrit,local,local,0,local,local,0,0.5249218940734863,0.6486272811889648,0.12370538711547852,0.03592329099774361,0.247410848736763,0.5249218940734863,0.6486272811889648,0.2502933442592621,0.1632039099931717,0.22478479146957397,0.18816876411437988
35,S5,ComHvy,local,local,0,local,local,0,0.5254709720611572,0.542911171913147,0.017440199851989746,0.0006140628829598427,0.03488034009933472,0.5254709720611572,0.542911171913147,0.2222406566143036,0.21479587256908417,0.2522883415222168,0.24229298532009125
35,S5,BWHvy,local,local,0,local,local,0,0.48700761795043945,0.46711796522140503,-0.019889652729034424,0.0010473225265741348,0.03977930545806885,0.48700761795043945,0.46711796522140503,0.2526434659957886,0.27082154154777527,0.260348916053772,0.2620604932308197
35,S6,LatCrit,local,local,0,local,local,0,0.47396647930145264,0.47044146060943604,-0.0035250186920166016,0.02242232859134674,0.15555550158023834,0.47396647930145264,0.47044146060943604,0.2711927890777588,0.19694004952907562,0.2548407316207886,0.33261847496032715
35,S6,ComHvy,local,local,0,local,local,0,0.5039526224136353,0.562401294708252,0.0584486722946167,0.011141829192638397,0.11689735949039459,0.5039526224136353,0.562401294708252,0.22752200067043304,0.17248648405075073,0.2685253918170929,0.2651122212409973
35,S6,BWHvy,local,local,0,BS2,BS2,0,0.5133728981018066,0.5132617950439453,-0.00011110305786132812,0.0009995019063353539,0.0310390442609787,0.5133728981018066,0.5132617950439453,0.22142420709133148,0.20601579546928406,0.2652028501033783,0.28072237968444824
35,S7,LatCrit,local,local,0,local,local,0,0.5340632796287537,0.5134475231170654,-0.020615756511688232,0.01623588800430298,0.14353984594345093,0.5340632796287537,0.5134475231170654,0.22564511001110077,0.17449095845222473,0.24029161036014557,0.3120615482330322
35,S7,ComHvy,local,local,0,local,local,0,0.4635152816772461,0.476837694644928,0.013322412967681885,0.0019194670021533966,0.05272340774536133,0.4635152816772461,0.476837694644928,0.26016244292259216,0.2338007390499115,0.27632227540016174,0.2893615663051605
35,S7,BWHvy,local,local,0,local,local,0,0.4892117381095886,0.5381476283073425,0.048935890197753906,0.0067653777077794075,0.097871795296669,0.4892117381095886,0.5381476283073425,0.28671589493751526,0.2390417903661728,0.2240723818540573,0.22281058132648468
35,S8,LatCrit,local,local,0,local,local,0,0.5261327028274536,0.4426596164703369,-0.0834730863571167,0.014399707317352295,0.16694623231887817,0.5261327028274536,0.4426596164703369,0.2246084362268448,0.25285401940345764,0.24925880134105682,0.30448636412620544
35,S8,ComHvy,local,local,0,local,local,0,0.5364009141921997,0.5572205781936646,0.020819664001464844,0.0009271241724491119,0.04163932800292969,0.5364009141921997,0.5572205781936646,0.24341775476932526,0.2357727587223053,0.22018128633499146,0.20700661838054657
35,S8,BWHvy,local,local,0,local,local,0,0.4638952612876892,0.4548664093017578,-0.009028851985931396,0.00450688973069191,0.07761360704898834,0.4638952612876892,0.4548664093017578,0.24520467221736908,0.28401145339012146,0.2909000813961029,0.26112210750579834
36,S1,LatCrit,local,local,0,BS1,BS1,0,0.5410593748092651,0.46810251474380493,-0.0729568600654602,0.020077727735042572,0.17976787686347961,0.5410593748092651,0.46810251474380493,0.2288610190153122,0.2119339108467102,0.23007963597774506,0.3199635446071625
36,S1,ComHvy,local,local,0,local,BS1,1,0.504656195640564,0.44091904163360596,-0.06373715400695801,0.02572433277964592,0.20741239190101624,0.504656195640564,0.44091904163360596,0.23281539976596832,0.33652159571647644,0.2625284194946289,0.2225593775510788
36,S1,BWHvy,local,local,0,local,local,0,0.5056107044219971,0.6129883527755737,0.10737764835357666,0.024405144155025482,0.21475528180599213,0.5056107044219971,0.6129883527755737,0.23809795081615448,0.17600755393505096,0.25629135966300964,0.2110041230916977
36,S2,LatCrit,local,local,0,local,local,0,0.49896931648254395,0.45915061235427856,-0.03981870412826538,0.012000791728496552,0.1399817317724228,0.49896931648254395,0.45915061235427856,0.2543383836746216,0.22416624426841736,0.24669228494167328,0.31668317317962646
36,S2,ComHvy,local,local,0,local,local,0,0.505782961845398,0.44506651163101196,-0.060716450214385986,0.008285824209451675,0.12143297493457794,0.505782961845398,0.44506651163101196,0.24806348979473114,0.2620777487754822,0.24615350365638733,0.29285576939582825
36,S2,BWHvy,local,local,0,local,local,0,0.47002071142196655,0.4920462965965271,0.022025585174560547,0.026632778346538544,0.17786455154418945,0.47002071142196655,0.4920462965965271,0.27278128266334534,0.1838490068912506,0.2571980059146881,0.3241046965122223
36,S3,LatCrit,local,local,0,local,local,0,0.47932499647140503,0.45032721757888794,-0.02899777889251709,0.02083572745323181,0.17536187171936035,0.47932499647140503,0.45032721757888794,0.25192156434059143,0.19323840737342834,0.26875343918800354,0.3564343750476837
36,S3,ComHvy,local,local,0,local,local,0,0.48457276821136475,0.43360084295272827,-0.050971925258636475,0.009116294793784618,0.12012909352779388,0.48457276821136475,0.43360084295272827,0.25798913836479187,0.318053662776947,0.25743812322616577,0.2483454793691635
36,S3,BWHvy,local,local,0,local,local,0,0.47746914625167847,0.4767451286315918,-0.0007240176200866699,0.01782657951116562,0.13645122945308685,0.47746914625167847,0.4767451286315918,0.24109722673892975,0.3093228340148926,0.281433641910553,0.21393203735351562
36,S4,LatCrit,local,local,0,local,local,0,0.47513091564178467,0.44555777311325073,-0.029573142528533936,0.005256678909063339,0.09269165992736816,0.47513091564178467,0.44555777311325073,0.26898884773254395,0.2522161602973938,0.255880206823349,0.3022260367870331
36,S4,ComHvy,local,local,0,local,local,0,0.4817846417427063,0.5265038013458252,0.044719159603118896,0.007573511451482773,0.095651775598526,0.4817846417427063,0.5265038013458252,0.23667208850383759,0.1888461858034134,0.2815432846546173,0.2846499979496002
36,S4,BWHvy,local,local,0,local,local,0,0.49751341342926025,0.40812772512435913,-0.08938568830490112,0.019439317286014557,0.17877139151096344,0.49751341342926025,0.40812772512435913,0.22238509356975555,0.2292672097682953,0.280101478099823,0.3626050651073456
36,S5,LatCrit,local,local,0,local,local,0,0.5273815393447876,0.6309860944747925,0.10360455513000488,0.03332281857728958,0.20720911026000977,0.5273815393447876,0.6309860944747925,0.24965587258338928,0.15538880228996277,0.2229626178741455,0.21362513303756714
36,S5,ComHvy,local,local,0,local,local,0,0.5268853902816772,0.4933951497077942,-0.03349024057388306,0.0022526010870933533,0.06698049604892731,0.5268853902816772,0.4933951497077942,0.23032444715499878,0.24509906768798828,0.24279017746448517,0.2615058124065399
36,S5,BWHvy,local,local,0,BS2,local,1,0.49859267473220825,0.5484844446182251,0.049891769886016846,0.008692536503076553,0.10464031994342804,0.49859267473220825,0.5484844446182251,0.24994738399982452,0.2523757815361023,0.25145992636680603,0.1991397738456726
36,S6,LatCrit,local,local,0,BS2,BS2,0,0.47192591428756714,0.4861987829208374,0.014272868633270264,0.0006369752809405327,0.02854570746421814,0.47192591428756714,0.4861987829208374,0.28466594219207764,0.2845019996166229,0.24340811371803284,0.22929921746253967
36,S6,ComHvy,local,local,0,local,local,0,0.5088704824447632,0.533245861530304,0.02437537908554077,0.0033652596175670624,0.06846271455287933,0.5088704824447632,0.533245861530304,0.24310250580310822,0.2529584765434265,0.2480270266532898,0.21379566192626953
36,S6,BWHvy,local,local,0,local,local,0,0.513340175151825,0.5849357843399048,0.07159560918807983,0.014750979840755463,0.14319118857383728,0.513340175151825,0.5849357843399048,0.23260758817195892,0.22603389620780945,0.25405222177505493,0.18903033435344696
36,S7,LatCrit,local,local,0,local,local,0,0.5339906215667725,0.4624529480934143,-0.07153767347335815,0.013169310986995697,0.14307533204555511,0.5339906215667725,0.4624529480934143,0.22177556157112122,0.2259962409734726,0.24423381686210632,0.3115507960319519
36,S7,ComHvy,local,local,0,BS2,BS2,0,0.4752179980278015,0.4714692234992981,-0.003748774528503418,0.0070518627762794495,0.08967426419258118,0.4752179980278015,0.4714692234992981,0.26377394795417786,0.2226855754852295,0.26100805401802063,0.30584517121315
36,S7,BWHvy,local,local,0,local,local,0,0.49790579080581665,0.551311731338501,0.053405940532684326,0.005737362429499626,0.10681191086769104,0.49790579080581665,0.551311731338501,0.2680143415927887,0.23866598308086395,0.23407986760139465,0.21002225577831268
36,S8,LatCrit,local,local,0,local,local,0,0.5181140899658203,0.4343658685684204,-0.0837482213973999,0.014750305563211441,0.167496457695961,0.5181140899658203,0.4343658685684204,0.22894255816936493,0.2544367015361786,0.25294333696365356,0.311197429895401
36,S8,ComHvy,local,local,0,local,local,0,0.5187802314758301,0.4632774591445923,-0.05550277233123779,0.018799014389514923,0.1756647825241089,0.5187802314758301,0.4632774591445923,0.24797335267066956,0.2156437188386917,0.23324646055698395,0.3210788369178772
36,S8,BWHvy,local,local,0,local,local,0,0.47693610191345215,0.5329122543334961,0.055976152420043945,0.008165284991264343,0.1119522750377655,0.47693610191345215,0.5329122543334961,0.24482348561286926,0.238468199968338,0.2782403826713562,0.2286195456981659
37,S1,LatCrit,local,local,0,local,local,0,0.5446598529815674,0.4338717460632324,-0.11078810691833496,0.03297347575426102,0.22157618403434753,0.5446598529815674,0.4338717460632324,0.22486330568790436,0.22618922591209412,0.23047684133052826,0.3399389982223511
37,S1,ComHvy,local,local,0,local,local,0,0.5019065141677856,0.43041712045669556,-0.07148939371109009,0.011362813413143158,0.14297878742218018,0.5019065141677856,0.43041712045669556,0.23629125952720642,0.25186026096343994,0.26180222630500793,0.3177226185798645
37,S1,BWHvy,local,local,0,local,local,0,0.506485641002655,0.5570888519287109,0.05060321092605591,0.006932843942195177,0.10120643675327301,0.506485641002655,0.5570888519287109,0.2431158721446991,0.19945624470710754,0.2503984868526459,0.24345488846302032
37,S2,LatCrit,local,local,0,local,local,0,0.5030957460403442,0.5086044073104858,0.0055086612701416016,0.0001836894080042839,0.01638658344745636,0.5030957460403442,0.5086044073104858,0.2508472502231598,0.25353190302848816,0.24605698883533478,0.2378637194633484
37,S2,ComHvy,local,local,0,BS1,BS1,0,0.5016701817512512,0.4097413420677185,-0.09192883968353271,0.02569182962179184,0.20162919163703918,0.5016701817512512,0.4097413420677185,0.2442559450864792,0.2353702038526535,0.2540738582611084,0.3548884689807892
37,S2,BWHvy,local,local,0,local,local,0,0.4790664315223694,0.4853821396827698,0.006315708160400391,0.013654287904500961,0.12307211756706238,0.4790664315223694,0.4853821396827698,0.2698705792427063,0.2083345353603363,0.25106295943260193,0.3062833249568939
37,S3,LatCrit,local,local,0,local,local,0,0.4798990488052368,0.46315526962280273,-0.016743779182434082,0.02527608722448349,0.17855261266231537,0.4798990488052368,0.46315526962280273,0.2628975212574005,0.1903650015592575,0.25720342993736267,0.34647974371910095
37,S3,ComHvy,local,local,0,local,local,0,0.49261999130249023,0.5206071138381958,0.027987122535705566,0.024941444396972656,0.17127755284309387,0.49261999130249023,0.5206071138381958,0.2488049566745758,0.306456595659256,0.25857505202293396,0.17293626070022583
37,S3,BWHvy,local,local,0,local,local,0,0.48737627267837524,0.4551032781600952,-0.03227299451828003,0.003240601159632206,0.06483703851699829,0.48737627267837524,0.4551032781600952,0.22621464729309082,0.25863316655158997,0.28640908002853394,0.2862635552883148
37,S4,LatCrit,local,local,0,local,local,0,0.4608744978904724,0.38644540309906006,-0.07442909479141235,0.01179628074169159,0.1488582193851471,0.4608744978904724,0.38644540309906006,0.2783053517341614,0.30582761764526367,0.2608201503753662,0.30772700905799866
37,S4,ComHvy,local,local,0,local,local,0,0.48605483770370483,0.5349414348602295,0.04888659715652466,0.0066099613904953,0.09777320921421051,0.48605483770370483,0.5349414348602295,0.24424409866333008,0.2405814379453659,0.2697010934352875,0.2244771420955658
37,S4,BWHvy,local,local,0,local,local,0,0.5077643990516663,0.48823612928390503,-0.01952826976776123,0.0013908129185438156,0.046625927090644836,0.5077643990516663,0.48823612928390503,0.22859527170658112,0.22481060028076172,0.26364031434059143,0.28695330023765564
37,S5,LatCrit,local,local,0,local,local,0,0.5199196338653564,0.6163721084594727,0.09645247459411621,0.048765987157821655,0.23401053249835968,0.5199196338653564,0.6163721084594727,0.2535799443721771,0.1365746408700943,0.22650045156478882,0.24705320596694946
37,S5,ComHvy,local,local,0,local,local,0,0.533496618270874,0.4608832597732544,-0.07261335849761963,0.013548925518989563,0.14522673189640045,0.533496618270874,0.4608832597732544,0.23230579495429993,0.29885417222976685,0.23419755697250366,0.24026255309581757
37,S5,BWHvy,local,local,0,local,BS2,1,0.49747616052627563,0.4890417456626892,-0.008434414863586426,0.0001710844226181507,0.01686885952949524,0.49747616052627563,0.4890417456626892,0.245606929063797,0.24699556827545166,0.25691691040992737,0.2639627158641815
37,S6,LatCrit,local,local,0,local,local,0,0.4705527424812317,0.4944062829017639,0.023853540420532227,0.0013280753046274185,0.04770711064338684,0.4705527424812317,0.4944062829017639,0.295362263917923,0.2887507379055023,0.23408499360084534,0.21684294939041138
37,S6,ComHvy,local,local,0,local,local,0,0.5031613111495972,0.5292106866836548,0.026049375534057617,0.0022134894970804453,0.05224442481994629,0.5031613111495972,0.5292106866836548,0.23606900870800018,0.20994679629802704,0.26076966524124146,0.260842502117157
37,S6,BWHvy,local,local,0,local,local,0,0.49634402990341187,0.4497591257095337,-0.046584904193878174,0.010213039815425873,0.13239771127700806,0.49634402990341187,0.4497591257095337,0.23442742228507996,0.2148134708404541,0.2692285478115082,0.3354274034500122
37,S7,LatCrit,local,local,0,local,local,0,0.5360093116760254,0.49848270416259766,-0.037526607513427734,0.012543581426143646,0.1402970850467682,0.5360093116760254,0.49848270416259766,0.21915745735168457,0.1865355521440506,0.24483318626880646,0.31498175859451294
37,S7,ComHvy,local,local,0,local,local,0,0.4765908718109131,0.4955586791038513,0.018967807292938232,0.010252606123685837,0.11480599641799927,0.4765908718109131,0.4955586791038513,0.2654372751712799,0.20803427696228027,0.2579718828201294,0.2964070737361908
37,S7,BWHvy,local,local,0,local,local,0,0.499683678150177,0.48822951316833496,-0.011454164981842041,0.012073725461959839,0.12134292721748352,0.499683678150177,0.48822951316833496,0.27127763628959656,0.22206035256385803,0.22903868556022644,0.2897101640701294
37,S8,LatCrit,local,local,0,local,local,0,0.5232877731323242,0.4757174849510193,-0.04757028818130493,0.004538003355264664,0.09514057636260986,0.5232877731323242,0.4757174849510193,0.22698484361171722,0.2512036859989166,0.24972738325595856,0.2730788290500641
37,S8,ComHvy,local,local,0,BS1,local,1,0.5371603965759277,0.6035745739936829,0.06641417741775513,0.01598324440419674,0.13693861663341522,0.5371603965759277,0.6035745739936829,0.23941795527935028,0.17094866931438446,0.2234216034412384,0.22547675669193268
37,S8,BWHvy,local,local,0,BS1,BS1,0,0.4800822138786316,0.46477919816970825,-0.01530301570892334,0.029364921152591705,0.18988560140132904,0.4800822138786316,0.46477919816970825,0.246098592877388,0.3410413861274719,0.2738191783428192,0.19417938590049744
38,S1,LatCrit,local,local,0,local,local,0,0.5477316379547119,0.5746126174926758,0.026880979537963867,0.0014975136145949364,0.05376198887825012,0.5477316379547119,0.5746126174926758,0.23439255356788635,0.22277066111564636,0.21787579357624054,0.20261667668819427
38,S1,ComHvy,local,local,0,local,local,0,0.5020208358764648,0.5339665412902832,0.03194570541381836,0.012969626113772392,0.12195415794849396,0.5020208358764648,0.5339665412902832,0.2173469066619873,0.15636985003948212,0.2806321978569031,0.3096635937690735
38,S1,BWHvy,local,local,0,local,local,0,0.4988251328468323,0.4734209179878235,-0.02540421485900879,0.003019035793840885,0.06851053237915039,0.4988251328468323,0.4734209179878235,0.24497613310813904,0.27923139929771423,0.2561987340450287,0.24734768271446228
38,S2,LatCrit,local,local,0,local,local,0,0.5127114057540894,0.5022733211517334,-0.010438084602355957,0.013919647783041,0.12628746032714844,0.5127114057540894,0.5022733211517334,0.25588446855545044,0.31902819871902466,0.2314041256904602,0.17869848012924194
38,S2,ComHvy,local,local,0,local,local,0,0.5123624801635742,0.5269935727119446,0.014631092548370361,0.003119431436061859,0.06403501331806183,0.5123624801635742,0.5269935727119446,0.24576422572135925,0.2631506323814392,0.24187329411506653,0.20985578000545502
38,S2,BWHvy,local,local,0,local,local,0,0.4738055467605591,0.4117521047592163,-0.06205344200134277,0.01178627461194992,0.13460123538970947,0.4738055467605591,0.4117521047592163,0.25893479585647583,0.25368762016296387,0.2672596573829651,0.3345602750778198
38,S3,LatCrit,local,local,0,local,local,0,0.5009958744049072,0.5157448053359985,0.014748930931091309,0.007126159965991974,0.0934186577796936,0.5009958744049072,0.5157448053359985,0.2505890727043152,0.2825494706630707,0.2484150379896164,0.2017057090997696
38,S3,ComHvy,local,local,0,local,BS1,1,0.4825408458709717,0.45372164249420166,-0.02881920337677002,0.0019331388175487518,0.05763842165470123,0.4825408458709717,0.45372164249420166,0.2727372944355011,0.27922800183296204,0.24472187459468842,0.2670503854751587
38,S3,BWHvy,local,BS2,1,local,BS2,1,0.48571813106536865,0.3949121832847595,-0.09080594778060913,0.026764854788780212,0.21443665027618408,0.48571813106536865,0.3784998059272766,0.2145112007856369,0.22658802568912506,0.29977068305015564,0.3949121832847595
38,S4,LatCrit,local,local,0,local,local,0,0.47026342153549194,0.4635118842124939,-0.006751537322998047,0.019885901361703873,0.14964477717876434,0.47026342153549194,0.4635118842124939,0.27734196186065674,0.3521643579006195,0.25239458680152893,0.1843237429857254
38,S4,ComHvy,local,local,0,local,local,0,0.48020297288894653,0.49839818477630615,0.01819521188735962,0.016681432723999023,0.14278456568717957,0.48020297288894653,0.49839818477630615,0.24541911482810974,0.2986162006855011,0.2743779122829437,0.20298564434051514
38,S4,BWHvy,local,local,0,local,local,0,0.5058076977729797,0.5959353446960449,0.09012764692306519,0.016589820384979248,0.18025529384613037,0.5058076977729797,0.5959353446960449,0.215936541557312,0.17456300556659698,0.27825576066970825,0.2295016497373581
38,S5,LatCrit,local,local,0,local,local,0,0.5223461389541626,0.48438674211502075,-0.037959396839141846,0.003628571517765522,0.07591879367828369,0.5223461389541626,0.48438674211502075,0.2529153525829315,0.2873523533344269,0.22473850846290588,0.22826090455055237
38,S5,ComHvy,local,local,0,BS2,BS2,0,0.5228724479675293,0.5265206098556519,0.0036481618881225586,0.0010093720629811287,0.033623501658439636,0.5228724479675293,0.5265206098556519,0.22319279611110687,0.20638105273246765,0.25393471121788025,0.2670983076095581
38,S5,BWHvy,local,local,0,local,local,0,0.48903775215148926,0.45937108993530273,-0.029666662216186523,0.0018930332735180855,0.05933329463005066,0.48903775215148926,0.45937108993530273,0.24009951949119568,0.26003003120422363,0.27086272835731506,0.28059884905815125
38,S6,LatCrit,local,local,0,local,BS2,1,0.46377962827682495,0.4694364666938782,0.005656838417053223,0.013128500431776047,0.1226685643196106,0.46377962827682495,0.4694364666938782,0.28691864013671875,0.22558434307575226,0.2493017464876175,0.3049791753292084
38,S6,ComHvy,local,local,0,local,local,0,0.5090312361717224,0.5145355463027954,0.005504310131072998,0.0008135084062814713,0.03254617750644684,0.5090312361717224,0.5145355463027954,0.2383032590150833,0.24907201528549194,0.25266551971435547,0.23639240860939026
38,S6,BWHvy,local,local,0,local,BS2,1,0.4930427670478821,0.4332069754600525,-0.05983579158782959,0.00776163674890995,0.11967158317565918,0.4930427670478821,0.4332069754600525,0.23253336548805237,0.272938996553421,0.27442386746406555,0.2938540279865265
38,S7,LatCrit,local,local,0,local,local,0,0.5480929613113403,0.569446861743927,0.02135390043258667,0.0025916020385921,0.05625094473361969,0.5480929613113403,0.569446861743927,0.20788170397281647,0.17975619435310364,0.24402537941932678,0.250796914100647
38,S7,ComHvy,local,local,0,local,local,0,0.4680165648460388,0.5430776476860046,0.07506108283996582,0.011310283094644547,0.15012219548225403,0.4680165648460388,0.5430776476860046,0.27166786789894104,0.23173759877681732,0.26031559705734253,0.22518475353717804
38,S7,BWHvy,local,local,0,local,local,0,0.5079165697097778,0.5690725445747375,0.06115597486495972,0.02480342425405979,0.17936058342456818,0.5079165697097778,0.5690725445747375,0.2656312584877014,0.17595094442367554,0.22645218670368195,0.2549764811992645
38,S8,LatCrit,local,local,0,local,local,0,0.50908362865448,0.4753403663635254,-0.03374326229095459,0.020566590130329132,0.17376618087291718,0.50908362865448,0.4753403663635254,0.2336561232805252,0.3205392062664032,0.257260262966156,0.2041204273700714
38,S8,ComHvy,local,local,0,local,local,0,0.535935640335083,0.5383028984069824,0.002367258071899414,0.020270254462957382,0.13460706174373627,0.535935640335083,0.5383028984069824,0.2414071261882782,0.3063434362411499,0.22265717387199402,0.15535368025302887
38,S8,BWHvy,local,local,0,BS1,BS1,0,0.45412135124206543,0.3984936475753784,-0.05562770366668701,0.00636918842792511,0.11125543713569641,0.45412135124206543,0.3984936475753784,0.25574663281440735,0.28157129883766174,0.29013198614120483,0.31993505358695984
39,S1,LatCrit,local,local,0,local,BS2,1,0.5463722348213196,0.4831539988517761,-0.06321823596954346,0.008097149431705475,0.12643644213676453,0.5463722348213196,0.4831539988517761,0.22783906757831573,0.2542654871940613,0.22578872740268707,0.2625805139541626
39,S1,ComHvy,local,local,0,local,local,0,0.5052534341812134,0.5265543460845947,0.021300911903381348,0.003966324031352997,0.0757291316986084,0.5052534341812134,0.5265543460845947,0.22628900408744812,0.24285264313220978,0.2684575617313385,0.2305929809808731
39,S1,BWHvy,local,local,0,local,BS2,1,0.4991636872291565,0.40239518880844116,-0.09676849842071533,0.024014830589294434,0.19353699684143066,0.4991636872291565,0.40239518880844116,0.24417465925216675,0.2497919201850891,0.25666165351867676,0.3478128910064697
39,S2,LatCrit,local,local,0,local,local,0,0.510226845741272,0.49761533737182617,-0.0126115083694458,0.0024671750143170357,0.05975978076457977,0.510226845741272,0.49761533737182617,0.24991755187511444,0.27979743480682373,0.2398555874824524,0.2225871980190277
39,S2,ComHvy,local,local,0,local,local,0,0.5176410675048828,0.5335389375686646,0.01589787006378174,0.008679088205099106,0.10132448375225067,0.5176410675048828,0.5335389375686646,0.23851577937602997,0.27328014373779297,0.2438431829214096,0.19318093359470367
39,S2,BWHvy,local,local,0,local,local,0,0.4736872911453247,0.5030165314674377,0.029329240322113037,0.010396191850304604,0.11974014341831207,0.4736872911453247,0.5030165314674377,0.2693147659301758,0.20944468677043915,0.2569979429244995,0.2875387668609619
39,S3,LatCrit,local,local,0,local,local,0,0.4863054156303406,0.4689054489135742,-0.017399966716766357,0.006635461002588272,0.09814798831939697,0.4863054156303406,0.4689054489135742,0.26057344675064087,0.22889941930770874,0.25312110781669617,0.30219510197639465
39,S3,ComHvy,local,local,0,local,local,0,0.47816818952560425,0.41903841495513916,-0.05912977457046509,0.023941539227962494,0.2053191065788269,0.47816818952560425,0.41903841495513916,0.25320789217948914,0.20967811346054077,0.2686239182949066,0.37128347158432007
39,S3,BWHvy,local,local,0,local,local,0,0.4859486222267151,0.4642230272293091,-0.021725594997406006,0.007306238636374474,0.10247571766376495,0.4859486222267151,0.4642230272293091,0.21728087961673737,0.26851874589920044,0.29677048325538635,0.2672582268714905
39,S4,LatCrit,local,local,0,local,local,0,0.4627003073692322,0.5052909851074219,0.0425906777381897,0.003815031610429287,0.08518140017986298,0.4627003073692322,0.5052909851074219,0.27090194821357727,0.2429475337266922,0.26639777421951294,0.25176146626472473
39,S4,ComHvy,local,local,0,local,local,0,0.48405545949935913,0.48448580503463745,0.0004303455352783203,0.0017881058156490326,0.043343037366867065,0.48405545949935913,0.48448580503463745,0.2488832026720047,0.2701243758201599,0.26706135272979736,0.24538983404636383
39,S4,BWHvy,local,local,0,local,local,0,0.5129954814910889,0.5235716104507446,0.010576128959655762,0.009874723851680756,0.10592129826545715,0.5129954814910889,0.5235716104507446,0.22574669122695923,0.26813119649887085,0.2612578570842743,0.20829719305038452
39,S5,LatCrit,local,local,0,local,local,0,0.5261785387992859,0.5025056600570679,-0.023672878742218018,0.0013457480818033218,0.047345757484436035,0.5261785387992859,0.5025056600570679,0.25604763627052307,0.2612000107765198,0.21777385473251343,0.23629435896873474
39,S5,ComHvy,local,local,0,local,local,0,0.5237998962402344,0.42009931802749634,-0.10370057821273804,0.0399836003780365,0.26513662934303284,0.5237998962402344,0.42009931802749634,0.22477369010448456,0.19590593874454498,0.25142642855644226,0.3839947283267975
39,S5,BWHvy,local,local,0,local,local,0,0.4979005455970764,0.4928646683692932,-0.005035877227783203,6.591714918613434e-05,0.010071679949760437,0.4979005455970764,0.4928646683692932,0.23666998744010925,0.23708097636699677,0.2654294967651367,0.27005431056022644
39,S6,LatCrit,local,local,0,local,local,0,0.47785496711730957,0.5337740182876587,0.05591905117034912,0.008646896108984947,0.11183814704418182,0.47785496711730957,0.5337740182876587,0.2852848470211029,0.2324766367673874,0.23686020076274872,0.23374931514263153
39,S6,ComHvy,local,local,0,local,local,0,0.49954932928085327,0.5149596333503723,0.015410304069519043,0.007273711264133453,0.09481590986251831,0.49954932928085327,0.5149596333503723,0.25027522444725037,0.2822728753089905,0.25017544627189636,0.2027674913406372
39,S6,BWHvy,local,local,0,local,local,0,0.4987337589263916,0.5023237466812134,0.0035899877548217773,4.921422805637121e-05,0.008148521184921265,0.4987337589263916,0.5023237466812134,0.23409821093082428,0.23002393543720245,0.2671680450439453,0.267652302980423
39,S7,LatCrit,local,local,0,local,local,0,0.5480963587760925,0.4453681707382202,-0.10272818803787231,0.024783147498965263,0.20545640587806702,0.5480963587760925,0.4453681707382202,0.21302445232868195,0.2963860332965851,0.23887918889522552,0.2582458257675171
39,S7,ComHvy,local,local,0,local,local,0,0.4672302007675171,0.5167029500007629,0.04947274923324585,0.011814646422863007,0.12713053822517395,0.4672302007675171,0.5167029500007629,0.26769256591796875,0.20412728190422058,0.26507723331451416,0.2791697382926941
39,S7,BWHvy,local,local,0,local,local,0,0.4994482398033142,0.47807979583740234,-0.021368443965911865,0.0021446458995342255,0.05639137327671051,0.4994482398033142,0.47807979583740234,0.2685013711452484,0.2616741359233856,0.23205037415027618,0.26024606823921204
39,S8,LatCrit,local,local,0,local,local,0,0.515338659286499,0.4758865237236023,-0.03945213556289673,0.003189288079738617,0.07890427112579346,0.515338659286499,0.4758865237236023,0.22506800293922424,0.24795392155647278,0.2595933675765991,0.2761595845222473
39,S8,ComHvy,local,local,0,local,local,0,0.5284223556518555,0.461622953414917,-0.06679940223693848,0.009182209149003029,0.13359883427619934,0.5284223556518555,0.461622953414917,0.2466317117214203,0.29013127088546753,0.22494591772556305,0.24824579060077667
39,S8,BWHvy,local,local,0,BS2,local,1,0.4724351167678833,0.46818822622299194,-0.004246890544891357,0.0034279096871614456,0.06424765288829803,0.4724351167678833,0.46818822622299194,0.2464791089296341,0.2786029577255249,0.2810857594013214,0.25320884585380554
40,S1,LatCrit,local,local,0,local,local,0,0.5560060739517212,0.5510058403015137,-0.0050002336502075195,0.009003929793834686,0.0943109542131424,0.5560060739517212,0.5510058403015137,0.2234327644109726,0.18127749860286713,0.220561221241951,0.2677166759967804
40,S1,ComHvy,local,local,0,local,local,0,0.5023064613342285,0.5735865831375122,0.07128012180328369,0.014705676585435867,0.14256027340888977,0.5023064613342285,0.5735865831375122,0.23112638294696808,0.22645248472690582,0.2665671706199646,0.19996091723442078
40,S1,BWHvy,local,local,0,local,local,0,0.4892135262489319,0.4460211992263794,-0.04319232702255249,0.006337597034871578,0.09800654649734497,0.4892135262489319,0.4460211992263794,0.2506697177886963,0.2996729910373688,0.2601167559623718,0.25430580973625183
40,S2,LatCrit,local,local,0,local,local,0,0.5067399740219116,0.5179688930511475,0.01122891902923584,0.0016687121242284775,0.04770322144031525,0.5067399740219116,0.5179688930511475,0.24659989774227142,0.2227482795715332,0.24666014313697815,0.25928282737731934
40,S2,ComHvy,local,local,0,local,local,0,0.5245894193649292,0.5452607870101929,0.020671367645263672,0.0034157074987888336,0.0675438642501831,0.5245894193649292,0.5452607870101929,0.23922953009605408,0.25233006477355957,0.2361810803413391,0.20240911841392517
40,S2,BWHvy,local,local,0,local,local,0,0.4730830192565918,0.45756590366363525,-0.015517115592956543,0.0038243550807237625,0.07704727351665497,0.4730830192565918,0.45756590366363525,0.28312936425209045,0.32165297865867615,0.24378764629364014,0.2207811027765274
40,S3,LatCrit,local,local,0,local,local,0,0.48525041341781616,0.46725988388061523,-0.017990529537200928,0.0034306030720472336,0.07359999418258667,0.48525041341781616,0.46725988388061523,0.2646285593509674,0.30142855644226074,0.25012102723121643,0.23131155967712402
40,S3,ComHvy,local,local,0,BS1,BS2,1,0.48750948905944824,0.43774497509002686,-0.04976451396942139,0.010923996567726135,0.1339488923549652,0.48750948905944824,0.43774497509002686,0.2613148093223572,0.24410486221313477,0.25117573142051697,0.3181501626968384
40,S3,BWHvy,local,local,0,local,local,0,0.49213099479675293,0.4684702157974243,-0.023660778999328613,0.0011806683614850044,0.04732155799865723,0.49213099479675293,0.4684702157974243,0.22799897193908691,0.2426324188709259,0.27987006306648254,0.28889739513397217
40,S4,LatCrit,local,local,0,BS1,local,1,0.4848276972770691,0.5335495471954346,0.04872184991836548,0.006074383854866028,0.09744369983673096,0.4848276972770691,0.5335495471954346,0.2607231140136719,0.2527197003364563,0.2544492185115814,0.21373078227043152
40,S4,ComHvy,local,local,0,local,local,0,0.48760950565338135,0.48111891746520996,-0.006490588188171387,0.0025080814957618713,0.0561639666557312,0.48760950565338135,0.48111891746520996,0.22755342721939087,0.2556353807449341,0.28483709692955017,0.26324567198753357
40,S4,BWHvy,local,local,0,local,local,0,0.5023206472396851,0.5573452711105347,0.05502462387084961,0.012078281491994858,0.12668512761592865,0.5023206472396851,0.5573452711105347,0.23459841310977936,0.24291634559631348,0.2630809545516968,0.19973838329315186
40,S5,LatCrit,local,local,0,local,local,0,0.5156857371330261,0.4442138671875,-0.07147186994552612,0.01077704131603241,0.14294371008872986,0.5156857371330261,0.4442138671875,0.26591646671295166,0.2924762964248657,0.2183978259563446,0.2633098363876343
40,S5,ComHvy,local,local,0,local,local,0,0.5307440757751465,0.5418305397033691,0.011086463928222656,0.007756493985652924,0.09140780568122864,0.5307440757751465,0.5418305397033691,0.2242889106273651,0.17858503758907318,0.24496696889400482,0.27958443760871887
40,S5,BWHvy,local,local,0,local,local,0,0.49941182136535645,0.5140458941459656,0.01463407278060913,0.00043047498911619186,0.02926814556121826,0.49941182136535645,0.5140458941459656,0.23537702858448029,0.22780553996562958,0.26521116495132446,0.25814858078956604
40,S6,LatCrit,local,local,0,local,local,0,0.4761456251144409,0.5356926321983337,0.05954700708389282,0.008355110883712769,0.11909399926662445,0.4761456251144409,0.5356926321983337,0.3041701316833496,0.2536622881889343,0.21968424320220947,0.21064509451389313
40,S6,ComHvy,local,local,0,local,local,0,0.4928339719772339,0.48932909965515137,-0.0035048723220825195,0.002930581569671631,0.05800950527191162,0.4928339719772339,0.48932909965515137,0.24736356735229492,0.27636831998825073,0.2598024606704712,0.2343025803565979
40,S6,BWHvy,local,local,0,local,local,0,0.5147758722305298,0.4932239055633545,-0.021551966667175293,0.00305118877440691,0.06799034774303436,0.5147758722305298,0.4932239055633545,0.2320505678653717,0.2660457491874695,0.2531735301017761,0.24073033034801483
40,S7,LatCrit,local,local,0,local,local,0,0.5478278398513794,0.5499657988548279,0.0021379590034484863,0.0014951489865779877,0.03845794498920441,0.5478278398513794,0.5499657988548279,0.2208915501832962,0.2016625702381134,0.2312806248664856,0.24837163090705872
40,S7,ComHvy,local,local,0,local,local,0,0.4651779532432556,0.49079716205596924,0.025619208812713623,0.005434766411781311,0.08976590633392334,0.4651779532432556,0.49079716205596924,0.2781076729297638,0.23322471976280212,0.2567143738269806,0.27597811818122864
40,S7,BWHvy,local,local,0,local,local,0,0.493038535118103,0.5110236406326294,0.017985105514526367,0.0025710435584187508,0.061957478523254395,0.493038535118103,0.5110236406326294,0.27305030822753906,0.24207155406475067,0.2339111566543579,0.24690477550029755
40,S8,LatCrit,local,local,0,local,local,0,0.5343553423881531,0.4880327582359314,-0.04632258415222168,0.0043130479753017426,0.09264516830444336,0.5343553423881531,0.4880327582359314,0.2176620215177536,0.23699498176574707,0.24798263609409332,0.27497225999832153
40,S8,ComHvy,local,local,0,local,local,0,0.5267690420150757,0.4862704277038574,-0.04049861431121826,0.007716812193393707,0.11092661321163177,0.5267690420150757,0.4862704277038574,0.2395714521408081,0.2950347661972046,0.23365949094295502,0.218694806098938
40,S8,BWHvy,local,local,0,local,local,0,0.49057143926620483,0.5321927070617676,0.041621267795562744,0.0035243500024080276,0.08324255049228668,0.49057143926620483,0.5321927070617676,0.23672907054424286,0.22077766060829163,0.2726995050907135,0.2470296323299408
41,S1,LatCrit,local,local,0,local,local,0,0.5564922094345093,0.5275486707687378,-0.028943538665771484,0.003939338028430939,0.0761215090751648,0.5564922094345093,0.5275486707687378,0.2189030796289444,0.2569637894630432,0.2246047556400299,0.2154874950647354
41,S1,ComHvy,local,local,0,local,local,0,0.4990096092224121,0.4428907632827759,-0.05611884593963623,0.014342628419399261,0.15661188960075378,0.4990096092224121,0.4428907632827759,0.240389883518219,0.21820279955863953,0.2606004774570465,0.3389064371585846
41,S1,BWHvy,local,local,0,local,local,0,0.4958786368370056,0.42865127325057983,-0.06722736358642578,0.013026919215917587,0.13879089057445526,0.4958786368370056,0.42865127325057983,0.2485385537147522,0.24637047946453094,0.2555827796459198,0.324978232383728
41,S2,LatCrit,local,local,0,local,local,0,0.492923378944397,0.4407728314399719,-0.05215054750442505,0.008655569516122341,0.11476048827171326,0.492923378944397,0.4407728314399719,0.2547709047794342,0.312151163816452,0.2523057162761688,0.24707603454589844
41,S2,ComHvy,local,local,0,local,local,0,0.5282520055770874,0.5557385683059692,0.027486562728881836,0.0015269061550498009,0.05497317016124725,0.5282520055770874,0.5557385683059692,0.2384287416934967,0.22384117543697357,0.2333192676305771,0.2204202264547348
41,S2,BWHvy,local,local,0,local,local,0,0.4750467538833618,0.491926908493042,0.016880154609680176,0.001384912058711052,0.04347403347492218,0.4750467538833618,0.491926908493042,0.2855822443962097,0.2904391288757324,0.23937097191810608,0.21763397753238678
41,S3,LatCrit,local,local,0,local,local,0,0.465320348739624,0.45767903327941895,-0.007641315460205078,0.0010831411927938461,0.03965690732002258,0.465320348739624,0.45767903327941895,0.28681376576423645,0.27462661266326904,0.24786588549613953,0.2676943242549896
41,S3,ComHvy,local,local,0,local,local,0,0.4795268177986145,0.47199517488479614,-0.007531642913818359,0.005767058581113815,0.0848744809627533,0.4795268177986145,0.47199517488479614,0.2502594292163849,0.2153538167476654,0.2702137529850006,0.31265097856521606
41,S3,BWHvy,local,local,0,local,BS1,1,0.4776439070701599,0.39626914262771606,-0.08137476444244385,0.0211421400308609,0.17539836466312408,0.4776439070701599,0.39626914262771606,0.23360209167003632,0.32130128145217896,0.2887539863586426,0.282429575920105
41,S4,LatCrit,local,local,0,local,local,0,0.4739324450492859,0.5196247696876526,0.0456923246383667,0.004453337751328945,0.09138461947441101,0.4739324450492859,0.5196247696876526,0.2700549364089966,0.23882471024990082,0.25601261854171753,0.24155054986476898
41,S4,ComHvy,local,local,0,local,local,0,0.4841364026069641,0.4698184132575989,-0.014317989349365234,0.03809450566768646,0.21229411661624908,0.4841364026069641,0.4698184132575989,0.2330275923013687,0.33917465806007385,0.2828359603881836,0.19100689888000488
41,S4,BWHvy,local,local,0,local,local,0,0.4939573407173157,0.5291354656219482,0.03517812490463257,0.003909777849912643,0.07287926971912384,0.4939573407173157,0.5291354656219482,0.23648536205291748,0.23774684965610504,0.26955732703208923,0.23311766982078552
41,S5,LatCrit,local,local,0,local,BS1,1,0.5216333866119385,0.46195369958877563,-0.05967968702316284,0.019596979022026062,0.18438807129859924,0.5216333866119385,0.46195369958877563,0.26281729340553284,0.35501131415367126,0.21554934978485107,0.1830349862575531
41,S5,ComHvy,local,local,0,local,BS1,1,0.5169537663459778,0.3817281723022461,-0.1352255940437317,0.03793022781610489,0.27045124769210815,0.5169537663459778,0.3817281723022461,0.24429449439048767,0.3002590239048004,0.23875172436237335,0.3180128335952759
41,S5,BWHvy,local,local,0,local,local,0,0.5055030584335327,0.4472450017929077,-0.058258056640625,0.006935128942131996,0.11651608347892761,0.5055030584335327,0.4472450017929077,0.23745113611221313,0.2712935209274292,0.25704583525657654,0.2814614772796631
41,S6,LatCrit,local,local,0,local,local,0,0.4759777784347534,0.48736572265625,0.011387944221496582,0.0019014636054635048,0.05325444042682648,0.4759777784347534,0.48736572265625,0.294034868478775,0.2674076557159424,0.22998738288879395,0.2452266663312912
41,S6,ComHvy,local,local,0,local,BS2,1,0.48528462648391724,0.4705798625946045,-0.014704763889312744,0.006805673241615295,0.09756235778331757,0.48528462648391724,0.4705798625946045,0.2543683350086212,0.22029192745685577,0.26034703850746155,0.3091282248497009
41,S6,BWHvy,local,local,0,local,local,0,0.5034017562866211,0.3996683359146118,-0.10373342037200928,0.02340862900018692,0.20746685564517975,0.5034017562866211,0.3996683359146118,0.24195660650730133,0.26961514353752136,0.25464165210723877,0.3307165503501892
41,S7,LatCrit,local,local,0,local,local,0,0.5440267324447632,0.49286895990371704,-0.05115777254104614,0.01829635724425316,0.17023245990276337,0.5440267324447632,0.49286895990371704,0.22405703365802765,0.30917325615882874,0.23191621899604797,0.19795775413513184
41,S7,ComHvy,local,local,0,local,local,0,0.4674597382545471,0.5261106491088867,0.0586509108543396,0.010413691401481628,0.11730177700519562,0.4674597382545471,0.5261106491088867,0.2628738284111023,0.2611287236213684,0.2696664333343506,0.21276067197322845
41,S7,BWHvy,local,local,0,local,local,0,0.47026723623275757,0.3935074806213379,-0.07675975561141968,0.013232696801424026,0.15351948142051697,0.47026723623275757,0.3935074806213379,0.28061801195144653,0.34083911776542664,0.2491147816181183,0.2656534016132355
41,S8,LatCrit,local,local,0,local,local,0,0.5281442403793335,0.581131100654602,0.052986860275268555,0.012786053121089935,0.13193482160568237,0.5281442403793335,0.581131100654602,0.20710188150405884,0.22008244693279266,0.2647538483142853,0.19878645241260529
41,S8,ComHvy,local,local,0,local,local,0,0.519232451915741,0.5193788409233093,0.00014638900756835938,0.0031747519969940186,0.055059194564819336,0.519232451915741,0.5193788409233093,0.24692456424236298,0.2743077874183655,0.23384296894073486,0.2063133865594864
41,S8,BWHvy,local,local,0,local,local,0,0.4937177300453186,0.41750872135162354,-0.07620900869369507,0.014838160946965218,0.15241797268390656,0.4937177300453186,0.41750872135162354,0.24496807157993317,0.3137890696525574,0.2613142132759094,0.2687021791934967
42,S1,LatCrit,local,local,0,local,local,0,0.5501395463943481,0.5266590118408203,-0.023480534553527832,0.0014304295182228088,0.046961039304733276,0.5501395463943481,0.5266590118408203,0.21815401315689087,0.23849952220916748,0.23170648515224457,0.2348414808511734
42,S1,ComHvy,local,local,0,local,BS2,1,0.5056461095809937,0.47323155403137207,-0.03241455554962158,0.03124631941318512,0.20757272839546204,0.5056461095809937,0.47323155403137207,0.23604579269886017,0.16467396914958954,0.2583081126213074,0.3620944619178772
42,S1,BWHvy,local,local,0,local,local,0,0.4954420328140259,0.5267589092254639,0.03131687641143799,0.002441094722598791,0.0626337081193924,0.4954420328140259,0.5267589092254639,0.24210399389266968,0.21681199967861176,0.26245397329330444,0.25642913579940796
42,S2,LatCrit,local,local,0,local,local,0,0.4922105669975281,0.4833439588546753,-0.008866608142852783,0.00025356945116072893,0.018805474042892456,0.4922105669975281,0.4833439588546753,0.2505456209182739,0.25994834303855896,0.2572438418865204,0.25670769810676575
42,S2,ComHvy,local,local,0,local,local,0,0.5228496789932251,0.5164240598678589,-0.006425619125366211,0.01592489704489708,0.1293252408504486,0.5228496789932251,0.5164240598678589,0.24457022547721863,0.18633325397968292,0.23258008062839508,0.2972427308559418
42,S2,BWHvy,local,local,0,local,local,0,0.47686588764190674,0.4870365262031555,0.01017063856124878,0.009037606418132782,0.10077325999736786,0.47686588764190674,0.4870365262031555,0.2896827459335327,0.32989874482154846,0.23345133662223816,0.18306471407413483
42,S3,LatCrit,local,local,0,local,local,0,0.4726383090019226,0.4821213483810425,0.009483039379119873,0.00024408521130681038,0.01896601915359497,0.4726383090019226,0.4821213483810425,0.2739747166633606,0.2650158107280731,0.2533869445323944,0.2528628706932068
42,S3,ComHvy,local,local,0,local,local,0,0.4918665289878845,0.5192282199859619,0.027361690998077393,0.0069422535598278046,0.09641329944133759,0.4918665289878845,0.5192282199859619,0.24719922244548798,0.19899258017539978,0.2609342336654663,0.2817791998386383
42,S3,BWHvy,local,local,0,local,local,0,0.4839766025543213,0.4199063181877136,-0.06407028436660767,0.009209133684635162,0.12814058363437653,0.4839766025543213,0.4199063181877136,0.2350030243396759,0.24741892516613007,0.2810203731060028,0.3326747715473175
42,S4,LatCrit,local,local,0,BS2,BS2,0,0.4803074598312378,0.472847580909729,-0.007459878921508789,0.0009744279086589813,0.03781549632549286,0.4803074598312378,0.472847580909729,0.25970497727394104,0.248257115483284,0.25998756289482117,0.2788953185081482
42,S4,ComHvy,local,local,0,local,local,0,0.48205751180648804,0.43748778104782104,-0.04456973075866699,0.04296061769127846,0.2548403739929199,0.48205751180648804,0.43748778104782104,0.23732586205005646,0.3647460639476776,0.2806166112422943,0.19776616990566254
42,S4,BWHvy,local,local,0,BS1,BS1,0,0.5014931559562683,0.559024453163147,0.05753129720687866,0.014604590833187103,0.1394137293100357,0.5014931559562683,0.559024453163147,0.23452752828598022,0.2467031031847,0.26397931575775146,0.1942724585533142
42,S5,LatCrit,local,local,0,local,local,0,0.5135027170181274,0.5082979202270508,-0.00520479679107666,0.0069924406707286835,0.08713677525520325,0.5135027170181274,0.5082979202270508,0.26117631793022156,0.3047447204589844,0.22532090544700623,0.18695732951164246
42,S5,ComHvy,local,local,0,local,local,0,0.5302507281303406,0.5323073863983154,0.0020566582679748535,0.00023170839995145798,0.01638178527355194,0.5302507281303406,0.5323073863983154,0.22703421115875244,0.2188432812690735,0.24271509051322937,0.2488492876291275
42,S5,BWHvy,local,local,0,local,local,0,0.4985448122024536,0.418759822845459,-0.07978498935699463,0.014471348375082016,0.15956997871398926,0.4985448122024536,0.418759822845459,0.24294516444206238,0.25870928168296814,0.2585100531578064,0.32253092527389526
42,S6,LatCrit,local,local,0,BS1,BS1,0,0.4767293334007263,0.4620290994644165,-0.014700233936309814,0.0011278558522462845,0.04040735960006714,0.4767293334007263,0.4620290994644165,0.2949693202972412,0.28946587443351746,0.22830134630203247,0.24850502610206604
42,S6,ComHvy,local,local,0,local,local,0,0.49648338556289673,0.5276936888694763,0.03121030330657959,0.00958445854485035,0.1108960509300232,0.49648338556289673,0.5276936888694763,0.24028953909873962,0.18484151363372803,0.26322707533836365,0.28746479749679565
42,S6,BWHvy,local,BS2,1,local,local,0,0.5068964958190918,0.4024388790130615,-0.10445761680603027,0.049137406051158905,0.28556013107299805,0.5068964958190918,0.37847161293029785,0.2334447056055069,0.21908950805664062,0.2596588134765625,0.4024388790130615
42,S7,LatCrit,local,local,0,local,local,0,0.5453051328659058,0.5930916666984558,0.04778653383255005,0.0051388125866651535,0.09557303786277771,0.5453051328659058,0.5930916666984558,0.22174401581287384,0.18932536244392395,0.2329508513212204,0.21758300065994263
42,S7,ComHvy,local,local,0,local,local,0,0.47009170055389404,0.5289771556854248,0.05888545513153076,0.010921504348516464,0.11777091026306152,0.47009170055389404,0.5289771556854248,0.26739469170570374,0.26641014218330383,0.26251357793807983,0.20461267232894897
42,S7,BWHvy,local,local,0,local,local,0,0.4870116710662842,0.46555542945861816,-0.021456241607666016,0.019204482436180115,0.1616363376379013,0.4870116710662842,0.46555542945861816,0.2687336504459381,0.20937171578407288,0.24425466358661652,0.3250728249549866
42,S8,LatCrit,local,local,0,local,local,0,0.5281045436859131,0.5922908782958984,0.06418633460998535,0.02846527099609375,0.18484242260456085,0.5281045436859131,0.5922908782958984,0.22385838627815247,0.25209325551986694,0.24803707003593445,0.15561585128307343
42,S8,ComHvy,local,local,0,local,local,0,0.5109859704971313,0.5118762850761414,0.0008903145790100098,0.008784204721450806,0.09210078418254852,0.5109859704971313,0.5118762850761414,0.2528257668018341,0.29798582196235657,0.23618832230567932,0.19013790786266327
42,S8,BWHvy,local,local,0,local,local,0,0.4937295913696289,0.4300220012664795,-0.06370759010314941,0.00997631624341011,0.12741518020629883,0.4937295913696289,0.4300220012664795,0.2439092993736267,0.2984464764595032,0.2623611092567444,0.27153152227401733
43,S1,LatCrit,local,local,0,local,BS2,1,0.5504981279373169,0.48441141843795776,-0.06608670949935913,0.008929405361413956,0.13217343389987946,0.5504981279373169,0.48441141843795776,0.219479501247406,0.259134441614151,0.2300223857164383,0.2564541697502136
43,S1,ComHvy,local,local,0,local,local,0,0.4985780119895935,0.4426721930503845,-0.055905818939208984,0.016230054199695587,0.1675383597612381,0.4985780119895935,0.4426721930503845,0.2393166571855545,0.21145328879356384,0.2621053457260132,0.34587451815605164
43,S1,BWHvy,local,local,0,local,local,0,0.5059565901756287,0.5493572950363159,0.043400704860687256,0.01449953019618988,0.1329125612974167,0.5059565901756287,0.5493572950363159,0.23307326436042786,0.1666169911623001,0.2609701454639435,0.28402572870254517
43,S2,LatCrit,local,local,0,BS2,BS2,0,0.48651057481765747,0.4553787112236023,-0.031131863594055176,0.0028020767495036125,0.06232193112373352,0.48651057481765747,0.4553787112236023,0.2550732493400574,0.28623420000076294,0.25841617584228516,0.2583870589733124
43,S2,ComHvy,local,local,0,local,local,0,0.5198527574539185,0.4918896555900574,-0.027963101863861084,0.0039781443774700165,0.0784829705953598,0.5198527574539185,0.4918896555900574,0.24300029873847961,0.2317219227552414,0.23714691400527954,0.27638840675354004
43,S2,BWHvy,local,local,0,BS1,local,1,0.482383131980896,0.5091835260391235,0.02680039405822754,0.0017070919275283813,0.05360078811645508,0.482383131980896,0.5091835260391235,0.28415602445602417,0.27731820940971375,0.23346085846424103,0.2134982794523239
43,S3,LatCrit,local,local,0,local,local,0,0.4763810634613037,0.49427729845046997,0.01789623498916626,0.0023524248972535133,0.05993130803108215,0.4763810634613037,0.49427729845046997,0.27871641516685486,0.24875077605247498,0.24490249156951904,0.25697192549705505
43,S3,ComHvy,local,local,0,BS1,local,1,0.4851422905921936,0.5190845727920532,0.03394228219985962,0.006161033175885677,0.09090884029865265,0.4851422905921936,0.5190845727920532,0.24666696786880493,0.201212540268898,0.26819074153900146,0.2797028720378876
43,S3,BWHvy,local,local,0,local,local,0,0.49313539266586304,0.47334712743759155,-0.019788265228271484,0.001099027693271637,0.040453553199768066,0.49313539266586304,0.47334712743759155,0.22407644987106323,0.22363793849945068,0.28278815746307373,0.30301493406295776
43,S4,LatCrit,local,local,0,local,local,0,0.4718235731124878,0.45386141538619995,-0.017962157726287842,0.0047410354018211365,0.08546705543994904,0.4718235731124878,0.45386141538619995,0.2684178650379181,0.2436465173959732,0.25975853204727173,0.30249208211898804
43,S4,ComHvy,local,local,0,local,local,0,0.485595166683197,0.47787415981292725,-0.007721006870269775,0.0179520882666111,0.14380234479904175,0.485595166683197,0.47787415981292725,0.22612856328487396,0.29802972078323364,0.2882762849330902,0.22409610450267792
43,S4,BWHvy,local,local,0,local,local,0,0.4912773370742798,0.45757150650024414,-0.033705830574035645,0.0038436921313405037,0.07351064682006836,0.4912773370742798,0.45757150650024414,0.2341386079788208,0.270893931388855,0.2745840549468994,0.2715345621109009
43,S5,LatCrit,local,local,0,local,local,0,0.5225975513458252,0.564734935760498,0.04213738441467285,0.0059957802295684814,0.08427473902702332,0.5225975513458252,0.564734935760498,0.26509663462638855,0.2631998360157013,0.21230579912662506,0.17206524312496185
43,S5,ComHvy,local,local,0,local,local,0,0.5265616178512573,0.48048824071884155,-0.04607337713241577,0.004258887842297554,0.09214678406715393,0.5265616178512573,0.48048824071884155,0.2394246906042099,0.26094838976860046,0.2340136617422104,0.258563369512558
43,S5,BWHvy,local,local,0,local,local,0,0.5035820007324219,0.449388325214386,-0.05419367551803589,0.007564965635538101,0.10838732123374939,0.5035820007324219,0.449388325214386,0.23469465970993042,0.23792490363121033,0.2617233693599701,0.3126867711544037
43,S6,LatCrit,local,local,0,local,local,0,0.4798225164413452,0.487234890460968,0.007412374019622803,0.0001286827027797699,0.014824703335762024,0.4798225164413452,0.487234890460968,0.29995113611221313,0.29782453179359436,0.22022631764411926,0.21494059264659882
43,S6,ComHvy,local,local,0,local,local,0,0.48916441202163696,0.5071446895599365,0.01798027753829956,0.0022701527923345566,0.056383758783340454,0.48916441202163696,0.5071446895599365,0.24527694284915924,0.21708504855632782,0.265558660030365,0.27577024698257446
43,S6,BWHvy,local,local,0,local,BS2,1,0.5043445229530334,0.4111281633377075,-0.09321635961532593,0.029687926173210144,0.22398705780506134,0.5043445229530334,0.4111281633377075,0.23908163607120514,0.2203044295310974,0.256573885679245,0.3685673773288727
43,S7,LatCrit,local,local,0,local,local,0,0.5471466779708862,0.5713624954223633,0.02421581745147705,0.0017752810381352901,0.04843159019947052,0.5471466779708862,0.5713624954223633,0.2276555597782135,0.204609677195549,0.22519774734973907,0.2240278571844101
43,S7,ComHvy,local,local,0,local,local,0,0.46123647689819336,0.5091074705123901,0.04787099361419678,0.004586700350046158,0.09574197232723236,0.46123647689819336,0.5091074705123901,0.27236056327819824,0.2484092265367508,0.2664029598236084,0.24248331785202026
43,S7,BWHvy,local,local,0,local,local,0,0.4862827658653259,0.46720486879348755,-0.01907789707183838,0.009585089981555939,0.11649693548679352,0.4862827658653259,0.46720486879348755,0.27359437942504883,0.23442380130290985,0.24012285470962524,0.2983713150024414
43,S8,LatCrit,local,local,0,local,local,0,0.5301976799964905,0.5675050020217896,0.03730732202529907,0.007479686290025711,0.10151304304599762,0.5301976799964905,0.5675050020217896,0.21401149034500122,0.22746071219444275,0.2557907998561859,0.2050343006849289
43,S8,ComHvy,local,local,0,local,local,0,0.5186067819595337,0.5144178867340088,-0.004188895225524902,0.0023752301931381226,0.051955029368400574,0.5186067819595337,0.5144178867340088,0.2505221664905548,0.2764996886253357,0.2308710366487503,0.20908242464065552
43,S8,BWHvy,local,local,0,local,BS1,1,0.49939364194869995,0.4663824439048767,-0.03301119804382324,0.011640936136245728,0.13447368144989014,0.49939364194869995,0.4663824439048767,0.23608329892158508,0.30332013964653015,0.26452305912971497,0.23029741644859314
44,S1,LatCrit,local,local,0,local,local,0,0.5436127185821533,0.4627460241317749,-0.08086669445037842,0.017789192497730255,0.16173341870307922,0.5436127185821533,0.4627460241317749,0.22130842506885529,0.22235293686389923,0.2350788712501526,0.31490108370780945
44,S1,ComHvy,local,local,0,local,local,0,0.4959613084793091,0.45552563667297363,-0.04043567180633545,0.004101868718862534,0.0808713436126709,0.4959613084793091,0.45552563667297363,0.2459123432636261,0.25016260147094727,0.2581263482570648,0.2943117618560791
44,S1,BWHvy,local,local,0,local,local,0,0.5082896947860718,0.5785074234008789,0.07021772861480713,0.01478368230164051,0.14043547213077545,0.5082896947860718,0.5785074234008789,0.23747789859771729,0.1744018942117691,0.2542324662208557,0.24709072709083557
44,S2,LatCrit,local,local,0,local,local,0,0.49362242221832275,0.41977089643478394,-0.07385152578353882,0.022125981748104095,0.19535428285598755,0.49362242221832275,0.41977089643478394,0.24632038176059723,0.22249476611614227,0.2600572109222412,0.357734352350235
44,S2,ComHvy,local,local,0,local,local,0,0.5195229053497314,0.4532002806663513,-0.06632262468338013,0.016610868275165558,0.16400335729122162,0.5195229053497314,0.4532002806663513,0.24001245200634003,0.22433339059352875,0.24046461284160614,0.32246628403663635
44,S2,BWHvy,local,local,0,BS1,BS1,0,0.4748747944831848,0.48670685291290283,0.011832058429718018,0.0031750984489917755,0.06659109890460968,0.4748747944831848,0.48670685291290283,0.2821032702922821,0.24880771338939667,0.24302193522453308,0.2644854187965393
44,S3,LatCrit,local,local,0,local,BS2,1,0.4662872552871704,0.43123459815979004,-0.03505265712738037,0.016547292470932007,0.16373474895954132,0.4662872552871704,0.43123459815979004,0.2694479525089264,0.2226332277059555,0.2642647922039032,0.34613215923309326
44,S3,ComHvy,local,local,0,local,local,0,0.4863818883895874,0.49044984579086304,0.004067957401275635,0.0006648460403084755,0.0293729305267334,0.4863818883895874,0.49044984579086304,0.254306435585022,0.2649249732494354,0.25931164622306824,0.24462521076202393
44,S3,BWHvy,local,local,0,local,local,0,0.49686354398727417,0.5076907873153687,0.010827243328094482,0.0011687539517879486,0.041889265179634094,0.49686354398727417,0.5076907873153687,0.22543366253376007,0.23555102944374084,0.27770280838012695,0.2567581534385681
44,S4,LatCrit,local,local,0,local,BS2,1,0.4728713035583496,0.4588303565979004,-0.014040946960449219,0.0064061954617500305,0.09528346359729767,0.4728713035583496,0.4588303565979004,0.2640996277332306,0.23049883544445038,0.2630290687084198,0.31067079305648804
44,S4,ComHvy,local,local,0,BS2,local,1,0.4828270673751831,0.47115886211395264,-0.011668205261230469,0.006764080375432968,0.0944620817899704,0.4828270673751831,0.47115886211395264,0.2385905385017395,0.2858215868473053,0.2785823941230774,0.24301956593990326
44,S4,BWHvy,local,local,0,local,local,0,0.49196845293045044,0.4614654779434204,-0.03050297498703003,0.010943923145532608,0.1300698071718216,0.49196845293045044,0.4614654779434204,0.2379142791032791,0.3029491901397705,0.27011725306510925,0.23558533191680908
44,S5,LatCrit,local,local,0,local,local,0,0.5185906887054443,0.5802890658378601,0.06169837713241577,0.01290955115109682,0.12555766105651855,0.5185906887054443,0.5802890658378601,0.25020837783813477,0.1874295175075531,0.23120097815990448,0.2322814017534256
44,S5,ComHvy,local,local,0,local,local,0,0.5242614150047302,0.508899450302124,-0.015361964702606201,0.0012599341571331024,0.04290272295475006,0.5242614150047302,0.508899450302124,0.22681210935115814,0.24826346337795258,0.24892646074295044,0.242837056517601
44,S5,BWHvy,local,local,0,local,BS1,1,0.49060338735580444,0.4078702926635742,-0.08273309469223022,0.015445835888385773,0.16546615958213806,0.49060338735580444,0.4078702926635742,0.2544398903846741,0.31846320629119873,0.25495675206184387,0.27366650104522705
44,S6,LatCrit,local,local,0,local,local,0,0.4781825542449951,0.5156428813934326,0.0374603271484375,0.002836553379893303,0.07492068409919739,0.4781825542449951,0.5156428813934326,0.2982470989227295,0.2793591618537903,0.22357036173343658,0.2049979418516159
44,S6,ComHvy,local,local,0,local,local,0,0.5037961602210999,0.5430958867073059,0.039299726486206055,0.0042569637298583984,0.0785994827747345,0.5037961602210999,0.5430958867073059,0.23707963526248932,0.23389321565628052,0.259124219417572,0.22301088273525238
44,S6,BWHvy,local,local,0,local,local,0,0.5118666887283325,0.5015645027160645,-0.010302186012268066,0.0005644429475069046,0.029680877923965454,0.5118666887283325,0.5015645027160645,0.23229938745498657,0.2277611494064331,0.2558339238166809,0.27067437767982483
44,S7,LatCrit,local,local,0,local,local,0,0.5322900414466858,0.5181549787521362,-0.01413506269454956,0.0045807845890522,0.07852140069007874,0.5322900414466858,0.5181549787521362,0.22586651146411896,0.20074087381362915,0.24184344708919525,0.2811041474342346
44,S7,ComHvy,local,local,0,local,local,0,0.4615081548690796,0.48574644327163696,0.024238288402557373,0.005234520882368088,0.08677500486373901,0.4615081548690796,0.48574644327163696,0.2660551071166992,0.2226676046848297,0.2724367380142212,0.2915859520435333
44,S7,BWHvy,local,local,0,local,local,0,0.5051418542861938,0.5312331914901733,0.026091337203979492,0.02183237299323082,0.16087082028388977,0.5051418542861938,0.5312331914901733,0.2614315152168274,0.1809961050748825,0.23342667520046234,0.28777074813842773
44,S8,LatCrit,local,local,0,local,local,0,0.5271512269973755,0.5288326740264893,0.0016814470291137695,6.304122507572174e-06,0.0033629387617111206,0.5271512269973755,0.5288326740264893,0.22331321239471436,0.22288477420806885,0.24953559041023254,0.2482825368642807
44,S8,ComHvy,local,local,0,local,local,0,0.5176030993461609,0.4914746880531311,-0.026128411293029785,0.0023985598236322403,0.0593467652797699,0.5176030993461609,0.4914746880531311,0.24143974483013153,0.23789477348327637,0.24095715582370758,0.27063053846359253
44,S8,BWHvy,local,local,0,local,local,0,0.4912550449371338,0.4901565909385681,-0.0010984539985656738,0.0025791190564632416,0.05230386555194855,0.4912550449371338,0.4901565909385681,0.23380079865455627,0.25995272397994995,0.27494415640830994,0.24989067018032074
45,S1,LatCrit,local,local,0,local,BS2,1,0.5406267642974854,0.4472452998161316,-0.09338146448135376,0.019744254648685455,0.18676289916038513,0.5406267642974854,0.4472452998161316,0.2277805209159851,0.2468898594379425,0.23159274458885193,0.3058648407459259
45,S1,ComHvy,local,local,0,local,local,0,0.4943510890007019,0.45780742168426514,-0.03654366731643677,0.005327336490154266,0.09391710162162781,0.4943510890007019,0.45780742168426514,0.236066997051239,0.22565212845802307,0.2695819139480591,0.3165404796600342
45,S1,BWHvy,local,local,0,local,local,0,0.5040131211280823,0.5437250137329102,0.03971189260482788,0.0034202346578240395,0.07942378520965576,0.5040131211280823,0.5437250137329102,0.2421446144580841,0.2154732644557953,0.25384223461151123,0.24080169200897217
45,S2,LatCrit,local,local,0,local,local,0,0.5004575848579407,0.49928170442581177,-0.0011758804321289062,0.00742514431476593,0.08657905459403992,0.5004575848579407,0.49928170442581177,0.2427792251110077,0.20066556334495544,0.256763219833374,0.3000527322292328
45,S2,ComHvy,local,local,0,BS1,BS2,1,0.5092763900756836,0.44662266969680786,-0.06265372037887573,0.023546844720840454,0.20006664097309113,0.5092763900756836,0.44662266969680786,0.2464008927345276,0.20902127027511597,0.24432273209095,0.3443560302257538
45,S2,BWHvy,local,local,0,local,local,0,0.47342002391815186,0.4258958101272583,-0.047524213790893555,0.00792713463306427,0.10971423983573914,0.47342002391815186,0.4258958101272583,0.2770496606826782,0.269716739654541,0.2495303452014923,0.3043874502182007
45,S3,LatCrit,local,local,0,BS1,local,1,0.4748423099517822,0.480110228061676,0.005267918109893799,0.01593077927827835,0.13114994764328003,0.4748423099517822,0.480110228061676,0.2621520459651947,0.1965770721435547,0.26300564408302307,0.3233126997947693
45,S3,ComHvy,local,local,0,local,local,0,0.4959452748298645,0.4906168580055237,-0.00532841682434082,0.017174597829580307,0.135297030210495,0.4959452748298645,0.4906168580055237,0.2594207525253296,0.3270692825317383,0.2446339726448059,0.18231388926506042
45,S3,BWHvy,local,local,0,local,local,0,0.5030558109283447,0.5328478217124939,0.02979201078414917,0.00363004207611084,0.07260008156299591,0.5030558109283447,0.5328478217124939,0.22751985490322113,0.2340278923511505,0.26942431926727295,0.2331242859363556
45,S4,LatCrit,local,local,0,local,local,0,0.4754108786582947,0.4888400435447693,0.01342916488647461,0.0007786829955875874,0.03391106426715851,0.4754108786582947,0.4888400435447693,0.26406851410865784,0.24711297452449799,0.2605206072330475,0.26404696702957153
45,S4,ComHvy,local,local,0,local,local,0,0.47918498516082764,0.4826536774635315,0.0034686923027038574,0.0004207957535982132,0.02391451597213745,0.47918498516082764,0.4826536774635315,0.23859018087387085,0.24707871675491333,0.2822248637676239,0.2702675759792328
45,S4,BWHvy,local,local,0,local,local,0,0.49429744482040405,0.4566993713378906,-0.03759807348251343,0.0028450563549995422,0.07519611716270447,0.49429744482040405,0.4566993713378906,0.23344147205352783,0.24945947527885437,0.2722610831260681,0.2938411235809326
45,S5,LatCrit,local,local,0,local,local,0,0.5014424324035645,0.48248541355133057,-0.018957018852233887,0.013703376054763794,0.1353534758090973,0.5014424324035645,0.48248541355133057,0.2612173855304718,0.21249768137931824,0.23734018206596375,0.3050169348716736
45,S5,ComHvy,local,local,0,local,local,0,0.5286252498626709,0.5009682178497314,-0.027657032012939453,0.0018997695297002792,0.05531403422355652,0.5286252498626709,0.5009682178497314,0.2251029759645462,0.22846294939517975,0.2462717890739441,0.2705688178539276
45,S5,BWHvy,local,local,0,local,local,0,0.4897286295890808,0.45898139476776123,-0.03074723482131958,0.0067848265171051025,0.10515375435352325,0.4897286295890808,0.45898139476776123,0.253974586725235,0.3065514862537384,0.2562967538833618,0.23446713387966156
45,S6,LatCrit,local,local,0,local,local,0,0.4675283432006836,0.4683753252029419,0.0008469820022583008,0.00015715043991804123,0.013484597206115723,0.4675283432006836,0.4683753252029419,0.29806190729141235,0.3039572238922119,0.23440977931022644,0.22766748070716858
45,S6,ComHvy,local,local,0,local,local,0,0.5093177556991577,0.5689057111740112,0.059587955474853516,0.010053484700620174,0.119175985455513,0.5093177556991577,0.5689057111740112,0.22248885035514832,0.17245392501354218,0.26819342374801636,0.258640319108963
45,S6,BWHvy,local,local,0,local,local,0,0.5186981558799744,0.5254310369491577,0.00673288106918335,0.00043933093547821045,0.025229737162590027,0.5186981558799744,0.5254310369491577,0.22439900040626526,0.23028098046779633,0.2569028437137604,0.24428796768188477
45,S7,LatCrit,local,local,0,BS2,BS2,0,0.5346384048461914,0.5387824773788452,0.004144072532653809,0.007585596293210983,0.08563943207263947,0.5346384048461914,0.5387824773788452,0.2195570021867752,0.17673729360103607,0.2458045929670334,0.2844802439212799
45,S7,ComHvy,local,local,0,local,local,0,0.4653387665748596,0.46372222900390625,-0.0016165375709533691,9.562703780829906e-06,0.0037878751754760742,0.4653387665748596,0.46372222900390625,0.2688641846179962,0.27075815200805664,0.2657970190048218,0.2655196487903595
45,S7,BWHvy,local,local,0,local,local,0,0.5025421977043152,0.5175833106040955,0.015041112899780273,0.01345902681350708,0.1266707479953766,0.5025421977043152,0.5175833106040955,0.27507251501083374,0.21173711121082306,0.22238533198833466,0.2706795632839203
45,S8,LatCrit,local,local,0,local,local,0,0.5318472385406494,0.552224338054657,0.02037709951400757,0.0044218264520168304,0.07593667507171631,0.5318472385406494,0.552224338054657,0.23062801361083984,0.24821923673152924,0.23752477765083313,0.19955642521381378
45,S8,ComHvy,local,local,0,local,local,0,0.5226572155952454,0.4973025321960449,-0.02535468339920044,0.004687249660491943,0.0850314348936081,0.5226572155952454,0.4973025321960449,0.24004732072353363,0.22288629412651062,0.2372954785823822,0.27981120347976685
45,S8,BWHvy,local,local,0,local,local,0,0.48903393745422363,0.48408734798431396,-0.004946589469909668,0.0035683121532201767,0.06512194871902466,0.48903393745422363,0.48408734798431396,0.2373475432395935,0.26990851759910583,0.27361851930618286,0.2460041344165802
46,S1,LatCrit,local,local,0,local,local,0,0.5488429665565491,0.4944413900375366,-0.05440157651901245,0.011182011105120182,0.13226884603500366,0.5488429665565491,0.4944413900375366,0.23126019537448883,0.29739463329315186,0.2198968380689621,0.2081640064716339
46,S1,ComHvy,local,local,0,local,BS1,1,0.4874418377876282,0.38646185398101807,-0.10097998380661011,0.02611609175801277,0.20195993781089783,0.4874418377876282,0.38646185398101807,0.22531622648239136,0.3130893111228943,0.28724193572998047,0.30044880509376526
46,S1,BWHvy,local,local,0,local,local,0,0.5071551203727722,0.5558644533157349,0.048709332942962646,0.013973284512758255,0.13252854347229004,0.5071551203727722,0.5558644533157349,0.24160510301589966,0.17534083127975464,0.25123974680900574,0.2687946856021881
46,S2,LatCrit,local,local,0,local,local,0,0.49435263872146606,0.44819092750549316,-0.0461617112159729,0.007296767085790634,0.10755327343940735,0.49435263872146606,0.44819092750549316,0.26124557852745056,0.31502223014831543,0.24440176784992218,0.2367868572473526
46,S2,ComHvy,local,local,0,local,local,0,0.5228432416915894,0.5487030744552612,0.025859832763671875,0.004295874387025833,0.0759216845035553,0.5228432416915894,0.5487030744552612,0.23827829957008362,0.2503793239593506,0.23887841403484344,0.200917586684227
46,S2,BWHvy,local,local,0,local,local,0,0.47649604082107544,0.4660641551017761,-0.010431885719299316,0.01371016725897789,0.13023945689201355,0.47649604082107544,0.4660641551017761,0.2671315371990204,0.21244367957115173,0.2563724219799042,0.32149213552474976
46,S3,LatCrit,local,local,0,local,local,0,0.508751630783081,0.5827966928482056,0.07404506206512451,0.014094606041908264,0.1480901539325714,0.508751630783081,0.5827966928482056,0.25914570689201355,0.24280709028244019,0.2321026772260666,0.17439620196819305
46,S3,ComHvy,local,local,0,local,local,0,0.48633134365081787,0.4595344662666321,-0.02679687738418579,0.005463922396302223,0.09459446370601654,0.48633134365081787,0.4595344662666321,0.2622205913066864,0.30951783061027527,0.2514480650424957,0.23094771802425385
46,S3,BWHvy,local,local,0,local,local,0,0.48758357763290405,0.5317535400390625,0.04416996240615845,0.004345918074250221,0.0883398950099945,0.48758357763290405,0.5317535400390625,0.22201815247535706,0.1933293640613556,0.2903982698917389,0.2749171257019043
46,S4,LatCrit,local,local,0,local,local,0,0.46884089708328247,0.4630281925201416,-0.005812704563140869,0.003338932991027832,0.06523217260837555,0.46884089708328247,0.4630281925201416,0.26354092359542847,0.23673753440380096,0.26761817932128906,0.30023425817489624
46,S4,ComHvy,local,local,0,local,local,0,0.48925381898880005,0.5332294702529907,0.043975651264190674,0.003941012546420097,0.08795133233070374,0.48925381898880005,0.5332294702529907,0.23783311247825623,0.22110792994499207,0.2729130685329437,0.24566256999969482
46,S4,BWHvy,local,local,0,local,local,0,0.4839611053466797,0.3958823084831238,-0.08807879686355591,0.01603744924068451,0.17615759372711182,0.4839611053466797,0.3958823084831238,0.2331744134426117,0.2660662531852722,0.2828644812107086,0.338051438331604
46,S5,LatCrit,local,local,0,local,local,0,0.5251626372337341,0.5048194527626038,-0.02034318447113037,0.008007168769836426,0.10526964068412781,0.5251626372337341,0.5048194527626038,0.2477205991744995,0.21542897820472717,0.22711673378944397,0.27975156903266907
46,S5,ComHvy,local,local,0,local,local,0,0.5271178483963013,0.45878875255584717,-0.0683290958404541,0.012333777733147144,0.1366582065820694,0.5271178483963013,0.45878875255584717,0.2331836074590683,0.29715776443481445,0.23969851434230804,0.24405346810817719
46,S5,BWHvy,local,local,0,local,local,0,0.4933456778526306,0.46229416131973267,-0.03105151653289795,0.0085309948772192,0.1173677146434784,0.4933456778526306,0.46229416131973267,0.25462648272514343,0.31331032514572144,0.25202786922454834,0.2243955135345459
46,S6,LatCrit,local,local,0,local,local,0,0.465068519115448,0.4635818600654602,-0.001486659049987793,1.1595431715250015e-05,0.004110231995582581,0.465068519115448,0.4635818600654602,0.2910418212413788,0.2904733419418335,0.2438896745443344,0.2459447681903839
46,S6,ComHvy,local,local,0,BS2,BS2,0,0.5064553022384644,0.5020725727081299,-0.004382729530334473,0.0008176770061254501,0.03240123391151428,0.5064553022384644,0.5020725727081299,0.24187874794006348,0.23006084561347961,0.25166597962379456,0.2678665816783905
46,S6,BWHvy,local,local,0,local,local,0,0.5235046148300171,0.5122805833816528,-0.011224031448364258,0.0010990817099809647,0.03994932770729065,0.5235046148300171,0.5122805833816528,0.23085595667362213,0.25083062052726746,0.24563942849636078,0.2368887960910797
46,S7,LatCrit,local,local,0,local,local,0,0.549984335899353,0.5208878517150879,-0.029096484184265137,0.0029501039534807205,0.06624335050582886,0.549984335899353,0.5208878517150879,0.2123197764158249,0.2082945853471756,0.2376958727836609,0.2708175480365753
46,S7,ComHvy,local,local,0,local,local,0,0.4700009822845459,0.45684880018234253,-0.01315218210220337,0.00038898689672350883,0.02630436420440674,0.4700009822845459,0.45684880018234253,0.266476035118103,0.2764626443386078,0.2635229527950287,0.2666885256767273
46,S7,BWHvy,local,local,0,local,local,0,0.5118749141693115,0.5940697193145752,0.08219480514526367,0.013966631144285202,0.16438964009284973,0.5118749141693115,0.5940697193145752,0.25192320346832275,0.21512249112129211,0.2362019270658493,0.19080780446529388
46,S8,LatCrit,local,local,0,local,local,0,0.5264731645584106,0.484372079372406,-0.04210108518600464,0.006731935776770115,0.09811444580554962,0.5264731645584106,0.484372079372406,0.2155732959508896,0.2646304965019226,0.25795358419418335,0.2509974241256714
46,S8,ComHvy,local,local,0,local,local,0,0.519068717956543,0.5137695074081421,-0.005299210548400879,0.00020996504463255405,0.01793205738067627,0.519068717956543,0.5137695074081421,0.25821346044540405,0.2671794593334198,0.22271789610385895,0.2190510481595993
46,S8,BWHvy,local,local,0,local,local,0,0.4467666745185852,0.36996161937713623,-0.07680505514144897,0.012744490057229996,0.15361008048057556,0.4467666745185852,0.36996161937713623,0.251703143119812,0.2749198377132416,0.3015301823616028,0.3551185131072998
47,S1,LatCrit,local,local,0,local,local,0,0.5460339784622192,0.4072265625,-0.13880741596221924,0.03923729062080383,0.2776148021221161,0.5460339784622192,0.4072265625,0.23575547337532043,0.3164633810520172,0.2182106077671051,0.2763100862503052
47,S1,ComHvy,local,local,0,local,local,0,0.497489333152771,0.46907275915145874,-0.028416574001312256,0.007000666111707687,0.10331983864307404,0.497489333152771,0.46907275915145874,0.226868137717247,0.2785280644893646,0.2756425142288208,0.25239917635917664
47,S1,BWHvy,local,local,0,local,local,0,0.5042620301246643,0.5856809616088867,0.08141893148422241,0.018871627748012543,0.16283781826496124,0.5042620301246643,0.5856809616088867,0.24353744089603424,0.1731623262166977,0.25220051407814026,0.24115674197673798
47,S2,LatCrit,local,local,0,local,local,0,0.5177673101425171,0.519488513469696,0.001721203327178955,0.054180294275283813,0.21746273338794708,0.5177673101425171,0.519488513469696,0.24178598821163177,0.13305459916591644,0.24044673144817352,0.3474568724632263
47,S2,ComHvy,local,local,0,local,BS1,1,0.5184401869773865,0.3936043381690979,-0.12483584880828857,0.03768579661846161,0.24967169761657715,0.5184401869773865,0.3936043381690979,0.24150285124778748,0.25705066323280334,0.24005693197250366,0.34934496879577637
47,S2,BWHvy,local,local,0,local,local,0,0.4652976989746094,0.4619215130805969,-0.003376185894012451,0.027234375476837158,0.17248018085956573,0.4652976989746094,0.4619215130805969,0.28447425365448,0.20161037147045135,0.25022801756858826,0.3364681303501129
47,S3,LatCrit,local,local,0,local,local,0,0.48739421367645264,0.5139914751052856,0.026597261428833008,0.008687170222401619,0.10916885733604431,0.48739421367645264,0.5139914751052856,0.2659338712692261,0.2113494575023651,0.2466719150543213,0.27465909719467163
47,S3,ComHvy,local,local,0,local,local,0,0.49252504110336304,0.5603147149085999,0.06778967380523682,0.023734018206596375,0.1693865954875946,0.49252504110336304,0.5603147149085999,0.25956159830093384,0.2764652371406555,0.24791334569454193,0.16322006285190582
47,S3,BWHvy,local,local,0,local,local,0,0.5009028911590576,0.5643606781959534,0.06345778703689575,0.008136693388223648,0.12691561877727509,0.5009028911590576,0.5643606781959534,0.2124265879392624,0.18707768619060516,0.2866705656051636,0.24856163561344147
47,S4,LatCrit,local,BS2,1,BS1,BS1,0,0.4720489978790283,0.3935525715351105,-0.07849642634391785,0.03907628357410431,0.26562070846557617,0.4720489978790283,0.3896414637565613,0.2672087848186493,0.21680597960948944,0.2607422173023224,0.3935525715351105
47,S4,ComHvy,local,local,0,local,local,0,0.485207200050354,0.5668152570724487,0.08160805702209473,0.013798892498016357,0.16321614384651184,0.485207200050354,0.5668152570724487,0.2367202639579773,0.20744405686855316,0.2780725359916687,0.22574065625667572
47,S4,BWHvy,local,local,0,local,local,0,0.5081515312194824,0.44675517082214355,-0.06139636039733887,0.008818130008876324,0.12279267609119415,0.5081515312194824,0.44675517082214355,0.23021678626537323,0.27859193086624146,0.26163172721862793,0.274652898311615
47,S5,LatCrit,local,local,0,local,local,0,0.5236713886260986,0.5965112447738647,0.07283985614776611,0.06989426910877228,0.26760369539260864,0.5236713886260986,0.5965112447738647,0.2485300600528717,0.11472820490598679,0.22779856622219086,0.28876054286956787
47,S5,ComHvy,local,local,0,local,BS1,1,0.5301327705383301,0.4919152855873108,-0.03821748495101929,0.021688297390937805,0.1786128282546997,0.5301327705383301,0.4919152855873108,0.22839081287384033,0.3176972270011902,0.24147643148899078,0.19038750231266022
47,S5,BWHvy,local,local,0,local,local,0,0.4944649338722229,0.47865986824035645,-0.015805065631866455,0.0005709647666662931,0.0316101610660553,0.4944649338722229,0.47865986824035645,0.24082529544830322,0.2527157962322235,0.2647097408771515,0.26862433552742004
47,S6,LatCrit,local,local,0,local,local,0,0.47210294008255005,0.5276842713356018,0.05558133125305176,0.006854617036879063,0.1111626923084259,0.47210294008255005,0.5276842713356018,0.2929467558860779,0.25024306774139404,0.23495030403137207,0.22207263112068176
47,S6,ComHvy,local,local,0,local,local,0,0.5160016417503357,0.5164885520935059,0.000486910343170166,0.001576567068696022,0.03947167098522186,0.5160016417503357,0.5164885520935059,0.23906657099723816,0.25831547379493713,0.24493180215358734,0.22519594430923462
47,S6,BWHvy,local,local,0,local,local,0,0.5184431076049805,0.5744324922561646,0.05598938465118408,0.009912919253110886,0.11197881400585175,0.5184431076049805,0.5744324922561646,0.22278690338134766,0.17133523523807526,0.25877004861831665,0.2542322874069214
47,S7,LatCrit,local,local,0,local,local,0,0.5516209602355957,0.5193778276443481,-0.03224313259124756,0.033745430409908295,0.20529727637767792,0.5516209602355957,0.5193778276443481,0.20688939094543457,0.13648390769958496,0.24148963391780853,0.3441382944583893
47,S7,ComHvy,local,local,0,local,local,0,0.460088849067688,0.4465048909187317,-0.013583958148956299,0.0025965627282857895,0.06350243091583252,0.460088849067688,0.4465048909187317,0.27522170543670654,0.2570544481277466,0.26468944549560547,0.29644066095352173
47,S7,BWHvy,local,local,0,local,local,0,0.5149676203727722,0.5659992694854736,0.051031649112701416,0.005272524431347847,0.10206328332424164,0.5149676203727722,0.5659992694854736,0.26586633920669556,0.23930838704109192,0.21916602551937103,0.19469234347343445
47,S8,LatCrit,local,local,0,local,local,0,0.529715895652771,0.4454413056373596,-0.08427459001541138,0.019167959690093994,0.16854918003082275,0.529715895652771,0.4454413056373596,0.2277761697769165,0.22891035676002502,0.2425079345703125,0.32564833760261536
47,S8,ComHvy,local,local,0,local,BS2,1,0.5283217430114746,0.48645997047424316,-0.041861772537231445,0.01532735675573349,0.15429820120334625,0.5283217430114746,0.48645997047424316,0.24545331299304962,0.21016596257686615,0.22622500360012054,0.3033740818500519
47,S8,BWHvy,local,local,0,local,local,0,0.48083770275115967,0.5833148956298828,0.10247719287872314,0.031009502708911896,0.20495440065860748,0.48083770275115967,0.5833148956298828,0.23866669833660126,0.23184406757354736,0.2804955840110779,0.18484100699424744
48,S1,LatCrit,local,local,0,local,local,0,0.545243501663208,0.4604231119155884,-0.08482038974761963,0.014744024723768234,0.16964076459407806,0.545243501663208,0.4604231119155884,0.224920853972435,0.25668707489967346,0.2298356592655182,0.28288981318473816
48,S1,ComHvy,local,local,0,local,local,0,0.4943591356277466,0.44732600450515747,-0.04703313112258911,0.02620793879032135,0.20445282757282257,0.4943591356277466,0.44732600450515747,0.2373001128435135,0.339526504278183,0.2683407664299011,0.21314746141433716
48,S1,BWHvy,local,local,0,local,local,0,0.4941585659980774,0.445570707321167,-0.0485878586769104,0.0063136667013168335,0.09717567265033722,0.4941585659980774,0.445570707321167,0.243728905916214,0.24544556438922882,0.262112557888031,0.308983713388443
48,S2,LatCrit,local,local,0,local,local,0,0.4981164336204529,0.483178973197937,-0.01493746042251587,0.006079424172639847,0.09205706417560577,0.4981164336204529,0.483178973197937,0.24632759392261505,0.21523651480674744,0.2555559575557709,0.30158448219299316
48,S2,ComHvy,local,local,0,local,local,0,0.5187292098999023,0.4819050431251526,-0.036824166774749756,0.0030780211091041565,0.0736483633518219,0.5187292098999023,0.4819050431251526,0.23734767735004425,0.24543002247810364,0.24392308294773102,0.2726649343967438
48,S2,BWHvy,local,local,0,local,local,0,0.4737638831138611,0.5009199380874634,0.027156054973602295,0.010795831680297852,0.12230151891708374,0.4737638831138611,0.5009199380874634,0.27793771028518677,0.2167869657278061,0.24829842150211334,0.2822931408882141
48,S3,LatCrit,local,local,0,local,local,0,0.4914886951446533,0.4734324812889099,-0.018056213855743408,0.00604204460978508,0.09383632242679596,0.4914886951446533,0.4734324812889099,0.26419755816459656,0.2353356033563614,0.2443137764930725,0.2912319302558899
48,S3,ComHvy,local,local,0,local,BS1,1,0.4832874536514282,0.4475926160812378,-0.03569483757019043,0.01733291521668434,0.16590332984924316,0.4832874536514282,0.4475926160812378,0.2584482729434967,0.3413999378681183,0.25826430320739746,0.2110074758529663
48,S3,BWHvy,local,local,0,local,local,0,0.5061855316162109,0.564644455909729,0.058458924293518066,0.009429525583982468,0.11691780388355255,0.5061855316162109,0.564644455909729,0.2125115692615509,0.20933841168880463,0.28130286931991577,0.22601714730262756
48,S4,LatCrit,local,local,0,local,local,0,0.4729384779930115,0.4504806399345398,-0.02245783805847168,0.00788247212767601,0.11016395688056946,0.4729384779930115,0.4504806399345398,0.2713162302970886,0.23869210481643677,0.2557452619075775,0.31082725524902344
48,S4,ComHvy,local,local,0,BS2,local,1,0.48151737451553345,0.5556013584136963,0.07408398389816284,0.01399751752614975,0.1481679528951645,0.48151737451553345,0.5556013584136963,0.23918746411800385,0.18151739239692688,0.2792951762676239,0.2628812789916992
48,S4,BWHvy,local,local,0,local,BS1,1,0.49199748039245605,0.3908395767211914,-0.10115790367126465,0.03501061350107193,0.24003858864307404,0.49199748039245605,0.3908395767211914,0.24692194163799286,0.3669412136077881,0.2610805928707123,0.24221917986869812
48,S5,LatCrit,local,local,0,local,local,0,0.5279046297073364,0.52109694480896,-0.006807684898376465,0.028664536774158478,0.16987314820289612,0.5279046297073364,0.52109694480896,0.24827715754508972,0.17014825344085693,0.22381821274757385,0.3087547719478607
48,S5,ComHvy,local,local,0,local,BS2,1,0.5166406631469727,0.3496783375740051,-0.16696232557296753,0.05833418667316437,0.33392462134361267,0.5166406631469727,0.3496783375740051,0.23055487871170044,0.3040071725845337,0.2528044283390045,0.3463144302368164
48,S5,BWHvy,local,local,0,local,local,0,0.4941762685775757,0.5081654787063599,0.01398921012878418,0.0004587236326187849,0.027978330850601196,0.4941762685775757,0.5081654787063599,0.24705833196640015,0.2362130880355835,0.2587653696537018,0.2556214928627014
48,S6,LatCrit,local,local,0,local,local,0,0.4694444537162781,0.5274021625518799,0.05795770883560181,0.007833756506443024,0.11591547727584839,0.4694444537162781,0.5274021625518799,0.2982020974159241,0.2806875705718994,0.23235349357128143,0.1919102519750595
48,S6,ComHvy,local,local,0,local,local,0,0.4996083974838257,0.4885125160217285,-0.011095881462097168,0.00251954048871994,0.05945791304111481,0.4996083974838257,0.4885125160217285,0.2421683371067047,0.2718972861766815,0.2582232654094696,0.23959018290042877
48,S6,BWHvy,local,local,0,local,local,0,0.5160208940505981,0.5325850248336792,0.016564130783081055,0.004707913845777512,0.07853282988071442,0.5160208940505981,0.5325850248336792,0.23057492077350616,0.2532771825790405,0.2534042000770569,0.21413776278495789
48,S7,LatCrit,local,local,0,local,local,0,0.5412572622299194,0.4397081136703491,-0.10154914855957031,0.020738985389471054,0.20309820771217346,0.5412572622299194,0.4397081136703491,0.22088755667209625,0.2680759131908417,0.2378552109003067,0.29221591353416443
48,S7,ComHvy,local,local,0,local,local,0,0.45896053314208984,0.45409733057022095,-0.0048632025718688965,0.000517294742166996,0.027679145336151123,0.45896053314208984,0.45409733057022095,0.265107661485672,0.25613129138946533,0.27593180537223816,0.2897713780403137
48,S7,BWHvy,local,local,0,local,local,0,0.4968770146369934,0.4979628920555115,0.0010858774185180664,0.0003129243850708008,0.018541768193244934,0.4968770146369934,0.4979628920555115,0.27186042070388794,0.28004541993141174,0.23126257956027985,0.22199168801307678
48,S8,LatCrit,local,local,0,BS1,BS2,1,0.5338464975357056,0.4603945016860962,-0.07345199584960938,0.015246979892253876,0.1536378413438797,0.5338464975357056,0.4603945016860962,0.21047519147396088,0.20710822939872742,0.25567835569381714,0.332497239112854
48,S8,ComHvy,local,local,0,local,local,0,0.5313278436660767,0.4899047017097473,-0.041423141956329346,0.009767509996891022,0.12338294088840485,0.5313278436660767,0.4899047017097473,0.24359610676765442,0.22332775592803955,0.22507606446743011,0.28676751255989075
48,S8,BWHvy,local,local,0,BS2,local,1,0.4753801226615906,0.5330973863601685,0.05771726369857788,0.009704269468784332,0.11543451249599457,0.4753801226615906,0.5330973863601685,0.24167321622371674,0.24017389118671417,0.2829466462135315,0.22672872245311737
49,S1,LatCrit,local,local,0,local,local,0,0.5472397804260254,0.48898667097091675,-0.05825310945510864,0.010450855828821659,0.1236284077167511,0.5472397804260254,0.48898667097091675,0.2293546497821808,0.29116883873939514,0.2234055995941162,0.2198444902896881
49,S1,ComHvy,local,local,0,local,local,0,0.5111410021781921,0.5552833080291748,0.044142305850982666,0.008609874173998833,0.10197801887989044,0.5111410021781921,0.5552833080291748,0.22819964587688446,0.17721065878868103,0.2606593370437622,0.26750606298446655
49,S1,BWHvy,local,local,0,BS1,BS1,0,0.5022851228713989,0.4810218811035156,-0.0212632417678833,0.003828480839729309,0.07806217670440674,0.5022851228713989,0.4810218811035156,0.23776650428771973,0.21999868750572205,0.25994834303855896,0.2989794611930847
49,S2,LatCrit,local,local,0,local,local,0,0.5228668451309204,0.5459556579589844,0.023088812828063965,0.0030035246163606644,0.0636923760175705,0.5228668451309204,0.5459556579589844,0.2370459884405136,0.20519983768463135,0.24008715152740479,0.24884456396102905
49,S2,ComHvy,local,local,0,local,local,0,0.5024591684341431,0.43356603384017944,-0.06889313459396362,0.012266028672456741,0.13778626918792725,0.5024591684341431,0.43356603384017944,0.25360190868377686,0.2593083083629608,0.24393895268440247,0.30712568759918213
49,S2,BWHvy,local,local,0,BS2,BS2,0,0.4826545715332031,0.45181870460510254,-0.030835866928100586,0.03825423866510391,0.2295374721288681,0.4826545715332031,0.45181870460510254,0.262342631816864,0.17840974032878876,0.25500282645225525,0.3697715401649475
49,S3,LatCrit,local,local,0,local,local,0,0.480974018573761,0.4831910729408264,0.0022170543670654297,0.0321853831410408,0.1792934536933899,0.480974018573761,0.4831910729408264,0.26319420337677,0.17354747653007507,0.255831778049469,0.3432614505290985
49,S3,ComHvy,local,local,0,local,local,0,0.49709296226501465,0.5075559020042419,0.010462939739227295,0.0004159407690167427,0.02444872260093689,0.49709296226501465,0.5075559020042419,0.2465892732143402,0.24835070967674255,0.25631776452064514,0.2440934181213379
49,S3,BWHvy,local,local,0,local,local,0,0.4793856143951416,0.44805359840393066,-0.03133201599121094,0.005312332883477211,0.09005172550678253,0.4793856143951416,0.44805359840393066,0.22976671159267426,0.2747925817966461,0.29084765911102295,0.2771538197994232
49,S4,LatCrit,local,local,0,local,local,0,0.4642014503479004,0.46901655197143555,0.004815101623535156,0.002061581239104271,0.05041623115539551,0.4642014503479004,0.46901655197143555,0.2794002294540405,0.2997932434082031,0.2563983201980591,0.23119020462036133
49,S4,ComHvy,local,local,0,local,local,0,0.4809069037437439,0.4748896360397339,-0.00601726770401001,0.046118080615997314,0.21998265385627747,0.4809069037437439,0.4748896360397339,0.2474348098039627,0.35742613673210144,0.2716583013534546,0.16768424212932587
49,S4,BWHvy,local,local,0,local,local,0,0.5045469999313354,0.5593652725219727,0.05481827259063721,0.006072469055652618,0.10963660478591919,0.5045469999313354,0.5593652725219727,0.2359360307455063,0.21167156100273132,0.25951698422431946,0.22896312177181244
49,S5,LatCrit,local,local,0,local,local,0,0.5358003377914429,0.5634870529174805,0.027686715126037598,0.001970473676919937,0.05537340044975281,0.5358003377914429,0.5634870529174805,0.2418709248304367,0.23669315874576569,0.22232870757579803,0.19981978833675385
49,S5,ComHvy,local,local,0,local,local,0,0.523837685585022,0.44875848293304443,-0.07507920265197754,0.012113535776734352,0.15015840530395508,0.523837685585022,0.44875848293304443,0.23012050986289978,0.2823236286640167,0.24604177474975586,0.26891785860061646
49,S5,BWHvy,local,local,0,local,BS1,1,0.4911022186279297,0.4196205735206604,-0.07148164510726929,0.012436773627996445,0.1429632306098938,0.4911022186279297,0.4196205735206604,0.25225234031677246,0.31383395195007324,0.25664544105529785,0.2665454149246216
49,S6,LatCrit,local,local,0,local,local,0,0.4548889398574829,0.48576080799102783,0.030871868133544922,0.023061498999595642,0.17441314458847046,0.4548889398574829,0.48576080799102783,0.2881368100643158,0.20093026757240295,0.2569741904735565,0.3133089244365692
49,S6,ComHvy,local,local,0,local,local,0,0.5194336771965027,0.5814294219017029,0.061995744705200195,0.011186517775058746,0.12399150431156158,0.5194336771965027,0.5814294219017029,0.22752512991428375,0.17358681559562683,0.25304120779037476,0.2449837625026703
49,S6,BWHvy,local,local,0,local,BS2,1,0.5023301243782043,0.45305854082107544,-0.049271583557128906,0.012750379741191864,0.1499367207288742,0.5023301243782043,0.45305854082107544,0.21620002388954163,0.19050325453281403,0.28146985173225403,0.35643821954727173
49,S7,LatCrit,local,local,0,local,local,0,0.5394179224967957,0.4969167709350586,-0.04250115156173706,0.010752975940704346,0.1330888569355011,0.5394179224967957,0.4969167709350586,0.2080259621143341,0.1839827001094818,0.25255608558654785,0.3191005289554596
49,S7,ComHvy,local,local,0,local,local,0,0.46793222427368164,0.5326910018920898,0.0647587776184082,0.008601702749729156,0.12951761484146118,0.46793222427368164,0.5326910018920898,0.27053898572921753,0.24405062198638916,0.2615288197994232,0.2232583463191986
49,S7,BWHvy,local,local,0,local,local,0,0.49716687202453613,0.5310755968093872,0.033908724784851074,0.0025243964046239853,0.06781744956970215,0.49716687202453613,0.5310755968093872,0.2723951041698456,0.26093435287475586,0.2304379940032959,0.20799002051353455
49,S8,LatCrit,local,local,0,local,local,0,0.5182285308837891,0.5112521052360535,-0.006976425647735596,0.003763275220990181,0.06689675152301788,0.5182285308837891,0.5112521052360535,0.23046192526817322,0.26391032338142395,0.25130951404571533,0.22483758628368378
49,S8,ComHvy,local,local,0,local,local,0,0.5458905696868896,0.6168210506439209,0.07093048095703125,0.01333586871623993,0.14186102151870728,0.5458905696868896,0.6168210506439209,0.23505324125289917,0.21984344720840454,0.21905621886253357,0.16333547234535217
49,S8,BWHvy,local,local,0,BS2,BS2,0,0.4722517132759094,0.45769381523132324,-0.014557898044586182,0.002504715695977211,0.06192865967750549,0.4722517132759094,0.45769381523132324,0.25034964084625244,0.281313955783844,0.27739864587783813,0.2609921991825104
50,S1,LatCrit,local,local,0,local,local,0,0.5348851680755615,0.5114842653274536,-0.02340090274810791,0.005278553813695908,0.0889022946357727,0.5348851680755615,0.5114842653274536,0.23650172352790833,0.2809528410434723,0.22861312329769135,0.20756284892559052
50,S1,ComHvy,local,local,0,local,local,0,0.5171381235122681,0.5739044547080994,0.0567663311958313,0.008912170305848122,0.11353260278701782,0.5171381235122681,0.5739044547080994,0.2114838808774948,0.1658410280942917,0.27137795090675354,0.26025453209877014
50,S1,BWHvy,local,local,0,local,local,0,0.5085371732711792,0.5163763761520386,0.007839202880859375,0.006081845611333847,0.08171138167381287,0.5085371732711792,0.5163763761520386,0.23204734921455383,0.1911916434764862,0.25941547751426697,0.29243195056915283
50,S2,LatCrit,local,local,0,local,local,0,0.5088616609573364,0.5165281295776367,0.007666468620300293,0.0009319297969341278,0.035072579979896545,0.5088616609573364,0.5165281295776367,0.25635868310928345,0.26622849702835083,0.23477967083454132,0.21724337339401245
50,S2,ComHvy,local,local,0,local,local,0,0.5048015713691711,0.4810589551925659,-0.023742616176605225,0.00676458515226841,0.1017487645149231,0.5048015713691711,0.4810589551925659,0.2500312328338623,0.30090558528900146,0.24516721069812775,0.21803541481494904
50,S2,BWHvy,local,local,0,local,local,0,0.46993207931518555,0.43838614225387573,-0.031545937061309814,0.0030163098126649857,0.06498077511787415,0.46993207931518555,0.43838614225387573,0.2745780348777771,0.27363356947898865,0.25548991560935974,0.2879802882671356
50,S3,LatCrit,local,local,0,BS2,local,1,0.49761420488357544,0.5475635528564453,0.04994934797286987,0.006757301278412342,0.09989875555038452,0.49761420488357544,0.5475635528564453,0.24012471735477448,0.19749034941196442,0.2622610926628113,0.2549460530281067
50,S3,ComHvy,local,local,0,local,local,0,0.4848331809043884,0.476040244102478,-0.0087929368019104,0.01353330910205841,0.12671183049678802,0.4848331809043884,0.476040244102478,0.2588326930999756,0.20426972210407257,0.256334125995636,0.3196900486946106
50,S3,BWHvy,local,local,0,local,local,0,0.4993683695793152,0.490250825881958,-0.009117543697357178,0.00975516065955162,0.1050860583782196,0.4993683695793152,0.490250825881958,0.19896985590457916,0.15554435551166534,0.30166178941726685,0.35420480370521545
50,S4,LatCrit,local,local,0,local,local,0,0.46958738565444946,0.4438297748565674,-0.02575761079788208,0.002033006399869919,0.054322749376297,0.46958738565444946,0.4438297748565674,0.26668304204940796,0.29384440183639526,0.2637295722961426,0.26232579350471497
50,S4,ComHvy,local,local,0,local,local,0,0.46824002265930176,0.4666907787322998,-0.0015492439270019531,0.021517686545848846,0.150506392121315,0.46824002265930176,0.4666907787322998,0.26304686069488525,0.33830007910728455,0.2687130868434906,0.19500915706157684
50,S4,BWHvy,local,local,0,local,local,0,0.5157356262207031,0.5888806581497192,0.07314503192901611,0.010895993560552597,0.14629009366035461,0.5157356262207031,0.5888806581497192,0.20006273686885834,0.17015957832336426,0.2842016816139221,0.2409597784280777
50,S5,LatCrit,local,local,0,local,local,0,0.533106803894043,0.5626322627067566,0.029525458812713623,0.0019624345004558563,0.05905093252658844,0.533106803894043,0.5626322627067566,0.2545852065086365,0.24483026564121246,0.21230798959732056,0.19253745675086975
50,S5,ComHvy,local,local,0,local,local,0,0.5267917513847351,0.5063940286636353,-0.020397722721099854,0.0020513664931058884,0.057062119245529175,0.5267917513847351,0.5063940286636353,0.21910396218299866,0.21097061038017273,0.25410428643226624,0.28263533115386963
50,S5,BWHvy,local,local,0,local,BS2,1,0.4990440011024475,0.4716092348098755,-0.02743476629257202,0.010418497025966644,0.1272122859954834,0.4990440011024475,0.4716092348098755,0.22618898749351501,0.19001761078834534,0.2747670114040375,0.3383731544017792
50,S6,LatCrit,local,local,0,local,local,0,0.4671548008918762,0.5106791257858276,0.043524324893951416,0.009625205770134926,0.12015250325202942,0.4671548008918762,0.5106791257858276,0.2924959063529968,0.2324196696281433,0.24034926295280457,0.25690120458602905
50,S6,ComHvy,local,local,0,local,local,0,0.5007111430168152,0.5135011672973633,0.012790024280548096,0.004948955029249191,0.07826583087444305,0.5007111430168152,0.5135011672973633,0.254948228597641,0.281291127204895,0.24434064328670502,0.2052077353000641
50,S6,BWHvy,local,local,0,local,local,0,0.4997982382774353,0.4519733190536499,-0.0478249192237854,0.007664196193218231,0.11302833259105682,0.4997982382774353,0.4519733190536499,0.22064442932605743,0.21195518970489502,0.27955731749534607,0.3360714912414551
50,S7,LatCrit,local,local,0,local,local,0,0.5531235337257385,0.5737239122390747,0.02060037851333618,0.0022808779031038284,0.053853750228881836,0.5531235337257385,0.5737239122390747,0.21723666787147522,0.1903097778558731,0.22963979840278625,0.2359662801027298
50,S7,ComHvy,local,local,0,local,local,0,0.4727076292037964,0.5373022556304932,0.06459462642669678,0.00865100882947445,0.12918928265571594,0.4727076292037964,0.5373022556304932,0.26893705129623413,0.22831952571868896,0.2583553194999695,0.23437818884849548
50,S7,BWHvy,local,local,0,local,local,0,0.5063107013702393,0.5548883676528931,0.04857766628265381,0.004822496324777603,0.09715525805950165,0.5063107013702393,0.5548883676528931,0.2797020375728607,0.24840709567070007,0.21398720145225525,0.19670455157756805
50,S8,LatCrit,local,local,0,local,local,0,0.5316953659057617,0.488486647605896,-0.04320871829986572,0.007185144349932671,0.10233615338802338,0.5316953659057617,0.488486647605896,0.21829575300216675,0.26946380734443665,0.2500089108943939,0.24204953014850616
50,S8,ComHvy,local,local,0,local,local,0,0.5393785834312439,0.5126617550849915,-0.02671682834625244,0.012803107500076294,0.13406400382518768,0.5393785834312439,0.5126617550849915,0.24040842056274414,0.3074404299259186,0.22021301090717316,0.17989784479141235
50,S8,BWHvy,local,local,0,local,local,0,0.46397995948791504,0.47320258617401123,0.009222626686096191,0.0009347237646579742,0.03783637285232544,0.46397995948791504,0.47320258617401123,0.25368359684944153,0.26337918639183044,0.28233638405799866,0.2634182274341583
51,S1,LatCrit,local,local,0,local,local,0,0.5478490591049194,0.4781787395477295,-0.06967031955718994,0.009951353073120117,0.1393406093120575,0.5478490591049194,0.4781787395477295,0.23141497373580933,0.25870028138160706,0.22073596715927124,0.26312094926834106
51,S1,ComHvy,local,local,0,local,local,0,0.5216450691223145,0.5251517295837402,0.0035066604614257812,0.00016709044575691223,0.014587193727493286,0.5216450691223145,0.5251517295837402,0.21153469383716583,0.204241082072258,0.2668202519416809,0.2706071734428406
51,S1,BWHvy,local,local,0,local,local,0,0.4929402470588684,0.5711840391159058,0.07824379205703735,0.01642707735300064,0.1564875990152359,0.4929402470588684,0.5711840391159058,0.24571777880191803,0.18084362149238586,0.26134201884269714,0.24797236919403076
51,S2,LatCrit,local,local,0,local,local,0,0.5046504735946655,0.529058575630188,0.02440810203552246,0.0046101901680231094,0.08029581606388092,0.5046504735946655,0.529058575630188,0.25447210669517517,0.21432416141033173,0.2408774495124817,0.2566172182559967
51,S2,ComHvy,local,local,0,local,local,0,0.5168694257736206,0.48462235927581787,-0.032247066497802734,0.0023254435509443283,0.06449416279792786,0.5168694257736206,0.48462235927581787,0.24113517999649048,0.26543551683425903,0.24199537932872772,0.2499421387910843
51,S2,BWHvy,local,local,0,local,local,0,0.47570735216140747,0.5187383890151978,0.04303103685379028,0.009268737398087978,0.1164560616016388,0.47570735216140747,0.5187383890151978,0.2826625406742096,0.2244345098733902,0.24163012206554413,0.25682711601257324
51,S3,LatCrit,local,local,0,local,local,0,0.4990552067756653,0.5524617433547974,0.05340653657913208,0.005921009927988052,0.10681307315826416,0.4990552067756653,0.5524617433547974,0.25269201397895813,0.23183573782444,0.2482527494430542,0.21570248901844025
51,S3,ComHvy,local,local,0,BS2,BS2,0,0.4779948592185974,0.47115039825439453,-0.006844460964202881,0.0032980013638734818,0.06525243818759918,0.4779948592185974,0.47115039825439453,0.2617456614971161,0.23596389591693878,0.2602594792842865,0.2928856909275055
51,S3,BWHvy,local,local,0,local,local,0,0.4813399314880371,0.48106104135513306,-0.00027889013290405273,2.379319630563259e-05,0.005231127142906189,0.4813399314880371,0.48106104135513306,0.22945262491703033,0.2271159589290619,0.28920745849609375,0.29182302951812744
51,S4,LatCrit,local,local,0,local,local,0,0.48724931478500366,0.45930302143096924,-0.027946293354034424,0.036782264709472656,0.2215796709060669,0.48724931478500366,0.45930302143096924,0.25551196932792664,0.1726684272289276,0.2572387158870697,0.36802855134010315
51,S4,ComHvy,local,local,0,local,local,0,0.46991580724716187,0.5016404390335083,0.031724631786346436,0.0022081397473812103,0.06344923377037048,0.46991580724716187,0.5016404390335083,0.24648916721343994,0.23847270011901855,0.2835950255393982,0.25988689064979553
51,S4,BWHvy,local,local,0,local,local,0,0.5003966093063354,0.4412960410118103,-0.059100568294525146,0.008388888090848923,0.1182011067867279,0.5003966093063354,0.4412960410118103,0.22561639547348022,0.27285128831863403,0.2739869952201843,0.2858526408672333
51,S5,LatCrit,local,local,0,local,local,0,0.528978705406189,0.612453818321228,0.08347511291503906,0.021661803126335144,0.16695015132427216,0.528978705406189,0.612453818321228,0.25308743119239807,0.1742044985294342,0.21793383359909058,0.21334172785282135
51,S5,ComHvy,local,local,0,local,local,0,0.5275119543075562,0.4835107922554016,-0.04400116205215454,0.0038898251950740814,0.08800241351127625,0.5275119543075562,0.4835107922554016,0.22693070769309998,0.25018683075904846,0.2455572783946991,0.2663024067878723
51,S5,BWHvy,local,local,0,local,local,0,0.4939906597137451,0.5171893835067749,0.023198723793029785,0.005228592082858086,0.08382149040699005,0.4939906597137451,0.5171893835067749,0.2446540892124176,0.20274333655834198,0.2613552510738373,0.2800672650337219
51,S6,LatCrit,local,local,0,local,local,0,0.46553194522857666,0.48576819896698,0.02023625373840332,0.0009109554812312126,0.04047247767448425,0.46553194522857666,0.48576819896698,0.2842896282672882,0.2782430350780487,0.25017842650413513,0.2359887957572937
51,S6,ComHvy,local,local,0,local,local,0,0.5026211738586426,0.49130111932754517,-0.011320054531097412,0.002220878377556801,0.05598965287208557,0.5026211738586426,0.49130111932754517,0.23704685270786285,0.26504167914390564,0.26033198833465576,0.2436572164297104
51,S6,BWHvy,local,local,0,local,local,0,0.5258594751358032,0.557879626750946,0.03202015161514282,0.002070911228656769,0.06404030323028564,0.5258594751358032,0.557879626750946,0.21204625070095062,0.19719594717025757,0.26209425926208496,0.2449244111776352
51,S7,LatCrit,local,local,0,local,local,0,0.5443096160888672,0.5250439643859863,-0.01926565170288086,0.005532078444957733,0.08826862275600433,0.5443096160888672,0.5250439643859863,0.21709933876991272,0.192230686545372,0.2385910153388977,0.28272533416748047
51,S7,ComHvy,local,local,0,local,local,0,0.4732363224029541,0.48491519689559937,0.011678874492645264,0.0003566629020497203,0.023357778787612915,0.4732363224029541,0.48491519689559937,0.26276737451553345,0.25235801935195923,0.26399633288383484,0.2627267837524414
51,S7,BWHvy,local,local,0,BS1,BS1,0,0.4840517044067383,0.4818570613861084,-0.002194643020629883,0.0005080848932266235,0.024715423583984375,0.4840517044067383,0.4818570613861084,0.2821436822414398,0.2719806134700775,0.2338046133518219,0.2461623251438141
51,S8,LatCrit,local,local,0,local,local,0,0.5374727845191956,0.4988853335380554,-0.03858745098114014,0.005122285336256027,0.08817742764949799,0.5374727845191956,0.4988853335380554,0.22134235501289368,0.21584106981754303,0.24118489027023315,0.28527358174324036
51,S8,ComHvy,local,local,0,local,BS2,1,0.5264147520065308,0.44084060192108154,-0.08557415008544922,0.01648006960749626,0.17114828526973724,0.5264147520065308,0.44084060192108154,0.25118041038513184,0.27250558137893677,0.2224048525094986,0.2866538166999817
51,S8,BWHvy,local,local,0,local,local,0,0.4589780569076538,0.5648271441459656,0.10584908723831177,0.03527248650789261,0.2116982340812683,0.4589780569076538,0.5648271441459656,0.24903015792369843,0.24734637141227722,0.29199182987213135,0.187826469540596
52,S1,LatCrit,local,local,0,BS1,BS1,0,0.5528579354286194,0.524000883102417,-0.028857052326202393,0.002499805763363838,0.05790850520133972,0.5528579354286194,0.524000883102417,0.2246895283460617,0.2536437511444092,0.2224525511264801,0.22235532104969025
52,S1,ComHvy,local,local,0,local,local,0,0.5284748077392578,0.551864743232727,0.02338993549346924,0.004868023097515106,0.08176583051681519,0.5284748077392578,0.551864743232727,0.21791468560695648,0.23540768027305603,0.2536104917526245,0.2127275913953781
52,S1,BWHvy,local,local,0,local,local,0,0.48335450887680054,0.47832000255584717,-0.005034506320953369,0.0007581207901239395,0.03245921432971954,0.48335450887680054,0.47832000255584717,0.247752845287323,0.2365577667951584,0.2688926160335541,0.28512224555015564
52,S2,LatCrit,local,local,0,local,local,0,0.516280472278595,0.5651682019233704,0.04888772964477539,0.004829790443181992,0.09777545928955078,0.516280472278595,0.5651682019233704,0.24523745477199554,0.22001896798610687,0.23848207294940948,0.21481283009052277
52,S2,ComHvy,local,local,0,local,local,0,0.5013976097106934,0.4849393963813782,-0.016458213329315186,0.0007072451990097761,0.03291645646095276,0.5013976097106934,0.4849393963813782,0.2502126097679138,0.2651011645793915,0.24838975071907043,0.24995943903923035
52,S2,BWHvy,local,local,0,local,local,0,0.47966957092285156,0.5206079483032227,0.040938377380371094,0.003972919657826424,0.08187669515609741,0.47966957092285156,0.5206079483032227,0.2827320098876953,0.27209731936454773,0.23759838938713074,0.207294762134552
52,S3,LatCrit,local,local,0,BS1,BS1,0,0.49068760871887207,0.5178078413009644,0.027120232582092285,0.00201368797570467,0.054240480065345764,0.49068760871887207,0.5178078413009644,0.25811922550201416,0.23325476050376892,0.25119316577911377,0.24893738329410553
52,S3,ComHvy,local,local,0,BS2,BS2,0,0.4741554260253906,0.4433816075325012,-0.030773818492889404,0.0034499093890190125,0.07327184081077576,0.4741554260253906,0.4433816075325012,0.26315852999687195,0.25729644298553467,0.2626860439777374,0.2993219792842865
52,S3,BWHvy,local,local,0,local,local,0,0.497732937335968,0.5697819590568542,0.07204902172088623,0.01050136610865593,0.14409802854061127,0.497732937335968,0.5697819590568542,0.21855401992797852,0.18534785509109497,0.2837130129337311,0.2448701709508896
52,S4,LatCrit,local,local,0,local,local,0,0.5013402700424194,0.5057256817817688,0.004385411739349365,0.0030515510588884354,0.05864296853542328,0.5013402700424194,0.5057256817817688,0.25197869539260864,0.2226572036743164,0.2466810792684555,0.2716171443462372
52,S4,ComHvy,local,local,0,local,local,0,0.47100961208343506,0.47460150718688965,0.00359189510345459,8.634570986032486e-05,0.011965379118919373,0.47100961208343506,0.47460150718688965,0.22853557765483856,0.23092639446258545,0.3004547953605652,0.2944721281528473
52,S4,BWHvy,local,local,0,local,local,0,0.4957749843597412,0.46850788593292236,-0.027267098426818848,0.0036109816282987595,0.0732741504907608,0.4957749843597412,0.46850788593292236,0.22721309959888458,0.2638501524925232,0.2770119309425354,0.26764193177223206
52,S5,LatCrit,local,local,0,local,local,0,0.5278351306915283,0.575171947479248,0.04733681678771973,0.007830939255654812,0.10155385732650757,0.5278351306915283,0.575171947479248,0.2567395269870758,0.20596259832382202,0.21542537212371826,0.21886548399925232
52,S5,ComHvy,local,local,0,local,local,0,0.541800320148468,0.570273220539093,0.028472900390625,0.003025350859388709,0.060879334807395935,0.541800320148468,0.570273220539093,0.22247803211212158,0.19203835725784302,0.2357216477394104,0.23768840730190277
52,S5,BWHvy,local,local,0,local,local,0,0.5008638501167297,0.5135931968688965,0.012729346752166748,0.004343574866652489,0.07282179594039917,0.5008638501167297,0.5135931968688965,0.23228344321250916,0.19587257504463196,0.2668526768684387,0.29053425788879395
52,S6,LatCrit,local,local,0,BS1,BS1,0,0.48109155893325806,0.4945918321609497,0.01350027322769165,0.0004939250648021698,0.027000561356544495,0.48109155893325806,0.4945918321609497,0.2860962152481079,0.28425270318984985,0.23281224071979523,0.22115546464920044
52,S6,ComHvy,local,local,0,BS2,BS2,0,0.4997332692146301,0.4896288514137268,-0.01010441780090332,0.005127990618348122,0.0812276154756546,0.4997332692146301,0.4896288514137268,0.24281100928783417,0.2834247946739197,0.2574557363986969,0.22694632411003113
52,S6,BWHvy,local,local,0,BS1,BS1,0,0.5232353210449219,0.5277707576751709,0.0045354366302490234,0.0005900505930185318,0.026517823338508606,0.5232353210449219,0.5277707576751709,0.21377477049827576,0.20051588118076324,0.26298990845680237,0.27171340584754944
52,S7,LatCrit,local,local,0,local,local,0,0.5464954376220703,0.5620342493057251,0.015538811683654785,0.0021295063197612762,0.05280041694641113,0.5464954376220703,0.5620342493057251,0.22571693360805511,0.2365783005952835,0.22778764367103577,0.2013874053955078
52,S7,ComHvy,local,local,0,local,local,0,0.4621235132217407,0.46080446243286133,-0.0013190507888793945,0.0013665780425071716,0.039660632610321045,0.4621235132217407,0.46080446243286133,0.2742227017879486,0.25571146607398987,0.2636537253856659,0.2834840714931488
52,S7,BWHvy,local,local,0,local,local,0,0.4775034785270691,0.46735668182373047,-0.010146796703338623,0.0012165885418653488,0.04260405898094177,0.4775034785270691,0.46735668182373047,0.27795249223709106,0.26679727435112,0.24454399943351746,0.26584604382514954
52,S8,LatCrit,local,local,0,local,BS2,1,0.53752601146698,0.44365984201431274,-0.09386616945266724,0.01962120085954666,0.18773241341114044,0.53752601146698,0.44365984201431274,0.21845079958438873,0.23761647939682007,0.2440231442451477,0.3187237083911896
52,S8,ComHvy,local,local,0,local,local,0,0.5375779867172241,0.4922194480895996,-0.04535853862762451,0.005624044686555862,0.09071706235408783,0.5375779867172241,0.4922194480895996,0.23028498888015747,0.23241782188415527,0.232137069106102,0.2753627598285675
52,S8,BWHvy,local,local,0,BS2,local,1,0.4985257387161255,0.582639217376709,0.0841134786605835,0.023638345301151276,0.168226957321167,0.4985257387161255,0.582639217376709,0.24214483797550201,0.24148742854595184,0.2593294382095337,0.17587336897850037
53,S1,LatCrit,local,local,0,local,local,0,0.5484341979026794,0.5144211053848267,-0.03401309251785278,0.003612749744206667,0.07064667344093323,0.5484341979026794,0.5144211053848267,0.22544023394584656,0.26076358556747437,0.2261255383491516,0.22481530904769897
53,S1,ComHvy,local,local,0,local,local,0,0.5239517688751221,0.5789167284965515,0.05496495962142944,0.007622566074132919,0.10992996394634247,0.5239517688751221,0.5789167284965515,0.22021394968032837,0.21141500771045685,0.25583431124687195,0.20966824889183044
53,S1,BWHvy,local,local,0,local,local,0,0.4982227087020874,0.4857005476951599,-0.01252216100692749,0.010867413133382797,0.11681874096393585,0.4982227087020874,0.4857005476951599,0.24404281377792358,0.19815559685230255,0.2577345073223114,0.31614387035369873
53,S2,LatCrit,local,local,0,local,local,0,0.509236216545105,0.513728141784668,0.004491925239562988,0.0017140135169029236,0.04436025023460388,0.509236216545105,0.513728141784668,0.25288066267967224,0.2705688774585724,0.2378830760717392,0.21570296585559845
53,S2,ComHvy,local,local,0,local,local,0,0.5099486112594604,0.5194786190986633,0.00953000783920288,0.0005106516182422638,0.026871874928474426,0.5099486112594604,0.5194786190986633,0.23889529705047607,0.22545935213565826,0.25115612149238586,0.2550620436668396
53,S2,BWHvy,local,local,0,local,local,0,0.47070467472076416,0.4169619083404541,-0.05374276638031006,0.00836317241191864,0.10754162073135376,0.47070467472076416,0.4169619083404541,0.2777136564254761,0.27768564224243164,0.2515816390514374,0.30535247921943665
53,S3,LatCrit,local,local,0,local,local,0,0.4974823594093323,0.5729823112487793,0.07549995183944702,0.026192035526037216,0.17889128625392914,0.4974823594093323,0.5729823112487793,0.25594276189804077,0.1664970964193344,0.24657487869262695,0.2605205476284027
53,S3,ComHvy,local,local,0,local,local,0,0.46649813652038574,0.4132171869277954,-0.05328094959259033,0.0062424540519714355,0.10656192898750305,0.46649813652038574,0.4132171869277954,0.2542702853679657,0.26764097809791565,0.27923157811164856,0.31914186477661133
53,S3,BWHvy,local,local,0,local,local,0,0.49743741750717163,0.5758239030838013,0.07838648557662964,0.012983281165361404,0.15677304565906525,0.49743741750717163,0.5758239030838013,0.20999032258987427,0.16747073829174042,0.2925722897052765,0.25670531392097473
53,S4,LatCrit,local,local,0,local,local,0,0.47688186168670654,0.46987175941467285,-0.007010102272033691,0.004898421466350555,0.0784982293844223,0.47688186168670654,0.46987175941467285,0.2603857219219208,0.2281467169523239,0.2627324163913727,0.30198153853416443
53,S4,ComHvy,local,local,0,local,local,0,0.47755903005599976,0.46368348598480225,-0.01387554407119751,0.011117450892925262,0.12136679887771606,0.47755903005599976,0.46368348598480225,0.24809151887893677,0.3087749183177948,0.2743494510650635,0.22754159569740295
53,S4,BWHvy,local,local,0,local,local,0,0.5158100724220276,0.5210103988647461,0.005200326442718506,0.00021004118025302887,0.01787613332271576,0.5158100724220276,0.5210103988647461,0.21526868641376495,0.21900641918182373,0.26892125606536865,0.2599831819534302
53,S5,LatCrit,local,local,0,local,local,0,0.5260342359542847,0.6059356927871704,0.07990145683288574,0.017227374017238617,0.15980291366577148,0.5260342359542847,0.6059356927871704,0.2565644085407257,0.1873820424079895,0.21740135550498962,0.2066822648048401
53,S5,ComHvy,local,local,0,local,local,0,0.5390340089797974,0.5018959641456604,-0.03713804483413696,0.005078863352537155,0.08703400194644928,0.5390340089797974,0.5018959641456604,0.2299571931362152,0.22357821464538574,0.231008842587471,0.27452582120895386
53,S5,BWHvy,local,local,0,local,local,0,0.49428725242614746,0.4118150472640991,-0.08247220516204834,0.019632801413536072,0.17606346309185028,0.49428725242614746,0.4118150472640991,0.23493927717208862,0.2293797880411148,0.27077344059944153,0.35880520939826965
53,S6,LatCrit,local,local,0,local,local,0,0.4859212636947632,0.5741349458694458,0.08821368217468262,0.015827082097530365,0.17642733454704285,0.4859212636947632,0.5741349458694458,0.2850838601589203,0.2405390739440918,0.22899484634399414,0.1853259801864624
53,S6,ComHvy,local,local,0,BS2,BS2,0,0.4931667447090149,0.4488200545310974,-0.04434669017791748,0.005709468387067318,0.08942508697509766,0.4931667447090149,0.4488200545310974,0.24926435947418213,0.29397690296173096,0.257568895816803,0.25720304250717163
53,S6,BWHvy,local,local,0,local,local,0,0.5116863250732422,0.4496351480484009,-0.06205117702484131,0.010315779596567154,0.12410230934619904,0.5116863250732422,0.4496351480484009,0.22444851696491241,0.22499847412109375,0.2638651728630066,0.325366348028183
53,S7,LatCrit,local,local,0,local,local,0,0.5500792264938354,0.5382314920425415,-0.011847734451293945,0.005807016044855118,0.08379712700843811,0.5500792264938354,0.5382314920425415,0.2266434133052826,0.26854193210601807,0.22327740490436554,0.19322653114795685
53,S7,ComHvy,local,local,0,local,local,0,0.4661135673522949,0.444202721118927,-0.02191084623336792,0.0029243305325508118,0.06952568888664246,0.4661135673522949,0.444202721118927,0.26500648260116577,0.25215449929237366,0.2688799500465393,0.30364280939102173
53,S7,BWHvy,local,local,0,local,local,0,0.49155932664871216,0.4907763600349426,-0.0007829666137695312,0.002816172316670418,0.05429591238498688,0.49155932664871216,0.4907763600349426,0.27205392718315125,0.24568893015384674,0.23638677597045898,0.2635347247123718
53,S8,LatCrit,local,local,0,local,local,0,0.524371862411499,0.46874570846557617,-0.05562615394592285,0.01248912513256073,0.14488980174064636,0.524371862411499,0.46874570846557617,0.21888525784015656,0.20206652581691742,0.2567428648471832,0.3291877806186676
53,S8,ComHvy,local,local,0,local,local,0,0.5296558141708374,0.5094789862632751,-0.020176827907562256,0.0011743090581148863,0.040353670716285706,0.5296558141708374,0.5094789862632751,0.24297046661376953,0.26296132802963257,0.22737370431423187,0.22755968570709229
53,S8,BWHvy,local,local,0,local,local,0,0.4915640950202942,0.5792073011398315,0.08764320611953735,0.025317028164863586,0.1752864569425583,0.4915640950202942,0.5792073011398315,0.24509714543819427,0.2438688725233078,0.26333877444267273,0.17692379653453827
54,S1,LatCrit,local,local,0,local,local,0,0.5520745515823364,0.5463927984237671,-0.005681753158569336,0.0041026826947927475,0.06630963087081909,0.5520745515823364,0.5463927984237671,0.22061119973659515,0.19313813745975494,0.22731423377990723,0.2604690492153168
54,S1,ComHvy,local,local,0,local,local,0,0.5060772895812988,0.49110978841781616,-0.014967501163482666,0.0066365934908390045,0.09524674713611603,0.5060772895812988,0.49110978841781616,0.23481856286525726,0.20216268301010132,0.2591041624546051,0.3067275285720825
54,S1,BWHvy,local,local,0,BS1,BS1,0,0.5031043291091919,0.4718945026397705,-0.031209826469421387,0.002134473994374275,0.06241963803768158,0.5031043291091919,0.4718945026397705,0.24145328998565674,0.24945057928562164,0.25544238090515137,0.27865490317344666
54,S2,LatCrit,local,local,0,local,local,0,0.5052091479301453,0.5250676870346069,0.01985853910446167,0.006873928010463715,0.0930604338645935,0.5052091479301453,0.5250676870346069,0.254489004611969,0.2811606824398041,0.24030184745788574,0.193771630525589
54,S2,ComHvy,local,local,0,local,local,0,0.5143464803695679,0.5620752573013306,0.047728776931762695,0.004599627107381821,0.095457524061203,0.5143464803695679,0.5620752573013306,0.2447468340396881,0.22006747126579285,0.24090667068958282,0.21785728633403778
54,S2,BWHvy,local,local,0,local,local,0,0.4817237854003906,0.4519658088684082,-0.029757976531982422,0.0023077605292201042,0.059515953063964844,0.4817237854003906,0.4519658088684082,0.2809068560600281,0.3092997670173645,0.2373693883419037,0.23873445391654968
54,S3,LatCrit,local,local,0,BS1,local,1,0.46500492095947266,0.4633435010910034,-0.0016614198684692383,0.009210526943206787,0.10063678026199341,0.46500492095947266,0.4633435010910034,0.2756093740463257,0.22695240378379822,0.25938570499420166,0.30970409512519836
54,S3,ComHvy,local,local,0,local,local,0,0.48838871717453003,0.46593356132507324,-0.022455155849456787,0.015595950186252594,0.1481924057006836,0.48838871717453003,0.46593356132507324,0.24682500958442688,0.19518396258354187,0.2647862434387207,0.3388824462890625
54,S3,BWHvy,local,local,0,local,local,0,0.48170357942581177,0.3908997178077698,-0.09080386161804199,0.02253061719238758,0.18160775303840637,0.48170357942581177,0.3908997178077698,0.23858016729354858,0.3250528573989868,0.27971622347831726,0.2840474247932434
54,S4,LatCrit,local,local,0,local,local,0,0.47543954849243164,0.558261513710022,0.08282196521759033,0.014234181493520737,0.16564391553401947,0.47543954849243164,0.558261513710022,0.2649584412574768,0.23218654096126556,0.25960201025009155,0.20955196022987366
54,S4,ComHvy,local,local,0,BS1,BS1,0,0.4908161759376526,0.48912012577056885,-0.0016960501670837402,0.010298330336809158,0.1040882021188736,0.4908161759376526,0.48912012577056885,0.2241029590368271,0.2761470675468445,0.28508085012435913,0.23473280668258667
54,S4,BWHvy,local,local,0,local,local,0,0.49872297048568726,0.5272374153137207,0.028514444828033447,0.001696798950433731,0.057028889656066895,0.49872297048568726,0.5272374153137207,0.22659637033939362,0.20982666313648224,0.27468064427375793,0.26293590664863586
54,S5,LatCrit,local,local,0,local,local,0,0.5262118577957153,0.5675479173660278,0.0413360595703125,0.02048502117395401,0.14770261943340302,0.5262118577957153,0.5675479173660278,0.2631452977657318,0.2956605553627014,0.21064281463623047,0.13679151237010956
54,S5,ComHvy,local,local,0,local,local,0,0.5430138111114502,0.5517928600311279,0.008779048919677734,0.006850101053714752,0.08523456752300262,0.5430138111114502,0.5517928600311279,0.23250986635684967,0.18989260494709015,0.22447629272937775,0.2583145499229431
54,S5,BWHvy,local,local,0,local,local,0,0.5010202527046204,0.5085384249687195,0.007518172264099121,0.0028587765991687775,0.05916735529899597,0.5010202527046204,0.5085384249687195,0.243974506855011,0.26604002714157104,0.25500524044036865,0.22542157769203186
54,S6,LatCrit,local,local,0,local,local,0,0.46902161836624146,0.4756244421005249,0.006602823734283447,0.0009923353791236877,0.03792215883731842,0.46902161836624146,0.4756244421005249,0.2984650731086731,0.2795040011405945,0.23251329362392426,0.24487155675888062
54,S6,ComHvy,local,local,0,local,local,0,0.5052516460418701,0.5126045346260071,0.007352888584136963,0.0004950398579239845,0.026760727167129517,0.5052516460418701,0.5126045346260071,0.24282555282115936,0.24885301291942596,0.2519228160381317,0.23854243755340576
54,S6,BWHvy,local,local,0,local,local,0,0.5088962316513062,0.4680243134498596,-0.04087191820144653,0.003502149134874344,0.08174386620521545,0.5088962316513062,0.4680243134498596,0.23025298118591309,0.2561001479625702,0.260850727558136,0.2758755087852478
54,S7,LatCrit,local,local,0,local,local,0,0.5491676330566406,0.6031711101531982,0.05400347709655762,0.0060796309262514114,0.10800696909427643,0.5491676330566406,0.6031711101531982,0.22328846156597137,0.19998981058597565,0.227543905377388,0.19683906435966492
54,S7,ComHvy,local,local,0,local,local,0,0.4726337194442749,0.5266009569168091,0.05396723747253418,0.006974648684263229,0.10793448984622955,0.4726337194442749,0.5266009569168091,0.27463629841804504,0.23094110190868378,0.25272995233535767,0.24245789647102356
54,S7,BWHvy,local,local,0,local,local,0,0.48716068267822266,0.4682008624076843,-0.01895982027053833,0.01811782270669937,0.1551845520734787,0.48716068267822266,0.4682008624076843,0.2726592421531677,0.2140267938375473,0.24018007516860962,0.31777235865592957
54,S8,LatCrit,local,local,0,local,local,0,0.5287756323814392,0.5589219331741333,0.030146300792694092,0.004808153957128525,0.08115489780902863,0.5287756323814392,0.5589219331741333,0.223901629447937,0.23433277010917664,0.24732273817062378,0.20674528181552887
54,S8,ComHvy,local,local,0,local,local,0,0.5225659608840942,0.5025219917297363,-0.02004396915435791,0.0034937988966703415,0.07308879494667053,0.5225659608840942,0.5025219917297363,0.2445855587720871,0.28112995624542236,0.23284849524497986,0.2163480669260025
54,S8,BWHvy,local,local,0,local,local,0,0.4896310567855835,0.4998284578323364,0.01019740104675293,0.0040892064571380615,0.07258394360542297,0.4896310567855835,0.4998284578323364,0.23687849938869476,0.2629730701446533,0.27349042892456055,0.23719845712184906
55,S1,LatCrit,local,local,0,local,local,0,0.5682812929153442,0.562681257724762,-0.005600035190582275,0.00026694405823946,0.01889495551586151,0.5682812929153442,0.562681257724762,0.22050899267196655,0.21666154265403748,0.2112097144126892,0.22065718472003937
55,S1,ComHvy,local,local,0,local,local,0,0.507067859172821,0.4687264561653137,-0.038341403007507324,0.023858673870563507,0.1901482790708542,0.507067859172821,0.4687264561653137,0.23079515993595123,0.17406243085861206,0.26213696599006653,0.3572111129760742
55,S1,BWHvy,local,local,0,local,local,0,0.4798569083213806,0.40946656465530396,-0.07039034366607666,0.010481882840394974,0.1407807469367981,0.4798569083213806,0.40946656465530396,0.26076680421829224,0.30731838941574097,0.25937625765800476,0.28321507573127747
55,S2,LatCrit,local,local,0,local,local,0,0.5105080604553223,0.5760174989700317,0.06550943851470947,0.032236650586128235,0.19066914916038513,0.5105080604553223,0.5760174989700317,0.25317102670669556,0.28299617767333984,0.23632092773914337,0.140986368060112
55,S2,ComHvy,local,local,0,local,local,0,0.5171959400177002,0.5648430585861206,0.04764711856842041,0.00775520596653223,0.09757621586322784,0.5171959400177002,0.5648430585861206,0.24252839386463165,0.19374027848243713,0.24027569591999054,0.24141667783260345
55,S2,BWHvy,local,local,0,local,local,0,0.4828258752822876,0.5025938153266907,0.019767940044403076,0.009578030556440353,0.10834385454654694,0.4828258752822876,0.5025938153266907,0.27670812606811523,0.31111210584640503,0.24046601355075836,0.1862940788269043
55,S3,LatCrit,local,local,0,BS1,local,1,0.4703616499900818,0.5102608799934387,0.039899230003356934,0.0037300772964954376,0.07979840040206909,0.4703616499900818,0.5102608799934387,0.2862142324447632,0.27569252252578735,0.24342407286167145,0.21404661238193512
55,S3,ComHvy,local,local,0,local,local,0,0.4983562231063843,0.5291802883148193,0.03082406520843506,0.014411833137273788,0.1346813589334488,0.4983562231063843,0.5291802883148193,0.25089287757873535,0.18355219066143036,0.25075089931488037,0.2872675061225891
55,S3,BWHvy,local,local,0,local,BS2,1,0.47613149881362915,0.3451575040817261,-0.13097399473190308,0.037152037024497986,0.26194798946380615,0.47613149881362915,0.3451575040817261,0.24206680059432983,0.3216261565685272,0.2818017303943634,0.3332163691520691
55,S4,LatCrit,local,local,0,local,local,0,0.4846034049987793,0.5329030752182007,0.04829967021942139,0.005298655480146408,0.09659935534000397,0.4846034049987793,0.5329030752182007,0.2651958465576172,0.2518244683742523,0.2502007484436035,0.2152724415063858
55,S4,ComHvy,local,local,0,local,local,0,0.48689407110214233,0.46143561601638794,-0.025458455085754395,0.018458370119333267,0.1611388623714447,0.48689407110214233,0.46143561601638794,0.22449631989002228,0.30506575107574463,0.2886095941066742,0.23349861800670624
55,S4,BWHvy,local,local,0,local,local,0,0.5037684440612793,0.5610551834106445,0.057286739349365234,0.017630435526371002,0.15345457196235657,0.5037684440612793,0.5610551834106445,0.23069977760314941,0.25014033913612366,0.2655317783355713,0.1888045072555542
55,S5,LatCrit,local,local,0,local,local,0,0.5016480684280396,0.48256683349609375,-0.0190812349319458,0.004269590601325035,0.08168110251426697,0.5016480684280396,0.48256683349609375,0.2748003602027893,0.315640926361084,0.22355152666568756,0.20179222524166107
55,S5,ComHvy,local,local,0,local,local,0,0.5538952946662903,0.6285253763198853,0.07463008165359497,0.025980699807405472,0.16737166047096252,0.5538952946662903,0.6285253763198853,0.2232930213212967,0.13960720598697662,0.22281168401241302,0.2318674474954605
55,S5,BWHvy,local,local,0,local,local,0,0.4998037815093994,0.498413622379303,-0.0013901591300964355,0.0032934173941612244,0.05878736078739166,0.4998037815093994,0.498413622379303,0.24321633577346802,0.27261000871658325,0.25697988271713257,0.22897635400295258
55,S6,LatCrit,local,local,0,BS1,BS2,1,0.4747580289840698,0.4427869915962219,-0.0319710373878479,0.004826389253139496,0.08595387637615204,0.4747580289840698,0.4427869915962219,0.28838911652565,0.2773832380771637,0.23685283958911896,0.27982980012893677
55,S6,ComHvy,local,local,0,BS2,BS2,0,0.50934898853302,0.5797877907752991,0.07043880224227905,0.015682104974985123,0.1408776193857193,0.50934898853302,0.5797877907752991,0.2446773499250412,0.17794114351272583,0.24597367644309998,0.2422710657119751
55,S6,BWHvy,local,local,0,local,BS2,1,0.5131281018257141,0.4224358797073364,-0.09069222211837769,0.02635672688484192,0.20912346243858337,0.5131281018257141,0.4224358797073364,0.22952651977539062,0.21565702557563782,0.2573453485965729,0.36190709471702576
55,S7,LatCrit,local,local,0,local,local,0,0.557749330997467,0.6369551420211792,0.07920581102371216,0.0160414706915617,0.15841159224510193,0.557749330997467,0.6369551420211792,0.20882752537727356,0.15108729898929596,0.2334231585264206,0.21195760369300842
55,S7,ComHvy,local,local,0,local,local,0,0.4836374521255493,0.5808629989624023,0.09722554683685303,0.023369217291474342,0.19445113837718964,0.4836374521255493,0.5808629989624023,0.27194592356681824,0.1939031183719635,0.24441666901111603,0.22523388266563416
55,S7,BWHvy,local,local,0,local,local,0,0.48874741792678833,0.4489542841911316,-0.03979313373565674,0.03696068376302719,0.2337784320116043,0.48874741792678833,0.4489542841911316,0.2659224271774292,0.18882635235786438,0.24533013999462128,0.36221936345100403
55,S8,LatCrit,local,local,0,local,local,0,0.5254546403884888,0.5776309967041016,0.05217635631561279,0.02169976383447647,0.1632937490940094,0.5254546403884888,0.5776309967041016,0.22795800864696503,0.25742852687835693,0.24658732116222382,0.16494044661521912
55,S8,ComHvy,local,local,0,local,local,0,0.5233966112136841,0.5315175652503967,0.008120954036712646,0.00423339381814003,0.06900984048843384,0.5233966112136841,0.5315175652503967,0.24345621466636658,0.26984021067619324,0.23314714431762695,0.19864225387573242
55,S8,BWHvy,local,BS1,1,local,local,0,0.4755489230155945,0.3765244483947754,-0.09902447462081909,0.03783896192908287,0.2529579997062683,0.4755489230155945,0.37505674362182617,0.25004544854164124,0.3765244483947754,0.2744055986404419,0.24841879308223724
56,S1,LatCrit,local,local,0,BS1,BS1,0,0.550040602684021,0.5326427817344666,-0.017397820949554443,0.0006196992471814156,0.03479562699794769,0.550040602684021,0.5326427817344666,0.22765864431858063,0.23807212710380554,0.22230076789855957,0.2292850911617279
56,S1,ComHvy,local,local,0,local,local,0,0.49819236993789673,0.5562434792518616,0.058051109313964844,0.006948299705982208,0.11610221862792969,0.49819236993789673,0.5562434792518616,0.23407471179962158,0.2127019464969635,0.2677329182624817,0.23105457425117493
56,S1,BWHvy,local,local,0,local,local,0,0.49186354875564575,0.43499118089675903,-0.05687236785888672,0.008379325270652771,0.11374473571777344,0.49186354875564575,0.43499118089675903,0.24987980723381042,0.3019304573535919,0.2582566440105438,0.26307836174964905
56,S2,LatCrit,local,local,0,local,BS1,1,0.48697221279144287,0.47677773237228394,-0.010194480419158936,0.0022903960198163986,0.05729411542415619,0.48697221279144287,0.47677773237228394,0.25845879316329956,0.28710585832595825,0.25456899404525757,0.236116424202919
56,S2,ComHvy,local,local,0,local,local,0,0.5235153436660767,0.5586429238319397,0.03512758016586304,0.004236992914229631,0.07174766063690186,0.5235153436660767,0.5586429238319397,0.2313215285539627,0.19544768333435059,0.24516314268112183,0.24590937793254852
56,S2,BWHvy,local,local,0,local,local,0,0.4603416919708252,0.38612061738967896,-0.07422107458114624,0.011514227837324142,0.14844216406345367,0.4603416919708252,0.38612061738967896,0.29164430499076843,0.3381709158420563,0.24801401793956757,0.27570849657058716
56,S3,LatCrit,local,local,0,BS2,BS2,0,0.4825226068496704,0.4827432632446289,0.0002206563949584961,0.0022899694740772247,0.048815056681632996,0.4825226068496704,0.4827432632446289,0.26238617300987244,0.23797862231731415,0.25509124994277954,0.27927809953689575
56,S3,ComHvy,local,local,0,local,local,0,0.4746151566505432,0.4062469005584717,-0.06836825609207153,0.010098006576299667,0.13673651218414307,0.4746151566505432,0.4062469005584717,0.2624209523200989,0.3101044297218323,0.2629638910293579,0.28364866971969604
56,S3,BWHvy,local,local,0,local,local,0,0.48928165435791016,0.48177778720855713,-0.007503867149353027,0.0006457874551415443,0.03182178735733032,0.48928165435791016,0.48177778720855713,0.2240281105041504,0.21562108397483826,0.28669023513793945,0.3026011288166046
56,S4,LatCrit,local,local,0,BS1,BS1,0,0.4774884581565857,0.5124745965003967,0.034986138343811035,0.01697840541601181,0.1461012065410614,0.4774884581565857,0.5124745965003967,0.27205678820610046,0.3101212680339813,0.25045472383499146,0.17740413546562195
56,S4,ComHvy,local,local,0,local,BS1,1,0.4791625738143921,0.4444013833999634,-0.03476119041442871,0.035953547805547714,0.22808630764484406,0.4791625738143921,0.4444013833999634,0.25275707244873047,0.3668002486228943,0.26808032393455505,0.18879838287830353
56,S4,BWHvy,local,local,0,local,local,0,0.5246310234069824,0.6391197443008423,0.11448872089385986,0.02756553515791893,0.22897739708423615,0.5246310234069824,0.6391197443008423,0.21492312848567963,0.16753244400024414,0.26044583320617676,0.19334784150123596
56,S5,LatCrit,local,local,0,local,local,0,0.5114925503730774,0.4559870958328247,-0.055505454540252686,0.006399583071470261,0.11101087927818298,0.5114925503730774,0.4559870958328247,0.2635779082775116,0.3016025424003601,0.2249295562505722,0.242410346865654
56,S5,ComHvy,local,local,0,local,local,0,0.5427477359771729,0.5526185035705566,0.009870767593383789,0.0074175335466861725,0.08819766342639923,0.5427477359771729,0.5526185035705566,0.22235417366027832,0.17825531959533691,0.2348981350660324,0.26912617683410645
56,S5,BWHvy,local,local,0,local,local,0,0.4985986351966858,0.459120512008667,-0.0394781231880188,0.003502890467643738,0.0789562314748764,0.4985986351966858,0.459120512008667,0.23879022896289825,0.26804977655410767,0.26261112093925476,0.27282968163490295
56,S6,LatCrit,local,local,0,local,local,0,0.4788692593574524,0.5309929251670837,0.05212366580963135,0.011456092819571495,0.12936264276504517,0.4788692593574524,0.5309929251670837,0.2907254695892334,0.22604414820671082,0.23040525615215302,0.24296291172504425
56,S6,ComHvy,local,local,0,BS1,local,1,0.505089521408081,0.5292189717292786,0.02412945032119751,0.0011888956651091576,0.048258885741233826,0.505089521408081,0.5292189717292786,0.2496412843465805,0.23524031043052673,0.24526917934417725,0.2355407178401947
56,S6,BWHvy,local,local,0,local,BS1,1,0.5134775042533875,0.43043220043182373,-0.08304530382156372,0.017740309238433838,0.16609063744544983,0.5134775042533875,0.43043220043182373,0.2311711311340332,0.23523792624473572,0.25535136461257935,0.33432990312576294
56,S7,LatCrit,local,local,0,local,local,0,0.560035228729248,0.5971128344535828,0.03707760572433472,0.003774027805775404,0.07415527105331421,0.560035228729248,0.5971128344535828,0.21565456688404083,0.1843254715204239,0.2243102490901947,0.21856167912483215
56,S7,ComHvy,local,local,0,local,local,0,0.46635890007019043,0.48960334062576294,0.02324444055557251,0.015916671603918076,0.14163973927497864,0.46635890007019043,0.48960334062576294,0.2649402916431427,0.1941204071044922,0.26870080828666687,0.3162762224674225
56,S7,BWHvy,local,local,0,local,local,0,0.5016589164733887,0.5491832494735718,0.047524333000183105,0.007511805277317762,0.10184012353420258,0.5016589164733887,0.5491832494735718,0.2760484516620636,0.22512835264205933,0.22229266166687012,0.22568835318088531
56,S8,LatCrit,local,local,0,local,local,0,0.5316879749298096,0.49134665727615356,-0.040341317653656006,0.013300970196723938,0.14260360598564148,0.5316879749298096,0.49134665727615356,0.21849776804447174,0.2897995710372925,0.24981428682804108,0.21885380148887634
56,S8,ComHvy,local,local,0,local,local,0,0.5217303037643433,0.5440487265586853,0.02231842279434204,0.00895724818110466,0.1032475084066391,0.5217303037643433,0.5440487265586853,0.24995991587638855,0.27926525473594666,0.228309765458107,0.17668601870536804
56,S8,BWHvy,local,local,0,local,local,0,0.4675554633140564,0.42504996061325073,-0.042505502700805664,0.0038616107776761055,0.08501103520393372,0.4675554633140564,0.42504996061325073,0.2512767016887665,0.27905964851379395,0.2811678349971771,0.2958904206752777
57,S1,LatCrit,local,local,0,local,local,0,0.5538255572319031,0.5353798866271973,-0.01844567060470581,0.006727773696184158,0.09452612698078156,0.5538255572319031,0.5353798866271973,0.2200828194618225,0.19126540422439575,0.2260916382074356,0.2733546793460846
57,S1,ComHvy,local,local,0,local,local,0,0.49519163370132446,0.535964846611023,0.040773212909698486,0.03266473859548569,0.19725733995437622,0.49519163370132446,0.535964846611023,0.24273256957530975,0.3005880117416382,0.262075811624527,0.16344712674617767
57,S1,BWHvy,local,local,0,local,local,0,0.49229544401168823,0.4424431324005127,-0.04985231161117554,0.012525944039225578,0.14399725198745728,0.49229544401168823,0.4424431324005127,0.24687086045742035,0.3188695013523102,0.2608336806297302,0.23868738114833832
57,S2,LatCrit,local,local,0,local,local,0,0.4898647665977478,0.4812958240509033,-0.008568942546844482,0.017005085945129395,0.13970254361629486,0.4898647665977478,0.4812958240509033,0.25426870584487915,0.1929863542318344,0.25586655735969543,0.3257178068161011
57,S2,ComHvy,local,local,0,local,local,0,0.5296590328216553,0.5069754123687744,-0.02268362045288086,0.0010654795914888382,0.045367226004600525,0.5296590328216553,0.5069754123687744,0.2329423576593399,0.24115517735481262,0.23739856481552124,0.2518693506717682
57,S2,BWHvy,local,local,0,local,local,0,0.4786115884780884,0.49196332693099976,0.013351738452911377,0.011251956224441528,0.11795651912689209,0.4786115884780884,0.49196332693099976,0.28102198243141174,0.2220437228679657,0.24036642909049988,0.28599295020103455
57,S3,LatCrit,local,local,0,local,local,0,0.48577988147735596,0.43686443567276,-0.04891544580459595,0.005606614053249359,0.09783083200454712,0.48577988147735596,0.43686443567276,0.2619205415248871,0.2713698148727417,0.25229960680007935,0.2917657196521759
57,S3,ComHvy,local,local,0,local,local,0,0.47603827714920044,0.40455472469329834,-0.0714835524559021,0.0158909410238266,0.1577710211277008,0.47603827714920044,0.40455472469329834,0.26572415232658386,0.34460967779159546,0.2582375705242157,0.2508356273174286
57,S3,BWHvy,local,local,0,local,BS1,1,0.4807940125465393,0.4485345482826233,-0.032259464263916016,0.03478432074189186,0.22235620021820068,0.4807940125465393,0.4485345482826233,0.2423730045557022,0.35355108976364136,0.2768329679965973,0.19791431725025177
57,S4,LatCrit,local,local,0,local,local,0,0.4786931872367859,0.5159738063812256,0.0372806191444397,0.004363946616649628,0.07456117868423462,0.4786931872367859,0.5159738063812256,0.2811225354671478,0.27971699833869934,0.24018427729606628,0.20430925488471985
57,S4,ComHvy,local,local,0,local,local,0,0.4861868619918823,0.5732710361480713,0.08708417415618896,0.021202288568019867,0.17416834831237793,0.4861868619918823,0.5732710361480713,0.22759801149368286,0.1574825644493103,0.2862151563167572,0.2692464292049408
57,S4,BWHvy,local,local,0,BS2,BS2,0,0.5067291259765625,0.5136325359344482,0.006903409957885742,0.0002961140125989914,0.021346256136894226,0.5067291259765625,0.5136325359344482,0.2252194881439209,0.22898919880390167,0.2680513858795166,0.2573782503604889
57,S5,LatCrit,local,local,0,local,local,0,0.5224250555038452,0.43952101469039917,-0.08290404081344604,0.015881627798080444,0.16580812633037567,0.5224250555038452,0.43952101469039917,0.26047834753990173,0.27971917390823364,0.21709658205509186,0.2807598412036896
57,S5,ComHvy,local,local,0,local,local,0,0.5210511088371277,0.4793299436569214,-0.0417211651802063,0.005336955189704895,0.08954860270023346,0.5210511088371277,0.4793299436569214,0.2261122763156891,0.22305913269519806,0.2528366148471832,0.29761090874671936
57,S5,BWHvy,local,local,0,local,local,0,0.49760156869888306,0.6094177961349487,0.11181622743606567,0.02930483967065811,0.22363243997097015,0.49760156869888306,0.6094177961349487,0.2485436499118805,0.21682661771774292,0.25385478138923645,0.17375560104846954
57,S6,LatCrit,local,local,0,local,local,0,0.46269023418426514,0.5232905745506287,0.060600340366363525,0.007371453568339348,0.12120068073272705,0.46269023418426514,0.5232905745506287,0.2969570457935333,0.2655276954174042,0.24035272002220154,0.21118173003196716
57,S6,ComHvy,local,local,0,local,local,0,0.5014322400093079,0.4987052083015442,-0.002727031707763672,0.015673700720071793,0.1274387240409851,0.5014322400093079,0.4987052083015442,0.22992350161075592,0.2936428487300873,0.2686442732810974,0.20765192806720734
57,S6,BWHvy,local,local,0,local,local,0,0.5119059085845947,0.5782821178436279,0.0663762092590332,0.02403474599123001,0.17132137715816498,0.5119059085845947,0.5782821178436279,0.23918303847312927,0.25846752524375916,0.2489110380411148,0.16325035691261292
57,S7,LatCrit,local,local,0,local,local,0,0.5481276512145996,0.5345687866210938,-0.01355886459350586,0.002239951863884926,0.05605873465538025,0.5481276512145996,0.5345687866210938,0.22069446742534637,0.2062239944934845,0.23117788136005402,0.25920727849006653
57,S7,ComHvy,local,local,0,local,local,0,0.460662305355072,0.48953473567962646,0.028872430324554443,0.023545533418655396,0.1676625907421112,0.460662305355072,0.48953473567962646,0.25307944416999817,0.16924816370010376,0.2862582206726074,0.3412171006202698
57,S7,BWHvy,local,local,0,local,local,0,0.47748124599456787,0.5111448764801025,0.03366363048553467,0.002480713650584221,0.06732729077339172,0.47748124599456787,0.5111448764801025,0.281992644071579,0.2568489611148834,0.24052612483501434,0.23200614750385284
57,S8,LatCrit,local,local,0,local,local,0,0.52501380443573,0.39816105365753174,-0.12685275077819824,0.03289501368999481,0.2537054717540741,0.52501380443573,0.39816105365753174,0.22479835152626038,0.2779690623283386,0.25018787384033203,0.32386988401412964
57,S8,ComHvy,local,local,0,local,local,0,0.5242767930030823,0.408782958984375,-0.11549383401870728,0.033116549253463745,0.23098760843276978,0.5242767930030823,0.408782958984375,0.2489173710346222,0.2623024582862854,0.22680586576461792,0.3289145529270172
57,S8,BWHvy,local,local,0,local,local,0,0.4655662178993225,0.5435799956321716,0.07801377773284912,0.014295864850282669,0.15602754056453705,0.4655662178993225,0.5435799956321716,0.24653929471969604,0.23073522746562958,0.28789445757865906,0.2256847620010376
58,S1,LatCrit,local,local,0,local,local,0,0.5598046779632568,0.5459027290344238,-0.013901948928833008,0.005007810890674591,0.07935024797916412,0.5598046779632568,0.5459027290344238,0.21946488320827484,0.1936916708946228,0.2207304835319519,0.260405570268631
58,S1,ComHvy,local,local,0,local,local,0,0.4896569848060608,0.4930502772331238,0.0033932924270629883,0.006188809871673584,0.08224242925643921,0.4896569848060608,0.4930502772331238,0.24094875156879425,0.2786766588687897,0.26939427852630615,0.22827304899692535
58,S1,BWHvy,local,local,0,local,local,0,0.5134345293045044,0.45314663648605347,-0.06028789281845093,0.010628882795572281,0.12265278398990631,0.5134345293045044,0.45314663648605347,0.23711559176445007,0.298442006111145,0.24944984912872314,0.2484113723039627
58,S2,LatCrit,local,local,0,BS2,local,1,0.4940345287322998,0.5018978118896484,0.007863283157348633,0.0016577616333961487,0.046653300523757935,0.4940345287322998,0.5018978118896484,0.2514179050922394,0.2668812870979309,0.2545475661754608,0.23122093081474304
58,S2,ComHvy,local,local,0,local,local,0,0.5356041193008423,0.5619990825653076,0.026394963264465332,0.002128753811120987,0.052789926528930664,0.5356041193008423,0.5619990825653076,0.23441670835018158,0.23326660692691803,0.22997921705245972,0.20473435521125793
58,S2,BWHvy,local,local,0,local,local,0,0.4790176749229431,0.4796707034111023,0.0006530284881591797,0.009565681219100952,0.10024525225162506,0.4790176749229431,0.4796707034111023,0.2839145362377167,0.23379191756248474,0.2370678037405014,0.28653740882873535
58,S3,LatCrit,local,local,0,local,local,0,0.4775654673576355,0.4407411813735962,-0.03682428598403931,0.005118913948535919,0.08784988522529602,0.4775654673576355,0.4407411813735962,0.2779873013496399,0.27088662981987,0.244447261095047,0.2883721888065338
58,S3,ComHvy,local,local,0,local,BS2,1,0.48080289363861084,0.39889299869537354,-0.0819098949432373,0.013816092163324356,0.16381976008415222,0.48080289363861084,0.39889299869537354,0.2602527141571045,0.29616278409957886,0.25894439220428467,0.3049441874027252
58,S3,BWHvy,local,local,0,local,BS1,1,0.4911624789237976,0.4481886625289917,-0.04297381639480591,0.027627386152744293,0.20730331540107727,0.4911624789237976,0.4481886625289917,0.23800541460514069,0.3416570723056793,0.2708320915699005,0.21015425026416779
58,S4,LatCrit,local,local,0,local,local,0,0.4861674904823303,0.5872113704681396,0.10104387998580933,0.030032269656658173,0.20208777487277985,0.4861674904823303,0.5872113704681396,0.27643972635269165,0.2605612576007843,0.23739278316497803,0.15222735702991486
58,S4,ComHvy,local,local,0,BS2,BS2,0,0.47828948497772217,0.47487783432006836,-0.0034116506576538086,0.0023310482501983643,0.051985204219818115,0.47828948497772217,0.47487783432006836,0.21500873565673828,0.19242778420448303,0.30670180916786194,0.332694411277771
58,S4,BWHvy,local,local,0,local,local,0,0.494365930557251,0.4655895233154297,-0.02877640724182129,0.003175392746925354,0.07222053408622742,0.494365930557251,0.4655895233154297,0.2310628741979599,0.2237289994955063,0.2745712101459503,0.31068146228790283
58,S5,LatCrit,local,local,0,local,BS1,1,0.5346319079399109,0.44103068113327026,-0.09360122680664062,0.01958370767533779,0.18720246851444244,0.5346319079399109,0.44103068113327026,0.25387540459632874,0.33036601543426514,0.21149268746376038,0.2286033183336258
58,S5,ComHvy,local,local,0,local,local,0,0.5313208103179932,0.4737514853477478,-0.05756932497024536,0.021349139511585236,0.18821707367897034,0.5313208103179932,0.4737514853477478,0.228736013174057,0.192196786403656,0.2399432361125946,0.3340517580509186
58,S5,BWHvy,local,local,0,local,local,0,0.4994189739227295,0.5914909243583679,0.09207195043563843,0.033784814178943634,0.1981189250946045,0.4994189739227295,0.5914909243583679,0.24396443367004395,0.25095194578170776,0.25661659240722656,0.15755712985992432
58,S6,LatCrit,local,local,0,local,local,0,0.44345372915267944,0.44811391830444336,0.004660189151763916,0.0011315559968352318,0.03966474533081055,0.44345372915267944,0.44811391830444336,0.32750779390335083,0.30767542123794556,0.22903847694396973,0.24421066045761108
58,S6,ComHvy,local,local,0,BS1,local,1,0.5119845271110535,0.5696356892585754,0.05765116214752197,0.012354006059467793,0.11637791991233826,0.5119845271110535,0.5696356892585754,0.22119660675525665,0.16300763189792633,0.2668188810348511,0.26735666394233704
58,S6,BWHvy,local,local,0,local,local,0,0.5066070556640625,0.4925084710121155,-0.014098584651947021,0.003980996087193489,0.07491415739059448,0.5066070556640625,0.4925084710121155,0.24343986809253693,0.280896931886673,0.24995312094688416,0.22659461200237274
58,S7,LatCrit,local,local,0,local,local,0,0.5488203763961792,0.5210862755775452,-0.027734100818634033,0.0016379822045564651,0.05546817183494568,0.5488203763961792,0.5210862755775452,0.21859294176101685,0.22715625166893005,0.23258671164512634,0.2517574727535248
58,S7,ComHvy,local,local,0,local,local,0,0.4541276693344116,0.4977111220359802,0.043583452701568604,0.01392359659075737,0.1411365270614624,0.4541276693344116,0.4977111220359802,0.28162211179733276,0.21105384826660156,0.2642502188682556,0.2912350296974182
58,S7,BWHvy,local,local,0,local,local,0,0.49141591787338257,0.5191618204116821,0.02774590253829956,0.00195213477127254,0.05549180507659912,0.49141591787338257,0.5191618204116821,0.26487818360328674,0.2407563179731369,0.2437058687210083,0.24008183181285858
58,S8,LatCrit,local,local,0,local,local,0,0.5426723957061768,0.5417191982269287,-0.0009531974792480469,0.007517751306295395,0.08380967378616333,0.5426723957061768,0.5417191982269287,0.21108418703079224,0.2529890537261963,0.2462434023618698,0.20529179275035858
58,S8,ComHvy,local,local,0,local,local,0,0.5240931510925293,0.4924265742301941,-0.031666576862335205,0.002515820786356926,0.0633331686258316,0.5240931510925293,0.4924265742301941,0.24163292348384857,0.24596650898456573,0.23427389562129974,0.261606901884079
58,S8,BWHvy,local,local,0,local,local,0,0.4895656108856201,0.46412527561187744,-0.025440335273742676,0.001346515491604805,0.05088070034980774,0.4895656108856201,0.46412527561187744,0.24294734001159668,0.25138571858406067,0.2674870193004608,0.2844890058040619
59,S1,LatCrit,local,local,0,local,local,0,0.5562371611595154,0.5756009817123413,0.019363820552825928,0.007388966158032417,0.09198692440986633,0.5562371611595154,0.5756009817123413,0.22058305144309998,0.17458957433700562,0.22317981719970703,0.24980944395065308
59,S1,ComHvy,local,local,0,local,local,0,0.5137826204299927,0.452444851398468,-0.06133776903152466,0.014621476642787457,0.15002351999282837,0.5137826204299927,0.452444851398468,0.22515234351158142,0.3001641035079956,0.2610650360584259,0.24739104509353638
59,S1,BWHvy,local,local,0,local,local,0,0.4924556016921997,0.5290358662605286,0.03658026456832886,0.0028718896210193634,0.0731605589389801,0.4924556016921997,0.5290358662605286,0.2446785420179367,0.23351620137691498,0.2628658711910248,0.23744791746139526
59,S2,LatCrit,local,local,0,local,local,0,0.4918813109397888,0.4199172258377075,-0.0719640851020813,0.011698447167873383,0.14392812550067902,0.4918813109397888,0.4199172258377075,0.24349187314510345,0.25815582275390625,0.2646268308162689,0.32192692160606384
59,S2,ComHvy,local,local,0,local,local,0,0.5034918785095215,0.4864789843559265,-0.01701289415359497,0.0006464831531047821,0.034025758504867554,0.5034918785095215,0.4864789843559265,0.24604952335357666,0.2502513825893402,0.25045862793922424,0.2632696330547333
59,S2,BWHvy,local,local,0,BS2,local,1,0.4781253933906555,0.47402000427246094,-0.00410538911819458,0.0023190639913082123,0.05318102240562439,0.4781253933906555,0.47402000427246094,0.2784374952316284,0.3050280213356018,0.24343711137771606,0.22095200419425964
59,S3,LatCrit,local,local,0,local,local,0,0.48859703540802,0.4270637035369873,-0.061533331871032715,0.007927019149065018,0.12306666374206543,0.48859703540802,0.4270637035369873,0.25838232040405273,0.2986593246459961,0.25302064418792725,0.2742769718170166
59,S3,ComHvy,local,local,0,local,local,0,0.487481951713562,0.47321373224258423,-0.014268219470977783,0.0009393300861120224,0.03836660087108612,0.487481951713562,0.47321373224258423,0.25391337275505066,0.24899829924106598,0.25860464572906494,0.2777879536151886
59,S3,BWHvy,local,local,0,local,local,0,0.4717801809310913,0.43794918060302734,-0.033831000328063965,0.023848649114370346,0.1904071420431137,0.4717801809310913,0.43794918060302734,0.24490980803966522,0.3401133716106415,0.28331002593040466,0.22193744778633118
59,S4,LatCrit,local,local,0,local,local,0,0.4775335192680359,0.5079268217086792,0.03039330244064331,0.0020066257566213608,0.06078658998012543,0.4775335192680359,0.5079268217086792,0.255999356508255,0.24717193841934204,0.2664671242237091,0.24490125477313995
59,S4,ComHvy,local,local,0,local,local,0,0.48014605045318604,0.4584236741065979,-0.021722376346588135,0.0029889121651649475,0.07098066806793213,0.48014605045318604,0.4584236741065979,0.2389993518590927,0.22523139417171478,0.28085461258888245,0.3163449466228485
59,S4,BWHvy,local,local,0,local,local,0,0.4997178912162781,0.49585217237472534,-0.0038657188415527344,0.007277660071849823,0.08925987780094147,0.4997178912162781,0.49585217237472534,0.23151563107967377,0.2761455774307251,0.2687664330005646,0.22800222039222717
59,S5,LatCrit,local,local,0,local,local,0,0.5116589069366455,0.4338821768760681,-0.07777673006057739,0.014390955679118633,0.15555350482463837,0.5116589069366455,0.4338821768760681,0.26259487867355347,0.33100342750549316,0.22574616968631744,0.23511439561843872
59,S5,ComHvy,local,local,0,local,local,0,0.5450095534324646,0.6487299203872681,0.10372036695480347,0.022969815880060196,0.20744071900844574,0.5450095534324646,0.6487299203872681,0.21977192163467407,0.1644452065229416,0.23521851003170013,0.18682487308979034
59,S5,BWHvy,local,local,0,local,local,0,0.489626407623291,0.4742792248725891,-0.015347182750701904,0.001409502699971199,0.046831563115119934,0.489626407623291,0.4742792248725891,0.24894826114177704,0.2723640501499176,0.26142534613609314,0.2533567547798157
59,S6,LatCrit,local,local,0,local,local,0,0.4750593900680542,0.45751166343688965,-0.01754772663116455,0.0036873947829008102,0.07698681950569153,0.4750593900680542,0.45751166343688965,0.28590330481529236,0.32439669966697693,0.23903732001781464,0.21809162199497223
59,S6,ComHvy,local,local,0,local,local,0,0.49321621656417847,0.49587035179138184,0.002654135227203369,0.004486292600631714,0.06967055797576904,0.49321621656417847,0.49587035179138184,0.24109427630901337,0.2732754051685333,0.26568955183029175,0.23085425794124603
59,S6,BWHvy,local,local,0,local,local,0,0.515552282333374,0.527499794960022,0.01194751262664795,0.0067045316100120544,0.08890284597873688,0.515552282333374,0.527499794960022,0.23528774082660675,0.26779162883758545,0.2491600215435028,0.20470857620239258
59,S7,LatCrit,local,local,0,local,local,0,0.5458046793937683,0.574128270149231,0.028323590755462646,0.0025373154785484076,0.056647226214408875,0.5458046793937683,0.574128270149231,0.21803370118141174,0.19104023277759552,0.23616163432598114,0.23483146727085114
59,S7,ComHvy,local,local,0,local,local,0,0.4729618430137634,0.47999870777130127,0.007036864757537842,0.0015107998624444008,0.04522423446178436,0.4729618430137634,0.47999870777130127,0.26910799741744995,0.24649588763713837,0.2579301595687866,0.27350541949272156
59,S7,BWHvy,local,local,0,local,local,0,0.4894564151763916,0.5005103945732117,0.011053979396820068,0.00025408598594367504,0.02210797369480133,0.4894564151763916,0.5005103945732117,0.2697676420211792,0.26239484548568726,0.240775927901268,0.2370947301387787
59,S8,LatCrit,local,local,0,local,local,0,0.5223341584205627,0.5126354694366455,-0.009698688983917236,0.0042852554470300674,0.0728396326303482,0.5223341584205627,0.5126354694366455,0.2229122370481491,0.2593320608139038,0.25475358963012695,0.22803246974945068
59,S8,ComHvy,local,local,0,BS1,BS1,0,0.5253183841705322,0.48285341262817383,-0.0424649715423584,0.003640156239271164,0.08492989838123322,0.5253183841705322,0.48285341262817383,0.24950069189071655,0.27481549978256226,0.2251809686422348,0.24233108758926392
59,S8,BWHvy,local,local,0,local,local,0,0.47474223375320435,0.510576605796814,0.03583437204360962,0.003941967152059078,0.07166869938373566,0.47474223375320435,0.510576605796814,0.24161195755004883,0.2075822502374649,0.28364577889442444,0.2818411588668823
60,S1,LatCrit,local,local,0,local,local,0,0.5527245998382568,0.5027776956558228,-0.04994690418243408,0.008465884253382683,0.11163753271102905,0.5527245998382568,0.5027776956558228,0.2237778902053833,0.2795966565608978,0.22349752485752106,0.2176256626844406
60,S1,ComHvy,local,local,0,local,BS2,1,0.5098962783813477,0.4897947311401367,-0.020101547241210938,0.022543542087078094,0.16834689676761627,0.5098962783813477,0.4897947311401367,0.23678171634674072,0.17270980775356293,0.253322035074234,0.33749547600746155
60,S1,BWHvy,local,local,0,local,local,0,0.5036646127700806,0.5801348686218262,0.0764702558517456,0.028440173715353012,0.1774892956018448,0.5036646127700806,0.5801348686218262,0.23361532390117645,0.14487066864967346,0.2627200782299042,0.27499446272850037
60,S2,LatCrit,local,local,0,local,local,0,0.5011264085769653,0.4683007001876831,-0.03282570838928223,0.0072989389300346375,0.1091393232345581,0.5011264085769653,0.4683007001876831,0.24561136960983276,0.22386738657951355,0.2532622814178467,0.30783191323280334
60,S2,ComHvy,local,local,0,local,BS1,1,0.5087261199951172,0.4087485074996948,-0.09997761249542236,0.02033410221338272,0.19995519518852234,0.5087261199951172,0.4087485074996948,0.2569056749343872,0.306311696767807,0.2343682050704956,0.2849397659301758
60,S2,BWHvy,local,local,0,local,local,0,0.4740455746650696,0.4169486165046692,-0.05709695816040039,0.010480252094566822,0.1323346346616745,0.4740455746650696,0.4169486165046692,0.29040342569351196,0.3565707206726074,0.23555101454257965,0.226480633020401
60,S3,LatCrit,local,local,0,local,local,0,0.49060559272766113,0.5556603670120239,0.06505477428436279,0.015248199924826622,0.13820582628250122,0.49060559272766113,0.5556603670120239,0.2595072090625763,0.19040429592132568,0.24988719820976257,0.2539353370666504
60,S3,ComHvy,local,local,0,BS2,local,1,0.4984731078147888,0.5175683498382568,0.019095242023468018,0.0007947455160319805,0.03819049894809723,0.4984731078147888,0.5175683498382568,0.2508096694946289,0.23737557232379913,0.2507171928882599,0.24505603313446045
60,S3,BWHvy,local,local,0,local,local,0,0.4983797073364258,0.4509713053703308,-0.04740840196609497,0.004610663279891014,0.09481680393218994,0.4983797073364258,0.4509713053703308,0.22688356041908264,0.25360342860221863,0.2747367322444916,0.29542526602745056
60,S4,LatCrit,local,local,0,local,local,0,0.4868006110191345,0.4711253046989441,-0.01567530632019043,0.00051908940076828,0.031350672245025635,0.4868006110191345,0.4711253046989441,0.2605127692222595,0.27116161584854126,0.25268661975860596,0.2577131390571594
60,S4,ComHvy,local,local,0,local,local,0,0.48228704929351807,0.4647846221923828,-0.017502427101135254,0.009592287242412567,0.11523918807506561,0.48228704929351807,0.4647846221923828,0.23194392025470734,0.28956350684165955,0.2857690453529358,0.24565187096595764
60,S4,BWHvy,local,local,0,BS2,local,1,0.4950752854347229,0.5216240882873535,0.026548802852630615,0.0033000968396663666,0.06443360447883606,0.4950752854347229,0.5216240882873535,0.22477459907531738,0.19255784153938293,0.28015008568763733,0.2858181297779083
60,S5,LatCrit,local,local,0,local,local,0,0.5063830614089966,0.5653196573257446,0.05893659591674805,0.007011080160737038,0.1178731620311737,0.5063830614089966,0.5653196573257446,0.26357555389404297,0.23204681277275085,0.23004139959812164,0.2026335746049881
60,S5,ComHvy,local,local,0,local,local,0,0.5338795185089111,0.5325040817260742,-0.001375436782836914,0.0018667876720428467,0.04291754961013794,0.5338795185089111,0.5325040817260742,0.2171841263771057,0.19710081815719604,0.24893635511398315,0.2703951597213745
60,S5,BWHvy,local,local,0,local,local,0,0.5007433891296387,0.43138641119003296,-0.06935697793960571,0.015215903520584106,0.15651863813400269,0.5007433891296387,0.43138641119003296,0.23607243597507477,0.22717009484767914,0.26318418979644775,0.3414435088634491
60,S6,LatCrit,local,local,0,local,local,0,0.47029244899749756,0.45308631658554077,-0.017206132411956787,0.0007301910081878304,0.034412235021591187,0.47029244899749756,0.45308631658554077,0.30289503931999207,0.31880632042884827,0.22681254148483276,0.22810736298561096
60,S6,ComHvy,local,local,0,local,local,0,0.5014569759368896,0.580780565738678,0.07932358980178833,0.022214898839592934,0.15864723920822144,0.5014569759368896,0.580780565738678,0.22676151990890503,0.15086668729782104,0.2717815637588501,0.268352746963501
60,S6,BWHvy,local,local,0,local,local,0,0.498940110206604,0.40343016386032104,-0.09550994634628296,0.019584406167268753,0.19101986289024353,0.498940110206604,0.40343016386032104,0.24679997563362122,0.275139719247818,0.25425994396209717,0.32143011689186096
60,S7,LatCrit,local,local,0,local,local,0,0.5463123321533203,0.6046404838562012,0.05832815170288086,0.01003303099423647,0.1166563332080841,0.5463123321533203,0.6046404838562012,0.22261002659797668,0.17129702866077423,0.2310776263475418,0.22406244277954102
60,S7,ComHvy,local,local,0,BS2,BS2,0,0.46251797676086426,0.4443257451057434,-0.01819223165512085,0.0009129494428634644,0.03638443350791931,0.46251797676086426,0.4443257451057434,0.27025431394577026,0.27102452516555786,0.2672277092933655,0.28464969992637634
60,S7,BWHvy,local,local,0,local,local,0,0.5006281137466431,0.5174272060394287,0.016799092292785645,0.01987535133957863,0.15094061195850372,0.5006281137466431,0.5174272060394287,0.266628235578537,0.1911579668521881,0.23274360597133636,0.29141485691070557
60,S8,LatCrit,local,local,0,local,local,0,0.5308279991149902,0.5579530000686646,0.027125000953674316,0.0028826966881752014,0.06317716836929321,0.5308279991149902,0.5579530000686646,0.21766996383666992,0.22213353216648102,0.2515020966529846,0.21991349756717682
60,S8,ComHvy,local,local,0,local,local,0,0.5260469913482666,0.5175451040267944,-0.008501887321472168,0.014064710587263107,0.12330451607704163,0.5260469913482666,0.5175451040267944,0.2454107701778412,0.3070630431175232,0.2285422533750534,0.17539189755916595
60,S8,BWHvy,local,local,0,local,local,0,0.488605260848999,0.4657672643661499,-0.02283799648284912,0.006077257916331291,0.09692558646202087,0.488605260848999,0.4657672643661499,0.24840737879276276,0.2968702018260956,0.26298731565475464,0.2373625487089157
61,S1,LatCrit,local,local,0,local,local,0,0.5535818338394165,0.579016387462616,0.025434553623199463,0.006228871643543243,0.08797129988670349,0.5535818338394165,0.579016387462616,0.2199859917163849,0.23853710293769836,0.22643215954303741,0.18244652450084686
61,S1,ComHvy,local,local,0,local,local,0,0.5064787864685059,0.46764087677001953,-0.03883790969848633,0.01625862717628479,0.16132088005542755,0.5064787864685059,0.46764087677001953,0.2349916249513626,0.19316908717155457,0.25852957367897034,0.3391900062561035
61,S1,BWHvy,local,local,0,local,local,0,0.49685949087142944,0.5178362131118774,0.020976722240447998,0.010422039777040482,0.11220259964466095,0.49685949087142944,0.5178362131118774,0.2388182431459427,0.182716965675354,0.2643222510814667,0.29944685101509094
61,S2,LatCrit,local,local,0,local,local,0,0.4955436587333679,0.49040687084198,-0.0051367878913879395,0.00263017974793911,0.05648091435432434,0.4955436587333679,0.49040687084198,0.24780167639255524,0.2760421335697174,0.25665464997291565,0.23355098068714142
61,S2,ComHvy,local,local,0,local,local,0,0.5108466148376465,0.4725022315979004,-0.038344383239746094,0.0033183135092258453,0.07668879628181458,0.5108466148376465,0.4725022315979004,0.24955913424491882,0.2794274687767029,0.2395942360162735,0.24807031452655792
61,S2,BWHvy,local,local,0,BS1,local,1,0.4731282591819763,0.47779709100723267,0.004668831825256348,0.01199425756931305,0.11610817909240723,0.4731282591819763,0.47779709100723267,0.28939175605773926,0.23133768141269684,0.23747996985912323,0.2908652424812317
61,S3,LatCrit,local,local,0,BS1,local,1,0.49430620670318604,0.5394729971885681,0.04516679048538208,0.01566358283162117,0.142500638961792,0.49430620670318604,0.5394729971885681,0.252544641494751,0.18129432201385498,0.253149151802063,0.2792326807975769
61,S3,ComHvy,local,local,0,local,local,0,0.48105520009994507,0.4399068355560303,-0.041148364543914795,0.0042194463312625885,0.0822966992855072,0.48105520009994507,0.4399068355560303,0.25670525431632996,0.2615066468715668,0.26223957538604736,0.29858651757240295
61,S3,BWHvy,local,local,0,BS1,BS1,0,0.4807129502296448,0.43508028984069824,-0.04563266038894653,0.0047302693128585815,0.09126527607440948,0.4807129502296448,0.43508028984069824,0.2345801144838333,0.2678286135196686,0.2847069799900055,0.2970910966396332
61,S4,LatCrit,local,local,0,local,local,0,0.48101532459259033,0.5110150575637817,0.029999732971191406,0.0019580405205488205,0.059999480843544006,0.48101532459259033,0.5110150575637817,0.2695521116256714,0.2599888741970062,0.24943257868289948,0.22899606823921204
61,S4,ComHvy,local,local,0,local,local,0,0.4654892683029175,0.45020073652267456,-0.01528853178024292,0.004008453339338303,0.07706539332866669,0.4654892683029175,0.45020073652267456,0.24206338822841644,0.2805960774421692,0.29244735836982727,0.26920318603515625
61,S4,BWHvy,local,local,0,BS1,BS1,0,0.49860620498657227,0.4644929766654968,-0.03411322832107544,0.0042269267141819,0.08363980054855347,0.49860620498657227,0.4644929766654968,0.22407236695289612,0.21636569499969482,0.2773214280605316,0.31914132833480835
61,S5,LatCrit,local,local,0,local,local,0,0.5199211835861206,0.5530859231948853,0.03316473960876465,0.01673257350921631,0.1374518722295761,0.5199211835861206,0.5530859231948853,0.2574741542339325,0.2930353283882141,0.2226046919822693,0.15387873351573944
61,S5,ComHvy,local,local,0,local,local,0,0.5286311507225037,0.46969014406204224,-0.058941006660461426,0.00875949114561081,0.11788205802440643,0.5286311507225037,0.46969014406204224,0.2214234173297882,0.22608795762062073,0.24994541704654694,0.3042219281196594
61,S5,BWHvy,local,local,0,local,local,0,0.5022153854370117,0.47769516706466675,-0.02452021837234497,0.002413002774119377,0.06176081299781799,0.5022153854370117,0.47769516706466675,0.23903287947177887,0.23267270624637604,0.25875169038772583,0.289632111787796
61,S6,LatCrit,local,local,0,local,local,0,0.4581015706062317,0.451460599899292,-0.006640970706939697,0.0002324739471077919,0.01861099898815155,0.4581015706062317,0.451460599899292,0.2960236072540283,0.29335907101631165,0.2458748072385788,0.255180299282074
61,S6,ComHvy,local,local,0,local,local,0,0.5043848156929016,0.5560951232910156,0.051710307598114014,0.010388990864157677,0.1098652333021164,0.5043848156929016,0.5560951232910156,0.2287599891424179,0.1738274097442627,0.2668551504611969,0.27007749676704407
61,S6,BWHvy,local,local,0,local,local,0,0.5091314911842346,0.45699894428253174,-0.05213254690170288,0.005453754216432571,0.10426512360572815,0.5091314911842346,0.45699894428253174,0.23797017335891724,0.26285624504089355,0.25289830565452576,0.2801448106765747
61,S7,LatCrit,local,local,0,local,local,0,0.5458495616912842,0.5317234992980957,-0.014126062393188477,0.00043301377445459366,0.02825208008289337,0.5458495616912842,0.5317234992980957,0.22121955454349518,0.22533436119556427,0.23293092846870422,0.24294213950634003
61,S7,ComHvy,local,local,0,local,local,0,0.457969605922699,0.5022608041763306,0.04429119825363159,0.0046798065304756165,0.0885823518037796,0.457969605922699,0.5022608041763306,0.2622933089733124,0.2539711892604828,0.27973708510398865,0.24376805126667023
61,S7,BWHvy,local,local,0,local,local,0,0.48025232553482056,0.5284346342086792,0.04818230867385864,0.0083429254591465,0.10757458209991455,0.48025232553482056,0.5284346342086792,0.27708983421325684,0.22330255806446075,0.2426578402519226,0.24826283752918243
61,S8,LatCrit,local,local,0,local,local,0,0.5226408243179321,0.5549759864807129,0.03233516216278076,0.010035015642642975,0.11597742140293121,0.5226408243179321,0.5549759864807129,0.21892617642879486,0.2445797175168991,0.2584329843521118,0.2004442662000656
61,S8,ComHvy,local,local,0,local,local,0,0.5262515544891357,0.5370065569877625,0.010755002498626709,0.005228057503700256,0.07687529921531677,0.5262515544891357,0.5370065569877625,0.24661293625831604,0.2742955982685089,0.22713547945022583,0.18869784474372864
61,S8,BWHvy,local,local,0,local,local,0,0.4780988097190857,0.4253990054130554,-0.05269980430603027,0.005678026005625725,0.10539960861206055,0.4780988097190857,0.4253990054130554,0.25087445974349976,0.28004220128059387,0.27102673053741455,0.2945587933063507
62,S1,LatCrit,local,local,0,local,local,0,0.5490258932113647,0.541597843170166,-0.0074280500411987305,0.0015040989965200424,0.043486133217811584,0.5490258932113647,0.541597843170166,0.22177161276340485,0.207456573843956,0.22920255362987518,0.2509455978870392
62,S1,ComHvy,local,local,0,local,local,0,0.508027195930481,0.5132120251655579,0.005184829235076904,0.007019884884357452,0.08559150993824005,0.508027195930481,0.5132120251655579,0.23211529850959778,0.18931956589221954,0.2598574459552765,0.2974683940410614
62,S1,BWHvy,local,local,0,local,local,0,0.4977588653564453,0.5418777465820312,0.04411888122558594,0.009182799607515335,0.10830502212047577,0.4977588653564453,0.5418777465820312,0.24201442301273346,0.18786191940307617,0.26022666692733765,0.2702603042125702
62,S2,LatCrit,local,local,0,local,local,0,0.5069155693054199,0.5251626372337341,0.01824706792831421,0.012729384005069733,0.12249432504177094,0.5069155693054199,0.5251626372337341,0.24286997318267822,0.28587010502815247,0.2502143979072571,0.1889672726392746
62,S2,ComHvy,local,local,0,local,local,0,0.4963953495025635,0.4164794087409973,-0.07991594076156616,0.014276593923568726,0.1598319113254547,0.4963953495025635,0.4164794087409973,0.2473602294921875,0.2655653655529022,0.256244421005249,0.31795525550842285
62,S2,BWHvy,local,local,0,BS1,BS1,0,0.48386842012405396,0.45205891132354736,-0.03180950880050659,0.003056138753890991,0.0636189877986908,0.48386842012405396,0.45205891132354736,0.28563961386680603,0.2860530614852905,0.2304919958114624,0.2618880271911621
62,S3,LatCrit,local,local,0,local,local,0,0.4721946120262146,0.49080049991607666,0.01860588788986206,0.021338369697332382,0.15785744786262512,0.4721946120262146,0.49080049991607666,0.261392205953598,0.18246349692344666,0.2664131820201874,0.3267360329627991
62,S3,ComHvy,local,local,0,local,local,0,0.48465126752853394,0.4516761898994446,-0.032975077629089355,0.002853084821254015,0.06595021486282349,0.48465126752853394,0.4516761898994446,0.2645058333873749,0.2953389883041382,0.2508428692817688,0.2529848515987396
62,S3,BWHvy,local,local,0,local,local,0,0.49554187059402466,0.4854276180267334,-0.01011425256729126,0.0003798380494117737,0.02456924319267273,0.49554187059402466,0.4854276180267334,0.22760361433029175,0.22543323040008545,0.2768545150756836,0.28913912177085876
62,S4,LatCrit,local,local,0,local,local,0,0.4847021698951721,0.5140827894210815,0.029380619525909424,0.0017959494143724442,0.05876120924949646,0.4847021698951721,0.5140827894210815,0.2702767550945282,0.2588373124599457,0.2450210452079773,0.22707989811897278
62,S4,ComHvy,local,local,0,local,BS2,1,0.4663512110710144,0.40916305780410767,-0.05718815326690674,0.007995900698006153,0.11437630653381348,0.4663512110710144,0.40916305780410767,0.2252705693244934,0.26999950408935547,0.3083781898021698,0.3208374083042145
62,S4,BWHvy,local,local,0,local,local,0,0.4988875985145569,0.5143028497695923,0.0154152512550354,0.003138398751616478,0.06284752488136292,0.4988875985145569,0.5143028497695923,0.22164928913116455,0.1902255117893219,0.27946311235427856,0.2954716086387634
62,S5,LatCrit,local,local,0,local,local,0,0.5232968330383301,0.5859649181365967,0.0626680850982666,0.009224630892276764,0.12533614039421082,0.5232968330383301,0.5859649181365967,0.2573971450328827,0.20871448516845703,0.21930600702762604,0.20532061159610748
62,S5,ComHvy,local,local,0,local,local,0,0.5545578002929688,0.5883196592330933,0.03376185894012451,0.002362971194088459,0.0675237774848938,0.5545578002929688,0.5883196592330933,0.22602377831935883,0.20662330090999603,0.219418466091156,0.2050570249557495
62,S5,BWHvy,local,local,0,local,local,0,0.5002952218055725,0.46153461933135986,-0.038760602474212646,0.0045263320207595825,0.08228331804275513,0.5002952218055725,0.46153461933135986,0.23800092935562134,0.23561987280845642,0.26170384883880615,0.3028455078601837
62,S6,LatCrit,local,local,0,local,local,0,0.46906256675720215,0.4671581983566284,-0.0019043684005737305,0.0009794794023036957,0.03385953605175018,0.46906256675720215,0.4671581983566284,0.3044850826263428,0.3214148283004761,0.22645236551761627,0.21142694354057312
62,S6,ComHvy,local,local,0,local,local,0,0.5141016840934753,0.5857821702957153,0.07168048620223999,0.01060611754655838,0.14336100220680237,0.5141016840934753,0.5857821702957153,0.23155494034290314,0.20266222953796387,0.2543433904647827,0.2115555852651596
62,S6,BWHvy,local,local,0,local,local,0,0.5247331857681274,0.544054388999939,0.019321203231811523,0.003274768590927124,0.06730157136917114,0.5247331857681274,0.544054388999939,0.22517840564250946,0.23950792849063873,0.25008848309516907,0.21643763780593872
62,S7,LatCrit,local,local,0,local,local,0,0.5435706973075867,0.5476733446121216,0.004102647304534912,0.0011151377111673355,0.03522306680679321,0.5435706973075867,0.5476733446121216,0.2272161990404129,0.2407250702381134,0.22921308875083923,0.21160154044628143
62,S7,ComHvy,local,local,0,local,local,0,0.46452343463897705,0.5453609824180603,0.08083754777908325,0.014392241835594177,0.1616751253604889,0.46452343463897705,0.5453609824180603,0.2763155996799469,0.2503058612346649,0.25916099548339844,0.20433315634727478
62,S7,BWHvy,local,local,0,BS1,local,1,0.4744988679885864,0.48802512884140015,0.01352626085281372,0.0014102738350629807,0.047022268176078796,0.4744988679885864,0.48802512884140015,0.28747230768203735,0.26396116614341736,0.2380288541316986,0.2480137199163437
62,S8,LatCrit,local,local,0,local,local,0,0.5382351875305176,0.5840158462524414,0.04578065872192383,0.004316022619605064,0.09156133234500885,0.5382351875305176,0.5840158462524414,0.2204499989748001,0.2013745903968811,0.24131479859352112,0.2146095335483551
62,S8,ComHvy,local,local,0,local,local,0,0.5351485013961792,0.5221741199493408,-0.012974381446838379,0.0003869570791721344,0.025948762893676758,0.5351485013961792,0.5221741199493408,0.22766096889972687,0.23749518394470215,0.23719054460525513,0.24033071100711823
62,S8,BWHvy,local,local,0,local,BS1,1,0.4928792715072632,0.44273078441619873,-0.05014848709106445,0.005683272145688534,0.1002970039844513,0.4928792715072632,0.44273078441619873,0.24096280336380005,0.27853694558143616,0.26615792512893677,0.2787322998046875
63,S1,LatCrit,local,local,0,local,local,0,0.5555841326713562,0.5903908014297485,0.034806668758392334,0.014899097383022308,0.12822116911411285,0.5555841326713562,0.5903908014297485,0.2310783565044403,0.2603822946548462,0.2133375108242035,0.14922694861888885
63,S1,ComHvy,local,local,0,local,local,0,0.49476081132888794,0.4607864022254944,-0.033974409103393555,0.004248049110174179,0.08339394629001617,0.49476081132888794,0.4607864022254944,0.23232242465019226,0.22459985315799713,0.2729167640209198,0.3146137297153473
63,S1,BWHvy,local,local,0,local,BS2,1,0.491432785987854,0.36737459897994995,-0.12405818700790405,0.03198939934372902,0.2481163740158081,0.491432785987854,0.36737459897994995,0.24658608436584473,0.3038674592971802,0.26198112964630127,0.3287579417228699
63,S2,LatCrit,local,local,0,local,local,0,0.5012682676315308,0.4826744794845581,-0.018593788146972656,0.004799889400601387,0.08455227315425873,0.5012682676315308,0.4826744794845581,0.24623385071754456,0.28850996494293213,0.25249791145324707,0.22881554067134857
63,S2,ComHvy,local,local,0,local,local,0,0.5286600589752197,0.5543411374092102,0.02568107843399048,0.0013303281739354134,0.051362112164497375,0.5286600589752197,0.5543411374092102,0.23694154620170593,0.22400839626789093,0.23439835011959076,0.22165046632289886
63,S2,BWHvy,local,local,0,local,local,0,0.4813153147697449,0.4802454710006714,-0.0010698437690734863,0.007583923637866974,0.08957995474338531,0.4813153147697449,0.4802454710006714,0.30170634388923645,0.2579862177371979,0.21697832643985748,0.26176831126213074
63,S3,LatCrit,local,local,0,local,local,0,0.47180259227752686,0.47238999605178833,0.0005874037742614746,0.006066910922527313,0.08030012249946594,0.47180259227752686,0.47238999605178833,0.2713611423969269,0.23121106624603271,0.25683629512786865,0.29639893770217896
63,S3,ComHvy,local,local,0,local,local,0,0.46587610244750977,0.3964635729789734,-0.06941252946853638,0.015271678566932678,0.15393134951591492,0.46587610244750977,0.3964635729789734,0.2697293758392334,0.2621762156486511,0.26439452171325684,0.3413601815700531
63,S3,BWHvy,local,local,0,local,local,0,0.4712819457054138,0.3550814390182495,-0.1162005066871643,0.037479281425476074,0.23240098357200623,0.4712819457054138,0.3550814390182495,0.2364267110824585,0.3481309115886688,0.2922913432121277,0.2967876195907593
63,S4,LatCrit,local,local,0,local,local,0,0.4753444194793701,0.46363943815231323,-0.011704981327056885,0.0057387575507164,0.08870075643062592,0.4753444194793701,0.46363943815231323,0.2922021150588989,0.3365525007247925,0.23245345056056976,0.1998080611228943
63,S4,ComHvy,local,local,0,BS2,local,1,0.4628797173500061,0.48957353830337524,0.02669382095336914,0.0038390010595321655,0.07909661531448364,0.4628797173500061,0.48957353830337524,0.22552704811096191,0.2383815348148346,0.31159326434135437,0.27204495668411255
63,S4,BWHvy,local,local,0,local,local,0,0.5159987211227417,0.5621750950813293,0.046176373958587646,0.004348980262875557,0.0923527330160141,0.5159987211227417,0.5621750950813293,0.21073411405086517,0.19358289241790771,0.27326714992523193,0.24424201250076294
63,S5,LatCrit,local,local,0,local,local,0,0.5221447944641113,0.4959818124771118,-0.02616298198699951,0.010443171486258507,0.12440541386604309,0.5221447944641113,0.4959818124771118,0.27119797468185425,0.3334006667137146,0.20665724575519562,0.1706175059080124
63,S5,ComHvy,local,local,0,local,local,0,0.5340573787689209,0.486819863319397,-0.047237515449523926,0.00868438184261322,0.11532162129878998,0.5340573787689209,0.486819863319397,0.236700177192688,0.22627687454223633,0.2292424887418747,0.2869032919406891
63,S5,BWHvy,local,local,0,local,local,0,0.5049719214439392,0.5170106887817383,0.012038767337799072,0.0004118882352486253,0.024077564477920532,0.5049719214439392,0.5170106887817383,0.2245151400566101,0.21372920274734497,0.2705129384994507,0.26926007866859436
63,S6,LatCrit,local,local,0,local,local,0,0.4684820771217346,0.48607730865478516,0.017595231533050537,0.003314150497317314,0.07119998335838318,0.4684820771217346,0.48607730865478516,0.29481610655784607,0.2592160999774933,0.2367018461227417,0.25470659136772156
63,S6,ComHvy,local,local,0,local,local,0,0.5151629447937012,0.5361475944519043,0.020984649658203125,0.00098394975066185,0.04196926951408386,0.5151629447937012,0.5361475944519043,0.2331710010766983,0.22779211401939392,0.2516660690307617,0.23606033623218536
63,S6,BWHvy,local,local,0,local,local,0,0.5155784487724304,0.5029540061950684,-0.01262444257736206,0.001340789720416069,0.04543653130531311,0.5155784487724304,0.5029540061950684,0.2291368544101715,0.2190430760383606,0.2552846670150757,0.2780029773712158
63,S7,LatCrit,local,local,0,local,local,0,0.5599204301834106,0.514477014541626,-0.04544341564178467,0.00506720831617713,0.09088684618473053,0.5599204301834106,0.514477014541626,0.21604228019714355,0.25404560565948486,0.2240372598171234,0.23147736489772797
63,S7,ComHvy,local,local,0,BS1,BS1,0,0.45444434881210327,0.49514830112457275,0.04070395231246948,0.00385412760078907,0.08140791952610016,0.45444434881210327,0.49514830112457275,0.2743906080722809,0.2650875151157379,0.27116504311561584,0.23976416885852814
63,S7,BWHvy,local,local,0,local,local,0,0.45765674114227295,0.42692017555236816,-0.030736565589904785,0.004643444903194904,0.09085530042648315,0.45765674114227295,0.42692017555236816,0.30393657088279724,0.3493642210960388,0.238406702876091,0.2237156182527542
63,S8,LatCrit,local,local,0,local,local,0,0.5275300145149231,0.5441194772720337,0.016589462757110596,0.012162379920482635,0.11684641242027283,0.5275300145149231,0.5441194772720337,0.23292917013168335,0.274762898683548,0.23954083025455475,0.18111760914325714
63,S8,ComHvy,local,local,0,local,local,0,0.5337490439414978,0.4773653745651245,-0.05638366937637329,0.00645417720079422,0.11276732385158539,0.5337490439414978,0.4773653745651245,0.23962163925170898,0.26343706250190735,0.2266293317079544,0.25919756293296814
63,S8,BWHvy,local,local,0,BS2,BS2,0,0.4792674779891968,0.47124332189559937,-0.008024156093597412,0.0025168582797050476,0.05875664949417114,0.4792674779891968,0.47124332189559937,0.2420114278793335,0.22065725922584534,0.2787210941314697,0.3080994188785553
