probe_index,sensor_id,task_name,old_top1_choice,new_top1_choice,top1_changed,old_sampled_choice,new_sampled_choice,sampled_changed,old_top1_prob,new_top1_prob,top1_prob_delta,decision_kl,decision_l1,old_local_prob,new_local_prob,old_BS1_prob,new_BS1_prob,old_BS2_prob,new_BS2_prob
0,S1,LatCrit,local,local,0,local,local,0,0.4989933967590332,0.4812179207801819,-0.01777547597885132,0.001362089067697525,0.046050965785980225,0.4989933967590332,0.4812179207801819,0.24599727988243103,0.24074727296829224,0.25500932335853577,0.2780348062515259
0,S1,ComHvy,local,local,0,BS2,BS2,0,0.48011285066604614,0.47685015201568604,-0.0032626986503601074,0.0015028100460767746,0.04140526056289673,0.48011285066604614,0.47685015201568604,0.18520034849643707,0.16776041686534882,0.3346867859363556,0.35538941621780396
0,S1,BWHvy,local,local,0,local,local,0,0.5070078372955322,0.5280723571777344,0.02106451988220215,0.001535578165203333,0.04506149888038635,0.5070078372955322,0.5280723571777344,0.2447526901960373,0.22222194075584412,0.2482394576072693,0.24970568716526031
0,S2,LatCrit,BS2,BS2,0,BS2,BS2,0,0.4192561209201813,0.4358075261116028,0.01655140519142151,0.0008409619331359863,0.03310278058052063,0.39337486028671265,0.3903188109397888,0.18736900389194489,0.1738736778497696,0.4192561209201813,0.4358075261116028
0,S2,ComHvy,local,local,0,local,local,0,0.49453818798065186,0.4953293204307556,0.0007911324501037598,0.0005523161962628365,0.02426309883594513,0.49453818798065186,0.4953293204307556,0.21003584563732147,0.22137627005577087,0.2954259514808655,0.2832944095134735
0,S2,BWHvy,local,local,0,BS1,BS1,0,0.39797306060791016,0.44398510456085205,0.046012043952941895,0.004324484616518021,0.09202408790588379,0.39797306060791016,0.44398510456085205,0.32376348972320557,0.29898762702941895,0.2782634496688843,0.257027268409729
0,S3,LatCrit,local,local,0,local,local,0,0.4592908024787903,0.5123241543769836,0.05303335189819336,0.005983628332614899,0.10606670379638672,0.4592908024787903,0.5123241543769836,0.24546487629413605,0.23019666969776154,0.29524433612823486,0.257479190826416
0,S3,ComHvy,local,local,0,BS1,local,1,0.38458389043807983,0.43724524974823,0.052661359310150146,0.021269574761390686,0.18906864523887634,0.38458389043807983,0.43724524974823,0.36674001812934875,0.2722057104110718,0.24867606163024902,0.29054903984069824
0,S3,BWHvy,local,local,0,local,local,0,0.45548808574676514,0.40944766998291016,-0.04604041576385498,0.009632695466279984,0.13245294988155365,0.45548808574676514,0.40944766998291016,0.23520810902118683,0.2150220274925232,0.30930382013320923,0.37553027272224426
0,S4,LatCrit,local,local,0,local,local,0,0.4480806589126587,0.4657008647918701,0.017620205879211426,0.0012704860419034958,0.03682878613471985,0.4480806589126587,0.4657008647918701,0.35762453079223633,0.35841870307922363,0.19429482519626617,0.17588041722774506
0,S4,ComHvy,local,local,0,local,local,0,0.46747589111328125,0.4513174295425415,-0.016158461570739746,0.0005268808454275131,0.03231692314147949,0.46747589111328125,0.4513174295425415,0.2933695614337921,0.30181553959846497,0.23915453255176544,0.24686701595783234
0,S4,BWHvy,local,local,0,local,local,0,0.6276648044586182,0.6286150813102722,0.0009502768516540527,0.0033714380115270615,0.04832015186548233,0.6276648044586182,0.6286150813102722,0.14559684693813324,0.12143676728010178,0.2267383635044098,0.2499481588602066
0,S5,LatCrit,local,local,0,BS1,local,1,0.5128321647644043,0.5364804267883301,0.02364826202392578,0.003818955272436142,0.06505800783634186,0.5128321647644043,0.5364804267883301,0.2977110743522644,0.30659180879592896,0.1894567757844925,0.15692776441574097
0,S5,ComHvy,local,local,0,local,local,0,0.5148829221725464,0.5286005735397339,0.0137176513671875,0.0005375156179070473,0.027435287833213806,0.5148829221725464,0.5286005735397339,0.3221327066421509,0.3187130093574524,0.16298440098762512,0.1526864618062973
0,S5,BWHvy,local,local,0,local,local,0,0.4569306969642639,0.46658819913864136,0.009657502174377441,0.00036120356526225805,0.022304430603981018,0.4569306969642639,0.46658819913864136,0.24957840144634247,0.23842620849609375,0.2934908866882324,0.2949856221675873
0,S6,LatCrit,local,local,0,local,local,0,0.491884708404541,0.4787341356277466,-0.013150572776794434,0.0003665583208203316,0.026301175355911255,0.491884708404541,0.4787341356277466,0.25580307841300964,0.2647550106048584,0.25231218338012695,0.256510853767395
0,S6,ComHvy,local,local,0,BS2,BS2,0,0.4431297183036804,0.4272766709327698,-0.015853047370910645,0.006544448435306549,0.09791402518749237,0.4431297183036804,0.4272766709327698,0.24098579585552216,0.28994280099868774,0.3158845007419586,0.2827805280685425
0,S6,BWHvy,local,local,0,local,local,0,0.5479841232299805,0.5578895211219788,0.009905397891998291,0.0023488830775022507,0.05272887647151947,0.5479841232299805,0.5578895211219788,0.2294434756040573,0.24590252339839935,0.22257238626480103,0.1962079554796219
0,S7,LatCrit,local,local,0,local,local,0,0.5907219648361206,0.6199511289596558,0.029229164123535156,0.003946070559322834,0.06379576027393341,0.5907219648361206,0.6199511289596558,0.17909149825572968,0.14719361066818237,0.23018650710582733,0.23285521566867828
0,S7,ComHvy,local,local,0,local,local,0,0.4550887942314148,0.443667471408844,-0.0114213228225708,0.0009476249106228352,0.03437192738056183,0.4550887942314148,0.443667471408844,0.1841406375169754,0.20132660865783691,0.360770583152771,0.3550059497356415
0,S7,BWHvy,local,local,0,BS1,BS1,0,0.43585795164108276,0.4576987624168396,0.021840810775756836,0.0053860824555158615,0.08900555968284607,0.43585795164108276,0.4576987624168396,0.2773054838180542,0.23280271887779236,0.28683656454086304,0.30949854850769043
0,S8,LatCrit,local,local,0,local,local,0,0.5174137949943542,0.5570821762084961,0.039668381214141846,0.0031734518706798553,0.07933683693408966,0.5174137949943542,0.5570821762084961,0.23557640612125397,0.2165815234184265,0.24700982868671417,0.2263362556695938
0,S8,ComHvy,local,local,0,local,local,0,0.5859315395355225,0.6365326642990112,0.05060112476348877,0.005907779559493065,0.10120221972465515,0.5859315395355225,0.6365326642990112,0.24294017255306244,0.22174227237701416,0.1711282581090927,0.1417250633239746
0,S8,BWHvy,local,local,0,local,local,0,0.5018187761306763,0.4860374927520752,-0.015781283378601074,0.013229571282863617,0.12944139540195465,0.5018187761306763,0.4860374927520752,0.2801250219345093,0.344845712184906,0.21805620193481445,0.1691167801618576
1,S1,LatCrit,local,local,0,local,local,0,0.4738985300064087,0.4902694821357727,0.016370952129364014,0.0028733815997838974,0.06291522085666656,0.4738985300064087,0.4902694821357727,0.28051838278770447,0.29560503363609314,0.24558307230472565,0.21412545442581177
1,S1,ComHvy,local,local,0,local,local,0,0.5118887424468994,0.5244638919830322,0.012575149536132812,0.00038312748074531555,0.025150254368782043,0.5118887424468994,0.5244638919830322,0.18178904056549072,0.18090705573558807,0.30632221698760986,0.2946290969848633
1,S1,BWHvy,local,local,0,local,local,0,0.47652238607406616,0.4722023010253906,-0.004320085048675537,0.000295465812087059,0.020686805248260498,0.47652238607406616,0.4722023010253906,0.2737022340297699,0.2676788866519928,0.24977540969848633,0.2601187825202942
1,S2,LatCrit,local,BS2,1,BS2,BS2,0,0.4172324538230896,0.42288050055503845,0.0056480467319488525,0.0021758191287517548,0.04708382487297058,0.4172324538230896,0.42109692096710205,0.1795644760131836,0.1560225784778595,0.4032030403614044,0.42288050055503845
1,S2,ComHvy,local,local,0,BS2,BS2,0,0.43470442295074463,0.41845983266830444,-0.016244590282440186,0.0028939545154571533,0.06454357504844666,0.43470442295074463,0.41845983266830444,0.21494939923286438,0.2472212016582489,0.3503461480140686,0.33431896567344666
1,S2,BWHvy,local,local,0,local,local,0,0.47690993547439575,0.5014097094535828,0.02449977397918701,0.00653647817671299,0.09827883541584015,0.47690993547439575,0.5014097094535828,0.28941014409065247,0.24027074873447418,0.2336798906326294,0.25831955671310425
1,S3,LatCrit,local,local,0,BS1,BS1,0,0.43187469244003296,0.4340519309043884,0.0021772384643554688,0.001110665500164032,0.037517040967941284,0.43187469244003296,0.4340519309043884,0.3280054032802582,0.30924689769744873,0.24011993408203125,0.2567012310028076
1,S3,ComHvy,local,local,0,local,local,0,0.46585893630981445,0.4757005572319031,0.009841620922088623,0.002865208312869072,0.06162703037261963,0.46585893630981445,0.4757005572319031,0.25741472840309143,0.22660121321678162,0.2767263650894165,0.2976982593536377
1,S3,BWHvy,local,BS2,1,BS2,BS2,0,0.39954859018325806,0.34794214367866516,-0.051606446504592896,0.010315023362636566,0.12453168630599976,0.39954859018325806,0.33728277683258057,0.308887779712677,0.31477513909339905,0.29156363010406494,0.34794214367866516
1,S4,LatCrit,local,local,0,local,local,0,0.43949323892593384,0.41223853826522827,-0.027254700660705566,0.003924287855625153,0.07993963360786438,0.43949323892593384,0.41223853826522827,0.2977374792098999,0.2850223481655121,0.26276931166648865,0.30273911356925964
1,S4,ComHvy,local,local,0,local,local,0,0.4774820804595947,0.5141271352767944,0.03664505481719971,0.006442230194807053,0.08255262672901154,0.4774820804595947,0.5141271352767944,0.326485812664032,0.33111706376075745,0.1960321068763733,0.15475578606128693
1,S4,BWHvy,local,local,0,BS1,BS1,0,0.566436767578125,0.5463387966156006,-0.020097970962524414,0.0059115104377269745,0.08782188594341278,0.566436767578125,0.5463387966156006,0.23586243391036987,0.2120494693517685,0.19770082831382751,0.2416117787361145
1,S5,LatCrit,local,local,0,local,local,0,0.44968754053115845,0.4517313241958618,0.002043783664703369,0.0019927937537431717,0.048708438873291016,0.44968754053115845,0.4517313241958618,0.25982865691185,0.2821390926837921,0.2904838025569916,0.26612958312034607
1,S5,ComHvy,local,local,0,local,local,0,0.4556531310081482,0.4177807569503784,-0.037872374057769775,0.003132582176476717,0.07574474811553955,0.4556531310081482,0.4177807569503784,0.3538821041584015,0.38610175251960754,0.19046474993228912,0.19611747562885284
1,S5,BWHvy,local,local,0,local,local,0,0.49774062633514404,0.5282005071640015,0.030459880828857422,0.0024159690365195274,0.060919761657714844,0.49774062633514404,0.5282005071640015,0.22788968682289124,0.20304009318351746,0.2743696868419647,0.2687593996524811
1,S6,LatCrit,local,local,0,local,local,0,0.5151389837265015,0.5142902135848999,-0.0008487701416015625,5.0420407205820084e-05,0.0077933818101882935,0.5151389837265015,0.5142902135848999,0.22471216320991516,0.22166423499584198,0.2601488530635834,0.2640455365180969
1,S6,ComHvy,local,local,0,BS2,BS2,0,0.4857078790664673,0.4312402009963989,-0.05446767807006836,0.006694655865430832,0.10893534123897552,0.4857078790664673,0.4312402009963989,0.23515786230564117,0.2748335003852844,0.27913427352905273,0.29392629861831665
1,S6,BWHvy,local,local,0,local,local,0,0.5572361350059509,0.5812554955482483,0.024019360542297363,0.0016401764005422592,0.04803870618343353,0.5572361350059509,0.5812554955482483,0.2301076203584671,0.227153480052948,0.21265624463558197,0.1915910392999649
1,S7,LatCrit,local,local,0,local,local,0,0.5090258717536926,0.5232260227203369,0.014200150966644287,0.0037827566266059875,0.07202973961830139,0.5090258717536926,0.5232260227203369,0.28066012263298035,0.24464528262615204,0.21031399071216583,0.23212873935699463
1,S7,ComHvy,local,local,0,local,local,0,0.5133752822875977,0.5324251651763916,0.019049882888793945,0.004072889685630798,0.07490299642086029,0.5133752822875977,0.5324251651763916,0.22972773015499115,0.24812933802604675,0.25689697265625,0.21944546699523926
1,S7,BWHvy,local,local,0,local,local,0,0.42240041494369507,0.41603320837020874,-0.006367206573486328,0.006809040904045105,0.09417842328548431,0.42240041494369507,0.41603320837020874,0.3368377089500427,0.2961157262325287,0.24076183140277863,0.2878510653972626
1,S8,LatCrit,local,local,0,BS2,BS2,0,0.5383508205413818,0.5645745992660522,0.02622377872467041,0.0038153240457177162,0.06888522207736969,0.5383508205413818,0.5645745992660522,0.2170291543006897,0.18258655071258545,0.24462001025676727,0.2528388500213623
1,S8,ComHvy,local,local,0,local,local,0,0.5062100887298584,0.48746776580810547,-0.01874232292175293,0.00239693745970726,0.061077848076820374,0.5062100887298584,0.48746776580810547,0.2461846023797989,0.2767235040664673,0.2476053386926651,0.23580871522426605
1,S8,BWHvy,local,local,0,local,local,0,0.4693635106086731,0.4628223180770874,-0.006541192531585693,8.676806464791298e-05,0.013082325458526611,0.4693635106086731,0.4628223180770874,0.28069019317626953,0.2845856547355652,0.24994632601737976,0.252591997385025
2,S1,LatCrit,local,local,0,local,local,0,0.5066767334938049,0.5099083185195923,0.0032315850257873535,0.00011038780212402344,0.011780858039855957,0.5066767334938049,0.5099083185195923,0.2927311062812805,0.29538998007774353,0.20059211552143097,0.19470171630382538
2,S1,ComHvy,local,local,0,local,local,0,0.47963017225265503,0.5307156443595886,0.051085472106933594,0.005268804728984833,0.10217100381851196,0.47963017225265503,0.5307156443595886,0.20867463946342468,0.1852608323097229,0.3116952180862427,0.2840234935283661
2,S1,BWHvy,local,local,0,local,local,0,0.500791609287262,0.4900614619255066,-0.010730147361755371,0.0005749296396970749,0.02980247139930725,0.500791609287262,0.4900614619255066,0.24636471271514893,0.24219360947608948,0.2528437077999115,0.26774492859840393
2,S2,LatCrit,local,local,0,local,local,0,0.43807828426361084,0.42637938261032104,-0.011698901653289795,0.0003358095418661833,0.02339780330657959,0.43807828426361084,0.42637938261032104,0.24639102816581726,0.2555658221244812,0.3155306875705719,0.31805479526519775
2,S2,ComHvy,local,local,0,local,local,0,0.4869155287742615,0.4455808997154236,-0.04133462905883789,0.003868567757308483,0.08266925811767578,0.4869155287742615,0.4455808997154236,0.2524671256542206,0.2841196656227112,0.26061734557151794,0.27029943466186523
2,S2,BWHvy,local,local,0,BS1,local,1,0.4594741463661194,0.48261892795562744,0.023144781589508057,0.007520833984017372,0.10376392304897308,0.4594741463661194,0.48261892795562744,0.2810452878475189,0.22916333377361298,0.2594805657863617,0.2882177531719208
2,S3,LatCrit,local,local,0,local,local,0,0.47886544466018677,0.47950100898742676,0.0006355643272399902,2.921302802860737e-05,0.006093889474868774,0.47886544466018677,0.47950100898742676,0.2691129148006439,0.2660659849643707,0.2520216405391693,0.2544330358505249
2,S3,ComHvy,local,local,0,local,local,0,0.43346357345581055,0.4226880669593811,-0.010775506496429443,0.005587451159954071,0.08933675289154053,0.43346357345581055,0.4226880669593811,0.30194777250289917,0.26805490255355835,0.2645886540412903,0.30925703048706055
2,S3,BWHvy,local,local,0,local,BS2,1,0.5227848291397095,0.46251827478408813,-0.06026655435562134,0.009442266076803207,0.12053312361240387,0.5227848291397095,0.46251827478408813,0.20262756943702698,0.20322079956531525,0.27458757162094116,0.3342609107494354
2,S4,LatCrit,local,local,0,local,local,0,0.4695250988006592,0.43380463123321533,-0.03572046756744385,0.0029176902025938034,0.07144089043140411,0.4695250988006592,0.43380463123321533,0.20418542623519897,0.20820890367031097,0.32628950476646423,0.3579864501953125
2,S4,ComHvy,local,local,0,local,local,0,0.5132559537887573,0.5184214115142822,0.005165457725524902,0.0032681915909051895,0.06094111502170563,0.5132559537887573,0.5184214115142822,0.22212515771389008,0.2474302351474762,0.26461896300315857,0.23414838314056396
2,S4,BWHvy,local,local,0,local,local,0,0.5247844457626343,0.4865182042121887,-0.03826624155044556,0.012097630649805069,0.1311832070350647,0.5247844457626343,0.4865182042121887,0.2848033607006073,0.2574779689311981,0.1904122233390808,0.25600379705429077
2,S5,LatCrit,local,local,0,local,local,0,0.5052553415298462,0.48400259017944336,-0.021252751350402832,0.0020730197429656982,0.05557459592819214,0.5052553415298462,0.48400259017944336,0.26073405146598816,0.2541995048522949,0.23401063680648804,0.2617979347705841
2,S5,ComHvy,local,local,0,local,local,0,0.4650985598564148,0.4211732745170593,-0.04392528533935547,0.005272535607218742,0.08785057067871094,0.4650985598564148,0.4211732745170593,0.2605192959308624,0.30244576930999756,0.2743821442127228,0.2763809561729431
2,S5,BWHvy,local,local,0,local,local,0,0.4859447479248047,0.5143519639968872,0.02840721607208252,0.0036901868879795074,0.0778685212135315,0.4859447479248047,0.5143519639968872,0.19869352877140045,0.20922060310840607,0.31536170840263367,0.2764274775981903
2,S6,LatCrit,local,local,0,local,local,0,0.5290144681930542,0.5587276816368103,0.029713213443756104,0.009262967854738235,0.11596250534057617,0.5290144681930542,0.5587276816368103,0.30784183740615845,0.24986059963703156,0.16314366459846497,0.19141171872615814
2,S6,ComHvy,local,local,0,local,local,0,0.4655287265777588,0.4660109281539917,0.00048220157623291016,0.001260494813323021,0.03685745596885681,0.4655287265777588,0.4660109281539917,0.28633666038513184,0.30428317189216614,0.24813461303710938,0.22970587015151978
2,S6,BWHvy,local,local,0,local,local,0,0.5812599062919617,0.5827201008796692,0.0014601945877075195,0.00015916628763079643,0.012632623314857483,0.5812599062919617,0.5827201008796692,0.2263740599155426,0.23123018443584442,0.19236601889133453,0.1860497146844864
2,S7,LatCrit,local,local,0,local,local,0,0.5405941009521484,0.5222772359848022,-0.01831686496734619,0.0015800483524799347,0.04386930167675018,0.5405941009521484,0.5222772359848022,0.27972227334976196,0.27610450983047485,0.17968356609344482,0.2016182392835617
2,S7,ComHvy,local,local,0,local,local,0,0.510501503944397,0.5240459442138672,0.013544440269470215,0.0004914319142699242,0.027088865637779236,0.510501503944397,0.5240459442138672,0.2558669447898865,0.25413259863853455,0.23363153636455536,0.22182145714759827
2,S7,BWHvy,local,local,0,local,local,0,0.5539323091506958,0.5620191097259521,0.008086800575256348,0.0018463628366589546,0.04753710329532623,0.5539323091506958,0.5620191097259521,0.2573089301586151,0.2335403561592102,0.18875877559185028,0.20444050431251526
2,S8,LatCrit,local,local,0,local,local,0,0.5163230299949646,0.5230251550674438,0.006702125072479248,0.01093435287475586,0.1082671582698822,0.5163230299949646,0.5230251550674438,0.2684171497821808,0.21428357064723969,0.2152598351240158,0.26269128918647766
2,S8,ComHvy,local,local,0,local,local,0,0.4763135313987732,0.44451218843460083,-0.03180134296417236,0.004499237984418869,0.08386938273906708,0.4763135313987732,0.44451218843460083,0.2473992258310318,0.28933393955230713,0.2762871980667114,0.26615387201309204
2,S8,BWHvy,local,local,0,local,local,0,0.5457906723022461,0.4944799542427063,-0.051310718059539795,0.007885947823524475,0.11290746927261353,0.5457906723022461,0.4944799542427063,0.18710601329803467,0.1819629967212677,0.2671033442020416,0.3235570788383484
3,S1,LatCrit,local,local,0,local,local,0,0.4912441372871399,0.48074275255203247,-0.010501384735107422,0.00026569957844913006,0.021002784371376038,0.4912441372871399,0.48074275255203247,0.24014708399772644,0.2485518604516983,0.26860877871513367,0.2707054018974304
3,S1,ComHvy,local,local,0,local,local,0,0.4865195155143738,0.4641387462615967,-0.0223807692527771,0.002459900453686714,0.056535303592681885,0.4865195155143738,0.4641387462615967,0.19459347426891327,0.2228611260652542,0.31888702511787415,0.3130001425743103
3,S1,BWHvy,local,local,0,BS2,BS2,0,0.4429076910018921,0.4391832947731018,-0.003724396228790283,0.00013876240700483322,0.015237852931022644,0.4429076910018921,0.4391832947731018,0.24647945165634155,0.2425849288702011,0.31061282753944397,0.3182317614555359
3,S2,LatCrit,local,local,0,local,local,0,0.41708850860595703,0.41090184450149536,-0.00618666410446167,0.00032065901905298233,0.024131447076797485,0.41708850860595703,0.41090184450149536,0.19156263768672943,0.18568359315395355,0.39134880900382996,0.4034145474433899
3,S2,ComHvy,local,local,0,local,local,0,0.535361647605896,0.5653300285339355,0.02996838092803955,0.0018933173269033432,0.059936732053756714,0.535361647605896,0.5653300285339355,0.22971048951148987,0.21878595650196075,0.23492783308029175,0.2158840149641037
3,S2,BWHvy,local,local,0,local,local,0,0.4680618643760681,0.5023113489151001,0.03424948453903198,0.0033186227083206177,0.06849899888038635,0.4680618643760681,0.5023113489151001,0.3070957362651825,0.30207201838493347,0.22484244406223297,0.19561664760112762
3,S3,LatCrit,local,local,0,local,local,0,0.4972189664840698,0.5223983526229858,0.025179386138916016,0.0019722357392311096,0.052605509757995605,0.4972189664840698,0.5223983526229858,0.22936788201332092,0.23049123585224152,0.27341315150260925,0.24711038172245026
3,S3,ComHvy,local,local,0,local,local,0,0.4166235327720642,0.41318076848983765,-0.0034427642822265625,0.002461317926645279,0.05629059672355652,0.4166235327720642,0.41318076848983765,0.3369874656200409,0.312284916639328,0.24638903141021729,0.27453431487083435
3,S3,BWHvy,local,local,0,BS1,BS1,0,0.4633748531341553,0.4305720329284668,-0.03280282020568848,0.005243577063083649,0.084657683968544,0.4633748531341553,0.4305720329284668,0.33386898040771484,0.3243429660797119,0.2027561515569687,0.2450850009918213
3,S4,LatCrit,local,local,0,local,local,0,0.4941057562828064,0.4729500412940979,-0.021155714988708496,0.001728563103824854,0.05521923303604126,0.4941057562828064,0.4729500412940979,0.3125222623348236,0.3401319086551666,0.1933719515800476,0.18691807985305786
3,S4,ComHvy,local,local,0,local,local,0,0.49095821380615234,0.49455463886260986,0.0035964250564575195,2.872222103178501e-05,0.0071929097175598145,0.49095821380615234,0.49455463886260986,0.260127454996109,0.25745251774787903,0.24891437590122223,0.24799282848834991
3,S4,BWHvy,local,local,0,local,local,0,0.6341421008110046,0.6058282852172852,-0.028313815593719482,0.0018669161945581436,0.05662761628627777,0.6341421008110046,0.6058282852172852,0.19096451997756958,0.1996813863515854,0.17489337921142578,0.19449031352996826
3,S5,LatCrit,local,local,0,local,local,0,0.4865989685058594,0.48406875133514404,-0.002530217170715332,0.002142094075679779,0.04862067103385925,0.4865989685058594,0.48406875133514404,0.30232957005500793,0.32663992047309875,0.2110714316368103,0.1892913281917572
3,S5,ComHvy,local,local,0,local,local,0,0.4924779534339905,0.4630929231643677,-0.029385030269622803,0.001759253442287445,0.05877004563808441,0.4924779534339905,0.4630929231643677,0.2910900115966797,0.30520913004875183,0.21643203496932983,0.2316979318857193
3,S5,BWHvy,local,local,0,local,local,0,0.4295470118522644,0.4350179433822632,0.005470931529998779,0.00011272123083472252,0.012016773223876953,0.4295470118522644,0.4350179433822632,0.23594072461128235,0.22993236780166626,0.33451223373413086,0.33504971861839294
3,S6,LatCrit,local,local,0,local,local,0,0.5474361181259155,0.524997353553772,-0.022438764572143555,0.001011737622320652,0.04487757384777069,0.5474361181259155,0.524997353553772,0.27832797169685364,0.29242685437202454,0.17423589527606964,0.18257582187652588
3,S6,ComHvy,local,local,0,local,local,0,0.48340970277786255,0.44458216428756714,-0.03882753849029541,0.003038305789232254,0.07765507698059082,0.48340970277786255,0.44458216428756714,0.23637592792510986,0.2543577253818512,0.2802143692970276,0.30106011033058167
3,S6,BWHvy,local,local,0,local,local,0,0.5332272052764893,0.5611467361450195,0.027919530868530273,0.004365123808383942,0.0749044269323349,0.5332272052764893,0.5611467361450195,0.23954249918460846,0.24907517433166504,0.22723032534122467,0.18977810442447662
3,S7,LatCrit,local,local,0,local,local,0,0.5985291600227356,0.5831339955329895,-0.015395164489746094,0.000537465326488018,0.03079034388065338,0.5985291600227356,0.5831339955329895,0.2014637142419815,0.2124175727367401,0.2000071257352829,0.20444844663143158
3,S7,ComHvy,local,local,0,local,local,0,0.48771053552627563,0.4945296049118042,0.0068190693855285645,0.0003723781555891037,0.02405586838722229,0.48771053552627563,0.4945296049118042,0.2343992292881012,0.23960807919502258,0.27789026498794556,0.2658623158931732
3,S7,BWHvy,local,local,0,BS2,BS2,0,0.4255787134170532,0.37510883808135986,-0.05046987533569336,0.006020497530698776,0.1009398102760315,0.4255787134170532,0.37510883808135986,0.2921893894672394,0.3027428388595581,0.282231867313385,0.3221483528614044
3,S8,LatCrit,local,local,0,local,local,0,0.4657767415046692,0.5040915012359619,0.038314759731292725,0.005258781835436821,0.08918219804763794,0.4657767415046692,0.5040915012359619,0.3001613914966583,0.25557032227516174,0.2340618371963501,0.24033820629119873
3,S8,ComHvy,local,local,0,local,local,0,0.5424714088439941,0.5461375117301941,0.003666102886199951,0.0013111233711242676,0.03613258898258209,0.5424714088439941,0.5461375117301941,0.2693270742893219,0.2837272584438324,0.18820153176784515,0.1701352298259735
3,S8,BWHvy,local,local,0,local,local,0,0.5196558237075806,0.537891149520874,0.018235325813293457,0.005736406892538071,0.08268532156944275,0.5196558237075806,0.537891149520874,0.26050442457199097,0.2836117744445801,0.21983970701694489,0.1784970611333847
4,S1,LatCrit,local,local,0,local,local,0,0.5121686458587646,0.5082205533981323,-0.003948092460632324,0.00017475895583629608,0.015669256448745728,0.5121686458587646,0.5082205533981323,0.23141850531101227,0.23925311863422394,0.2564128637313843,0.25252631306648254
4,S1,ComHvy,local,local,0,local,local,0,0.5005273818969727,0.4863351583480835,-0.01419222354888916,0.0004049288108944893,0.028384476900100708,0.5005273818969727,0.4863351583480835,0.2033596932888031,0.20985233783721924,0.29611292481422424,0.30381253361701965
4,S1,BWHvy,local,local,0,BS2,BS2,0,0.45519357919692993,0.44774824380874634,-0.007445335388183594,0.0007195621728897095,0.034054532647132874,0.45519357919692993,0.44774824380874634,0.2444826066493988,0.23490066826343536,0.30032381415367126,0.3173510730266571
4,S2,LatCrit,local,local,0,local,local,0,0.44896775484085083,0.4338405728340149,-0.015127182006835938,0.000475151464343071,0.0302543044090271,0.44896775484085083,0.4338405728340149,0.2511502802371979,0.2597854435443878,0.2998819947242737,0.3063739538192749
4,S2,ComHvy,local,local,0,local,local,0,0.5090122222900391,0.515190064907074,0.006177842617034912,0.00026165880262851715,0.019570916891098022,0.5090122222900391,0.515190064907074,0.24254590272903442,0.24615353345870972,0.24844184517860413,0.2386564016342163
4,S2,BWHvy,local,local,0,local,local,0,0.4682825207710266,0.45351606607437134,-0.014766454696655273,0.0008367174305021763,0.0334610641002655,0.4682825207710266,0.45351606607437134,0.22506971657276154,0.24180026352405548,0.30664774775505066,0.3046836853027344
4,S3,LatCrit,local,local,0,local,local,0,0.49793797731399536,0.5111551284790039,0.013217151165008545,0.0012853299267590046,0.041039496660232544,0.49793797731399536,0.5111551284790039,0.22019165754318237,0.1996719241142273,0.28187036514282227,0.2891729772090912
4,S3,ComHvy,local,local,0,local,local,0,0.45305341482162476,0.46603530645370483,0.012981891632080078,0.0018483418971300125,0.055297091603279114,0.45305341482162476,0.46603530645370483,0.361078679561615,0.33343014121055603,0.18586792051792145,0.20053458213806152
4,S3,BWHvy,local,local,0,local,local,0,0.5536277294158936,0.5471251010894775,-0.006502628326416016,0.0007620183750987053,0.031279176473617554,0.5536277294158936,0.5471251010894775,0.22853729128837585,0.21940036118030548,0.2178349643945694,0.23347458243370056
4,S4,LatCrit,local,local,0,local,local,0,0.5002267360687256,0.4346035122871399,-0.0656232237815857,0.009449154138565063,0.131246417760849,0.5002267360687256,0.4346035122871399,0.22469434142112732,0.26977503299713135,0.2750789523124695,0.29562145471572876
4,S4,ComHvy,local,local,0,local,local,0,0.4828089475631714,0.4958682656288147,0.01305931806564331,0.0025370605289936066,0.06142300367355347,0.4828089475631714,0.4958682656288147,0.2153957635164261,0.2330479472875595,0.3017953038215637,0.271083801984787
4,S4,BWHvy,local,local,0,local,local,0,0.5640419721603394,0.524771511554718,-0.03927046060562134,0.003386540338397026,0.07854093611240387,0.5640419721603394,0.524771511554718,0.230612114071846,0.24282383918762207,0.20534588396549225,0.23240463435649872
4,S5,LatCrit,local,local,0,local,local,0,0.5360627174377441,0.5338600873947144,-0.002202630043029785,0.0002691401168704033,0.017792031168937683,0.5360627174377441,0.5338600873947144,0.2327493131160736,0.24164533615112305,0.23118799924850464,0.22449462115764618
4,S5,ComHvy,local,local,0,local,local,0,0.48196250200271606,0.4127469062805176,-0.06921559572219849,0.009777355939149857,0.13843116164207458,0.48196250200271606,0.4127469062805176,0.20174400508403778,0.22594515979290009,0.31629350781440735,0.36130791902542114
4,S5,BWHvy,local,BS2,1,BS2,BS2,0,0.3793764114379883,0.3784663677215576,-0.0009100437164306641,0.001509290188550949,0.049386948347091675,0.3793764114379883,0.35468292236328125,0.2490817904472351,0.26685068011283875,0.3715417981147766,0.3784663677215576
4,S6,LatCrit,local,local,0,local,local,0,0.5000023245811462,0.5338836908340454,0.03388136625289917,0.002447943203151226,0.06776273250579834,0.5000023245811462,0.5338836908340454,0.31580328941345215,0.28893256187438965,0.1841944009065628,0.17718376219272614
4,S6,ComHvy,local,local,0,local,local,0,0.5252736806869507,0.5289750099182129,0.003701329231262207,4.410183464642614e-05,0.007402688264846802,0.5252736806869507,0.5289750099182129,0.21228359639644623,0.20867212116718292,0.2624427080154419,0.2623528242111206
4,S6,BWHvy,local,local,0,local,local,0,0.5061006546020508,0.4806375503540039,-0.025463104248046875,0.001760947285220027,0.05092617869377136,0.5061006546020508,0.4806375503540039,0.24541592597961426,0.269313246011734,0.24848341941833496,0.2500491738319397
4,S7,LatCrit,local,local,0,local,local,0,0.5584285855293274,0.5650667548179626,0.006638169288635254,8.955528028309345e-05,0.013276323676109314,0.5584285855293274,0.5650667548179626,0.22139815986156464,0.21815985441207886,0.22017322480678558,0.2167733758687973
4,S7,ComHvy,local,local,0,local,local,0,0.4515833258628845,0.4413034915924072,-0.010279834270477295,0.0007590334862470627,0.03457671403884888,0.4515833258628845,0.4413034915924072,0.29021841287612915,0.283209890127182,0.25819826126098633,0.27548661828041077
4,S7,BWHvy,local,local,0,local,local,0,0.4917605519294739,0.45354151725769043,-0.03821903467178345,0.0031552566215395927,0.0764380693435669,0.4917605519294739,0.45354151725769043,0.294825941324234,0.32489585876464844,0.2134135216474533,0.22156263887882233
4,S8,LatCrit,local,local,0,local,local,0,0.48718857765197754,0.4954732656478882,0.008284687995910645,0.0013057272881269455,0.04341752827167511,0.48718857765197754,0.4954732656478882,0.296307772397995,0.27459901571273804,0.21650362014770508,0.22992770373821259
4,S8,ComHvy,local,local,0,local,local,0,0.5367835164070129,0.5087977647781372,-0.027985751628875732,0.0016953404992818832,0.055971547961235046,0.5367835164070129,0.5087977647781372,0.2344156950712204,0.2543177306652069,0.22880077362060547,0.23688453435897827
4,S8,BWHvy,local,local,0,local,local,0,0.5190731287002563,0.5235269069671631,0.004453778266906738,0.0027287453413009644,0.05532459914684296,0.5190731287002563,0.5235269069671631,0.2067801058292389,0.22998860478401184,0.27414679527282715,0.24648447334766388
5,S1,LatCrit,local,local,0,local,local,0,0.48357081413269043,0.4803798794746399,-0.003190934658050537,0.00046486780047416687,0.024689853191375732,0.48357081413269043,0.4803798794746399,0.2628467381000519,0.25369274616241455,0.2535824477672577,0.26592737436294556
5,S1,ComHvy,local,local,0,local,local,0,0.5021506547927856,0.47062790393829346,-0.03152275085449219,0.0022165910340845585,0.06304550170898438,0.5021506547927856,0.47062790393829346,0.25041019916534424,0.27423685789108276,0.24743914604187012,0.2551352381706238
5,S1,BWHvy,local,local,0,local,local,0,0.4940232038497925,0.44862574338912964,-0.04539746046066284,0.004782373085618019,0.0907948911190033,0.4940232038497925,0.44862574338912964,0.2301131784915924,0.2645666301250458,0.2758636176586151,0.2868075966835022
5,S2,LatCrit,local,local,0,local,local,0,0.42691266536712646,0.41526973247528076,-0.011642932891845703,0.006561100482940674,0.09661513566970825,0.42691266536712646,0.41526973247528076,0.2492619752883911,0.29756954312324524,0.3238253593444824,0.287160724401474
5,S2,ComHvy,local,local,0,local,local,0,0.5459117889404297,0.5710399150848389,0.02512812614440918,0.0012834388762712479,0.05025629699230194,0.5459117889404297,0.5710399150848389,0.25535503029823303,0.24140670895576477,0.19873322546482086,0.18755337595939636
5,S2,BWHvy,local,local,0,local,local,0,0.4645712971687317,0.416623055934906,-0.047948241233825684,0.004705479368567467,0.09589651226997375,0.4645712971687317,0.416623055934906,0.2565021514892578,0.28197765350341797,0.2789265215396881,0.301399290561676
5,S3,LatCrit,local,local,0,local,local,0,0.5332856178283691,0.5546609163284302,0.021375298500061035,0.0012483615428209305,0.0427505224943161,0.5332856178283691,0.5546609163284302,0.22447116672992706,0.22251401841640472,0.2422431856393814,0.22282510995864868
5,S3,ComHvy,local,local,0,local,local,0,0.42158961296081543,0.4451115131378174,0.023521900177001953,0.0012984781060367823,0.047043800354003906,0.42158961296081543,0.4451115131378174,0.32021960616111755,0.30041930079460144,0.258190780878067,0.2544691860675812
5,S3,BWHvy,local,local,0,local,local,0,0.5654478669166565,0.5613890886306763,-0.004058778285980225,3.542343620210886e-05,0.008117586374282837,0.5654478669166565,0.5613890886306763,0.22335217893123627,0.22610248625278473,0.21119995415210724,0.2125084549188614
5,S4,LatCrit,local,local,0,local,local,0,0.5419720411300659,0.4913942217826843,-0.05057781934738159,0.0054228343069553375,0.10115562379360199,0.5419720411300659,0.4913942217826843,0.21539561450481415,0.24841272830963135,0.24263235926628113,0.2601930499076843
5,S4,ComHvy,local,local,0,local,local,0,0.465088427066803,0.4986429810523987,0.0335545539855957,0.003160029649734497,0.06710907816886902,0.465088427066803,0.4986429810523987,0.2655775547027588,0.2635015845298767,0.26933401823043823,0.237855464220047
5,S4,BWHvy,local,local,0,local,local,0,0.5136959552764893,0.4499949812889099,-0.06370097398757935,0.008284274488687515,0.12740197777748108,0.5136959552764893,0.4499949812889099,0.23449182510375977,0.27166852355003357,0.251812219619751,0.2783365249633789
5,S5,LatCrit,local,local,0,local,local,0,0.44501399993896484,0.4372076988220215,-0.007806301116943359,0.0007928572595119476,0.03591705858707428,0.44501399993896484,0.4372076988220215,0.30125004053115845,0.3192085921764374,0.2537359297275543,0.24358372390270233
5,S5,ComHvy,local,local,0,local,local,0,0.4586196541786194,0.39963382482528687,-0.05898582935333252,0.009862300008535385,0.12120616436004639,0.4586196541786194,0.39963382482528687,0.2591743469238281,0.25755709409713745,0.2822059988975525,0.3428090810775757
5,S5,BWHvy,local,local,0,BS2,BS2,0,0.4236542582511902,0.4154282808303833,-0.008225977420806885,0.0015670955181121826,0.04910993576049805,0.4236542582511902,0.4154282808303833,0.27917587757110596,0.303730845451355,0.29716989398002625,0.2808409035205841
5,S6,LatCrit,local,local,0,local,local,0,0.5081609487533569,0.5383908748626709,0.030229926109313965,0.005143124610185623,0.08624128997325897,0.5081609487533569,0.5383908748626709,0.2661327123641968,0.2230120599269867,0.2257063090801239,0.23859702050685883
5,S6,ComHvy,local,local,0,local,local,0,0.4828646183013916,0.4888184070587158,0.005953788757324219,9.38590383157134e-05,0.011907607316970825,0.4828646183013916,0.4888184070587158,0.2198154181241989,0.2149115949869156,0.2973199784755707,0.2962699830532074
5,S6,BWHvy,local,local,0,local,local,0,0.4782866835594177,0.4922766089439392,0.013989925384521484,0.0012092497199773788,0.04358360171318054,0.4782866835594177,0.4922766089439392,0.23838144540786743,0.2461833357810974,0.28333184123039246,0.2615400552749634
5,S7,LatCrit,local,local,0,local,local,0,0.5265963077545166,0.5223544836044312,-0.004241824150085449,8.858088403940201e-05,0.010587796568870544,0.5265963077545166,0.5223544836044312,0.19843557476997375,0.20372946560382843,0.27496814727783203,0.2739160656929016
5,S7,ComHvy,local,local,0,local,local,0,0.4855680465698242,0.4901930093765259,0.00462496280670166,0.0022253021597862244,0.05024591088294983,0.4855680465698242,0.4901930093765259,0.2263144701719284,0.2011914998292923,0.28811749815940857,0.30861547589302063
5,S7,BWHvy,local,local,0,local,local,0,0.5447622537612915,0.5228419303894043,-0.021920323371887207,0.002614527940750122,0.06479266285896301,0.5447622537612915,0.5228419303894043,0.25905951857566833,0.29145583510398865,0.19617825746536255,0.18570223450660706
5,S8,LatCrit,local,local,0,BS1,BS1,0,0.45501863956451416,0.45864439010620117,0.0036257505416870117,0.0036390628665685654,0.06613388657569885,0.45501863956451416,0.45864439010620117,0.32969626784324646,0.2966293394565582,0.21528507769107819,0.2447262853384018
5,S8,ComHvy,local,local,0,local,local,0,0.5427604913711548,0.5276007652282715,-0.0151597261428833,0.0005163163878023624,0.03031936287879944,0.5427604913711548,0.5276007652282715,0.26289865374565125,0.2752178907394409,0.19434088468551636,0.19718128442764282
5,S8,BWHvy,local,local,0,local,local,0,0.4855685830116272,0.4822714924812317,-0.003297090530395508,0.0009197704493999481,0.03315058350563049,0.4855685830116272,0.4822714924812317,0.21668998897075653,0.23326529562473297,0.2977414131164551,0.28446322679519653
6,S1,LatCrit,local,local,0,BS1,BS1,0,0.48580753803253174,0.4830261468887329,-0.002781391143798828,0.0020996499806642532,0.04922829568386078,0.48580753803253174,0.4830261468887329,0.2534845769405365,0.23165179789066315,0.26070791482925415,0.28532204031944275
6,S1,ComHvy,local,local,0,local,local,0,0.5684023499488831,0.5617132782936096,-0.0066890716552734375,0.00010705320164561272,0.013378173112869263,0.5684023499488831,0.5617132782936096,0.2252136915922165,0.22681380808353424,0.20638392865657806,0.21147291362285614
6,S1,BWHvy,local,local,0,BS2,BS2,0,0.5143911242485046,0.5219788551330566,0.007587730884552002,0.0004802797921001911,0.024748295545578003,0.5143911242485046,0.5219788551330566,0.20760516822338104,0.19523103535175323,0.2780036926269531,0.2827901244163513
6,S2,LatCrit,local,local,0,local,local,0,0.5654761791229248,0.5492817163467407,-0.016194462776184082,0.001025741919875145,0.03808864951133728,0.5654761791229248,0.5492817163467407,0.22289970517158508,0.2419440597295761,0.21162407100200653,0.20877423882484436
6,S2,ComHvy,local,local,0,local,local,0,0.5058386325836182,0.5035241842269897,-0.002314448356628418,1.207395689561963e-05,0.004628852009773254,0.5058386325836182,0.5035241842269897,0.29193249344825745,0.29385706782341003,0.20222893357276917,0.2026187628507614
6,S2,BWHvy,local,local,0,BS2,BS2,0,0.48048466444015503,0.47368526458740234,-0.0067993998527526855,9.581376798450947e-05,0.01359875500202179,0.48048466444015503,0.47368526458740234,0.20896758139133453,0.21259498596191406,0.31054776906967163,0.3137197196483612
6,S3,LatCrit,local,local,0,local,local,0,0.4915235638618469,0.49398666620254517,0.002463102340698242,0.00012366613373160362,0.012981384992599487,0.4915235638618469,0.49398666620254517,0.24722139537334442,0.24073068797588348,0.26125505566596985,0.26528263092041016
6,S3,ComHvy,local,local,0,local,local,0,0.5371183156967163,0.5677635669708252,0.030645251274108887,0.003100363537669182,0.06270979344844818,0.5371183156967163,0.5677635669708252,0.238948255777359,0.2075933963060379,0.2239333838224411,0.2246430665254593
6,S3,BWHvy,local,local,0,local,local,0,0.6140221357345581,0.6125327348709106,-0.001489400863647461,0.00023697735741734505,0.014909625053405762,0.6140221357345581,0.6125327348709106,0.1565907895565033,0.15062537789344788,0.2293870896100998,0.23684190213680267
6,S4,LatCrit,local,local,0,local,local,0,0.5460714101791382,0.5319433212280273,-0.01412808895111084,0.0005926145240664482,0.029674962162971497,0.5460714101791382,0.5319433212280273,0.19215497374534607,0.19144554436206818,0.2617736756801605,0.2766111195087433
6,S4,ComHvy,local,local,0,BS1,BS1,0,0.45508861541748047,0.43865537643432617,-0.016433238983154297,0.0006825265008956194,0.032866522669792175,0.45508861541748047,0.43865537643432617,0.3292601406574249,0.3452925384044647,0.2156512290239334,0.2160521149635315
6,S4,BWHvy,local,local,0,local,local,0,0.5453851222991943,0.5186858773231506,-0.0266992449760437,0.001473001204431057,0.053398504853248596,0.5453851222991943,0.5186858773231506,0.19794462621212006,0.21284589171409607,0.2566702365875244,0.2684682309627533
6,S5,LatCrit,local,local,0,local,local,0,0.45366060733795166,0.48408937454223633,0.030428767204284668,0.00196160189807415,0.060857489705085754,0.45366060733795166,0.48408937454223633,0.2964988648891449,0.2850036323070526,0.24984051287174225,0.23090702295303345
6,S5,ComHvy,local,local,0,local,local,0,0.5681699514389038,0.5695967674255371,0.0014268159866333008,0.0006901947781443596,0.023434236645698547,0.5681699514389038,0.5695967674255371,0.14257560670375824,0.13085848093032837,0.28925442695617676,0.29954472184181213
6,S5,BWHvy,local,local,0,BS2,local,1,0.4397127628326416,0.44784384965896606,0.008131086826324463,0.00022567063570022583,0.017551064491271973,0.4397127628326416,0.44784384965896606,0.2989930212497711,0.29963746666908264,0.2612942159175873,0.2525186836719513
6,S6,LatCrit,local,local,0,local,local,0,0.4511284828186035,0.4540696144104004,0.002941131591796875,0.0002580573782324791,0.018878251314163208,0.4511284828186035,0.4540696144104004,0.25811320543289185,0.24867406487464905,0.29075831174850464,0.2972562909126282
6,S6,ComHvy,local,local,0,local,local,0,0.544309139251709,0.559624195098877,0.015315055847167969,0.0004855506122112274,0.030630096793174744,0.544309139251709,0.559624195098877,0.16833961009979248,0.16414596140384674,0.28735125064849854,0.2762298583984375
6,S6,BWHvy,local,local,0,local,local,0,0.4520859718322754,0.4134426712989807,-0.03864330053329468,0.00324426032602787,0.07728657126426697,0.4520859718322754,0.4134426712989807,0.19161325693130493,0.1977989375591278,0.3563007712364197,0.3887583613395691
6,S7,LatCrit,local,local,0,local,local,0,0.5318140983581543,0.5689855813980103,0.03717148303985596,0.002813326194882393,0.07434296607971191,0.5318140983581543,0.5689855813980103,0.16549979150295258,0.15390236675739288,0.30268609523773193,0.27711203694343567
6,S7,ComHvy,local,local,0,local,local,0,0.5120686888694763,0.5413962006568909,0.02932751178741455,0.0017763469368219376,0.058654993772506714,0.5120686888694763,0.5413962006568909,0.21876707673072815,0.20885111391544342,0.26916420459747314,0.2497526854276657
6,S7,BWHvy,local,local,0,local,local,0,0.587287962436676,0.5960063338279724,0.008718371391296387,0.00017776840832084417,0.01743672788143158,0.587287962436676,0.5960063338279724,0.2476656585931778,0.2404676079750061,0.16504637897014618,0.16352607309818268
6,S8,LatCrit,local,local,0,local,local,0,0.5016709566116333,0.5180291533470154,0.01635819673538208,0.0011629387736320496,0.035124555230140686,0.5016709566116333,0.5180291533470154,0.3150906264781952,0.31629469990730286,0.1832384318113327,0.16567614674568176
6,S8,ComHvy,local,local,0,local,local,0,0.5602638721466064,0.5693356990814209,0.009071826934814453,0.0002023621927946806,0.018143579363822937,0.5602638721466064,0.5693356990814209,0.2512257397174835,0.24335533380508423,0.18851034343242645,0.18730899691581726
6,S8,BWHvy,local,local,0,local,local,0,0.4501456022262573,0.4341668486595154,-0.015978753566741943,0.007320087403059006,0.10324572026729584,0.4501456022262573,0.4341668486595154,0.2461557239294052,0.29777857661247253,0.30369868874549866,0.2680545747280121
7,S1,LatCrit,local,local,0,local,local,0,0.49314987659454346,0.5028601884841919,0.009710311889648438,0.0001892191357910633,0.019420653581619263,0.49314987659454346,0.5028601884841919,0.2632019519805908,0.2585461139678955,0.24364818632602692,0.2385936826467514
7,S1,ComHvy,local,local,0,local,local,0,0.5409530401229858,0.5275908708572388,-0.01336216926574707,0.00036045070737600327,0.026724323630332947,0.5409530401229858,0.5275908708572388,0.23491619527339935,0.24242299795150757,0.22413073480129242,0.22998608648777008
7,S1,BWHvy,local,local,0,local,local,0,0.5416361093521118,0.5287938117980957,-0.012842297554016113,0.00033133896067738533,0.025684550404548645,0.5416361093521118,0.5287938117980957,0.23995117843151093,0.24661299586296082,0.21841274201869965,0.2245931774377823
7,S2,LatCrit,local,local,0,local,local,0,0.5566933155059814,0.5564000606536865,-0.0002932548522949219,0.0055704377591609955,0.06862419843673706,0.5566933155059814,0.5564000606536865,0.2510308027267456,0.28534290194511414,0.19227588176727295,0.15825703740119934
7,S2,ComHvy,local,local,0,local,local,0,0.5835729837417603,0.5821667313575745,-0.001406252384185791,4.8884889110922813e-05,0.007086470723152161,0.5835729837417603,0.5821667313575745,0.25398778915405273,0.25185078382492065,0.1624392569065094,0.1659824699163437
7,S2,BWHvy,local,local,0,local,local,0,0.45850157737731934,0.4289681911468506,-0.02953338623046875,0.0019509419798851013,0.059066757559776306,0.45850157737731934,0.4289681911468506,0.23883658647537231,0.2445770651102066,0.30266183614730835,0.3264547288417816
7,S3,LatCrit,local,local,0,local,local,0,0.4738483428955078,0.4716540575027466,-0.0021942853927612305,0.00013468973338603973,0.013221979141235352,0.4738483428955078,0.4716540575027466,0.21988573670387268,0.22649672627449036,0.3062659204006195,0.30184921622276306
7,S3,ComHvy,local,local,0,BS1,BS1,0,0.46177738904953003,0.47158849239349365,0.009811103343963623,0.00036133360117673874,0.02165883779525757,0.46177738904953003,0.47158849239349365,0.3026878833770752,0.30370619893074036,0.23553474247455597,0.22470532357692719
7,S3,BWHvy,local,local,0,local,local,0,0.6268150806427002,0.6475011110305786,0.020686030387878418,0.0010266173630952835,0.041372060775756836,0.6268150806427002,0.6475011110305786,0.1509363353252411,0.13863401114940643,0.22224858403205872,0.21386487782001495
7,S4,LatCrit,local,local,0,local,local,0,0.5070444941520691,0.4807858467102051,-0.026258647441864014,0.004666481167078018,0.08602866530418396,0.5070444941520691,0.4807858467102051,0.24632655084133148,0.22957086563110352,0.24662895500659943,0.2896432876586914
7,S4,ComHvy,local,local,0,local,local,0,0.48848390579223633,0.5057328939437866,0.017248988151550293,0.0007200897671282291,0.03449790179729462,0.48848390579223633,0.5057328939437866,0.28856632113456726,0.27340584993362427,0.22294974327087402,0.2208613008260727
7,S4,BWHvy,local,local,0,local,local,0,0.5366864204406738,0.4886264204978943,-0.04805999994277954,0.006286209914833307,0.0961199402809143,0.5366864204406738,0.4886264204978943,0.19562844932079315,0.23747844994068146,0.2676851749420166,0.27389511466026306
7,S5,LatCrit,local,local,0,BS2,local,1,0.4454852342605591,0.4611625075340271,0.015677273273468018,0.0007707603508606553,0.034410133957862854,0.4454852342605591,0.4611625075340271,0.30963191390037537,0.29242685437202454,0.24488286674022675,0.24641066789627075
7,S5,ComHvy,local,local,0,local,local,0,0.49136900901794434,0.4608977437019348,-0.03047126531600952,0.0019861403852701187,0.06094247102737427,0.49136900901794434,0.4608977437019348,0.17281776666641235,0.1775960922241211,0.3358132541179657,0.3615061342716217
7,S5,BWHvy,local,local,0,BS1,BS1,0,0.4572545886039734,0.4607335925102234,0.00347900390625,0.0050474852323532104,0.07686665654182434,0.4572545886039734,0.4607335925102234,0.2600473165512085,0.2950016260147095,0.2826980948448181,0.24426475167274475
7,S6,LatCrit,local,local,0,local,local,0,0.5841612815856934,0.6134045124053955,0.02924323081970215,0.002008243929594755,0.05848643183708191,0.5841612815856934,0.6134045124053955,0.23415659368038177,0.21142633259296417,0.18168213963508606,0.1751691997051239
7,S6,ComHvy,local,local,0,local,local,0,0.5326904058456421,0.5335983037948608,0.00090789794921875,1.0889722034335136e-05,0.003925517201423645,0.5326904058456421,0.5335983037948608,0.20603713393211365,0.20709200203418732,0.26127246022224426,0.25930970907211304
7,S6,BWHvy,local,local,0,local,local,0,0.42081981897354126,0.3928331732749939,-0.027986645698547363,0.0016573285683989525,0.05597329139709473,0.42081981897354126,0.3928331732749939,0.2523522675037384,0.26751482486724854,0.32682791352272034,0.33965200185775757
7,S7,LatCrit,local,local,0,local,local,0,0.556412935256958,0.5636191368103027,0.0072062015533447266,0.0009549949318170547,0.03541015088558197,0.556412935256958,0.5636191368103027,0.16654814779758453,0.1770470142364502,0.27703893184661865,0.25933384895324707
7,S7,ComHvy,local,local,0,local,local,0,0.5435338020324707,0.607153594493866,0.06361979246139526,0.009909234941005707,0.12723959982395172,0.5435338020324707,0.607153594493866,0.2010575830936432,0.1892338991165161,0.2554086446762085,0.2036125212907791
7,S7,BWHvy,local,local,0,local,local,0,0.619675874710083,0.617138147354126,-0.0025377273559570312,0.0012652510777115822,0.033055663108825684,0.619675874710083,0.617138147354126,0.22949375212192535,0.246021568775177,0.15083038806915283,0.13684026896953583
7,S8,LatCrit,local,local,0,local,local,0,0.4383162260055542,0.4344686269760132,-0.0038475990295410156,3.929855301976204e-05,0.007695183157920837,0.4383162260055542,0.4344686269760132,0.3531605005264282,0.3540155589580536,0.20852325856685638,0.21151578426361084
7,S8,ComHvy,local,local,0,local,local,0,0.5220448970794678,0.4938915967941284,-0.028153300285339355,0.0028439201414585114,0.061535656452178955,0.5220448970794678,0.4938915967941284,0.2666042745113373,0.26398974657058716,0.21135084331035614,0.24211867153644562
7,S8,BWHvy,local,local,0,local,local,0,0.4453045129776001,0.41957569122314453,-0.025728821754455566,0.001571298111230135,0.05145767331123352,0.4453045129776001,0.41957569122314453,0.21454618871212006,0.23247839510440826,0.34014928340911865,0.3479459285736084
8,S1,LatCrit,local,local,0,local,local,0,0.5359834432601929,0.5001012086868286,-0.03588223457336426,0.007898252457380295,0.10895155370235443,0.5359834432601929,0.5001012086868286,0.24852362275123596,0.2299301028251648,0.21549291908740997,0.269968718290329
8,S1,ComHvy,local,local,0,local,local,0,0.6038979291915894,0.6052393913269043,0.0013414621353149414,0.001141456887125969,0.03128346800804138,0.6038979291915894,0.6052393913269043,0.2032141387462616,0.1875724494457245,0.19288787245750427,0.2071881890296936
8,S1,BWHvy,local,local,0,local,local,0,0.4543166160583496,0.4540758728981018,-0.00024074316024780273,0.00020532775670289993,0.015203535556793213,0.4543166160583496,0.4540758728981018,0.26605382561683655,0.25869280099868774,0.27962955832481384,0.28723132610321045
8,S2,LatCrit,local,local,0,local,local,0,0.5407839417457581,0.5403789281845093,-0.0004050135612487793,0.0017368718981742859,0.04009553790092468,0.5407839417457581,0.5403789281845093,0.24438081681728363,0.26442858576774597,0.21483522653579712,0.19519247114658356
8,S2,ComHvy,local,local,0,local,local,0,0.5082213878631592,0.5093071460723877,0.0010857582092285156,0.004232048988342285,0.06335024535655975,0.5082213878631592,0.5093071460723877,0.284132719039917,0.31472206115722656,0.20764587819576263,0.17597073316574097
8,S2,BWHvy,local,local,0,local,local,0,0.41348206996917725,0.40066277980804443,-0.012819290161132812,0.004862083122134209,0.08220422267913818,0.41348206996917725,0.40066277980804443,0.21200689673423767,0.25310900807380676,0.3745110034942627,0.3462281823158264
8,S3,LatCrit,local,local,0,local,BS1,1,0.5964823961257935,0.5775024890899658,-0.018979907035827637,0.004752214998006821,0.0786149650812149,0.5964823961257935,0.5775024890899658,0.20754726231098175,0.2468547224998474,0.195970356464386,0.17564275860786438
8,S3,ComHvy,local,local,0,local,local,0,0.5293748378753662,0.5589480996131897,0.029573261737823486,0.004585057497024536,0.08062982559204102,0.5293748378753662,0.5589480996131897,0.25771304965019226,0.21739810705184937,0.2129121571779251,0.22365377843379974
8,S3,BWHvy,local,local,0,local,local,0,0.5418481230735779,0.5570241808891296,0.015176057815551758,0.0019680922850966454,0.045321524143218994,0.5418481230735779,0.5570241808891296,0.16958428919315338,0.14692352712154388,0.28856760263442993,0.29605230689048767
8,S4,LatCrit,local,local,0,local,local,0,0.5256580710411072,0.5426250696182251,0.01696699857711792,0.003811132162809372,0.0689723789691925,0.5256580710411072,0.5426250696182251,0.2244652360677719,0.18997906148433685,0.2498767077922821,0.26739591360092163
8,S4,ComHvy,local,local,0,local,local,0,0.49865490198135376,0.44693154096603394,-0.051723361015319824,0.006871432531625032,0.10703009366989136,0.49865490198135376,0.44693154096603394,0.32469072937965393,0.3782057762145996,0.1766543686389923,0.17486268281936646
8,S4,BWHvy,local,local,0,local,local,0,0.5020803213119507,0.5111188888549805,0.009038567543029785,0.003784347325563431,0.06937791407108307,0.5020803213119507,0.5111188888549805,0.19290517270565033,0.21855556964874268,0.3050145208835602,0.27032557129859924
8,S5,LatCrit,local,local,0,local,local,0,0.4124982953071594,0.4230804443359375,0.010582149028778076,0.0013049701228737831,0.04467710852622986,0.4124982953071594,0.4230804443359375,0.2763136327266693,0.2539750337600708,0.31118813157081604,0.3229444921016693
8,S5,ComHvy,local,local,0,local,local,0,0.5441001653671265,0.4995136857032776,-0.04458647966384888,0.005209658294916153,0.09300532937049866,0.5441001653671265,0.4995136857032776,0.15532353520393372,0.15340733528137207,0.3005762994289398,0.34707894921302795
8,S5,BWHvy,local,local,0,local,local,0,0.45008379220962524,0.48135167360305786,0.03126788139343262,0.0026158858090639114,0.06253582239151001,0.45008379220962524,0.48135167360305786,0.2992248833179474,0.2947600781917572,0.25069135427474976,0.22388821840286255
8,S6,LatCrit,local,local,0,local,local,0,0.5233389139175415,0.539810061454773,0.016471147537231445,0.0005749696865677834,0.03294229507446289,0.5233389139175415,0.539810061454773,0.18794719874858856,0.18397168815135956,0.28871390223503113,0.2762182652950287
8,S6,ComHvy,local,local,0,local,local,0,0.5259275436401367,0.542048454284668,0.01612091064453125,0.0008426140993833542,0.03635804355144501,0.5259275436401367,0.542048454284668,0.1813274621963501,0.18338559567928314,0.2927449643611908,0.2745659649372101
8,S6,BWHvy,local,local,0,local,local,0,0.3876064419746399,0.4362761378288269,0.04866969585418701,0.005566339939832687,0.09733936190605164,0.3876064419746399,0.4362761378288269,0.29621583223342896,0.28616592288017273,0.31617772579193115,0.27755796909332275
8,S7,LatCrit,local,local,0,BS2,local,1,0.5854523777961731,0.6224218606948853,0.03696948289871216,0.002974996343255043,0.07393895089626312,0.5854523777961731,0.6224218606948853,0.13237251341342926,0.12447887659072876,0.28217509388923645,0.253099262714386
8,S7,ComHvy,local,local,0,local,local,0,0.5588815808296204,0.6130741834640503,0.05419260263442993,0.006122922524809837,0.10838527977466583,0.5588815808296204,0.6130741834640503,0.2185468077659607,0.1937338262796402,0.22257162630558014,0.19319193065166473
8,S7,BWHvy,local,local,0,local,local,0,0.6401044130325317,0.6686305999755859,0.0285261869430542,0.0023865513503551483,0.057052403688430786,0.6401044130325317,0.6686305999755859,0.20717374980449677,0.19995060563087463,0.15272188186645508,0.13141880929470062
8,S8,LatCrit,local,local,0,local,local,0,0.48811888694763184,0.5022693872451782,0.014150500297546387,0.0006000546272844076,0.030933797359466553,0.48811888694763184,0.5022693872451782,0.3135664761066437,0.2980995774269104,0.1983146220445633,0.19963102042675018
8,S8,ComHvy,local,local,0,local,local,0,0.4895138740539551,0.4711604714393616,-0.018353402614593506,0.0008052801713347435,0.03670684993267059,0.4895138740539551,0.4711604714393616,0.3101156949996948,0.31541481614112854,0.2003704011440277,0.21342472732067108
8,S8,BWHvy,local,BS1,1,BS1,BS1,0,0.3669043183326721,0.3720613121986389,0.005156993865966797,0.005164549686014652,0.0855780839920044,0.3669043183326721,0.32491838932037354,0.3292722702026367,0.3720613121986389,0.3038233816623688,0.30302026867866516
9,S1,LatCrit,local,local,0,local,local,0,0.512421190738678,0.492717981338501,-0.019703209400177002,0.0032231956720352173,0.06913861632347107,0.512421190738678,0.492717981338501,0.26074346899986267,0.24587738513946533,0.22683534026145935,0.2614046633243561
9,S1,ComHvy,local,local,0,local,local,0,0.5007959604263306,0.4607698917388916,-0.040026068687438965,0.004275125917047262,0.0800522118806839,0.5007959604263306,0.4607698917388916,0.25189468264579773,0.28964564204216003,0.24730931222438812,0.24958449602127075
9,S1,BWHvy,local,local,0,local,local,0,0.5230226516723633,0.5516355037689209,0.028612852096557617,0.009771684184670448,0.11066535115242004,0.5230226516723633,0.5516355037689209,0.23853667080402374,0.18320401012897491,0.23844066262245178,0.2651605010032654
9,S2,LatCrit,local,local,0,local,local,0,0.4817235469818115,0.43800127506256104,-0.04372227191925049,0.0038941167294979095,0.08744454383850098,0.4817235469818115,0.43800127506256104,0.21860286593437195,0.24024644494056702,0.29967358708381653,0.32175227999687195
9,S2,ComHvy,local,local,0,local,local,0,0.5882344245910645,0.587076723575592,-0.0011577010154724121,0.00016597891226410866,0.012774765491485596,0.5882344245910645,0.587076723575592,0.2406916618347168,0.2470790594816208,0.17107388377189636,0.16584421694278717
9,S2,BWHvy,local,local,0,local,local,0,0.43939077854156494,0.42733049392700195,-0.012060284614562988,0.0006987107917666435,0.03347206115722656,0.43939077854156494,0.42733049392700195,0.2737988531589508,0.2905348837375641,0.28681036829948425,0.28213462233543396
9,S3,LatCrit,local,local,0,local,local,0,0.4763661026954651,0.4655611515045166,-0.010804951190948486,0.0003243563696742058,0.021609872579574585,0.4763661026954651,0.4655611515045166,0.2709496021270752,0.28148725628852844,0.2526843249797821,0.25295159220695496
9,S3,ComHvy,local,local,0,local,local,0,0.42512333393096924,0.43998050689697266,0.014857172966003418,0.0013341931626200676,0.043055757880210876,0.42512333393096924,0.43998050689697266,0.2429196834564209,0.22139178216457367,0.33195701241493225,0.3386276960372925
9,S3,BWHvy,local,local,0,local,local,0,0.49116945266723633,0.48082029819488525,-0.010349154472351074,0.0002377321943640709,0.02069830894470215,0.49116945266723633,0.48082029819488525,0.23069539666175842,0.2378653883934021,0.27813515067100525,0.28131431341171265
9,S4,LatCrit,local,local,0,local,local,0,0.51309734582901,0.45391982793807983,-0.059177517890930176,0.007683091796934605,0.11835505068302155,0.51309734582901,0.45391982793807983,0.29350337386131287,0.34291642904281616,0.19339928030967712,0.2031637579202652
9,S4,ComHvy,local,local,0,local,local,0,0.47352850437164307,0.4718496799468994,-0.0016788244247436523,0.0021887607872486115,0.04914635419845581,0.47352850437164307,0.4718496799468994,0.30956289172172546,0.2866685390472412,0.21690861880779266,0.24148179590702057
9,S4,BWHvy,local,local,0,local,local,0,0.5265746712684631,0.4936964511871338,-0.032878220081329346,0.004607928916811943,0.0861523449420929,0.5265746712684631,0.4936964511871338,0.2534221410751343,0.29649829864501953,0.22000320255756378,0.20980523526668549
9,S5,LatCrit,local,local,0,local,local,0,0.4690304398536682,0.4674583077430725,-0.0015721321105957031,5.7373661547899246e-05,0.008891180157661438,0.4690304398536682,0.4674583077430725,0.28916940093040466,0.28629595041275024,0.24180012941360474,0.24624572694301605
9,S5,ComHvy,local,local,0,BS1,local,1,0.4447787404060364,0.46664291620254517,0.02186417579650879,0.001607146579772234,0.04473432898521423,0.4447787404060364,0.46664291620254517,0.24529220163822174,0.22292505204677582,0.3099290430545807,0.3104320466518402
9,S5,BWHvy,local,local,0,local,local,0,0.5261856317520142,0.5218615531921387,-0.004324078559875488,4.8715854063630104e-05,0.008648127317428589,0.5261856317520142,0.5218615531921387,0.25782057642936707,0.2585354745388031,0.21599382162094116,0.21960297226905823
9,S6,LatCrit,local,local,0,local,local,0,0.496140718460083,0.5102436542510986,0.014102935791015625,0.0003983834758400917,0.028205856680870056,0.496140718460083,0.5102436542510986,0.2569037079811096,0.2493593841791153,0.24695558845996857,0.24039699137210846
9,S6,ComHvy,local,local,0,local,local,0,0.5340211391448975,0.5404499173164368,0.006428778171539307,0.0006080465391278267,0.02888105809688568,0.5340211391448975,0.5404499173164368,0.20730814337730408,0.21531988680362701,0.25867071747779846,0.24423018097877502
9,S6,BWHvy,local,local,0,local,local,0,0.49859297275543213,0.48828601837158203,-0.010306954383850098,0.0006211567670106888,0.03172183036804199,0.49859297275543213,0.48828601837158203,0.22910796105861664,0.22355400025844574,0.27229902148246765,0.28815993666648865
9,S7,LatCrit,local,local,0,BS2,BS2,0,0.5231513977050781,0.52555251121521,0.002401113510131836,0.001543564721941948,0.04040786623954773,0.5231513977050781,0.52555251121521,0.18544401228427887,0.2032468169927597,0.2914045751094818,0.27120062708854675
9,S7,ComHvy,local,local,0,local,local,0,0.5285043120384216,0.5468235015869141,0.01831918954849243,0.0007978659123182297,0.036638423800468445,0.5285043120384216,0.5468235015869141,0.1707126498222351,0.16905616223812103,0.30078306794166565,0.2841203212738037
9,S7,BWHvy,local,local,0,local,local,0,0.5613104104995728,0.5728136301040649,0.011503219604492188,0.0002916273660957813,0.023006364703178406,0.5613104104995728,0.5728136301040649,0.2523789703845978,0.24786919355392456,0.18631058931350708,0.17931722104549408
9,S8,LatCrit,local,local,0,local,local,0,0.5076150894165039,0.5155729651451111,0.007957875728607178,0.0005055898800492287,0.02584792673587799,0.5076150894165039,0.5155729651451111,0.27468809485435486,0.2796541750431061,0.21769680082798004,0.20477283000946045
9,S8,ComHvy,local,local,0,BS1,BS1,0,0.47729921340942383,0.4659996032714844,-0.011299610137939453,0.000332612544298172,0.0225992351770401,0.47729921340942383,0.4659996032714844,0.3332127034664154,0.3360162377357483,0.18948808312416077,0.19798417389392853
9,S8,BWHvy,local,local,0,BS2,BS2,0,0.4451019763946533,0.475277304649353,0.030175328254699707,0.004983704537153244,0.08906407654285431,0.4451019763946533,0.475277304649353,0.24997706711292267,0.2643337845802307,0.3049209415912628,0.26038891077041626
10,S1,LatCrit,local,local,0,BS1,BS1,0,0.4198349118232727,0.42317062616348267,0.003335714340209961,0.00047152116894721985,0.02609536051750183,0.4198349118232727,0.42317062616348267,0.2836213707923889,0.2933333218097687,0.2965437173843384,0.28349602222442627
10,S1,ComHvy,local,local,0,local,local,0,0.5405420064926147,0.5389118194580078,-0.0016301870346069336,5.674827843904495e-05,0.008605271577835083,0.5405420064926147,0.5389118194580078,0.24391405284404755,0.2482166588306427,0.2155439555644989,0.2128714770078659
10,S1,BWHvy,local,local,0,local,local,0,0.5243862867355347,0.5502074956893921,0.025821208953857422,0.0018492292147129774,0.051642417907714844,0.5243862867355347,0.5502074956893921,0.24135273694992065,0.21787509322166443,0.2342609465122223,0.2319173812866211
10,S2,LatCrit,local,local,0,local,local,0,0.4515712857246399,0.4215317368507385,-0.030039548873901367,0.001972207799553871,0.060079097747802734,0.4515712857246399,0.4215317368507385,0.1966816782951355,0.20138192176818848,0.3517470359802246,0.377086341381073
10,S2,ComHvy,local,local,0,local,local,0,0.5270242691040039,0.5063683986663818,-0.02065587043762207,0.0008542481809854507,0.041311681270599365,0.5270242691040039,0.5063683986663818,0.23079052567481995,0.2406616359949112,0.24218519032001495,0.252969890832901
10,S2,BWHvy,local,local,0,BS1,BS1,0,0.42951899766921997,0.4114830493927002,-0.018035948276519775,0.0006713485345244408,0.03607192635536194,0.42951899766921997,0.4114830493927002,0.27520108222961426,0.28302842378616333,0.2952798902988434,0.3054885268211365
10,S3,LatCrit,local,local,0,local,local,0,0.4419493079185486,0.4536721706390381,0.011722862720489502,0.000279442872852087,0.023445725440979004,0.4419493079185486,0.4536721706390381,0.2667626738548279,0.2618451416492462,0.2912880480289459,0.2844827175140381
10,S3,ComHvy,local,local,0,local,local,0,0.4636206030845642,0.48623955249786377,0.02261894941329956,0.0032083364203572273,0.0677441954612732,0.4636206030845642,0.48623955249786377,0.2566746771335602,0.2228025496006012,0.279704749584198,0.29095786809921265
10,S3,BWHvy,local,local,0,local,local,0,0.5744408369064331,0.5578091144561768,-0.016631722450256348,0.0006040469743311405,0.03326345980167389,0.5744408369064331,0.5578091144561768,0.16851766407489777,0.17813953757286072,0.25704145431518555,0.26405131816864014
10,S4,LatCrit,local,local,0,local,local,0,0.5228270888328552,0.5237526893615723,0.000925600528717041,0.001991335302591324,0.043557003140449524,0.5228270888328552,0.5237526893615723,0.20920898020267487,0.1874304711818695,0.2679639160633087,0.28881680965423584
10,S4,ComHvy,local,local,0,local,local,0,0.4665452241897583,0.4810304045677185,0.014485180377960205,0.0010599158704280853,0.036569610238075256,0.4665452241897583,0.4810304045677185,0.31655460596084595,0.3203542232513428,0.21690016984939575,0.19861535727977753
10,S4,BWHvy,local,local,0,local,local,0,0.5295181274414062,0.5024627447128296,-0.02705538272857666,0.0017969554755836725,0.0541108101606369,0.5295181274414062,0.5024627447128296,0.2440957874059677,0.26745936274528503,0.22638608515262604,0.23007793724536896
10,S5,LatCrit,local,local,0,local,local,0,0.4426369071006775,0.4433909058570862,0.0007539987564086914,0.0009683128446340561,0.03357940912246704,0.4426369071006775,0.4433909058570862,0.2603888511657715,0.2764245569705963,0.296974241733551,0.2801845371723175
10,S5,ComHvy,local,local,0,local,local,0,0.5027947425842285,0.512371301651001,0.009576559066772461,0.0004712892696261406,0.0275191068649292,0.5027947425842285,0.512371301651001,0.2096288949251175,0.21381188929080963,0.2875763773918152,0.2738168239593506
10,S5,BWHvy,local,local,0,local,local,0,0.5325087904930115,0.5713822245597839,0.03887343406677246,0.0033821165561676025,0.07774683833122253,0.5325087904930115,0.5713822245597839,0.2659607529640198,0.23600506782531738,0.20153044164180756,0.19261272251605988
10,S6,LatCrit,local,local,0,local,local,0,0.5582168102264404,0.5767295956611633,0.0185127854347229,0.00124305859208107,0.0403045117855072,0.5582168102264404,0.5767295956611633,0.21138662099838257,0.21302609145641327,0.2303965836763382,0.2102443277835846
10,S6,ComHvy,local,local,0,local,BS1,1,0.4441406726837158,0.42045509815216064,-0.023685574531555176,0.005861027166247368,0.09729957580566406,0.4441406726837158,0.42045509815216064,0.25639840960502625,0.30504822731018066,0.29946088790893555,0.2744967043399811
10,S6,BWHvy,local,local,0,local,local,0,0.5007680058479309,0.5105960965156555,0.00982809066772461,0.0003311634063720703,0.0205240398645401,0.5007680058479309,0.5105960965156555,0.2688601315021515,0.26929405331611633,0.23037189245224,0.22010986506938934
10,S7,LatCrit,local,local,0,local,local,0,0.5234470367431641,0.506477952003479,-0.01696908473968506,0.000784039031714201,0.03393816947937012,0.5234470367431641,0.506477952003479,0.222085639834404,0.237272247672081,0.25446733832359314,0.2562498152256012
10,S7,ComHvy,local,local,0,local,local,0,0.5367580652236938,0.573828935623169,0.0370708703994751,0.003064466640353203,0.0741417407989502,0.5367580652236938,0.573828935623169,0.1487675905227661,0.14375042915344238,0.31447434425354004,0.28242063522338867
10,S7,BWHvy,local,local,0,local,local,0,0.5536733269691467,0.5742477178573608,0.02057439088821411,0.0009778011590242386,0.04114873707294464,0.5536733269691467,0.5742477178573608,0.2742605209350586,0.256887286901474,0.17206613719463348,0.16886502504348755
10,S8,LatCrit,local,local,0,local,local,0,0.49264615774154663,0.5396697521209717,0.04702359437942505,0.004900351166725159,0.09404712915420532,0.49264615774154663,0.5396697521209717,0.2179657369852066,0.18804551661014557,0.28938809037208557,0.27228477597236633
10,S8,ComHvy,local,local,0,local,local,0,0.5136765241622925,0.5011612176895142,-0.01251530647277832,0.00031426968052983284,0.02503064274787903,0.5136765241622925,0.5011612176895142,0.28197234869003296,0.2887362539768219,0.20435112714767456,0.21010255813598633
10,S8,BWHvy,local,local,0,local,local,0,0.44923150539398193,0.45640814304351807,0.007176637649536133,0.00014390191063284874,0.01451195776462555,0.44923150539398193,0.45640814304351807,0.24408312141895294,0.24416249990463257,0.30668532848358154,0.29942938685417175
11,S1,LatCrit,local,local,0,BS1,BS1,0,0.44677335023880005,0.4367460012435913,-0.01002734899520874,0.0007515838369727135,0.03579431772232056,0.44677335023880005,0.4367460012435913,0.3008999526500702,0.31879711151123047,0.25232669711112976,0.24445688724517822
11,S1,ComHvy,local,local,0,local,local,0,0.5366877317428589,0.538048267364502,0.0013605356216430664,1.1408585123717785e-05,0.004039943218231201,0.5366877317428589,0.538048267364502,0.234076589345932,0.2320566326379776,0.2292356640100479,0.22989511489868164
11,S1,BWHvy,local,local,0,local,local,0,0.5268746018409729,0.5400875806808472,0.013212978839874268,0.002931429073214531,0.06087756156921387,0.5268746018409729,0.5400875806808472,0.23321101069450378,0.20277225971221924,0.23991438746452332,0.25714021921157837
11,S2,LatCrit,local,local,0,BS2,BS2,0,0.48928070068359375,0.45860785245895386,-0.030672848224639893,0.0030473172664642334,0.0710381418466568,0.48928070068359375,0.45860785245895386,0.21699778735637665,0.21215155720710754,0.2937214970588684,0.3292405605316162
11,S2,ComHvy,local,local,0,local,local,0,0.4995477795600891,0.4855039715766907,-0.014043807983398438,0.0006434256210923195,0.03066791594028473,0.4995477795600891,0.4855039715766907,0.24268604815006256,0.24139589071273804,0.2577661871910095,0.2731001377105713
11,S2,BWHvy,local,local,0,local,local,0,0.40835851430892944,0.39011430740356445,-0.01824420690536499,0.0020133331418037415,0.05698326230049133,0.40835851430892944,0.39011430740356445,0.32643648982048035,0.31618908047676086,0.2652049660682678,0.2936966121196747
11,S3,LatCrit,local,local,0,local,local,0,0.4747920036315918,0.4846031069755554,0.009811103343963623,0.0003102521295659244,0.021131813526153564,0.4747920036315918,0.4846031069755554,0.274015337228775,0.26344943046569824,0.2511926591396332,0.25194746255874634
11,S3,ComHvy,local,local,0,BS2,local,1,0.4559224247932434,0.5008800029754639,0.04495757818222046,0.0042433664202690125,0.0899151861667633,0.4559224247932434,0.5008800029754639,0.2578950524330139,0.22990429401397705,0.28618255257606506,0.2692157030105591
11,S3,BWHvy,local,local,0,local,local,0,0.5002847909927368,0.4708820581436157,-0.029402732849121094,0.002194819040596485,0.05880546569824219,0.5002847909927368,0.4708820581436157,0.16119976341724396,0.18144221603870392,0.33851543068885803,0.34767571091651917
11,S4,LatCrit,local,local,0,local,local,0,0.4914664626121521,0.4751470685005188,-0.0163193941116333,0.0017872639000415802,0.050901636481285095,0.4914664626121521,0.4751470685005188,0.2875518798828125,0.27842041850090027,0.2209816873073578,0.24643246829509735
11,S4,ComHvy,local,local,0,local,local,0,0.398914098739624,0.41177618503570557,0.012862086296081543,0.0007101227529346943,0.036612436175346375,0.398914098739624,0.41177618503570557,0.3966117799282074,0.378305584192276,0.20447410643100739,0.20991826057434082
11,S4,BWHvy,local,local,0,local,local,0,0.5234359502792358,0.509871244430542,-0.013564705848693848,0.0005647465586662292,0.02848750352859497,0.5234359502792358,0.509871244430542,0.22237186133861542,0.2216927856206894,0.25419220328330994,0.26843592524528503
11,S5,LatCrit,local,local,0,local,local,0,0.5146424174308777,0.5132275819778442,-0.0014148354530334473,5.531474016606808e-06,0.0028297007083892822,0.5146424174308777,0.5132275819778442,0.24901804327964783,0.2491276115179062,0.2363395392894745,0.23764483630657196
11,S5,ComHvy,local,local,0,local,local,0,0.5073438882827759,0.5075101852416992,0.00016629695892333984,0.0006579160690307617,0.025558024644851685,0.5073438882827759,0.5075101852416992,0.2189382165670395,0.2315509170293808,0.2737179398536682,0.2609389126300812
11,S5,BWHvy,local,local,0,local,local,0,0.5178790092468262,0.5294791460037231,0.011600136756896973,0.00041096279164776206,0.02402174472808838,0.5178790092468262,0.5294791460037231,0.26326116919517517,0.25125032663345337,0.21885979175567627,0.21927055716514587
11,S6,LatCrit,local,local,0,local,local,0,0.4858512282371521,0.46308737993240356,-0.022763848304748535,0.001052912324666977,0.04552769660949707,0.4858512282371521,0.46308737993240356,0.18979141116142273,0.20003032684326172,0.32435739040374756,0.3368823230266571
11,S6,ComHvy,local,local,0,local,local,0,0.5356045961380005,0.5178428888320923,-0.017761707305908203,0.006342051550745964,0.09029163420200348,0.5356045961380005,0.5178428888320923,0.19435782730579376,0.2395036369562149,0.27003759145736694,0.2426534742116928
11,S6,BWHvy,local,local,0,local,local,0,0.5026692152023315,0.5399999618530273,0.0373307466506958,0.003357650712132454,0.0746615082025528,0.5026692152023315,0.5399999618530273,0.22885361313819885,0.20081813633441925,0.2684771418571472,0.2591818571090698
11,S7,LatCrit,local,local,0,local,local,0,0.5329586267471313,0.5278208255767822,-0.005137801170349121,0.00013352930545806885,0.014791980385780334,0.5329586267471313,0.5278208255767822,0.18301351368427277,0.1807553768157959,0.2840277850627899,0.29142382740974426
11,S7,ComHvy,local,local,0,local,local,0,0.5061386823654175,0.539226770401001,0.033088088035583496,0.004670377820730209,0.0892006903886795,0.5061386823654175,0.539226770401001,0.15565647184848785,0.1671687364578247,0.33820483088493347,0.2936044931411743
11,S7,BWHvy,local,local,0,local,local,0,0.5104259848594666,0.5321836471557617,0.021757662296295166,0.001470312476158142,0.04351535439491272,0.5104259848594666,0.5321836471557617,0.28402045369148254,0.28199103474617004,0.2055535763502121,0.18582530319690704
11,S8,LatCrit,local,local,0,local,local,0,0.5169600248336792,0.5432700514793396,0.0263100266456604,0.0021979976445436478,0.0588202029466629,0.5169600248336792,0.5432700514793396,0.17946583032608032,0.18256588280200958,0.30357417464256287,0.2741640508174896
11,S8,ComHvy,local,local,0,local,local,0,0.5765064358711243,0.5883888006210327,0.011882364749908447,0.0003033899702131748,0.0237647145986557,0.5765064358711243,0.5883888006210327,0.2325194627046585,0.22758199274539948,0.19097408652305603,0.1840292066335678
11,S8,BWHvy,local,local,0,BS2,BS2,0,0.3673102855682373,0.36196351051330566,-0.005346775054931641,9.07648354768753e-05,0.01200595498085022,0.3673102855682373,0.36196351051330566,0.28050437569618225,0.2798481583595276,0.35218536853790283,0.35818833112716675
12,S1,LatCrit,local,local,0,local,local,0,0.5521658658981323,0.5498054027557373,-0.0023604631423950195,3.283901605755091e-05,0.006874337792396545,0.5521658658981323,0.5498054027557373,0.23283390700817108,0.23627109825611115,0.2150001972913742,0.21392351388931274
12,S1,ComHvy,local,local,0,local,local,0,0.5480027198791504,0.5154039263725281,-0.032598793506622314,0.004577789455652237,0.0851026177406311,0.5480027198791504,0.5154039263725281,0.207411527633667,0.19745904207229614,0.24458572268486023,0.28713706135749817
12,S1,BWHvy,local,local,0,local,local,0,0.50246262550354,0.5027761459350586,0.0003135204315185547,0.0036215726286172867,0.060294538736343384,0.50246262550354,0.5027761459350586,0.26513752341270447,0.2349902242422104,0.23239989578723907,0.2622336149215698
12,S2,LatCrit,local,local,0,local,local,0,0.4451601505279541,0.42084646224975586,-0.024313688278198242,0.0015047602355480194,0.04871967434883118,0.4451601505279541,0.42084646224975586,0.20717637240886688,0.20713020861148834,0.3476634919643402,0.3720233142375946
12,S2,ComHvy,local,local,0,local,local,0,0.5341084003448486,0.5041618347167969,-0.029946565628051758,0.0026106741279363632,0.05989310145378113,0.5341084003448486,0.5041618347167969,0.24895961582660675,0.2503032088279724,0.2169319987297058,0.24553494155406952
12,S2,BWHvy,local,local,0,local,local,0,0.44091153144836426,0.4861849546432495,0.045273423194885254,0.004116160795092583,0.09054683148860931,0.44091153144836426,0.4861849546432495,0.3041185736656189,0.27896612882614136,0.25496986508369446,0.23484890162944794
12,S3,LatCrit,local,local,0,local,local,0,0.42704570293426514,0.4214467406272888,-0.005598962306976318,0.0030493419617414474,0.0620991587638855,0.42704570293426514,0.4214467406272888,0.36045709252357483,0.3350064754486084,0.21249720454216003,0.24354678392410278
12,S3,ComHvy,local,local,0,local,local,0,0.42174363136291504,0.3936551809310913,-0.02808845043182373,0.006659727543592453,0.10757514834403992,0.42174363136291504,0.3936551809310913,0.2882770597934723,0.34206464886665344,0.2899792790412903,0.26428017020225525
12,S3,BWHvy,local,local,0,local,local,0,0.5080345869064331,0.48404592275619507,-0.023988664150238037,0.0011951308697462082,0.0479772686958313,0.5080345869064331,0.48404592275619507,0.19710320234298706,0.20335006713867188,0.2948622405529022,0.31260398030281067
12,S4,LatCrit,local,local,0,local,local,0,0.48188120126724243,0.46467286348342896,-0.017208337783813477,0.000601697713136673,0.03441667556762695,0.48188120126724243,0.46467286348342896,0.25242891907691956,0.25939059257507324,0.265689879655838,0.2759365439414978
12,S4,ComHvy,local,local,0,local,local,0,0.5260658860206604,0.5447771549224854,0.01871126890182495,0.0007347026839852333,0.037422508001327515,0.5260658860206604,0.5447771549224854,0.23363271355628967,0.22698071599006653,0.24030138552188873,0.22824214398860931
12,S4,BWHvy,local,local,0,local,local,0,0.5706708431243896,0.5648936033248901,-0.005777239799499512,0.0030851922929286957,0.05664302408695221,0.5706708431243896,0.5648936033248901,0.2393680214881897,0.2168237417936325,0.18996116518974304,0.21828266978263855
12,S5,LatCrit,local,local,0,local,local,0,0.46289658546447754,0.4944276213645935,0.03153103590011597,0.003725477959960699,0.07038955390453339,0.46289658546447754,0.4944276213645935,0.2553402781486511,0.22014547884464264,0.2817631661891937,0.28542688488960266
12,S5,ComHvy,local,local,0,local,local,0,0.5170296430587769,0.47794896364212036,-0.039080679416656494,0.005157900508493185,0.08390970528125763,0.5170296430587769,0.47794896364212036,0.2178470939397812,0.2598019540309906,0.26512324810028076,0.26224908232688904
12,S5,BWHvy,local,local,0,local,local,0,0.4966239333152771,0.5300265550613403,0.03340262174606323,0.0024199197068810463,0.06680531799793243,0.4966239333152771,0.5300265550613403,0.22659045457839966,0.20523421466350555,0.27678561210632324,0.26473915576934814
12,S6,LatCrit,local,local,0,local,local,0,0.5485674142837524,0.546790599822998,-0.0017768144607543945,0.004313554614782333,0.06339296698570251,0.5485674142837524,0.546790599822998,0.24796143174171448,0.27965790033340454,0.20347115397453308,0.17355147004127502
12,S6,ComHvy,local,local,0,BS1,BS1,0,0.4636493921279907,0.4314621090888977,-0.03218728303909302,0.002947856206446886,0.06437453627586365,0.4636493921279907,0.4314621090888977,0.2582959532737732,0.2897733151912689,0.2780546545982361,0.278764545917511
12,S6,BWHvy,local,local,0,local,local,0,0.48538392782211304,0.5372769832611084,0.05189305543899536,0.011691052466630936,0.11361300945281982,0.48538392782211304,0.5372769832611084,0.2976927161216736,0.3026061952114105,0.216923326253891,0.16011685132980347
12,S7,LatCrit,local,local,0,local,local,0,0.5658102631568909,0.5662877559661865,0.0004774928092956543,0.00026174308732151985,0.015540048480033875,0.5658102631568909,0.5662877559661865,0.206612691283226,0.2139052003622055,0.2275770604610443,0.21980701386928558
12,S7,ComHvy,local,local,0,local,local,0,0.5301183462142944,0.5324158668518066,0.002297520637512207,0.0023541636765003204,0.04801033437252045,0.5301183462142944,0.5324158668518066,0.2606710195541382,0.2823786437511444,0.20921069383621216,0.18520550429821014
12,S7,BWHvy,local,local,0,local,local,0,0.5693941712379456,0.5362461805343628,-0.033147990703582764,0.0045120567083358765,0.08186915516853333,0.5693941712379456,0.5362461805343628,0.20805813372135162,0.20027156174182892,0.222547709941864,0.26348230242729187
12,S8,LatCrit,local,local,0,local,local,0,0.48242682218551636,0.49882519245147705,0.016398370265960693,0.0032286588102579117,0.06546230614185333,0.48242682218551636,0.49882519245147705,0.2364092469215393,0.20367811620235443,0.28116390109062195,0.2974967062473297
12,S8,ComHvy,local,local,0,local,local,0,0.45249974727630615,0.48566222190856934,0.033162474632263184,0.0022455966100096703,0.06632493436336517,0.45249974727630615,0.48566222190856934,0.32474827766418457,0.3020235598087311,0.22275198996067047,0.21231424808502197
12,S8,BWHvy,local,local,0,local,local,0,0.46648818254470825,0.4552127718925476,-0.011275410652160645,0.002067173831164837,0.055284976959228516,0.46648818254470825,0.4552127718925476,0.2463693618774414,0.27401185035705566,0.28714245557785034,0.27077537775039673
13,S1,LatCrit,local,local,0,local,local,0,0.48371922969818115,0.49112820625305176,0.0074089765548706055,0.0007720747962594032,0.0323764830827713,0.48371922969818115,0.49112820625305176,0.23638135194778442,0.22019310295581818,0.2798994183540344,0.28867867588996887
13,S1,ComHvy,local,local,0,BS2,BS1,1,0.4905349612236023,0.48122942447662354,-0.00930553674697876,0.00037249387241899967,0.02278900146484375,0.4905349612236023,0.48122942447662354,0.22824835777282715,0.23964285850524902,0.28121668100357056,0.27912771701812744
13,S1,BWHvy,local,local,0,BS2,BS2,0,0.5090125799179077,0.5061990022659302,-0.002813577651977539,0.0021197758615016937,0.04828307032585144,0.5090125799179077,0.5061990022659302,0.225835919380188,0.2045079469680786,0.2651514708995819,0.28929299116134644
13,S2,LatCrit,local,local,0,local,local,0,0.4797798991203308,0.4496167302131653,-0.030163168907165527,0.0018324777483940125,0.06032636761665344,0.4797798991203308,0.4496167302131653,0.24228227138519287,0.25594210624694824,0.2779378294944763,0.29444119334220886
13,S2,ComHvy,local,local,0,local,local,0,0.5371519327163696,0.5106962323188782,-0.026455700397491455,0.001520591787993908,0.05291144549846649,0.5371519327163696,0.5106962323188782,0.2541399896144867,0.27416563034057617,0.2087080478668213,0.21513815224170685
13,S2,BWHvy,local,local,0,local,local,0,0.45961683988571167,0.5216032862663269,0.061986446380615234,0.008176347240805626,0.12397290766239166,0.45961683988571167,0.5216032862663269,0.2708944082260132,0.2296888381242752,0.26948875188827515,0.2487078607082367
13,S3,LatCrit,local,local,0,local,local,0,0.5524156093597412,0.527323842048645,-0.02509176731109619,0.0016114655882120132,0.05018354952335358,0.5524156093597412,0.527323842048645,0.2856486737728119,0.2926722764968872,0.1619357019662857,0.18000388145446777
13,S3,ComHvy,local,local,0,local,local,0,0.5107957720756531,0.4891859292984009,-0.021609842777252197,0.0009880708530545235,0.043219685554504395,0.5107957720756531,0.4891859292984009,0.2774794101715088,0.2859748899936676,0.21172481775283813,0.22483918070793152
13,S3,BWHvy,local,local,0,local,local,0,0.5503524541854858,0.5373032093048096,-0.01304924488067627,0.0003726659342646599,0.026098504662513733,0.5503524541854858,0.5373032093048096,0.2528899312019348,0.2628660798072815,0.19675761461257935,0.19983072578907013
13,S4,LatCrit,local,local,0,local,local,0,0.587141752243042,0.6116677522659302,0.024526000022888184,0.001318788155913353,0.049051955342292786,0.587141752243042,0.6116677522659302,0.2085612565279007,0.1995282769203186,0.20429697632789612,0.1888040006160736
13,S4,ComHvy,local,local,0,local,local,0,0.538026750087738,0.5120760202407837,-0.025950729846954346,0.0018724651308730245,0.05190153419971466,0.538026750087738,0.5120760202407837,0.2236877977848053,0.2478625327348709,0.23828543722629547,0.24006150662899017
13,S4,BWHvy,local,local,0,local,local,0,0.44820499420166016,0.4480074644088745,-0.00019752979278564453,0.0003497842699289322,0.019830822944641113,0.44820499420166016,0.4480074644088745,0.2692548930644989,0.259537011384964,0.28254011273384094,0.2924555242061615
13,S5,LatCrit,local,local,0,local,local,0,0.41176092624664307,0.40941816568374634,-0.0023427605628967285,0.001805061474442482,0.04827728867530823,0.41176092624664307,0.40941816568374634,0.2729412317276001,0.297079861164093,0.3152978718280792,0.29350197315216064
13,S5,ComHvy,local,local,0,local,local,0,0.617358922958374,0.6089259386062622,-0.008432984352111816,0.00024778954684734344,0.017450451850891113,0.617358922958374,0.6089259386062622,0.18754038214683533,0.18724815547466278,0.19510069489479065,0.2038259357213974
13,S5,BWHvy,local,local,0,local,local,0,0.4654606580734253,0.48170721530914307,0.016246557235717773,0.0005727605894207954,0.032493144273757935,0.4654606580734253,0.48170721530914307,0.3150024712085724,0.30868053436279297,0.21953687071800232,0.20961222052574158
13,S6,LatCrit,local,local,0,local,local,0,0.49736303091049194,0.5372262597084045,0.0398632287979126,0.0033181915059685707,0.07972647249698639,0.49736303091049194,0.5372262597084045,0.2792656123638153,0.25184714794158936,0.22337138652801514,0.2109266072511673
13,S6,ComHvy,local,local,0,local,local,0,0.5194951295852661,0.5073120594024658,-0.012183070182800293,0.006248772144317627,0.08809393644332886,0.5194951295852661,0.5073120594024658,0.20947331190109253,0.25352028012275696,0.27103158831596375,0.2391676902770996
13,S6,BWHvy,local,local,0,local,local,0,0.5252693891525269,0.5356287360191345,0.010359346866607666,0.0021498017013072968,0.053155943751335144,0.5252693891525269,0.5356287360191345,0.21668420732021332,0.23290280997753143,0.2580464482307434,0.23146845400333405
13,S7,LatCrit,local,local,0,local,local,0,0.6488444209098816,0.6478375196456909,-0.0010069012641906738,0.00038876617327332497,0.016703113913536072,0.6488444209098816,0.6478375196456909,0.12576888501644135,0.1341204196214676,0.22538670897483826,0.2180420309305191
13,S7,ComHvy,local,local,0,local,local,0,0.5012220144271851,0.5261287689208984,0.02490675449371338,0.0013684239238500595,0.04981350898742676,0.5012220144271851,0.5261287689208984,0.20420683920383453,0.19926048815250397,0.2945711314678192,0.2746107280254364
13,S7,BWHvy,local,local,0,local,local,0,0.6070827841758728,0.6368172764778137,0.029734492301940918,0.0019397605210542679,0.059468984603881836,0.6070827841758728,0.6368172764778137,0.16447927057743073,0.14920131862163544,0.22843794524669647,0.21398140490055084
13,S8,LatCrit,local,local,0,local,local,0,0.5474939346313477,0.5139643549919128,-0.033529579639434814,0.002651190385222435,0.06705918908119202,0.5474939346313477,0.5139643549919128,0.2534415125846863,0.26209160685539246,0.19906452298164368,0.2239440381526947
13,S8,ComHvy,local,local,0,local,local,0,0.48707181215286255,0.4782845973968506,-0.008787214756011963,0.00019672606140375137,0.017574384808540344,0.48707181215286255,0.4782845973968506,0.3097340166568756,0.3117656707763672,0.20319420099258423,0.20994971692562103
13,S8,BWHvy,local,local,0,local,local,0,0.4102003574371338,0.39287495613098145,-0.017325401306152344,0.0019802339375019073,0.05885842442512512,0.4102003574371338,0.39287495613098145,0.30361300706863403,0.3330422341823578,0.2861866056919098,0.27408280968666077
14,S1,LatCrit,local,local,0,local,local,0,0.5353365540504456,0.5421627163887024,0.006826162338256836,0.00041694706305861473,0.02457365393638611,0.5353365540504456,0.5421627163887024,0.2571590840816498,0.24487225711345673,0.20750434696674347,0.2129650115966797
14,S1,ComHvy,local,local,0,local,local,0,0.518671989440918,0.5002409219741821,-0.01843106746673584,0.0012656652834266424,0.04313190281391144,0.518671989440918,0.5002409219741821,0.24138745665550232,0.26295343041419983,0.2399405539035797,0.23680569231510162
14,S1,BWHvy,local,local,0,local,local,0,0.5253322124481201,0.524471640586853,-0.0008605718612670898,0.0031610913574695587,0.055648088455200195,0.5253322124481201,0.524471640586853,0.25186485052108765,0.22490137815475464,0.22280293703079224,0.25062698125839233
14,S2,LatCrit,local,local,0,local,local,0,0.4789543151855469,0.4485290050506592,-0.030425310134887695,0.0018666349351406097,0.0608506053686142,0.4789543151855469,0.4485290050506592,0.2124033123254776,0.22403350472450256,0.3086424171924591,0.32743752002716064
14,S2,ComHvy,local,local,0,local,local,0,0.46481382846832275,0.4528648853302002,-0.011948943138122559,0.0005955339875072241,0.031533122062683105,0.46481382846832275,0.4528648853302002,0.2935977578163147,0.30936431884765625,0.24158841371536255,0.23777079582214355
14,S2,BWHvy,local,local,0,local,local,0,0.5336935520172119,0.5903840065002441,0.05669045448303223,0.007153702899813652,0.11338090896606445,0.5336935520172119,0.5903840065002441,0.2082979679107666,0.17280063033103943,0.2580084502696991,0.23681533336639404
14,S3,LatCrit,local,local,0,BS1,BS1,0,0.4042437672615051,0.3874826431274414,-0.01676112413406372,0.000639207661151886,0.033522218465805054,0.4042437672615051,0.3874826431274414,0.3712490499019623,0.3778287470340729,0.22450721263885498,0.23468860983848572
14,S3,ComHvy,local,local,0,BS1,BS1,0,0.473099946975708,0.4677048921585083,-0.005395054817199707,0.0009662043303251266,0.03685326874256134,0.473099946975708,0.4677048921585083,0.2414843589067459,0.22845277190208435,0.2854156792163849,0.30384230613708496
14,S3,BWHvy,local,local,0,BS1,BS1,0,0.4679742455482483,0.4206467270851135,-0.047327518463134766,0.004761052317917347,0.09465500712394714,0.4679742455482483,0.4206467270851135,0.28100821375846863,0.3140285909175873,0.2510175406932831,0.2653246521949768
14,S4,LatCrit,local,local,0,local,local,0,0.5703203678131104,0.6095041036605835,0.039183735847473145,0.003838117001578212,0.0783674567937851,0.5703203678131104,0.6095041036605835,0.28364625573158264,0.24750706553459167,0.146033376455307,0.14298884570598602
14,S4,ComHvy,local,local,0,local,local,0,0.4946146011352539,0.4929726719856262,-0.0016419291496276855,0.0002897437661886215,0.018681928515434265,0.4946146011352539,0.4929726719856262,0.24258992075920105,0.2348908931016922,0.26279547810554504,0.2721364498138428
14,S4,BWHvy,local,local,0,local,local,0,0.4747852087020874,0.4771326780319214,0.0023474693298339844,0.0013004541397094727,0.03900957107543945,0.4747852087020874,0.4771326780319214,0.2674676477909088,0.2479628622531891,0.2577471435070038,0.2749044597148895
14,S5,LatCrit,local,local,0,BS1,BS1,0,0.4113333821296692,0.42469894886016846,0.013365566730499268,0.0005960762500762939,0.028992652893066406,0.4113333821296692,0.42469894886016846,0.30349090695381165,0.3046216666698456,0.2851756811141968,0.2706793546676636
14,S5,ComHvy,local,local,0,local,local,0,0.5581501722335815,0.5670679807662964,0.008917808532714844,0.0010338081046938896,0.03770707547664642,0.5581501722335815,0.5670679807662964,0.27373817563056946,0.25488460063934326,0.1681116819381714,0.17804737389087677
14,S5,BWHvy,local,local,0,local,local,0,0.5268898606300354,0.5492948889732361,0.022405028343200684,0.0010716933757066727,0.04481007158756256,0.5268898606300354,0.5492948889732361,0.29140689969062805,0.27409106492996216,0.18170323967933655,0.17661403119564056
14,S6,LatCrit,local,local,0,BS2,BS2,0,0.4450840950012207,0.48348820209503174,0.038404107093811035,0.0035093259066343307,0.07680821418762207,0.4450840950012207,0.48348820209503174,0.2633313536643982,0.23366296291351318,0.2915845215320587,0.2828488051891327
14,S6,ComHvy,local,local,0,local,local,0,0.5361412167549133,0.4941062331199646,-0.04203498363494873,0.006480847485363483,0.09939661622047424,0.5361412167549133,0.4941062331199646,0.2352767288684845,0.2849750220775604,0.22858205437660217,0.2209187150001526
14,S6,BWHvy,local,local,0,local,local,0,0.5395687818527222,0.5379526019096375,-0.0016161799430847168,0.0017152335494756699,0.04131123423576355,0.5395687818527222,0.5379526019096375,0.21386809647083282,0.2345237284898758,0.24656309187412262,0.22752366960048676
14,S7,LatCrit,local,local,0,local,local,0,0.5398041605949402,0.5468040704727173,0.0069999098777771,0.00046786339953541756,0.023226261138916016,0.5398041605949402,0.5468040704727173,0.18296529352664948,0.17135216295719147,0.27723053097724915,0.28184375166893005
14,S7,ComHvy,local,local,0,local,local,0,0.583553671836853,0.6019412279129028,0.018387556076049805,0.0015342794358730316,0.04347588121891022,0.583553671836853,0.6019412279129028,0.20878562331199646,0.21213601529598236,0.20766068994998932,0.1859227567911148
14,S7,BWHvy,local,local,0,local,local,0,0.5982042551040649,0.5830667018890381,-0.015137553215026855,0.0013133902102708817,0.04323627054691315,0.5982042551040649,0.5830667018890381,0.18261218070983887,0.17613160610198975,0.2191835343837738,0.24080167710781097
14,S8,LatCrit,local,local,0,local,local,0,0.5474031567573547,0.536675751209259,-0.010727405548095703,0.0019134115427732468,0.05059942603111267,0.5474031567573547,0.536675751209259,0.22616168856620789,0.21158938109874725,0.22643516957759857,0.2517348825931549
14,S8,ComHvy,local,local,0,local,local,0,0.5469487905502319,0.5604902505874634,0.013541460037231445,0.0009141499176621437,0.036026448011398315,0.5469487905502319,0.5604902505874634,0.24310439825057983,0.22509117424488068,0.20994682610034943,0.21441859006881714
14,S8,BWHvy,local,local,0,BS1,BS1,0,0.3832288384437561,0.3735315799713135,-0.009697258472442627,0.00020339852198958397,0.01939457654953003,0.3832288384437561,0.3735315799713135,0.32665330171585083,0.330778568983078,0.2901178300380707,0.2956898808479309
15,S1,LatCrit,local,local,0,local,local,0,0.571022093296051,0.5527828931808472,-0.018239200115203857,0.0009307600557804108,0.03751799464225769,0.571022093296051,0.5527828931808472,0.16313643753528595,0.16261662542819977,0.2658414840698242,0.28460046648979187
15,S1,ComHvy,local,local,0,local,local,0,0.43953627347946167,0.433254599571228,-0.006281673908233643,0.000252516008913517,0.021128326654434204,0.43953627347946167,0.433254599571228,0.3257637023925781,0.3363278806209564,0.23469999432563782,0.23041751980781555
15,S1,BWHvy,local,local,0,local,local,0,0.5548677444458008,0.5779030323028564,0.023035287857055664,0.007724106311798096,0.09450036287307739,0.5548677444458008,0.5779030323028564,0.21632106602191925,0.16907086968421936,0.22881118953227997,0.2530260682106018
15,S2,LatCrit,local,BS2,1,BS2,BS2,0,0.3709368109703064,0.3656035363674164,-0.005333274602890015,0.0011339038610458374,0.0437849760055542,0.3709368109703064,0.3490443229675293,0.2810070514678955,0.2853521704673767,0.3480561673641205,0.3656035363674164
15,S2,ComHvy,local,local,0,BS1,BS1,0,0.47606873512268066,0.4427882432937622,-0.03328049182891846,0.00295487348921597,0.06656099855899811,0.47606873512268066,0.4427882432937622,0.2492169290781021,0.2796519100666046,0.27471432089805603,0.2775598466396332
15,S2,BWHvy,local,local,0,local,local,0,0.495280921459198,0.5053814649581909,0.01010054349899292,0.00020670751109719276,0.020201057195663452,0.495280921459198,0.5053814649581909,0.28089866042137146,0.2760787308216095,0.22382044792175293,0.21853986382484436
15,S3,LatCrit,local,local,0,local,local,0,0.4682728052139282,0.43225371837615967,-0.036019086837768555,0.0035655531100928783,0.0762789249420166,0.4682728052139282,0.43225371837615967,0.3221300542354584,0.3602695167064667,0.2095971554517746,0.20747677981853485
15,S3,ComHvy,local,local,0,local,local,0,0.508556067943573,0.50167316198349,-0.006882905960083008,0.0017611458897590637,0.04790604114532471,0.508556067943573,0.50167316198349,0.24262091517448425,0.2255508154630661,0.24882300198078156,0.2727760374546051
15,S3,BWHvy,local,local,0,local,local,0,0.517271876335144,0.48124825954437256,-0.036023616790771484,0.0026228483766317368,0.07204724848270416,0.517271876335144,0.48124825954437256,0.2637752592563629,0.2807658314704895,0.21895284950733185,0.23798590898513794
15,S4,LatCrit,local,local,0,local,local,0,0.4860592484474182,0.5371266603469849,0.05106741189956665,0.005332564935088158,0.10213479399681091,0.4860592484474182,0.5371266603469849,0.3142284154891968,0.28755849599838257,0.199712336063385,0.17531487345695496
15,S4,ComHvy,local,local,0,local,local,0,0.49282193183898926,0.4916154146194458,-0.001206517219543457,6.866827607154846e-05,0.00943446159362793,0.49282193183898926,0.4916154146194458,0.19612735509872437,0.19261664152145386,0.3110507130622864,0.31576794385910034
15,S4,BWHvy,local,local,0,local,local,0,0.5032466650009155,0.5138278007507324,0.010581135749816895,0.0012439452111721039,0.043518781661987305,0.5032466650009155,0.5138278007507324,0.1958133578300476,0.20699158310890198,0.30094000697135925,0.2791805863380432
15,S5,LatCrit,local,local,0,local,local,0,0.4551783800125122,0.4575486183166504,0.0023702383041381836,0.001479819416999817,0.04215425252914429,0.4551783800125122,0.4575486183166504,0.3303132653236389,0.3092361390590668,0.21450833976268768,0.23321522772312164
15,S5,ComHvy,local,local,0,local,local,0,0.6426209211349487,0.6664531826972961,0.023832261562347412,0.0014359811320900917,0.047664493322372437,0.6426209211349487,0.6664531826972961,0.20169760286808014,0.1933765709400177,0.15568144619464874,0.14017024636268616
15,S5,BWHvy,local,local,0,local,local,0,0.5392633080482483,0.5321053266525269,-0.0071579813957214355,0.0001580321986693889,0.014520272612571716,0.5392633080482483,0.5321053266525269,0.23459826409816742,0.24185839295387268,0.2261384278535843,0.22603626549243927
15,S6,LatCrit,local,local,0,BS2,BS1,1,0.4102596044540405,0.41587018966674805,0.0056105852127075195,0.0008238041773438454,0.031076878309249878,0.4102596044540405,0.41587018966674805,0.39744141697883606,0.4073692560195923,0.1922990083694458,0.17676055431365967
15,S6,ComHvy,local,local,0,local,local,0,0.4748249053955078,0.4948689937591553,0.02004408836364746,0.0010270923376083374,0.04008816182613373,0.4748249053955078,0.4948689937591553,0.3274553120136261,0.32205355167388916,0.1977197676897049,0.18307745456695557
15,S6,BWHvy,local,local,0,local,local,0,0.5185048580169678,0.5225208401679993,0.004015982151031494,0.00029966607689857483,0.020135998725891113,0.5185048580169678,0.5225208401679993,0.22779689729213715,0.2338489145040512,0.2536982595920563,0.24363026022911072
15,S7,LatCrit,local,local,0,local,local,0,0.5743758678436279,0.5608159899711609,-0.013559877872467041,0.0005785739049315453,0.0271197110414505,0.5743758678436279,0.5608159899711609,0.2356758415699005,0.23640497028827667,0.18994833528995514,0.20277903974056244
15,S7,ComHvy,local,local,0,BS2,BS2,0,0.4521375894546509,0.4389646053314209,-0.01317298412322998,0.0004188732709735632,0.026346027851104736,0.4521375894546509,0.4389646053314209,0.2639017701148987,0.274645060300827,0.28396061062812805,0.28639036417007446
15,S7,BWHvy,local,local,0,local,local,0,0.5136141180992126,0.5374353528022766,0.023821234703063965,0.0011447528377175331,0.04764251410961151,0.5136141180992126,0.5374353528022766,0.18842366337776184,0.18028248846530914,0.2979622483253479,0.28228214383125305
15,S8,LatCrit,local,local,0,local,local,0,0.5206608176231384,0.5532737970352173,0.03261297941207886,0.0021907733753323555,0.06522594392299652,0.5206608176231384,0.5532737970352173,0.2733786404132843,0.2516557276248932,0.20596057176589966,0.1950705200433731
15,S8,ComHvy,local,local,0,local,local,0,0.46388936042785645,0.44028615951538086,-0.023603200912475586,0.0018200837075710297,0.05214416980743408,0.46388936042785645,0.44028615951538086,0.26701319217681885,0.2645443081855774,0.2690974473953247,0.29516953229904175
15,S8,BWHvy,local,local,0,local,local,0,0.5582786202430725,0.5483473539352417,-0.00993126630783081,0.0005009053274989128,0.026288479566574097,0.5582786202430725,0.5483473539352417,0.22818753123283386,0.22497457265853882,0.21353383362293243,0.22667808830738068
16,S1,LatCrit,local,local,0,local,local,0,0.49649578332901,0.4692637324333191,-0.027232050895690918,0.00456647202372551,0.08810968697071075,0.49649578332901,0.4692637324333191,0.22120194137096405,0.20437917113304138,0.28230223059654236,0.3263570964336395
16,S1,ComHvy,local,local,0,local,local,0,0.4741497039794922,0.4371516704559326,-0.03699803352355957,0.0031210724264383316,0.07399611175060272,0.4741497039794922,0.4371516704559326,0.2816564440727234,0.2911553382873535,0.24419380724430084,0.27169299125671387
16,S1,BWHvy,local,local,0,local,local,0,0.5129930377006531,0.5336951017379761,0.020702064037322998,0.0057352203875780106,0.08805236220359802,0.5129930377006531,0.5336951017379761,0.26028159260749817,0.21625538170337677,0.22672538459300995,0.2500494718551636
16,S2,LatCrit,local,local,0,local,local,0,0.47122037410736084,0.449248731136322,-0.02197164297103882,0.005174502730369568,0.09226194024085999,0.47122037410736084,0.449248731136322,0.2416108101606369,0.21745149791240692,0.28716880083084106,0.33329978585243225
16,S2,ComHvy,local,local,0,local,local,0,0.5474562644958496,0.5510764122009277,0.003620147705078125,0.0001379242166876793,0.013153254985809326,0.5474562644958496,0.5510764122009277,0.2489926666021347,0.25194916129112244,0.2035510540008545,0.19697444140911102
16,S2,BWHvy,local,local,0,local,local,0,0.4583374261856079,0.444450318813324,-0.013887107372283936,0.009410656988620758,0.11209473013877869,0.4583374261856079,0.444450318813324,0.33378657698631287,0.389833927154541,0.2078760266304016,0.165715754032135
16,S3,LatCrit,local,local,0,local,BS1,1,0.44423460960388184,0.40896350145339966,-0.03527110815048218,0.0031745322048664093,0.07054217159748077,0.44423460960388184,0.40896350145339966,0.3299535810947418,0.3645307719707489,0.22581182420253754,0.22650569677352905
16,S3,ComHvy,local,local,0,local,local,0,0.5437120199203491,0.500669538974762,-0.04304248094558716,0.0038527492433786392,0.08608496189117432,0.5437120199203491,0.500669538974762,0.21571646630764008,0.24230147898197174,0.240571528673172,0.2570289969444275
16,S3,BWHvy,local,local,0,BS2,BS2,0,0.42836499214172363,0.4245929718017578,-0.0037720203399658203,0.00018016528338193893,0.017135262489318848,0.42836499214172363,0.4245929718017578,0.2976558804512024,0.3062235116958618,0.2739790976047516,0.269183486700058
16,S4,LatCrit,local,local,0,local,local,0,0.5048341751098633,0.5294288396835327,0.024594664573669434,0.003872554749250412,0.07383251190185547,0.5048341751098633,0.5294288396835327,0.24226927757263184,0.25459086894989014,0.2528965175151825,0.21598026156425476
16,S4,ComHvy,local,local,0,local,local,0,0.4949970245361328,0.494215190410614,-0.0007818341255187988,1.3414683053269982e-06,0.0015636533498764038,0.4949970245361328,0.494215190410614,0.2983688414096832,0.29899218678474426,0.20663413405418396,0.20679260790348053
16,S4,BWHvy,local,local,0,local,local,0,0.5124459266662598,0.5389094352722168,0.02646350860595703,0.0067046210169792175,0.09571781754493713,0.5124459266662598,0.5389094352722168,0.23099304735660553,0.25238844752311707,0.2565610408782959,0.20870213210582733
16,S5,LatCrit,local,local,0,local,local,0,0.43645769357681274,0.4595908522605896,0.023133158683776855,0.0016829757951200008,0.048596739768981934,0.43645769357681274,0.4595908522605896,0.28756579756736755,0.2632674276828766,0.2759765088558197,0.2771417200565338
16,S5,ComHvy,local,local,0,local,local,0,0.5167877674102783,0.5023030638694763,-0.014484703540802002,0.0005037812516093254,0.02896943688392639,0.5167877674102783,0.5023030638694763,0.24474452435970306,0.24743860960006714,0.23846770823001862,0.25025835633277893
16,S5,BWHvy,local,local,0,local,local,0,0.48931801319122314,0.5008141994476318,0.011496186256408691,0.005552828311920166,0.08470326662063599,0.48931801319122314,0.5008141994476318,0.28730979561805725,0.24495814740657806,0.2233722060918808,0.2542276382446289
16,S6,LatCrit,local,local,0,local,local,0,0.4713549017906189,0.5018813014030457,0.030526399612426758,0.00771404430270195,0.10333473980426788,0.4713549017906189,0.5018813014030457,0.2703675925731659,0.2915085554122925,0.2582775056362152,0.20661012828350067
16,S6,ComHvy,local,local,0,local,local,0,0.5180667042732239,0.5156489610671997,-0.00241774320602417,2.124566526617855e-05,0.005211398005485535,0.5180667042732239,0.5156489610671997,0.21736957132816315,0.21997526288032532,0.26456373929977417,0.264375776052475
16,S6,BWHvy,local,local,0,BS1,BS1,0,0.4212220311164856,0.4418414235115051,0.02061939239501953,0.007548373192548752,0.10216072201728821,0.4212220311164856,0.4418414235115051,0.31408488750457764,0.344545841217041,0.26469308137893677,0.21361270546913147
16,S7,LatCrit,local,local,0,local,local,0,0.5604045391082764,0.566116213798523,0.005711674690246582,0.0001723114401102066,0.015621364116668701,0.5604045391082764,0.566116213798523,0.20458240807056427,0.20668143033981323,0.2350129932165146,0.22720232605934143
16,S7,ComHvy,local,local,0,local,local,0,0.48130708932876587,0.4655284881591797,-0.01577860116958618,0.0007375068962574005,0.03155723214149475,0.48130708932876587,0.4655284881591797,0.29493412375450134,0.2958683371543884,0.2237587720155716,0.23860318958759308
16,S7,BWHvy,local,local,0,local,local,0,0.5068031549453735,0.5212823152542114,0.01447916030883789,0.0007046784739941359,0.03220869600772858,0.5068031549453735,0.5212823152542114,0.27239248156547546,0.2562881112098694,0.22080440819263458,0.2224295735359192
16,S8,LatCrit,local,local,0,local,local,0,0.5232782363891602,0.5442556142807007,0.020977377891540527,0.0010294434614479542,0.04195478558540344,0.5232782363891602,0.5442556142807007,0.28595131635665894,0.26785680651664734,0.1907704770565033,0.18788757920265198
16,S8,ComHvy,local,local,0,local,local,0,0.4411553144454956,0.4330216646194458,-0.008133649826049805,0.001396913081407547,0.04566165804862976,0.4411553144454956,0.4330216646194458,0.29884523153305054,0.28414806723594666,0.25999945402145386,0.28283029794692993
16,S8,BWHvy,local,local,0,local,local,0,0.48641884326934814,0.547997236251831,0.06157839298248291,0.010944679379463196,0.12315674126148224,0.48641884326934814,0.547997236251831,0.28789424896240234,0.27861008048057556,0.2256869077682495,0.17339272797107697
17,S1,LatCrit,local,local,0,local,local,0,0.5721848011016846,0.5855260491371155,0.013341248035430908,0.0018582139164209366,0.044758498668670654,0.5721848011016846,0.5855260491371155,0.25074973702430725,0.25978773832321167,0.1770654320716858,0.15468618273735046
17,S1,ComHvy,local,local,0,local,local,0,0.4864569306373596,0.4626730680465698,-0.023783862590789795,0.002285855822265148,0.05875532329082489,0.4864569306373596,0.4626730680465698,0.24608395993709564,0.2754616141319275,0.26745909452438354,0.2618652880191803
17,S1,BWHvy,local,local,0,local,local,0,0.511842668056488,0.5197458863258362,0.007903218269348145,0.0084322988986969,0.09763433039188385,0.511842668056488,0.5197458863258362,0.2837986350059509,0.2349814772605896,0.20435868203639984,0.24527263641357422
17,S2,LatCrit,local,local,0,local,local,0,0.5897859334945679,0.5443238019943237,-0.04546213150024414,0.0070587992668151855,0.09926347434520721,0.5897859334945679,0.5443238019943237,0.20438431203365326,0.2002147138118744,0.2058297097682953,0.2554614543914795
17,S2,ComHvy,local,local,0,local,local,0,0.5675026774406433,0.5391517281532288,-0.02835094928741455,0.00278286449611187,0.05909399688243866,0.5675026774406433,0.5391517281532288,0.23873986303806305,0.23754383623600006,0.19375744462013245,0.22330446541309357
17,S2,BWHvy,local,local,0,local,local,0,0.4824673533439636,0.46284347772598267,-0.019623875617980957,0.0028414856642484665,0.06643292307853699,0.4824673533439636,0.46284347772598267,0.2746385931968689,0.26104599237442017,0.24289408326148987,0.27611052989959717
17,S3,LatCrit,local,local,0,local,local,0,0.5246957540512085,0.5340499877929688,0.009354233741760254,0.0004375716671347618,0.022411316633224487,0.5246957540512085,0.5340499877929688,0.28804606199264526,0.28989750146865845,0.18725815415382385,0.1760525107383728
17,S3,ComHvy,local,local,0,local,local,0,0.5112311840057373,0.48317915201187134,-0.028052031993865967,0.0016216011717915535,0.056104108691215515,0.5112311840057373,0.48317915201187134,0.1928304135799408,0.2074141949415207,0.2959383726119995,0.30940666794776917
17,S3,BWHvy,local,local,0,local,local,0,0.5073323845863342,0.4976463317871094,-0.009686052799224854,0.0003779446706175804,0.024389535188674927,0.5073323845863342,0.4976463317871094,0.2256094366312027,0.2231007069349289,0.26705819368362427,0.27925294637680054
17,S4,LatCrit,local,local,0,BS1,BS1,0,0.514121413230896,0.41105711460113525,-0.10306429862976074,0.02161518856883049,0.20612861216068268,0.514121413230896,0.41105711460113525,0.25680238008499146,0.30661875009536743,0.22907619178295135,0.2823241353034973
17,S4,ComHvy,local,local,0,local,local,0,0.49277931451797485,0.4900917410850525,-0.0026875734329223633,0.0015965532511472702,0.042898014187812805,0.49277931451797485,0.4900917410850525,0.2533247172832489,0.2747737169265747,0.25389596819877625,0.2351345270872116
17,S4,BWHvy,local,local,0,local,local,0,0.41382741928100586,0.4023549556732178,-0.011472463607788086,0.0002735827583819628,0.022944912314414978,0.41382741928100586,0.4023549556732178,0.37187910079956055,0.3796132802963257,0.2142934799194336,0.21803174912929535
17,S5,LatCrit,local,local,0,local,local,0,0.5394509434700012,0.5513461232185364,0.011895179748535156,0.0007445244118571281,0.03312072157859802,0.5394509434700012,0.5513461232185364,0.254547119140625,0.237986758351326,0.20600192248821259,0.21066710352897644
17,S5,ComHvy,local,local,0,local,local,0,0.4824945330619812,0.47877979278564453,-0.00371474027633667,2.7921050786972046e-05,0.00742948055267334,0.4824945330619812,0.47877979278564453,0.2514094412326813,0.2529328167438507,0.2660960257053375,0.26828739047050476
17,S5,BWHvy,local,local,0,local,local,0,0.550704836845398,0.5520668029785156,0.0013619661331176758,0.0003446461632847786,0.018848806619644165,0.550704836845398,0.5520668029785156,0.23089206218719482,0.22146767377853394,0.21840305626392365,0.22646550834178925
17,S6,LatCrit,local,local,0,BS1,BS1,0,0.39505404233932495,0.3869021534919739,-0.008151888847351074,0.0139751136302948,0.13803040981292725,0.39505404233932495,0.3869021534919739,0.3422110080718994,0.28134769201278687,0.26273494958877563,0.33175015449523926
17,S6,ComHvy,local,local,0,local,local,0,0.5720030665397644,0.5919297933578491,0.019926726818084717,0.0036534657701849937,0.05884714424610138,0.5720030665397644,0.5919297933578491,0.15731440484523773,0.12789082527160645,0.27068254351615906,0.28017938137054443
17,S6,BWHvy,local,local,0,local,local,0,0.42376214265823364,0.4207332730293274,-0.00302886962890625,0.002557089552283287,0.05540633201599121,0.42376214265823364,0.4207332730293274,0.2148338407278061,0.19015954434871674,0.3614040017127991,0.3891071677207947
17,S7,LatCrit,local,local,0,local,local,0,0.5677887201309204,0.5936447381973267,0.02585601806640625,0.0019321907311677933,0.05342300236225128,0.5677887201309204,0.5936447381973267,0.1516086310148239,0.1524640917778015,0.28060269355773926,0.2538911700248718
17,S7,ComHvy,local,local,0,local,local,0,0.4980732798576355,0.5159754753112793,0.0179021954536438,0.0016635321080684662,0.04762573540210724,0.4980732798576355,0.5159754753112793,0.2651774287223816,0.2710881233215332,0.23674927651882172,0.2129364311695099
17,S7,BWHvy,local,local,0,local,local,0,0.5766943693161011,0.5685092210769653,-0.008185148239135742,0.0005194447003304958,0.026646673679351807,0.5766943693161011,0.5685092210769653,0.21509785950183868,0.2284211963415146,0.20820772647857666,0.2030695378780365
17,S8,LatCrit,local,local,0,local,local,0,0.5536285042762756,0.5335321426391602,-0.02009636163711548,0.0009071929380297661,0.04019272327423096,0.5536285042762756,0.5335321426391602,0.2460279017686844,0.2523338198661804,0.20034359395503998,0.21413403749465942
17,S8,ComHvy,local,local,0,local,local,0,0.5363897085189819,0.5081560015678406,-0.028233706951141357,0.004558943212032318,0.08696885406970978,0.5363897085189819,0.5081560015678406,0.27162280678749084,0.31510719656944275,0.1919875293970108,0.1767367720603943
17,S8,BWHvy,local,local,0,local,local,0,0.44429653882980347,0.44230878353118896,-0.001987755298614502,0.0014526266604661942,0.04211258888244629,0.44429653882980347,0.44230878353118896,0.2892399728298187,0.2701714336872101,0.2664634883403778,0.28751978278160095
18,S1,LatCrit,local,local,0,local,local,0,0.5560667514801025,0.5555672645568848,-0.0004994869232177734,0.00011300668120384216,0.01047573983669281,0.5560667514801025,0.5555672645568848,0.21078775823116302,0.21602565050125122,0.23314549028873444,0.2284071296453476
18,S1,ComHvy,local,local,0,local,local,0,0.4761139750480652,0.44985973834991455,-0.026254236698150635,0.0013967910781502724,0.05250851809978485,0.4761139750480652,0.44985973834991455,0.307778000831604,0.32165199518203735,0.21610800921916962,0.22848829627037048
18,S1,BWHvy,local,local,0,local,local,0,0.4655303955078125,0.4970861077308655,0.03155571222305298,0.0031013479456305504,0.07044258713722229,0.4655303955078125,0.4970861077308655,0.32688623666763306,0.2916649580001831,0.20758333802223206,0.21124893426895142
18,S2,LatCrit,local,local,0,local,local,0,0.4704168438911438,0.43282485008239746,-0.03759199380874634,0.002980537712574005,0.0751839280128479,0.4704168438911438,0.43282485008239746,0.23074181377887726,0.24116982519626617,0.29884135723114014,0.3260052800178528
18,S2,ComHvy,local,local,0,local,local,0,0.511938214302063,0.47694307565689087,-0.03499513864517212,0.002561710774898529,0.06999026238918304,0.511938214302063,0.47694307565689087,0.23663277924060822,0.24804088473320007,0.25142902135849,0.27501603960990906
18,S2,BWHvy,local,local,0,local,local,0,0.45829516649246216,0.3923887610435486,-0.06590640544891357,0.009033633396029472,0.13181275129318237,0.45829516649246216,0.3923887610435486,0.3144909143447876,0.357695072889328,0.22721394896507263,0.24991613626480103
18,S3,LatCrit,local,local,0,local,local,0,0.4675368070602417,0.45995384454727173,-0.007582962512969971,0.0001975011546164751,0.01750040054321289,0.4675368070602417,0.45995384454727173,0.2828674912452698,0.2916176915168762,0.24959571659564972,0.24842847883701324
18,S3,ComHvy,local,local,0,BS1,BS1,0,0.4515836238861084,0.4453917145729065,-0.006191909313201904,0.0013598455116152763,0.04420660436153412,0.4515836238861084,0.4453917145729065,0.2836954593658447,0.3057987689971924,0.2647208869457245,0.24880950152873993
18,S3,BWHvy,local,local,0,local,local,0,0.5350717306137085,0.5297940969467163,-0.0052776336669921875,0.0007155956700444221,0.029910549521446228,0.5350717306137085,0.5297940969467163,0.21510909497737885,0.23006436228752136,0.24981915950775146,0.24014151096343994
18,S4,LatCrit,local,local,0,local,local,0,0.4864063858985901,0.4422595500946045,-0.044146835803985596,0.003961581736803055,0.08829367160797119,0.4864063858985901,0.4422595500946045,0.2696305215358734,0.2896581292152405,0.2439630925655365,0.26808232069015503
18,S4,ComHvy,local,local,0,local,local,0,0.4846912622451782,0.518747091293335,0.03405582904815674,0.002476399764418602,0.06811162829399109,0.4846912622451782,0.518747091293335,0.28246602416038513,0.2696760892868042,0.23284268379211426,0.21157681941986084
18,S4,BWHvy,local,local,0,local,local,0,0.5296347141265869,0.5140777826309204,-0.015556931495666504,0.004252852872014046,0.07767747342586517,0.5296347141265869,0.5140777826309204,0.2689807116985321,0.3078194260597229,0.20138460397720337,0.1781027764081955
18,S5,LatCrit,local,local,0,BS1,BS1,0,0.4166877269744873,0.4476073384284973,0.03091961145401001,0.002176998183131218,0.06183922290802002,0.4166877269744873,0.4476073384284973,0.28775396943092346,0.26468244194984436,0.29555830359458923,0.2877102196216583
18,S5,ComHvy,local,local,0,local,local,0,0.5136475563049316,0.5060881972312927,-0.007559359073638916,0.0032657384872436523,0.06364426016807556,0.5136475563049316,0.5060881972312927,0.26857322454452515,0.3003953695297241,0.2177792191505432,0.19351646304130554
18,S5,BWHvy,local,local,0,local,local,0,0.5102403163909912,0.48598790168762207,-0.02425241470336914,0.0019806697964668274,0.051263973116874695,0.5102403163909912,0.48598790168762207,0.22079871594905853,0.24643072485923767,0.2689609229564667,0.26758137345314026
18,S6,LatCrit,local,local,0,local,local,0,0.5113532543182373,0.4988059997558594,-0.01254725456237793,0.0012465715408325195,0.044927939772605896,0.5113532543182373,0.4988059997558594,0.28556862473487854,0.3080326020717621,0.20307810604572296,0.19316139817237854
18,S6,ComHvy,local,local,0,BS1,BS1,0,0.48760849237442017,0.48453015089035034,-0.0030783414840698242,0.0013190638273954391,0.03976583480834961,0.48760849237442017,0.48453015089035034,0.2530270218849182,0.23622244596481323,0.2593644857406616,0.2792474031448364
18,S6,BWHvy,local,local,0,local,local,0,0.4653695225715637,0.47402018308639526,0.008650660514831543,0.00032148463651537895,0.021312355995178223,0.4653695225715637,0.47402018308639526,0.24863070249557495,0.23797452449798584,0.28599974513053894,0.2880052626132965
18,S7,LatCrit,local,local,0,local,local,0,0.4833170771598816,0.499642014503479,0.016324937343597412,0.0005468446761369705,0.03264985978603363,0.4833170771598816,0.499642014503479,0.270738810300827,0.2640080153942108,0.2459440976381302,0.23634997010231018
18,S7,ComHvy,local,local,0,local,local,0,0.4490119218826294,0.46075671911239624,0.011744797229766846,0.001448315568268299,0.04703986644744873,0.4490119218826294,0.46075671911239624,0.2794141173362732,0.25589418411254883,0.2715739607810974,0.28334909677505493
18,S7,BWHvy,local,local,0,local,local,0,0.5509563684463501,0.548341691493988,-0.0026146769523620605,0.00010505132377147675,0.010199502110481262,0.5509563684463501,0.548341691493988,0.3056870400905609,0.30320194363594055,0.14335663616657257,0.1484563648700714
18,S8,LatCrit,local,local,0,local,local,0,0.4815484285354614,0.5440791845321655,0.0625307559967041,0.008993150666356087,0.12506146728992462,0.4815484285354614,0.5440791845321655,0.3202210068702698,0.2667045593261719,0.1982305347919464,0.1892162710428238
18,S8,ComHvy,local,local,0,local,local,0,0.52813321352005,0.5089991092681885,-0.019134104251861572,0.0012302878312766552,0.03957483172416687,0.52813321352005,0.5089991092681885,0.21082744002342224,0.23061487078666687,0.2610393464565277,0.26038604974746704
18,S8,BWHvy,local,local,0,local,local,0,0.5582342743873596,0.5818380117416382,0.023603737354278564,0.0012410487979650497,0.04720744490623474,0.5582342743873596,0.5818380117416382,0.16967813670635223,0.15626300871372223,0.27208757400512695,0.2618989944458008
19,S1,LatCrit,local,local,0,local,local,0,0.5334938764572144,0.5203899145126343,-0.013103961944580078,0.0033934973180294037,0.06553390622138977,0.5334938764572144,0.5203899145126343,0.2718007564544678,0.2521377205848694,0.19470541179180145,0.22747232019901276
19,S1,ComHvy,local,local,0,local,local,0,0.5127241611480713,0.5286917686462402,0.015967607498168945,0.0005848510190844536,0.03193525969982147,0.5127241611480713,0.5286917686462402,0.23611389100551605,0.2324746996164322,0.25116199254989624,0.23883353173732758
19,S1,BWHvy,local,local,0,local,local,0,0.46220719814300537,0.4697592258453369,0.007552027702331543,0.00013978977221995592,0.015104025602340698,0.46220719814300537,0.4697592258453369,0.2741060256958008,0.2676890790462494,0.26368674635887146,0.2625516951084137
19,S2,LatCrit,local,local,0,BS2,local,1,0.5241141319274902,0.5212138891220093,-0.002900242805480957,0.004127657040953636,0.06560991704463959,0.5241141319274902,0.5212138891220093,0.22523435950279236,0.25803932547569275,0.2506515085697174,0.22074680030345917
19,S2,ComHvy,local,local,0,local,local,0,0.5169996023178101,0.4727850556373596,-0.04421454668045044,0.00517676118761301,0.08842910826206207,0.5169996023178101,0.4727850556373596,0.24159567058086395,0.28274795413017273,0.2414047122001648,0.24446699023246765
19,S2,BWHvy,local,local,0,local,local,0,0.5324256420135498,0.5152589082717896,-0.017166733741760254,0.0036020539700984955,0.07148902118206024,0.5324256420135498,0.5152589082717896,0.2424202561378479,0.22384248673915863,0.22515413165092468,0.2608986496925354
19,S3,LatCrit,local,local,0,local,local,0,0.5173379778862,0.47314465045928955,-0.0441933274269104,0.00406520813703537,0.08838662505149841,0.5173379778862,0.47314465045928955,0.23711737990379333,0.25215521454811096,0.2455446422100067,0.2747001051902771
19,S3,ComHvy,local,local,0,local,local,0,0.5054842233657837,0.48951059579849243,-0.01597362756729126,0.0005841366946697235,0.03194732964038849,0.5054842233657837,0.48951059579849243,0.23676376044750214,0.24000686407089233,0.2577519416809082,0.27048254013061523
19,S3,BWHvy,local,local,0,local,local,0,0.5151182413101196,0.5102158784866333,-0.004902362823486328,0.003354908898472786,0.061618924140930176,0.5151182413101196,0.5102158784866333,0.26501038670539856,0.2391032874584198,0.2198714017868042,0.2506808638572693
19,S4,LatCrit,local,local,0,BS2,BS2,0,0.510819673538208,0.506706714630127,-0.004112958908081055,0.001595253124833107,0.0422794371843338,0.510819673538208,0.506706714630127,0.1716991811990738,0.15467241406440735,0.3174811601638794,0.3386208713054657
19,S4,ComHvy,local,local,0,BS2,BS2,0,0.5119726061820984,0.5028490424156189,-0.009123563766479492,0.00805983692407608,0.09783315658569336,0.5119726061820984,0.5028490424156189,0.2395016998052597,0.2884182929992676,0.2485256791114807,0.20873267948627472
19,S4,BWHvy,local,local,0,local,local,0,0.4742218852043152,0.4479331970214844,-0.02628868818283081,0.002665456384420395,0.06572036445140839,0.4742218852043152,0.4479331970214844,0.25102490186691284,0.24445341527462006,0.274753212928772,0.30761340260505676
19,S5,LatCrit,local,local,0,BS1,BS1,0,0.39367789030075073,0.4077818989753723,0.014104008674621582,0.007963016629219055,0.109763965010643,0.39367789030075073,0.4077818989753723,0.3575604259967804,0.3026784360408783,0.24876169860363007,0.2895396649837494
19,S5,ComHvy,local,local,0,local,local,0,0.5142379999160767,0.4725721478462219,-0.041665852069854736,0.003478575497865677,0.08333176374435425,0.5142379999160767,0.4725721478462219,0.22104457020759583,0.24086961150169373,0.26471737027168274,0.28655824065208435
19,S5,BWHvy,local,local,0,local,local,0,0.5205497145652771,0.529935359954834,0.009385645389556885,0.0031857751309871674,0.06268933415412903,0.5205497145652771,0.529935359954834,0.22293050587177277,0.2448895424604416,0.25651976466178894,0.22517511248588562
19,S6,LatCrit,local,local,0,BS1,BS1,0,0.5114399194717407,0.541962742805481,0.030522823333740234,0.009196845814585686,0.1171087771654129,0.5114399194717407,0.541962742805481,0.3112186789512634,0.2526642978191376,0.17734140157699585,0.20537297427654266
19,S6,ComHvy,local,local,0,local,local,0,0.4920876622200012,0.5167657732963562,0.02467811107635498,0.001736074686050415,0.04935625195503235,0.4920876622200012,0.5167657732963562,0.23466922342777252,0.212422177195549,0.27324315905570984,0.270812064409256
19,S6,BWHvy,local,local,0,local,local,0,0.4765629768371582,0.47341811656951904,-0.00314486026763916,0.00015874998643994331,0.014960125088691711,0.4765629768371582,0.47341811656951904,0.23831377923488617,0.24579381942749023,0.2851232886314392,0.2807880640029907
19,S7,LatCrit,local,local,0,local,local,0,0.5509670972824097,0.5464890599250793,-0.004478037357330322,9.164679795503616e-05,0.010818570852279663,0.5509670972824097,0.5464890599250793,0.24827224016189575,0.24734099209308624,0.20076066255569458,0.2061699479818344
19,S7,ComHvy,local,local,0,local,local,0,0.5486316680908203,0.5618460178375244,0.013214349746704102,0.0006844501476734877,0.031037181615829468,0.5486316680908203,0.5618460178375244,0.24417421221733093,0.2286556214094162,0.20719411969184875,0.2094983607530594
19,S7,BWHvy,local,local,0,local,local,0,0.5332833528518677,0.5457550883293152,0.01247173547744751,0.000602157786488533,0.02798604965209961,0.5332833528518677,0.5457550883293152,0.24156899750232697,0.24309027194976807,0.22514767944812775,0.21115463972091675
19,S8,LatCrit,local,local,0,BS1,local,1,0.481803834438324,0.4902920722961426,0.008488237857818604,0.016485732048749924,0.13792023062705994,0.481803834438324,0.4902920722961426,0.3254561722278595,0.2564960718154907,0.19273996353149414,0.2532118558883667
19,S8,ComHvy,local,local,0,local,local,0,0.45456838607788086,0.40608298778533936,-0.048485398292541504,0.004824195057153702,0.09697079658508301,0.45456838607788086,0.40608298778533936,0.2517796456813812,0.2751808166503906,0.2936519682407379,0.31873619556427
19,S8,BWHvy,local,local,0,local,local,0,0.4944245219230652,0.44762861728668213,-0.04679590463638306,0.009103156626224518,0.1248471587896347,0.4944245219230652,0.44762861728668213,0.2315094769001007,0.215881809592247,0.2740659713745117,0.33648955821990967
20,S1,LatCrit,local,local,0,local,local,0,0.5430476665496826,0.5276657342910767,-0.015381932258605957,0.0050070807337760925,0.08081777393817902,0.5430476665496826,0.5276657342910767,0.24370330572128296,0.2186763882637024,0.21324898302555084,0.25365790724754333
20,S1,ComHvy,local,local,0,local,local,0,0.5322903394699097,0.5062673687934875,-0.02602297067642212,0.0014766734093427658,0.05204601585865021,0.5322903394699097,0.5062673687934875,0.24508394300937653,0.2531100809574127,0.22262565791606903,0.24062256515026093
20,S1,BWHvy,local,local,0,BS2,BS2,0,0.4594818353652954,0.45912307500839233,-0.00035876035690307617,0.0008981470018625259,0.031346529722213745,0.4594818353652954,0.45912307500839233,0.2490130066871643,0.23369848728179932,0.2915051579475403,0.30717840790748596
20,S2,LatCrit,local,local,0,local,local,0,0.5222797393798828,0.4916670322418213,-0.030612707138061523,0.0021422244608402252,0.06122539937496185,0.5222797393798828,0.4916670322418213,0.21371828019618988,0.21897712349891663,0.2640020251274109,0.2893558740615845
20,S2,ComHvy,local,local,0,local,local,0,0.5386826992034912,0.5044348835945129,-0.03424781560897827,0.0024859104305505753,0.06849569082260132,0.5386826992034912,0.5044348835945129,0.25625741481781006,0.2692667543888092,0.20505984127521515,0.22629837691783905
20,S2,BWHvy,local,local,0,local,local,0,0.5010122060775757,0.5040982365608215,0.0030860304832458496,0.0008092112839221954,0.028462395071983337,0.5010122060775757,0.5040982365608215,0.3240537643432617,0.33519890904426575,0.17493405938148499,0.16070283949375153
20,S3,LatCrit,local,local,0,local,local,0,0.577713668346405,0.5610266327857971,-0.01668703556060791,0.005376443266868591,0.08144441246986389,0.577713668346405,0.5610266327857971,0.22944121062755585,0.2054060399532318,0.19284509122371674,0.23356729745864868
20,S3,ComHvy,local,local,0,BS2,BS2,0,0.44637531042099,0.4441813826560974,-0.002193927764892578,0.001613011583685875,0.04441921412944794,0.44637531042099,0.4441813826560974,0.2844637930393219,0.30667340755462646,0.2691608667373657,0.24914519488811493
20,S3,BWHvy,local,local,0,local,local,0,0.48949843645095825,0.5230075120925903,0.03350907564163208,0.002278123050928116,0.06701813638210297,0.48949843645095825,0.5230075120925903,0.23771503567695618,0.2195075899362564,0.27278655767440796,0.25748494267463684
20,S4,LatCrit,local,local,0,local,local,0,0.5394065380096436,0.518508791923523,-0.020897746086120605,0.0028893547132611275,0.06367063522338867,0.5394065380096436,0.518508791923523,0.20608453452587128,0.2379198670387268,0.254508912563324,0.24357135593891144
20,S4,ComHvy,local,local,0,BS1,BS1,0,0.4762173295021057,0.4525393843650818,-0.023677945137023926,0.0021164650097489357,0.06118963658809662,0.4762173295021057,0.4525393843650818,0.31660711765289307,0.3472019135951996,0.2071755826473236,0.20025868713855743
20,S4,BWHvy,local,local,0,local,local,0,0.5058263540267944,0.5096864700317383,0.0038601160049438477,0.0025356989353895187,0.05196334421634674,0.5058263540267944,0.5096864700317383,0.2186780720949173,0.19269642233848572,0.2754955589771271,0.2976171374320984
20,S5,LatCrit,local,local,0,local,local,0,0.5137051939964294,0.5579496026039124,0.04424440860748291,0.005685731768608093,0.08848878741264343,0.5137051939964294,0.5579496026039124,0.25081950426101685,0.2466178685426712,0.23547527194023132,0.19543252885341644
20,S5,ComHvy,local,local,0,local,local,0,0.5168308019638062,0.501922607421875,-0.014908194541931152,0.0012471489608287811,0.045176491141319275,0.5168308019638062,0.501922607421875,0.20938976109027863,0.20170971751213074,0.27377942204475403,0.29636767506599426
20,S5,BWHvy,local,local,0,local,local,0,0.52281254529953,0.5023058652877808,-0.020506680011749268,0.0014134347438812256,0.04628753662109375,0.52281254529953,0.5023058652877808,0.2204664796590805,0.2178293913602829,0.25672098994255066,0.27986475825309753
20,S6,LatCrit,local,local,0,local,local,0,0.46855610609054565,0.42117810249328613,-0.04737800359725952,0.004738101735711098,0.09475597739219666,0.46855610609054565,0.42117810249328613,0.2761256694793701,0.3081315755844116,0.2553182542324066,0.27069032192230225
20,S6,ComHvy,local,local,0,local,local,0,0.5271757245063782,0.5173697471618652,-0.00980597734451294,0.0020836442708969116,0.05341517925262451,0.5271757245063782,0.5173697471618652,0.18367402255535126,0.16677241027355194,0.2891502380371094,0.31585782766342163
20,S6,BWHvy,local,local,0,local,local,0,0.46632200479507446,0.5225942730903625,0.056272268295288086,0.00683930516242981,0.11254455149173737,0.46632200479507446,0.5225942730903625,0.23776128888130188,0.2230037897825241,0.29591670632362366,0.25440192222595215
20,S7,LatCrit,local,local,0,local,local,0,0.5744824409484863,0.5832407474517822,0.008758306503295898,0.0007267314940690994,0.031430259346961975,0.5744824409484863,0.5832407474517822,0.18259616196155548,0.18955297768115997,0.24292142689228058,0.227206289768219
20,S7,ComHvy,local,local,0,BS2,BS2,0,0.43149542808532715,0.40433281660079956,-0.027162611484527588,0.00530923530459404,0.09684900939464569,0.43149542808532715,0.40433281660079956,0.2677706480026245,0.24650876224040985,0.30073392391204834,0.3491584360599518
20,S7,BWHvy,local,local,0,local,local,0,0.5083303451538086,0.48119133710861206,-0.027139008045196533,0.0015308558940887451,0.054278045892715454,0.5083303451538086,0.48119133710861206,0.21761326491832733,0.23355339467525482,0.2740563750267029,0.2852552831172943
20,S8,LatCrit,local,local,0,local,local,0,0.4926208257675171,0.5265129804611206,0.033892154693603516,0.004056469537317753,0.07732008397579193,0.4926208257675171,0.5265129804611206,0.2845710813999176,0.24591101706027985,0.2228080928325653,0.22757595777511597
20,S8,ComHvy,local,local,0,local,local,0,0.5373398065567017,0.5853817462921143,0.0480419397354126,0.004715375602245331,0.09608389437198639,0.5373398065567017,0.5853817462921143,0.24724304676055908,0.22051025927066803,0.21541714668273926,0.19410797953605652
20,S8,BWHvy,local,local,0,BS1,local,1,0.4611291289329529,0.5091638565063477,0.048034727573394775,0.006633855402469635,0.09606942534446716,0.4611291289329529,0.5091638565063477,0.25669169425964355,0.2550332844257355,0.28217917680740356,0.23580288887023926
21,S1,LatCrit,local,local,0,local,local,0,0.5056723356246948,0.5144943594932556,0.008822023868560791,0.0001567094586789608,0.017644062638282776,0.5056723356246948,0.5144943594932556,0.23914764821529388,0.23535838723182678,0.2551800310611725,0.2501472532749176
21,S1,ComHvy,local,local,0,local,local,0,0.4941452741622925,0.49304652214050293,-0.0010987520217895508,0.0008755289018154144,0.03078475594520569,0.4941452741622925,0.49304652214050293,0.27134451270103455,0.25705090165138245,0.23451018333435059,0.24990257620811462
21,S1,BWHvy,local,local,0,local,local,0,0.5018804669380188,0.4713408946990967,-0.03053957223892212,0.00634002685546875,0.09837278723716736,0.5018804669380188,0.4713408946990967,0.2248687744140625,0.274055153131485,0.2732507884502411,0.25460395216941833
21,S2,LatCrit,local,local,0,local,local,0,0.4389796853065491,0.4138256311416626,-0.025154054164886475,0.004379661753773689,0.08586877584457397,0.4389796853065491,0.4138256311416626,0.273188054561615,0.316122442483902,0.28783226013183594,0.2700519263744354
21,S2,ComHvy,local,local,0,local,local,0,0.47064340114593506,0.47154700756073,0.0009036064147949219,0.0016963426023721695,0.04295140504837036,0.47064340114593506,0.47154700756073,0.25349223613739014,0.23201653361320496,0.2758643627166748,0.29643645882606506
21,S2,BWHvy,local,local,0,local,local,0,0.4509468674659729,0.43725770711898804,-0.013689160346984863,0.00574590265750885,0.09148597717285156,0.4509468674659729,0.43725770711898804,0.2902873754501343,0.25823354721069336,0.2587657570838928,0.3045087456703186
21,S3,LatCrit,local,local,0,local,local,0,0.5196290612220764,0.5264063477516174,0.006777286529541016,0.0002664225175976753,0.017571642994880676,0.5196290612220764,0.5264063477516174,0.18471847474575043,0.1759326457977295,0.29565247893333435,0.2976610064506531
21,S3,ComHvy,local,local,0,local,local,0,0.43401873111724854,0.42084801197052,-0.013170719146728516,0.0003849589265882969,0.026341408491134644,0.43401873111724854,0.42084801197052,0.26665523648262024,0.2758401334285736,0.2993260324001312,0.303311824798584
21,S3,BWHvy,local,local,0,local,local,0,0.48442792892456055,0.486751914024353,0.0023239850997924805,3.5801902413368225e-05,0.007362544536590576,0.48442792892456055,0.486751914024353,0.259805828332901,0.2611631155014038,0.25576624274253845,0.25208497047424316
21,S4,LatCrit,local,local,0,local,local,0,0.5395130515098572,0.5170677900314331,-0.022445261478424072,0.0011320915073156357,0.044890567660331726,0.5395130515098572,0.5170677900314331,0.19482797384262085,0.19884566962718964,0.2656589448451996,0.28408655524253845
21,S4,ComHvy,local,local,0,local,local,0,0.5168931484222412,0.5494556427001953,0.0325624942779541,0.004598334431648254,0.08045458793640137,0.5168931484222412,0.5494556427001953,0.2237667292356491,0.2314314991235733,0.25934016704559326,0.2191128432750702
21,S4,BWHvy,local,local,0,local,local,0,0.47619080543518066,0.46478837728500366,-0.011402428150177002,0.004906460642814636,0.0825200080871582,0.47619080543518066,0.46478837728500366,0.2508700489997864,0.22101247310638428,0.27293914556503296,0.31419914960861206
21,S5,LatCrit,local,local,0,BS1,BS1,0,0.5302218794822693,0.49898988008499146,-0.031231999397277832,0.0019791219383478165,0.06246402859687805,0.5302218794822693,0.49898988008499146,0.25693652033805847,0.27669867873191833,0.21284158527851105,0.2243114560842514
21,S5,ComHvy,local,local,0,local,local,0,0.46401649713516235,0.44808971881866455,-0.015926778316497803,0.000591939315199852,0.03185352683067322,0.46401649713516235,0.44808971881866455,0.2594546675682068,0.26239705085754395,0.27652883529663086,0.2895132005214691
21,S5,BWHvy,local,local,0,local,local,0,0.55483478307724,0.542905330657959,-0.011929452419281006,0.002870256081223488,0.05962422490119934,0.55483478307724,0.542905330657959,0.1952313631772995,0.22504346072673798,0.2499338537454605,0.23205117881298065
21,S6,LatCrit,local,local,0,local,local,0,0.5487419366836548,0.5603984594345093,0.011656522750854492,0.004096595570445061,0.07028105854988098,0.5487419366836548,0.5603984594345093,0.2544907033443451,0.2193501591682434,0.19676735997200012,0.22025135159492493
21,S6,ComHvy,local,local,0,BS2,BS2,0,0.44445085525512695,0.41578662395477295,-0.028664231300354004,0.004679109901189804,0.08647379279136658,0.44445085525512695,0.41578662395477295,0.30527883768081665,0.29070615768432617,0.2502703070640564,0.2935071885585785
21,S6,BWHvy,local,local,0,local,local,0,0.5337229371070862,0.5486415028572083,0.01491856575012207,0.0004486250691115856,0.029837146401405334,0.5337229371070862,0.5486415028572083,0.25965172052383423,0.2512614130973816,0.20662535727024078,0.20009708404541016
21,S7,LatCrit,local,local,0,local,local,0,0.4665638208389282,0.45410609245300293,-0.012457728385925293,0.0006617088802158833,0.03391590714454651,0.4665638208389282,0.45410609245300293,0.310996949672699,0.32795488834381104,0.2224392592906952,0.21793901920318604
21,S7,ComHvy,local,local,0,local,local,0,0.5382174253463745,0.535330057144165,-0.0028873682022094727,0.0010018274188041687,0.032936856150627136,0.5382174253463745,0.535330057144165,0.18619593977928162,0.17261488735675812,0.27558663487434387,0.29205507040023804
21,S7,BWHvy,local,local,0,local,local,0,0.47315049171447754,0.42212867736816406,-0.05102181434631348,0.005364241078495979,0.10204362869262695,0.47315049171447754,0.42212867736816406,0.3064132630825043,0.3312305510044098,0.22043626010417938,0.24664078652858734
21,S8,LatCrit,local,local,0,local,local,0,0.525834858417511,0.5193972587585449,-0.0064375996589660645,0.0022810492664575577,0.052723124623298645,0.525834858417511,0.5193972587585449,0.2250564992427826,0.20513255894184113,0.24910864233970642,0.27547022700309753
21,S8,ComHvy,local,local,0,local,local,0,0.41899657249450684,0.4203493595123291,0.0013527870178222656,9.637651965022087e-05,0.011530280113220215,0.41899657249450684,0.4203493595123291,0.31631800532341003,0.3207303583621979,0.26468542218208313,0.258920282125473
21,S8,BWHvy,local,local,0,local,local,0,0.47126448154449463,0.4480067491531372,-0.023257732391357422,0.004163969308137894,0.08489003777503967,0.47126448154449463,0.4480067491531372,0.22175373136997223,0.202566459774971,0.30698177218437195,0.349426805973053
22,S1,LatCrit,local,local,0,local,BS2,1,0.47115349769592285,0.4205804467201233,-0.05057305097579956,0.007012408226728439,0.1011461466550827,0.47115349769592285,0.4205804467201233,0.2831592559814453,0.28625836968421936,0.24568723142147064,0.29316121339797974
22,S1,ComHvy,local,local,0,local,local,0,0.48771315813064575,0.4792076349258423,-0.008505523204803467,0.0011068955063819885,0.04047754406929016,0.48771315813064575,0.4792076349258423,0.2529953122138977,0.2412620484828949,0.25929155945777893,0.2795303165912628
22,S1,BWHvy,local,local,0,local,local,0,0.5204389095306396,0.5484853982925415,0.028046488761901855,0.0021688472479581833,0.05609296262264252,0.5204389095306396,0.5484853982925415,0.1941472887992859,0.1938096433877945,0.2854137718677521,0.2577049434185028
22,S2,LatCrit,local,local,0,local,local,0,0.445989191532135,0.46341729164123535,0.017428100109100342,0.0033021457493305206,0.07072348892688751,0.445989191532135,0.46341729164123535,0.26953619718551636,0.2874698340892792,0.284474641084671,0.24911288917064667
22,S2,ComHvy,local,local,0,BS2,BS2,0,0.44401228427886963,0.4780349135398865,0.034022629261016846,0.002335401251912117,0.0680452287197113,0.44401228427886963,0.4780349135398865,0.279226154088974,0.26366138458251953,0.27676156163215637,0.2583037316799164
22,S2,BWHvy,local,local,0,local,local,0,0.45957350730895996,0.4575296640396118,-0.0020438432693481445,0.0010637128725647926,0.035888671875,0.45957350730895996,0.4575296640396118,0.2864229679107666,0.3043673038482666,0.25400352478027344,0.23810303211212158
22,S3,LatCrit,local,local,0,local,local,0,0.49849259853363037,0.46013760566711426,-0.03835499286651611,0.0037038028240203857,0.07670998573303223,0.49849259853363037,0.46013760566711426,0.19184035062789917,0.1922813355922699,0.30966705083847046,0.34758105874061584
22,S3,ComHvy,local,local,0,local,local,0,0.5074243545532227,0.5235338807106018,0.01610952615737915,0.0007748269708827138,0.03494083881378174,0.5074243545532227,0.5235338807106018,0.30547836422920227,0.2880079448223114,0.18709725141525269,0.1884581446647644
22,S3,BWHvy,local,local,0,BS1,local,1,0.4485449194908142,0.4715955853462219,0.023050665855407715,0.0012597599998116493,0.046101272106170654,0.4485449194908142,0.4715955853462219,0.2929794192314148,0.27377772331237793,0.258475661277771,0.2546267509460449
22,S4,LatCrit,local,local,0,local,local,0,0.5239014029502869,0.5769742727279663,0.05307286977767944,0.005726512521505356,0.10614572465419769,0.5239014029502869,0.5769742727279663,0.2853337824344635,0.2547920048236847,0.19076478481292725,0.1682337075471878
22,S4,ComHvy,local,local,0,BS1,BS1,0,0.4245576858520508,0.4089674949645996,-0.015590190887451172,0.0006444472237490118,0.03126244246959686,0.4245576858520508,0.4089674949645996,0.3376632034778595,0.3532944321632385,0.23777911067008972,0.23773808777332306
22,S4,BWHvy,local,local,0,local,local,0,0.532471776008606,0.5477839708328247,0.01531219482421875,0.001074110739864409,0.031588584184646606,0.532471776008606,0.5477839708328247,0.1560257077217102,0.14023146033287048,0.31150245666503906,0.3119845986366272
22,S5,LatCrit,local,local,0,BS1,BS1,0,0.5196657180786133,0.5510396957397461,0.03137397766113281,0.0019828742370009422,0.06274794042110443,0.5196657180786133,0.5510396957397461,0.2321173995733261,0.21733799576759338,0.2482168823480606,0.23162232339382172
22,S5,ComHvy,local,local,0,local,local,0,0.5028048753738403,0.477853000164032,-0.02495187520980835,0.001960188150405884,0.049903735518455505,0.5028048753738403,0.477853000164032,0.30878910422325134,0.3106003701686859,0.1884060502052307,0.2115466445684433
22,S5,BWHvy,local,local,0,BS2,BS2,0,0.4677683115005493,0.4696236848831177,0.0018553733825683594,0.00022567668929696083,0.017179131507873535,0.4677683115005493,0.4696236848831177,0.28664979338645935,0.2780602276325226,0.24558189511299133,0.25231608748435974
22,S6,LatCrit,local,local,0,local,local,0,0.4596123695373535,0.44463926553726196,-0.014973104000091553,0.0014380086213350296,0.04737943410873413,0.4596123695373535,0.44463926553726196,0.2503052353858948,0.27399492263793945,0.2900824248790741,0.2813657820224762
22,S6,ComHvy,local,local,0,local,local,0,0.5383381843566895,0.5176404714584351,-0.020697712898254395,0.0010678586550056934,0.041395366191864014,0.5383381843566895,0.5176404714584351,0.20962832868099213,0.22626261413097382,0.2520335018634796,0.25609686970710754
22,S6,BWHvy,local,local,0,local,local,0,0.5056591629981995,0.5166710615158081,0.011011898517608643,0.0010463260114192963,0.03967931866645813,0.5056591629981995,0.5166710615158081,0.22076955437660217,0.229597270488739,0.27357131242752075,0.2537316083908081
22,S7,LatCrit,local,local,0,local,local,0,0.5077162981033325,0.5013951063156128,-0.0063211917877197266,0.00047527533024549484,0.026811957359313965,0.5077162981033325,0.5013951063156128,0.21910519897937775,0.2120204120874405,0.27317848801612854,0.2865844666957855
22,S7,ComHvy,local,local,0,local,local,0,0.5086463689804077,0.5243736505508423,0.01572728157043457,0.0010980230290442705,0.036004334688186646,0.5086463689804077,0.5243736505508423,0.2025466412305832,0.1845444291830063,0.2888070344924927,0.29108187556266785
22,S7,BWHvy,local,local,0,local,local,0,0.45866358280181885,0.4274386763572693,-0.03122490644454956,0.0028178123757243156,0.06599470973014832,0.45866358280181885,0.4274386763572693,0.29890090227127075,0.3318982422351837,0.2424355149269104,0.2406630516052246
22,S8,LatCrit,local,local,0,local,local,0,0.5255993604660034,0.5617915391921997,0.03619217872619629,0.002773141488432884,0.07238438725471497,0.5255993604660034,0.5617915391921997,0.2494935542345047,0.22540655732154846,0.2249070554971695,0.21280184388160706
22,S8,ComHvy,local,local,0,local,local,0,0.5336176156997681,0.5852956771850586,0.05167806148529053,0.005738336592912674,0.10335616767406464,0.5336176156997681,0.5852956771850586,0.2451489269733429,0.21064269542694092,0.22123350203037262,0.2040616273880005
22,S8,BWHvy,local,local,0,local,local,0,0.42794978618621826,0.40851831436157227,-0.019431471824645996,0.0018939757719635963,0.0585927814245224,0.42794978618621826,0.40851831436157227,0.328445702791214,0.3577421009540558,0.24360446631908417,0.23373955488204956
23,S1,LatCrit,local,local,0,BS1,BS1,0,0.4938461184501648,0.4896978735923767,-0.004148244857788086,0.00024441909044981003,0.018872037529945374,0.4938461184501648,0.4896978735923767,0.25121232867240906,0.24592454731464386,0.25494155287742615,0.26437756419181824
23,S1,ComHvy,local,local,0,local,local,0,0.4278174042701721,0.44551020860671997,0.01769280433654785,0.000668765977025032,0.0353856086730957,0.4278174042701721,0.44551020860671997,0.27091357111930847,0.2595475912094116,0.3012690544128418,0.2949422299861908
23,S1,BWHvy,local,local,0,local,local,0,0.5164271593093872,0.5308623313903809,0.014435172080993652,0.0017000529915094376,0.04891097545623779,0.5164271593093872,0.5308623313903809,0.23625999689102173,0.24628028273582458,0.24731287360191345,0.22285735607147217
23,S2,LatCrit,local,local,0,local,local,0,0.4823346734046936,0.4560282230377197,-0.026306450366973877,0.0014068065211176872,0.05261293053627014,0.4823346734046936,0.4560282230377197,0.27004075050354004,0.28587523102760315,0.24762457609176636,0.2580965757369995
23,S2,ComHvy,local,local,0,BS2,BS2,0,0.4869038462638855,0.5000095367431641,0.013105690479278564,0.00037339841946959496,0.02621138095855713,0.4869038462638855,0.5000095367431641,0.2279268056154251,0.21942798793315887,0.2851693332195282,0.28056246042251587
23,S2,BWHvy,local,local,0,BS2,BS2,0,0.4426797032356262,0.4102683663368225,-0.03241133689880371,0.003982912749052048,0.083394855260849,0.4426797032356262,0.4102683663368225,0.24447135627269745,0.23518528044223785,0.31284892559051514,0.35454636812210083
23,S3,LatCrit,local,local,0,local,local,0,0.4947119951248169,0.4888046979904175,-0.005907297134399414,0.0002268997486680746,0.01592347025871277,0.4947119951248169,0.4888046979904175,0.1659081131219864,0.17386986315250397,0.3393798768520355,0.33732545375823975
23,S3,ComHvy,local,local,0,local,local,0,0.4761408567428589,0.47840797901153564,0.002267122268676758,0.004032919183373451,0.06710481643676758,0.4761408567428589,0.47840797901153564,0.29253554344177246,0.25898313522338867,0.23132362961769104,0.26260891556739807
23,S3,BWHvy,local,local,0,local,local,0,0.5000675916671753,0.5150450468063354,0.014977455139160156,0.0006169647094793618,0.029954910278320312,0.5000675916671753,0.5150450468063354,0.28844350576400757,0.27357277274131775,0.21148888766765594,0.2113821655511856
23,S4,LatCrit,local,local,0,local,local,0,0.4746110439300537,0.4732058048248291,-0.0014052391052246094,0.0001369980163872242,0.013289675116539001,0.4746110439300537,0.4732058048248291,0.21726974844932556,0.21203012764453888,0.3081192076206207,0.31476402282714844
23,S4,ComHvy,local,local,0,local,local,0,0.5039044618606567,0.5073609352111816,0.0034564733505249023,0.0038789138197898865,0.06520387530326843,0.5039044618606567,0.5073609352111816,0.20678208768367767,0.2359275370836258,0.2893134653568268,0.25671151280403137
23,S4,BWHvy,local,local,0,BS1,BS1,0,0.448622465133667,0.4620512127876282,0.013428747653961182,0.001980328932404518,0.052528321743011475,0.448622465133667,0.4620512127876282,0.24424263834953308,0.21797847747802734,0.3071348965167999,0.3199703097343445
23,S5,LatCrit,local,local,0,local,local,0,0.5556607246398926,0.5369046926498413,-0.01875603199005127,0.0019398629665374756,0.054355427622795105,0.5556607246398926,0.5369046926498413,0.2387683242559433,0.26594600081443787,0.2055710107088089,0.19714929163455963
23,S5,ComHvy,local,local,0,local,local,0,0.4623769521713257,0.4649823307991028,0.0026053786277770996,0.0001769019290804863,0.015896767377853394,0.4623769521713257,0.4649823307991028,0.2572352886199951,0.2625782787799835,0.2803877890110016,0.2724393904209137
23,S5,BWHvy,local,local,0,local,local,0,0.5012493133544922,0.4990426301956177,-0.0022066831588745117,0.0004902910441160202,0.024129122495651245,0.5012493133544922,0.4990426301956177,0.24181558191776276,0.2538801431655884,0.25693508982658386,0.24707721173763275
23,S6,LatCrit,local,local,0,local,local,0,0.4778323769569397,0.4956761598587036,0.017843782901763916,0.0016643228009343147,0.05188700556755066,0.4778323769569397,0.4956761598587036,0.2988595962524414,0.2729160785675049,0.22330805659294128,0.2314077615737915
23,S6,ComHvy,local,local,0,local,local,0,0.46484923362731934,0.4654918909072876,0.0006426572799682617,8.560949936509132e-06,0.0034952163696289062,0.46484923362731934,0.4654918909072876,0.26115790009498596,0.2594102919101715,0.2739928662776947,0.2750978171825409
23,S6,BWHvy,local,local,0,local,local,0,0.4777066707611084,0.45267432928085327,-0.025032341480255127,0.0015529878437519073,0.05006469786167145,0.4777066707611084,0.45267432928085327,0.2444724291563034,0.2470742166042328,0.277820885181427,0.30025145411491394
23,S7,LatCrit,local,local,0,local,local,0,0.4877287745475769,0.49787694215774536,0.010148167610168457,0.0003223884850740433,0.020296365022659302,0.4877287745475769,0.49787694215774536,0.2804568409919739,0.28022050857543945,0.2318144142627716,0.22190254926681519
23,S7,ComHvy,local,local,0,local,local,0,0.4434894919395447,0.4430084228515625,-0.00048106908798217773,0.0001485329121351242,0.01326054334640503,0.4434894919395447,0.4430084228515625,0.2432827204465866,0.23713351786136627,0.3132277727127075,0.31985804438591003
23,S7,BWHvy,local,local,0,local,local,0,0.47437381744384766,0.47232580184936523,-0.002048015594482422,6.036902777850628e-05,0.009702131152153015,0.47437381744384766,0.47232580184936523,0.3116767406463623,0.316527783870697,0.21394945681095123,0.21114638447761536
23,S8,LatCrit,local,local,0,local,local,0,0.4360808730125427,0.42525923252105713,-0.010821640491485596,0.0012217294424772263,0.044809162616729736,0.4360808730125427,0.42525923252105713,0.27936750650405884,0.26778459548950195,0.28455159068107605,0.3069562017917633
23,S8,ComHvy,local,local,0,local,local,0,0.4821627140045166,0.4571625590324402,-0.025000154972076416,0.001415126956999302,0.050000324845314026,0.4821627140045166,0.4571625590324402,0.22990088164806366,0.24769443273544312,0.28793638944625854,0.2951430082321167
23,S8,BWHvy,local,local,0,local,local,0,0.5223264694213867,0.5116530656814575,-0.0106734037399292,0.00040580611675977707,0.025544345378875732,0.5223264694213867,0.5116530656814575,0.1990383118391037,0.19693954288959503,0.2786352038383484,0.29140737652778625
24,S1,LatCrit,local,local,0,local,local,0,0.5238591432571411,0.5025458335876465,-0.02131330966949463,0.0015305522829294205,0.04670502245426178,0.5238591432571411,0.5025458335876465,0.23818090558052063,0.23614171147346497,0.23795996606349945,0.26131248474121094
24,S1,ComHvy,local,local,0,local,local,0,0.4963557720184326,0.4946379065513611,-0.0017178654670715332,0.010828502476215363,0.10591866075992584,0.4963557720184326,0.4946379065513611,0.2661805748939514,0.21493910253047943,0.23746365308761597,0.2904229760169983
24,S1,BWHvy,local,local,0,local,local,0,0.4793320298194885,0.47543787956237793,-0.0038941502571105957,0.003354908898472786,0.06292377412319183,0.4793320298194885,0.47543787956237793,0.24588899314403534,0.27735087275505066,0.27477899193763733,0.2472112476825714
24,S2,LatCrit,local,local,0,local,local,0,0.49517184495925903,0.5133832097053528,0.01821136474609375,0.000757644884288311,0.0364227294921875,0.49517184495925903,0.5133832097053528,0.2977695167064667,0.2916392683982849,0.2070586234331131,0.1949775069952011
24,S2,ComHvy,local,local,0,local,local,0,0.4796956181526184,0.5074553489685059,0.02775973081588745,0.0015788087621331215,0.05551944673061371,0.4796956181526184,0.5074553489685059,0.2554231584072113,0.23884443938732147,0.2648811936378479,0.2537001967430115
24,S2,BWHvy,local,local,0,BS1,BS1,0,0.4431660771369934,0.432367205619812,-0.010798871517181396,0.0009209718555212021,0.03703150153160095,0.4431660771369934,0.432367205619812,0.23501282930374146,0.2535285949707031,0.32182109355926514,0.31410422921180725
24,S3,LatCrit,local,local,0,local,local,0,0.5091592073440552,0.48112332820892334,-0.028035879135131836,0.002339447382837534,0.05607180297374725,0.5091592073440552,0.48112332820892334,0.20677611231803894,0.23297972977161407,0.2840646505355835,0.2858969569206238
24,S3,ComHvy,local,local,0,local,local,0,0.5632231831550598,0.5609314441680908,-0.002291738986968994,0.0004519028589129448,0.021559938788414,0.5632231831550598,0.5609314441680908,0.2867836356163025,0.2975636422634125,0.1499931514263153,0.14150495827198029
24,S3,BWHvy,local,local,0,local,local,0,0.5179741382598877,0.538657009601593,0.020682871341705322,0.0029695704579353333,0.06280824542045593,0.5179741382598877,0.538657009601593,0.23153984546661377,0.200135737657547,0.25048598647117615,0.26120725274086
24,S4,LatCrit,local,local,0,local,local,0,0.5248808860778809,0.582491397857666,0.057610511779785156,0.008361213840544224,0.1152210384607315,0.5248808860778809,0.582491397857666,0.21683533489704132,0.17353469133377075,0.258283793926239,0.24397391080856323
24,S4,ComHvy,local,local,0,local,local,0,0.4893033504486084,0.4708806872367859,-0.01842266321182251,0.0013355445116758347,0.04350678622722626,0.4893033504486084,0.4708806872367859,0.2785390019416809,0.2752082645893097,0.2321576625108719,0.2539110481739044
24,S4,BWHvy,local,local,0,local,local,0,0.4844799041748047,0.4808076024055481,-0.003672301769256592,0.0014522131532430649,0.04100809991359711,0.4844799041748047,0.4808076024055481,0.1811198741197586,0.16428813338279724,0.3344002068042755,0.35490426421165466
24,S5,LatCrit,local,local,0,local,local,0,0.4675704836845398,0.492306649684906,0.02473616600036621,0.001902940683066845,0.04947233200073242,0.4675704836845398,0.492306649684906,0.24826042354106903,0.2239847034215927,0.28416907787323,0.2837086319923401
24,S5,ComHvy,local,local,0,local,local,0,0.5304287672042847,0.48574644327163696,-0.044682323932647705,0.004077449440956116,0.08936464786529541,0.5304287672042847,0.48574644327163696,0.23279006779193878,0.25011852383613586,0.23678113520145416,0.2641350030899048
24,S5,BWHvy,local,local,0,local,local,0,0.41972649097442627,0.41869133710861206,-0.001035153865814209,5.07221557199955e-05,0.008559763431549072,0.41972649097442627,0.41869133710861206,0.2877559959888458,0.2845112681388855,0.2925175130367279,0.29679739475250244
24,S6,LatCrit,local,local,0,local,local,0,0.4768937826156616,0.4913831949234009,0.014489412307739258,0.002134053036570549,0.05589777231216431,0.4768937826156616,0.4913831949234009,0.256675660610199,0.27013513445854187,0.2664305567741394,0.23848167061805725
24,S6,ComHvy,local,local,0,local,local,0,0.49949735403060913,0.48625826835632324,-0.013239085674285889,0.00035088183358311653,0.026478156447410583,0.49949735403060913,0.48625826835632324,0.23743866384029388,0.2435137927532196,0.2630639672279358,0.27022790908813477
24,S6,BWHvy,local,local,0,BS2,local,1,0.3861657977104187,0.4042361378669739,0.018070340156555176,0.005302984267473221,0.09285756945610046,0.3861657977104187,0.4042361378669739,0.27775055170059204,0.3061089813709259,0.33608368039131165,0.2896548807621002
24,S7,LatCrit,local,local,0,local,local,0,0.5484541654586792,0.5634979009628296,0.01504373550415039,0.0026679392904043198,0.056051239371299744,0.5484541654586792,0.5634979009628296,0.20259180665016174,0.17456616461277008,0.24895405769348145,0.26193591952323914
24,S7,ComHvy,local,local,0,local,local,0,0.528566837310791,0.5257577896118164,-0.0028090476989746094,2.0224819309078157e-05,0.005618050694465637,0.528566837310791,0.5257577896118164,0.2696629464626312,0.27227336168289185,0.20177023112773895,0.20196881890296936
24,S7,BWHvy,local,local,0,local,local,0,0.5230317115783691,0.49110203981399536,-0.03192967176437378,0.002042957581579685,0.06385938823223114,0.5230317115783691,0.49110203981399536,0.26332083344459534,0.27998149394989014,0.21364744007587433,0.2289164960384369
24,S8,LatCrit,local,local,0,local,local,0,0.4926011562347412,0.5260053277015686,0.03340417146682739,0.005796552635729313,0.0960734635591507,0.4926011562347412,0.5260053277015686,0.30698201060295105,0.2589452564716339,0.20041686296463013,0.2150494009256363
24,S8,ComHvy,local,local,0,local,local,0,0.5082907676696777,0.5085760951042175,0.0002853274345397949,6.376230157911777e-05,0.008186325430870056,0.5082907676696777,0.5085760951042175,0.24247655272483826,0.23838341236114502,0.24923266470432281,0.25304052233695984
24,S8,BWHvy,local,local,0,BS2,BS2,0,0.39746493101119995,0.37046027183532715,-0.027004659175872803,0.004176191985607147,0.0826762318611145,0.39746493101119995,0.37046027183532715,0.3350785970687866,0.3207451403141022,0.2674564719200134,0.3087945878505707
25,S1,LatCrit,local,local,0,local,local,0,0.4968567490577698,0.47249680757522583,-0.024359941482543945,0.0021759551018476486,0.06017318367958069,0.4968567490577698,0.47249680757522583,0.21759158372879028,0.2118649184703827,0.28555166721343994,0.3156382441520691
25,S1,ComHvy,local,local,0,local,local,0,0.46627652645111084,0.423992395401001,-0.04228413105010986,0.005124155431985855,0.08923384547233582,0.46627652645111084,0.423992395401001,0.23901817202568054,0.2366853952407837,0.29470527172088623,0.33932220935821533
25,S1,BWHvy,local,local,0,local,local,0,0.5493559241294861,0.5828925967216492,0.033536672592163086,0.002571030519902706,0.06707334518432617,0.5493559241294861,0.5828925967216492,0.2295359969139099,0.205185666680336,0.221108078956604,0.21192173659801483
25,S2,LatCrit,local,local,0,local,local,0,0.4900086522102356,0.4965152144432068,0.006506562232971191,0.001243850216269493,0.0402664989233017,0.4900086522102356,0.4965152144432068,0.2595537602901459,0.27318045496940613,0.25043758749961853,0.23030434548854828
25,S2,ComHvy,local,local,0,local,local,0,0.45929306745529175,0.5030263066291809,0.04373323917388916,0.003900595009326935,0.08746650815010071,0.45929306745529175,0.5030263066291809,0.23798024654388428,0.2147204577922821,0.30272671580314636,0.282253235578537
25,S2,BWHvy,local,local,0,BS2,BS1,1,0.47487348318099976,0.41761350631713867,-0.057259976863861084,0.012371624819934368,0.13459086418151855,0.47487348318099976,0.41761350631713867,0.22429955005645752,0.2915949821472168,0.30082693696022034,0.29079148173332214
25,S3,LatCrit,local,local,0,BS2,BS2,0,0.48227620124816895,0.48337650299072266,0.001100301742553711,0.00042715203016996384,0.020349055528640747,0.48227620124816895,0.48337650299072266,0.1372341513633728,0.14630839228630066,0.38048964738845825,0.3703151345252991
25,S3,ComHvy,local,local,0,local,local,0,0.46986913681030273,0.4824327826499939,0.012563645839691162,0.00032293074764311314,0.025127336382865906,0.46986913681030273,0.4824327826499939,0.3475724458694458,0.33810895681381226,0.18255844712257385,0.17945824563503265
25,S3,BWHvy,local,local,0,local,local,0,0.5146061778068542,0.5524701476097107,0.037863969802856445,0.0029178299009799957,0.07572795450687408,0.5146061778068542,0.5524701476097107,0.19967857003211975,0.1816093474626541,0.285715252161026,0.265920490026474
25,S4,LatCrit,local,local,0,BS2,local,1,0.4557451009750366,0.47337424755096436,0.017629146575927734,0.0019394848495721817,0.05280035734176636,0.4557451009750366,0.47337424755096436,0.290597140789032,0.2993681728839874,0.2536577582359314,0.22725757956504822
25,S4,ComHvy,local,local,0,local,local,0,0.4638805389404297,0.4554586410522461,-0.008421897888183594,0.002242954447865486,0.05494984984397888,0.4638805389404297,0.4554586410522461,0.31223008036613464,0.29317706823349,0.22388935089111328,0.2513642907142639
25,S4,BWHvy,local,local,0,local,local,0,0.558761477470398,0.5568780899047852,-0.001883387565612793,0.0025410037487745285,0.04809792339801788,0.558761477470398,0.5568780899047852,0.1651972085237503,0.18924617767333984,0.27604126930236816,0.2538757026195526
25,S5,LatCrit,local,local,0,local,local,0,0.5556089878082275,0.5734647512435913,0.01785576343536377,0.0008358722552657127,0.035711511969566345,0.5556089878082275,0.5734647512435913,0.21816566586494446,0.21557563543319702,0.2262253612279892,0.21095964312553406
25,S5,ComHvy,local,local,0,local,local,0,0.5087943077087402,0.4950844645500183,-0.013709843158721924,0.000462433323264122,0.02741973102092743,0.5087943077087402,0.4950844645500183,0.2269631177186966,0.22857731580734253,0.2642425298690796,0.27633821964263916
25,S5,BWHvy,local,local,0,local,local,0,0.47717106342315674,0.4481731653213501,-0.02899789810180664,0.0033911913633346558,0.07266104221343994,0.47717106342315674,0.4481731653213501,0.2683948576450348,0.26106223464012146,0.25443410873413086,0.29076462984085083
25,S6,LatCrit,local,local,0,local,local,0,0.4780381917953491,0.4621090292930603,-0.01592916250228882,0.006785890087485313,0.09911465644836426,0.4780381917953491,0.4621090292930603,0.29392772912979126,0.3434850573539734,0.22803407907485962,0.1944059133529663
25,S6,ComHvy,local,local,0,local,local,0,0.4887045621871948,0.5170708894729614,0.0283663272857666,0.0019694846123456955,0.05673263967037201,0.4887045621871948,0.5170708894729614,0.22348268330097198,0.22009310126304626,0.287812739610672,0.2628360092639923
25,S6,BWHvy,local,local,0,local,local,0,0.46549493074417114,0.48811352252960205,0.022618591785430908,0.0018976163119077682,0.0509638786315918,0.46549493074417114,0.48811352252960205,0.27698370814323425,0.27984705567359924,0.257521390914917,0.2320394515991211
25,S7,LatCrit,local,local,0,local,local,0,0.5137225985527039,0.5133039951324463,-0.00041860342025756836,4.0242914110422134e-05,0.006640195846557617,0.5137225985527039,0.5133039951324463,0.2372703105211258,0.2405904084444046,0.24900710582733154,0.2461056113243103
25,S7,ComHvy,local,local,0,local,local,0,0.47387266159057617,0.4570450782775879,-0.01682758331298828,0.0005827061831951141,0.03365519642829895,0.47387266159057617,0.4570450782775879,0.20460925996303558,0.20928384363651276,0.32151806354522705,0.33367109298706055
25,S7,BWHvy,local,local,0,local,BS1,1,0.4696305990219116,0.45648086071014404,-0.013149738311767578,0.0012805117294192314,0.04733538627624512,0.4696305990219116,0.45648086071014404,0.33434730768203735,0.3580150008201599,0.19602209329605103,0.18550413846969604
25,S8,LatCrit,local,local,0,local,local,0,0.485493540763855,0.5283840894699097,0.04289054870605469,0.004469346255064011,0.0857810527086258,0.485493540763855,0.5283840894699097,0.2664915919303894,0.2572730779647827,0.2480148822069168,0.2143428921699524
25,S8,ComHvy,local,local,0,local,local,0,0.5268695950508118,0.5383020639419556,0.011432468891143799,0.00209053885191679,0.053423985838890076,0.5268695950508118,0.5383020639419556,0.2682685852050781,0.24155659973621368,0.2048618048429489,0.22014133632183075
25,S8,BWHvy,local,local,0,local,local,0,0.4768325090408325,0.5068685412406921,0.03003603219985962,0.006110038608312607,0.09272883832454681,0.4768325090408325,0.5068685412406921,0.26387128233909607,0.28019967675209045,0.2592962086200714,0.2129317969083786
26,S1,LatCrit,local,local,0,local,local,0,0.5580601096153259,0.5478492975234985,-0.010210812091827393,0.00035055913031101227,0.02042160928249359,0.5580601096153259,0.5478492975234985,0.28069519996643066,0.2816806733608246,0.1612447053194046,0.17047002911567688
26,S1,ComHvy,local,local,0,BS2,BS2,0,0.5240398049354553,0.5186684131622314,-0.005371391773223877,0.0009936727583408356,0.03573353588581085,0.5240398049354553,0.5186684131622314,0.18975110352039337,0.17725571990013123,0.2862091064453125,0.30407586693763733
26,S1,BWHvy,local,local,0,local,local,0,0.46929609775543213,0.46411699056625366,-0.005179107189178467,0.00037505989894270897,0.024117887020111084,0.46929609775543213,0.46411699056625366,0.284957617521286,0.29701659083366394,0.24574626982212067,0.23886646330356598
26,S2,LatCrit,local,local,0,local,local,0,0.6257505416870117,0.6403172016143799,0.014566659927368164,0.0017995163798332214,0.04049534350633621,0.6257505416870117,0.6403172016143799,0.2294609695672989,0.23514196276664734,0.14478853344917297,0.12454084306955338
26,S2,ComHvy,local,local,0,local,local,0,0.44617486000061035,0.47975045442581177,0.033575594425201416,0.0024094684049487114,0.06715118885040283,0.44617486000061035,0.47975045442581177,0.2864287495613098,0.2631068527698517,0.26739639043807983,0.25714269280433655
26,S2,BWHvy,local,local,0,local,local,0,0.5058401823043823,0.4801279306411743,-0.025712251663208008,0.0029015876352787018,0.06041388213634491,0.5058401823043823,0.4801279306411743,0.1882636696100235,0.21847063302993774,0.305896133184433,0.3014014661312103
26,S3,LatCrit,local,local,0,local,local,0,0.5832849144935608,0.5763183236122131,-0.006966590881347656,0.0007009981200098991,0.027426093816757202,0.5832849144935608,0.5763183236122131,0.155784010887146,0.1694970726966858,0.2609310448169708,0.2541846036911011
26,S3,ComHvy,local,local,0,BS1,BS1,0,0.47612500190734863,0.4599674344062805,-0.016157567501068115,0.0010528643615543842,0.042879849672317505,0.47612500190734863,0.4599674344062805,0.3115449845790863,0.33298489451408386,0.21233002841472626,0.20704765617847443
26,S3,BWHvy,local,local,0,local,local,0,0.5158631801605225,0.5499829053878784,0.03411972522735596,0.0030442397110164165,0.06823943555355072,0.5158631801605225,0.5499829053878784,0.22935913503170013,0.20113156735897064,0.2547776401042938,0.24888549745082855
26,S4,LatCrit,local,local,0,local,local,0,0.5438283681869507,0.5164197683334351,-0.027408599853515625,0.004859577864408493,0.08507058024406433,0.5438283681869507,0.5164197683334351,0.23537346720695496,0.2202467918395996,0.22079813480377197,0.26333343982696533
26,S4,ComHvy,local,local,0,local,local,0,0.4554196000099182,0.4557282328605652,0.00030863285064697266,0.0023642592132091522,0.05100882053375244,0.4554196000099182,0.4557282328605652,0.2617185413837433,0.28691431879997253,0.2828618586063385,0.2573574483394623
26,S4,BWHvy,local,local,0,local,local,0,0.44434261322021484,0.44234251976013184,-0.002000093460083008,0.00026850588619709015,0.01912379264831543,0.44434261322021484,0.44234251976013184,0.23620060086250305,0.22863879799842834,0.3194567859172821,0.3290186822414398
26,S5,LatCrit,local,local,0,local,local,0,0.5390170812606812,0.5392197370529175,0.00020265579223632812,0.0043680015951395035,0.06284292042255402,0.5390170812606812,0.5392197370529175,0.21623849868774414,0.18481700122356415,0.2447444498538971,0.2759632170200348
26,S5,ComHvy,local,local,0,local,local,0,0.47782599925994873,0.4189298152923584,-0.05889618396759033,0.007997304201126099,0.11779236793518066,0.47782599925994873,0.4189298152923584,0.24879872798919678,0.2594255208969116,0.2733752727508545,0.32164466381073
26,S5,BWHvy,local,local,0,local,local,0,0.5042051076889038,0.5207493305206299,0.016544222831726074,0.0005737356841564178,0.03308844566345215,0.5042051076889038,0.5207493305206299,0.2530595064163208,0.24705737829208374,0.2427353858947754,0.23219329118728638
26,S6,LatCrit,local,local,0,local,local,0,0.4716656804084778,0.496491014957428,0.024825334548950195,0.00221530394628644,0.056151703000068665,0.4716656804084778,0.496491014957428,0.270937979221344,0.24286212027072906,0.2573963403701782,0.26064684987068176
26,S6,ComHvy,local,local,0,local,local,0,0.5845458507537842,0.5841997861862183,-0.00034606456756591797,0.0021655429154634476,0.04260663688182831,0.5845458507537842,0.5841997861862183,0.20235291123390198,0.18139562010765076,0.21310128271579742,0.2344045639038086
26,S6,BWHvy,local,local,0,local,local,0,0.4729931950569153,0.463895320892334,-0.009097874164581299,0.00029550015460699797,0.020426005125045776,0.4729931950569153,0.463895320892334,0.24812844395637512,0.2583414316177368,0.278878390789032,0.2777632474899292
26,S7,LatCrit,local,local,0,local,local,0,0.5208519697189331,0.5457199811935425,0.024868011474609375,0.001340515911579132,0.04973602294921875,0.5208519697189331,0.5457199811935425,0.22521944344043732,0.21808499097824097,0.25392863154411316,0.23619507253170013
26,S7,ComHvy,local,local,0,local,local,0,0.5237064957618713,0.54423987865448,0.020533382892608643,0.0009477939456701279,0.041066765785217285,0.5237064957618713,0.54423987865448,0.2693702280521393,0.2623715400695801,0.20692329108715057,0.19338859617710114
26,S7,BWHvy,local,local,0,local,local,0,0.5927166938781738,0.5616542100906372,-0.03106248378753662,0.0038764942437410355,0.07861152291297913,0.5927166938781738,0.5616542100906372,0.2489621341228485,0.2882678806781769,0.15832121670246124,0.1500779241323471
26,S8,LatCrit,local,local,0,BS2,BS2,0,0.48160576820373535,0.4794608950614929,-0.0021448731422424316,0.0071953460574150085,0.08839651942253113,0.48160576820373535,0.4794608950614929,0.2665696442127228,0.22451624274253845,0.25182458758354187,0.29602283239364624
26,S8,ComHvy,local,local,0,local,local,0,0.5534626245498657,0.5212363004684448,-0.0322263240814209,0.002703526057302952,0.06445258855819702,0.5534626245498657,0.5212363004684448,0.2143624871969223,0.24241986870765686,0.23217493295669556,0.23634381592273712
26,S8,BWHvy,BS2,BS2,0,local,local,0,0.3538322448730469,0.3927909731864929,0.038958728313446045,0.003236517310142517,0.07791745662689209,0.3535003662109375,0.33024853467941284,0.2926673889160156,0.27696049213409424,0.3538322448730469,0.3927909731864929
27,S1,LatCrit,local,local,0,local,local,0,0.5592591762542725,0.5488040447235107,-0.010455131530761719,0.000721413642168045,0.03099016845226288,0.5592591762542725,0.5488040447235107,0.23996523022651672,0.23492531478405,0.20077556371688843,0.21627068519592285
27,S1,ComHvy,local,local,0,local,local,0,0.526466965675354,0.5713200569152832,0.0448530912399292,0.004507860168814659,0.08970621228218079,0.526466965675354,0.5713200569152832,0.2484031319618225,0.21573705971240997,0.22512993216514587,0.21294288337230682
27,S1,BWHvy,local,local,0,local,local,0,0.45260322093963623,0.43486809730529785,-0.01773512363433838,0.0008918885141611099,0.035470277070999146,0.45260322093963623,0.43486809730529785,0.27187198400497437,0.27207818627357483,0.2755247950553894,0.2930537462234497
27,S2,LatCrit,local,local,0,local,local,0,0.5222522020339966,0.5256222486495972,0.003370046615600586,0.0005640704184770584,0.024746030569076538,0.5222522020339966,0.5256222486495972,0.2844167649745941,0.2934197187423706,0.19333107769489288,0.18095804750919342
27,S2,ComHvy,local,local,0,local,local,0,0.4933518171310425,0.48206067085266113,-0.011291146278381348,0.0012083835899829865,0.04377266764640808,0.4933518171310425,0.48206067085266113,0.2750800549983978,0.2969663739204407,0.2315681278705597,0.2209729254245758
27,S2,BWHvy,local,local,0,local,local,0,0.4949040412902832,0.4725773334503174,-0.02232670783996582,0.0015372652560472488,0.04854971170425415,0.4949040412902832,0.4725773334503174,0.22935602068901062,0.22740787267684937,0.2757399380207062,0.30001479387283325
27,S3,LatCrit,local,local,0,local,local,0,0.5731561779975891,0.5824276208877563,0.009271442890167236,0.0016457568854093552,0.04524889588356018,0.5731561779975891,0.5824276208877563,0.17753317952156067,0.19088619947433472,0.24931062757968903,0.22668619453907013
27,S3,ComHvy,local,local,0,local,local,0,0.46982598304748535,0.4726995825767517,0.0028735995292663574,0.0021618232131004333,0.05014728009700775,0.46982598304748535,0.4726995825767517,0.26215705275535583,0.23708342015743256,0.2680169641971588,0.29021701216697693
27,S3,BWHvy,local,local,0,local,local,0,0.5356502532958984,0.5538103580474854,0.018160104751586914,0.0007686724420636892,0.036320194602012634,0.5356502532958984,0.5538103580474854,0.24924439191818237,0.23480620980262756,0.2151053547859192,0.21138344705104828
27,S4,LatCrit,local,local,0,local,local,0,0.5076533555984497,0.4844118356704712,-0.023241519927978516,0.0029701702296733856,0.06939668953418732,0.5076533555984497,0.4844118356704712,0.23254378139972687,0.22108694911003113,0.2598028779029846,0.2945012152194977
27,S4,ComHvy,local,local,0,local,local,0,0.47599393129348755,0.48055875301361084,0.004564821720123291,0.0032783709466457367,0.061573371291160583,0.47599393129348755,0.48055875301361084,0.2758708894252777,0.3020927608013153,0.24813516438007355,0.21734848618507385
27,S4,BWHvy,local,local,0,local,local,0,0.5135183334350586,0.5072693824768066,-0.006248950958251953,0.002143530175089836,0.05127812922000885,0.5135183334350586,0.5072693824768066,0.22905685007572174,0.25469592213630676,0.2574247717857361,0.2380346655845642
27,S5,LatCrit,local,local,0,local,local,0,0.5402026176452637,0.5397927761077881,-0.00040984153747558594,0.003623366355895996,0.05812159180641174,0.5402026176452637,0.5397927761077881,0.2498154193162918,0.22116447985172272,0.2099819779396057,0.23904278874397278
27,S5,ComHvy,local,local,0,local,local,0,0.5118674039840698,0.48116928339004517,-0.030698120594024658,0.005129769444465637,0.09239894151687622,0.5118674039840698,0.48116928339004517,0.22241023182868958,0.20690888166427612,0.265722393989563,0.3119218647480011
27,S5,BWHvy,local,local,0,local,local,0,0.5063595771789551,0.494454026222229,-0.011905550956726074,0.0008637728169560432,0.036074236035346985,0.5063595771789551,0.494454026222229,0.23972579836845398,0.2577629089355469,0.25391465425491333,0.24778307974338531
27,S6,LatCrit,local,local,0,local,local,0,0.445531964302063,0.4303353428840637,-0.015196621417999268,0.004875607788562775,0.08478434383869171,0.445531964302063,0.4303353428840637,0.31537801027297974,0.28818246722221375,0.23909004032611847,0.2814822196960449
27,S6,ComHvy,local,local,0,local,local,0,0.4900413751602173,0.5093111991882324,0.019269824028015137,0.006234448403120041,0.09027703106403351,0.4900413751602173,0.5093111991882324,0.24915117025375366,0.2040126472711563,0.26080745458602905,0.2866761386394501
27,S6,BWHvy,local,local,0,local,local,0,0.47573524713516235,0.5042908191680908,0.028555572032928467,0.0020152446813881397,0.05711112916469574,0.47573524713516235,0.5042908191680908,0.22081531584262848,0.1994621753692627,0.30344945192337036,0.29624703526496887
27,S7,LatCrit,local,local,0,BS2,BS2,0,0.507503867149353,0.5176866054534912,0.010182738304138184,0.00027195829898118973,0.020365476608276367,0.507503867149353,0.5176866054534912,0.2744144797325134,0.272611528635025,0.21808165311813354,0.20970186591148376
27,S7,ComHvy,local,local,0,local,local,0,0.46154338121414185,0.47294336557388306,0.011399984359741211,0.00029418524354696274,0.022799983620643616,0.46154338121414185,0.47294336557388306,0.28856945037841797,0.2853793203830719,0.24988716840744019,0.24167729914188385
27,S7,BWHvy,local,local,0,local,local,0,0.5194098353385925,0.5299100875854492,0.01050025224685669,0.0007621869444847107,0.0332396924495697,0.5194098353385925,0.5299100875854492,0.230351522564888,0.23647111654281616,0.2502386271953583,0.23361878097057343
27,S8,LatCrit,local,local,0,local,local,0,0.4170880913734436,0.4401950240135193,0.023106932640075684,0.0055392347276210785,0.09725303947925568,0.4170880913734436,0.4401950240135193,0.3703494966030121,0.32172298431396484,0.2125624120235443,0.23808200657367706
27,S8,ComHvy,local,local,0,local,local,0,0.5155718326568604,0.4655541181564331,-0.050017714500427246,0.009085647761821747,0.11527170240879059,0.5155718326568604,0.4655541181564331,0.22276504337787628,0.2804009020328522,0.2616631090641022,0.2540449798107147
27,S8,BWHvy,local,local,0,local,local,0,0.5655461549758911,0.54915452003479,-0.016391634941101074,0.0005476195365190506,0.03278326988220215,0.5655461549758911,0.54915452003479,0.23819395899772644,0.24810901284217834,0.19625988602638245,0.20273646712303162
28,S1,LatCrit,local,local,0,local,local,0,0.49088555574417114,0.4612526297569275,-0.029632925987243652,0.0020349398255348206,0.05926582217216492,0.49088555574417114,0.4612526297569275,0.21063823997974396,0.21425272524356842,0.2984762191772461,0.3244946300983429
28,S1,ComHvy,local,local,0,local,local,0,0.5111006498336792,0.4897921681404114,-0.021308481693267822,0.0009535672143101692,0.04261691868305206,0.5111006498336792,0.4897921681404114,0.21447277069091797,0.22037725150585175,0.2744266390800476,0.28983059525489807
28,S1,BWHvy,local,local,0,local,local,0,0.5580571293830872,0.5675314664840698,0.009474337100982666,0.00030931364744901657,0.02214662730693817,0.5580571293830872,0.5675314664840698,0.15805408358573914,0.15965305268764496,0.2838887870311737,0.272815465927124
28,S2,LatCrit,local,local,0,local,local,0,0.46759742498397827,0.4656776785850525,-0.0019197463989257812,0.0010718731209635735,0.03567788004875183,0.46759742498397827,0.4656776785850525,0.27239128947257996,0.29023024439811707,0.2600112855434418,0.24409210681915283
28,S2,ComHvy,local,local,0,local,local,0,0.4564141631126404,0.4701344966888428,0.013720333576202393,0.0013395929709076881,0.04635739326477051,0.4564141631126404,0.4701344966888428,0.294796884059906,0.27161818742752075,0.2487889528274536,0.2582473158836365
28,S2,BWHvy,local,local,0,local,local,0,0.42737430334091187,0.4301508665084839,0.0027765631675720215,0.00175384059548378,0.04739770293235779,0.42737430334091187,0.4301508665084839,0.25496095418930054,0.2758832275867462,0.3176647424697876,0.2939658761024475
28,S3,LatCrit,local,local,0,local,BS2,1,0.5139431953430176,0.48516279458999634,-0.02878040075302124,0.003332369029521942,0.07589854300022125,0.5139431953430176,0.48516279458999634,0.1940891295671463,0.18492025136947632,0.2919676899909973,0.32991695404052734
28,S3,ComHvy,local,local,0,local,local,0,0.4459875822067261,0.44353288412094116,-0.002454698085784912,0.0006421515718102455,0.028969228267669678,0.4459875822067261,0.44353288412094116,0.3116134703159332,0.3260980546474457,0.2423989623785019,0.23036901652812958
28,S3,BWHvy,local,local,0,local,local,0,0.5991401672363281,0.5837410688400269,-0.01539909839630127,0.000599028542637825,0.030798256397247314,0.5991401672363281,0.5837410688400269,0.15414243936538696,0.16480982303619385,0.24671736359596252,0.2514491379261017
28,S4,LatCrit,local,local,0,local,local,0,0.5215108394622803,0.5089990496635437,-0.012511789798736572,0.0020924704149365425,0.053802087903022766,0.5215108394622803,0.5089990496635437,0.219547837972641,0.24644888937473297,0.25894132256507874,0.24455207586288452
28,S4,ComHvy,local,local,0,BS2,BS2,0,0.41313499212265015,0.3913477063179016,-0.021787285804748535,0.0010512350127100945,0.04357454180717468,0.41313499212265015,0.3913477063179016,0.27486541867256165,0.280692994594574,0.3119995892047882,0.327959269285202
28,S4,BWHvy,local,local,0,local,local,0,0.5198936462402344,0.5313329696655273,0.011439323425292969,0.0013355519622564316,0.043311700224876404,0.5198936462402344,0.5313329696655273,0.22867432236671448,0.2388908565044403,0.25143203139305115,0.22977618873119354
28,S5,LatCrit,local,local,0,local,local,0,0.6159085631370544,0.6184840202331543,0.0025754570960998535,3.678281791508198e-05,0.006724700331687927,0.6159085631370544,0.6184840202331543,0.19190116226673126,0.1885388195514679,0.1921902745962143,0.192977175116539
28,S5,ComHvy,local,local,0,local,local,0,0.5365562438964844,0.5275986790657043,-0.00895756483078003,0.00017992639914155006,0.01791512966156006,0.5365562438964844,0.5275986790657043,0.2097354233264923,0.2159106433391571,0.2537083327770233,0.25649067759513855
28,S5,BWHvy,local,local,0,local,local,0,0.4274083971977234,0.4222785234451294,-0.005129873752593994,5.728728137910366e-05,0.010259747505187988,0.4274083971977234,0.4222785234451294,0.2588440179824829,0.262152761220932,0.3137475848197937,0.3155687153339386
28,S6,LatCrit,local,local,0,local,BS1,1,0.4353916049003601,0.4107052683830261,-0.024686336517333984,0.002633742056787014,0.07019782066345215,0.4353916049003601,0.4107052683830261,0.3516642153263092,0.38676315546035767,0.2129441350698471,0.2025315910577774
28,S6,ComHvy,local,local,0,local,local,0,0.5375715494155884,0.5481842756271362,0.010612726211547852,0.0011862386018037796,0.04096321761608124,0.5375715494155884,0.5481842756271362,0.20162512362003326,0.21149402856826782,0.2608032822608948,0.24032169580459595
28,S6,BWHvy,local,local,0,local,local,0,0.5475671291351318,0.567378044128418,0.019810914993286133,0.0008096266537904739,0.03962184488773346,0.5475671291351318,0.567378044128418,0.17534245550632477,0.1692550778388977,0.2770904302597046,0.2633668780326843
28,S7,LatCrit,local,local,0,local,local,0,0.5348407030105591,0.5158677101135254,-0.01897299289703369,0.0009728043805807829,0.03794598579406738,0.5348407030105591,0.5158677101135254,0.2206028401851654,0.23755478858947754,0.24455642700195312,0.24657747149467468
28,S7,ComHvy,local,local,0,local,local,0,0.48371875286102295,0.46453940868377686,-0.019179344177246094,0.004290316253900528,0.08312056958675385,0.48371875286102295,0.46453940868377686,0.22382794320583344,0.2014470100402832,0.2924533188343048,0.33401361107826233
28,S7,BWHvy,local,local,0,local,local,0,0.5375300049781799,0.5052973031997681,-0.032232701778411865,0.00221064779907465,0.06446537375450134,0.5375300049781799,0.5052973031997681,0.23058544099330902,0.25252243876457214,0.23188455402851105,0.2421802282333374
28,S8,LatCrit,local,local,0,local,local,0,0.5691100358963013,0.5824567079544067,0.013346672058105469,0.0017929654568433762,0.0474046915769577,0.5691100358963013,0.5824567079544067,0.21367424726486206,0.22402989864349365,0.21721573173999786,0.19351336359977722
28,S8,ComHvy,local,local,0,local,local,0,0.5803484916687012,0.5915063619613647,0.011157870292663574,0.002034810371696949,0.04862000048160553,0.5803484916687012,0.5915063619613647,0.2088896781206131,0.18457968533039093,0.21076180040836334,0.22391393780708313
28,S8,BWHvy,local,local,0,local,local,0,0.4842625856399536,0.522590160369873,0.038327574729919434,0.0029451362788677216,0.07665517926216125,0.4842625856399536,0.522590160369873,0.2735258638858795,0.25424841046333313,0.24221152067184448,0.22316136956214905
29,S1,LatCrit,local,local,0,local,local,0,0.556321382522583,0.5274365544319153,-0.028884828090667725,0.0019193058833479881,0.05776968598365784,0.556321382522583,0.5274365544319153,0.22055698931217194,0.2427038848400116,0.22312159836292267,0.22985956072807312
29,S1,ComHvy,local,local,0,local,local,0,0.5355549454689026,0.5347252488136292,-0.0008296966552734375,0.00044536590576171875,0.02115565538406372,0.5355549454689026,0.5347252488136292,0.2278452217578888,0.23842304944992065,0.23659983277320862,0.2268517017364502
29,S1,BWHvy,local,local,0,local,local,0,0.49422651529312134,0.5049020051956177,0.010675489902496338,0.0013105981051921844,0.04497523605823517,0.49422651529312134,0.5049020051956177,0.19324587285518646,0.2050580382347107,0.312527596950531,0.2900400161743164
29,S2,LatCrit,local,local,0,local,local,0,0.4673043489456177,0.49547725915908813,0.02817291021347046,0.004995521157979965,0.0875566303730011,0.4673043489456177,0.49547725915908813,0.24414636194705963,0.2597517669200897,0.2885493040084839,0.24477098882198334
29,S2,ComHvy,local,local,0,local,local,0,0.5171940922737122,0.5225504040718079,0.005356311798095703,7.069841376505792e-05,0.010712578892707825,0.5171940922737122,0.5225504040718079,0.2860530614852905,0.2811407744884491,0.19675283133983612,0.19630885124206543
29,S2,BWHvy,local,local,0,local,local,0,0.38763153553009033,0.37801265716552734,-0.009618878364562988,0.00901821255683899,0.11436328291893005,0.38763153553009033,0.37801265716552734,0.3132022023200989,0.3703838586807251,0.2991662323474884,0.25160348415374756
29,S3,LatCrit,local,local,0,local,local,0,0.6174585223197937,0.6102676391601562,-0.007190883159637451,0.0014908835291862488,0.04014714062213898,0.6174585223197937,0.6102676391601562,0.19507749378681183,0.18219482898712158,0.18746398389339447,0.20753757655620575
29,S3,ComHvy,local,local,0,BS1,BS1,0,0.3989437222480774,0.4294229745864868,0.030479252338409424,0.0052788518369197845,0.08826003968715668,0.3989437222480774,0.4294229745864868,0.32077786326408386,0.334428608417511,0.28027844429016113,0.236148402094841
29,S3,BWHvy,local,local,0,BS2,BS2,0,0.5547482967376709,0.5651503801345825,0.010402083396911621,0.00045556906843557954,0.021710440516471863,0.5547482967376709,0.5651503801345825,0.17145633697509766,0.16060112416744232,0.27379536628723145,0.27424851059913635
29,S4,LatCrit,local,local,0,local,local,0,0.4934808611869812,0.4802306294441223,-0.013250231742858887,0.0009794700890779495,0.04063515365123749,0.4934808611869812,0.4802306294441223,0.28980952501296997,0.3101271092891693,0.21670961380004883,0.20964227616786957
29,S4,ComHvy,local,local,0,BS1,BS1,0,0.4293697476387024,0.41137629747390747,-0.017993450164794922,0.0006826268509030342,0.035986945033073425,0.4293697476387024,0.41137629747390747,0.3307793438434601,0.33897334337234497,0.23985086381435394,0.24965035915374756
29,S4,BWHvy,local,local,0,local,local,0,0.5463855266571045,0.5176207423210144,-0.028764784336090088,0.0016603469848632812,0.05752953886985779,0.5463855266571045,0.5176207423210144,0.23873436450958252,0.2536277174949646,0.21488013863563538,0.228751540184021
29,S5,LatCrit,local,local,0,local,local,0,0.5950730443000793,0.6142902970314026,0.019217252731323242,0.0008431398309767246,0.038434505462646484,0.5950730443000793,0.6142902970314026,0.2087930142879486,0.19533973932266235,0.19613392651081085,0.19036994874477386
29,S5,ComHvy,local,local,0,local,local,0,0.5914239287376404,0.5747330188751221,-0.01669090986251831,0.0012707710266113281,0.04299366474151611,0.5914239287376404,0.5747330188751221,0.18381564319133759,0.17900975048542023,0.22476041316986084,0.24625727534294128
29,S5,BWHvy,local,local,0,local,local,0,0.4082571864128113,0.39581364393234253,-0.01244354248046875,0.0014804992824792862,0.049324482679367065,0.4082571864128113,0.39581364393234253,0.27463215589523315,0.2992943823337555,0.31711065769195557,0.3048919439315796
29,S6,LatCrit,local,local,0,local,local,0,0.42745256423950195,0.3981955051422119,-0.02925705909729004,0.0017760014161467552,0.05851408839225769,0.42745256423950195,0.3981955051422119,0.291648268699646,0.30548110604286194,0.28089919686317444,0.29632338881492615
29,S6,ComHvy,local,local,0,local,local,0,0.5715516209602356,0.5780681371688843,0.006516516208648682,0.0005264086648821831,0.02665621042251587,0.5715516209602356,0.5780681371688843,0.1710607409477234,0.17787235975265503,0.25738760828971863,0.24405953288078308
29,S6,BWHvy,local,local,0,local,local,0,0.5674340724945068,0.5917381048202515,0.02430403232574463,0.0015208404511213303,0.04860810935497284,0.5674340724945068,0.5917381048202515,0.13795672357082367,0.13742083311080933,0.2946092188358307,0.2708410322666168
29,S7,LatCrit,local,local,0,local,local,0,0.5831685066223145,0.5939415693283081,0.010773062705993652,0.00037127360701560974,0.023328140377998352,0.5831685066223145,0.5939415693283081,0.15744875371456146,0.158339723944664,0.2593827545642853,0.24771864712238312
29,S7,ComHvy,local,local,0,local,local,0,0.3931339383125305,0.4135797619819641,0.020445823669433594,0.00861448422074318,0.10669341683387756,0.3931339383125305,0.4135797619819641,0.24951981008052826,0.19617311656475067,0.35734620690345764,0.390247106552124
29,S7,BWHvy,local,local,0,BS1,BS1,0,0.5265180468559265,0.5202340483665466,-0.006283998489379883,0.0013868967071175575,0.04197780787944794,0.5265180468559265,0.5202340483665466,0.24158139526844025,0.2625702917575836,0.23190057277679443,0.21719565987586975
29,S8,LatCrit,local,local,0,local,local,0,0.5265289545059204,0.5636348724365234,0.03710591793060303,0.0031166207045316696,0.07421180605888367,0.5265289545059204,0.5636348724365234,0.25025472044944763,0.23879499733448029,0.22321629524230957,0.19757013022899628
29,S8,ComHvy,local,local,0,local,local,0,0.619799792766571,0.6546909809112549,0.03489118814468384,0.003415929153561592,0.06978239119052887,0.619799792766571,0.6546909809112549,0.22699396312236786,0.21679244935512543,0.1532062441110611,0.1285165548324585
29,S8,BWHvy,local,local,0,local,local,0,0.47400325536727905,0.5059952735900879,0.03199201822280884,0.0036780647933483124,0.07443037629127502,0.47400325536727905,0.5059952735900879,0.23323826491832733,0.2384614497423172,0.2927584946155548,0.2555433213710785
30,S1,LatCrit,local,local,0,local,local,0,0.4710575342178345,0.472716748714447,0.0016592144966125488,0.0035851653665304184,0.061721473932266235,0.4710575342178345,0.472716748714447,0.293583482503891,0.32278499007225037,0.23535899817943573,0.20449824631214142
30,S1,ComHvy,local,local,0,local,local,0,0.5312236547470093,0.5367430448532104,0.005519390106201172,0.0007231496274471283,0.030614808201789856,0.5312236547470093,0.5367430448532104,0.21232502162456512,0.22211307287216187,0.25645124912261963,0.24114388227462769
30,S1,BWHvy,local,local,0,BS2,BS1,1,0.47879695892333984,0.4521743059158325,-0.026622653007507324,0.004326636902987957,0.07929185032844543,0.47879695892333984,0.4521743059158325,0.21400535106658936,0.2536512613296509,0.3071976900100708,0.2941744029521942
30,S2,LatCrit,local,local,0,local,local,0,0.4597522020339966,0.458368718624115,-0.0013834834098815918,0.0023683644831180573,0.05105111002922058,0.4597522020339966,0.458368718624115,0.2093355506658554,0.2348610907793045,0.3309122920036316,0.3067702054977417
30,S2,ComHvy,local,local,0,local,local,0,0.4438340663909912,0.4504517912864685,0.006617724895477295,9.007006883621216e-05,0.01323544979095459,0.4438340663909912,0.4504517912864685,0.26732364296913147,0.26350468397140503,0.2888423204421997,0.28604355454444885
30,S2,BWHvy,local,local,0,BS2,BS2,0,0.4528748393058777,0.4245363473892212,-0.028338491916656494,0.0017319666221737862,0.05667698383331299,0.4528748393058777,0.4245363473892212,0.27007514238357544,0.2894822359085083,0.2770500183105469,0.2859814167022705
30,S3,LatCrit,local,local,0,local,local,0,0.5801650881767273,0.587177038192749,0.0070119500160217285,0.0019222404807806015,0.04188960790634155,0.5801650881767273,0.587177038192749,0.15825605392456055,0.13731127977371216,0.26157882809638977,0.2755117118358612
30,S3,ComHvy,local,local,0,local,local,0,0.37852954864501953,0.38415563106536865,0.005626082420349121,0.0008806511759757996,0.037697046995162964,0.37852954864501953,0.38415563106536865,0.27324795722961426,0.2864703834056854,0.3482225239276886,0.3293739855289459
30,S3,BWHvy,local,local,0,local,local,0,0.5380809903144836,0.5210162997245789,-0.017064690589904785,0.0005888016894459724,0.03412935137748718,0.5380809903144836,0.5210162997245789,0.22499948740005493,0.23438997566699982,0.23691952228546143,0.24459369480609894
30,S4,LatCrit,local,local,0,BS1,BS1,0,0.508843183517456,0.5186365842819214,0.009793400764465332,0.00034205231349915266,0.023120418190956116,0.508843183517456,0.5186365842819214,0.2843742072582245,0.272814005613327,0.20678262412548065,0.20854943990707397
30,S4,ComHvy,local,local,0,BS1,local,1,0.4317948818206787,0.45040953159332275,0.018614649772644043,0.0009385142475366592,0.03722931444644928,0.4317948818206787,0.45040953159332275,0.33014994859695435,0.32713568210601807,0.23805519938468933,0.22245480120182037
30,S4,BWHvy,local,local,0,local,local,0,0.5449358820915222,0.5185331702232361,-0.026402711868286133,0.0036170072853565216,0.07437118887901306,0.5449358820915222,0.5185331702232361,0.22208784520626068,0.21130496263504028,0.2329762727022171,0.27016186714172363
30,S5,LatCrit,local,local,0,local,local,0,0.5541249513626099,0.5365866422653198,-0.01753830909729004,0.0032682307064533234,0.06908191740512848,0.5541249513626099,0.5365866422653198,0.24644173681735992,0.2809826731681824,0.1994333416223526,0.1824306696653366
30,S5,ComHvy,local,local,0,local,local,0,0.5517674684524536,0.5474905967712402,-0.004276871681213379,0.0010278001427650452,0.033765122294425964,0.5517674684524536,0.5474905967712402,0.2508790194988251,0.23827329277992249,0.1973535567522049,0.2142360806465149
30,S5,BWHvy,local,local,0,local,local,0,0.4862481951713562,0.48516154289245605,-0.0010866522789001465,0.0005587087944149971,0.02488778531551361,0.4862481951713562,0.48516154289245605,0.2321159541606903,0.24455983936786652,0.2816358804702759,0.2702786326408386
30,S6,LatCrit,local,local,0,BS2,BS2,0,0.5303614735603333,0.5233900547027588,-0.006971418857574463,0.0003562774509191513,0.022788748145103455,0.5303614735603333,0.5233900547027588,0.2349008321762085,0.23047788441181183,0.23473770916461945,0.24613209068775177
30,S6,ComHvy,local,local,0,local,local,0,0.49699604511260986,0.463073194026947,-0.03392285108566284,0.002339370548725128,0.06784573197364807,0.49699604511260986,0.463073194026947,0.2775043547153473,0.2932421863079071,0.22549960017204285,0.24368464946746826
30,S6,BWHvy,local,local,0,local,local,0,0.5775479674339294,0.6114721298217773,0.0339241623878479,0.003596000373363495,0.06951233744621277,0.5775479674339294,0.6114721298217773,0.1697716861963272,0.1706036627292633,0.25268036127090454,0.21792416274547577
30,S7,LatCrit,local,local,0,local,local,0,0.4948923587799072,0.4892783761024475,-0.005613982677459717,0.0005699628964066505,0.02848339080810547,0.4948923587799072,0.4892783761024475,0.25253725051879883,0.26677894592285156,0.25257042050361633,0.24394270777702332
30,S7,ComHvy,local,local,0,local,local,0,0.4514370560646057,0.474758505821228,0.023321449756622314,0.004276704043149948,0.06755422055721283,0.4514370560646057,0.474758505821228,0.1837160289287567,0.1499388962984085,0.36484694480895996,0.37530258297920227
30,S7,BWHvy,local,local,0,local,local,0,0.5226300954818726,0.47498059272766113,-0.047649502754211426,0.004767153412103653,0.09529900550842285,0.5226300954818726,0.47498059272766113,0.28468191623687744,0.3052055537700653,0.1926880180835724,0.21981388330459595
30,S8,LatCrit,local,local,0,local,local,0,0.4757539629936218,0.5293185710906982,0.053564608097076416,0.0057454220950603485,0.10712923109531403,0.4757539629936218,0.5293185710906982,0.23000748455524445,0.20621156692504883,0.29423853754997253,0.26446983218193054
30,S8,ComHvy,local,local,0,local,local,0,0.5810160636901855,0.5718302726745605,-0.009185791015625,0.0005326275713741779,0.027532443404197693,0.5810160636901855,0.5718302726745605,0.22531422972679138,0.23908042907714844,0.19366970658302307,0.18908925354480743
30,S8,BWHvy,local,local,0,local,local,0,0.510901689529419,0.5510532855987549,0.04015159606933594,0.003521217033267021,0.08030322194099426,0.510901689529419,0.5510532855987549,0.22805696725845337,0.21688637137413025,0.2610413730144501,0.23206034302711487
31,S1,LatCrit,local,local,0,local,local,0,0.4914899468421936,0.50345379114151,0.011963844299316406,0.0002865586429834366,0.023927703499794006,0.4914899468421936,0.50345379114151,0.25230416655540466,0.24664397537708282,0.25620588660240173,0.24990221858024597
31,S1,ComHvy,local,local,0,local,local,0,0.623979926109314,0.6229150295257568,-0.001064896583557129,0.00049575325101614,0.02036917209625244,0.623979926109314,0.6229150295257568,0.18729662895202637,0.17817692458629608,0.18872344493865967,0.1989080160856247
31,S1,BWHvy,local,local,0,local,local,0,0.4536031484603882,0.45785796642303467,0.004254817962646484,0.0006109448149800301,0.029431164264678955,0.4536031484603882,0.45785796642303467,0.25073114037513733,0.2611919045448303,0.2956657111644745,0.280950129032135
31,S2,LatCrit,local,local,0,local,local,0,0.5234938263893127,0.5099104642868042,-0.013583362102508545,0.0005207909271121025,0.02716664969921112,0.5234938263893127,0.5099104642868042,0.2084338366985321,0.220515176653862,0.26807236671447754,0.2695743143558502
31,S2,ComHvy,local,local,0,local,local,0,0.4576050639152527,0.43795931339263916,-0.019645750522613525,0.0011963709257543087,0.040383100509643555,0.4576050639152527,0.43795931339263916,0.25423309206962585,0.27442467212677,0.2881618142127991,0.2876160442829132
31,S2,BWHvy,local,local,0,local,local,0,0.4801981449127197,0.44419634342193604,-0.03600180149078369,0.0032530263997614384,0.07200364768505096,0.4801981449127197,0.44419634342193604,0.2272459715604782,0.2567148804664612,0.2925558388233185,0.2990887761116028
31,S3,LatCrit,local,local,0,local,local,0,0.5349512100219727,0.5247765779495239,-0.01017463207244873,0.007844865322113037,0.09543545544147491,0.5349512100219727,0.5247765779495239,0.21851934492588043,0.1809762567281723,0.24652941524982452,0.2942471504211426
31,S3,ComHvy,local,local,0,local,local,0,0.44750434160232544,0.5071640610694885,0.059659719467163086,0.009285487234592438,0.11931945383548737,0.44750434160232544,0.5071640610694885,0.276089608669281,0.26800772547721863,0.27640604972839355,0.22482819855213165
31,S3,BWHvy,local,local,0,local,local,0,0.5045506358146667,0.5224343538284302,0.017883718013763428,0.0016315043903887272,0.04370230436325073,0.5045506358146667,0.5224343538284302,0.198982834815979,0.17713168263435364,0.29646652936935425,0.3004339635372162
31,S4,LatCrit,local,local,0,BS2,BS2,0,0.4552305340766907,0.4208921790122986,-0.03433835506439209,0.007731057703495026,0.11708863079547882,0.4552305340766907,0.4208921790122986,0.24701207876205444,0.22280611097812653,0.2977573871612549,0.3563016951084137
31,S4,ComHvy,local,local,0,local,local,0,0.48649221658706665,0.49308931827545166,0.00659710168838501,0.004117708653211594,0.06435629725456238,0.48649221658706665,0.49308931827545166,0.3257027268409729,0.3512837886810303,0.18780504167079926,0.15562690794467926
31,S4,BWHvy,local,local,0,local,local,0,0.6100890636444092,0.6237597465515137,0.013670682907104492,0.0024223588407039642,0.054122865200042725,0.6100890636444092,0.6237597465515137,0.22781719267368317,0.200755774974823,0.16209372878074646,0.17548449337482452
31,S5,LatCrit,local,local,0,local,local,0,0.5743999481201172,0.6048946380615234,0.03049468994140625,0.0033948086202144623,0.06952345371246338,0.5743999481201172,0.6048946380615234,0.16603627800941467,0.17030328512191772,0.2595638334751129,0.22480207681655884
31,S5,ComHvy,local,local,0,local,local,0,0.5038493275642395,0.4740291237831116,-0.02982020378112793,0.002522546797990799,0.06231744587421417,0.5038493275642395,0.4740291237831116,0.21323727071285248,0.21189874410629272,0.2829134166240692,0.3140721321105957
31,S5,BWHvy,local,local,0,local,local,0,0.4954977035522461,0.4970334768295288,0.0015357732772827148,0.0002839774824678898,0.018282905220985413,0.4954977035522461,0.4970334768295288,0.25446972250938416,0.24532826244831085,0.25003257393836975,0.25763824582099915
31,S6,LatCrit,local,local,0,local,local,0,0.5091333389282227,0.48485374450683594,-0.02427959442138672,0.00853724218904972,0.11005431413650513,0.5091333389282227,0.48485374450683594,0.21182778477668762,0.2668549418449402,0.2790388762950897,0.24829131364822388
31,S6,ComHvy,local,local,0,local,local,0,0.4870415925979614,0.45652031898498535,-0.030521273612976074,0.003228023648262024,0.0728270560503006,0.4870415925979614,0.45652031898498535,0.22901706397533417,0.22312483191490173,0.2839413285255432,0.3203548789024353
31,S6,BWHvy,local,local,0,BS2,BS2,0,0.5441773533821106,0.5288549661636353,-0.015322387218475342,0.0005507445894181728,0.030644819140434265,0.5441773533821106,0.5288549661636353,0.18326719105243683,0.19374072551727295,0.2725554406642914,0.2774043381214142
31,S7,LatCrit,local,local,0,local,local,0,0.4816856384277344,0.5377216339111328,0.05603599548339844,0.0070698074996471405,0.11207202076911926,0.4816856384277344,0.5377216339111328,0.2747039496898651,0.2575948238372803,0.2436104118824005,0.20468351244926453
31,S7,ComHvy,local,local,0,local,local,0,0.47685420513153076,0.47286391258239746,-0.003990292549133301,0.0003252727910876274,0.02016189694404602,0.47685420513153076,0.47286391258239746,0.19564205408096313,0.20572298765182495,0.3275037407875061,0.3214130699634552
31,S7,BWHvy,local,local,0,local,local,0,0.4856799840927124,0.4747235178947449,-0.01095646619796753,0.0010532345622777939,0.039852678775787354,0.4856799840927124,0.4747235178947449,0.24249601364135742,0.2624223530292511,0.2718240022659302,0.26285412907600403
31,S8,LatCrit,local,local,0,local,local,0,0.4223533272743225,0.48564720153808594,0.06329387426376343,0.008283931761980057,0.12658773362636566,0.4223533272743225,0.48564720153808594,0.2527540326118469,0.23217792809009552,0.32489264011383057,0.28217488527297974
31,S8,ComHvy,local,local,0,BS1,BS1,0,0.5346883535385132,0.5127466917037964,-0.021941661834716797,0.00163120380602777,0.047898516058921814,0.5346883535385132,0.5127466917037964,0.23145794868469238,0.2554072439670563,0.23385366797447205,0.23184610903263092
31,S8,BWHvy,local,local,0,local,local,0,0.5001353025436401,0.5286909341812134,0.028555631637573242,0.0016741454601287842,0.05711135268211365,0.5001353025436401,0.5286909341812134,0.23067541420459747,0.22049115598201752,0.26918935775756836,0.2508178949356079
32,S1,LatCrit,local,local,0,local,local,0,0.5077521800994873,0.474370539188385,-0.033381640911102295,0.0022807372733950615,0.06676331162452698,0.5077521800994873,0.474370539188385,0.29403266310691833,0.3176274001598358,0.19821512699127197,0.20800206065177917
32,S1,ComHvy,local,local,0,local,local,0,0.5401524305343628,0.528782844543457,-0.011369585990905762,0.00043921731412410736,0.025921449065208435,0.5401524305343628,0.528782844543457,0.19877901673316956,0.1971878558397293,0.26106858253479004,0.27402928471565247
32,S1,BWHvy,local,local,0,local,local,0,0.49058330059051514,0.4714529514312744,-0.019130349159240723,0.000828547403216362,0.03826068341732025,0.49058330059051514,0.4714529514312744,0.19615785777568817,0.19856998324394226,0.3132588863372803,0.3299770951271057
32,S2,LatCrit,local,local,0,BS1,BS1,0,0.4783475399017334,0.47297924757003784,-0.005368292331695557,0.0001136203936766833,0.011549204587936401,0.4783475399017334,0.47297924757003784,0.1970035284757614,0.20277811586856842,0.3246489465236664,0.32424262166023254
32,S2,ComHvy,local,local,0,local,local,0,0.4461766481399536,0.46594148874282837,0.019764840602874756,0.001627851277589798,0.04912427067756653,0.4461766481399536,0.46594148874282837,0.27764615416526794,0.28244346380233765,0.27617716789245605,0.251615047454834
32,S2,BWHvy,local,local,0,local,local,0,0.43002718687057495,0.4222755432128906,-0.007751643657684326,0.007517289370298386,0.10018260776996613,0.43002718687057495,0.4222755432128906,0.2879650294780731,0.3380563259124756,0.2820078134536743,0.23966814577579498
32,S3,LatCrit,local,local,0,local,local,0,0.5660474300384521,0.6031203866004944,0.037072956562042236,0.002960827201604843,0.07414594292640686,0.5660474300384521,0.6031203866004944,0.17378251254558563,0.16347168385982513,0.2601700723171234,0.2334079146385193
32,S3,ComHvy,local,local,0,BS2,BS2,0,0.4170345067977905,0.45469337701797485,0.037658870220184326,0.0037212390452623367,0.07531778514385223,0.4170345067977905,0.45469337701797485,0.28248170018196106,0.24958424270153046,0.3004838228225708,0.2957223653793335
32,S3,BWHvy,local,local,0,local,local,0,0.5023190975189209,0.4872310161590576,-0.015088081359863281,0.0011128447949886322,0.044068560004234314,0.5023190975189209,0.4872310161590576,0.18896152079105377,0.18201535940170288,0.30871933698654175,0.3307536542415619
32,S4,LatCrit,local,local,0,BS1,BS1,0,0.4313523769378662,0.42408913373947144,-0.007263243198394775,0.0002887547016143799,0.022949501872062683,0.4313523769378662,0.42408913373947144,0.3448325991630554,0.35630735754966736,0.22381502389907837,0.2196035236120224
32,S4,ComHvy,local,local,0,local,local,0,0.4738680124282837,0.4453541040420532,-0.02851390838623047,0.0024256561882793903,0.06737624108791351,0.4738680124282837,0.4453541040420532,0.37078550457954407,0.40447360277175903,0.15534648299217224,0.15017224848270416
32,S4,BWHvy,local,local,0,local,local,0,0.5952795743942261,0.6042478084564209,0.008968234062194824,0.0013420619070529938,0.0377497524023056,0.5952795743942261,0.6042478084564209,0.18031403422355652,0.16143916547298431,0.2244063913822174,0.23431304097175598
32,S5,LatCrit,local,local,0,BS1,BS1,0,0.5837955474853516,0.5933817625045776,0.009586215019226074,0.0002238219603896141,0.019172415137290955,0.5837955474853516,0.5933817625045776,0.23392844200134277,0.23110908269882202,0.18227604031562805,0.17550919950008392
32,S5,ComHvy,local,local,0,local,local,0,0.5263645648956299,0.48706138134002686,-0.03930318355560303,0.0030905473977327347,0.07860638201236725,0.5263645648956299,0.48706138134002686,0.24649935960769653,0.266884982585907,0.2271360605955124,0.24605363607406616
32,S5,BWHvy,local,local,0,local,local,0,0.4608829617500305,0.45040494203567505,-0.010478019714355469,0.0006230846047401428,0.03227412700653076,0.4608829617500305,0.45040494203567505,0.25232067704200745,0.24666160345077515,0.2867963910102844,0.3029334247112274
32,S6,LatCrit,local,local,0,local,local,0,0.48593205213546753,0.47170335054397583,-0.0142287015914917,0.0004112282767891884,0.02845744788646698,0.48593205213546753,0.47170335054397583,0.22528119385242462,0.230316162109375,0.28878673911094666,0.29798051714897156
32,S6,ComHvy,local,local,0,local,local,0,0.5308471918106079,0.5483192801475525,0.01747208833694458,0.0009491569362580776,0.03494414687156677,0.5308471918106079,0.5483192801475525,0.18779443204402924,0.17249388992786407,0.28135836124420166,0.27918684482574463
32,S6,BWHvy,local,local,0,local,local,0,0.4561639428138733,0.4942982792854309,0.03813433647155762,0.00516117736697197,0.09067520499229431,0.4561639428138733,0.4942982792854309,0.22263073921203613,0.22983399033546448,0.32120534777641296,0.2758677303791046
32,S7,LatCrit,local,local,0,local,local,0,0.5907105207443237,0.6309089660644531,0.040198445320129395,0.003435162827372551,0.0803968757390976,0.5907105207443237,0.6309089660644531,0.1646767556667328,0.14993688464164734,0.2446126937866211,0.21915413439273834
32,S7,ComHvy,local,local,0,local,local,0,0.47221624851226807,0.47241610288619995,0.00019985437393188477,3.740191459655762e-05,0.006296992301940918,0.47221624851226807,0.47241610288619995,0.21073424816131592,0.20758575201034546,0.317049503326416,0.3199981451034546
32,S7,BWHvy,local,local,0,local,local,0,0.5102905035018921,0.5039144158363342,-0.006376087665557861,0.002167489379644394,0.05193351209163666,0.5102905035018921,0.5039144158363342,0.23710434138774872,0.26307108998298645,0.252605140209198,0.23301446437835693
32,S8,LatCrit,local,local,0,local,local,0,0.4688612222671509,0.500555157661438,0.03169393539428711,0.0020144451409578323,0.0633879154920578,0.4688612222671509,0.500555157661438,0.2844866216182709,0.26849597692489624,0.24665214121341705,0.230948805809021
32,S8,ComHvy,local,local,0,local,local,0,0.5790120363235474,0.5905567407608032,0.01154470443725586,0.0010135360062122345,0.03174576163291931,0.5790120363235474,0.5905567407608032,0.26467740535736084,0.26900559663772583,0.1563105583190918,0.14043769240379333
32,S8,BWHvy,local,local,0,local,local,0,0.45200443267822266,0.4512897729873657,-0.0007146596908569336,0.008003946393728256,0.09082692861557007,0.45200443267822266,0.4512897729873657,0.3201344311237335,0.36554789543151855,0.22786115109920502,0.18316234648227692
33,S1,LatCrit,local,local,0,local,local,0,0.5328091979026794,0.493152379989624,-0.03965681791305542,0.0031516989693045616,0.07931360602378845,0.5328091979026794,0.493152379989624,0.26495593786239624,0.2885749042034149,0.2022348791360855,0.21827270090579987
33,S1,ComHvy,local,local,0,local,local,0,0.5823339819908142,0.543212354183197,-0.03912162780761719,0.003171265125274658,0.07824327051639557,0.5823339819908142,0.543212354183197,0.20930969715118408,0.23309439420700073,0.2083563208580017,0.22369326651096344
33,S1,BWHvy,local,local,0,local,local,0,0.491369366645813,0.4982045292854309,0.00683516263961792,0.00018322188407182693,0.015539228916168213,0.491369366645813,0.4982045292854309,0.22944697737693787,0.22167736291885376,0.27918365597724915,0.28011810779571533
33,S2,LatCrit,local,local,0,local,local,0,0.4909858703613281,0.4935862421989441,0.002600371837615967,0.0018153823912143707,0.04523468017578125,0.4909858703613281,0.4935862421989441,0.2489735633134842,0.26899054646492004,0.2600405514240265,0.23742322623729706
33,S2,ComHvy,local,local,0,local,local,0,0.5181546807289124,0.5203074216842651,0.002152740955352783,0.00016117701306939125,0.014270886778831482,0.5181546807289124,0.5203074216842651,0.2325911670923233,0.23757387697696686,0.24925416707992554,0.2421187311410904
33,S2,BWHvy,local,local,0,local,BS1,1,0.4557884931564331,0.4171660542488098,-0.03862243890762329,0.00924587994813919,0.12709686160087585,0.4557884931564331,0.4171660542488098,0.28155192732810974,0.3451003432273865,0.26265960931777954,0.2377336025238037
33,S3,LatCrit,local,local,0,local,local,0,0.484283447265625,0.4731587767601013,-0.011124670505523682,0.0022409968078136444,0.058042123913764954,0.484283447265625,0.4731587767601013,0.22564460337162018,0.20774823427200317,0.29007193446159363,0.3190930187702179
33,S3,ComHvy,local,local,0,local,local,0,0.4305049180984497,0.490176260471344,0.05967134237289429,0.008378222584724426,0.11934265494346619,0.4305049180984497,0.490176260471344,0.24283377826213837,0.23402343690395355,0.3266613185405731,0.27580034732818604
33,S3,BWHvy,local,local,0,local,local,0,0.4401324391365051,0.4647147059440613,0.024582266807556152,0.0012295963242650032,0.04916456341743469,0.4401324391365051,0.4647147059440613,0.2838997542858124,0.2731552720069885,0.2759678065776825,0.2621299922466278
33,S4,LatCrit,local,BS1,1,BS1,BS1,0,0.38362592458724976,0.38366320729255676,3.7282705307006836e-05,0.0013345349580049515,0.04136556386947632,0.38362592458724976,0.3629431128501892,0.3822682499885559,0.38366320729255676,0.23410585522651672,0.25339365005493164
33,S4,ComHvy,local,local,0,BS1,BS1,0,0.4523022174835205,0.4651852250099182,0.012883007526397705,0.0017427559942007065,0.043867141008377075,0.4523022174835205,0.4651852250099182,0.3673667907714844,0.376417338848114,0.1803310215473175,0.15839743614196777
33,S4,BWHvy,local,local,0,local,local,0,0.6008375883102417,0.6127921342849731,0.011954545974731445,0.0013104267418384552,0.039787158370018005,0.6008375883102417,0.6127921342849731,0.1946893185377121,0.20262835919857025,0.2044731080532074,0.184579536318779
33,S5,LatCrit,local,local,0,local,local,0,0.5511150360107422,0.589800238609314,0.03868520259857178,0.00531707052141428,0.08512546122074127,0.5511150360107422,0.589800238609314,0.25632378458976746,0.21376106142997742,0.19256114959716797,0.19643868505954742
33,S5,ComHvy,local,local,0,local,local,0,0.4618595242500305,0.44321101903915405,-0.018648505210876465,0.0012770704925060272,0.04274410009384155,0.4618595242500305,0.44321101903915405,0.29196709394454956,0.28924354910850525,0.24617338180541992,0.2675454318523407
33,S5,BWHvy,local,local,0,local,local,0,0.4616823196411133,0.44113868474960327,-0.02054363489151001,0.000853600911796093,0.04108726978302002,0.4616823196411133,0.44113868474960327,0.27633756399154663,0.28713682293891907,0.2619801461696625,0.27172452211380005
33,S6,LatCrit,local,local,0,local,local,0,0.4297671914100647,0.40627074241638184,-0.02349644899368286,0.004842331632971764,0.08750487864017487,0.4297671914100647,0.40627074241638184,0.2430337518453598,0.28678619861602783,0.3271990120410919,0.30694302916526794
33,S6,ComHvy,local,local,0,local,local,0,0.5494157671928406,0.5578579902648926,0.008442223072052002,0.0021212417632341385,0.0475277453660965,0.5494157671928406,0.5578579902648926,0.1899317353963852,0.16616785526275635,0.26065248250961304,0.2759741246700287
33,S6,BWHvy,local,local,0,local,local,0,0.47254306077957153,0.47542381286621094,0.0028807520866394043,7.959839422255754e-05,0.009435907006263733,0.47254306077957153,0.47542381286621094,0.17160764336585999,0.16688968241214752,0.3558492958545685,0.35768648982048035
33,S7,LatCrit,local,local,0,local,local,0,0.5303277373313904,0.5608416795730591,0.0305139422416687,0.00391855463385582,0.07278801500797272,0.5303277373313904,0.5608416795730591,0.2241244614124298,0.23000453412532806,0.2455478012561798,0.20915380120277405
33,S7,ComHvy,local,local,0,local,local,0,0.46660178899765015,0.45939457416534424,-0.007207214832305908,0.0003795698285102844,0.02526731789112091,0.46660178899765015,0.45939457416534424,0.23430873453617096,0.2288823127746582,0.2990894615650177,0.31172314286231995
33,S7,BWHvy,local,local,0,local,local,0,0.43842166662216187,0.4356682300567627,-0.00275343656539917,0.008168578147888184,0.09757588803768158,0.43842166662216187,0.4356682300567627,0.29745665192604065,0.34624460339546204,0.2641216814517975,0.21808718144893646
33,S8,LatCrit,local,local,0,BS1,BS1,0,0.4298607110977173,0.4740908145904541,0.044230103492736816,0.004204180091619492,0.08846017718315125,0.4298607110977173,0.4740908145904541,0.2904365658760071,0.27589792013168335,0.27970269322395325,0.25001126527786255
33,S8,ComHvy,local,local,0,local,local,0,0.5744730234146118,0.5831302404403687,0.008657217025756836,0.0006238329224288464,0.029574915766716003,0.5744730234146118,0.5831302404403687,0.25064948201179504,0.23586198687553406,0.17487752437591553,0.1810077279806137
33,S8,BWHvy,local,local,0,local,local,0,0.43781882524490356,0.4769590497016907,0.03914022445678711,0.005162809044122696,0.08178488910198212,0.43781882524490356,0.4769590497016907,0.29605621099472046,0.297808438539505,0.266124963760376,0.22523252665996552
34,S1,LatCrit,local,local,0,local,local,0,0.4812169075012207,0.4413507580757141,-0.03986614942550659,0.0032388996332883835,0.07973229885101318,0.4812169075012207,0.4413507580757141,0.23102714121341705,0.24566490948200226,0.28775593638420105,0.31298431754112244
34,S1,ComHvy,local,local,0,local,local,0,0.4952842593193054,0.5114717483520508,0.01618748903274536,0.0018532443791627884,0.051729828119277954,0.4952842593193054,0.5114717483520508,0.25042733550071716,0.2601047456264496,0.2542884051799774,0.22842347621917725
34,S1,BWHvy,local,local,0,BS1,BS1,0,0.4432394504547119,0.43974876403808594,-0.0034906864166259766,0.00018862169235944748,0.01723378896713257,0.4432394504547119,0.43974876403808594,0.2637889087200165,0.2586626708507538,0.292971670627594,0.3015885353088379
34,S2,LatCrit,local,local,0,local,local,0,0.4893125891685486,0.4991794228553772,0.009866833686828613,0.0002295084996148944,0.01973363757133484,0.4893125891685486,0.4991794228553772,0.2897336781024933,0.2812372148036957,0.22095370292663574,0.21958336234092712
34,S2,ComHvy,local,local,0,local,local,0,0.49090510606765747,0.492000937461853,0.0010958313941955566,0.0003560362383723259,0.020089462399482727,0.49090510606765747,0.492000937461853,0.2353411763906479,0.2442900836467743,0.27375373244285583,0.26370900869369507
34,S2,BWHvy,local,local,0,local,local,0,0.46561485528945923,0.42319393157958984,-0.042420923709869385,0.009731277823448181,0.13333560526371002,0.46561485528945923,0.42319393157958984,0.31207364797592163,0.37874144315719604,0.22231148183345795,0.19806459546089172
34,S3,LatCrit,local,local,0,local,local,0,0.5413335561752319,0.5306042432785034,-0.010729312896728516,0.00028748437762260437,0.02145858108997345,0.5413335561752319,0.5306042432785034,0.16377753019332886,0.16410090029239655,0.294888973236084,0.30529487133026123
34,S3,ComHvy,local,local,0,local,local,0,0.4601525068283081,0.4986535310745239,0.03850102424621582,0.007449804805219173,0.10726583003997803,0.4601525068283081,0.4986535310745239,0.29944542050361633,0.2458125203847885,0.24040205776691437,0.25553396344184875
34,S3,BWHvy,local,local,0,local,local,0,0.5063846111297607,0.5214159488677979,0.01503133773803711,0.0009213592857122421,0.034631192684173584,0.5063846111297607,0.5214159488677979,0.2656065821647644,0.2678908407688141,0.22800882160663605,0.21069322526454926
34,S4,LatCrit,local,local,0,local,local,0,0.46147674322128296,0.48288625478744507,0.02140951156616211,0.001443786546587944,0.045858681201934814,0.46147674322128296,0.48288625478744507,0.24854132533073425,0.25006115436553955,0.2899819314479828,0.2670525908470154
34,S4,ComHvy,local,local,0,local,local,0,0.43662095069885254,0.42919695377349854,-0.007423996925354004,0.007139146327972412,0.09512421488761902,0.43662095069885254,0.42919695377349854,0.3335886001586914,0.3811506927013397,0.22979044914245605,0.18965232372283936
34,S4,BWHvy,local,local,0,local,local,0,0.5053739547729492,0.5300767421722412,0.024702787399291992,0.00168684683740139,0.04940544068813324,0.5053739547729492,0.5300767421722412,0.20765948295593262,0.20737646520137787,0.2869665026664734,0.2625468671321869
34,S5,LatCrit,local,local,0,local,local,0,0.5922929048538208,0.5817140340805054,-0.01057887077331543,0.0005442574620246887,0.029190793633461,0.5922929048538208,0.5817140340805054,0.26182588934898376,0.27642127871513367,0.14588120579719543,0.14186467230319977
34,S5,ComHvy,local,local,0,local,local,0,0.5165154933929443,0.5214322209358215,0.004916727542877197,0.00017925421707332134,0.014989212155342102,0.5165154933929443,0.5214322209358215,0.19954651594161987,0.19205190241336823,0.2839379906654358,0.28651586174964905
34,S5,BWHvy,local,local,0,local,BS1,1,0.4352654218673706,0.4139971137046814,-0.02126830816268921,0.0009286077693104744,0.04253661632537842,0.4352654218673706,0.4139971137046814,0.2673324942588806,0.27786412835121155,0.2974020838737488,0.30813875794410706
34,S6,LatCrit,local,local,0,BS2,BS2,0,0.4634678363800049,0.47442322969436646,0.010955393314361572,0.0014692824333906174,0.047557130455970764,0.4634678363800049,0.47442322969436646,0.24143128097057343,0.25425443053245544,0.2951009273529053,0.2713223397731781
34,S6,ComHvy,local,local,0,local,local,0,0.5326505899429321,0.5538251996040344,0.021174609661102295,0.001201980048790574,0.042349159717559814,0.5326505899429321,0.5538251996040344,0.20997114479541779,0.1925632804632187,0.2573782205581665,0.2536115348339081
34,S6,BWHvy,local,local,0,BS2,BS2,0,0.4741883873939514,0.44713670015335083,-0.027051687240600586,0.004019089043140411,0.08407354354858398,0.4741883873939514,0.44713670015335083,0.2258777618408203,0.2108926773071289,0.29993385076522827,0.34197062253952026
34,S7,LatCrit,local,local,0,local,local,0,0.503343939781189,0.5031561851501465,-0.00018775463104248047,0.0007067201659083366,0.026656299829483032,0.503343939781189,0.5031561851501465,0.252474844455719,0.2658029794692993,0.24418121576309204,0.2310408055782318
34,S7,ComHvy,local,local,0,local,local,0,0.42164504528045654,0.41128188371658325,-0.010363161563873291,0.0034284889698028564,0.07216458022594452,0.42164504528045654,0.41128188371658325,0.23195897042751312,0.20623984932899475,0.34639599919319153,0.3824782967567444
34,S7,BWHvy,local,local,0,local,local,0,0.4429415464401245,0.4427328109741211,-0.00020873546600341797,0.005059190094470978,0.07335454225540161,0.4429415464401245,0.4427328109741211,0.31711670756340027,0.3537939786911011,0.23994174599647522,0.20347321033477783
34,S8,LatCrit,local,local,0,local,local,0,0.4790051579475403,0.5020447373390198,0.023039579391479492,0.003335900604724884,0.06641201674938202,0.4790051579475403,0.5020447373390198,0.28846222162246704,0.29862865805625916,0.23253262042999268,0.19932661950588226
34,S8,ComHvy,local,local,0,local,local,0,0.5785221457481384,0.562131404876709,-0.016390740871429443,0.0005553797818720341,0.03278149664402008,0.5785221457481384,0.562131404876709,0.2239733636379242,0.23403486609458923,0.19750449061393738,0.20383374392986298
34,S8,BWHvy,local,local,0,local,local,0,0.5123366117477417,0.5452344417572021,0.03289783000946045,0.004118472337722778,0.0748555064201355,0.5123366117477417,0.5452344417572021,0.23363818228244781,0.2381681203842163,0.2540251612663269,0.21659742295742035
35,S1,LatCrit,local,local,0,BS1,BS1,0,0.4876145124435425,0.46163493394851685,-0.025979578495025635,0.001942494884133339,0.05195915699005127,0.4876145124435425,0.46163493394851685,0.2551536560058594,0.25520795583724976,0.25723180174827576,0.283157080411911
35,S1,ComHvy,local,local,0,local,local,0,0.5979429483413696,0.6255946755409241,0.027651727199554443,0.0016545020043849945,0.055303409695625305,0.5979429483413696,0.6255946755409241,0.17926745116710663,0.16947785019874573,0.22278957068920135,0.2049274891614914
35,S1,BWHvy,local,local,0,local,local,0,0.460562527179718,0.4662541151046753,0.005691587924957275,0.00012321025133132935,0.013812482357025146,0.460562527179718,0.4662541151046753,0.2556200325489044,0.2568346858024597,0.28381744027137756,0.276911199092865
35,S2,LatCrit,local,local,0,local,local,0,0.5743999481201172,0.5986446142196655,0.02424466609954834,0.0023363609798252583,0.05735425651073456,0.5743999481201172,0.5986446142196655,0.24984754621982574,0.22117039561271667,0.17575253546237946,0.1801849752664566
35,S2,ComHvy,local,local,0,BS2,BS2,0,0.40628689527511597,0.41584622859954834,0.009559333324432373,0.0021721795201301575,0.05820855498313904,0.40628689527511597,0.41584622859954834,0.2671431005001068,0.28668802976608276,0.3265700042247772,0.2974657118320465
35,S2,BWHvy,local,local,0,local,local,0,0.4517822265625,0.4205125570297241,-0.03126966953277588,0.01376144215464592,0.14446018636226654,0.4517822265625,0.4205125570297241,0.21759669482707977,0.28982678055763245,0.3306210935115814,0.28966066241264343
35,S3,LatCrit,local,local,0,local,local,0,0.570779025554657,0.5751374959945679,0.004358470439910889,4.588300362229347e-05,0.00871691107749939,0.570779025554657,0.5751374959945679,0.14434203505516052,0.14402851462364197,0.2848789095878601,0.28083398938179016
35,S3,ComHvy,local,local,0,local,local,0,0.5352605581283569,0.6002480983734131,0.06498754024505615,0.012374766170978546,0.12997503578662872,0.5352605581283569,0.6002480983734131,0.25051385164260864,0.19025591015815735,0.21422557532787323,0.20949602127075195
35,S3,BWHvy,local,local,0,local,local,0,0.49089717864990234,0.5145273208618164,0.023630142211914062,0.0011893194168806076,0.047260284423828125,0.49089717864990234,0.5145273208618164,0.19125060737133026,0.1863441914319992,0.3178521990776062,0.2991284728050232
35,S4,LatCrit,local,local,0,BS2,BS2,0,0.3969547152519226,0.40985339879989624,0.012898683547973633,0.0058401599526405334,0.08946281671524048,0.3969547152519226,0.40985339879989624,0.2677246332168579,0.22299322485923767,0.33532068133354187,0.3671534061431885
35,S4,ComHvy,local,BS1,1,BS1,BS1,0,0.46045082807540894,0.46982401609420776,0.009373188018798828,0.00840049423277378,0.12604765594005585,0.46045082807540894,0.41915881633758545,0.40680018067359924,0.46982401609420776,0.13274900615215302,0.11101719737052917
35,S4,BWHvy,local,local,0,local,local,0,0.49835270643234253,0.5482374429702759,0.04988473653793335,0.007098779082298279,0.09976944327354431,0.49835270643234253,0.5482374429702759,0.2148168385028839,0.2140427529811859,0.28683045506477356,0.2377198338508606
35,S5,LatCrit,local,local,0,local,local,0,0.6376389265060425,0.6467787623405457,0.009139835834503174,0.00022978056222200394,0.018279656767845154,0.6376389265060425,0.6467787623405457,0.17002707719802856,0.16859926283359528,0.19233399629592896,0.18462198972702026
35,S5,ComHvy,local,local,0,local,local,0,0.49283432960510254,0.4702072739601135,-0.022627055644989014,0.002440657466650009,0.06646835803985596,0.49283432960510254,0.4702072739601135,0.1790759414434433,0.16846878826618195,0.32808977365493774,0.36132392287254333
35,S5,BWHvy,local,local,0,local,local,0,0.42848873138427734,0.45481884479522705,0.026330113410949707,0.001680187415331602,0.052660226821899414,0.42848873138427734,0.45481884479522705,0.30988675355911255,0.28713908791542053,0.2616245150566101,0.2580420672893524
35,S6,LatCrit,local,local,0,local,local,0,0.4660133719444275,0.4565701484680176,-0.009443223476409912,0.00219547376036644,0.04910072684288025,0.4660133719444275,0.4565701484680176,0.15204675495624542,0.17659710347652435,0.3819398581981659,0.3668327033519745
35,S6,ComHvy,local,local,0,local,local,0,0.5507034063339233,0.5781857967376709,0.02748239040374756,0.0018438585102558136,0.05496472120285034,0.5507034063339233,0.5781857967376709,0.15180613100528717,0.13524894416332245,0.2974904477596283,0.28656530380249023
35,S6,BWHvy,local,local,0,BS2,BS2,0,0.4332382082939148,0.4467768669128418,0.013538658618927002,0.002240675501525402,0.054609447717666626,0.4332382082939148,0.4467768669128418,0.23028241097927094,0.20297770202159882,0.3364793658256531,0.3502454459667206
35,S7,LatCrit,local,local,0,local,local,0,0.4879903793334961,0.5221582651138306,0.03416788578033447,0.002444922924041748,0.06833580136299133,0.4879903793334961,0.5221582651138306,0.21874400973320007,0.20901790261268616,0.29326561093330383,0.2688238024711609
35,S7,ComHvy,local,local,0,local,local,0,0.44345295429229736,0.4514063596725464,0.007953405380249023,0.0004428727552294731,0.02444826066493988,0.44345295429229736,0.4514063596725464,0.22469130158424377,0.21246714890003204,0.33185577392578125,0.3361264765262604
35,S7,BWHvy,local,local,0,local,local,0,0.5073732137680054,0.5413954257965088,0.03402221202850342,0.0034342166036367416,0.06804442405700684,0.5073732137680054,0.5413954257965088,0.28925299644470215,0.28429803252220154,0.20337378978729248,0.17430654168128967
35,S8,LatCrit,local,local,0,local,local,0,0.445923388004303,0.4673898220062256,0.021466434001922607,0.003515101969242096,0.07481896877288818,0.445923388004303,0.4673898220062256,0.25241613388061523,0.2683591842651367,0.3016604781150818,0.2642509937286377
35,S8,ComHvy,local,local,0,local,local,0,0.6172010898590088,0.5942889451980591,-0.022912144660949707,0.0012660156935453415,0.0458243191242218,0.6172010898590088,0.5942889451980591,0.21733945608139038,0.2363279163837433,0.16545940935611725,0.16938312351703644
35,S8,BWHvy,local,local,0,local,local,0,0.44292157888412476,0.4653090238571167,0.022387444972991943,0.00490574911236763,0.08490137755870819,0.44292157888412476,0.4653090238571167,0.28355610370635986,0.3036193549633026,0.2735223174095154,0.23107163608074188
36,S1,LatCrit,local,local,0,BS1,BS1,0,0.5097329616546631,0.534687876701355,0.024954915046691895,0.0022481773048639297,0.056729525327682495,0.5097329616546631,0.534687876701355,0.26574406027793884,0.2373792976140976,0.22452299296855927,0.22793284058570862
36,S1,ComHvy,local,local,0,local,local,0,0.5526695251464844,0.5475093126296997,-0.005160212516784668,0.00021222024224698544,0.016636401414871216,0.5526695251464844,0.5475093126296997,0.2009008228778839,0.2092190384864807,0.2464296817779541,0.24327170848846436
36,S1,BWHvy,local,local,0,local,local,0,0.4843713641166687,0.4682295322418213,-0.016141831874847412,0.000646239030174911,0.03228367865085602,0.4843713641166687,0.4682295322418213,0.292994886636734,0.307923287153244,0.2226337492465973,0.2238471955060959
36,S2,LatCrit,local,local,0,local,local,0,0.5958404541015625,0.5804585218429565,-0.015381932258605957,0.0008634570986032486,0.03169699013233185,0.5958404541015625,0.5804585218429565,0.22464606165885925,0.2241794914007187,0.17951345443725586,0.1953619420528412
36,S2,ComHvy,local,local,0,local,local,0,0.49259573221206665,0.5089436769485474,0.016347944736480713,0.0010449476540088654,0.03888508677482605,0.49259573221206665,0.5089436769485474,0.24575315415859222,0.24884776771068573,0.26165109872817993,0.2422085702419281
36,S2,BWHvy,local,local,0,local,local,0,0.4655965566635132,0.44122594594955444,-0.02437061071395874,0.0012062303721904755,0.04874122142791748,0.4655965566635132,0.44122594594955444,0.20177310705184937,0.212242990732193,0.33263033628463745,0.34653106331825256
36,S3,LatCrit,local,local,0,local,local,0,0.5135802030563354,0.4987143874168396,-0.01486581563949585,0.002954784780740738,0.05799400806427002,0.5135802030563354,0.4987143874168396,0.15423895418643951,0.1832359880208969,0.33218079805374146,0.3180496394634247
36,S3,ComHvy,local,local,0,local,local,0,0.47671836614608765,0.5070202350616455,0.03030186891555786,0.0018391981720924377,0.060603752732276917,0.47671836614608765,0.5070202350616455,0.2745836079120636,0.2594231367111206,0.24869804084300995,0.2335566282272339
36,S3,BWHvy,local,local,0,local,local,0,0.4547727108001709,0.4693104028701782,0.014537692070007324,0.001763741485774517,0.05246257781982422,0.4547727108001709,0.4693104028701782,0.28646644949913025,0.26023516058921814,0.25876083970069885,0.27045443654060364
36,S4,LatCrit,local,local,0,local,BS2,1,0.4381716251373291,0.40617483854293823,-0.03199678659439087,0.004389330744743347,0.08669552206993103,0.4381716251373291,0.40617483854293823,0.26791706681251526,0.2565661072731018,0.29391127824783325,0.33725905418395996
36,S4,ComHvy,local,local,0,local,local,0,0.5459846258163452,0.5624569654464722,0.016472339630126953,0.0005579548887908459,0.032944753766059875,0.5459846258163452,0.5624569654464722,0.2615315020084381,0.2507534623146057,0.19248390197753906,0.18678952753543854
36,S4,BWHvy,local,local,0,local,local,0,0.4597485065460205,0.45808470249176025,-0.001663804054260254,0.00128239206969738,0.038464292883872986,0.4597485065460205,0.45808470249176025,0.22968192398548126,0.24891406297683716,0.3105695843696594,0.2930012345314026
36,S5,LatCrit,local,local,0,local,local,0,0.5740124583244324,0.5724480748176575,-0.0015643835067749023,6.473157554864883e-05,0.008652463555335999,0.5740124583244324,0.5724480748176575,0.2037750631570816,0.208101287484169,0.22221247851848602,0.21945062279701233
36,S5,ComHvy,local,local,0,BS2,BS2,0,0.4399290084838867,0.43272191286087036,-0.007207095623016357,0.0017606765031814575,0.04833704233169556,0.4399290084838867,0.43272191286087036,0.21371354162693024,0.23788206279277802,0.34635743498802185,0.32939600944519043
36,S5,BWHvy,local,local,0,local,local,0,0.5034886598587036,0.5156738758087158,0.012185215950012207,0.00048228073865175247,0.027915403246879578,0.5034886598587036,0.5156738758087158,0.3054184019565582,0.29146072268486023,0.19109289348125458,0.19286540150642395
36,S6,LatCrit,local,local,0,BS2,local,1,0.514994740486145,0.5466060638427734,0.03161132335662842,0.004981417208909988,0.08694115281105042,0.514994740486145,0.5466060638427734,0.2011299878358841,0.2129892259836197,0.28387531638145447,0.24040472507476807
36,S6,ComHvy,local,local,0,local,local,0,0.5176673531532288,0.5077449083328247,-0.009922444820404053,0.00028022367041558027,0.019844859838485718,0.5176673531532288,0.5077449083328247,0.1963474005460739,0.20488734543323517,0.2859852612018585,0.28736773133277893
36,S6,BWHvy,local,local,0,local,local,0,0.42441117763519287,0.42545032501220703,0.0010391473770141602,6.572343409061432e-05,0.009567081928253174,0.42441117763519287,0.42545032501220703,0.29072901606559753,0.29447343945503235,0.2848597764968872,0.280076265335083
36,S7,LatCrit,local,local,0,local,local,0,0.49489545822143555,0.5252565145492554,0.030361056327819824,0.005057435482740402,0.08733054995536804,0.49489545822143555,0.5252565145492554,0.22348763048648834,0.23679186403751373,0.2816168963909149,0.2379516363143921
36,S7,ComHvy,local,local,0,BS2,local,1,0.4875398278236389,0.49661147594451904,0.009071648120880127,0.006996713578701019,0.09171411395072937,0.4875398278236389,0.49661147594451904,0.2397051900625229,0.27649059891700745,0.2727549970149994,0.2268979400396347
36,S7,BWHvy,local,local,0,local,local,0,0.5368821024894714,0.5741140842437744,0.03723198175430298,0.0028378628194332123,0.07446390390396118,0.5368821024894714,0.5741140842437744,0.2277355045080185,0.21148844063282013,0.23538237810134888,0.21439751982688904
36,S8,LatCrit,local,local,0,local,local,0,0.3948975205421448,0.379932701587677,-0.014964818954467773,0.0005401382222771645,0.029929667711257935,0.3948975205421448,0.379932701587677,0.30229517817497253,0.31439200043678284,0.3028072714805603,0.30567529797554016
36,S8,ComHvy,local,local,0,local,local,0,0.5127521753311157,0.4612386226654053,-0.05151355266571045,0.006584621965885162,0.10302712023258209,0.5127521753311157,0.4612386226654053,0.25231030583381653,0.2595842778682709,0.23493747413158417,0.27917706966400146
36,S8,BWHvy,local,local,0,local,local,0,0.4744632840156555,0.5241223573684692,0.04965907335281372,0.006368368864059448,0.09931817650794983,0.4744632840156555,0.5241223573684692,0.23487462103366852,0.2302173525094986,0.29066208004951477,0.24566024541854858
37,S1,LatCrit,local,local,0,local,local,0,0.5275990962982178,0.5313328504562378,0.0037337541580200195,0.0002414807677268982,0.017760172486305237,0.5275990962982178,0.5313328504562378,0.2396918684244156,0.2448381930589676,0.23270902037620544,0.22382892668247223
37,S1,ComHvy,local,local,0,local,local,0,0.5148665308952332,0.492029070854187,-0.022837460041046143,0.0010671867057681084,0.045674920082092285,0.5148665308952332,0.492029070854187,0.19865885376930237,0.20553255081176758,0.2864746153354645,0.3024383783340454
37,S1,BWHvy,local,local,0,local,local,0,0.519315779209137,0.4942691922187805,-0.025046586990356445,0.002623145468533039,0.06480346620082855,0.519315779209137,0.4942691922187805,0.25866082310676575,0.2910625636577606,0.2220233827829361,0.21466824412345886
37,S2,LatCrit,local,local,0,local,local,0,0.5657153129577637,0.5359630584716797,-0.029752254486083984,0.002973424270749092,0.06122787296772003,0.5657153129577637,0.5359630584716797,0.23759078979492188,0.23672910034656525,0.19669392704963684,0.22730785608291626
37,S2,ComHvy,local,local,0,BS1,BS1,0,0.47472095489501953,0.4840243458747864,0.009303390979766846,0.0021385028958320618,0.053172409534454346,0.47472095489501953,0.4840243458747864,0.24893620610237122,0.22235000133514404,0.27634283900260925,0.2936256527900696
37,S2,BWHvy,local,local,0,local,local,0,0.4435731768608093,0.43571412563323975,-0.00785905122756958,0.004428800195455551,0.07442368566989899,0.4435731768608093,0.43571412563323975,0.20056502521038055,0.23777687549591064,0.3558617830276489,0.3265089988708496
37,S3,LatCrit,local,local,0,local,local,0,0.47479552030563354,0.5095571279525757,0.03476160764694214,0.010782204568386078,0.12552538514137268,0.47479552030563354,0.5095571279525757,0.23742946982383728,0.2654305696487427,0.2877750098705292,0.22501233220100403
37,S3,ComHvy,local,local,0,local,local,0,0.5050734281539917,0.5346856117248535,0.029612183570861816,0.0017819786444306374,0.05922439694404602,0.5050734281539917,0.5346856117248535,0.2903607189655304,0.27075260877609253,0.2045658677816391,0.19456176459789276
37,S3,BWHvy,local,local,0,local,local,0,0.475241482257843,0.47089117765426636,-0.00435030460357666,3.911345265805721e-05,0.008700624108314514,0.475241482257843,0.47089117765426636,0.19953475892543793,0.2006448209285736,0.32522377371788025,0.3284640312194824
37,S4,LatCrit,local,BS2,1,BS2,BS2,0,0.353904128074646,0.3457733392715454,-0.008130788803100586,0.0019192658364772797,0.05756819248199463,0.353904128074646,0.3345679044723511,0.3291066586971283,0.3196588158607483,0.3169892132282257,0.3457733392715454
37,S4,ComHvy,local,local,0,local,local,0,0.5390053987503052,0.5169209241867065,-0.022084474563598633,0.0017648313660174608,0.05145609378814697,0.5390053987503052,0.5169209241867065,0.24385517835617065,0.26958322525024414,0.21713940799236298,0.21349583566188812
37,S4,BWHvy,local,local,0,local,local,0,0.5084198713302612,0.5496373176574707,0.04121744632720947,0.008219826966524124,0.1052834540605545,0.5084198713302612,0.5496373176574707,0.23824186623096466,0.24966613948345184,0.2533382177352905,0.20069648325443268
37,S5,LatCrit,local,local,0,local,local,0,0.5070741176605225,0.5022802352905273,-0.004793882369995117,0.00012000242713838816,0.012125760316848755,0.5070741176605225,0.5022802352905273,0.19025205075740814,0.1963149756193161,0.3026737868785858,0.30140483379364014
37,S5,ComHvy,local,local,0,local,local,0,0.4926092028617859,0.47744160890579224,-0.015167593955993652,0.001572389155626297,0.05074396729469299,0.4926092028617859,0.47744160890579224,0.27497586607933044,0.30034786462783813,0.23241491615772247,0.22221054136753082
37,S5,BWHvy,local,local,0,BS2,BS2,0,0.4275025725364685,0.4527071714401245,0.025204598903656006,0.0014696922153234482,0.0504092276096344,0.4275025725364685,0.4527071714401245,0.2914557456970215,0.28553828597068787,0.28104168176651,0.26175451278686523
37,S6,LatCrit,local,local,0,local,local,0,0.5111383199691772,0.5267666578292847,0.015628337860107422,0.001026161015033722,0.03741830587387085,0.5111383199691772,0.5267666578292847,0.2499469369649887,0.2530277669429779,0.23891472816467285,0.22020559012889862
37,S6,ComHvy,local,local,0,local,local,0,0.4832680821418762,0.5021255016326904,0.01885741949081421,0.0007290458306670189,0.037714824080467224,0.4832680821418762,0.5021255016326904,0.20972205698490143,0.2000434696674347,0.30700984597206116,0.2978310286998749
37,S6,BWHvy,local,local,0,local,local,0,0.360576331615448,0.3642462491989136,0.003669917583465576,0.00011626863852143288,0.01449093222618103,0.360576331615448,0.3642462491989136,0.28806349635124207,0.2916390597820282,0.35136017203330994,0.3441147208213806
37,S7,LatCrit,local,local,0,local,local,0,0.5314691662788391,0.5999019145965576,0.0684327483177185,0.01076984778046608,0.1368655413389206,0.5314691662788391,0.5999019145965576,0.18125881254673004,0.1686563342809677,0.28727203607559204,0.23144172132015228
37,S7,ComHvy,local,local,0,local,local,0,0.5016745328903198,0.47620338201522827,-0.025471150875091553,0.001750053372234106,0.052253350615501404,0.5016745328903198,0.47620338201522827,0.2988387644290924,0.3249654173851013,0.19948671758174896,0.19883117079734802
37,S7,BWHvy,local,local,0,local,local,0,0.5687869191169739,0.5798248052597046,0.011037886142730713,0.0007234849035739899,0.03111456334590912,0.5687869191169739,0.5798248052597046,0.22298286855220795,0.2074255645275116,0.20823022723197937,0.21274960041046143
37,S8,LatCrit,local,local,0,BS2,BS2,0,0.4025922417640686,0.3744596838951111,-0.02813255786895752,0.0019321017898619175,0.05626511573791504,0.4025922417640686,0.3744596838951111,0.2882285714149475,0.31100213527679443,0.3091791868209839,0.3145381808280945
37,S8,ComHvy,local,local,0,local,local,0,0.5929423570632935,0.5407242774963379,-0.052218079566955566,0.0059541985392570496,0.10443606972694397,0.5929423570632935,0.5407242774963379,0.20036140084266663,0.21561475098133087,0.2066962718963623,0.24366091191768646
37,S8,BWHvy,local,local,0,BS1,BS1,0,0.4298645853996277,0.44500213861465454,0.015137553215026855,0.0012607425451278687,0.043140023946762085,0.4298645853996277,0.44500213861465454,0.3065282702445984,0.31296074390411377,0.26360711455345154,0.2420371174812317
38,S1,LatCrit,local,local,0,local,local,0,0.5690267086029053,0.5493431091308594,-0.0196835994720459,0.003813721239566803,0.07142259180545807,0.5690267086029053,0.5493431091308594,0.23374493420124054,0.21771718561649323,0.19722840189933777,0.23293964564800262
38,S1,ComHvy,local,local,0,local,local,0,0.5368659496307373,0.5282840728759766,-0.008581876754760742,0.001630149781703949,0.046657755970954895,0.5368659496307373,0.5282840728759766,0.17017215490341187,0.15542514622211456,0.29296186566352844,0.3162907361984253
38,S1,BWHvy,local,local,0,local,local,0,0.47296398878097534,0.474692702293396,0.0017287135124206543,2.7524074539542198e-05,0.0065430402755737305,0.47296398878097534,0.474692702293396,0.25344884395599365,0.25499165058135986,0.2735871970653534,0.27031567692756653
38,S2,LatCrit,local,local,0,local,local,0,0.5338077545166016,0.5694290399551392,0.0356212854385376,0.0028529521077871323,0.07124260067939758,0.5338077545166016,0.5694290399551392,0.2513978183269501,0.23961608111858368,0.21479447185993195,0.19095489382743835
38,S2,ComHvy,local,local,0,local,local,0,0.48759180307388306,0.5118670463562012,0.024275243282318115,0.002339892089366913,0.05649937689304352,0.48759180307388306,0.5118670463562012,0.26207709312438965,0.2660515308380127,0.2503310739994049,0.22208137810230255
38,S2,BWHvy,local,local,0,local,local,0,0.48220109939575195,0.4625815749168396,-0.019619524478912354,0.0076614487916231155,0.10142824053764343,0.48220109939575195,0.4625815749168396,0.19430021941661835,0.24501435458660126,0.3234986662864685,0.29240408539772034
38,S3,LatCrit,local,local,0,local,local,0,0.5329061150550842,0.5405950546264648,0.007688939571380615,0.0026744678616523743,0.056034281849861145,0.5329061150550842,0.5405950546264648,0.22376349568367004,0.2440917044878006,0.24333040416240692,0.21531327068805695
38,S3,ComHvy,local,local,0,BS1,local,1,0.45111972093582153,0.490830659866333,0.039710938930511475,0.0032302038744091988,0.07942183315753937,0.45111972093582153,0.490830659866333,0.33505779504776,0.3068748414516449,0.21382246911525726,0.20229452848434448
38,S3,BWHvy,local,local,0,local,local,0,0.47385138273239136,0.5129457116127014,0.03909432888031006,0.00343501940369606,0.0781886875629425,0.47385138273239136,0.5129457116127014,0.1984928995370865,0.17486481368541718,0.32765576243400574,0.3121894896030426
38,S4,LatCrit,local,local,0,BS2,BS2,0,0.38341736793518066,0.3861956000328064,0.0027782320976257324,0.0004366068169474602,0.024480745196342468,0.38341736793518066,0.3861956000328064,0.3631254732608795,0.3725876212120056,0.2534571588039398,0.24121679365634918
38,S4,ComHvy,local,local,0,local,local,0,0.4969782829284668,0.48188674449920654,-0.015091538429260254,0.001667410135269165,0.04861597716808319,0.4969782829284668,0.48188674449920654,0.28885117173194885,0.2796346843242645,0.21417059004306793,0.23847854137420654
38,S4,BWHvy,local,local,0,local,local,0,0.5574631094932556,0.5631204843521118,0.005657374858856201,0.004627842456102371,0.06914442777633667,0.5574631094932556,0.5631204843521118,0.17756232619285583,0.20647718012332916,0.26497456431388855,0.2304023653268814
38,S5,LatCrit,local,local,0,local,local,0,0.5341587066650391,0.5671439170837402,0.03298521041870117,0.002226433716714382,0.06597042083740234,0.5341587066650391,0.5671439170837402,0.2341930866241455,0.2155071496963501,0.23164822161197662,0.21734894812107086
38,S5,ComHvy,local,local,0,BS2,BS2,0,0.49788224697113037,0.4618071913719177,-0.036075055599212646,0.003042371943593025,0.07215006649494171,0.49788224697113037,0.4618071913719177,0.24443943798542023,0.2508612275123596,0.2576783299446106,0.28733155131340027
38,S5,BWHvy,local,local,0,local,local,0,0.42072194814682007,0.4039936065673828,-0.016728341579437256,0.0010180093813687563,0.03801727294921875,0.42072194814682007,0.4039936065673828,0.25777196884155273,0.2767806053161621,0.3215060830116272,0.3192257881164551
38,S6,LatCrit,local,local,0,local,local,0,0.48619896173477173,0.47117114067077637,-0.015027821063995361,0.006189214065670967,0.09258565306663513,0.48619896173477173,0.47117114067077637,0.23270699381828308,0.27899980545043945,0.2810940742492676,0.24982905387878418
38,S6,ComHvy,local,local,0,local,local,0,0.5442277789115906,0.5762370824813843,0.0320093035697937,0.0028612553142011166,0.0640186220407486,0.5442277789115906,0.5762370824813843,0.21095943450927734,0.1838618814945221,0.24481281638145447,0.23990105092525482
38,S6,BWHvy,local,local,0,BS2,BS2,0,0.3645132780075073,0.39891916513442993,0.03440588712692261,0.0032278336584568024,0.0688118040561676,0.3645132780075073,0.39891916513442993,0.2734486162662506,0.27299463748931885,0.36203810572624207,0.32808616757392883
38,S7,LatCrit,local,local,0,local,local,0,0.6025865077972412,0.6287854909896851,0.026198983192443848,0.0014573121443390846,0.05239799618721008,0.6025865077972412,0.6287854909896851,0.16398213803768158,0.15335918962955475,0.23343132436275482,0.21785525977611542
38,S7,ComHvy,local,local,0,BS1,BS1,0,0.46337205171585083,0.4416484832763672,-0.021723568439483643,0.0009544463828206062,0.04344715178012848,0.46337205171585083,0.4416484832763672,0.31449514627456665,0.32762381434440613,0.22213278710842133,0.23072770237922668
38,S7,BWHvy,local,local,0,local,local,0,0.5204682350158691,0.5346713066101074,0.014203071594238281,0.0007692631334066391,0.03434114158153534,0.5204682350158691,0.5346713066101074,0.2036222368478775,0.20658975839614868,0.2759094834327698,0.2587389349937439
38,S8,LatCrit,local,local,0,local,local,0,0.3733717203140259,0.38411372900009155,0.010742008686065674,0.002277696505188942,0.061769306659698486,0.3733717203140259,0.38411372900009155,0.3628711700439453,0.33198651671409607,0.2637571096420288,0.2838997542858124
38,S8,ComHvy,local,local,0,local,local,0,0.5359797477722168,0.5373289585113525,0.0013492107391357422,0.0008407300338149071,0.029183968901634216,0.5359797477722168,0.5373289585113525,0.2648463547229767,0.250254362821579,0.1991739273071289,0.21241669356822968
38,S8,BWHvy,local,local,0,BS1,BS1,0,0.42026621103286743,0.45243072509765625,0.03216451406478882,0.00834997370839119,0.1072816252708435,0.42026621103286743,0.45243072509765625,0.3216679096221924,0.3431442081928253,0.2580659091472626,0.20442509651184082
39,S1,LatCrit,local,local,0,local,local,0,0.5338538289070129,0.5597413778305054,0.02588754892349243,0.0014470787718892097,0.05177512764930725,0.5338538289070129,0.5597413778305054,0.25317224860191345,0.2347411960363388,0.212973952293396,0.20551742613315582
39,S1,ComHvy,local,local,0,local,local,0,0.5771045684814453,0.6194829940795898,0.04237842559814453,0.005347404628992081,0.08475686609745026,0.5771045684814453,0.6194829940795898,0.1801745444536209,0.1785297840833664,0.24272088706493378,0.20198720693588257
39,S1,BWHvy,local,local,0,local,BS1,1,0.4898664355278015,0.4697410464286804,-0.020125389099121094,0.0012117456644773483,0.040250733494758606,0.4898664355278015,0.4697410464286804,0.27555030584335327,0.27594080567359924,0.2345832735300064,0.25431811809539795
39,S2,LatCrit,local,local,0,local,local,0,0.5720738172531128,0.5566661357879639,-0.015407681465148926,0.0007449591648764908,0.03162200748920441,0.5720738172531128,0.5566661357879639,0.22391507029533386,0.23972608149051666,0.20401111245155334,0.20360779762268066
39,S2,ComHvy,local,local,0,local,local,0,0.562420129776001,0.5095206499099731,-0.05289947986602783,0.0060277217999100685,0.10579894483089447,0.562420129776001,0.5095206499099731,0.22893835604190826,0.2672118842601776,0.20864154398441315,0.22326748073101044
39,S2,BWHvy,local,local,0,local,local,0,0.4986717700958252,0.5247156023979187,0.026043832302093506,0.005419094115495682,0.07911050319671631,0.4986717700958252,0.5247156023979187,0.20203691720962524,0.1624816358089447,0.29929134249687195,0.3128027319908142
39,S3,LatCrit,local,local,0,local,local,0,0.48748451471328735,0.4849873185157776,-0.0024971961975097656,4.1548628360033035e-05,0.007938772439956665,0.48748451471328735,0.4849873185157776,0.2606693506240845,0.2591971457004547,0.25184616446495056,0.2558155357837677
39,S3,ComHvy,local,local,0,local,local,0,0.4310024380683899,0.4632487893104553,0.03224635124206543,0.0022239387035369873,0.06449274718761444,0.4310024380683899,0.4632487893104553,0.2139049768447876,0.19635750353336334,0.3550926148891449,0.34039369225502014
39,S3,BWHvy,local,local,0,local,local,0,0.5050497055053711,0.4895942807197571,-0.015455424785614014,0.001419639214873314,0.04864878952503204,0.5050497055053711,0.4895942807197571,0.21120598912239075,0.20233701169490814,0.28374430537223816,0.3080686926841736
39,S4,LatCrit,local,local,0,local,local,0,0.45109403133392334,0.4048236608505249,-0.04627037048339844,0.005937736481428146,0.09476132690906525,0.45109403133392334,0.4048236608505249,0.24863320589065552,0.24752290546894073,0.30027276277542114,0.34765341877937317
39,S4,ComHvy,local,local,0,local,local,0,0.5342139601707458,0.5353481769561768,0.0011342167854309082,0.00019951257854700089,0.014433875679969788,0.5342139601707458,0.5353481769561768,0.2562592625617981,0.2623419761657715,0.20952676236629486,0.20230981707572937
39,S4,BWHvy,local,local,0,local,local,0,0.49459004402160645,0.4847809672355652,-0.00980907678604126,0.00032059289515018463,0.02001340687274933,0.49459004402160645,0.4847809672355652,0.2865241765975952,0.2863265573978424,0.21888576447963715,0.2288924753665924
39,S5,LatCrit,local,local,0,local,local,0,0.5170063376426697,0.5042279362678528,-0.012778401374816895,0.002533305436372757,0.05926167964935303,0.5170063376426697,0.5042279362678528,0.25840437412261963,0.2415519505739212,0.2245892435312271,0.2542200982570648
39,S5,ComHvy,local,local,0,local,local,0,0.4644554853439331,0.47721266746520996,0.012757182121276855,0.0004546167328953743,0.027546077966690063,0.4644554853439331,0.47721266746520996,0.18742501735687256,0.18844088912010193,0.34811949729919434,0.3343464732170105
39,S5,BWHvy,local,local,0,local,local,0,0.5195436477661133,0.5298211574554443,0.010277509689331055,0.003991026431322098,0.06884565949440002,0.5195436477661133,0.5298211574554443,0.24291163682937622,0.26705697178840637,0.2375447005033493,0.20312188565731049
39,S6,LatCrit,local,local,0,local,local,0,0.4958890676498413,0.5383859872817993,0.04249691963195801,0.006418907083570957,0.09092354774475098,0.4958890676498413,0.5383859872817993,0.25169578194618225,0.20623400807380676,0.25241515040397644,0.2553800046443939
39,S6,ComHvy,local,local,0,local,local,0,0.522139310836792,0.5219634771347046,-0.00017583370208740234,2.268236130475998e-05,0.004820883274078369,0.522139310836792,0.5219634771347046,0.22817076742649078,0.23058123886585236,0.24968987703323364,0.24745529890060425
39,S6,BWHvy,local,local,0,local,local,0,0.4496449828147888,0.42571961879730225,-0.023925364017486572,0.002844426780939102,0.07001964747905731,0.4496449828147888,0.42571961879730225,0.2573367953300476,0.24625231325626373,0.29301828145980835,0.3280280828475952
39,S7,LatCrit,local,local,0,local,local,0,0.5810645818710327,0.5923457145690918,0.011281132698059082,0.0014647729694843292,0.0435849130153656,0.5810645818710327,0.5923457145690918,0.18079741299152374,0.19130873680114746,0.23813799023628235,0.21634553372859955
39,S7,ComHvy,local,local,0,local,local,0,0.5392745733261108,0.5639044046401978,0.024629831314086914,0.003969985991716385,0.07015755772590637,0.5392745733261108,0.5639044046401978,0.24517428874969482,0.2556232213973999,0.21555112302303314,0.18047232925891876
39,S7,BWHvy,local,local,0,local,local,0,0.5545158982276917,0.5888089537620544,0.03429305553436279,0.002611852250993252,0.06858612596988678,0.5545158982276917,0.5888089537620544,0.20109343528747559,0.17947393655776978,0.24439068138599396,0.23171710968017578
39,S8,LatCrit,local,local,0,local,BS2,1,0.4363885521888733,0.3859434723854065,-0.0504450798034668,0.005864188075065613,0.1008901298046112,0.4363885521888733,0.3859434723854065,0.2636260390281677,0.2734620273113251,0.299985408782959,0.34059447050094604
39,S8,ComHvy,local,local,0,local,BS1,1,0.4640786051750183,0.4181821942329407,-0.04589641094207764,0.004860004410147667,0.09179280698299408,0.4640786051750183,0.4181821942329407,0.30458709597587585,0.31734439730644226,0.23133431375026703,0.26447340846061707
39,S8,BWHvy,local,local,0,BS2,BS2,0,0.41618841886520386,0.4127395749092102,-0.0034488439559936523,0.0001003611832857132,0.013010263442993164,0.41618841886520386,0.4127395749092102,0.28289517760276794,0.2798388600349426,0.3009164333343506,0.3074215352535248
40,S1,LatCrit,local,local,0,local,local,0,0.548736572265625,0.5565782785415649,0.007841706275939941,0.0005690576508641243,0.026530906558036804,0.548736572265625,0.5565782785415649,0.20210452377796173,0.18883907794952393,0.24915888905525208,0.25458264350891113
40,S1,ComHvy,local,local,0,local,local,0,0.538442850112915,0.548599123954773,0.01015627384185791,0.0008987262845039368,0.0360284149646759,0.538442850112915,0.548599123954773,0.20175565779209137,0.2096136063337326,0.2598014771938324,0.24178728461265564
40,S1,BWHvy,local,local,0,local,local,0,0.42590975761413574,0.44018441438674927,0.014274656772613525,0.0022856034338474274,0.06046822667121887,0.42590975761413574,0.44018441438674927,0.30735263228416443,0.2771185338497162,0.26673758029937744,0.28269705176353455
40,S2,LatCrit,local,local,0,local,local,0,0.48383641242980957,0.4728899598121643,-0.010946452617645264,0.0006042607128620148,0.031276553869247437,0.48383641242980957,0.4728899598121643,0.24402804672718048,0.23933620750904083,0.27213555574417114,0.28777381777763367
40,S2,ComHvy,local,local,0,local,local,0,0.5700876116752625,0.5412876605987549,-0.02879995107650757,0.002785906195640564,0.06359869241714478,0.5700876116752625,0.5412876605987549,0.23054979741573334,0.26234912872314453,0.19936257600784302,0.196363165974617
40,S2,BWHvy,local,local,0,local,local,0,0.4686736464500427,0.48992031812667847,0.021246671676635742,0.0013137776404619217,0.042493343353271484,0.4686736464500427,0.48992031812667847,0.3047238886356354,0.3024040758609772,0.2266024798154831,0.20767562091350555
40,S3,LatCrit,local,local,0,local,local,0,0.46084487438201904,0.4542989730834961,-0.006545901298522949,0.00047820061445236206,0.02794612944126129,0.46084487438201904,0.4542989730834961,0.3044617772102356,0.31843483448028564,0.23469334840774536,0.22726617753505707
40,S3,ComHvy,local,local,0,BS2,BS2,0,0.44200271368026733,0.4477970600128174,0.005794346332550049,0.0012195715680718422,0.04085239768028259,0.44200271368026733,0.4477970600128174,0.26587554812431335,0.24544933438301086,0.2921217381954193,0.30675357580184937
40,S3,BWHvy,local,local,0,local,local,0,0.462802529335022,0.4299014210700989,-0.032901108264923096,0.002877499908208847,0.06580221652984619,0.462802529335022,0.4299014210700989,0.23558767139911652,0.235837921500206,0.3016098141670227,0.3342606723308563
40,S4,LatCrit,local,local,0,local,local,0,0.5223991870880127,0.5159832835197449,-0.006415903568267822,0.0001236683747265488,0.01293039321899414,0.5223991870880127,0.5159832835197449,0.2447504699230194,0.2512156665325165,0.2328503578901291,0.23280106484889984
40,S4,ComHvy,local,local,0,local,local,0,0.5302125811576843,0.528153657913208,-0.0020589232444763184,0.0008565094321966171,0.03032858669757843,0.5302125811576843,0.528153657913208,0.24377180635929108,0.23066642880439758,0.2260156124830246,0.24117989838123322
40,S4,BWHvy,local,local,0,local,local,0,0.542039155960083,0.5314691662788391,-0.010569989681243896,0.0004886230453848839,0.026850804686546326,0.542039155960083,0.5314691662788391,0.2376132756471634,0.25103870034217834,0.2203475534915924,0.21749216318130493
40,S5,LatCrit,local,local,0,local,local,0,0.4446532130241394,0.44361013174057007,-0.001043081283569336,0.0006361668929457664,0.027614593505859375,0.4446532130241394,0.44361013174057007,0.27648869156837463,0.2637244760990143,0.27885809540748596,0.29266539216041565
40,S5,ComHvy,local,local,0,local,local,0,0.4810692071914673,0.4777333736419678,-0.0033358335494995117,0.0001576840877532959,0.015564396977424622,0.4810692071914673,0.4777333736419678,0.2272423654794693,0.2227959930896759,0.2916884422302246,0.2994706332683563
40,S5,BWHvy,local,local,0,local,local,0,0.4961569309234619,0.512385368347168,0.016228437423706055,0.0006831446662545204,0.032456859946250916,0.4961569309234619,0.512385368347168,0.2286759465932846,0.22736570239067078,0.2751671075820923,0.26024892926216125
40,S6,LatCrit,local,local,0,local,local,0,0.5723732709884644,0.5593163967132568,-0.01305687427520752,0.0009118504822254181,0.03759804368019104,0.5723732709884644,0.5593163967132568,0.25377216935157776,0.2725712060928345,0.17385457456111908,0.16811244189739227
40,S6,ComHvy,local,local,0,local,local,0,0.4717109203338623,0.4408975839614868,-0.03081333637237549,0.0027270738501101732,0.06511326134204865,0.4717109203338623,0.4408975839614868,0.2962122857570648,0.32876890897750854,0.23207677900791168,0.23033347725868225
40,S6,BWHvy,local,local,0,local,local,0,0.48394036293029785,0.5193835496902466,0.03544318675994873,0.00397176668047905,0.07088641822338104,0.48394036293029785,0.5193835496902466,0.2882368862628937,0.28624963760375977,0.22782275080680847,0.19436676800251007
40,S7,LatCrit,local,local,0,local,local,0,0.5740021467208862,0.5542134642601013,-0.019788682460784912,0.0008471631444990635,0.039577409625053406,0.5740021467208862,0.5542134642601013,0.2091543972492218,0.22235888242721558,0.21684342622756958,0.2234276682138443
40,S7,ComHvy,local,local,0,local,local,0,0.5188628435134888,0.5154157876968384,-0.0034470558166503906,0.0004098033532500267,0.022990792989730835,0.5188628435134888,0.5154157876968384,0.25506240129470825,0.2665577828884125,0.22607477009296417,0.21802641451358795
40,S7,BWHvy,local,local,0,local,local,0,0.5137073993682861,0.49772489070892334,-0.015982508659362793,0.0029292460530996323,0.06575310230255127,0.5137073993682861,0.49772489070892334,0.24680927395820618,0.22991520166397095,0.23948338627815247,0.2723599076271057
40,S8,LatCrit,local,local,0,local,local,0,0.5328148603439331,0.548995316028595,0.016180455684661865,0.0014229700900614262,0.04265126585960388,0.5328148603439331,0.548995316028595,0.21552333235740662,0.19419768452644348,0.25166183710098267,0.25680699944496155
40,S8,ComHvy,local,local,0,local,local,0,0.468253493309021,0.45413726568222046,-0.014116227626800537,0.0009598657488822937,0.037109971046447754,0.468253493309021,0.45413726568222046,0.3014712929725647,0.29703253507614136,0.2302752435207367,0.24883022904396057
40,S8,BWHvy,local,local,0,local,local,0,0.5225174427032471,0.5441467761993408,0.02162933349609375,0.0009630108252167702,0.04325869679450989,0.5225174427032471,0.5441467761993408,0.2592906057834625,0.249729186296463,0.2181919515132904,0.20612400770187378
41,S1,LatCrit,local,local,0,local,local,0,0.5052931308746338,0.514922022819519,0.009628891944885254,0.00046516209840774536,0.02626754343509674,0.5052931308746338,0.514922022819519,0.23886847496032715,0.24237334728240967,0.2558383643627167,0.2427045851945877
41,S1,ComHvy,local,local,0,BS1,BS1,0,0.4528998136520386,0.4477912187576294,-0.00510859489440918,0.00031400006264448166,0.02238437533378601,0.4528998136520386,0.4477912187576294,0.28699439764022827,0.29818660020828247,0.26010578870773315,0.2540222108364105
41,S1,BWHvy,local,local,0,local,local,0,0.5034646987915039,0.50523442029953,0.001769721508026123,0.0004963139072060585,0.023642659187316895,0.5034646987915039,0.50523442029953,0.23947718739509583,0.22765588760375977,0.2570580840110779,0.2671097218990326
41,S2,LatCrit,local,local,0,local,local,0,0.4574662446975708,0.43246185779571533,-0.02500438690185547,0.0020770207047462463,0.05861310660839081,0.4574662446975708,0.43246185779571533,0.23866944015026093,0.2343672811985016,0.30386433005332947,0.33317089080810547
41,S2,ComHvy,local,local,0,local,local,0,0.5575690269470215,0.5655496120452881,0.007980585098266602,0.0001840204931795597,0.01596119999885559,0.5575690269470215,0.5655496120452881,0.22554528713226318,0.2248864322900772,0.21688570082187653,0.2095639407634735
41,S2,BWHvy,local,local,0,local,local,0,0.47177445888519287,0.4466789960861206,-0.025095462799072266,0.0039258114993572235,0.07731318473815918,0.47177445888519287,0.4466789960861206,0.2973189353942871,0.2837578058242798,0.23090660572052002,0.2695631980895996
41,S3,LatCrit,local,local,0,local,local,0,0.4233945608139038,0.42295509576797485,-0.0004394650459289551,0.0007155220955610275,0.028635695576667786,0.4233945608139038,0.42295509576797485,0.3384675681591034,0.3527854382991791,0.2381378561258316,0.22425949573516846
41,S3,ComHvy,local,local,0,local,local,0,0.4651939272880554,0.47857481241226196,0.013380885124206543,0.00229698047041893,0.053878054022789,0.4651939272880554,0.47857481241226196,0.21675726771354675,0.18981821835041046,0.3180488348007202,0.3316069543361664
41,S3,BWHvy,local,local,0,BS1,BS1,0,0.39279013872146606,0.372719407081604,-0.02007073163986206,0.0008745584636926651,0.04014143347740173,0.39279013872146606,0.372719407081604,0.35325852036476135,0.3624842166900635,0.2539513409137726,0.26479634642601013
41,S4,LatCrit,local,local,0,local,local,0,0.4941781759262085,0.487617552280426,-0.006560623645782471,0.0043486617505550385,0.07259747385978699,0.4941781759262085,0.487617552280426,0.23604008555412292,0.2723388075828552,0.26978176832199097,0.24004364013671875
41,S4,ComHvy,local,local,0,local,local,0,0.5201610326766968,0.557849109172821,0.03768807649612427,0.0038931677117943764,0.07537616789340973,0.5201610326766968,0.557849109172821,0.23496749997138977,0.20207329094409943,0.24487145245075226,0.24007757008075714
41,S4,BWHvy,local,local,0,local,local,0,0.45780932903289795,0.4441795349121094,-0.013629794120788574,0.0009455624967813492,0.038819819688797,0.45780932903289795,0.4441795349121094,0.27699014544487,0.27121004462242126,0.26520052552223206,0.28461045026779175
41,S5,LatCrit,local,local,0,local,local,0,0.4639561176300049,0.4509010910987854,-0.013055026531219482,0.00039307726547122,0.026110023260116577,0.4639561176300049,0.4509010910987854,0.29198434948921204,0.3028048872947693,0.24405953288078308,0.24629399180412292
41,S5,ComHvy,local,local,0,BS1,BS1,0,0.3915939927101135,0.40032958984375,0.008735597133636475,0.000913478434085846,0.03677836060523987,0.3915939927101135,0.40032958984375,0.34984856843948364,0.3595021665096283,0.25855743885040283,0.2401682734489441
41,S5,BWHvy,local,local,0,local,local,0,0.5426619052886963,0.5311273336410522,-0.011534571647644043,0.0008777696639299393,0.034867286682128906,0.5426619052886963,0.5311273336410522,0.24591705203056335,0.24001801013946533,0.21142101287841797,0.2288546860218048
41,S6,LatCrit,local,local,0,local,local,0,0.5077024698257446,0.5058366060256958,-0.0018658638000488281,0.0010287277400493622,0.03362298011779785,0.5077024698257446,0.5058366060256958,0.2562442719936371,0.2412986308336258,0.2360532432794571,0.2528647184371948
41,S6,ComHvy,local,local,0,local,local,0,0.46672409772872925,0.44923466444015503,-0.01748943328857422,0.002582421526312828,0.06450986862182617,0.46672409772872925,0.44923466444015503,0.2634221017360687,0.2956770360469818,0.269853800535202,0.25508829951286316
41,S6,BWHvy,local,local,0,local,local,0,0.4702080488204956,0.4799196124076843,0.00971156358718872,0.00019293511286377907,0.01942312717437744,0.4702080488204956,0.4799196124076843,0.2544454038143158,0.25077834725379944,0.2753465473651886,0.26930204033851624
41,S7,LatCrit,local,local,0,local,local,0,0.5353293418884277,0.5106006860733032,-0.02472865581512451,0.0018839649856090546,0.05143260955810547,0.5353293418884277,0.5106006860733032,0.22581399977207184,0.22482633590698242,0.23885662853717804,0.2645729184150696
41,S7,ComHvy,local,local,0,local,local,0,0.5070221424102783,0.4956246018409729,-0.01139754056930542,0.0006228538695722818,0.029946550726890564,0.5070221424102783,0.4956246018409729,0.22945080697536469,0.24442407488822937,0.2635270655155182,0.25995132327079773
41,S7,BWHvy,local,local,0,local,local,0,0.41282522678375244,0.430939257144928,0.018114030361175537,0.0011561587452888489,0.0426754355430603,0.41282522678375244,0.430939257144928,0.2696744501590729,0.2728981375694275,0.3175003230571747,0.29616260528564453
41,S8,LatCrit,local,local,0,local,local,0,0.47463810443878174,0.4798235297203064,0.005185425281524658,0.001717718318104744,0.04581865668296814,0.47463810443878174,0.4798235297203064,0.24220775067806244,0.21929843723773956,0.28315412998199463,0.30087804794311523
41,S8,ComHvy,local,local,0,local,local,0,0.4363877773284912,0.4419013261795044,0.005513548851013184,0.0001140381209552288,0.012911021709442139,0.4363877773284912,0.4419013261795044,0.2920773923397064,0.2930193543434143,0.27153486013412476,0.2650793492794037
41,S8,BWHvy,local,local,0,local,local,0,0.4822347164154053,0.504287600517273,0.022052884101867676,0.0023202765733003616,0.060262084007263184,0.4822347164154053,0.504287600517273,0.28858551383018494,0.25845447182655334,0.2291797697544098,0.2372579276561737
42,S1,LatCrit,local,local,0,local,local,0,0.5034991502761841,0.5111203193664551,0.007621169090270996,0.00014893419574946165,0.015242338180541992,0.5034991502761841,0.5111203193664551,0.22793877124786377,0.22164380550384521,0.26856207847595215,0.2672358751296997
42,S1,ComHvy,local,local,0,local,local,0,0.5122587084770203,0.5270320177078247,0.014773309230804443,0.0010659890249371529,0.04049292206764221,0.5122587084770203,0.5270320177078247,0.27361294627189636,0.25336650013923645,0.21412833034992218,0.21960149705410004
42,S1,BWHvy,local,local,0,local,local,0,0.5122411251068115,0.5204897522926331,0.008248627185821533,0.0008216593414545059,0.033746346831321716,0.5122411251068115,0.5204897522926331,0.246460422873497,0.22958724200725555,0.24129846692085266,0.2499230057001114
42,S2,LatCrit,local,local,0,local,local,0,0.4678693413734436,0.4305221438407898,-0.03734719753265381,0.004621688276529312,0.08404487371444702,0.4678693413734436,0.4305221438407898,0.2659928798675537,0.261317640542984,0.2661378085613251,0.3081602454185486
42,S2,ComHvy,local,local,0,local,BS2,1,0.5240440368652344,0.4817447066307068,-0.04229933023452759,0.004508722573518753,0.08459866046905518,0.5240440368652344,0.4817447066307068,0.23594258725643158,0.2407471239566803,0.24001337587833405,0.2775081694126129
42,S2,BWHvy,local,local,0,local,local,0,0.45795202255249023,0.4544745087623596,-0.0034775137901306152,0.0016040503978729248,0.04486215114593506,0.45795202255249023,0.4544745087623596,0.29033830761909485,0.27138474583625793,0.2517096698284149,0.27414074540138245
42,S3,LatCrit,local,local,0,local,local,0,0.43075960874557495,0.4383178949356079,0.007558286190032959,0.0008876370266079903,0.037811070680618286,0.43075960874557495,0.4383178949356079,0.3328585922718048,0.3139530420303345,0.23638178408145905,0.24772901833057404
42,S3,ComHvy,local,local,0,local,local,0,0.5126702785491943,0.500878095626831,-0.011792182922363281,0.00034966866951435804,0.02358435094356537,0.5126702785491943,0.500878095626831,0.2374943494796753,0.2475137859582901,0.24983537197113037,0.25160810351371765
42,S3,BWHvy,local,local,0,local,local,0,0.5068012475967407,0.476307213306427,-0.03049403429031372,0.0020406804978847504,0.06098811328411102,0.5068012475967407,0.476307213306427,0.19716617465019226,0.2024688571691513,0.29603254795074463,0.3212239444255829
42,S4,LatCrit,local,local,0,BS2,BS2,0,0.4880865216255188,0.48703497648239136,-0.0010515451431274414,0.0008383337408304214,0.02970510721206665,0.4880865216255188,0.48703497648239136,0.20320506393909454,0.18940408527851105,0.30870839953422546,0.3235609829425812
42,S4,ComHvy,local,local,0,local,local,0,0.5188180208206177,0.5174986720085144,-0.0013193488121032715,0.00034028664231300354,0.019299104809761047,0.5188180208206177,0.5174986720085144,0.2528975009918213,0.24456730484962463,0.22828444838523865,0.23793400824069977
42,S4,BWHvy,local,local,0,BS1,BS1,0,0.4735114574432373,0.4797595143318176,0.006248056888580322,0.0011149439960718155,0.03931960463523865,0.4735114574432373,0.4797595143318176,0.2818143665790558,0.26215457916259766,0.2446741759777069,0.2580859363079071
42,S5,LatCrit,local,local,0,BS2,BS2,0,0.43020129203796387,0.44851571321487427,0.0183144211769104,0.0007201917469501495,0.03662887215614319,0.43020129203796387,0.44851571321487427,0.2614929676055908,0.25635698437690735,0.3083057701587677,0.2951273024082184
42,S5,ComHvy,local,local,0,local,local,0,0.4888837933540344,0.5262827277183533,0.03739893436431885,0.003206748515367508,0.0747978687286377,0.4888837933540344,0.5262827277183533,0.27566346526145935,0.2648851275444031,0.23545274138450623,0.20883214473724365
42,S5,BWHvy,local,local,0,local,local,0,0.45337265729904175,0.4552189111709595,0.0018462538719177246,9.883148595690727e-05,0.01173865795135498,0.45337265729904175,0.4552189111709595,0.28554898500442505,0.2895720601081848,0.2610783576965332,0.2552090287208557
42,S6,LatCrit,local,local,0,local,local,0,0.5689184665679932,0.5440050363540649,-0.024913430213928223,0.0016485343221575022,0.04982689023017883,0.5689184665679932,0.5440050363540649,0.21703943610191345,0.23931492865085602,0.21404209733009338,0.21668006479740143
42,S6,ComHvy,local,local,0,local,local,0,0.4533294439315796,0.4202987551689148,-0.033030688762664795,0.0035684325266629457,0.07330623269081116,0.4533294439315796,0.4202987551689148,0.27054157853126526,0.30719467997550964,0.27612897753715515,0.2725065350532532
42,S6,BWHvy,local,local,0,local,local,0,0.4185534715652466,0.4318947196006775,0.013341248035430908,0.0003638402558863163,0.02668246626853943,0.4185534715652466,0.4318947196006775,0.2575112581253052,0.2518477439880371,0.32393527030944824,0.3162575662136078
42,S7,LatCrit,local,local,0,local,local,0,0.4972873330116272,0.5031388998031616,0.005851566791534424,0.0008610012009739876,0.03251039981842041,0.4972873330116272,0.5031388998031616,0.21664643287658691,0.2003912329673767,0.2860662639141083,0.29646989703178406
42,S7,ComHvy,local,local,0,local,local,0,0.5243195295333862,0.527606725692749,0.003287196159362793,0.00028108153492212296,0.01895412802696228,0.5243195295333862,0.527606725692749,0.23279611766338348,0.23898595571517944,0.24288436770439148,0.23340727388858795
42,S7,BWHvy,local,local,0,local,local,0,0.5647716522216797,0.5665279626846313,0.0017563104629516602,0.0033720824867486954,0.05555081367492676,0.5647716522216797,0.5665279626846313,0.22113081812858582,0.19335541129112244,0.2140975445508957,0.2401166409254074
42,S8,LatCrit,local,local,0,local,local,0,0.48800134658813477,0.5275638103485107,0.03956246376037598,0.0032586585730314255,0.07912483811378479,0.48800134658813477,0.5275638103485107,0.28336936235427856,0.2562830150127411,0.2286292463541031,0.21615321934223175
42,S8,ComHvy,local,local,0,local,local,0,0.4603350758552551,0.48316729068756104,0.022832214832305908,0.001717548817396164,0.047279998660087585,0.4603350758552551,0.48316729068756104,0.2845906615257263,0.2853984236717224,0.25507429242134094,0.23143427073955536
42,S8,BWHvy,local,local,0,local,local,0,0.5168914794921875,0.5120720267295837,-0.00481945276260376,0.0012182947248220444,0.03889724612236023,0.5168914794921875,0.5120720267295837,0.22678156197071075,0.2121523767709732,0.2563270032405853,0.27577561140060425
43,S1,LatCrit,local,local,0,BS2,BS2,0,0.4965774416923523,0.5009636878967285,0.004386246204376221,0.0003208983689546585,0.021007001399993896,0.4965774416923523,0.5009636878967285,0.24703456461429596,0.236531063914299,0.25638797879219055,0.2625052332878113
43,S1,ComHvy,local,local,0,local,local,0,0.5244819521903992,0.5256588459014893,0.0011768937110900879,0.00025261426344513893,0.016411304473876953,0.5244819521903992,0.5256588459014893,0.2214898020029068,0.2132841795682907,0.25402823090553284,0.2610570192337036
43,S1,BWHvy,local,local,0,local,local,0,0.5116927623748779,0.5159506797790527,0.004257917404174805,4.641059786081314e-05,0.008515790104866028,0.5116927623748779,0.5159506797790527,0.2466529756784439,0.24606360495090485,0.24165423214435577,0.2379857301712036
43,S2,LatCrit,local,local,0,BS2,BS2,0,0.46394532918930054,0.43333369493484497,-0.030611634254455566,0.0033066868782043457,0.07084798812866211,0.46394532918930054,0.43333369493484497,0.27519306540489197,0.2703807055950165,0.2608616054058075,0.29628559947013855
43,S2,ComHvy,local,local,0,local,local,0,0.5107700824737549,0.48926591873168945,-0.02150416374206543,0.0010606832802295685,0.04300829768180847,0.5107700824737549,0.48926591873168945,0.24578402936458588,0.25057509541511536,0.24344588816165924,0.2601589560508728
43,S2,BWHvy,local,local,0,local,local,0,0.4749484062194824,0.4900856614112854,0.015137255191802979,0.004763023927807808,0.08039134740829468,0.4749484062194824,0.4900856614112854,0.26546910405158997,0.22527343034744263,0.2595824897289276,0.284640908241272
43,S3,LatCrit,local,local,0,local,local,0,0.4365561008453369,0.4320591688156128,-0.004496932029724121,4.185980651527643e-05,0.008993864059448242,0.4365561008453369,0.4320591688156128,0.3112572431564331,0.3141888380050659,0.25218665599823,0.2537519931793213
43,S3,ComHvy,local,local,0,BS1,BS1,0,0.46865129470825195,0.4454834461212158,-0.023167848587036133,0.0016520880162715912,0.05000002682209015,0.46865129470825195,0.4454834461212158,0.2511701285839081,0.24933795630931854,0.28017857670783997,0.30517858266830444
43,S3,BWHvy,local,local,0,local,local,0,0.4869700074195862,0.44663554430007935,-0.040334463119506836,0.0037690140306949615,0.08066898584365845,0.4869700074195862,0.44663554430007935,0.22745253145694733,0.23332642018795013,0.2855774462223053,0.3200380802154541
43,S4,LatCrit,local,local,0,local,local,0,0.5077556371688843,0.5261249542236328,0.018369317054748535,0.0007226341404020786,0.036738649010658264,0.5077556371688843,0.5261249542236328,0.20805303752422333,0.19707179069519043,0.2841913402080536,0.27680325508117676
43,S4,ComHvy,local,local,0,local,local,0,0.5239338874816895,0.5163725018501282,-0.007561385631561279,0.00034113600850105286,0.022851482033729553,0.5239338874816895,0.5163725018501282,0.2251853495836258,0.2213210165500641,0.25088074803352356,0.2623065114021301
43,S4,BWHvy,local,local,0,local,local,0,0.42526334524154663,0.42760950326919556,0.0023461580276489258,0.001837015151977539,0.04720166325569153,0.42526334524154663,0.42760950326919556,0.25887948274612427,0.2352786660194397,0.3158571422100067,0.33711183071136475
43,S5,LatCrit,local,local,0,local,local,0,0.4552757740020752,0.45561933517456055,0.00034356117248535156,0.0006489139050245285,0.02678912878036499,0.4552757740020752,0.45561933517456055,0.287177175283432,0.30022817850112915,0.2575470507144928,0.2441524863243103
43,S5,ComHvy,local,local,0,local,local,0,0.445265531539917,0.47476476430892944,0.02949923276901245,0.0028897393494844437,0.05953550338745117,0.445265531539917,0.47476476430892944,0.3078840374946594,0.30815255641937256,0.24685043096542358,0.217082679271698
43,S5,BWHvy,local,local,0,local,local,0,0.514053463935852,0.5427390336990356,0.028685569763183594,0.0019046440720558167,0.05737118422985077,0.514053463935852,0.5427390336990356,0.243007630109787,0.2360132336616516,0.24293895065784454,0.22124773263931274
43,S6,LatCrit,local,local,0,local,local,0,0.6155493855476379,0.6259267330169678,0.010377347469329834,0.0002360206563025713,0.020754694938659668,0.6155493855476379,0.6259267330169678,0.20235513150691986,0.19577421247959137,0.1820954829454422,0.17829905450344086
43,S6,ComHvy,local,local,0,local,local,0,0.4614434242248535,0.4258355498313904,-0.035607874393463135,0.00729452446103096,0.11211290955543518,0.4614434242248535,0.4258355498313904,0.2773863971233368,0.3334428369998932,0.2611701786518097,0.24072158336639404
43,S6,BWHvy,local,local,0,local,local,0,0.4434983730316162,0.4727718234062195,0.02927345037460327,0.0026429463177919388,0.06052678823471069,0.4434983730316162,0.4727718234062195,0.2691951096057892,0.27018505334854126,0.2873065173625946,0.25704312324523926
43,S7,LatCrit,local,local,0,local,local,0,0.5191887617111206,0.5068633556365967,-0.012325406074523926,0.001458916813135147,0.047275200486183167,0.5191887617111206,0.5068633556365967,0.21935568749904633,0.20804348587989807,0.2614555358886719,0.28509312868118286
43,S7,ComHvy,local,local,0,local,local,0,0.568149209022522,0.568640947341919,0.0004917383193969727,3.6529265344142914e-05,0.0060792118310928345,0.568149209022522,0.568640947341919,0.20740677416324615,0.2099546194076538,0.22444403171539307,0.22140440344810486
43,S7,BWHvy,local,local,0,local,local,0,0.5774949789047241,0.5944444537162781,0.016949474811553955,0.003710794262588024,0.06609487533569336,0.5774949789047241,0.5944444537162781,0.21186409890651703,0.17881664633750916,0.21064093708992004,0.22673888504505157
43,S8,LatCrit,local,local,0,local,local,0,0.5045700073242188,0.5078721046447754,0.0033020973205566406,0.0017732251435518265,0.04443660378456116,0.5045700073242188,0.5078721046447754,0.24078011512756348,0.2185618281364441,0.2546498477458954,0.2735660672187805
43,S8,ComHvy,local,local,0,local,local,0,0.4479854106903076,0.4658361077308655,0.01785069704055786,0.0007450096309185028,0.035701408982276917,0.4479854106903076,0.4658361077308655,0.2972400188446045,0.292781263589859,0.2547745704650879,0.24138261377811432
43,S8,BWHvy,local,local,0,local,local,0,0.490878164768219,0.47824037075042725,-0.012637794017791748,0.0033801421523094177,0.06998935341835022,0.490878164768219,0.47824037075042725,0.243453711271286,0.22109681367874146,0.2656681537628174,0.3006628155708313
44,S1,LatCrit,local,local,0,local,local,0,0.5131511688232422,0.5102120637893677,-0.0029391050338745117,2.7271147700957954e-05,0.00587819516658783,0.5131511688232422,0.5102120637893677,0.20634382963180542,0.20913894474506378,0.2805050015449524,0.28064897656440735
44,S1,ComHvy,local,local,0,local,local,0,0.5186545252799988,0.5089284181594849,-0.009726107120513916,0.0028817951679229736,0.06168504059314728,0.5186545252799988,0.5089284181594849,0.2481224685907364,0.27896496653556824,0.23322300612926483,0.21210657060146332
44,S1,BWHvy,local,local,0,local,local,0,0.5257775783538818,0.529964029788971,0.004186451435089111,4.371808608993888e-05,0.008372947573661804,0.5257775783538818,0.529964029788971,0.21804854273796082,0.2147199958562851,0.25617390871047974,0.25531595945358276
44,S2,LatCrit,local,local,0,local,local,0,0.4734202027320862,0.45734459161758423,-0.016075611114501953,0.002666473388671875,0.06625145673751831,0.4734202027320862,0.45734459161758423,0.22975100576877594,0.21270088851451874,0.2968287765979767,0.32995450496673584
44,S2,ComHvy,local,local,0,local,BS1,1,0.4903978109359741,0.46126312017440796,-0.029134690761566162,0.0032694637775421143,0.07152135670185089,0.4903978109359741,0.46126312017440796,0.2527135908603668,0.24608762562274933,0.25688856840133667,0.2926492691040039
44,S2,BWHvy,local,local,0,BS1,BS1,0,0.502433180809021,0.4956554174423218,-0.006777763366699219,0.00022929650731384754,0.018373802304267883,0.502433180809021,0.4956554174423218,0.23937150835990906,0.24855844676494598,0.25819525122642517,0.25578615069389343
44,S3,LatCrit,local,local,0,local,BS2,1,0.42280077934265137,0.3999815583229065,-0.022819221019744873,0.004807662218809128,0.08953583240509033,0.42280077934265137,0.3999815583229065,0.30708426237106323,0.2851355969905853,0.270114928483963,0.31488287448883057
44,S3,ComHvy,local,local,0,local,local,0,0.521668553352356,0.5213199257850647,-0.00034862756729125977,0.0002888822928071022,0.016967058181762695,0.521668553352356,0.5213199257850647,0.24550889432430267,0.2539924383163452,0.23282252252101898,0.2246876358985901
44,S3,BWHvy,local,local,0,local,local,0,0.4885371923446655,0.46085476875305176,-0.02768242359161377,0.004011832177639008,0.07863253355026245,0.4885371923446655,0.46085476875305176,0.2367369532585144,0.27605322003364563,0.27472585439682007,0.2630920112133026
44,S4,LatCrit,local,local,0,BS2,BS2,0,0.45224958658218384,0.4252958297729492,-0.02695375680923462,0.0015417775139212608,0.05390743911266327,0.45224958658218384,0.4252958297729492,0.2244357168674469,0.2397710531949997,0.32331472635269165,0.3349330723285675
44,S4,ComHvy,local,local,0,local,local,0,0.5240864753723145,0.5111039280891418,-0.012982547283172607,0.0004936952027492225,0.025965124368667603,0.5240864753723145,0.5111039280891418,0.22061997652053833,0.23289307951927185,0.25529351830482483,0.2560029923915863
44,S4,BWHvy,local,local,0,local,local,0,0.4437251687049866,0.47519171237945557,0.031466543674468994,0.005303259938955307,0.08512069284915924,0.4437251687049866,0.47519171237945557,0.303255170583725,0.314348965883255,0.25301969051361084,0.21045933663845062
44,S5,LatCrit,local,local,0,local,local,0,0.45198094844818115,0.45438849925994873,0.002407550811767578,0.0013492163270711899,0.040688008069992065,0.45198094844818115,0.45438849925994873,0.23470044136047363,0.2526369094848633,0.3133186101913452,0.2929746210575104
44,S5,ComHvy,local,local,0,local,local,0,0.48719799518585205,0.5286067724227905,0.04140877723693848,0.0035706106573343277,0.08281759917736053,0.48719799518585205,0.5286067724227905,0.24766674637794495,0.23311279714107513,0.2651352882385254,0.23828041553497314
44,S5,BWHvy,local,local,0,local,local,0,0.44645023345947266,0.4671962261199951,0.02074599266052246,0.0008781421929597855,0.041492000222206116,0.44645023345947266,0.4671962261199951,0.31120097637176514,0.29781317710876465,0.2423488050699234,0.23499059677124023
44,S6,LatCrit,local,local,0,local,local,0,0.579586386680603,0.5705411434173584,-0.009045243263244629,0.0008057551458477974,0.03350260853767395,0.579586386680603,0.5705411434173584,0.23526784777641296,0.25201916694641113,0.18514572083950043,0.17743967473506927
44,S6,ComHvy,local,local,0,local,local,0,0.506447434425354,0.48463165760040283,-0.021815776824951172,0.0019240360707044601,0.05438902974128723,0.506447434425354,0.48463165760040283,0.24999091029167175,0.2771854102611542,0.24356167018413544,0.2381829172372818
44,S6,BWHvy,local,local,0,local,local,0,0.4693034291267395,0.4474821090698242,-0.021821320056915283,0.005651365965604782,0.09594987332820892,0.4693034291267395,0.4474821090698242,0.2442779839038849,0.2181243747472763,0.2864185571670532,0.3343935012817383
44,S7,LatCrit,local,local,0,local,local,0,0.485288143157959,0.4678548574447632,-0.0174332857131958,0.0017358623445034027,0.05010594427585602,0.485288143157959,0.4678548574447632,0.22229698300361633,0.24734993278980255,0.29241490364074707,0.28479519486427307
44,S7,ComHvy,local,local,0,local,local,0,0.48668748140335083,0.4722188115119934,-0.014468669891357422,0.0013919509947299957,0.04746024310588837,0.48668748140335083,0.4722188115119934,0.24558085203170776,0.2363194078207016,0.2677316665649414,0.2914617955684662
44,S7,BWHvy,local,local,0,local,local,0,0.5857722759246826,0.5696273446083069,-0.016144931316375732,0.0007395045831799507,0.032289907336235046,0.5857722759246826,0.5696273446083069,0.17885719239711761,0.17912384867668152,0.2353704869747162,0.2512488067150116
44,S8,LatCrit,local,local,0,local,local,0,0.49821633100509644,0.48932719230651855,-0.00888913869857788,0.0018978593870997429,0.051336243748664856,0.49821633100509644,0.48932719230651855,0.2506988048553467,0.2763669192790985,0.2510848641395569,0.23430587351322174
44,S8,ComHvy,local,local,0,local,local,0,0.4748457074165344,0.4681020975112915,-0.00674360990524292,0.0021454691886901855,0.053818926215171814,0.4748457074165344,0.4681020975112915,0.2520800530910492,0.2319142073392868,0.2730742394924164,0.2999837100505829
44,S8,BWHvy,local,local,0,local,local,0,0.5427144765853882,0.5850827693939209,0.042368292808532715,0.0046242279931902885,0.08473658561706543,0.5427144765853882,0.5850827693939209,0.2012929767370224,0.169389009475708,0.2559925615787506,0.2455282360315323
45,S1,LatCrit,local,local,0,local,BS2,1,0.4666956663131714,0.4487452507019043,-0.01795041561126709,0.0009393077343702316,0.03643950819969177,0.4666956663131714,0.4487452507019043,0.26158061623573303,0.26131129264831543,0.2717237174510956,0.28994348645210266
45,S1,ComHvy,local,local,0,local,local,0,0.45136815309524536,0.4459645748138428,-0.005403578281402588,0.00014902034308761358,0.013742804527282715,0.45136815309524536,0.4459645748138428,0.20378899574279785,0.2106603980064392,0.3448428511619568,0.343375027179718
45,S1,BWHvy,local,local,0,local,local,0,0.5372351408004761,0.5291261076927185,-0.008109033107757568,0.0001356140710413456,0.016218066215515137,0.5372351408004761,0.5291261076927185,0.20501169562339783,0.20952537655830383,0.2577531635761261,0.26134851574897766
45,S2,LatCrit,local,local,0,local,local,0,0.5040103793144226,0.48904818296432495,-0.014962196350097656,0.0014153160154819489,0.04912562668323517,0.5040103793144226,0.48904818296432495,0.1910327821969986,0.18143215775489807,0.3049568831920624,0.32951968908309937
45,S2,ComHvy,local,local,0,local,local,0,0.5040227174758911,0.4886978268623352,-0.015324890613555908,0.0008991844952106476,0.03806893527507782,0.5040227174758911,0.4886978268623352,0.22104039788246155,0.21733085811138153,0.27493685483932495,0.29397135972976685
45,S2,BWHvy,local,local,0,local,local,0,0.4549407958984375,0.45072418451309204,-0.004216611385345459,0.006645653396844864,0.08934280276298523,0.4549407958984375,0.45072418451309204,0.25119468569755554,0.29586610198020935,0.29386451840400696,0.253409743309021
45,S3,LatCrit,local,local,0,BS1,local,1,0.49421077966690063,0.5195111036300659,0.025300323963165283,0.001742983004078269,0.05060063302516937,0.49421077966690063,0.5195111036300659,0.24351941049098969,0.22109299898147583,0.2622698247432709,0.25939592719078064
45,S3,ComHvy,local,local,0,local,local,0,0.524027943611145,0.5257577300071716,0.0017297863960266113,0.0002119322307407856,0.015779078006744385,0.524027943611145,0.5257577300071716,0.2892986238002777,0.28140905499458313,0.18667347729206085,0.19283320009708405
45,S3,BWHvy,local,local,0,local,local,0,0.5860888957977295,0.577653169631958,-0.008435726165771484,0.00022989418357610703,0.017676204442977905,0.5860888957977295,0.577653169631958,0.1876468062400818,0.1872444599866867,0.22626426815986633,0.23510240018367767
45,S4,LatCrit,local,local,0,local,local,0,0.411274790763855,0.3987352252006531,-0.012539565563201904,0.0004932055016979575,0.025079160928726196,0.411274790763855,0.3987352252006531,0.2420574128627777,0.2542668282985687,0.3466677963733673,0.3469979763031006
45,S4,ComHvy,local,local,0,local,local,0,0.5154170393943787,0.46937114000320435,-0.046045899391174316,0.008011797443032265,0.11428661644458771,0.5154170393943787,0.46937114000320435,0.25703829526901245,0.3141815960407257,0.22754468023777008,0.21644726395606995
45,S4,BWHvy,local,local,0,local,local,0,0.5086706280708313,0.5335843563079834,0.0249137282371521,0.0032259970903396606,0.06903177499771118,0.5086706280708313,0.5335843563079834,0.22336217761039734,0.23296430706977844,0.26796722412109375,0.23345130681991577
45,S5,LatCrit,local,local,0,local,local,0,0.42178475856781006,0.4608337879180908,0.03904902935028076,0.0032158810645341873,0.07809799909591675,0.42178475856781006,0.4608337879180908,0.25421756505966187,0.24276763200759888,0.3239976465702057,0.2963986098766327
45,S5,ComHvy,local,local,0,local,local,0,0.546084463596344,0.5138121843338013,-0.032272279262542725,0.002200520597398281,0.06454454362392426,0.546084463596344,0.5138121843338013,0.22332842648029327,0.2446061670780182,0.23058709502220154,0.24158161878585815
45,S5,BWHvy,local,local,0,local,local,0,0.42407912015914917,0.4520495533943176,0.027970433235168457,0.002644743537530303,0.062044620513916016,0.42407912015914917,0.4520495533943176,0.29672205448150635,0.26569974422454834,0.2791988253593445,0.28225070238113403
45,S6,LatCrit,local,local,0,local,local,0,0.5189793705940247,0.5314851999282837,0.012505829334259033,0.0005345887038856745,0.028858304023742676,0.5189793705940247,0.5314851999282837,0.2858540117740631,0.27142488956451416,0.19516660273075104,0.19708995521068573
45,S6,ComHvy,local,local,0,local,local,0,0.4970465302467346,0.5091463327407837,0.012099802494049072,0.00046919938176870346,0.028137564659118652,0.4970465302467346,0.5091463327407837,0.1778322458267212,0.17980122566223145,0.3251212537288666,0.31105247139930725
45,S6,BWHvy,local,local,0,local,local,0,0.4485325217247009,0.4297814965248108,-0.018751025199890137,0.0013526198454201221,0.046035706996917725,0.4485325217247009,0.4297814965248108,0.27388080954551697,0.29689866304397583,0.2775866687297821,0.2733198404312134
45,S7,LatCrit,local,local,0,BS2,local,1,0.5839550495147705,0.6002544164657593,0.01629936695098877,0.0011258460581302643,0.040010109543800354,0.5839550495147705,0.6002544164657593,0.17072738707065582,0.17443309724330902,0.24531754851341248,0.2253125160932541
45,S7,ComHvy,local,local,0,local,local,0,0.4507661461830139,0.4409884214401245,-0.009777724742889404,0.00038250815123319626,0.024107158184051514,0.4507661461830139,0.4409884214401245,0.28380778431892395,0.2815319299697876,0.26542606949806213,0.2774796485900879
45,S7,BWHvy,local,local,0,local,local,0,0.5491371154785156,0.5356404781341553,-0.013496637344360352,0.00038134027272462845,0.026993289589881897,0.5491371154785156,0.5356404781341553,0.23320505023002625,0.2383144348859787,0.21765780448913574,0.22604507207870483
45,S8,LatCrit,local,local,0,local,local,0,0.48973923921585083,0.474107027053833,-0.015632212162017822,0.0004913518205285072,0.03126439452171326,0.48973923921585083,0.474107027053833,0.27424389123916626,0.2819730341434479,0.2360169142484665,0.2439199537038803
45,S8,ComHvy,local,local,0,local,local,0,0.49239349365234375,0.4863467216491699,-0.006046772003173828,0.0007820222526788712,0.03288745880126953,0.49239349365234375,0.4863467216491699,0.266446590423584,0.25604966282844543,0.24115988612174988,0.25760364532470703
45,S8,BWHvy,local,local,0,local,local,0,0.5093833208084106,0.516838788986206,0.00745546817779541,0.005251336842775345,0.07640770077705383,0.5093833208084106,0.516838788986206,0.2551291584968567,0.2858775556087494,0.23548750579357147,0.19728367030620575
46,S1,LatCrit,local,local,0,local,local,0,0.5063100457191467,0.5259028673171997,0.01959282159805298,0.0007692994549870491,0.039185717701911926,0.5063100457191467,0.5259028673171997,0.31134945154190063,0.2987600564956665,0.18234050273895264,0.17533700168132782
46,S1,ComHvy,local,local,0,local,local,0,0.4903064966201782,0.47959357500076294,-0.010712921619415283,0.0009243711829185486,0.0392288863658905,0.4903064966201782,0.47959357500076294,0.2062041163444519,0.19730260968208313,0.3034893870353699,0.3231038451194763
46,S1,BWHvy,local,local,0,local,local,0,0.524066150188446,0.4847831130027771,-0.039283037185668945,0.00314260832965374,0.0785660445690155,0.524066150188446,0.4847831130027771,0.210990771651268,0.23230703175067902,0.26494309306144714,0.2829098403453827
46,S2,LatCrit,local,local,0,local,local,0,0.5230308771133423,0.5181230306625366,-0.004907846450805664,0.00030657462775707245,0.021149680018424988,0.5230308771133423,0.5181230306625366,0.26310718059539795,0.27368202805519104,0.21386189758777618,0.20819491147994995
46,S2,ComHvy,local,local,0,local,local,0,0.47949546575546265,0.48717164993286133,0.007676184177398682,0.0007285028696060181,0.03223542869091034,0.47949546575546265,0.48717164993286133,0.26807618141174316,0.27651771903038025,0.2524283528327942,0.23631064593791962
46,S2,BWHvy,local,local,0,local,local,0,0.4787375330924988,0.4445263147354126,-0.03421121835708618,0.0027777599170804024,0.06842240691184998,0.4787375330924988,0.4445263147354126,0.20459029078483582,0.22893890738487244,0.3166721761226654,0.3265347480773926
46,S3,LatCrit,local,local,0,local,local,0,0.6030915379524231,0.587598979473114,-0.015492558479309082,0.0005163117311894894,0.030985131859779358,0.6030915379524231,0.587598979473114,0.2142695188522339,0.22465065121650696,0.18263894319534302,0.18775038421154022
46,S3,ComHvy,local,local,0,local,local,0,0.48308849334716797,0.49309855699539185,0.010010063648223877,0.0006900224834680557,0.030880972743034363,0.48308849334716797,0.49309855699539185,0.284402072429657,0.2898325026035309,0.23250941932201385,0.21706894040107727
46,S3,BWHvy,local,local,0,local,local,0,0.459412157535553,0.477083683013916,0.017671525478363037,0.0006526308134198189,0.03534308075904846,0.459412157535553,0.477083683013916,0.23359611630439758,0.22342535853385925,0.3069917559623718,0.29949095845222473
46,S4,LatCrit,local,local,0,local,local,0,0.44272923469543457,0.42917901277542114,-0.013550221920013428,0.000507427379488945,0.027854710817337036,0.44272923469543457,0.42917901277542114,0.23822124302387238,0.2378440946340561,0.31904953718185425,0.3329768776893616
46,S4,ComHvy,local,local,0,local,local,0,0.5302708745002747,0.5301946401596069,-7.623434066772461e-05,0.00018605263903737068,0.013056308031082153,0.5302708745002747,0.5301946401596069,0.27660056948661804,0.2831287384033203,0.1931285709142685,0.18667666614055634
46,S4,BWHvy,local,local,0,local,local,0,0.4198799729347229,0.424224317073822,0.004344344139099121,0.00021071778610348701,0.017507463693618774,0.4198799729347229,0.424224317073822,0.24594061076641083,0.23718689382076263,0.3341794013977051,0.33858880400657654
46,S5,LatCrit,local,local,0,local,local,0,0.5072071552276611,0.5059685707092285,-0.0012385845184326172,0.0001905909739434719,0.014796435832977295,0.5072071552276611,0.5059685707092285,0.19861632585525513,0.1924566626548767,0.2941765785217285,0.3015747666358948
46,S5,ComHvy,local,local,0,local,local,0,0.4630688428878784,0.41156327724456787,-0.05150556564331055,0.005754929035902023,0.1030111312866211,0.4630688428878784,0.41156327724456787,0.2687824070453644,0.2841637134552002,0.2681487500667572,0.30427300930023193
46,S5,BWHvy,local,local,0,local,local,0,0.4887518286705017,0.4942154884338379,0.005463659763336182,6.115611176937819e-05,0.010927274823188782,0.4887518286705017,0.4942154884338379,0.3200993835926056,0.3160775899887085,0.1911487877368927,0.1897069662809372
46,S6,LatCrit,local,local,0,local,local,0,0.515536367893219,0.5348256826400757,0.01928931474685669,0.0007599955424666405,0.0385785847902298,0.515536367893219,0.5348256826400757,0.20201297104358673,0.19226709008216858,0.2824506461620331,0.2729072570800781
46,S6,ComHvy,local,local,0,BS2,BS2,0,0.5639718770980835,0.5730010271072388,0.009029150009155273,0.0002591721713542938,0.018832191824913025,0.5639718770980835,0.5730010271072388,0.19294705986976624,0.19333398342132568,0.24308107793331146,0.23366495966911316
46,S6,BWHvy,local,local,0,local,local,0,0.46390944719314575,0.5074423551559448,0.04353290796279907,0.0042497627437114716,0.08706587553024292,0.46390944719314575,0.5074423551559448,0.26893720030784607,0.2572636306285858,0.26715338230133057,0.23529398441314697
46,S7,LatCrit,local,local,0,local,local,0,0.5787092447280884,0.582611083984375,0.003901839256286621,0.0001233876682817936,0.011622309684753418,0.5787092447280884,0.582611083984375,0.16744786500930786,0.16163673996925354,0.25384286046028137,0.25575220584869385
46,S7,ComHvy,local,local,0,local,local,0,0.49764424562454224,0.4945610761642456,-0.003083169460296631,8.706515654921532e-05,0.011450693011283875,0.49764424562454224,0.4945610761642456,0.24687203764915466,0.24422983825206757,0.2554837465286255,0.26120907068252563
46,S7,BWHvy,local,local,0,local,local,0,0.5874598026275635,0.6082754135131836,0.020815610885620117,0.004723742604255676,0.07704854011535645,0.5874598026275635,0.6082754135131836,0.1762038618326187,0.193912535905838,0.23633632063865662,0.1978120654821396
46,S8,LatCrit,local,local,0,local,BS2,1,0.45871901512145996,0.4410216212272644,-0.017697393894195557,0.010458763688802719,0.12332749366760254,0.45871901512145996,0.4410216212272644,0.25702905654907227,0.21306270360946655,0.2842519283294678,0.34591567516326904
46,S8,ComHvy,local,local,0,local,local,0,0.45398247241973877,0.43561244010925293,-0.01837003231048584,0.0007935427129268646,0.03674006462097168,0.45398247241973877,0.43561244010925293,0.3097105622291565,0.31452637910842896,0.23630698025226593,0.2498611956834793
46,S8,BWHvy,BS2,BS2,0,BS2,BS2,0,0.3677472770214081,0.4127214252948761,0.04497414827346802,0.005063746124505997,0.08994826674461365,0.32805317640304565,0.3198082447052002,0.3041995167732239,0.2674703299999237,0.3677472770214081,0.4127214252948761
47,S1,LatCrit,local,local,0,local,local,0,0.5197128057479858,0.5307189226150513,0.01100611686706543,0.0002963762963190675,0.022012218832969666,0.5197128057479858,0.5307189226150513,0.2762647271156311,0.2664691209793091,0.20402248203754425,0.20281198620796204
47,S1,ComHvy,local,local,0,local,local,0,0.5251868963241577,0.5194578170776367,-0.005729079246520996,0.0009591672569513321,0.03194768726825714,0.5251868963241577,0.5194578170776367,0.15760748088359833,0.17358136177062988,0.31720560789108276,0.3069608807563782
47,S1,BWHvy,local,local,0,local,local,0,0.5366772413253784,0.5491663217544556,0.012489080429077148,0.0018496131524443626,0.0493292361497879,0.5366772413253784,0.5491663217544556,0.234934464097023,0.21026986837387085,0.228388249874115,0.24056380987167358
47,S2,LatCrit,local,local,0,local,local,0,0.5733667612075806,0.5385977029800415,-0.03476905822753906,0.002590131014585495,0.06953822076320648,0.5733667612075806,0.5385977029800415,0.17786690592765808,0.18640603125095367,0.24876627326011658,0.2749963104724884
47,S2,ComHvy,local,local,0,local,BS1,1,0.4723726511001587,0.43690305948257446,-0.03546959161758423,0.002551877871155739,0.07093919813632965,0.4723726511001587,0.43690305948257446,0.24733291566371918,0.26239287853240967,0.28029441833496094,0.30070406198501587
47,S2,BWHvy,local,local,0,local,local,0,0.4524795413017273,0.4904540777206421,0.037974536418914795,0.005336698144674301,0.09040427207946777,0.4524795413017273,0.4904540777206421,0.2424611747264862,0.2496887743473053,0.3050592839717865,0.2598571479320526
47,S3,LatCrit,local,local,0,local,local,0,0.5074459314346313,0.5137611627578735,0.0063152313232421875,0.0019745826721191406,0.049566999077796936,0.5074459314346313,0.5137611627578735,0.27183106541633606,0.247047558426857,0.2207230031490326,0.23919126391410828
47,S3,ComHvy,local,local,0,local,local,0,0.47382545471191406,0.4570011496543884,-0.016824305057525635,0.001074148342013359,0.041456252336502075,0.47382545471191406,0.4570011496543884,0.2776533365249634,0.2983814775943756,0.24852120876312256,0.24461740255355835
47,S3,BWHvy,local,local,0,local,local,0,0.49271565675735474,0.4665381908416748,-0.02617746591567993,0.0032903477549552917,0.07792052626609802,0.49271565675735474,0.4665381908416748,0.15727271139621735,0.14448989927768707,0.3500116467475891,0.38897189497947693
47,S4,LatCrit,local,local,0,BS1,BS1,0,0.38595449924468994,0.37583792209625244,-0.0101165771484375,0.00037589319981634617,0.024343371391296387,0.38595449924468994,0.37583792209625244,0.3084637522697449,0.32063543796539307,0.3055817484855652,0.3035266399383545
47,S4,ComHvy,local,local,0,local,local,0,0.5493417978286743,0.5104021430015564,-0.03893965482711792,0.0030858516693115234,0.07787923514842987,0.5493417978286743,0.5104021430015564,0.267017126083374,0.2935005724430084,0.18364113569259644,0.196097269654274
47,S4,BWHvy,local,local,0,local,local,0,0.5341812372207642,0.5469604730606079,0.01277923583984375,0.002477194182574749,0.057861462235450745,0.5341812372207642,0.5469604730606079,0.2636288106441498,0.23469805717468262,0.20218998193740845,0.21834145486354828
47,S5,LatCrit,local,local,0,local,local,0,0.5023025274276733,0.5324431657791138,0.03014063835144043,0.0018239710479974747,0.06028130650520325,0.5023025274276733,0.5324431657791138,0.21735680103302002,0.20499750971794128,0.28034070134162903,0.26255932450294495
47,S5,ComHvy,local,local,0,local,local,0,0.5145977139472961,0.5286880731582642,0.014090359210968018,0.0009059347212314606,0.035031065344810486,0.5145977139472961,0.5286880731582642,0.25244277715682983,0.25586795806884766,0.23295952379703522,0.21544399857521057
47,S5,BWHvy,local,local,0,local,local,0,0.4677388072013855,0.4944213628768921,0.026682555675506592,0.0019976403564214706,0.053365111351013184,0.4677388072013855,0.4944213628768921,0.25475892424583435,0.253709077835083,0.27750226855278015,0.2518695592880249
47,S6,LatCrit,local,local,0,local,local,0,0.5398309230804443,0.5472348928451538,0.007403969764709473,0.000262201763689518,0.0193893164396286,0.5398309230804443,0.5472348928451538,0.21868546307086945,0.22097615897655487,0.24148359894752502,0.23178894817829132
47,S6,ComHvy,local,local,0,local,local,0,0.5178400278091431,0.5218323469161987,0.003992319107055664,0.00012165587395429611,0.013390228152275085,0.5178400278091431,0.5218323469161987,0.23041389882564545,0.23311668634414673,0.2517460882663727,0.24505096673965454
47,S6,BWHvy,local,local,0,local,local,0,0.5044893026351929,0.4838179349899292,-0.020671367645263672,0.0016565690748393536,0.05034582316875458,0.5044893026351929,0.4838179349899292,0.2520977258682251,0.2772706151008606,0.24341298639774323,0.23891142010688782
47,S7,LatCrit,local,local,0,local,local,0,0.5739211440086365,0.6150422096252441,0.041121065616607666,0.0035930220037698746,0.08224210143089294,0.5739211440086365,0.6150422096252441,0.15733149647712708,0.14539583027362823,0.26874735951423645,0.23956198990345
47,S7,ComHvy,local,local,0,local,local,0,0.48880457878112793,0.5093678832054138,0.02056330442428589,0.0013011768460273743,0.041126593947410583,0.48880457878112793,0.5093678832054138,0.25930535793304443,0.25922003388404846,0.25189006328582764,0.2314120978116989
47,S7,BWHvy,local,local,0,local,local,0,0.6080313920974731,0.6287683844566345,0.020736992359161377,0.004929635673761368,0.07393991947174072,0.6080313920974731,0.6287683844566345,0.1985890418291092,0.16161909699440002,0.19337953627109528,0.20961251854896545
47,S8,LatCrit,local,local,0,local,local,0,0.4977284073829651,0.49787312746047974,0.00014472007751464844,0.0010586101561784744,0.03273595869541168,0.4977284073829651,0.49787312746047974,0.232387512922287,0.24861077964305878,0.2698840796947479,0.2535161077976227
47,S8,ComHvy,local,local,0,local,local,0,0.4873470067977905,0.5076408386230469,0.020293831825256348,0.0008478784002363682,0.04058770835399628,0.4873470067977905,0.5076408386230469,0.3028198182582855,0.2884840667247772,0.20983317494392395,0.20387504994869232
47,S8,BWHvy,local,local,0,local,local,0,0.4857620596885681,0.4874271750450134,0.0016651153564453125,0.0031718909740448,0.0586543083190918,0.4857620596885681,0.4874271750450134,0.23745840787887573,0.2651204764842987,0.27677950263023376,0.24745237827301025
48,S1,LatCrit,local,local,0,local,local,0,0.49765753746032715,0.5558760762214661,0.058218538761138916,0.006820807233452797,0.11643709242343903,0.49765753746032715,0.5558760762214661,0.29450953006744385,0.2600659132003784,0.207832932472229,0.18405799567699432
48,S1,ComHvy,local,local,0,local,local,0,0.5151957273483276,0.516053318977356,0.0008575916290283203,0.0045203398913145065,0.06661580502986908,0.5151957273483276,0.516053318977356,0.19195885956287384,0.22440916299819946,0.2928454279899597,0.2595375180244446
48,S1,BWHvy,local,local,0,local,local,0,0.43331092596054077,0.41200727224349976,-0.021303653717041016,0.00097714364528656,0.042607277631759644,0.43331092596054077,0.41200727224349976,0.28650370240211487,0.293573796749115,0.28018537163734436,0.29441890120506287
48,S2,LatCrit,local,local,0,local,local,0,0.5383782386779785,0.4793199896812439,-0.05905824899673462,0.007367424666881561,0.11811649799346924,0.5383782386779785,0.4793199896812439,0.21444129943847656,0.2312782257795334,0.24718044698238373,0.2894017696380615
48,S2,ComHvy,local,local,0,local,local,0,0.532452404499054,0.4933057427406311,-0.03914666175842285,0.003144943155348301,0.0782933384180069,0.532452404499054,0.4933057427406311,0.22311334311962128,0.24643351137638092,0.24443425238132477,0.26026076078414917
48,S2,BWHvy,local,local,0,local,local,0,0.48860204219818115,0.4677562713623047,-0.020845770835876465,0.0012029632925987244,0.042718589305877686,0.48860204219818115,0.4677562713623047,0.21921095252037048,0.2186974287033081,0.29218700528144836,0.3135462999343872
48,S3,LatCrit,local,local,0,local,local,0,0.5215215682983398,0.5585880279541016,0.03706645965576172,0.002779955044388771,0.07413290441036224,0.5215215682983398,0.5585880279541016,0.23725171387195587,0.22011402249336243,0.24122673273086548,0.2212979793548584
48,S3,ComHvy,local,local,0,local,local,0,0.45974481105804443,0.4849258065223694,0.02518099546432495,0.0031797345727682114,0.06869834661483765,0.45974481105804443,0.4849258065223694,0.27306726574897766,0.23871809244155884,0.2671879231929779,0.2763561010360718
48,S3,BWHvy,local,local,0,local,local,0,0.5139228105545044,0.5039900541305542,-0.009932756423950195,0.00041996780782938004,0.026371151208877563,0.5139228105545044,0.5039900541305542,0.20131857693195343,0.19806574285030365,0.28475862741470337,0.29794418811798096
48,S4,LatCrit,local,BS2,1,local,BS2,1,0.4252724051475525,0.3919493854045868,-0.0333230197429657,0.01569647341966629,0.16273018717765808,0.4252724051475525,0.34390729665756226,0.25172728300094604,0.26414331793785095,0.32300034165382385,0.3919493854045868
48,S4,ComHvy,local,local,0,local,local,0,0.5589019060134888,0.5773364901542664,0.018434584140777588,0.0010996796190738678,0.036869198083877563,0.5589019060134888,0.5773364901542664,0.24867700040340424,0.24723854660987854,0.19242113828659058,0.1754249781370163
48,S4,BWHvy,local,local,0,BS1,BS1,0,0.471482515335083,0.44590455293655396,-0.025577962398529053,0.0013427105732262135,0.051155924797058105,0.471482515335083,0.44590455293655396,0.34053924679756165,0.35949310660362244,0.18797823786735535,0.1946023404598236
48,S5,LatCrit,local,local,0,local,local,0,0.49824708700180054,0.504565954208374,0.006318867206573486,0.002460964024066925,0.05528689920902252,0.49824708700180054,0.504565954208374,0.2185966521501541,0.23992124199867249,0.28315624594688416,0.2555128037929535
48,S5,ComHvy,local,BS2,1,local,BS2,1,0.37328630685806274,0.39063897728919983,0.017352670431137085,0.0008137430995702744,0.03595730662345886,0.37328630685806274,0.3564615249633789,0.25405335426330566,0.25289949774742126,0.3726603090763092,0.39063897728919983
48,S5,BWHvy,local,local,0,local,local,0,0.507990300655365,0.5268498659133911,0.018859565258026123,0.0010207146406173706,0.03771907091140747,0.507990300655365,0.5268498659133911,0.25807103514671326,0.25652971863746643,0.23393863439559937,0.21662044525146484
48,S6,LatCrit,local,local,0,local,local,0,0.5843560695648193,0.5804425477981567,-0.003913521766662598,0.0008685989305377007,0.030589893460273743,0.5843560695648193,0.5804425477981567,0.2013826221227646,0.1900012195110321,0.21426130831241608,0.22955627739429474
48,S6,ComHvy,local,local,0,local,local,0,0.46969074010849,0.45227348804473877,-0.01741725206375122,0.0006530545651912689,0.034834444522857666,0.46969074010849,0.45227348804473877,0.2345118224620819,0.23879742622375488,0.2957974672317505,0.30892905592918396
48,S6,BWHvy,local,local,0,local,local,0,0.4727752208709717,0.48592084646224976,0.013145625591278076,0.0007257091347128153,0.03348499536514282,0.4727752208709717,0.48592084646224976,0.2805933654308319,0.2638508677482605,0.2466314136981964,0.25022828578948975
48,S7,LatCrit,local,local,0,local,local,0,0.5323766469955444,0.5328325629234314,0.0004559159278869629,0.0012656841427087784,0.03480829298496246,0.5323766469955444,0.5328325629234314,0.22967784106731415,0.2466260939836502,0.23794549703598022,0.22054137289524078
48,S7,ComHvy,local,local,0,local,local,0,0.5262104868888855,0.5136395692825317,-0.01257091760635376,0.0005088583566248417,0.02601604163646698,0.5262104868888855,0.5136395692825317,0.22912363708019257,0.24213165044784546,0.24466586112976074,0.24422875046730042
48,S7,BWHvy,local,local,0,local,local,0,0.5086072683334351,0.49623990058898926,-0.0123673677444458,0.000659906305372715,0.0317954421043396,0.5086072683334351,0.49623990058898926,0.23906153440475464,0.23553118109703064,0.2523311972618103,0.2682289183139801
48,S8,LatCrit,local,local,0,BS1,BS2,1,0.45223063230514526,0.4343263506889343,-0.017904281616210938,0.007867179811000824,0.10908353328704834,0.45223063230514526,0.4343263506889343,0.22428421676158905,0.18764673173427582,0.3234851360321045,0.37802690267562866
48,S8,ComHvy,local,local,0,BS1,BS1,0,0.4947585463523865,0.4394568204879761,-0.0553017258644104,0.0061699021607637405,0.1106034517288208,0.4947585463523865,0.4394568204879761,0.28149357438087463,0.3135831654071808,0.2237478643655777,0.24695999920368195
48,S8,BWHvy,local,local,0,BS2,BS2,0,0.44342124462127686,0.480800986289978,0.03737974166870117,0.0056756180711090565,0.08255313336849213,0.44342124462127686,0.480800986289978,0.2327367216348648,0.19146016240119934,0.32384201884269714,0.32773885130882263
49,S1,LatCrit,local,local,0,local,local,0,0.5353717803955078,0.5283166170120239,-0.007055163383483887,0.00014583062147721648,0.014795944094657898,0.5353717803955078,0.5283166170120239,0.27264395356178284,0.28004190325737,0.19198431074619293,0.19164147973060608
49,S1,ComHvy,local,local,0,local,local,0,0.5348458886146545,0.5320950150489807,-0.002750873565673828,0.000777718611061573,0.0292498916387558,0.5348458886146545,0.5320950150489807,0.21122002601623535,0.22584499418735504,0.2539340555667877,0.24206000566482544
49,S1,BWHvy,local,local,0,BS1,BS1,0,0.531838595867157,0.5434517860412598,0.011613190174102783,0.0013482747599482536,0.04059867560863495,0.531838595867157,0.5434517860412598,0.2037835717201233,0.18348421156406403,0.2643778622150421,0.273063987493515
49,S2,LatCrit,local,local,0,local,local,0,0.603655219078064,0.5803298950195312,-0.023325324058532715,0.0022963304072618484,0.05788083374500275,0.603655219078064,0.5803298950195312,0.17498965561389923,0.16937454044818878,0.2213551551103592,0.2502955496311188
49,S2,ComHvy,local,local,0,local,local,0,0.478135347366333,0.4458695650100708,-0.03226578235626221,0.0022659488022327423,0.06453150510787964,0.478135347366333,0.4458695650100708,0.25086700916290283,0.2733936607837677,0.27099767327308655,0.2807367444038391
49,S2,BWHvy,local,local,0,BS2,BS2,0,0.4988160729408264,0.5105922222137451,0.011776149272918701,0.0015746932476758957,0.04924474656581879,0.4988160729408264,0.5105922222137451,0.1848352551460266,0.1976814717054367,0.316348671913147,0.291726291179657
49,S3,LatCrit,local,local,0,BS1,local,1,0.4530218839645386,0.45668476819992065,0.00366288423538208,0.0015842784196138382,0.04345734417438507,0.4530218839645386,0.45668476819992065,0.23660822212696075,0.21487957239151,0.3103698790073395,0.3284356892108917
49,S3,ComHvy,local,local,0,local,local,0,0.5271782875061035,0.5883402824401855,0.06116199493408203,0.008231792598962784,0.12232398986816406,0.5271782875061035,0.5883402824401855,0.21441839635372162,0.1970539540052414,0.25840330123901367,0.21460574865341187
49,S3,BWHvy,local,local,0,local,local,0,0.4581773281097412,0.45389223098754883,-0.004285097122192383,0.004195302724838257,0.07117903232574463,0.4581773281097412,0.45389223098754883,0.24245811998844147,0.21115370094776154,0.2993645668029785,0.33495408296585083
49,S4,LatCrit,BS1,BS1,0,local,local,0,0.3638952672481537,0.3780350089073181,0.014139741659164429,0.0005824510008096695,0.028279483318328857,0.35303622484207153,0.35200536251068115,0.3638952672481537,0.3780350089073181,0.2830685079097748,0.26995962858200073
49,S4,ComHvy,local,local,0,local,local,0,0.49179965257644653,0.474426805973053,-0.017372846603393555,0.0017546899616718292,0.045894429087638855,0.49179965257644653,0.474426805973053,0.3343907296657562,0.32881635427474976,0.17380963265895844,0.19675683975219727
49,S4,BWHvy,local,local,0,local,local,0,0.54007887840271,0.5383676290512085,-0.0017112493515014648,0.0001841350458562374,0.014386430382728577,0.54007887840271,0.5383676290512085,0.2499316930770874,0.24444974958896637,0.20998941361904144,0.21718265116214752
49,S5,LatCrit,local,local,0,local,local,0,0.534665584564209,0.5856400728225708,0.050974488258361816,0.007892163470387459,0.10194893181324005,0.534665584564209,0.5856400728225708,0.2447631061077118,0.19609297811985016,0.22057132422924042,0.21826700866222382
49,S5,ComHvy,local,local,0,local,local,0,0.47779178619384766,0.49820858240127563,0.02041679620742798,0.0019979923963546753,0.05239380896091461,0.47779178619384766,0.49820858240127563,0.27800801396369934,0.28378811478614807,0.244200199842453,0.2180032879114151
49,S5,BWHvy,local,local,0,BS1,BS1,0,0.4416942000389099,0.41980987787246704,-0.02188432216644287,0.0010892832651734352,0.04376864433288574,0.4416942000389099,0.41980987787246704,0.31660550832748413,0.3232864737510681,0.24170032143592834,0.25690367817878723
49,S6,LatCrit,local,local,0,local,local,0,0.39110034704208374,0.39665353298187256,0.005553185939788818,9.108352242037654e-05,0.011106416583061218,0.39110034704208374,0.39665353298187256,0.24776379764080048,0.24273958802223206,0.36113590002059937,0.3606068789958954
49,S6,ComHvy,local,local,0,local,local,0,0.5786677598953247,0.5693349838256836,-0.009332776069641113,0.0011129546910524368,0.03521460294723511,0.5786677598953247,0.5693349838256836,0.16002094745635986,0.17762824892997742,0.26131129264831543,0.253036767244339
49,S6,BWHvy,local,local,0,BS2,BS2,0,0.44865578413009644,0.42402905225753784,-0.024626731872558594,0.0015737013891339302,0.049253448843955994,0.44865578413009644,0.42402905225753784,0.18850275874137878,0.20655854046344757,0.36284148693084717,0.3694124221801758
49,S7,LatCrit,local,local,0,local,local,0,0.544251561164856,0.5647677183151245,0.020516157150268555,0.0010115522891283035,0.0410323441028595,0.544251561164856,0.5647677183151245,0.16098172962665558,0.15924395620822906,0.29476672410964966,0.27598831057548523
49,S7,ComHvy,local,local,0,local,local,0,0.4700621962547302,0.4824824929237366,0.012420296669006348,0.0012258123606443405,0.04209683835506439,0.4700621962547302,0.4824824929237366,0.27854201197624207,0.2871701419353485,0.2513957619667053,0.23034735023975372
49,S7,BWHvy,local,local,0,local,local,0,0.47359663248062134,0.49171096086502075,0.018114328384399414,0.0013054516166448593,0.0430428683757782,0.47359663248062134,0.49171096086502075,0.2671792507171631,0.27058637142181396,0.2592240869998932,0.23770266771316528
49,S8,LatCrit,local,local,0,local,local,0,0.4509750008583069,0.47363466024398804,0.022659659385681152,0.001090700738132,0.045319318771362305,0.4509750008583069,0.47363466024398804,0.28640618920326233,0.2784370481967926,0.2626188099384308,0.24792829155921936
49,S8,ComHvy,local,local,0,local,local,0,0.605294942855835,0.630089521408081,0.024794578552246094,0.002625472377985716,0.05878964066505432,0.605294942855835,0.630089521408081,0.2286827713251114,0.19928793609142303,0.16602230072021484,0.17062252759933472
49,S8,BWHvy,local,local,0,BS2,BS2,0,0.4546361565589905,0.4851412773132324,0.030505120754241943,0.005010340362787247,0.08416195213794708,0.4546361565589905,0.4851412773132324,0.2839474678039551,0.29552334547042847,0.26141634583473206,0.2193353921175003
50,S1,LatCrit,local,local,0,local,local,0,0.48640239238739014,0.4896460771560669,0.003243684768676758,0.001908905804157257,0.04728403687477112,0.48640239238739014,0.4896460771560669,0.2965344190597534,0.27289238572120667,0.21706321835517883,0.23746153712272644
50,S1,ComHvy,local,local,0,local,local,0,0.5541768074035645,0.581478476524353,0.027301669120788574,0.001885109581053257,0.05460338294506073,0.5541768074035645,0.581478476524353,0.19080278277397156,0.1708078682422638,0.255020409822464,0.2477136105298996
50,S1,BWHvy,local,local,0,local,local,0,0.5020158290863037,0.4992961287498474,-0.002719700336456299,0.0017187613993883133,0.04341772198677063,0.5020158290863037,0.4992961287498474,0.2074722796678543,0.22918112576007843,0.2905119061470032,0.27152273058891296
50,S2,LatCrit,local,local,0,local,local,0,0.5290680527687073,0.5526136159896851,0.023545563220977783,0.005202192813158035,0.07652735710144043,0.5290680527687073,0.5526136159896851,0.2752361595630646,0.289954274892807,0.19569578766822815,0.15743210911750793
50,S2,ComHvy,local,local,0,local,local,0,0.4408873915672302,0.4449719190597534,0.004084527492523193,0.0005289819091558456,0.027337461709976196,0.4408873915672302,0.4449719190597534,0.28501930832862854,0.29460352659225464,0.27409330010414124,0.26042458415031433
50,S2,BWHvy,local,local,0,local,local,0,0.46775615215301514,0.43832826614379883,-0.02942788600921631,0.0020052213221788406,0.0588558167219162,0.46775615215301514,0.43832826614379883,0.2309955507516861,0.25238969922065735,0.3012482523918152,0.3092820346355438
50,S3,LatCrit,local,local,0,BS2,BS2,0,0.5559322834014893,0.5367289781570435,-0.0192033052444458,0.0007454045116901398,0.03840659558773041,0.5559322834014893,0.5367289781570435,0.1379520744085312,0.1432327926158905,0.30611562728881836,0.32003819942474365
50,S3,ComHvy,local,local,0,local,local,0,0.46897679567337036,0.46364569664001465,-0.005331099033355713,7.965881377458572e-05,0.010662168264389038,0.46897679567337036,0.46364569664001465,0.2806285321712494,0.2809796929359436,0.25039467215538025,0.25537458062171936
50,S3,BWHvy,local,local,0,local,local,0,0.5590766668319702,0.5789883136749268,0.019911646842956543,0.0018128474475815892,0.03982323408126831,0.5590766668319702,0.5789883136749268,0.13361696898937225,0.11479760706424713,0.30730634927749634,0.3062141239643097
50,S4,LatCrit,local,local,0,local,local,0,0.4596009850502014,0.49072265625,0.031121671199798584,0.0019430704414844513,0.06224338710308075,0.4596009850502014,0.49072265625,0.25380924344062805,0.23996736109256744,0.2865898013114929,0.26930996775627136
50,S4,ComHvy,local,local,0,local,BS2,1,0.4302852153778076,0.41330283880233765,-0.01698237657546997,0.004118770360946655,0.07763263583183289,0.4302852153778076,0.41330283880233765,0.3492239713668823,0.32739004492759705,0.22049081325531006,0.2593071460723877
50,S4,BWHvy,local,local,0,local,local,0,0.5054627656936646,0.47523707151412964,-0.030225694179534912,0.0022438224405050278,0.060451313853263855,0.5054627656936646,0.47523707151412964,0.1992865949869156,0.2009878158569336,0.29525068402290344,0.3237750828266144
50,S5,LatCrit,local,local,0,local,local,0,0.6063956022262573,0.6196050643920898,0.01320946216583252,0.0011673513799905777,0.03869357705116272,0.6063956022262573,0.6196050643920898,0.21598652005195618,0.1966397613286972,0.1776178479194641,0.18375520408153534
50,S5,ComHvy,local,local,0,BS2,BS2,0,0.4653121829032898,0.42607933282852173,-0.039232850074768066,0.003201669082045555,0.07846570014953613,0.4653121829032898,0.42607933282852173,0.22125189006328583,0.242254838347435,0.31343594193458557,0.33166584372520447
50,S5,BWHvy,local,local,0,BS2,BS2,0,0.43996769189834595,0.4441908597946167,0.004223167896270752,0.002595534548163414,0.057693734765052795,0.43996769189834595,0.4441908597946167,0.22435903549194336,0.24898271262645721,0.3356733024120331,0.3068264126777649
50,S6,LatCrit,local,local,0,local,local,0,0.4796515107154846,0.4890700578689575,0.0094185471534729,0.0005174959078431129,0.028123676776885986,0.4796515107154846,0.4890700578689575,0.2536066472530365,0.2582499384880066,0.2667418420314789,0.2526800036430359
50,S6,ComHvy,local,local,0,local,local,0,0.53886878490448,0.5646254420280457,0.025756657123565674,0.0014257477596402168,0.051513269543647766,0.53886878490448,0.5646254420280457,0.24250003695487976,0.23304975032806396,0.21863114833831787,0.20232482254505157
50,S6,BWHvy,local,local,0,local,local,0,0.38884323835372925,0.41809141635894775,0.029248178005218506,0.002718009054660797,0.06640768051147461,0.38884323835372925,0.41809141635894775,0.252635657787323,0.2565913200378418,0.35852113366127014,0.32531729340553284
50,S7,LatCrit,local,local,0,local,local,0,0.553620457649231,0.5356483459472656,-0.017972111701965332,0.0006965324282646179,0.03594423830509186,0.553620457649231,0.5356483459472656,0.20734794437885284,0.2190224528312683,0.2390316277742386,0.24532924592494965
50,S7,ComHvy,local,local,0,local,local,0,0.5064408779144287,0.5051494836807251,-0.0012913942337036133,3.926386125385761e-05,0.007114797830581665,0.5064408779144287,0.5051494836807251,0.2699650526046753,0.2676990330219269,0.22359409928321838,0.22715148329734802
50,S7,BWHvy,local,local,0,local,local,0,0.5631506443023682,0.562468945980072,-0.0006816983222961426,9.91704873740673e-05,0.009844660758972168,0.5631506443023682,0.562468945980072,0.26767024397850037,0.27259257435798645,0.16917909681797028,0.16493846476078033
50,S8,LatCrit,local,local,0,local,local,0,0.47782546281814575,0.4900472164154053,0.012221753597259521,0.0018578283488750458,0.052988335490226746,0.47782546281814575,0.4900472164154053,0.2923080623149872,0.2658138871192932,0.22986645996570587,0.24413886666297913
50,S8,ComHvy,local,local,0,local,local,0,0.5593099594116211,0.544642448425293,-0.014667510986328125,0.002634825184941292,0.058509767055511475,0.5593099594116211,0.544642448425293,0.24446502327919006,0.22987763583660126,0.19622506201267242,0.22547993063926697
50,S8,BWHvy,local,local,0,local,local,0,0.4418695569038391,0.44071149826049805,-0.0011580586433410645,0.0009373277425765991,0.03347963094711304,0.4418695569038391,0.44071149826049805,0.2701091468334198,0.25452741980552673,0.2880212664604187,0.3047611117362976
51,S1,LatCrit,local,local,0,local,local,0,0.47579753398895264,0.43680042028427124,-0.038997113704681396,0.0031382720917463303,0.07799422740936279,0.47579753398895264,0.43680042028427124,0.30881112813949585,0.32742467522621155,0.21539132297039032,0.23577488958835602
51,S1,ComHvy,local,local,0,local,local,0,0.5746836066246033,0.551204264163971,-0.023479342460632324,0.0018554634880274534,0.04695869982242584,0.5746836066246033,0.551204264163971,0.1790652722120285,0.20206721127033234,0.24625112116336823,0.2467285394668579
51,S1,BWHvy,local,local,0,local,local,0,0.48991602659225464,0.48993414640426636,1.811981201171875e-05,0.0007096724584698677,0.026755347847938538,0.48991602659225464,0.48993414640426636,0.217507466673851,0.23086702823638916,0.29257649183273315,0.2791988253593445
51,S2,LatCrit,local,local,0,local,local,0,0.5079365968704224,0.5071682929992676,-0.0007683038711547852,0.0008513610810041428,0.029669344425201416,0.5079365968704224,0.5071682929992676,0.2570905387401581,0.2719252407550812,0.23497281968593597,0.22090648114681244
51,S2,ComHvy,local,local,0,local,local,0,0.5287585854530334,0.5335538983345032,0.0047953128814697266,0.0051517486572265625,0.07360969483852386,0.5287585854530334,0.5335538983345032,0.24837914109230042,0.21157430112361908,0.22286224365234375,0.25487178564071655
51,S2,BWHvy,local,local,0,BS2,BS1,1,0.4139256477355957,0.4101884961128235,-0.003737151622772217,0.003938052803277969,0.07125376164913177,0.4139256477355957,0.4101884961128235,0.3183096647262573,0.3539365530014038,0.267764687538147,0.2358749657869339
51,S3,LatCrit,local,local,0,local,local,0,0.5605771541595459,0.5677340626716614,0.0071569085121154785,0.004152938723564148,0.06457160413265228,0.5605771541595459,0.5677340626716614,0.2045745551586151,0.17228876054286957,0.2348482608795166,0.25997716188430786
51,S3,ComHvy,local,local,0,BS2,BS2,0,0.45252877473831177,0.43303990364074707,-0.019488871097564697,0.00321350060403347,0.07009720802307129,0.45252877473831177,0.43303990364074707,0.23489537835121155,0.2699439823627472,0.3125758469104767,0.29701611399650574
51,S3,BWHvy,local,local,0,local,local,0,0.4696884751319885,0.48781317472457886,0.018124699592590332,0.002549901604652405,0.06390005350112915,0.4696884751319885,0.48781317472457886,0.2255152314901352,0.23934052884578705,0.30479633808135986,0.2728462815284729
51,S4,LatCrit,local,local,0,local,local,0,0.4763590097427368,0.46214157342910767,-0.01421743631362915,0.004397105425596237,0.07701066136360168,0.4763590097427368,0.46214157342910767,0.20629623532295227,0.2448015809059143,0.3173447549343109,0.2930568754673004
51,S4,ComHvy,local,local,0,local,local,0,0.44702088832855225,0.4387999176979065,-0.008220970630645752,0.0006785895675420761,0.02979937195777893,0.44702088832855225,0.4387999176979065,0.35680627822875977,0.35012754797935486,0.19617284834384918,0.21107251942157745
51,S4,BWHvy,local,local,0,local,local,0,0.4950932264328003,0.4978100061416626,0.0027167797088623047,0.0004239799454808235,0.02285751700401306,0.4950932264328003,0.4978100061416626,0.2576059103012085,0.2663179039955139,0.2473008632659912,0.23587211966514587
51,S5,LatCrit,local,local,0,local,local,0,0.5968793034553528,0.5800002813339233,-0.016879022121429443,0.0008055688813328743,0.033758074045181274,0.5968793034553528,0.5800002813339233,0.18917575478553772,0.1902066022157669,0.2139449119567871,0.22979311645030975
51,S5,ComHvy,local,local,0,local,local,0,0.44537627696990967,0.46218055486679077,0.016804277896881104,0.0012593038845807314,0.04110795259475708,0.44537627696990967,0.46218055486679077,0.24147407710552216,0.220920130610466,0.313149631023407,0.3168993592262268
51,S5,BWHvy,local,local,0,local,local,0,0.447476327419281,0.456559956073761,0.00908362865447998,0.0006853099912405014,0.03324374556541443,0.447476327419281,0.456559956073761,0.25711411237716675,0.2646523714065552,0.29540956020355225,0.2787877023220062
51,S6,LatCrit,local,local,0,local,local,0,0.5179717540740967,0.48729461431503296,-0.03067713975906372,0.0020187105983495712,0.06135430932044983,0.5179717540740967,0.48729461431503296,0.22332008183002472,0.24361495673656464,0.2587081491947174,0.2690904438495636
51,S6,ComHvy,local,local,0,BS2,BS2,0,0.5150539875030518,0.49540847539901733,-0.019645512104034424,0.0008421530947089195,0.03929109871387482,0.5150539875030518,0.49540847539901733,0.21092171967029572,0.21521547436714172,0.27402424812316895,0.28937608003616333
51,S6,BWHvy,local,local,0,BS2,local,1,0.4830620288848877,0.5243843197822571,0.041322290897369385,0.0034357327967882156,0.08264456689357758,0.4830620288848877,0.5243843197822571,0.1965917944908142,0.17896004021167755,0.3203461766242981,0.29665565490722656
51,S7,LatCrit,local,local,0,local,local,0,0.5261210203170776,0.49642348289489746,-0.029697537422180176,0.005603105761110783,0.08948898315429688,0.5261210203170776,0.49642348289489746,0.2036275565624237,0.24837204813957214,0.27025145292282104,0.2552044987678528
51,S7,ComHvy,local,local,0,local,local,0,0.4658436179161072,0.4775747060775757,0.011731088161468506,0.008483853191137314,0.09819559752941132,0.4658436179161072,0.4775747060775757,0.22665813565254211,0.17756031453609467,0.3074982762336731,0.34486496448516846
51,S7,BWHvy,local,local,0,BS1,BS1,0,0.4861374497413635,0.4361919164657593,-0.04994553327560425,0.005829572677612305,0.09989100694656372,0.4861374497413635,0.4361919164657593,0.3148144781589508,0.33003804087638855,0.19904810190200806,0.23377001285552979
51,S8,LatCrit,local,local,0,local,local,0,0.5317724347114563,0.555813729763031,0.024041295051574707,0.002556297928094864,0.062128618359565735,0.5317724347114563,0.555813729763031,0.193963885307312,0.20098687708377838,0.2742637097835541,0.24319937825202942
51,S8,ComHvy,local,local,0,BS1,local,1,0.4840925335884094,0.5068359375,0.022743403911590576,0.0010848995298147202,0.04548680782318115,0.4840925335884094,0.5068359375,0.3229353725910187,0.3053610026836395,0.1929720640182495,0.18780303001403809
51,S8,BWHvy,local,local,0,local,local,0,0.45992791652679443,0.521994411945343,0.062066495418548584,0.00959857925772667,0.12413300573825836,0.45992791652679443,0.521994411945343,0.2700451612472534,0.2589573264122009,0.27002695202827454,0.21904827654361725
52,S1,LatCrit,local,local,0,BS1,BS1,0,0.4997560381889343,0.4837232232093811,-0.016032814979553223,0.0005321502685546875,0.03206561505794525,0.4997560381889343,0.4837232232093811,0.2612093389034271,0.26740899682044983,0.23903463780879974,0.24886777997016907
52,S1,ComHvy,local,local,0,local,local,0,0.5568613409996033,0.5815726518630981,0.024711310863494873,0.0022521372884511948,0.05407898128032684,0.5568613409996033,0.5815726518630981,0.21074573695659637,0.2130739390850067,0.23239292204380035,0.20535345375537872
52,S1,BWHvy,local,local,0,BS2,BS2,0,0.4219818711280823,0.46024709939956665,0.038265228271484375,0.0031233299523591995,0.07653051614761353,0.4219818711280823,0.46024709939956665,0.26549848914146423,0.25428077578544617,0.3125196695327759,0.2854720950126648
52,S2,LatCrit,local,local,0,local,local,0,0.5426609516143799,0.52369225025177,-0.018968701362609863,0.0012044290779158473,0.04099069535732269,0.5426609516143799,0.52369225025177,0.2307100147008896,0.25120535492897034,0.22662903368473053,0.22510237991809845
52,S2,ComHvy,local,local,0,local,local,0,0.4879000186920166,0.4866693615913391,-0.0012306571006774902,6.264308467507362e-06,0.0030798614025115967,0.4879000186920166,0.4866693615913391,0.24940568208694458,0.24909639358520508,0.2626942992210388,0.2642342150211334
52,S2,BWHvy,local,local,0,local,local,0,0.5156008005142212,0.4964119791984558,-0.01918882131576538,0.0016323737800121307,0.04597093164920807,0.5156008005142212,0.4964119791984558,0.28669658303260803,0.28289997577667236,0.1977025717496872,0.2206880748271942
52,S3,LatCrit,local,local,0,local,local,0,0.5623194575309753,0.535799503326416,-0.026519954204559326,0.005057338625192642,0.08809272944927216,0.5623194575309753,0.535799503326416,0.19526368379592896,0.1777372807264328,0.2424168586730957,0.2864632308483124
52,S3,ComHvy,local,local,0,BS2,BS2,0,0.4043840765953064,0.4016571044921875,-0.0027269721031188965,0.001010427251458168,0.037297725677490234,0.4043840765953064,0.4016571044921875,0.29392552375793457,0.27800363302230835,0.30169036984443665,0.32033923268318176
52,S3,BWHvy,local,local,0,local,local,0,0.569481611251831,0.5677376389503479,-0.0017439723014831543,0.0005122805014252663,0.02265171706676483,0.569481611251831,0.5677376389503479,0.18731214106082916,0.1777302473783493,0.2432062178850174,0.2545320689678192
52,S4,LatCrit,local,local,0,local,local,0,0.5491691827774048,0.5710663795471191,0.021897196769714355,0.000978957861661911,0.0437944233417511,0.5491691827774048,0.5710663795471191,0.2040194571018219,0.19321219623088837,0.2468114048242569,0.2357214391231537
52,S4,ComHvy,local,local,0,local,local,0,0.4450596570968628,0.43622344732284546,-0.008836209774017334,0.0005852025933563709,0.031134426593780518,0.4450596570968628,0.43622344732284546,0.28435614705085754,0.2999233603477478,0.27058419585227966,0.26385319232940674
52,S4,BWHvy,local,local,0,local,local,0,0.5255491733551025,0.47109848260879517,-0.05445069074630737,0.009198147803544998,0.11575272679328918,0.5255491733551025,0.47109848260879517,0.23961354792118073,0.23618784546852112,0.2348373383283615,0.2927136719226837
52,S5,LatCrit,local,local,0,local,local,0,0.5615798234939575,0.562758207321167,0.0011783838272094727,0.0008101416751742363,0.027495071291923523,0.5615798234939575,0.562758207321167,0.2329930067062378,0.24556216597557068,0.2054271697998047,0.19167964160442352
52,S5,ComHvy,local,local,0,local,local,0,0.49786388874053955,0.49700695276260376,-0.000856935977935791,0.00020223995670676231,0.014875531196594238,0.49786388874053955,0.49700695276260376,0.1975896805524826,0.1910088211297989,0.30454644560813904,0.31198418140411377
52,S5,BWHvy,local,local,0,local,local,0,0.542702317237854,0.5543757081031799,0.011673390865325928,0.0003294898197054863,0.02334679663181305,0.542702317237854,0.5543757081031799,0.17084023356437683,0.16980503499507904,0.28645747900009155,0.2758192718029022
52,S6,LatCrit,local,local,0,BS1,BS1,0,0.5293111801147461,0.5018397569656372,-0.027471423149108887,0.0015423977747559547,0.05494284629821777,0.5293111801147461,0.5018397569656372,0.253495991230011,0.2653912305831909,0.21719281375408173,0.23276899755001068
52,S6,ComHvy,local,local,0,BS2,BS2,0,0.48118048906326294,0.4568707346916199,-0.024309754371643066,0.004230620339512825,0.0829746425151825,0.48118048906326294,0.4568707346916199,0.25959932804107666,0.3010866343975067,0.2592201828956604,0.24204260110855103
52,S6,BWHvy,local,local,0,BS1,local,1,0.5350393056869507,0.5728912949562073,0.03785198926925659,0.004300672560930252,0.07625482976436615,0.5350393056869507,0.5728912949562073,0.19865700602531433,0.19893242418766022,0.266303688287735,0.2281762659549713
52,S7,LatCrit,local,local,0,local,local,0,0.4906485080718994,0.4611855745315552,-0.02946293354034424,0.001848112791776657,0.05892588198184967,0.4906485080718994,0.4611855745315552,0.3015158772468567,0.31354618072509766,0.2078356146812439,0.22526825964450836
52,S7,ComHvy,local,local,0,local,local,0,0.4490368366241455,0.47821950912475586,0.02918267250061035,0.002771869068965316,0.0583653450012207,0.4490368366241455,0.47821950912475586,0.2223740965127945,0.19484879076480865,0.3285890817642212,0.3269317150115967
52,S7,BWHvy,local,local,0,local,local,0,0.4488621950149536,0.43750232458114624,-0.011359870433807373,0.0010660234838724136,0.04127967357635498,0.4488621950149536,0.43750232458114624,0.28686806559562683,0.2775880992412567,0.26426973938941956,0.28490957617759705
52,S8,LatCrit,local,local,0,BS1,local,1,0.4657629132270813,0.5339345932006836,0.0681716799736023,0.009571749716997147,0.13634341955184937,0.4657629132270813,0.5339345932006836,0.24649877846240997,0.20777280628681183,0.2877383232116699,0.258292555809021
52,S8,ComHvy,local,local,0,local,local,0,0.5595954060554504,0.5736340880393982,0.014038681983947754,0.001463441178202629,0.04384535551071167,0.5595954060554504,0.5736340880393982,0.2167535126209259,0.22463750839233398,0.22365109622478485,0.20172841846942902
52,S8,BWHvy,local,local,0,BS2,BS2,0,0.5584307312965393,0.5720531940460205,0.013622462749481201,0.0005227550864219666,0.02724491059780121,0.5584307312965393,0.5720531940460205,0.22919663786888123,0.22759570181369781,0.21237260103225708,0.20035108923912048
53,S1,LatCrit,local,local,0,local,local,0,0.5049680471420288,0.5035736560821533,-0.0013943910598754883,1.050787977874279e-05,0.0040227919816970825,0.5049680471420288,0.5035736560821533,0.23725061118602753,0.23663359880447388,0.25778132677078247,0.2597927153110504
53,S1,ComHvy,local,local,0,local,local,0,0.5916389226913452,0.6079686880111694,0.01632976531982422,0.0019472460262477398,0.048541486263275146,0.5916389226913452,0.6079686880111694,0.20322543382644653,0.17895470559597015,0.20513564348220825,0.2130766361951828
53,S1,BWHvy,local,local,0,local,local,0,0.5241326093673706,0.520865797996521,-0.0032668113708496094,0.009316690266132355,0.0974414199590683,0.5241326093673706,0.520865797996521,0.20701603591442108,0.25573670864105225,0.2688513994216919,0.22339746356010437
53,S2,LatCrit,local,local,0,BS2,local,1,0.4982733726501465,0.5021270513534546,0.0038536787033081055,0.0012956168502569199,0.039239898324012756,0.4982733726501465,0.5021270513534546,0.24784936010837555,0.26361560821533203,0.2538772523403168,0.2342572808265686
53,S2,ComHvy,local,local,0,local,local,0,0.5063520669937134,0.48929929733276367,-0.017052769660949707,0.0012377873063087463,0.04473365843296051,0.5063520669937134,0.48929929733276367,0.2242453694343567,0.21893133223056793,0.26940253376960754,0.2917693853378296
53,S2,BWHvy,local,local,0,local,local,0,0.43002182245254517,0.4597485661506653,0.029726743698120117,0.0018616989254951477,0.05945351719856262,0.43002182245254517,0.4597485661506653,0.2822114825248718,0.263082891702652,0.2877667248249054,0.27716854214668274
53,S3,LatCrit,local,local,0,local,local,0,0.5414697527885437,0.5277847051620483,-0.013685047626495361,0.002314610406756401,0.05577954649925232,0.5414697527885437,0.5277847051620483,0.25092071294784546,0.23671600222587585,0.20760951936244965,0.235499307513237
53,S3,ComHvy,local,local,0,BS1,BS1,0,0.3917260766029358,0.39985281229019165,0.00812673568725586,0.007410477846860886,0.10174527764320374,0.3917260766029358,0.39985281229019165,0.27128899097442627,0.3140348792076111,0.3369849622249603,0.28611230850219727
53,S3,BWHvy,local,local,0,local,local,0,0.5356672406196594,0.5329234600067139,-0.0027437806129455566,0.0016059726476669312,0.04064550995826721,0.5356672406196594,0.5329234600067139,0.1844850331544876,0.16690604388713837,0.2798477113246918,0.3001704514026642
53,S4,LatCrit,local,local,0,local,local,0,0.462740957736969,0.48874688148498535,0.026005923748016357,0.0018146820366382599,0.0520118772983551,0.462740957736969,0.48874688148498535,0.22984081506729126,0.20829829573631287,0.30741825699806213,0.3029548227787018
53,S4,ComHvy,local,local,0,local,local,0,0.4859991669654846,0.4744642972946167,-0.01153486967086792,0.000555441714823246,0.02883896231651306,0.4859991669654846,0.4744642972946167,0.2639845609664917,0.2610999643802643,0.2500162422657013,0.264435738325119
53,S4,BWHvy,local,local,0,local,local,0,0.550157368183136,0.535192608833313,-0.014964759349822998,0.0013432987034320831,0.04325158894062042,0.550157368183136,0.535192608833313,0.23967021703720093,0.2330091893672943,0.21017241477966309,0.2317982167005539
53,S5,LatCrit,local,local,0,local,local,0,0.5352544784545898,0.5413085222244263,0.006054043769836426,0.0006438898853957653,0.027705445885658264,0.5352544784545898,0.5413085222244263,0.20265762507915497,0.18880492448806763,0.262087881565094,0.2698865830898285
53,S5,ComHvy,local,local,0,local,local,0,0.5092719197273254,0.5029253363609314,-0.006346583366394043,0.0009313132613897324,0.0354609489440918,0.5092719197273254,0.5029253363609314,0.2395961731672287,0.2573266625404358,0.25113189220428467,0.239748015999794
53,S5,BWHvy,local,local,0,local,local,0,0.47379565238952637,0.4998554587364197,0.02605980634689331,0.004368972033262253,0.08417360484600067,0.47379565238952637,0.4998554587364197,0.21222421526908875,0.22825120389461517,0.3139801621437073,0.27189335227012634
53,S6,LatCrit,local,local,0,local,local,0,0.5293872356414795,0.5165809392929077,-0.012806296348571777,0.0016388138756155968,0.04976856708526611,0.5293872356414795,0.5165809392929077,0.25945642590522766,0.28434067964553833,0.21115636825561523,0.19907835125923157
53,S6,ComHvy,local,local,0,BS2,BS2,0,0.4579840302467346,0.4162946939468384,-0.04168933629989624,0.00767304003238678,0.11486992239952087,0.4579840302467346,0.4162946939468384,0.2822870910167694,0.33972203731536865,0.25972890853881836,0.24398326873779297
53,S6,BWHvy,local,local,0,local,local,0,0.5201468467712402,0.5666967034339905,0.046549856662750244,0.008547727018594742,0.11098295450210571,0.5201468467712402,0.5666967034339905,0.2011575698852539,0.2100992053747177,0.27869555354118347,0.2232040911912918
53,S7,LatCrit,local,local,0,local,local,0,0.5468152165412903,0.532440185546875,-0.014375030994415283,0.0007511524017900229,0.0342530757188797,0.5468152165412903,0.532440185546875,0.26076772809028625,0.2778942584991455,0.19241705536842346,0.1896655410528183
53,S7,ComHvy,local,local,0,local,local,0,0.47027403116226196,0.4755568504333496,0.0052828192710876465,0.0007293140515685081,0.03099195659160614,0.47027403116226196,0.4755568504333496,0.2393513172864914,0.22385534644126892,0.29037466645240784,0.30058783292770386
53,S7,BWHvy,local,local,0,local,local,0,0.5105074048042297,0.5090175867080688,-0.0014898180961608887,0.002239258959889412,0.04817436635494232,0.5105074048042297,0.5090175867080688,0.23294128477573395,0.21034395694732666,0.2565512955188751,0.28063851594924927
53,S8,LatCrit,local,local,0,local,local,0,0.4565392732620239,0.49270063638687134,0.03616136312484741,0.00503440061584115,0.07483947277069092,0.4565392732620239,0.49270063638687134,0.21604718267917633,0.17862744629383087,0.32741352915763855,0.3286719024181366
53,S8,ComHvy,local,local,0,local,local,0,0.5278316736221313,0.5465356111526489,0.018703937530517578,0.0011289975373074412,0.0375186949968338,0.5278316736221313,0.5465356111526489,0.2311275601387024,0.2123682051897049,0.24104073643684387,0.2410961389541626
53,S8,BWHvy,local,local,0,local,local,0,0.5251221656799316,0.5409206748008728,0.015798509120941162,0.0029020244255661964,0.061793968081474304,0.5251221656799316,0.5409206748008728,0.23686660826206207,0.2059696465730667,0.2380111962556839,0.2531096935272217
54,S1,LatCrit,local,local,0,local,local,0,0.5446231365203857,0.5377129316329956,-0.006910204887390137,0.0026574935764074326,0.055925801396369934,0.5446231365203857,0.5377129316329956,0.21104563772678375,0.18999293446540833,0.24433118104934692,0.2722940742969513
54,S1,ComHvy,local,local,0,local,BS1,1,0.48528456687927246,0.46321070194244385,-0.022073864936828613,0.0009783627465367317,0.04414772987365723,0.48528456687927246,0.46321070194244385,0.260371595621109,0.2712116837501526,0.25434383749961853,0.26557761430740356
54,S1,BWHvy,local,local,0,BS1,BS1,0,0.5224102735519409,0.5333629250526428,0.010952651500701904,0.0011360496282577515,0.04029001295566559,0.5224102735519409,0.5333629250526428,0.221746563911438,0.2309388965368271,0.25584322214126587,0.23569819331169128
54,S2,LatCrit,local,local,0,local,local,0,0.5364135503768921,0.5214810371398926,-0.014932513236999512,0.0006172284483909607,0.029865026473999023,0.5364135503768921,0.5214810371398926,0.23372027277946472,0.23476940393447876,0.22986619174480438,0.24374957382678986
54,S2,ComHvy,local,local,0,local,local,0,0.5722082257270813,0.58815598487854,0.01594775915145874,0.0012105111964046955,0.04040439426898956,0.5722082257270813,0.58815598487854,0.22897712886333466,0.2087748944759369,0.19881467521190643,0.2030690759420395
54,S2,BWHvy,local,local,0,local,local,0,0.4796464443206787,0.5126909613609314,0.033044517040252686,0.003226209431886673,0.06608909368515015,0.4796464443206787,0.5126909613609314,0.3288481831550598,0.3226500451564789,0.19150540232658386,0.16465896368026733
54,S3,LatCrit,local,local,0,BS1,BS1,0,0.4378790259361267,0.38205474615097046,-0.05582427978515625,0.007592242211103439,0.11164858937263489,0.4378790259361267,0.38205474615097046,0.3207116425037384,0.333347886800766,0.2414093315601349,0.28459739685058594
54,S3,ComHvy,local,local,0,local,local,0,0.48840951919555664,0.45217400789260864,-0.036235511302948,0.007913477718830109,0.10990512371063232,0.48840951919555664,0.45217400789260864,0.22133904695510864,0.2762916088104248,0.2902514338493347,0.27153438329696655
54,S3,BWHvy,local,local,0,local,local,0,0.4491872191429138,0.4505789875984192,0.001391768455505371,1.1647003702819347e-05,0.0044964998960494995,0.4491872191429138,0.4505789875984192,0.32892316579818726,0.3266748785972595,0.2218896597623825,0.2227461040019989
54,S4,LatCrit,local,local,0,local,local,0,0.5227744579315186,0.554140567779541,0.03136610984802246,0.003283541649580002,0.06705838441848755,0.5227744579315186,0.554140567779541,0.21722719073295593,0.21939025819301605,0.2599983811378479,0.22646917402744293
54,S4,ComHvy,local,local,0,BS1,BS1,0,0.5191717147827148,0.5334787368774414,0.014307022094726562,0.0021473467350006104,0.052093446254730225,0.5191717147827148,0.5334787368774414,0.21709194779396057,0.19104522466659546,0.2637363076210022,0.27547600865364075
54,S4,BWHvy,local,local,0,local,local,0,0.48593538999557495,0.48673373460769653,0.000798344612121582,0.0002533579245209694,0.016773581504821777,0.48593538999557495,0.48673373460769653,0.20589569211006165,0.21348413825035095,0.3081689178943634,0.2997821271419525
54,S5,LatCrit,local,local,0,local,local,0,0.45418989658355713,0.4668545126914978,0.012664616107940674,0.002770978957414627,0.06469546258449554,0.45418989658355713,0.4668545126914978,0.30876269936561584,0.2764149606227875,0.23704741895198822,0.2567305266857147
54,S5,ComHvy,local,local,0,local,local,0,0.5190154314041138,0.5250763893127441,0.006060957908630371,0.00017314590513706207,0.014654755592346191,0.5190154314041138,0.5250763893127441,0.2774137258529663,0.27868014574050903,0.20357084274291992,0.19624346494674683
54,S5,BWHvy,local,local,0,local,local,0,0.5183202028274536,0.5386152267456055,0.020295023918151855,0.0009681768715381622,0.04059004783630371,0.5183202028274536,0.5386152267456055,0.2377200871706009,0.2221255898475647,0.2439597100019455,0.23925918340682983
54,S6,LatCrit,local,local,0,local,BS1,1,0.4849810004234314,0.48134487867355347,-0.0036361217498779297,0.003574064001441002,0.06295695900917053,0.4849810004234314,0.48134487867355347,0.30712762475013733,0.3386061191558838,0.20789137482643127,0.18004903197288513
54,S6,ComHvy,local,local,0,local,local,0,0.516085684299469,0.46533966064453125,-0.050746023654937744,0.00625632656738162,0.10149204730987549,0.516085684299469,0.46533966064453125,0.26343613862991333,0.3088951110839844,0.22047817707061768,0.22576522827148438
54,S6,BWHvy,local,local,0,local,local,0,0.45817995071411133,0.4878711700439453,0.029691219329833984,0.013052597641944885,0.13445760309696198,0.45817995071411133,0.4878711700439453,0.26243582367897034,0.29997339844703674,0.27938422560691833,0.21215541660785675
54,S7,LatCrit,local,local,0,local,local,0,0.6072617769241333,0.5852652788162231,-0.021996498107910156,0.0023369179107248783,0.05711783468723297,0.6072617769241333,0.5852652788162231,0.20644530653953552,0.23500418663024902,0.18629294633865356,0.17973048985004425
54,S7,ComHvy,local,local,0,BS1,BS1,0,0.4765288233757019,0.45632243156433105,-0.02020639181137085,0.0009894780814647675,0.040412768721580505,0.4765288233757019,0.45632243156433105,0.29006364941596985,0.29439544677734375,0.23340754210948944,0.2492821216583252
54,S7,BWHvy,local,local,0,local,local,0,0.49227839708328247,0.45579808950424194,-0.03648030757904053,0.00546114519238472,0.09619809687137604,0.49227839708328247,0.45579808950424194,0.22961308062076569,0.2179943323135376,0.27810850739479065,0.32620754837989807
54,S8,LatCrit,local,local,0,local,local,0,0.476526141166687,0.46934038400650024,-0.007185757160186768,0.004103224724531174,0.0725567638874054,0.476526141166687,0.46934038400650024,0.25685223937034607,0.22775959968566895,0.2666216492652893,0.3029000163078308
54,S8,ComHvy,local,local,0,local,local,0,0.4656890034675598,0.48630207777023315,0.02061307430267334,0.0076540615409612656,0.10356374084949493,0.4656890034675598,0.48630207777023315,0.2819543182849884,0.23017247021198273,0.2523566484451294,0.2835254669189453
54,S8,BWHvy,local,local,0,local,local,0,0.47151821851730347,0.5396066904067993,0.06808847188949585,0.009292300790548325,0.13617686927318573,0.47151821851730347,0.5396066904067993,0.29073989391326904,0.2531602382659912,0.2377418577671051,0.20723311603069305
55,S1,LatCrit,local,local,0,local,local,0,0.5776412487030029,0.5754135847091675,-0.0022276639938354492,0.0010664425790309906,0.03220604360103607,0.5776412487030029,0.5754135847091675,0.20870845019817352,0.22481144964694977,0.21365034580230713,0.19977496564388275
55,S1,ComHvy,local,local,0,local,local,0,0.49310052394866943,0.4762604832649231,-0.016840040683746338,0.0006177173927426338,0.03368005156517029,0.49310052394866943,0.4762604832649231,0.24907153844833374,0.2536816895008087,0.2578279674053192,0.2700578272342682
55,S1,BWHvy,local,local,0,local,local,0,0.39927029609680176,0.3958066701889038,-0.0034636259078979492,0.00016717566177248955,0.016832739114761353,0.39927029609680176,0.3958066701889038,0.3254820704460144,0.3338984251022339,0.27524763345718384,0.2702948749065399
55,S2,LatCrit,local,local,0,local,local,0,0.5715763568878174,0.5613428950309753,-0.010233461856842041,0.0003344779834151268,0.020466938614845276,0.5715763568878174,0.5613428950309753,0.23621748387813568,0.23665618896484375,0.19220612943172455,0.20200090110301971
55,S2,ComHvy,local,local,0,local,local,0,0.5311493873596191,0.5262032151222229,-0.00494617223739624,0.003837898373603821,0.06490381062030792,0.5311493873596191,0.5262032151222229,0.2270963490009308,0.19959060847759247,0.24175426363945007,0.27420616149902344
55,S2,BWHvy,local,local,0,local,local,0,0.5476014614105225,0.5130112171173096,-0.03459024429321289,0.002785520628094673,0.06918048858642578,0.5476014614105225,0.5130112171173096,0.22744248807430267,0.2347751408815384,0.22495606541633606,0.25221365690231323
55,S3,LatCrit,local,local,0,local,BS1,1,0.5088192224502563,0.48499351739883423,-0.02382570505142212,0.0011388934217393398,0.047651439905166626,0.5088192224502563,0.48499351739883423,0.31406816840171814,0.33019766211509705,0.17711259424686432,0.18480883538722992
55,S3,ComHvy,local,local,0,local,local,0,0.5263601541519165,0.5082095265388489,-0.018150627613067627,0.001429941039532423,0.047407299280166626,0.5263601541519165,0.5082095265388489,0.25498533248901367,0.2786889970302582,0.21865446865558624,0.21310146152973175
55,S3,BWHvy,local,local,0,local,local,0,0.4674515724182129,0.47317254543304443,0.005720973014831543,0.001446109265089035,0.042648330330848694,0.4674515724182129,0.47317254543304443,0.29319363832473755,0.30879682302474976,0.23935480415821075,0.2180306315422058
55,S4,LatCrit,local,local,0,local,local,0,0.520484983921051,0.4847028851509094,-0.0357820987701416,0.0036462508141994476,0.07468734681606293,0.520484983921051,0.4847028851509094,0.20755089819431305,0.20598933100700378,0.27196410298347473,0.3093077838420868
55,S4,ComHvy,local,local,0,local,local,0,0.4969325065612793,0.517812192440033,0.020879685878753662,0.003800235688686371,0.07690422236919403,0.4969325065612793,0.517812192440033,0.196055069565773,0.21362748742103577,0.3070124089717865,0.2685602903366089
55,S4,BWHvy,local,local,0,local,local,0,0.4740200638771057,0.45507949590682983,-0.01894056797027588,0.0009664854733273387,0.03788110613822937,0.4740200638771057,0.45507949590682983,0.28481408953666687,0.3033348321914673,0.2411658763885498,0.24158567190170288
55,S5,LatCrit,local,local,0,BS2,BS2,0,0.3940911889076233,0.3940557837486267,-3.540515899658203e-05,0.00018967455253005028,0.015194356441497803,0.3940911889076233,0.3940557837486267,0.3127868175506592,0.30522504448890686,0.29312196373939514,0.30071914196014404
55,S5,ComHvy,local,local,0,local,local,0,0.5781233906745911,0.5596883893013,-0.018435001373291016,0.0006930176168680191,0.03687004745006561,0.5781233906745911,0.5596883893013,0.21644900739192963,0.2264590859413147,0.20542757213115692,0.21385253965854645
55,S5,BWHvy,local,local,0,local,local,0,0.48343420028686523,0.4942932724952698,0.010859072208404541,0.0009409151971340179,0.03810879588127136,0.48343420028686523,0.4942932724952698,0.23787921667099,0.24607452750205994,0.27868661284446716,0.2596322000026703
55,S6,LatCrit,local,local,0,local,local,0,0.5298912525177002,0.5254340171813965,-0.004457235336303711,0.00042876042425632477,0.02352939546108246,0.5298912525177002,0.5254340171813965,0.2469763457775116,0.23966890573501587,0.22313235700130463,0.23489707708358765
55,S6,ComHvy,local,local,0,BS2,BS2,0,0.535368800163269,0.5118144154548645,-0.02355438470840454,0.0028355568647384644,0.06419730186462402,0.535368800163269,0.5118144154548645,0.24616387486457825,0.23761960864067078,0.2184673547744751,0.2505660057067871
55,S6,BWHvy,local,local,0,BS2,BS2,0,0.4301731586456299,0.4172075390815735,-0.012965619564056396,0.0005323318764567375,0.030418366193771362,0.4301731586456299,0.4172075390815735,0.22008641064167023,0.21784283220767975,0.3497404456138611,0.36494961380958557
55,S7,LatCrit,local,local,0,local,local,0,0.5424743890762329,0.5642037987709045,0.02172940969467163,0.0014753714203834534,0.044667527079582214,0.5424743890762329,0.5642037987709045,0.20511342585086823,0.2057177573442459,0.25241222977638245,0.23007844388484955
55,S7,ComHvy,local,local,0,local,local,0,0.5055338144302368,0.5087190270423889,0.0031852126121520996,0.0004919655621051788,0.0232345312833786,0.5055338144302368,0.5087190270423889,0.3026544153690338,0.3110864758491516,0.19181177020072937,0.18019451200962067
55,S7,BWHvy,local,local,0,local,local,0,0.5260426998138428,0.47961288690567017,-0.04642981290817261,0.0043822843581438065,0.09285962581634521,0.5260426998138428,0.47961288690567017,0.23093116283416748,0.25797155499458313,0.24302613735198975,0.2624155580997467
55,S8,LatCrit,local,local,0,local,local,0,0.4479512572288513,0.4605490565299988,0.012597799301147461,0.0006221446674317122,0.03227968513965607,0.4479512572288513,0.4605490565299988,0.31980037689208984,0.3036605417728424,0.23224835097789764,0.2357904016971588
55,S8,ComHvy,local,local,0,local,local,0,0.5125019550323486,0.484977126121521,-0.027524828910827637,0.00169679569080472,0.055049628019332886,0.5125019550323486,0.484977126121521,0.2277616709470749,0.24763216078281403,0.25973638892173767,0.2673906981945038
55,S8,BWHvy,local,local,0,local,local,0,0.4468271732330322,0.43076497316360474,-0.01606220006942749,0.0018275994807481766,0.052994370460510254,0.4468271732330322,0.43076497316360474,0.3111933767795563,0.30075839161872864,0.2419794499874115,0.2684766352176666
56,S1,LatCrit,local,local,0,BS1,local,1,0.5546231269836426,0.5652766823768616,0.010653555393218994,0.00034530257107689977,0.021307095885276794,0.5546231269836426,0.5652766823768616,0.2248336225748062,0.21452054381370544,0.2205432653427124,0.22020280361175537
56,S1,ComHvy,local,local,0,local,local,0,0.5075836181640625,0.5249723792076111,0.017388761043548584,0.0008327929535880685,0.034777507185935974,0.5075836181640625,0.5249723792076111,0.2469397336244583,0.23100723326206207,0.2454766035079956,0.24402035772800446
56,S1,BWHvy,local,local,0,local,local,0,0.4554942846298218,0.4782596826553345,0.022765398025512695,0.003294270485639572,0.07087738811969757,0.4554942846298218,0.4782596826553345,0.2642163634300232,0.2768896520137787,0.28028935194015503,0.24485065042972565
56,S2,LatCrit,local,local,0,BS2,BS1,1,0.4129689335823059,0.4229416251182556,0.009972691535949707,0.0006224680691957474,0.032518595457077026,0.4129689335823059,0.4229416251182556,0.2700994610786438,0.2763860523700714,0.3169316053390503,0.3006722927093506
56,S2,ComHvy,local,local,0,local,local,0,0.5104447603225708,0.4994993209838867,-0.010945439338684082,0.0008491640910506248,0.03469301760196686,0.5104447603225708,0.4994993209838867,0.21883627772331238,0.2361827939748764,0.2707189619541168,0.26431789994239807
56,S2,BWHvy,local,local,0,local,local,0,0.41786396503448486,0.4178462624549866,-1.7702579498291016e-05,5.0910282880067825e-05,0.007695555686950684,0.41786396503448486,0.4178462624549866,0.26648542284965515,0.2703332006931305,0.31565061211586,0.31182053685188293
56,S3,LatCrit,local,local,0,BS2,BS2,0,0.48835188150405884,0.4895057678222656,0.0011538863182067871,0.004073945805430412,0.06443338096141815,0.48835188150405884,0.4895057678222656,0.2792006731033325,0.3102634847164154,0.23244743049144745,0.20023074746131897
56,S3,ComHvy,local,local,0,local,local,0,0.44222986698150635,0.4856919050216675,0.04346203804016113,0.005553567782044411,0.0921885222196579,0.44222986698150635,0.4856919050216675,0.33180680871009827,0.2857125401496887,0.22596332430839539,0.2285955399274826
56,S3,BWHvy,local,local,0,local,BS2,1,0.49130934476852417,0.47556614875793457,-0.0157431960105896,0.0015046391636133194,0.05092373490333557,0.49130934476852417,0.47556614875793457,0.20381711423397064,0.19409842789173126,0.3048735558986664,0.330335408449173
56,S4,LatCrit,local,local,0,BS1,BS1,0,0.434383749961853,0.4344514012336731,6.765127182006836e-05,0.0024636350572109222,0.05283758044242859,0.434383749961853,0.4344514012336731,0.3048824965953827,0.2784636914730072,0.2607337534427643,0.2870848774909973
56,S4,ComHvy,local,local,0,local,local,0,0.5155082941055298,0.517327070236206,0.0018187761306762695,9.234103345079347e-06,0.0036376863718032837,0.5155082941055298,0.517327070236206,0.26579755544662476,0.2640305161476135,0.21869422495365143,0.21864235401153564
56,S4,BWHvy,local,local,0,local,local,0,0.582451581954956,0.5748946666717529,-0.007556915283203125,0.0002813655883073807,0.01978255808353424,0.582451581954956,0.5748946666717529,0.19988033175468445,0.19754596054553986,0.2176681011915207,0.22755937278270721
56,S5,LatCrit,local,local,0,local,local,0,0.4447295665740967,0.45171958208084106,0.006990015506744385,0.0002608015201985836,0.019565224647521973,0.4447295665740967,0.45171958208084106,0.2536884546279907,0.24390584230422974,0.301582008600235,0.3043746054172516
56,S5,ComHvy,local,local,0,local,local,0,0.5584592819213867,0.5205366611480713,-0.03792262077331543,0.00295195821672678,0.07584522664546967,0.5584592819213867,0.5205366611480713,0.22943150997161865,0.2531503140926361,0.21210920810699463,0.2263130098581314
56,S5,BWHvy,local,local,0,local,local,0,0.4418489933013916,0.47543764114379883,0.03358864784240723,0.005292508751153946,0.0891580730676651,0.4418489933013916,0.47543764114379883,0.2705732583999634,0.2815636396408081,0.287577748298645,0.24299870431423187
56,S6,LatCrit,local,local,0,local,local,0,0.5175607204437256,0.522233247756958,0.004672527313232422,4.576495848596096e-05,0.009345024824142456,0.5175607204437256,0.522233247756958,0.26828959584236145,0.2663765549659729,0.21414969861507416,0.21139024198055267
56,S6,ComHvy,local,local,0,BS1,BS1,0,0.48584479093551636,0.47589898109436035,-0.009945809841156006,0.0022045988589525223,0.05665384232997894,0.48584479093551636,0.47589898109436035,0.2834129333496094,0.31173983216285706,0.23074230551719666,0.2123611718416214
56,S6,BWHvy,local,local,0,local,local,0,0.4712720513343811,0.48058319091796875,0.009311139583587646,0.0015374217182397842,0.047735556960105896,0.4712720513343811,0.48058319091796875,0.2282320111989975,0.2427886426448822,0.3004959523677826,0.27662816643714905
56,S7,LatCrit,local,local,0,local,local,0,0.5898051261901855,0.6308561563491821,0.04105103015899658,0.0039357878267765045,0.08210206031799316,0.5898051261901855,0.6308561563491821,0.18536235392093658,0.15905621647834778,0.22483251988887787,0.2100876271724701
56,S7,ComHvy,local,local,0,local,local,0,0.47420376539230347,0.477131187915802,0.002927422523498535,0.00012155435979366302,0.013215288519859314,0.47420376539230347,0.477131187915802,0.27344539761543274,0.27712562680244446,0.2523508071899414,0.24574317038059235
56,S7,BWHvy,local,local,0,local,local,0,0.5657156109809875,0.574524998664856,0.008809387683868408,0.0001797407167032361,0.01761871576309204,0.5657156109809875,0.574524998664856,0.24228762090206146,0.23527629673480988,0.1919967532157898,0.19019874930381775
56,S8,LatCrit,local,local,0,local,local,0,0.4719254970550537,0.47684669494628906,0.0049211978912353516,0.0037556421011686325,0.06729122996330261,0.4719254970550537,0.47684669494628906,0.28583237528800964,0.25218674540519714,0.24224215745925903,0.2709665596485138
56,S8,ComHvy,local,local,0,local,local,0,0.5324139595031738,0.5040240287780762,-0.028389930725097656,0.0017000148072838783,0.05677977204322815,0.5324139595031738,0.5040240287780762,0.246928870677948,0.26667994260787964,0.22065722942352295,0.2292959988117218
56,S8,BWHvy,local,local,0,local,local,0,0.4656379222869873,0.43057721853256226,-0.03506070375442505,0.004073835909366608,0.07914227247238159,0.4656379222869873,0.43057721853256226,0.26440566778182983,0.2598952353000641,0.26995640993118286,0.30952754616737366
57,S1,LatCrit,local,local,0,local,BS2,1,0.515711784362793,0.4993324279785156,-0.016379356384277344,0.0017183516174554825,0.052180737257003784,0.515711784362793,0.4993324279785156,0.22673889994621277,0.21702790260314941,0.25754931569099426,0.28363969922065735
57,S1,ComHvy,local,local,0,local,local,0,0.5001245737075806,0.4955673813819885,-0.004557192325592041,0.00030661094933748245,0.02033558487892151,0.5001245737075806,0.4955673813819885,0.21901661157608032,0.22918441891670227,0.2808587849140167,0.2752481997013092
57,S1,BWHvy,local,local,0,local,local,0,0.4308200478553772,0.4685707688331604,0.0377507209777832,0.0031613996252417564,0.07550141215324402,0.4308200478553772,0.4685707688331604,0.28780433535575867,0.26026374101638794,0.28137561678886414,0.27116551995277405
57,S2,LatCrit,local,local,0,local,local,0,0.4362330436706543,0.45178765058517456,0.015554606914520264,0.0009324196726083755,0.04001203179359436,0.4362330436706543,0.45178765058517456,0.2267516851425171,0.2312030792236328,0.3370152711868286,0.31700924038887024
57,S2,ComHvy,local,local,0,local,local,0,0.5818153023719788,0.5857644081115723,0.003949105739593506,7.979758083820343e-05,0.010440602898597717,0.5818153023719788,0.5857644081115723,0.19628314673900604,0.19755436480045319,0.221901535987854,0.21668125689029694
57,S2,BWHvy,local,local,0,local,local,0,0.49590563774108887,0.5151065587997437,0.019200921058654785,0.0011545926099643111,0.04202333092689514,0.49590563774108887,0.5151065587997437,0.29552510380744934,0.2745134234428406,0.2085692435503006,0.2103799730539322
57,S3,LatCrit,local,local,0,local,local,0,0.4902185797691345,0.5058932304382324,0.0156746506690979,0.0006492333486676216,0.03134928643703461,0.4902185797691345,0.5058932304382324,0.2461920529603958,0.24476894736289978,0.26358935236930847,0.2493378221988678
57,S3,ComHvy,local,local,0,local,local,0,0.4402546286582947,0.43414443731307983,-0.006110191345214844,0.0010743234306573868,0.039466679096221924,0.4402546286582947,0.43414443731307983,0.2992563545703888,0.2856332063674927,0.26048901677131653,0.2802223563194275
57,S3,BWHvy,local,local,0,BS1,BS1,0,0.4356120228767395,0.4539596438407898,0.018347620964050293,0.0011311876587569714,0.04494310915470123,0.4356120228767395,0.4539596438407898,0.36955443024635315,0.34708285331726074,0.19483359158039093,0.19895750284194946
57,S4,LatCrit,local,local,0,local,local,0,0.5275596380233765,0.5442342758178711,0.01667463779449463,0.0010111741721630096,0.03334935009479523,0.5275596380233765,0.5442342758178711,0.28297436237335205,0.2826916575431824,0.18946604430675507,0.17307403683662415
57,S4,ComHvy,local,local,0,local,local,0,0.5345692038536072,0.5550563335418701,0.02048712968826294,0.004015432670712471,0.07115104794502258,0.5345692038536072,0.5550563335418701,0.22294893860816956,0.18737342953681946,0.24248182773590088,0.2575702369213104
57,S4,BWHvy,local,local,0,BS2,BS2,0,0.5562071800231934,0.5069206953048706,-0.049286484718322754,0.0060907029546797276,0.09857301414012909,0.5562071800231934,0.5069206953048706,0.21786732971668243,0.26032575964927673,0.22592546045780182,0.23275355994701385
57,S5,LatCrit,local,local,0,local,local,0,0.4782049059867859,0.4972699284553528,0.019065022468566895,0.0010175369679927826,0.03813004493713379,0.4782049059867859,0.4972699284553528,0.2976864278316498,0.2950822710990906,0.22410866618156433,0.20764780044555664
57,S5,ComHvy,local,local,0,local,local,0,0.45713645219802856,0.4688728451728821,0.011736392974853516,0.001103307120501995,0.038341060280799866,0.45713645219802856,0.4688728451728821,0.2241295576095581,0.20495902001857758,0.31873399019241333,0.32616811990737915
57,S5,BWHvy,local,local,0,local,local,0,0.5220577120780945,0.5222345590591431,0.00017684698104858398,6.930297240614891e-05,0.008313775062561035,0.5220577120780945,0.5222345590591431,0.22940553724765778,0.2333855926990509,0.24853673577308655,0.24437986314296722
57,S6,LatCrit,local,local,0,local,local,0,0.5416264533996582,0.5348073244094849,-0.00681912899017334,0.00010955776087939739,0.013638302683830261,0.5416264533996582,0.5348073244094849,0.2717575132846832,0.27771350741386414,0.18661601841449738,0.1874791979789734
57,S6,ComHvy,local,local,0,local,local,0,0.45704925060272217,0.4198482632637024,-0.037200987339019775,0.0034672822803258896,0.07440200448036194,0.45704925060272217,0.4198482632637024,0.2767222821712494,0.30982089042663574,0.26622843742370605,0.27033084630966187
57,S6,BWHvy,local,local,0,local,local,0,0.5056897401809692,0.5347763299942017,0.029086589813232422,0.001979684457182884,0.058173179626464844,0.5056897401809692,0.5347763299942017,0.29299965500831604,0.2834589183330536,0.2013106346130371,0.18176478147506714
57,S7,LatCrit,local,local,0,local,local,0,0.5950565338134766,0.5535379648208618,-0.041518568992614746,0.0038844626396894455,0.08303721249103546,0.5950565338134766,0.5535379648208618,0.2208850234746933,0.25302812457084656,0.18405842781066895,0.1934339702129364
57,S7,ComHvy,local,local,0,local,local,0,0.4772266149520874,0.4906073212623596,0.013380706310272217,0.0006717927753925323,0.034002795815467834,0.4772266149520874,0.4906073212623596,0.1931391954421997,0.196759894490242,0.3296341896057129,0.31263279914855957
57,S7,BWHvy,local,local,0,local,local,0,0.40569669008255005,0.38900238275527954,-0.016694307327270508,0.0016946718096733093,0.055040448904037476,0.40569669008255005,0.38900238275527954,0.27527523040771484,0.2644493281841278,0.3190280795097351,0.34654831886291504
57,S8,LatCrit,local,local,0,local,local,0,0.4684348702430725,0.4914323091506958,0.02299743890762329,0.0028402721509337425,0.06215329468250275,0.4684348702430725,0.4914323091506958,0.2421649843454361,0.2110883593559265,0.2894001305103302,0.2974793612957001
57,S8,ComHvy,local,local,0,local,local,0,0.4552711844444275,0.4752528667449951,0.019981682300567627,0.0008509615436196327,0.03996342420578003,0.4552711844444275,0.4752528667449951,0.3189118206501007,0.31067919731140137,0.2258170247077942,0.21406790614128113
57,S8,BWHvy,local,local,0,local,local,0,0.5218617916107178,0.5415003895759583,0.01963859796524048,0.003778032958507538,0.06655381619930267,0.5218617916107178,0.5415003895759583,0.276544451713562,0.29018276929855347,0.20159375667572021,0.16831685602664948
58,S1,LatCrit,local,local,0,local,local,0,0.5336651802062988,0.5296939611434937,-0.003971219062805176,0.00170951709151268,0.0438099205493927,0.5336651802062988,0.5296939611434937,0.23095621168613434,0.21302248537540436,0.23537859320640564,0.2572835683822632
58,S1,ComHvy,local,local,0,local,local,0,0.4165261387825012,0.4202307462692261,0.0037046074867248535,0.0016358662396669388,0.04705233871936798,0.4165261387825012,0.4202307462692261,0.24261991679668427,0.262441486120224,0.3408539295196533,0.3173277676105499
58,S1,BWHvy,local,local,0,local,local,0,0.5132734179496765,0.5463538765907288,0.033080458641052246,0.005999104119837284,0.08998797833919525,0.5132734179496765,0.5463538765907288,0.24628353118896484,0.20128951966762543,0.24044305086135864,0.25235655903816223
58,S2,LatCrit,local,local,0,BS2,BS2,0,0.4601845145225525,0.4274287819862366,-0.03275573253631592,0.004372898489236832,0.08631305396556854,0.4601845145225525,0.4274287819862366,0.2500079870223999,0.23960720002651215,0.28980752825737,0.33296406269073486
58,S2,ComHvy,local,local,0,local,local,0,0.5801409482955933,0.5560293793678284,-0.024111568927764893,0.0012364089488983154,0.04822316765785217,0.5801409482955933,0.5560293793678284,0.20581737160682678,0.2212011218070984,0.21404163539409637,0.22276948392391205
58,S2,BWHvy,local,local,0,local,local,0,0.4619262218475342,0.5129662752151489,0.051040053367614746,0.0059700459241867065,0.10208012163639069,0.4619262218475342,0.5129662752151489,0.30350354313850403,0.26185816526412964,0.2345702201128006,0.22517552971839905
58,S3,LatCrit,local,local,0,local,local,0,0.4827486276626587,0.4842546582221985,0.001506030559539795,1.779815647751093e-05,0.005361646413803101,0.4827486276626587,0.4842546582221985,0.2928681969642639,0.29018735885620117,0.2243831753730774,0.22555795311927795
58,S3,ComHvy,local,local,0,local,local,0,0.46713870763778687,0.4625718593597412,-0.004566848278045654,0.004030756652355194,0.06983043253421783,0.46713870763778687,0.4625718593597412,0.29304802417755127,0.2626996636390686,0.23981325328350067,0.2747284770011902
58,S3,BWHvy,local,local,0,local,local,0,0.5188437700271606,0.49973201751708984,-0.0191117525100708,0.0010746866464614868,0.0382235050201416,0.5188437700271606,0.49973201751708984,0.3054741621017456,0.3084386885166168,0.17568208277225494,0.19182930886745453
58,S4,LatCrit,local,local,0,local,local,0,0.5614264011383057,0.5583766102790833,-0.003049790859222412,0.0006104698404669762,0.02594277262687683,0.5614264011383057,0.5583766102790833,0.26468613743782043,0.27765753865242004,0.1738874316215515,0.1639658510684967
58,S4,ComHvy,local,local,0,BS2,BS2,0,0.4636295437812805,0.46096450090408325,-0.0026650428771972656,0.0007986985146999359,0.03128015995025635,0.4636295437812805,0.46096450090408325,0.20140691101551056,0.18843187391757965,0.33496353030204773,0.3506036102771759
58,S4,BWHvy,local,local,0,local,local,0,0.47859156131744385,0.4511393904685974,-0.027452170848846436,0.0015577059239149094,0.05490432679653168,0.47859156131744385,0.4511393904685974,0.22913648188114166,0.24460330605506897,0.2922719717025757,0.3042573034763336
58,S5,LatCrit,local,local,0,BS1,BS1,0,0.48207342624664307,0.5037127733230591,0.021639347076416016,0.001052208710461855,0.04327864944934845,0.48207342624664307,0.5037127733230591,0.2868671715259552,0.26966121792793274,0.23105938732624054,0.22662603855133057
58,S5,ComHvy,local,local,0,local,local,0,0.5465649366378784,0.5445396304130554,-0.002025306224822998,8.377386257052422e-05,0.010219961404800415,0.5465649366378784,0.5445396304130554,0.23898544907569885,0.23590078949928284,0.21444956958293915,0.21955956518650055
58,S5,BWHvy,local,local,0,local,local,0,0.4758123755455017,0.4772118330001831,0.0013994574546813965,7.554539479315281e-06,0.0033119916915893555,0.4758123755455017,0.4772118330001831,0.2687768340110779,0.26903337240219116,0.2554107904434204,0.25375479459762573
58,S6,LatCrit,BS1,local,1,local,local,0,0.41481631994247437,0.4247257113456726,0.009909391403198242,0.00577307865023613,0.1039397269487381,0.39320921897888184,0.4247257113456726,0.41481631994247437,0.3628464639186859,0.19197441637516022,0.2124277949333191
58,S6,ComHvy,local,local,0,local,local,0,0.5562206506729126,0.5384016036987305,-0.01781904697418213,0.0030172448605298996,0.06139640510082245,0.5562206506729126,0.5384016036987305,0.17564935982227325,0.20634755492210388,0.26813003420829773,0.25525087118148804
58,S6,BWHvy,local,local,0,local,local,0,0.4918540120124817,0.459907591342926,-0.031946420669555664,0.0026266195345669985,0.06389278173446655,0.4918540120124817,0.459907591342926,0.2563202679157257,0.2853016257286072,0.251825749874115,0.2547907531261444
58,S7,LatCrit,local,local,0,local,local,0,0.5961427688598633,0.5845168828964233,-0.011625885963439941,0.0003616083413362503,0.023251786828041077,0.5961427688598633,0.5845168828964233,0.188645139336586,0.18988865613937378,0.21521210670471191,0.22559449076652527
58,S7,ComHvy,local,local,0,local,local,0,0.4362637996673584,0.4401823878288269,0.003918588161468506,0.0007138438522815704,0.03127104043960571,0.4362637996673584,0.4401823878288269,0.2915293872356415,0.30324631929397583,0.2722068130970001,0.25657129287719727
58,S7,BWHvy,local,local,0,local,local,0,0.4916965365409851,0.48967909812927246,-0.0020174384117126465,0.002034297212958336,0.047497689723968506,0.4916965365409851,0.48967909812927246,0.257707804441452,0.23597639799118042,0.25059565901756287,0.2743445038795471
58,S8,LatCrit,local,local,0,local,local,0,0.580004870891571,0.5490076541900635,-0.03099721670150757,0.002821143716573715,0.06203986704349518,0.580004870891571,0.5490076541900635,0.19525432586669922,0.1952316164970398,0.22474078834056854,0.25576072931289673
58,S8,ComHvy,local,local,0,local,local,0,0.5430752038955688,0.543579638004303,0.0005044341087341309,6.614532321691513e-05,0.008197769522666931,0.5430752038955688,0.543579638004303,0.23998217284679413,0.24357660114765167,0.2169426530599594,0.21284374594688416
58,S8,BWHvy,local,local,0,local,local,0,0.4703911542892456,0.4843985438346863,0.014007389545440674,0.0021153371781110764,0.053515270352363586,0.4703911542892456,0.4843985438346863,0.29353055357933044,0.30628079175949097,0.23607829213142395,0.20932064950466156
59,S1,LatCrit,local,local,0,local,local,0,0.5607648491859436,0.5940154790878296,0.033250629901885986,0.00240284763276577,0.06650127470493317,0.5607648491859436,0.5940154790878296,0.1993132382631302,0.17934414744377136,0.2399219125509262,0.22664035856723785
59,S1,ComHvy,local,local,0,local,local,0,0.5138409733772278,0.5360422730445862,0.0222012996673584,0.004685152322053909,0.07629615068435669,0.5138409733772278,0.5360422730445862,0.2668297588825226,0.28277653455734253,0.21932926774024963,0.1811811923980713
59,S1,BWHvy,local,local,0,local,local,0,0.4681081175804138,0.4541740417480469,-0.013934075832366943,0.0021668067201972008,0.0585072785615921,0.4681081175804138,0.4541740417480469,0.2670114040374756,0.29626503586769104,0.2648804783821106,0.2495609074831009
59,S2,LatCrit,local,local,0,local,local,0,0.4398273229598999,0.44968175888061523,0.009854435920715332,0.00030120089650154114,0.021380841732025146,0.4398273229598999,0.44968175888061523,0.25383761525154114,0.254673570394516,0.30633506178855896,0.295644611120224
59,S2,ComHvy,local,local,0,local,local,0,0.5030611753463745,0.49218523502349854,-0.010875940322875977,0.000430760788731277,0.024747982621192932,0.5030611753463745,0.49218523502349854,0.24111144244670868,0.25348544120788574,0.2558273673057556,0.2543293237686157
59,S2,BWHvy,local,local,0,BS2,BS2,0,0.4653851389884949,0.44147294759750366,-0.02391219139099121,0.004033312201499939,0.08058929443359375,0.4653851389884949,0.44147294759750366,0.2812691032886505,0.26488664746284485,0.253345787525177,0.2936404347419739
59,S3,LatCrit,local,local,0,local,local,0,0.48695486783981323,0.46337729692459106,-0.023577570915222168,0.0013502128422260284,0.04715511202812195,0.48695486783981323,0.46337729692459106,0.25845131278038025,0.27843835949897766,0.2545938491821289,0.2581843435764313
59,S3,ComHvy,local,local,0,local,local,0,0.5313960909843445,0.5369303226470947,0.005534231662750244,0.0006001964211463928,0.02812628448009491,0.5313960909843445,0.5369303226470947,0.2517003118991852,0.23763716220855713,0.21690358221530914,0.22543248534202576
59,S3,BWHvy,local,local,0,local,local,0,0.4898742437362671,0.48173588514328003,-0.00813835859298706,0.00014853151515126228,0.01627671718597412,0.4898742437362671,0.48173588514328003,0.30726101994514465,0.3101555407047272,0.20286472141742706,0.2081085592508316
59,S4,LatCrit,local,local,0,local,local,0,0.4980207681655884,0.49473142623901367,-0.003289341926574707,5.605025216937065e-05,0.008518770337104797,0.4980207681655884,0.49473142623901367,0.20534801483154297,0.20960740745067596,0.29663118720054626,0.29566115140914917
59,S4,ComHvy,local,local,0,local,local,0,0.513222336769104,0.5434239506721497,0.030201613903045654,0.001896541565656662,0.06040316820144653,0.513222336769104,0.5434239506721497,0.19207528233528137,0.1837790608406067,0.29470232129096985,0.27279698848724365
59,S4,BWHvy,local,local,0,local,local,0,0.43827712535858154,0.4083273410797119,-0.02994978427886963,0.004411333240568638,0.08565869927406311,0.43827712535858154,0.4083273410797119,0.27324700355529785,0.3160763680934906,0.2884758412837982,0.2755962908267975
59,S5,LatCrit,local,local,0,local,local,0,0.4250742197036743,0.42241591215133667,-0.0026583075523376465,0.0003280872479081154,0.02168700098991394,0.4250742197036743,0.42241591215133667,0.2923955023288727,0.28421029448509216,0.2825303077697754,0.29337379336357117
59,S5,ComHvy,local,local,0,local,local,0,0.5493451356887817,0.5184866786003113,-0.03085845708847046,0.002130327746272087,0.06171688437461853,0.5493451356887817,0.5184866786003113,0.19757890701293945,0.2036791443824768,0.2530759871006012,0.2778341770172119
59,S5,BWHvy,local,local,0,local,local,0,0.45324617624282837,0.4512009620666504,-0.0020452141761779785,0.0026218872517347336,0.05558773875236511,0.45324617624282837,0.4512009620666504,0.2708210349082947,0.2986149489879608,0.2759327292442322,0.2501841187477112
59,S6,LatCrit,local,local,0,local,local,0,0.4964057207107544,0.5076960325241089,0.011290311813354492,0.002069796435534954,0.05490937829017639,0.4964057207107544,0.5076960325241089,0.3026454448699951,0.2751907706260681,0.2009487897157669,0.2171131819486618
59,S6,ComHvy,local,local,0,local,local,0,0.44432294368743896,0.43890416622161865,-0.0054187774658203125,0.00020487233996391296,0.018056869506835938,0.44432294368743896,0.43890416622161865,0.2876121401786804,0.28400248289108276,0.2680649161338806,0.2770933508872986
59,S6,BWHvy,local,local,0,local,local,0,0.4458112120628357,0.4405179023742676,-0.005293309688568115,0.001010056585073471,0.03792351484298706,0.4458112120628357,0.4405179023742676,0.2866365313529968,0.2729680836200714,0.2675522565841675,0.286514014005661
59,S7,LatCrit,local,local,0,local,local,0,0.5389699935913086,0.5047742128372192,-0.034195780754089355,0.002374029718339443,0.06839156150817871,0.5389699935913086,0.5047742128372192,0.22392162680625916,0.24345843493938446,0.23710836470127106,0.2517673373222351
59,S7,ComHvy,local,local,0,local,local,0,0.4427439570426941,0.458213746547699,0.015469789505004883,0.001568388193845749,0.047937244176864624,0.4427439570426941,0.458213746547699,0.2988905608654022,0.30738940834999084,0.2583654522895813,0.23439684510231018
59,S7,BWHvy,local,local,0,local,local,0,0.4891073703765869,0.47904258966445923,-0.010064780712127686,0.0003430863143876195,0.02218613028526306,0.4891073703765869,0.47904258966445923,0.253294974565506,0.2643880546092987,0.2575976252555847,0.25656935572624207
59,S8,LatCrit,local,local,0,local,local,0,0.47452497482299805,0.46873074769973755,-0.005794227123260498,0.0020485054701566696,0.05163881182670593,0.47452497482299805,0.46873074769973755,0.275217741727829,0.2551925480365753,0.25025731325149536,0.27607670426368713
59,S8,ComHvy,local,local,0,BS1,BS1,0,0.48003947734832764,0.44150489568710327,-0.038534581661224365,0.003504762426018715,0.07706916332244873,0.48003947734832764,0.44150489568710327,0.26146480441093445,0.26849043369293213,0.2584956884384155,0.2900046408176422
59,S8,BWHvy,local,local,0,local,local,0,0.57909095287323,0.5668949484825134,-0.012196004390716553,0.0014277305454015732,0.04454122483730316,0.57909095287323,0.5668949484825134,0.19407744705677032,0.1840028464794159,0.2268315851688385,0.24910220503807068
60,S1,LatCrit,local,local,0,local,local,0,0.487312912940979,0.47222352027893066,-0.01508939266204834,0.00839964672923088,0.10713715851306915,0.487312912940979,0.47222352027893066,0.22576604783535004,0.1872868537902832,0.28692102432250977,0.34048959612846375
60,S1,ComHvy,local,local,0,local,local,0,0.5287615060806274,0.49969226121902466,-0.029069244861602783,0.0030177682638168335,0.06860846281051636,0.5287615060806274,0.49969226121902466,0.21684680879116058,0.21161185204982758,0.2543916404247284,0.28869590163230896
60,S1,BWHvy,local,local,0,local,local,0,0.5184082388877869,0.5149291753768921,-0.0034790635108947754,0.0019612088799476624,0.04594305157661438,0.5184082388877869,0.5149291753768921,0.19512006640434265,0.21809160709381104,0.2864716947078705,0.26697924733161926
60,S2,LatCrit,local,local,0,local,local,0,0.46132951974868774,0.4540286064147949,-0.007300913333892822,0.0001074015162885189,0.014601826667785645,0.46132951974868774,0.4540286064147949,0.25090333819389343,0.2543661296367645,0.2877671420574188,0.29160526394844055
60,S2,ComHvy,local,local,0,BS1,BS1,0,0.44517385959625244,0.4684157967567444,0.023241937160491943,0.001214589923620224,0.04648385941982269,0.44517385959625244,0.4684157967567444,0.30284035205841064,0.2844759225845337,0.2519857585430145,0.24710826575756073
60,S2,BWHvy,local,local,0,local,local,0,0.46643173694610596,0.4767342209815979,0.010302484035491943,0.00022288458421826363,0.020605012774467468,0.46643173694610596,0.4767342209815979,0.3147425651550293,0.31023505330085754,0.21882569789886475,0.21303068101406097
60,S3,LatCrit,local,local,0,BS2,BS2,0,0.483839750289917,0.4827392101287842,-0.0011005401611328125,0.0023797787725925446,0.05038486421108246,0.483839750289917,0.4827392101287842,0.21943549811840057,0.2446279525756836,0.29672473669052124,0.2726328670978546
60,S3,ComHvy,local,local,0,BS2,BS2,0,0.46922439336776733,0.45924943685531616,-0.009974956512451172,0.00023170467466115952,0.019949868321418762,0.46922439336776733,0.45924943685531616,0.30672580003738403,0.315397709608078,0.22404982149600983,0.22535282373428345
60,S3,BWHvy,local,local,0,local,local,0,0.5397099256515503,0.5504846572875977,0.010774731636047363,0.0011121323332190514,0.036002084612846375,0.5397099256515503,0.5504846572875977,0.18991468846797943,0.17191365361213684,0.27037540078163147,0.2776017189025879
60,S4,LatCrit,local,local,0,local,local,0,0.5469331741333008,0.5726022720336914,0.025669097900390625,0.005260001868009567,0.08091191947460175,0.5469331741333008,0.5726022720336914,0.23187890648841858,0.24666574597358704,0.22118796408176422,0.18073198199272156
60,S4,ComHvy,local,local,0,local,local,0,0.4694287180900574,0.4597872495651245,-0.009641468524932861,0.0007924363017082214,0.03599978983402252,0.4694287180900574,0.4597872495651245,0.2463054209947586,0.2379469871520996,0.2842658758163452,0.3022657632827759
60,S4,BWHvy,local,local,0,BS2,local,1,0.5221062898635864,0.5356775522232056,0.01357126235961914,0.001911856234073639,0.05364908277988434,0.5221062898635864,0.5356775522232056,0.17370600998401642,0.18695929646492004,0.30418768525123596,0.2773631513118744
60,S5,LatCrit,local,local,0,local,local,0,0.46788376569747925,0.4800780415534973,0.012194275856018066,0.0005442546680569649,0.028766542673110962,0.46788376569747925,0.4800780415534973,0.2492157220840454,0.251404732465744,0.28290051221847534,0.26851725578308105
60,S5,ComHvy,local,local,0,local,local,0,0.5124685764312744,0.4787910580635071,-0.033677518367767334,0.002324923872947693,0.06735502183437347,0.5124685764312744,0.4787910580635071,0.21680045127868652,0.23567314445972443,0.27073097229003906,0.2855357825756073
60,S5,BWHvy,local,local,0,local,local,0,0.4630388021469116,0.4709778428077698,0.007939040660858154,0.00014455150812864304,0.015878096222877502,0.4630388021469116,0.4709778428077698,0.208130344748497,0.20294809341430664,0.32883086800575256,0.3260740637779236
60,S6,LatCrit,local,local,0,local,local,0,0.5294387936592102,0.5335350036621094,0.00409621000289917,0.001761673018336296,0.04247197508811951,0.5294387936592102,0.5335350036621094,0.2728124260902405,0.28995221853256226,0.19774876534938812,0.17651279270648956
60,S6,ComHvy,local,local,0,local,local,0,0.5097590684890747,0.49672645330429077,-0.013032615184783936,0.0004480009665712714,0.026065200567245483,0.5097590684890747,0.49672645330429077,0.23236733675003052,0.2438291311264038,0.25787362456321716,0.2594444155693054
60,S6,BWHvy,local,local,0,local,local,0,0.40596240758895874,0.4629088044166565,0.056946396827697754,0.011243361979722977,0.1138928085565567,0.40596240758895874,0.4629088044166565,0.37445926666259766,0.37021690607070923,0.2195783406496048,0.16687428951263428
60,S7,LatCrit,local,local,0,local,local,0,0.542378306388855,0.5195039510726929,-0.02287435531616211,0.001157844439148903,0.04574872553348541,0.542378306388855,0.5195039510726929,0.23446854948997498,0.24096491932868958,0.22315309941768646,0.23953109979629517
60,S7,ComHvy,local,local,0,BS2,BS2,0,0.48970919847488403,0.4594230055809021,-0.030286192893981934,0.0018748929724097252,0.06057238578796387,0.48970919847488403,0.4594230055809021,0.25076451897621155,0.2687281370162964,0.2595262825489044,0.2718488574028015
60,S7,BWHvy,local,local,0,local,local,0,0.5524382591247559,0.5441054105758667,-0.00833284854888916,0.00033807288855314255,0.021897047758102417,0.5524382591247559,0.5441054105758667,0.22360242903232574,0.2209867686033249,0.2239593267440796,0.234907865524292
60,S8,LatCrit,local,local,0,local,local,0,0.5000430345535278,0.4851078391075134,-0.014935195446014404,0.0005623940378427505,0.02987043559551239,0.5000430345535278,0.4851078391075134,0.2319251447916031,0.2333252727985382,0.2680318057537079,0.28156691789627075
60,S8,ComHvy,local,local,0,local,local,0,0.47155267000198364,0.5175665616989136,0.04601389169692993,0.00789446011185646,0.10758091509342194,0.47155267000198364,0.5175665616989136,0.29205721616744995,0.2382667362689972,0.2363901287317276,0.24416667222976685
60,S8,BWHvy,local,local,0,local,local,0,0.4986543655395508,0.5182321071624756,0.019577741622924805,0.002070799469947815,0.050693437457084656,0.4986543655395508,0.5182321071624756,0.2883082628250122,0.29407721757888794,0.2130374163389206,0.18769067525863647
61,S1,LatCrit,local,local,0,local,local,0,0.5189077854156494,0.5133793354034424,-0.005528450012207031,0.0018086247146129608,0.04633171856403351,0.5189077854156494,0.5133793354034424,0.26695412397384644,0.2493167519569397,0.21413804590702057,0.2373039424419403
61,S1,ComHvy,local,local,0,local,local,0,0.5321305990219116,0.5353140234947205,0.003183424472808838,0.00021333247423171997,0.016555696725845337,0.5321305990219116,0.5353140234947205,0.2320822924375534,0.23717674612998962,0.2357870638370514,0.2275092452764511
61,S1,BWHvy,local,local,0,local,local,0,0.5340747237205505,0.525068998336792,-0.009005725383758545,0.0008532898500561714,0.03424309194087982,0.5340747237205505,0.525068998336792,0.2173009216785431,0.2344224601984024,0.24862435460090637,0.2405085265636444
61,S2,LatCrit,local,local,0,local,local,0,0.522110104560852,0.5126360654830933,-0.009474039077758789,0.00021040067076683044,0.018948033452033997,0.522110104560852,0.5126360654830933,0.2610994577407837,0.26352429389953613,0.21679043769836426,0.22383959591388702
61,S2,ComHvy,local,local,0,local,local,0,0.476803183555603,0.4935697913169861,0.016766607761383057,0.0010779048316180706,0.04072098433971405,0.476803183555603,0.4935697913169861,0.2853204011917114,0.2649599015712738,0.23787643015384674,0.2414703071117401
61,S2,BWHvy,local,local,0,BS1,local,1,0.4255952835083008,0.4347909092903137,0.00919562578201294,0.0011520516127347946,0.04082459211349487,0.4255952835083008,0.4347909092903137,0.2555651366710663,0.23515284061431885,0.31883957982063293,0.33005625009536743
61,S3,LatCrit,local,local,0,BS2,BS2,0,0.5084484219551086,0.5214958786964417,0.013047456741333008,0.0006153639405965805,0.03235538303852081,0.5084484219551086,0.5214958786964417,0.17090637981891632,0.17403659224510193,0.32064521312713623,0.30446749925613403
61,S3,ComHvy,local,local,0,local,local,0,0.45661765336990356,0.4767712354660034,0.020153582096099854,0.0011708581587299705,0.04030716419219971,0.45661765336990356,0.4767712354660034,0.28455042839050293,0.26453593373298645,0.2588319182395935,0.25869283080101013
61,S3,BWHvy,local,local,0,BS1,local,1,0.5256339907646179,0.5529021620750427,0.027268171310424805,0.001502055674791336,0.05453638732433319,0.5256339907646179,0.5529021620750427,0.2182229906320572,0.2048654705286026,0.2561430335044861,0.2422323375940323
61,S4,LatCrit,local,local,0,local,local,0,0.5217658281326294,0.5061067938804626,-0.015659034252166748,0.0005694155115634203,0.0313180536031723,0.5217658281326294,0.5061067938804626,0.24468815326690674,0.2571772038936615,0.23354603350162506,0.23671600222587585
61,S4,ComHvy,local,local,0,local,local,0,0.4446338415145874,0.4393385052680969,-0.0052953362464904785,0.00021085143089294434,0.018043488264083862,0.4446338415145874,0.4393385052680969,0.3000807464122772,0.29635435342788696,0.255285382270813,0.2643071413040161
61,S4,BWHvy,local,local,0,BS1,BS1,0,0.4610973596572876,0.4732970595359802,0.012199699878692627,0.0019540637731552124,0.05504956841468811,0.4610973596572876,0.4732970595359802,0.23083551228046417,0.2461605817079544,0.3080671429634094,0.2805423438549042
61,S5,LatCrit,local,local,0,local,local,0,0.5550521612167358,0.5447218418121338,-0.01033031940460205,0.00023196497932076454,0.020660698413848877,0.5550521612167358,0.5447218418121338,0.2329852432012558,0.2364303022623062,0.21196255087852478,0.2188478708267212
61,S5,ComHvy,local,local,0,local,local,0,0.48043638467788696,0.4802406430244446,-0.0001957416534423828,0.00031739845871925354,0.018245890736579895,0.48043638467788696,0.4802406430244446,0.2343447506427765,0.22541753947734833,0.28521886467933655,0.2943418025970459
61,S5,BWHvy,local,local,0,local,local,0,0.49023330211639404,0.4775589108467102,-0.012674391269683838,0.0008216421119868755,0.03611169755458832,0.49023330211639404,0.4775589108467102,0.2616651654243469,0.2797210216522217,0.24810154736042023,0.2427200973033905
61,S6,LatCrit,local,local,0,local,local,0,0.4460293650627136,0.43312424421310425,-0.012905120849609375,0.004058562219142914,0.0784272849559784,0.4460293650627136,0.43312424421310425,0.27531370520591736,0.24900516867637634,0.278656929731369,0.317870557308197
61,S6,ComHvy,local,local,0,local,local,0,0.5416237115859985,0.5423506498336792,0.0007269382476806641,7.524620741605759e-05,0.008559226989746094,0.5416237115859985,0.5423506498336792,0.1771971583366394,0.17291754484176636,0.28117913007736206,0.28473180532455444
61,S6,BWHvy,local,local,0,local,local,0,0.4746677279472351,0.503696084022522,0.029028356075286865,0.003489611204713583,0.0691627562046051,0.4746677279472351,0.503696084022522,0.2550620138645172,0.22048062086105347,0.27027028799057007,0.27582329511642456
61,S7,LatCrit,local,local,0,local,local,0,0.5218846201896667,0.5057268738746643,-0.01615774631500244,0.0007134259212762117,0.03231549263000488,0.5218846201896667,0.5057268738746643,0.2062302827835083,0.2201361060142517,0.27188509702682495,0.274137020111084
61,S7,ComHvy,local,local,0,local,local,0,0.4764712452888489,0.4960445761680603,0.019573330879211426,0.0008843233808875084,0.03914670646190643,0.4764712452888489,0.4960445761680603,0.21970993280410767,0.20623625814914703,0.30381882190704346,0.2977191209793091
61,S7,BWHvy,local,local,0,local,local,0,0.5412297248840332,0.5321825742721558,-0.009047150611877441,0.0005389638245105743,0.02859237790107727,0.5412297248840332,0.5321825742721558,0.24875476956367493,0.26305094361305237,0.21001550555229187,0.20476645231246948
61,S8,LatCrit,local,local,0,local,local,0,0.48142993450164795,0.45655858516693115,-0.024871349334716797,0.0012602824717760086,0.049742698669433594,0.48142993450164795,0.45655858516693115,0.23491360247135162,0.24835817515850067,0.28365644812583923,0.295083224773407
61,S8,ComHvy,local,local,0,local,local,0,0.559231162071228,0.569040834903717,0.009809672832489014,0.0003378553665243089,0.02130548655986786,0.559231162071228,0.569040834903717,0.2330743968486786,0.22242166101932526,0.207694411277771,0.2085374891757965
61,S8,BWHvy,local,local,0,local,local,0,0.4408358931541443,0.45498329401016235,0.014147400856018066,0.0004070531576871872,0.028294771909713745,0.4408358931541443,0.45498329401016235,0.24925196170806885,0.24380198121070862,0.30991214513778687,0.3012147545814514
62,S1,LatCrit,local,local,0,local,local,0,0.5201478600502014,0.4912596344947815,-0.028888225555419922,0.0026719756424427032,0.06329616904258728,0.5201478600502014,0.4912596344947815,0.22583943605422974,0.22307956218719482,0.25401270389556885,0.2856607735157013
62,S1,ComHvy,local,local,0,local,BS2,1,0.45981311798095703,0.43960660696029663,-0.0202065110206604,0.0013162586838006973,0.047563329339027405,0.45981311798095703,0.43960660696029663,0.21473892033100128,0.21116378903388977,0.3254479169845581,0.3492296040058136
62,S1,BWHvy,local,local,0,local,local,0,0.526829719543457,0.5472108125686646,0.02038109302520752,0.001477426616474986,0.04096005856990814,0.526829719543457,0.5472108125686646,0.205637589097023,0.18515756726264954,0.26753267645835876,0.2676316201686859
62,S2,LatCrit,local,local,0,local,local,0,0.5227473974227905,0.5014109015464783,-0.021336495876312256,0.0010278690606355667,0.042673006653785706,0.5227473974227905,0.5014109015464783,0.24204042553901672,0.24734149873256683,0.23521217703819275,0.2512476146221161
62,S2,ComHvy,local,local,0,BS2,BS2,0,0.4096282124519348,0.4126400947570801,0.0030118823051452637,0.0009692991152405739,0.034943968057632446,0.4096282124519348,0.4126400947570801,0.24041855335235596,0.22294655442237854,0.34995323419570923,0.364413321018219
62,S2,BWHvy,local,local,0,BS1,local,1,0.47132545709609985,0.4877552390098572,0.016429781913757324,0.0005627283826470375,0.032859548926353455,0.47132545709609985,0.4877552390098572,0.2783273160457611,0.272019624710083,0.25034719705581665,0.24022512137889862
62,S3,LatCrit,local,local,0,local,local,0,0.4907485246658325,0.45754528045654297,-0.03320324420928955,0.005009423941373825,0.09656140208244324,0.4907485246658325,0.45754528045654297,0.16495539247989655,0.14987795054912567,0.34429609775543213,0.39257681369781494
62,S3,ComHvy,local,local,0,local,BS1,1,0.4169597029685974,0.4065011143684387,-0.010458588600158691,0.0006163129583001137,0.03401067852973938,0.4169597029685974,0.4065011143684387,0.3680855333805084,0.3850908577442169,0.21495480835437775,0.20840804278850555
62,S3,BWHvy,local,local,0,local,local,0,0.5531971454620361,0.5488992929458618,-0.004297852516174316,0.0004523424431681633,0.024011924862861633,0.5531971454620361,0.5488992929458618,0.20047549903392792,0.19276736676692963,0.24632738530635834,0.25833332538604736
62,S4,LatCrit,local,local,0,local,local,0,0.5016345977783203,0.5222105979919434,0.020576000213623047,0.0029791630804538727,0.062096208333969116,0.5016345977783203,0.5222105979919434,0.2743339538574219,0.2848060727119446,0.2240314483642578,0.19298335909843445
62,S4,ComHvy,local,local,0,BS2,BS2,0,0.3933250308036804,0.37363600730895996,-0.01968902349472046,0.002203920856118202,0.06348517537117004,0.3933250308036804,0.37363600730895996,0.2728036940097809,0.2607501447200775,0.3338712453842163,0.3656138479709625
62,S4,BWHvy,local,local,0,local,local,0,0.5381824970245361,0.5465172529220581,0.008334755897521973,0.0013508908450603485,0.036870986223220825,0.5381824970245361,0.5465172529220581,0.1642099916934967,0.14577454328536987,0.2976074516773224,0.3077082335948944
62,S5,LatCrit,local,local,0,local,local,0,0.5384124517440796,0.5555522441864014,0.017139792442321777,0.0006109238602221012,0.03427954018115997,0.5384124517440796,0.5555522441864014,0.24888011813163757,0.23770847916603088,0.21270741522312164,0.20673930644989014
62,S5,ComHvy,local,local,0,local,local,0,0.5782901644706726,0.5822206735610962,0.003930509090423584,0.0035970956087112427,0.05653490126132965,0.5782901644706726,0.5822206735610962,0.23711304366588593,0.2614499628543854,0.18459677696228027,0.15632930397987366
62,S5,BWHvy,local,local,0,local,local,0,0.4840196967124939,0.45848548412323,-0.025534212589263916,0.0013212934136390686,0.05106841027736664,0.4840196967124939,0.45848548412323,0.20608825981616974,0.21805110573768616,0.30989205837249756,0.32346341013908386
62,S6,LatCrit,local,local,0,local,BS1,1,0.46391761302948,0.4584020972251892,-0.0055155158042907715,0.0035012103617191315,0.06526921689510345,0.46391761302948,0.4584020972251892,0.32923784852027893,0.36187246441841125,0.20684455335140228,0.17972546815872192
62,S6,ComHvy,local,local,0,local,local,0,0.601540744304657,0.5892568826675415,-0.012283861637115479,0.002614842727780342,0.05576317012310028,0.601540744304657,0.5892568826675415,0.18865008652210236,0.2165316790342331,0.20980916917324066,0.1942114531993866
62,S6,BWHvy,local,local,0,local,local,0,0.5419737100601196,0.5511232614517212,0.009149551391601562,0.0008716695010662079,0.034296974539756775,0.5419737100601196,0.5511232614517212,0.22182680666446686,0.2298257201910019,0.2361994981765747,0.21905098855495453
62,S7,LatCrit,local,local,0,local,BS1,1,0.5279741287231445,0.5140621662139893,-0.013911962509155273,0.0005532801151275635,0.027823880314826965,0.5279741287231445,0.5140621662139893,0.24972575902938843,0.2506554424762726,0.22230014204978943,0.23528237640857697
62,S7,ComHvy,local,local,0,local,local,0,0.4770594835281372,0.45809727907180786,-0.018962204456329346,0.0012165550142526627,0.0434795618057251,0.4770594835281372,0.45809727907180786,0.24691854417324066,0.24414096772670746,0.27602195739746094,0.2977617383003235
62,S7,BWHvy,local,local,0,BS1,BS1,0,0.4780600070953369,0.4512118101119995,-0.026848196983337402,0.0022124871611595154,0.05369637906551361,0.4780600070953369,0.4512118101119995,0.2959764897823334,0.29645323753356934,0.2259635180234909,0.25233495235443115
62,S8,LatCrit,local,local,0,local,local,0,0.5417932271957397,0.5613782405853271,0.019585013389587402,0.0007780399173498154,0.03917005658149719,0.5417932271957397,0.5613782405853271,0.23014527559280396,0.22085964679718018,0.2280615270137787,0.21776211261749268
62,S8,ComHvy,local,local,0,local,local,0,0.5746614336967468,0.6000807881355286,0.02541935443878174,0.004411384463310242,0.07068827748298645,0.5746614336967468,0.6000807881355286,0.19472604990005493,0.1593819111585617,0.23061251640319824,0.24053730070590973
62,S8,BWHvy,local,local,0,BS1,local,1,0.4267256259918213,0.4545961022377014,0.027870476245880127,0.0034718364477157593,0.07363489270210266,0.4267256259918213,0.4545961022377014,0.2724633812904358,0.2814103662967682,0.30081096291542053,0.2639935314655304
63,S1,LatCrit,local,local,0,local,local,0,0.5840398073196411,0.5651565790176392,-0.018883228302001953,0.0037028007209300995,0.07271468639373779,0.5840398073196411,0.5651565790176392,0.25609245896339417,0.29244980216026306,0.15986774861812592,0.14239363372325897
63,S1,ComHvy,local,local,0,local,local,0,0.4236332178115845,0.43380308151245117,0.0101698637008667,0.00038233009399846196,0.020710930228233337,0.4236332178115845,0.43380308151245117,0.21145345270633698,0.2010979950428009,0.36491331458091736,0.3650989234447479
63,S1,BWHvy,local,local,0,local,local,0,0.40853798389434814,0.4136534333229065,0.00511544942855835,0.0032175853848457336,0.06588661670684814,0.40853798389434814,0.4136534333229065,0.28538069128990173,0.31320855021476746,0.3060813248157501,0.27313801646232605
63,S2,LatCrit,local,local,0,local,local,0,0.485954225063324,0.5371413230895996,0.051187098026275635,0.005750376731157303,0.10237419605255127,0.485954225063324,0.5371413230895996,0.24332503974437714,0.2292848527431488,0.27072077989578247,0.23357386887073517
63,S2,ComHvy,local,local,0,local,local,0,0.5247788429260254,0.5466572046279907,0.021878361701965332,0.003116961568593979,0.06018146872520447,0.5247788429260254,0.5466572046279907,0.19759424030780792,0.1675034910440445,0.27762696146965027,0.285839319229126
63,S2,BWHvy,local,local,0,local,local,0,0.49591749906539917,0.5097376704216003,0.013820171356201172,0.0007175789214670658,0.03342045843601227,0.49591749906539917,0.5097376704216003,0.28515124320983887,0.26844102144241333,0.21893125772476196,0.22182132303714752
63,S3,LatCrit,local,local,0,local,local,0,0.5033954381942749,0.5216224789619446,0.018227040767669678,0.0014557309914380312,0.041186556220054626,0.5033954381942749,0.5216224789619446,0.2024923413991928,0.1818990707397461,0.2941122353076935,0.2964784801006317
63,S3,ComHvy,local,local,0,local,local,0,0.3990081548690796,0.37936931848526,-0.01963883638381958,0.0008720047771930695,0.03927767276763916,0.3990081548690796,0.37936931848526,0.3379989564418793,0.3447539210319519,0.2629929184913635,0.2758767902851105
63,S3,BWHvy,local,local,0,local,local,0,0.4527580142021179,0.47109609842300415,0.01833808422088623,0.0016915518790483475,0.053483784198760986,0.4527580142021179,0.47109609842300415,0.3217303156852722,0.2949884235858917,0.22551168501377106,0.23391549289226532
63,S4,LatCrit,local,local,0,local,local,0,0.41912728548049927,0.38988590240478516,-0.02924138307571411,0.0025271219201385975,0.06477101147174835,0.41912728548049927,0.38988590240478516,0.3437732458114624,0.376158744096756,0.23709949851036072,0.23395536839962006
63,S4,ComHvy,local,local,0,BS2,local,1,0.4669643044471741,0.49272632598876953,0.02576202154159546,0.004653777927160263,0.08544565737247467,0.4669643044471741,0.49272632598876953,0.2343936413526535,0.251354455947876,0.29864203929901123,0.2559192180633545
63,S4,BWHvy,local,local,0,local,local,0,0.5551513433456421,0.5125471353530884,-0.04260420799255371,0.008265156298875809,0.11379639804363251,0.5551513433456421,0.5125471353530884,0.2141956388950348,0.19990165531635284,0.2306530475616455,0.28755125403404236
63,S5,LatCrit,local,local,0,local,local,0,0.5644731521606445,0.5744901895523071,0.010017037391662598,0.00020683999173343182,0.020034044981002808,0.5644731521606445,0.5744901895523071,0.2935297191143036,0.2861694395542145,0.14199712872505188,0.13934040069580078
63,S5,ComHvy,local,local,0,local,local,0,0.4543877840042114,0.4023028016090393,-0.05208498239517212,0.006222330033779144,0.10416996479034424,0.4543877840042114,0.4023028016090393,0.2891067862510681,0.33121976256370544,0.25650542974472046,0.26647743582725525
63,S5,BWHvy,local,local,0,local,local,0,0.46642982959747314,0.4593154191970825,-0.007114410400390625,0.00048797810450196266,0.02428296208381653,0.46642982959747314,0.4593154191970825,0.17746242880821228,0.18960392475128174,0.3561077117919922,0.35108065605163574
63,S6,LatCrit,local,local,0,local,BS2,1,0.44594085216522217,0.4419515132904053,-0.0039893388748168945,0.0087096206843853,0.1021948754787445,0.44594085216522217,0.4419515132904053,0.3099084198474884,0.26280033588409424,0.24415069818496704,0.2952481508255005
63,S6,ComHvy,local,local,0,local,local,0,0.5244872570037842,0.5170982480049133,-0.00738900899887085,0.001150183379650116,0.039828017354011536,0.5244872570037842,0.5170982480049133,0.20442558825016022,0.1919005811214447,0.2710871696472168,0.29100117087364197
63,S6,BWHvy,local,local,0,local,local,0,0.4976309537887573,0.487209677696228,-0.010421276092529297,0.00022029224783182144,0.0208425372838974,0.4976309537887573,0.487209677696228,0.20883344113826752,0.21229666471481323,0.29353561997413635,0.30049365758895874
63,S7,LatCrit,local,local,0,local,local,0,0.5217549204826355,0.5377747416496277,0.016019821166992188,0.000691392517182976,0.03203959763050079,0.5217549204826355,0.5377747416496277,0.27721160650253296,0.2617191970348358,0.20103342831134796,0.2005060613155365
63,S7,ComHvy,local,local,0,BS1,BS1,0,0.42780882120132446,0.4488709568977356,0.021062135696411133,0.0009798100218176842,0.04212425649166107,0.42780882120132446,0.4488709568977356,0.3412943482398987,0.32419076561927795,0.23089681565761566,0.22693827748298645
63,S7,BWHvy,BS1,BS1,0,local,BS1,1,0.4229741096496582,0.46631044149398804,0.043336331844329834,0.005831964313983917,0.09610722959041595,0.34401047229766846,0.2959568500518799,0.4229741096496582,0.46631044149398804,0.23301544785499573,0.23773272335529327
63,S8,LatCrit,local,local,0,local,local,0,0.48101508617401123,0.47584396600723267,-0.0051711201667785645,0.0034923627972602844,0.06480126082897186,0.48101508617401123,0.47584396600723267,0.29093149304389954,0.2637019753456116,0.22805343568325043,0.26045405864715576
63,S8,ComHvy,local,local,0,local,local,0,0.5553791522979736,0.5803452730178833,0.024966120719909668,0.004182867705821991,0.07218620181083679,0.5553791522979736,0.5803452730178833,0.22714099287986755,0.2382679432630539,0.2174798846244812,0.18138675391674042
63,S8,BWHvy,local,local,0,BS2,BS2,0,0.4770228862762451,0.44827592372894287,-0.028746962547302246,0.0028857216238975525,0.05972364544868469,0.4770228862762451,0.44827592372894287,0.20538055896759033,0.23524236679077148,0.31759655475616455,0.31648167967796326
